ply
format ascii 1.0
element vertex 15000
property float x
property float y
property float z
property uchar red
property uchar green
property uchar blue
end_header
277620.058836 2111102.679477 214.990413 34 139 34
277019.014074 2111396.114445 58.375572 34 139 34
276732.167929 2111195.899672 31.755143 139 69 19
276763.523130 2111081.670256 42.643732 34 139 34
276761.452389 2111405.204289 0.624054 139 69 19
277569.304936 2111065.221672 209.937490 34 139 34
277633.634253 2110659.838762 253.832383 139 69 19
277522.648763 2110807.559720 215.257234 34 139 34
276985.289904 2111123.737785 72.296056 34 139 34
276633.158330 2110875.365312 33.392019 139 69 19
277151.150573 2111597.568945 73.525161 34 139 34
277043.455453 2111180.325000 74.631197 139 69 19
276792.380800 2111671.066059 -33.486942 139 69 19
277095.155035 2110712.096152 154.201517 34 139 34
276752.954152 2111394.901392 -15.326936 34 139 34
277699.722009 2111097.429067 213.136243 34 139 34
276811.458594 2111652.527242 -38.455386 139 69 19
276927.726399 2110980.994365 72.964785 139 69 19
276818.336111 2111044.596065 31.017793 34 139 34
276925.424466 2111122.859252 67.454820 34 139 34
277602.524508 2110947.362012 220.656863 139 69 19
277070.466237 2111210.342409 60.376966 34 139 34
276968.883256 2110854.567858 103.180204 139 69 19
277254.418451 2111437.771681 97.051676 34 139 34
277224.563611 2110834.018531 140.266824 139 69 19
277658.663592 2111215.924982 202.848184 139 69 19
277646.984229 2110897.104996 227.285063 34 139 34
277098.302299 2111593.665156 48.946994 139 69 19
277138.182116 2111713.287087 43.250610 139 69 19
276976.471723 2111286.358353 49.784994 139 69 19
276662.302583 2110863.279946 21.753479 34 139 34
277042.993148 2111550.185544 51.527707 139 69 19
277136.177451 2110893.509514 138.263325 34 139 34
276889.098404 2110834.749894 80.772642 34 139 34
277771.314837 2111520.255480 203.756600 34 139 34
277519.068173 2111075.048623 193.409249 34 139 34
277595.620353 2111551.956969 172.186468 139 69 19
277403.093464 2111417.639585 162.538667 34 139 34
277145.078742 2110800.974532 136.318064 139 69 19
276803.617132 2110950.039491 50.585336 139 69 19
277003.552628 2111076.865351 92.827640 139 69 19
277651.158573 2111204.402181 198.307533 139 69 19
277449.378750 2111490.691461 145.263501 139 69 19
276944.986088 2111731.689188 -1.880161 34 139 34
277450.068343 2111541.258560 140.762665 34 139 34
277618.273149 2111186.225072 195.285370 34 139 34
277137.777871 2110687.367569 148.684409 139 69 19
276870.140717 2110810.631927 92.261397 139 69 19
277592.023252 2110738.324952 251.734597 139 69 19
276712.318025 2111011.344228 32.300722 34 139 34
277283.467465 2110747.939858 191.008005 139 69 19
276998.078558 2111647.448201 32.221525 139 69 19
277107.106128 2111437.710272 74.439501 139 69 19
277058.905222 2110986.465805 111.580779 139 69 19
276863.548943 2110755.184719 83.992115 34 139 34
277223.300501 2111294.449025 119.939280 139 69 19
277629.597010 2111270.499453 196.251295 139 69 19
277552.091352 2110694.107727 229.925650 139 69 19
276986.502074 2110939.719371 95.051729 34 139 34
277645.921410 2111045.095680 236.444415 139 69 19
277412.377224 2111284.919046 152.094828 34 139 34
277491.636673 2110623.222232 226.535241 139 69 19
276806.363638 2111376.764542 1.461091 139 69 19
276854.555594 2111161.517122 25.682047 34 139 34
276775.598987 2111558.217082 -5.845697 139 69 19
277508.109774 2110742.162262 229.779352 139 69 19
277479.815493 2110829.580107 204.693113 139 69 19
277474.808027 2110813.017871 220.873308 139 69 19
276746.738294 2111469.906595 -15.857093 139 69 19
277022.918119 2110766.409023 105.215681 139 69 19
277397.745350 2110723.317911 189.161311 34 139 34
277183.554057 2111463.181148 85.533870 34 139 34
277009.374372 2111506.242755 37.486034 139 69 19
277038.891422 2111394.787523 41.768108 139 69 19
277457.922982 2110700.132260 209.032895 34 139 34
276994.362088 2111098.372054 61.791893 34 139 34
276815.494092 2111116.191037 35.186233 139 69 19
277005.311265 2111743.286537 8.169124 34 139 34
277203.273422 2110663.607388 156.244260 139 69 19
277659.919114 2111084.204058 210.152161 139 69 19
277102.113306 2110999.891826 94.696110 139 69 19
277288.611627 2111377.982083 110.906740 34 139 34
276944.667631 2111534.027291 -3.275938 139 69 19
277133.020027 2111052.026649 102.182690 34 139 34
277072.813733 2111750.031527 43.235482 139 69 19
277171.020013 2111627.396738 56.138756 34 139 34
277653.185296 2111107.899990 227.751336 34 139 34
277560.471679 2111613.416746 158.991423 139 69 19
277344.764394 2110797.899987 177.620093 34 139 34
277593.786182 2111291.783701 170.710981 34 139 34
277100.235526 2110953.788136 96.794787 139 69 19
276852.634332 2110845.628394 58.614590 34 139 34
277648.339504 2111047.104005 210.611161 34 139 34
277407.124359 2111545.688879 118.890050 34 139 34
277350.800425 2110705.299763 190.622615 34 139 34
277219.448006 2111178.259418 134.165156 34 139 34
277427.257966 2111591.688819 94.616128 34 139 34
277632.775930 2111065.423088 197.101472 139 69 19
277352.751150 2111042.399154 161.027419 34 139 34
277439.666936 2111294.181388 173.557201 34 139 34
276992.973166 2111442.035120 45.718724 34 139 34
276897.835994 2110746.343675 98.264103 34 139 34
276857.586264 2111538.657785 13.155162 139 69 19
276774.579349 2111109.923509 29.233894 139 69 19
276826.516822 2111406.842777 4.814817 34 139 34
277349.344432 2111069.996611 160.297542 34 139 34
276973.972133 2111743.523196 9.069352 34 139 34
277114.836004 2111550.990912 43.835729 34 139 34
276645.098919 2110831.437852 25.791127 139 69 19
276842.324496 2111053.754182 39.354154 34 139 34
277107.482462 2111681.468470 29.326754 139 69 19
277322.295561 2111532.795168 105.754727 34 139 34
276826.939654 2111589.672483 -13.165449 139 69 19
277073.666934 2111052.644745 108.581895 34 139 34
277381.320920 2111043.061621 161.605818 139 69 19
277090.087443 2111591.651585 44.279887 139 69 19
277640.011585 2110783.397238 240.614212 34 139 34
276660.393899 2110826.457271 34.758517 34 139 34
277712.506023 2111567.563848 194.710890 34 139 34
277627.728370 2110820.414098 243.206665 139 69 19
277599.894560 2111526.935964 152.855369 139 69 19
277629.201392 2111276.883152 189.247736 139 69 19
277035.229042 2110955.627478 103.157428 34 139 34
276979.883629 2111682.052868 8.315410 139 69 19
276767.759593 2111418.774662 -0.688290 139 69 19
276652.766218 2110987.748435 26.351577 34 139 34
276794.485362 2110762.582507 68.748174 139 69 19
276899.143918 2111064.161712 77.262748 139 69 19
277122.514117 2111451.271740 46.302865 139 69 19
276852.950561 2111330.899484 -0.890350 34 139 34
277063.131927 2111276.165760 63.784784 34 139 34
276682.364213 2110785.144428 40.457972 34 139 34
277182.395243 2111332.012897 95.235393 34 139 34
277123.056871 2111295.086152 81.209576 34 139 34
277185.244598 2110891.993928 151.291496 34 139 34
277187.793180 2110818.629621 147.002358 34 139 34
277527.348442 2110593.048696 250.467292 34 139 34
276690.971823 2111041.515408 21.023967 139 69 19
277203.746731 2111124.657361 107.329146 139 69 19
277733.961802 2111143.032876 233.762278 34 139 34
276824.478625 2110863.834840 58.786814 34 139 34
277072.737359 2111022.642739 118.128507 139 69 19
276651.454903 2110793.979829 42.404604 139 69 19
277405.534767 2110749.035316 174.932496 139 69 19
276659.352412 2110856.942116 36.910999 34 139 34
277537.292761 2111313.098438 174.308067 34 139 34
277506.768730 2111183.204289 172.798678 139 69 19
277514.178600 2111272.802802 173.718207 34 139 34
277130.966740 2110780.760237 145.147425 139 69 19
277538.769748 2111357.777116 164.908182 34 139 34
276619.550343 2110825.657216 35.037050 34 139 34
277122.918424 2111490.007540 60.987633 139 69 19
277515.602538 2111163.425463 196.986185 139 69 19
276936.280028 2111427.297740 28.853521 139 69 19
277113.770537 2110662.238996 160.945931 139 69 19
277290.134724 2110965.336819 141.325345 34 139 34
277412.918037 2111507.609481 123.975260 34 139 34
277312.562430 2111107.744992 152.176242 34 139 34
277130.822214 2111544.508381 60.758482 139 69 19
276835.535008 2111053.430175 40.754132 139 69 19
277165.227816 2111441.066169 52.337873 139 69 19
277122.929505 2111639.660212 64.970162 34 139 34
277300.884294 2110980.427375 166.969194 139 69 19
277544.378259 2111558.773123 154.053319 34 139 34
276711.753468 2110938.722018 38.005685 34 139 34
276877.339328 2111590.715276 -3.717206 139 69 19
277742.866990 2111351.952739 212.285292 34 139 34
276849.432419 2111430.516290 11.794453 34 139 34
277053.324358 2111725.909295 16.131996 34 139 34
277503.628572 2111492.347418 142.807884 139 69 19
277474.049311 2111158.998301 182.693420 34 139 34
277003.939511 2111116.426743 94.259694 139 69 19
277503.188148 2111058.221128 174.257188 34 139 34
277273.050250 2111549.465834 87.030159 34 139 34
277067.535254 2111714.771354 41.018555 139 69 19
277190.323640 2110932.062294 123.061431 139 69 19
277401.075279 2110653.405778 198.712116 139 69 19
276892.956637 2111626.587451 2.610002 34 139 34
277347.531480 2111484.527495 113.543391 34 139 34
277260.487305 2111138.921185 128.624211 139 69 19
277436.368084 2111004.282868 198.204061 139 69 19
277139.772068 2110782.563339 137.956294 34 139 34
276827.789765 2111156.221200 39.099385 139 69 19
277742.865578 2111316.635432 208.746862 139 69 19
277087.903641 2111668.515284 35.343530 139 69 19
277233.563572 2110852.893382 161.762971 34 139 34
277091.016888 2111239.101331 70.797536 139 69 19
277279.631004 2111405.381295 77.286687 34 139 34
277604.437746 2110783.017386 231.181697 139 69 19
277504.401549 2111282.202348 172.207926 139 69 19
276671.319399 2110808.442235 41.068257 34 139 34
277653.415007 2110792.007698 252.882633 34 139 34
277534.699052 2110807.560343 227.553856 139 69 19
277039.480064 2111527.043377 53.302344 34 139 34
277602.063739 2111453.798241 154.900471 34 139 34
277526.871377 2110582.661534 235.121671 34 139 34
276682.621367 2111053.280066 15.481797 34 139 34
277714.724679 2111352.689677 212.223878 34 139 34
277389.824182 2111445.426033 152.242202 139 69 19
277373.793965 2111193.555244 159.179654 34 139 34
277170.370535 2110905.693416 148.064736 34 139 34
276845.436083 2110851.548394 69.475310 139 69 19
277067.538787 2111241.583711 92.283680 34 139 34
277424.560511 2111659.595560 114.042657 139 69 19
277469.284853 2110891.681782 219.647259 139 69 19
277451.203895 2110923.174916 186.116259 139 69 19
277401.826248 2110888.432314 170.540276 34 139 34
277791.184340 2111540.515807 178.354959 34 139 34
277029.097395 2111040.382590 87.731656 139 69 19
277296.909257 2111470.586289 99.729785 139 69 19
277459.060887 2110698.897339 226.169211 34 139 34
277061.369940 2110903.486557 119.970774 34 139 34
277592.311585 2110610.763540 260.872090 34 139 34
277628.560844 2110998.137599 225.458268 139 69 19
277172.505290 2111201.805884 104.345059 139 69 19
277154.587943 2111122.236410 94.322416 34 139 34
277476.943840 2111039.256607 207.511906 34 139 34
276833.353091 2111023.437365 40.510168 139 69 19
277121.540243 2111408.396785 76.377062 139 69 19
277241.788125 2111633.220955 74.731665 34 139 34
277379.651486 2110951.883698 182.326412 34 139 34
277015.865555 2110816.435119 97.290013 139 69 19
276750.676084 2111320.987230 10.130818 34 139 34
277610.205717 2111204.095211 213.564053 34 139 34
276949.987757 2111762.342194 3.893586 139 69 19
276866.590722 2111631.422416 -8.160601 139 69 19
277136.007454 2111521.286651 58.292968 139 69 19
277305.002817 2111541.459839 83.119492 139 69 19
276758.391543 2110737.231244 70.955670 139 69 19
277166.211798 2111525.454804 59.124610 34 139 34
276953.330514 2111638.475518 22.812358 139 69 19
276707.651794 2110898.983094 51.693339 34 139 34
277691.690522 2111017.442499 238.481757 139 69 19
277326.827354 2110764.613808 189.407899 139 69 19
277072.489469 2110840.769011 98.922696 34 139 34
277000.767387 2111215.413931 77.160069 34 139 34
276956.868071 2111600.402696 13.539254 139 69 19
276666.531537 2111006.952429 -1.402263 34 139 34
277660.806226 2111007.883396 223.440138 34 139 34
277132.853474 2111178.561694 107.750970 139 69 19
277191.403480 2111194.552542 108.082814 34 139 34
277178.754464 2110779.704803 167.355875 34 139 34
276911.299477 2110688.135473 122.623514 34 139 34
277604.037547 2110836.216338 229.945262 139 69 19
276672.164925 2111129.191410 8.697641 139 69 19
277632.445637 2111500.772529 172.563602 34 139 34
277483.413873 2110816.985847 213.938416 139 69 19
276894.164620 2111033.065844 42.884225 139 69 19
276700.386563 2110872.332370 36.423386 34 139 34
277105.781597 2111126.911300 117.475267 34 139 34
277201.997330 2111673.854688 69.640806 34 139 34
276967.814928 2111538.429407 18.134571 34 139 34
277158.033916 2110787.956985 155.797196 34 139 34
277681.427639 2111584.017436 164.409898 139 69 19
276959.726252 2111694.863432 3.966364 139 69 19
276767.027632 2111429.778045 -14.527892 34 139 34
276842.227986 2111551.640661 -4.821661 139 69 19
277061.664851 2111148.828690 86.436576 139 69 19
276933.415146 2111002.353995 52.844253 34 139 34
277305.013864 2111426.136467 111.236756 139 69 19
277567.703676 2111570.309092 150.145942 139 69 19
277335.316420 2110729.945017 189.881372 34 139 34
277046.783501 2110948.924670 97.431526 139 69 19
277201.846523 2111653.004068 58.764876 34 139 34
277618.729156 2110631.086420 243.439984 34 139 34
277049.093362 2111256.094786 57.930487 139 69 19
277355.862065 2111416.981250 114.307982 139 69 19
277083.061250 2110753.616748 132.648938 34 139 34
277363.660317 2110640.410108 200.990791 139 69 19
276749.282060 2111386.043202 -10.885960 34 139 34
276722.648241 2111202.875051 14.961425 139 69 19
277260.265461 2111619.612716 80.604165 34 139 34
277153.278860 2111346.237286 81.301371 139 69 19
276864.951516 2111376.559800 13.659255 139 69 19
277042.922954 2110705.204545 145.563627 139 69 19
277485.799959 2110983.066695 184.421143 34 139 34
277403.495531 2110788.126263 200.382650 34 139 34
277391.189285 2111150.484461 160.462267 139 69 19
277097.313114 2110758.111660 116.169895 34 139 34
277088.442310 2110676.709650 149.974089 139 69 19
276810.844799 2111350.055552 -2.079671 139 69 19
277355.262263 2110637.867955 196.367784 34 139 34
277541.716512 2111284.114882 168.112879 139 69 19
277054.954780 2110702.938962 114.459889 34 139 34
277208.980723 2111105.045481 124.339791 139 69 19
276924.280690 2111742.421354 6.359489 139 69 19
276667.884569 2110776.312830 37.440935 139 69 19
276991.623527 2110862.053366 104.469405 34 139 34
276799.148069 2111071.689750 24.088037 34 139 34
277246.514266 2110805.834300 166.453238 34 139 34
277580.832139 2110640.257324 236.429381 34 139 34
277591.007461 2111609.324193 145.568300 139 69 19
277634.680560 2110849.541502 222.667862 139 69 19
276927.861235 2111299.368860 34.775092 139 69 19
277349.764874 2111600.683866 107.982703 34 139 34
277264.325942 2111368.859971 114.665343 139 69 19
276920.988611 2111347.663031 37.279522 34 139 34
277481.848138 2111029.075200 185.502767 139 69 19
276866.294926 2111226.604261 51.288243 34 139 34
277406.581234 2111391.493383 115.971371 34 139 34
277627.291379 2111637.881764 144.741044 139 69 19
277157.040594 2111391.568554 78.608332 34 139 34
277005.948884 2111369.397739 66.375384 34 139 34
277528.521359 2110631.753105 253.914245 139 69 19
277604.300831 2110993.172211 231.198986 34 139 34
277119.982972 2111247.187923 81.192049 139 69 19
277438.746431 2110968.321613 212.646497 34 139 34
276784.341810 2110708.043397 65.488772 139 69 19
276988.614120 2111360.026840 61.552919 139 69 19
277022.031457 2111296.276894 50.729411 34 139 34
276772.848905 2110753.352546 86.916218 139 69 19
277375.470299 2111593.813422 110.926612 34 139 34
277492.911263 2111156.582768 171.949817 34 139 34
276989.065741 2111153.530104 71.612159 139 69 19
276885.604565 2111698.828861 -21.020434 34 139 34
277179.121000 2111143.721282 104.431675 139 69 19
276941.843216 2110823.908418 90.094368 34 139 34
277454.179429 2110628.545535 239.025251 139 69 19
277369.506878 2110658.229684 183.418952 139 69 19
277119.256175 2111502.220011 50.853640 34 139 34
276946.715196 2111506.287855 6.094551 139 69 19
277129.648897 2111359.950636 78.134667 139 69 19
276907.151506 2111376.915156 33.384085 34 139 34
277667.061781 2111284.139448 204.141441 34 139 34
277013.600259 2111085.133280 86.660450 139 69 19
277064.194087 2110876.876917 128.111010 34 139 34
277363.809459 2111579.103521 97.996619 139 69 19
277225.569250 2110781.335074 165.725738 139 69 19
276872.514786 2111611.215428 -16.659212 139 69 19
277647.686791 2110758.148025 247.353052 34 139 34
277142.994945 2110913.606536 130.677988 34 139 34
277069.541678 2111047.872734 79.496375 139 69 19
277452.190041 2111614.075053 112.050948 139 69 19
277200.587096 2111713.603987 59.705313 139 69 19
277536.761256 2111439.387856 160.475344 139 69 19
277165.280158 2110867.774094 137.509647 139 69 19
277276.836536 2111012.018341 144.856492 34 139 34
277307.234374 2111152.243888 137.220168 34 139 34
276983.683699 2110859.960708 109.480893 139 69 19
276801.477412 2110964.028989 50.108556 34 139 34
276822.372157 2111787.413030 -53.350911 139 69 19
276613.390592 2110850.783567 28.908854 34 139 34
277583.653212 2110636.527497 229.749919 139 69 19
276809.827094 2111443.847749 3.558737 34 139 34
276630.806784 2110945.753223 19.671964 34 139 34
277013.706793 2111100.871590 83.548709 139 69 19
277314.701986 2111497.963253 117.472864 139 69 19
276693.737682 2110979.780989 32.043242 139 69 19
276974.282029 2111236.064519 66.965579 34 139 34
277608.095942 2111055.866024 188.599553 139 69 19
277388.982018 2110837.290558 169.898560 34 139 34
276745.521428 2111053.415020 31.078562 139 69 19
277472.200108 2110645.839919 229.935646 34 139 34
276735.597976 2111183.436476 6.874254 34 139 34
277325.383748 2111360.880277 120.312523 139 69 19
276981.412609 2111507.348055 20.352004 34 139 34
277487.045543 2111525.462956 138.261437 34 139 34
277138.412151 2111349.763213 77.284792 139 69 19
277735.740858 2111302.993567 188.513606 34 139 34
277140.623975 2110678.783059 147.207418 34 139 34
276889.267638 2111726.438847 -5.998058 139 69 19
277664.084151 2111596.275283 163.933282 34 139 34
276884.559925 2111420.894881 23.178103 139 69 19
277292.194131 2111664.769120 89.863775 139 69 19
277160.263674 2111180.743945 108.863659 34 139 34
277391.530823 2111505.585375 105.727471 34 139 34
277590.788404 2111445.565643 180.988643 34 139 34
277026.400176 2111738.950452 10.257604 34 139 34
277443.207109 2110651.531314 219.512619 139 69 19
277220.325791 2111647.004016 65.612409 34 139 34
277232.890085 2111248.445959 84.103125 139 69 19
276722.314317 2110774.354709 57.746283 139 69 19
277029.691167 2110769.416733 96.276734 139 69 19
277018.625086 2111643.725686 17.574868 34 139 34
276868.452265 2111535.187468 4.767043 139 69 19
277328.313042 2111072.669807 130.930507 34 139 34
277532.765674 2111228.400919 187.117274 34 139 34
276703.126092 2110999.844983 28.502413 139 69 19
276988.353693 2111173.218454 87.877010 34 139 34
277183.694100 2110881.309679 129.330048 34 139 34
277464.021588 2110595.487913 214.907456 139 69 19
277483.727466 2111192.974570 163.232189 139 69 19
277073.730538 2111339.406901 63.625540 34 139 34
276950.453506 2110910.368944 75.338773 34 139 34
277271.898134 2111206.750962 146.052703 139 69 19
277011.610183 2111736.545136 10.970174 139 69 19
277433.168654 2111103.891453 187.084603 34 139 34
277165.149369 2110823.447945 146.142077 139 69 19
277583.378993 2111061.959526 223.208782 34 139 34
276818.660775 2111109.730818 25.090130 139 69 19
276943.188989 2111372.340244 46.478548 34 139 34
277568.857720 2111423.912721 166.011848 34 139 34
277295.186389 2110877.502733 147.455129 34 139 34
277458.204479 2111485.977498 114.756511 139 69 19
276708.579197 2111283.607609 5.998259 139 69 19
277565.998099 2111380.103560 180.467891 139 69 19
277543.148147 2111188.597579 171.297967 34 139 34
277638.085495 2110802.926239 251.557374 139 69 19
276774.207273 2110977.999627 48.175751 139 69 19
276875.734312 2110786.189851 77.797367 34 139 34
276917.359994 2111290.900392 38.500846 34 139 34
277548.758280 2111581.234084 135.948528 34 139 34
277077.769164 2111533.913539 51.827029 34 139 34
277537.519980 2110591.616930 240.874713 34 139 34
277564.401486 2111467.398867 141.679414 34 139 34
277254.028868 2111370.452992 115.156405 34 139 34
277568.588740 2110939.491340 227.535811 34 139 34
277170.474909 2111275.154371 88.710597 139 69 19
277628.504346 2111297.805255 208.081173 34 139 34
276848.927676 2111603.499126 -22.893624 34 139 34
277593.447372 2111361.119305 160.278970 139 69 19
277364.193093 2111289.824517 115.888563 34 139 34
276941.803205 2111573.708610 20.395565 34 139 34
277248.081920 2111207.076254 120.238213 34 139 34
277674.208803 2111433.200484 192.851672 139 69 19
277688.240247 2111549.470090 185.707811 139 69 19
276771.066956 2111104.789123 29.680590 34 139 34
276827.862187 2111255.361075 16.622116 139 69 19
277310.715495 2110923.794401 186.994785 34 139 34
277232.379981 2111510.513756 95.299991 139 69 19
277018.770476 2110966.173788 108.373585 34 139 34
277607.504734 2111115.506321 197.528068 139 69 19
276944.924289 2111225.889858 61.110504 139 69 19
276795.869410 2111343.692534 22.302187 139 69 19
277392.927670 2110920.796309 175.280399 139 69 19
276610.635450 2110750.310064 29.504003 139 69 19
277349.276679 2111111.189739 153.180983 34 139 34
276773.205793 2110841.497498 62.661436 139 69 19
277041.645707 2111274.164460 69.139133 139 69 19
277443.487070 2111569.752560 117.761247 139 69 19
276799.722911 2111564.692920 -19.106065 34 139 34
277395.587056 2111070.075759 169.054998 34 139 34
276658.958675 2111000.835947 37.351328 139 69 19
277688.064940 2110935.135008 231.607620 139 69 19
277362.331540 2111365.842969 127.801475 34 139 34
277221.572887 2110946.927738 112.304921 139 69 19
277100.381560 2111569.889654 77.722504 139 69 19
276736.094286 2110753.872160 56.513203 34 139 34
277185.753497 2110671.385829 160.866481 34 139 34
276683.364886 2111067.122133 23.560307 139 69 19
277120.257462 2111668.519183 31.543682 34 139 34
277627.001944 2111264.661588 184.488243 34 139 34
277747.790611 2111576.633617 186.572241 139 69 19
276802.692275 2111225.473383 22.676429 139 69 19
277308.396638 2111181.533655 155.358636 34 139 34
277501.795268 2111358.138580 153.552628 139 69 19
277041.847052 2111217.906498 78.440435 34 139 34
276994.602118 2110694.529253 145.112835 34 139 34
277627.012746 2110900.505422 241.345802 139 69 19
277224.032539 2110891.553836 134.489318 139 69 19
277167.289862 2111046.089630 121.544891 139 69 19
277607.394281 2111198.588529 200.280759 139 69 19
276690.211585 2110997.892296 21.946842 34 139 34
277222.383219 2110808.214691 145.356539 139 69 19
277291.867559 2111675.926754 75.290649 34 139 34
277604.695006 2111483.235401 159.632331 34 139 34
277591.025648 2111565.823118 145.888685 139 69 19
276789.060125 2110894.496101 63.974224 34 139 34
277726.863764 2111125.866522 221.400070 139 69 19
276916.468945 2111497.784651 24.006596 34 139 34
277395.752404 2111017.226143 158.156166 139 69 19
276673.263479 2110749.080459 40.242958 34 139 34
277173.185332 2111603.501015 75.552595 34 139 34
277590.975971 2111214.441411 178.380176 139 69 19
276972.602513 2111685.368378 -7.617809 34 139 34
276908.544293 2111726.600850 -4.645900 139 69 19
277097.991355 2110990.698802 103.291350 34 139 34
277325.056110 2111659.948043 94.606753 34 139 34
277131.551811 2111251.573556 85.279791 34 139 34
277294.322096 2111619.898908 97.111556 139 69 19
277212.555362 2111657.544439 59.417991 34 139 34
277636.795216 2110813.500164 242.187581 139 69 19
276791.360926 2111223.993052 14.522203 34 139 34
276913.125997 2110925.847245 67.271341 139 69 19
276829.906308 2111443.335286 7.263569 34 139 34
277669.285896 2111261.901020 213.672237 139 69 19
277662.207931 2111291.045930 204.327953 34 139 34
276799.601296 2110756.990771 72.289873 139 69 19
276980.888650 2111685.104100 15.924004 139 69 19
277550.333955 2111455.572470 154.625906 139 69 19
277527.827926 2111579.574923 153.756054 34 139 34
277251.861779 2110801.481938 173.164328 34 139 34
276830.223164 2111135.183020 28.901977 34 139 34
276759.629766 2111161.910925 31.846532 139 69 19
277069.309732 2110804.952910 119.323099 34 139 34
277059.538514 2111713.755086 31.676038 139 69 19
277207.929767 2111068.176963 110.703491 139 69 19
277587.112645 2110719.181320 259.349567 34 139 34
277273.173093 2111234.339953 115.026578 139 69 19
277219.749354 2111659.234181 32.414599 139 69 19
276916.229992 2111602.619406 8.446807 34 139 34
277048.006781 2110942.238309 114.277466 139 69 19
276856.232928 2111149.274196 62.710579 139 69 19
277726.077294 2111102.356829 216.459917 34 139 34
277207.950732 2111209.895051 131.615144 139 69 19
277605.932544 2110628.477738 262.007689 139 69 19
277431.455511 2111384.502222 139.168401 139 69 19
276727.491014 2111247.421481 14.843889 34 139 34
277177.959451 2111267.672063 100.054602 34 139 34
276815.979066 2111042.538809 40.637322 139 69 19
276796.799774 2111576.481861 6.333074 139 69 19
276803.910648 2111633.271325 -15.250044 139 69 19
276801.382366 2110714.120835 73.308070 34 139 34
277497.287849 2110778.485170 211.073907 139 69 19
276812.988951 2111729.197285 -35.537257 34 139 34
277204.784471 2110911.182333 153.012570 34 139 34
277270.860945 2111234.284039 126.699913 139 69 19
277534.757826 2110710.128789 245.126504 34 139 34
277698.567130 2111325.446545 216.646548 139 69 19
276997.621190 2111536.858857 41.083950 139 69 19
277269.614670 2111133.652415 132.693581 139 69 19
276995.491341 2110714.570978 111.496004 139 69 19
277423.765245 2111474.076438 152.123788 139 69 19
276814.289058 2111566.095741 -25.793665 139 69 19
277781.615716 2111414.618454 204.414847 34 139 34
277187.216135 2111272.989261 91.179898 139 69 19
277285.090286 2111672.864856 82.361822 139 69 19
276877.319363 2111078.516264 81.827857 139 69 19
277679.613210 2111568.856332 177.741751 139 69 19
277044.582593 2111335.892784 49.548942 139 69 19
277488.223070 2110716.800343 214.111526 34 139 34
277602.447872 2111390.099696 171.516535 139 69 19
277534.783060 2110859.813751 202.958936 139 69 19
277143.308680 2110942.267374 122.395944 34 139 34
277011.713872 2111593.244186 34.308086 139 69 19
277612.730745 2111581.503136 179.518070 139 69 19
277469.412446 2110972.742854 201.724169 34 139 34
277353.312026 2111416.862292 114.654080 139 69 19
276859.792443 2111723.212778 -17.898813 34 139 34
277402.410742 2111548.814882 136.200144 34 139 34
277564.167458 2110952.189312 220.034533 139 69 19
276843.885413 2111368.519834 34.187134 139 69 19
277600.063423 2111504.156852 173.371239 139 69 19
277262.017957 2110794.554102 172.070160 139 69 19
277420.550658 2111220.781222 162.468412 34 139 34
277071.154988 2111285.093252 76.551580 139 69 19
276891.420342 2111221.108955 39.911087 34 139 34
276806.377160 2111334.640996 10.704558 34 139 34
277411.786929 2110814.140368 191.231149 34 139 34
277340.994529 2110715.479736 200.713243 139 69 19
276765.914228 2111198.987854 30.983149 139 69 19
277160.973190 2111350.983271 84.139807 139 69 19
277254.858003 2111070.607464 135.202610 139 69 19
277392.429023 2111021.455802 181.847789 34 139 34
277044.098360 2110853.130820 112.717941 139 69 19
277752.224765 2111438.294464 207.732725 34 139 34
277120.241126 2111055.927612 111.603445 34 139 34
277566.109876 2111081.189694 207.213741 34 139 34
276932.066881 2111025.084299 62.873160 139 69 19
276631.299510 2110773.451174 31.817517 34 139 34
277454.524254 2111108.354541 165.985196 34 139 34
277558.878295 2111069.119083 202.329083 139 69 19
276770.685989 2111513.680753 -23.691540 139 69 19
277187.561238 2110669.286248 165.210594 34 139 34
277462.546096 2111507.588727 130.241142 139 69 19
277461.525135 2110717.610887 209.305681 139 69 19
277026.548223 2110712.807968 112.259167 139 69 19
276904.479322 2111651.863166 10.119808 34 139 34
277409.186709 2110995.846759 159.504414 139 69 19
277439.503568 2110971.703571 159.743338 139 69 19
277477.172147 2111638.922771 122.727789 34 139 34
277056.287941 2111171.794702 81.068365 139 69 19
277045.531231 2111722.552551 10.167136 139 69 19
277596.059644 2111078.842783 212.397213 139 69 19
277064.094622 2111164.203561 61.390488 139 69 19
277240.731744 2111304.778251 111.100863 34 139 34
277321.279072 2110964.063063 153.739810 34 139 34
277286.519931 2110884.467510 170.456726 34 139 34
277006.749579 2110982.438167 71.599422 139 69 19
277480.010606 2110599.326663 238.415481 34 139 34
276805.340574 2111424.414436 9.772676 34 139 34
277561.646175 2111532.864267 145.069207 34 139 34
277405.128131 2110638.060189 226.743797 34 139 34
276981.590152 2111036.221239 85.081197 34 139 34
277638.100542 2111213.571403 184.824898 34 139 34
277417.130239 2111356.172808 116.536594 34 139 34
277606.715841 2111353.899606 176.638018 139 69 19
277358.564390 2110846.313642 186.680355 34 139 34
276984.180232 2111693.762507 0.391742 139 69 19
277114.955133 2111638.810492 45.414082 139 69 19
277649.564190 2111516.017548 178.519204 139 69 19
277026.100586 2110992.028974 100.166680 139 69 19
277487.540884 2111271.425646 167.289792 34 139 34
277616.520944 2111304.816743 201.590774 139 69 19
277187.797772 2110709.462761 167.810325 34 139 34
276961.072342 2111555.895019 36.103393 34 139 34
277372.267524 2111674.797679 82.682830 34 139 34
277632.660657 2110747.085244 245.487705 34 139 34
276883.703728 2111248.779353 47.915572 139 69 19
276839.392218 2110844.828990 59.295639 34 139 34
277309.729577 2111269.656669 112.984955 34 139 34
277017.265094 2110704.449146 96.662667 139 69 19
277092.508307 2110920.046780 110.218085 34 139 34
277453.885472 2110776.696403 216.087652 34 139 34
277502.608715 2111259.799510 160.440407 34 139 34
277301.641298 2111029.318998 137.050142 139 69 19
277208.682881 2110657.986899 154.998477 34 139 34
277267.616649 2110843.257745 159.328136 34 139 34
276912.065872 2111623.798348 10.390439 139 69 19
277594.384262 2110673.577688 236.311579 139 69 19
276967.251710 2111562.351337 6.783167 139 69 19
277351.091537 2110968.758772 178.958226 139 69 19
276897.936477 2111157.433887 38.358020 139 69 19
276922.703440 2110897.380918 82.284767 139 69 19
276721.066013 2111081.197079 5.320833 139 69 19
276790.995520 2111142.321947 28.684689 139 69 19
277246.107469 2111446.624607 96.241367 34 139 34
276760.925902 2110957.807891 46.059464 34 139 34
277559.794720 2111246.133227 170.613369 139 69 19
277164.952751 2111230.749536 131.015482 34 139 34
276695.332658 2110751.224642 49.061708 139 69 19
276955.537228 2111453.070747 37.214289 139 69 19
277109.485024 2110910.058637 119.799121 139 69 19
277175.308136 2111066.598833 128.030400 139 69 19
277104.800603 2111733.343701 30.862178 34 139 34
277310.720348 2111682.208941 93.421046 34 139 34
277525.599848 2111098.098095 184.715956 139 69 19
277429.078179 2110769.154127 215.173350 34 139 34
277363.196935 2111471.809139 111.721913 34 139 34
277326.012276 2111278.544509 118.275906 139 69 19
276601.269559 2110765.997780 27.821450 139 69 19
277117.965982 2111406.730197 55.567049 139 69 19
277206.691405 2111242.781107 140.509622 139 69 19
276758.173818 2111011.326164 33.160730 139 69 19
276885.177824 2111108.172894 64.165449 34 139 34
277324.612432 2111412.695604 105.741445 139 69 19
277589.187582 2111411.835272 180.299847 34 139 34
277358.283337 2111261.801559 123.110832 139 69 19
277363.120005 2111533.304162 112.539338 34 139 34
276692.083927 2111166.714896 23.319374 34 139 34
277252.170742 2111101.204806 134.496143 139 69 19
277234.169608 2110857.535248 172.622143 34 139 34
277588.878019 2111641.767485 150.029837 34 139 34
277515.067035 2111284.405050 149.527986 34 139 34
276968.558735 2110778.499102 101.976678 139 69 19
277429.159030 2111068.886985 184.347794 34 139 34
276780.203651 2111416.561642 -18.139931 139 69 19
277099.468476 2111563.600138 61.093172 139 69 19
276830.179671 2111060.783486 45.514756 139 69 19
277159.174869 2111042.009672 131.923995 34 139 34
277554.646959 2110967.961813 213.878026 139 69 19
277413.305420 2110697.934306 199.829771 34 139 34
276801.739495 2111631.484033 -32.047490 34 139 34
277598.369170 2110899.192997 211.041061 139 69 19
277349.808873 2110897.374347 153.364502 139 69 19
277124.203010 2110903.665717 124.326368 139 69 19
276846.430196 2111358.043398 10.962107 139 69 19
277615.025459 2111283.155789 198.298340 34 139 34
277177.409955 2110746.703449 176.282158 34 139 34
277526.493777 2111196.697367 188.577227 139 69 19
276989.191592 2111286.436234 55.897681 139 69 19
277236.671923 2111588.215947 71.719130 34 139 34
277395.609083 2111347.484313 140.464912 34 139 34
277507.571027 2110886.949889 211.261691 34 139 34
277274.014629 2111136.879764 140.958434 34 139 34
277369.811756 2110937.426415 193.153697 139 69 19
277050.525225 2110743.620137 137.010055 34 139 34
277299.562311 2110947.785491 163.025799 34 139 34
277599.546530 2111050.016356 230.579651 139 69 19
277700.296452 2111548.374250 193.030160 34 139 34
277717.774604 2111453.604834 200.488008 34 139 34
277030.519709 2111167.948425 88.634074 139 69 19
277351.953953 2111456.656207 106.149644 139 69 19
277453.044176 2111234.595834 149.984955 139 69 19
276989.953076 2110769.720369 122.066503 139 69 19
277416.373848 2110655.448594 223.828945 34 139 34
277579.353696 2110763.424308 228.056686 139 69 19
276979.108731 2111063.038292 100.075546 139 69 19
276752.837053 2110980.977914 54.914226 34 139 34
277168.682295 2111531.135246 77.369647 34 139 34
277587.088050 2111457.248362 155.822104 139 69 19
277325.148919 2111077.946405 146.225287 139 69 19
277253.546229 2110903.102028 143.824480 139 69 19
276879.437801 2111046.714173 47.918287 34 139 34
276914.659907 2111103.645189 36.753907 34 139 34
277399.727419 2111136.556533 152.341338 34 139 34
277688.791057 2111463.069047 190.335607 34 139 34
277612.127991 2111336.545262 192.536572 139 69 19
276622.631692 2110766.327346 45.574811 34 139 34
277146.071284 2111065.491519 113.355287 139 69 19
276976.683638 2111453.972646 41.752642 139 69 19
276745.669082 2111356.303919 -1.289532 34 139 34
277457.642917 2110986.862970 212.040060 34 139 34
277192.137078 2111454.187751 76.052657 34 139 34
276962.427937 2111118.334992 80.743215 139 69 19
277115.336986 2111250.190540 76.728605 34 139 34
277520.067109 2111662.215107 109.701911 34 139 34
277048.761446 2111031.398362 93.485530 139 69 19
277416.526584 2110824.243992 201.880086 139 69 19
277303.387646 2111255.273229 128.509100 139 69 19
277307.158550 2111374.541915 118.065148 34 139 34
277305.862870 2110953.015822 164.706905 34 139 34
277761.404881 2111380.583765 210.066019 139 69 19
277406.987503 2110643.440435 217.458398 34 139 34
277124.315075 2111309.467867 87.481724 34 139 34
277098.560492 2110773.413499 125.243259 34 139 34
276862.439608 2111219.377711 28.817652 34 139 34
276954.007184 2110706.496422 103.573879 139 69 19
277169.108400 2110896.468913 144.054715 139 69 19
277089.132963 2111715.437591 21.365885 139 69 19
277692.472816 2111615.416316 165.526302 139 69 19
276732.331464 2111332.555682 -13.078646 34 139 34
277179.251008 2110881.822119 156.360740 34 139 34
277163.474892 2111322.611786 94.068663 139 69 19
277674.551664 2111196.330940 223.341866 139 69 19
276949.729508 2110747.689271 106.937467 34 139 34
277711.230153 2111505.465769 193.044956 34 139 34
277654.983198 2110755.447605 269.477893 139 69 19
277386.334086 2111459.355286 118.578013 34 139 34
277298.317537 2111665.698773 70.689503 139 69 19
277087.616978 2111305.229065 79.622413 139 69 19
277489.291456 2110616.870463 254.992015 34 139 34
277143.675944 2110989.157772 116.692625 139 69 19
277093.884572 2110985.323484 104.508545 34 139 34
277237.358605 2111319.156051 119.239461 139 69 19
276726.787707 2110863.075876 37.052699 34 139 34
276873.370519 2111043.515147 69.780626 34 139 34
276877.110098 2111255.650936 48.878766 34 139 34
276799.177153 2111586.102793 -20.708273 34 139 34
277597.416527 2111178.005436 188.561873 139 69 19
276934.568681 2110879.296449 80.827370 34 139 34
276658.822554 2110978.916211 12.546481 139 69 19
277284.999658 2111541.775439 88.255551 34 139 34
277584.746183 2111234.465564 177.242880 34 139 34
276765.675771 2110996.994554 36.258731 139 69 19
277672.405761 2111491.407317 167.795973 139 69 19
277769.349368 2111436.082756 200.934874 34 139 34
277400.320901 2110676.393118 229.121791 34 139 34
276922.196903 2110712.520854 101.937553 34 139 34
277230.694749 2111152.335165 125.202179 34 139 34
276987.124899 2111553.423320 38.559129 34 139 34
276752.999621 2111341.388779 8.820175 139 69 19
277075.678043 2110798.271478 123.625441 34 139 34
276709.026016 2110837.284225 44.462419 139 69 19
277584.683585 2110822.206514 222.755006 34 139 34
277252.653942 2110979.397146 147.936608 139 69 19
277576.936392 2110837.788387 228.257231 34 139 34
277322.386704 2110658.410110 185.299190 34 139 34
277785.449533 2111497.956703 204.660299 34 139 34
277596.050760 2110985.940046 226.707991 34 139 34
277575.692566 2111396.287001 165.890318 139 69 19
277460.924468 2111334.243583 140.873854 34 139 34
277429.994720 2111237.043161 146.383347 139 69 19
277644.108360 2111363.206781 201.801986 34 139 34
276818.952163 2111089.402272 61.023250 34 139 34
277351.965413 2111206.434321 127.686213 34 139 34
276989.690142 2111151.088678 92.100427 139 69 19
277436.561065 2110777.511587 206.059406 34 139 34
277019.159376 2111119.022659 74.855318 34 139 34
277072.667511 2110993.493186 105.035256 139 69 19
277379.302350 2111497.080315 124.736373 34 139 34
277362.770923 2111246.113588 134.264723 139 69 19
276989.371155 2110773.366351 97.005336 139 69 19
277252.436226 2111184.652932 138.349499 139 69 19
277126.774831 2111454.983763 64.828471 34 139 34
277328.585635 2111485.050663 102.706998 139 69 19
277334.411265 2111513.211210 97.958563 139 69 19
277335.154212 2110964.218382 174.366725 139 69 19
277022.517082 2110792.859548 99.638053 139 69 19
276991.140298 2110691.657456 103.849377 34 139 34
277443.510588 2110770.231691 196.057623 139 69 19
276810.403279 2111715.923206 -22.801043 139 69 19
277541.584499 2111397.861048 159.083190 139 69 19
277251.164303 2111561.857264 81.976879 139 69 19
277589.299507 2111644.037758 150.407803 34 139 34
277464.017744 2110672.640279 221.881877 139 69 19
277248.670342 2110893.935277 159.333761 139 69 19
277462.362369 2111226.759702 160.694984 139 69 19
277775.846672 2111585.984024 189.918761 139 69 19
276918.061529 2111300.025605 52.676089 34 139 34
277029.207809 2111150.878553 81.636175 34 139 34
277521.501881 2111002.508606 219.839225 34 139 34
277036.764659 2111557.930347 33.309600 34 139 34
277546.798796 2111061.354773 190.131349 139 69 19
276776.506303 2111411.795651 -10.900900 34 139 34
276699.050527 2111121.343358 -8.547753 34 139 34
277191.348860 2111157.724421 112.559881 34 139 34
276721.937118 2110999.556353 17.994383 34 139 34
277460.851122 2111581.514319 121.846257 34 139 34
277318.978504 2111298.588338 111.596362 34 139 34
276982.881015 2111392.560387 45.195180 34 139 34
277355.726553 2110664.527113 191.897318 34 139 34
276789.856186 2111342.878025 19.774227 139 69 19
277549.821262 2111161.768570 203.251821 34 139 34
277706.884216 2111548.918085 172.631199 34 139 34
277102.064631 2111539.702599 63.203872 34 139 34
277155.840522 2110849.284675 154.597325 34 139 34
277202.259487 2110969.572203 110.015143 34 139 34
276909.820549 2111231.995423 43.049841 139 69 19
277236.464282 2111091.877264 105.022157 139 69 19
276989.552965 2111237.759988 53.054072 139 69 19
277085.283395 2111255.212939 69.918357 139 69 19
277277.981807 2110839.052111 159.919836 34 139 34
277026.238079 2110692.277325 139.900167 34 139 34
277568.744776 2110590.473836 228.788501 139 69 19
276796.871861 2111010.490343 45.973351 139 69 19
277529.909901 2111556.521092 143.853594 34 139 34
277095.973279 2111457.833079 83.355124 34 139 34
277071.076464 2111016.550931 109.408687 139 69 19
277571.329263 2110905.022506 228.542178 34 139 34
277073.115767 2110874.532452 122.874714 34 139 34
276908.311460 2111068.254970 75.181028 139 69 19
277025.090615 2111633.987373 26.082386 34 139 34
277611.818175 2110916.950191 220.542503 139 69 19
277381.345344 2111113.098896 156.865859 139 69 19
276921.418180 2110938.778880 95.946146 34 139 34
277013.835953 2111076.017021 108.126534 139 69 19
277499.282692 2111140.853218 179.252839 34 139 34
277032.649231 2111218.346677 59.152876 34 139 34
276799.074026 2110991.874004 38.497348 139 69 19
277359.530433 2111595.582932 91.970622 139 69 19
277406.624156 2110877.952820 177.585801 34 139 34
277143.163104 2110664.395655 168.055613 139 69 19
277281.801750 2111188.632659 114.045782 34 139 34
277604.675595 2110772.488072 261.841088 34 139 34
277531.815154 2111145.090524 186.364663 34 139 34
277654.874827 2111489.734166 176.186403 34 139 34
277067.284884 2110781.840449 134.179141 34 139 34
277265.512851 2110754.538726 150.315004 139 69 19
276997.218858 2110712.646486 104.529217 34 139 34
277308.172274 2110619.220131 187.828013 34 139 34
277223.090200 2111570.601448 75.781224 34 139 34
277488.868618 2111334.097679 158.359096 139 69 19
277334.090833 2111385.607276 106.602361 34 139 34
277324.500408 2110715.877301 184.181523 34 139 34
277643.878429 2111402.318759 177.051490 139 69 19
277094.393958 2111557.378287 62.948487 139 69 19
277692.998553 2111050.736047 256.645847 34 139 34
277263.947979 2111257.723567 100.271016 34 139 34
277442.994068 2110886.023330 174.294851 34 139 34
277281.295707 2111669.661675 66.994165 34 139 34
277457.339193 2110832.484419 217.125221 139 69 19
276861.299080 2111546.830616 -10.048609 34 139 34
276908.192058 2111308.543403 58.264875 139 69 19
276684.825458 2111191.699546 -13.983135 34 139 34
277530.744301 2110869.595614 216.493678 34 139 34
277431.865016 2111405.953248 142.776955 34 139 34
277583.411961 2110848.201406 229.717075 139 69 19
277313.541938 2111597.750548 82.151323 34 139 34
276756.157939 2111580.287637 -20.873194 34 139 34
277098.495862 2110812.117186 135.999517 139 69 19
276811.687454 2111239.049890 15.010347 34 139 34
277536.392727 2111223.783534 170.916243 139 69 19
277658.333913 2110874.001015 237.998054 139 69 19
277577.927471 2110741.797621 228.998480 139 69 19
277028.495999 2111175.841486 89.840229 139 69 19
277572.821606 2110707.414231 232.325680 139 69 19
277699.954601 2111534.415734 189.946761 139 69 19
277295.049903 2110617.021637 180.466754 34 139 34
276750.106235 2110713.500983 64.631497 139 69 19
276811.153455 2111059.747465 27.790671 139 69 19
277484.464259 2110724.748609 244.549683 139 69 19
277437.242536 2111051.100797 164.193094 139 69 19
276819.985817 2111090.286941 38.549547 34 139 34
277020.225752 2111063.746739 74.626558 139 69 19
276635.560597 2110844.179973 36.595052 34 139 34
276850.492710 2111629.492704 -9.247605 34 139 34
276857.464371 2111619.733113 -1.344542 139 69 19
277688.745695 2111290.830256 209.589438 34 139 34
277459.700997 2111117.511434 176.658137 139 69 19
277304.904388 2111435.416397 111.216610 139 69 19
276634.409999 2111010.770018 31.875524 139 69 19
277661.830363 2111375.268077 169.974284 34 139 34
277314.276864 2111293.277071 141.888690 34 139 34
276955.371782 2111094.610097 73.785607 139 69 19
277637.539524 2111074.526712 237.365160 139 69 19
277078.603274 2110911.132449 105.592730 34 139 34
276946.491139 2111673.304651 -4.015397 139 69 19
277760.181230 2111245.510767 201.540691 139 69 19
276882.374937 2111271.451849 43.076287 34 139 34
276831.335198 2111273.142798 25.537096 34 139 34
277484.061694 2110763.696648 219.964767 34 139 34
277393.954266 2111401.260696 135.124241 34 139 34
277411.352077 2110635.438676 207.249063 139 69 19
277317.969251 2110744.475978 196.018751 139 69 19
277511.695037 2110768.146169 215.543100 34 139 34
277244.747503 2111354.793607 102.575456 34 139 34
277779.723495 2111384.072380 211.469459 139 69 19
277157.766063 2111542.337647 71.280894 139 69 19
277337.463270 2111213.846704 133.059620 34 139 34
276844.889101 2111688.848636 -1.016911 34 139 34
276823.853280 2111433.732691 11.600033 34 139 34
277004.259083 2111504.859844 17.354699 139 69 19
277264.983717 2110981.810343 142.733701 139 69 19
277460.437529 2111218.671382 146.574540 34 139 34
277548.612275 2111370.592041 153.679114 139 69 19
277165.347309 2110800.691026 167.780142 139 69 19
276623.606640 2110753.506974 45.207764 139 69 19
276877.902248 2110831.271382 66.791161 34 139 34
277302.974099 2111056.408026 126.150754 34 139 34
276729.534430 2111071.625682 20.541196 139 69 19
277302.968667 2110744.102471 173.876911 139 69 19
277233.353371 2111558.838298 81.073529 139 69 19
276966.512621 2110773.271903 116.817449 34 139 34
277260.359830 2111426.072077 88.666700 139 69 19
276864.328579 2110888.042360 77.937204 139 69 19
277403.691859 2111219.668104 147.063156 139 69 19
276977.268399 2111694.222701 5.308985 139 69 19
277036.117599 2110752.201474 137.402502 139 69 19
277647.096087 2110956.333550 238.717591 139 69 19
277131.032877 2111357.602841 57.536519 139 69 19
277112.129767 2111086.416440 118.127478 139 69 19
277265.878885 2111406.575506 95.989367 139 69 19
277344.129569 2110832.061543 184.751837 34 139 34
276927.831319 2111176.272303 47.806213 34 139 34
276899.006927 2111186.937931 51.738409 139 69 19
277090.417145 2110785.422933 152.312472 34 139 34
277709.146094 2111488.685981 148.737382 139 69 19
277598.170492 2111442.603180 171.403562 34 139 34
277746.126358 2111605.972800 180.189443 139 69 19
276672.352604 2111000.920089 7.438052 139 69 19
277015.424908 2110969.917613 104.109966 139 69 19
277326.864098 2111447.369700 119.059630 34 139 34
277570.152932 2111036.723673 200.703655 139 69 19
276977.648756 2111198.477646 61.982804 139 69 19
277423.550440 2110661.298146 224.714858 139 69 19
276792.161529 2111727.545003 -42.117976 139 69 19
276776.635509 2111669.670315 -14.370915 139 69 19
276613.685226 2110815.993815 52.361682 139 69 19
277071.461395 2111053.566523 90.751214 139 69 19
277303.071049 2110676.457706 178.539082 139 69 19
277166.459724 2111014.648019 117.433824 34 139 34
277647.609059 2111445.333123 178.591025 139 69 19
277281.198377 2110699.082912 189.374087 139 69 19
277413.780520 2110790.878455 178.976918 139 69 19
277298.225975 2110854.793268 169.353133 139 69 19
277526.937129 2110998.495612 193.037665 34 139 34
277342.660326 2110766.766106 186.094859 139 69 19
277581.637884 2111546.537018 150.701539 34 139 34
276950.479790 2110709.514067 90.401781 34 139 34
276829.150281 2111281.269153 54.937865 34 139 34
276940.763176 2111733.781504 11.996113 34 139 34
276789.024418 2111577.786624 -24.542243 139 69 19
277303.426057 2111019.751254 149.876162 34 139 34
276671.912354 2110760.861600 41.712483 34 139 34
277069.754433 2111321.747684 89.290653 139 69 19
277067.189571 2111377.294482 62.081006 34 139 34
277653.754925 2111310.897107 165.699581 34 139 34
276893.584094 2111524.363485 15.374379 139 69 19
277361.756121 2110968.365274 163.999599 139 69 19
277049.604189 2110978.882169 103.893719 34 139 34
276648.057118 2110819.254756 28.664282 139 69 19
276817.066013 2111038.849513 56.473222 34 139 34
277456.129344 2111420.790796 135.751275 34 139 34
276774.823799 2111147.515074 34.343066 34 139 34
277405.379196 2111652.156250 100.237339 34 139 34
277124.615761 2111653.160785 54.954393 34 139 34
277170.039354 2111119.168042 114.623234 34 139 34
277417.062639 2110806.570744 191.015394 139 69 19
277495.477332 2111202.459943 171.221041 139 69 19
277267.612047 2111041.952578 144.676575 34 139 34
276828.362329 2111717.172551 -25.629351 139 69 19
277470.273262 2111603.622289 131.136503 34 139 34
276801.696629 2111458.428854 4.374189 139 69 19
277096.635591 2111297.601202 94.111405 139 69 19
277088.962685 2111095.109153 106.621458 34 139 34
276756.582615 2111033.144153 43.690158 34 139 34
277009.890127 2111639.088078 33.164733 34 139 34
276752.470794 2110741.075738 77.267532 34 139 34
277108.532402 2111146.494181 91.785427 139 69 19
277529.192192 2111312.974023 183.179023 139 69 19
277116.497027 2111360.138145 70.832778 139 69 19
277178.663378 2111046.219195 117.410922 139 69 19
277325.018233 2110655.132571 191.930724 34 139 34
277548.354074 2110729.236111 240.266661 34 139 34
277240.832758 2110866.543520 159.445617 34 139 34
276775.437753 2110979.302969 52.987370 34 139 34
277062.608419 2111073.440002 94.319218 34 139 34
277158.065818 2110998.517127 112.492016 139 69 19
277445.075470 2110920.545616 213.537379 139 69 19
277247.342481 2111601.003596 78.659435 34 139 34
277099.938783 2110718.046993 120.304028 34 139 34
277292.801938 2110865.781965 160.595678 34 139 34
277351.656965 2111238.944805 153.545350 34 139 34
276654.537734 2110799.856395 19.322086 34 139 34
277107.232455 2111094.966339 91.465286 34 139 34
277261.291401 2110998.591611 144.028333 139 69 19
277438.535085 2111019.513692 212.499812 139 69 19
277157.695855 2111640.780711 59.254491 34 139 34
277394.112588 2110683.410925 201.212003 34 139 34
276804.413139 2111199.189279 47.648041 34 139 34
276786.727613 2111309.656745 9.735465 139 69 19
276976.057153 2111749.140868 6.660944 139 69 19
277139.982262 2110858.657367 144.708844 139 69 19
277823.324738 2111605.618398 196.121815 34 139 34
276779.822307 2111420.906538 28.008006 34 139 34
277394.839620 2111075.073453 173.729513 34 139 34
277130.857933 2110986.516499 126.517726 139 69 19
276953.504353 2110934.140957 92.639497 34 139 34
277173.899184 2110936.749391 149.180469 34 139 34
277280.645512 2111059.902867 144.161666 139 69 19
277536.608397 2110748.502332 218.180619 34 139 34
277148.488117 2110982.852849 135.293876 34 139 34
277249.299188 2110756.572415 151.654130 34 139 34
277462.192651 2110900.323058 203.193252 34 139 34
276818.986728 2111770.998756 -29.400857 139 69 19
276882.526313 2110805.602669 92.052218 139 69 19
276930.086125 2111522.545609 -10.958138 34 139 34
277531.413672 2111410.078902 146.143898 34 139 34
276937.865589 2111336.730593 42.779378 139 69 19
277139.819370 2110858.746891 147.730522 34 139 34
277349.169615 2110692.693126 212.225503 139 69 19
277720.632500 2111610.396158 179.695042 34 139 34
276833.791253 2111727.260233 -24.533326 34 139 34
277436.448296 2111192.171247 133.288027 139 69 19
276739.795554 2111201.884414 27.869114 34 139 34
277379.326995 2111260.269212 142.360381 34 139 34
277152.382965 2111271.430124 68.770482 139 69 19
276652.635783 2110808.044517 50.792495 34 139 34
277266.790506 2111611.631752 92.023712 139 69 19
276783.039039 2110791.076996 63.655266 139 69 19
276666.924998 2110995.280963 18.244557 34 139 34
276722.305621 2111087.432830 30.161949 34 139 34
277704.760522 2111105.608634 230.849051 139 69 19
277338.907296 2110764.581682 184.958916 34 139 34
277248.178816 2111643.810619 63.823013 34 139 34
277667.813277 2110801.358323 228.260178 34 139 34
277280.309157 2111615.861502 76.502341 34 139 34
276711.742907 2111267.040934 -6.595506 139 69 19
276849.732763 2110866.552751 68.534984 34 139 34
276796.058462 2111789.965977 -33.219543 139 69 19
277418.893969 2111332.911988 129.390670 139 69 19
277483.159402 2110892.915381 190.323153 139 69 19
277112.227267 2111266.897450 91.352552 34 139 34
277633.963764 2110706.992036 261.795875 139 69 19
277331.875867 2111452.835502 108.058044 139 69 19
277433.852631 2111225.174265 138.649419 34 139 34
277136.021819 2110784.290920 111.989391 139 69 19
277014.678671 2110975.396145 100.676979 34 139 34
277750.846461 2111483.345248 183.803043 34 139 34
277545.337327 2111340.791609 177.784324 139 69 19
277291.236619 2111288.535895 97.202065 34 139 34
276998.645212 2110865.119415 92.517047 139 69 19
277266.015045 2111618.857189 79.354520 34 139 34
276927.340335 2111175.620376 46.906103 139 69 19
277533.616535 2110855.213778 216.732013 34 139 34
277035.425028 2111340.891948 48.983037 139 69 19
276641.047324 2110866.586419 31.328811 34 139 34
277178.080649 2111653.617303 63.737172 139 69 19
277233.406262 2111420.511772 89.482351 34 139 34
276695.263131 2111120.833237 15.214286 34 139 34
277641.767747 2111348.623391 190.138031 139 69 19
276950.902101 2111533.808723 33.142241 34 139 34
277537.967217 2111236.331812 179.550785 34 139 34
276744.902547 2111518.938201 -29.998513 34 139 34
276953.706057 2111030.750443 73.005639 34 139 34
277312.320070 2110824.662983 185.040293 34 139 34
277509.492852 2111527.484188 138.693797 34 139 34
277322.661923 2110807.438856 168.587851 34 139 34
276740.788059 2111067.538539 37.703568 34 139 34
277130.220462 2111429.894716 76.491355 34 139 34
277696.730499 2111586.993736 169.952128 34 139 34
277187.204844 2111322.244279 98.089155 34 139 34
276700.170163 2111220.746952 -10.664145 139 69 19
276863.400768 2111205.673577 27.834342 34 139 34
277585.301458 2110987.400429 225.877330 34 139 34
277084.918683 2111038.915977 113.217657 34 139 34
277162.881232 2111304.940010 74.734231 34 139 34
277397.517835 2111678.548269 114.533881 139 69 19
277449.738542 2111276.708719 146.285651 139 69 19
277299.001761 2110966.182175 161.003816 139 69 19
277307.480938 2111303.938642 125.978388 34 139 34
277566.272646 2111171.273158 201.316991 139 69 19
277610.824349 2110583.072937 263.227623 34 139 34
276826.328795 2111278.116063 22.743586 34 139 34
277480.042588 2111183.703103 166.499788 34 139 34
277590.881184 2111623.745770 139.737487 139 69 19
277461.850123 2110821.136538 206.832954 139 69 19
276711.838845 2110868.763557 60.337144 34 139 34
277182.270983 2110805.559957 147.762369 34 139 34
276933.343133 2111487.196236 9.991377 139 69 19
276922.162154 2110963.457560 90.659292 139 69 19
276984.971631 2110818.784218 89.216500 34 139 34
277348.916992 2111519.098884 116.754947 139 69 19
277522.164837 2111069.668393 184.903594 139 69 19
277493.676539 2110761.722319 216.990541 34 139 34
277193.585456 2111624.235836 58.242151 139 69 19
277230.788871 2111209.227101 115.313250 34 139 34
277659.308746 2111219.591077 202.304955 139 69 19
277217.615564 2111231.002765 109.737945 34 139 34
276874.013646 2110900.775444 73.762358 34 139 34
277076.396974 2110957.537830 96.323012 139 69 19
277125.368705 2110979.941345 113.937589 139 69 19
277391.162209 2111571.068694 61.187393 139 69 19
277702.561890 2111593.186380 172.460174 139 69 19
277180.247112 2111395.376571 100.333501 34 139 34
277420.652308 2110955.221855 155.936734 139 69 19
276914.639400 2111122.262747 42.014066 34 139 34
277472.845307 2111518.753444 121.768320 139 69 19
277516.385219 2111120.432665 191.627535 34 139 34
277094.359578 2111352.998316 73.956572 139 69 19
277756.396470 2111306.093185 235.132049 34 139 34
277413.821025 2111143.380195 164.612649 34 139 34
277340.175771 2111540.084995 92.228849 139 69 19
276874.173353 2111256.492043 36.617727 34 139 34
277588.013018 2110880.846280 222.405060 34 139 34
277095.280039 2111375.563470 42.505016 34 139 34
276843.736705 2111553.116151 -8.829729 34 139 34
277532.390925 2110947.088720 214.158586 34 139 34
276918.312900 2111464.321576 14.532697 34 139 34
276857.233540 2111001.466046 27.797078 34 139 34
277367.396543 2110815.239283 183.887715 34 139 34
277253.398094 2111515.448303 71.150366 34 139 34
276967.692067 2111147.662325 64.763248 34 139 34
277435.489931 2111622.086496 121.611146 139 69 19
277245.528150 2111326.524969 121.035965 34 139 34
276746.719503 2111523.609375 -23.742257 34 139 34
277354.114321 2111348.505072 126.944700 139 69 19
277083.763322 2111410.015407 65.821391 34 139 34
277184.806076 2110865.729221 141.861871 139 69 19
277068.833676 2111542.720336 40.301093 34 139 34
277289.096051 2111186.278501 123.915543 139 69 19
277649.048338 2111244.299194 198.879989 34 139 34
276873.881142 2111703.027318 -5.868159 139 69 19
277217.568678 2111348.016037 94.391886 34 139 34
277261.206488 2111707.675263 67.793267 139 69 19
277696.091095 2111298.646809 222.266651 139 69 19
277396.488815 2110962.827926 196.500363 139 69 19
277637.347105 2111013.511148 220.876186 34 139 34
277663.100472 2111559.925056 165.276496 34 139 34
277275.515599 2111674.512222 88.948729 139 69 19
277677.954874 2111222.621783 205.847475 34 139 34
277238.670836 2110942.732685 141.008580 34 139 34
277058.792401 2111676.998053 24.615930 139 69 19
277007.902585 2111507.758401 52.187983 139 69 19
277181.254748 2111082.355999 104.176481 34 139 34
277122.262458 2110755.919604 167.766393 139 69 19
277028.192716 2111008.312568 98.962991 34 139 34
277085.572728 2111212.510154 73.480887 139 69 19
277267.084194 2111127.239420 148.220966 139 69 19
276791.630168 2111715.176350 -56.164264 139 69 19
276935.244952 2110860.726570 109.926708 34 139 34
277632.196781 2111141.138052 201.064215 34 139 34
276999.667968 2110745.901552 102.565614 139 69 19
276698.195452 2110853.186690 19.862329 34 139 34
276871.825114 2111271.394223 33.783025 139 69 19
277631.992652 2110975.277891 219.654131 139 69 19
277454.139433 2111670.474329 110.407068 34 139 34
277262.304518 2110883.595228 140.893492 34 139 34
277082.059573 2110678.781725 125.568112 139 69 19
276891.371755 2110987.931216 62.753869 34 139 34
276891.283231 2110945.253231 81.332162 34 139 34
277660.081778 2111288.168544 186.343032 34 139 34
277788.224146 2111420.125608 210.869973 34 139 34
277378.763881 2111154.934944 142.107071 139 69 19
276787.913550 2111302.431012 2.488466 34 139 34
277170.363947 2111389.980967 73.955484 34 139 34
276870.510904 2111332.480801 20.917565 139 69 19
276927.361507 2111693.492096 -6.117303 34 139 34
276844.154868 2111747.981461 -19.643248 139 69 19
277019.733232 2111662.702151 16.809143 139 69 19
277523.019195 2111616.228887 135.183067 34 139 34
277500.706836 2111001.311326 196.242263 34 139 34
277202.917983 2111111.640054 130.318969 139 69 19
276989.128147 2111075.692660 97.545157 139 69 19
276676.810217 2110811.166714 37.786791 139 69 19
276902.136069 2110898.300915 94.879026 139 69 19
277469.897405 2110836.607503 208.309630 34 139 34
276825.760060 2110971.623376 49.089916 34 139 34
276787.570649 2111632.204001 -25.209041 34 139 34
277602.283394 2110767.055060 236.794732 34 139 34
277738.624728 2111196.052758 208.125066 34 139 34
277490.872520 2110686.487070 215.004488 139 69 19
277584.104230 2110810.064162 242.051434 34 139 34
277564.592270 2110736.778313 222.614735 34 139 34
277580.427688 2110931.295676 224.719391 139 69 19
277482.798826 2111210.611410 182.966178 139 69 19
276866.401978 2110947.070316 68.823597 139 69 19
276796.353970 2111173.386201 30.056405 139 69 19
277760.973140 2111607.477535 165.166444 139 69 19
276945.212620 2111003.302654 95.341384 139 69 19
276844.818951 2110981.841467 73.421222 139 69 19
276791.547800 2111755.761160 -41.308756 34 139 34
277271.862849 2111110.067262 117.897816 139 69 19
277422.347131 2110601.980423 229.979850 34 139 34
276650.009495 2111050.897739 8.670679 34 139 34
277251.571354 2110954.825591 135.411622 139 69 19
277671.855873 2111123.457050 235.682694 34 139 34
277713.896948 2111524.049381 186.442702 139 69 19
276729.113607 2110835.444764 35.935032 34 139 34
277025.540649 2111014.324589 94.507508 139 69 19
277317.509192 2111372.275682 119.463795 139 69 19
277161.043237 2111387.565397 85.098511 34 139 34
277121.815079 2110753.674471 133.262499 34 139 34
277122.614565 2111050.145772 121.073514 139 69 19
276850.906408 2111773.359375 -31.134252 34 139 34
277589.881260 2111072.013569 212.561345 139 69 19
277783.074037 2111464.794129 217.594450 34 139 34
277165.310469 2111069.835415 127.488200 139 69 19
277664.934409 2110976.245448 227.778084 34 139 34
277646.087943 2111484.543904 182.219776 139 69 19
276800.490575 2111559.902820 -20.386303 34 139 34
277671.230604 2111423.317208 185.666663 34 139 34
277084.994366 2111638.971157 40.799974 139 69 19
277662.359684 2111356.075412 215.385682 34 139 34
277167.054334 2111326.308301 96.604264 139 69 19
277571.445695 2111013.903285 211.683017 34 139 34
276737.474495 2111028.212283 17.712240 34 139 34
277411.838897 2110949.637965 169.419967 139 69 19
277447.325002 2110610.874582 222.294420 139 69 19
277130.947631 2111620.405917 50.943996 34 139 34
276842.515428 2111785.652579 -24.864892 34 139 34
277449.401237 2111419.179154 162.907688 34 139 34
276877.156510 2110760.150477 97.453650 139 69 19
277771.974884 2111347.752508 209.557647 34 139 34
277495.441652 2111267.200555 147.764550 34 139 34
277010.947086 2111072.439080 103.755775 139 69 19
277112.033191 2111284.863987 69.015032 34 139 34
276786.906015 2111158.026733 46.381213 34 139 34
276995.508693 2111562.943669 18.347706 34 139 34
277737.745588 2111489.738761 195.717461 139 69 19
277323.460959 2111697.656107 78.076323 34 139 34
277281.186720 2111327.058910 120.011677 34 139 34
277507.539090 2111246.933818 161.796102 139 69 19
277528.019881 2110720.289344 226.537365 34 139 34
276849.965597 2111602.136437 -9.370261 34 139 34
277075.609201 2111534.329294 47.865767 139 69 19
277285.234626 2111058.612119 134.775475 34 139 34
277314.284698 2111498.633291 109.263219 139 69 19
277760.215538 2111406.229946 194.017065 139 69 19
276963.573781 2110953.398752 94.070589 34 139 34
277512.601583 2111176.417684 190.145017 34 139 34
276927.529520 2110931.852664 80.363962 139 69 19
276811.604651 2111286.083055 28.167267 34 139 34
277271.724395 2111257.998012 120.297492 34 139 34
276952.012178 2110825.555387 121.547619 34 139 34
276970.437850 2110866.093655 86.990344 34 139 34
277161.767981 2110645.004161 162.532302 139 69 19
277467.540951 2110774.035660 216.013605 139 69 19
277383.032651 2110914.084262 186.221766 139 69 19
277342.984290 2111174.196507 156.613235 139 69 19
277478.246004 2111643.424887 113.619967 139 69 19
277198.275037 2110899.606992 153.957756 139 69 19
276776.904550 2110959.067945 53.306907 34 139 34
277124.220344 2111090.640286 122.570851 34 139 34
277113.354189 2110648.869908 157.543642 34 139 34
277588.844148 2110618.166347 254.014936 139 69 19
277130.400732 2110965.407744 122.229221 139 69 19
277724.189651 2111411.314190 213.752667 34 139 34
277313.028258 2110951.972075 163.468312 139 69 19
276778.800687 2111247.969745 21.271822 34 139 34
276723.716769 2111285.459025 -2.117675 34 139 34
277336.817496 2110804.679504 189.559771 139 69 19
277707.037513 2111559.996292 173.861651 139 69 19
276995.446759 2111196.328783 87.216950 34 139 34
277631.885242 2110743.586931 252.650198 139 69 19
277662.262519 2111292.074490 183.418117 34 139 34
276989.869726 2111560.020644 39.963949 139 69 19
276815.076592 2111081.545223 34.505356 139 69 19
276744.152187 2110989.825881 23.458690 34 139 34
276815.860510 2111757.446464 -17.468259 34 139 34
277390.995371 2110641.971672 213.070540 34 139 34
276803.670205 2111445.250905 19.321142 34 139 34
277197.584590 2111343.434759 98.944557 139 69 19
277053.553254 2110929.434657 111.896683 139 69 19
277108.906820 2111387.357216 38.397894 139 69 19
277057.473290 2111519.457625 44.039215 139 69 19
277341.110074 2111626.151119 95.098576 139 69 19
277450.343043 2110924.104280 191.032003 34 139 34
277003.623254 2110845.817046 106.640598 139 69 19
277235.901294 2111394.001528 86.628529 34 139 34
276681.497345 2111165.559988 -4.471416 139 69 19
276914.012138 2111754.263367 -13.748750 34 139 34
277429.796800 2111140.451742 137.954797 34 139 34
277359.709961 2111417.936154 109.345068 139 69 19
277084.628449 2111404.149057 66.901431 139 69 19
277315.920278 2111061.959972 140.899697 34 139 34
277142.051556 2110821.660301 118.184226 34 139 34
277257.435530 2111045.719864 120.251712 34 139 34
277221.042857 2111511.272127 73.892189 139 69 19
276833.453539 2111288.518179 15.121916 139 69 19
276822.812176 2111684.141589 -28.658784 139 69 19
276637.712680 2110796.383551 21.680306 139 69 19
277238.179937 2110797.544229 152.033301 139 69 19
277609.217874 2110727.499513 260.930920 34 139 34
276740.998504 2110728.185777 52.837023 139 69 19
277192.123672 2110685.078897 166.541896 139 69 19
276943.551270 2110858.807566 101.021511 34 139 34
277791.992946 2111435.944565 199.297895 34 139 34
276910.709406 2110849.650377 90.074247 139 69 19
277395.148397 2110827.918761 180.367757 34 139 34
277642.804034 2110705.635974 250.092802 139 69 19
276782.142866 2111655.403843 -28.750102 139 69 19
276961.955363 2111170.927334 64.958028 139 69 19
277614.994126 2110967.254066 228.043039 34 139 34
277071.085540 2111650.435252 59.090497 34 139 34
276705.021760 2111070.650998 4.306349 139 69 19
277235.082711 2111646.006226 52.037322 34 139 34
276824.737174 2111347.158867 8.832095 139 69 19
277128.082055 2111311.920129 76.193671 34 139 34
277377.519190 2110920.084829 149.902910 34 139 34
277244.672669 2111079.187614 116.966011 139 69 19
277634.668574 2111386.253374 158.831703 139 69 19
277024.610166 2111066.140754 97.702399 139 69 19
277455.460713 2110897.532300 185.829510 34 139 34
277274.462661 2111631.002607 69.959697 34 139 34
277149.335767 2111533.072654 65.506273 34 139 34
277011.340927 2111193.577854 59.293076 34 139 34
277492.249941 2111479.213222 147.933095 139 69 19
277820.546589 2111584.771635 213.091468 139 69 19
276992.728186 2110756.668281 112.673637 34 139 34
277662.981573 2111025.477836 216.842330 34 139 34
277067.338148 2111545.028551 50.097928 34 139 34
277546.223671 2111048.869931 207.887237 34 139 34
277635.220582 2111014.928912 215.554357 34 139 34
277751.551084 2111541.389328 187.561731 34 139 34
277449.414132 2111011.023839 198.878617 139 69 19
277493.838583 2111376.496816 167.314912 34 139 34
277092.027410 2111289.313621 73.886713 139 69 19
277180.817869 2111487.754759 81.855675 34 139 34
277731.356524 2111343.765533 217.595220 34 139 34
277117.775037 2111397.929006 66.876972 139 69 19
277589.775520 2110603.331452 267.277953 139 69 19
277253.194555 2111001.260656 130.835509 34 139 34
277436.692933 2111338.776378 144.476564 139 69 19
276758.732471 2111568.404704 -31.345918 139 69 19
277435.385920 2111368.765032 141.686165 139 69 19
277445.136691 2111183.071489 176.220775 139 69 19
277574.232869 2111208.848227 176.399344 34 139 34
277440.334468 2111473.936455 120.999678 34 139 34
277449.730636 2111543.105308 125.134832 34 139 34
277232.614038 2111128.145604 113.831801 34 139 34
276888.065226 2110923.657516 70.427740 139 69 19
276911.528367 2110941.799796 70.021046 34 139 34
276832.544349 2111435.557303 12.199672 139 69 19
277322.503115 2111691.455194 87.393145 34 139 34
277223.184200 2111002.857958 125.644537 139 69 19
276785.628982 2110714.249073 66.759131 34 139 34
277536.819389 2111446.096229 157.734136 139 69 19
277497.626496 2111312.582103 156.267082 34 139 34
277695.804260 2111387.506007 189.255123 34 139 34
277151.642107 2111426.353671 70.516489 34 139 34
276832.155241 2111221.394374 41.235762 34 139 34
276969.640242 2110860.555795 87.670654 139 69 19
277653.532735 2110931.504292 242.720420 139 69 19
277790.197486 2111511.597248 220.655041 34 139 34
277755.493332 2111389.364469 206.767011 139 69 19
276950.383470 2111272.877834 37.813346 139 69 19
276819.839226 2111121.217341 36.874317 139 69 19
276840.068390 2110832.820641 73.751305 34 139 34
277125.324336 2110902.439046 140.356046 139 69 19
277459.059535 2111451.039684 139.824783 34 139 34
277727.520166 2111547.625713 193.619957 34 139 34
277402.639284 2111370.549985 125.335836 139 69 19
276833.986926 2110942.551282 61.446435 139 69 19
277171.394080 2111284.369633 94.065129 139 69 19
276908.984897 2111505.630732 39.149918 34 139 34
277018.369768 2111599.563529 25.105181 34 139 34
277585.740889 2111618.562621 146.773787 34 139 34
277513.087221 2111466.267910 134.199354 139 69 19
276895.983420 2110906.042129 84.887004 34 139 34
277265.213709 2110674.681175 172.442874 139 69 19
277590.117039 2110705.373417 242.254861 139 69 19
276965.986957 2111609.438182 23.577516 139 69 19
277270.859865 2110636.348184 176.883537 34 139 34
277593.270883 2110811.584817 253.608863 34 139 34
277234.849233 2111404.156915 110.133809 34 139 34
277606.694732 2111038.769785 199.456236 139 69 19
277521.255819 2110810.815184 210.585729 139 69 19
276863.884594 2111118.857239 51.648832 34 139 34
277269.497655 2111314.994755 108.459786 139 69 19
277134.104722 2111492.330062 77.555349 139 69 19
277521.605315 2110572.439095 217.074969 34 139 34
277689.198111 2111623.714465 155.852708 34 139 34
277577.215731 2111231.176693 170.301820 139 69 19
277453.249111 2110780.717981 208.198148 139 69 19
277705.460173 2111287.639453 198.609412 34 139 34
277609.139290 2110871.790810 207.777758 34 139 34
277284.364531 2110917.295689 151.991848 139 69 19
277172.646918 2111563.113246 64.111715 34 139 34
277326.616946 2111474.690371 119.830493 34 139 34
277634.710711 2111114.963969 204.968607 34 139 34
277200.371544 2111361.108187 113.615953 34 139 34
277355.693857 2110943.523448 183.373720 34 139 34
277538.049126 2111275.821781 177.653271 139 69 19
276990.944272 2111326.603785 67.397155 34 139 34
277523.934765 2110647.396813 230.793108 34 139 34
277326.947699 2111212.750990 127.681032 139 69 19
276867.389132 2111176.944192 33.615948 139 69 19
277105.728693 2110878.978451 113.093818 139 69 19
277554.562403 2110935.378370 205.718326 139 69 19
277578.237933 2111114.048561 202.447100 139 69 19
276946.163811 2111313.660186 45.360827 139 69 19
276939.620703 2111264.457436 26.646208 34 139 34
277322.486555 2111039.614789 174.837436 139 69 19
277269.613120 2111420.539691 106.246536 34 139 34
277157.254606 2110732.735800 133.761442 34 139 34
277508.332753 2110778.071486 224.974980 139 69 19
277669.428550 2111148.583082 236.773954 34 139 34
277166.952244 2111249.379433 121.902513 139 69 19
276695.376304 2110880.694772 41.883773 139 69 19
277513.037890 2110719.848520 235.025040 34 139 34
276742.008363 2110833.153693 56.392630 34 139 34
277510.354040 2110706.139579 241.090996 139 69 19
276921.364670 2110853.393587 95.639655 139 69 19
276841.871378 2111394.487695 35.298956 139 69 19
277602.447016 2111616.779038 159.028572 34 139 34
277653.267123 2111133.400270 222.242920 139 69 19
276721.418741 2111166.283274 14.190750 34 139 34
276639.569259 2110873.614316 32.181780 34 139 34
276793.780902 2111014.927335 36.901455 139 69 19
276853.281512 2111140.263550 33.179027 139 69 19
277443.187534 2111475.801175 133.217006 34 139 34
276862.025435 2111485.088779 18.818567 139 69 19
277603.443365 2111503.211453 164.942739 34 139 34
276729.182517 2111313.871991 1.403857 139 69 19
276850.888624 2110833.966244 73.526903 34 139 34
276764.715058 2111242.170259 12.244918 139 69 19
277166.397625 2110689.678508 152.184499 34 139 34
277268.280840 2111545.572751 90.560661 34 139 34
277170.794203 2110789.239360 173.085308 139 69 19
277254.125537 2110776.662315 160.925044 139 69 19
277631.419415 2110950.173956 233.816372 34 139 34
276858.901704 2110745.371915 88.696022 34 139 34
277528.363849 2111177.521490 181.451519 34 139 34
276760.651442 2111123.209024 40.629272 34 139 34
277497.274539 2111522.540179 131.711823 34 139 34
276943.858145 2111006.129346 83.009855 139 69 19
277240.114394 2111552.976079 98.636786 139 69 19
276857.493387 2111434.673716 7.302920 139 69 19
277460.049716 2110946.459624 176.553341 34 139 34
277450.162601 2110689.663849 227.986601 34 139 34
277629.654299 2111254.628598 203.312795 34 139 34
276613.821818 2110892.089739 25.031750 34 139 34
276704.508917 2110845.749789 32.118990 34 139 34
277457.393578 2111435.568408 144.793159 34 139 34
277558.709009 2111318.746427 180.582204 139 69 19
277292.400612 2111521.732697 93.205377 139 69 19
277212.039490 2111499.574580 76.586228 34 139 34
277359.225126 2110900.989035 162.607424 139 69 19
277659.544419 2111121.294741 217.507603 139 69 19
277030.000847 2111060.176286 73.555247 139 69 19
277414.528137 2111340.584260 119.564156 34 139 34
277093.417869 2111346.798712 69.870719 34 139 34
276644.798993 2110929.914855 9.049141 34 139 34
276785.464903 2111215.382989 6.216109 34 139 34
277179.781613 2111372.055289 73.468117 34 139 34
277721.291275 2111603.401445 173.856202 139 69 19
277394.977103 2111672.756803 101.485980 34 139 34
277610.417278 2111478.445965 155.856023 139 69 19
276844.838413 2111114.778156 48.722968 139 69 19
277260.434652 2111312.565408 124.603074 34 139 34
276796.303696 2111285.458170 3.186479 34 139 34
277699.958707 2111415.975683 195.251528 139 69 19
276966.378903 2110835.503762 107.765315 34 139 34
277367.917860 2111429.974551 96.290331 34 139 34
276664.028930 2110963.377781 38.319735 34 139 34
276874.704202 2111737.188636 -13.188760 139 69 19
277600.973145 2110802.901508 244.811605 34 139 34
277655.255737 2110745.272636 252.883200 139 69 19
277618.266772 2111629.235659 133.736693 34 139 34
277679.541274 2111433.037831 184.765959 139 69 19
276939.977688 2111593.378017 5.421106 34 139 34
277093.677349 2110761.725125 120.951635 139 69 19
276844.984743 2111040.242212 47.649163 139 69 19
277030.016761 2110799.247527 119.284759 34 139 34
276993.480433 2111582.663615 3.424619 139 69 19
277363.724652 2111056.327025 156.487817 34 139 34
277077.134392 2110684.647001 133.343286 34 139 34
277118.379004 2110882.667912 137.331222 139 69 19
277087.415803 2110661.510061 140.601179 139 69 19
276753.622875 2111486.527645 -9.827541 34 139 34
277250.069442 2110687.514350 172.539583 34 139 34
277557.911098 2110979.581794 193.313149 139 69 19
277348.854561 2111312.688697 153.593469 139 69 19
276853.874923 2111182.270094 31.604882 139 69 19
276662.949008 2111112.489920 8.140517 139 69 19
277183.859522 2110912.580231 146.518922 139 69 19
276653.322632 2110950.715709 52.894319 34 139 34
277586.051376 2111163.944962 181.626215 34 139 34
276771.745844 2110805.742510 56.235819 139 69 19
277652.015856 2111068.524386 202.264042 34 139 34
277333.336091 2111672.089543 116.142994 139 69 19
277361.233949 2111672.891831 98.869415 34 139 34
276638.030355 2110750.697949 38.258497 139 69 19
276668.810511 2110839.190308 39.471253 34 139 34
277747.157345 2111625.477276 199.389905 139 69 19
276799.665585 2110780.450120 58.121129 139 69 19
277604.695147 2110632.504396 252.853490 34 139 34
277630.580066 2111380.653500 179.276249 34 139 34
276893.236555 2110826.214388 82.809064 139 69 19
277458.746465 2110692.779804 208.987333 139 69 19
276962.902418 2111462.417655 12.424135 34 139 34
277089.646406 2111475.618817 47.941577 34 139 34
277032.885745 2111333.744861 69.004950 139 69 19
277404.183714 2111503.662223 127.893179 34 139 34
276918.298505 2111003.904509 49.099729 34 139 34
276952.900904 2111589.704339 15.953067 139 69 19
277128.047375 2111207.761320 100.483036 34 139 34
277596.155146 2110822.045941 214.074304 139 69 19
276765.068129 2111247.872401 -10.388806 139 69 19
277028.765168 2110904.394214 95.186367 34 139 34
277641.731753 2111384.978888 184.996850 139 69 19
277143.031317 2111573.293942 76.648424 139 69 19
277420.841807 2110828.260724 182.739430 139 69 19
276786.331309 2111565.571862 2.743836 34 139 34
276705.045345 2111068.652545 31.134556 34 139 34
277081.162788 2111386.087742 71.109998 34 139 34
277614.517826 2110558.293444 281.198438 34 139 34
276893.309589 2110907.100806 71.058168 34 139 34
276727.377773 2110726.513495 63.005826 34 139 34
276816.853708 2111461.396950 12.076363 139 69 19
276998.250140 2111566.532256 29.879933 34 139 34
276874.689489 2111349.201630 24.789281 139 69 19
277202.656496 2110771.116241 157.360161 139 69 19
277113.440708 2110916.310021 150.363078 34 139 34
277218.377365 2111237.427075 92.483934 139 69 19
277481.313972 2111080.654589 188.997997 139 69 19
276698.907943 2111305.890999 1.438420 139 69 19
276963.106152 2111233.528087 80.865763 34 139 34
276718.042883 2110948.029066 22.023876 34 139 34
277260.026627 2111096.159418 157.831125 34 139 34
276841.778449 2110899.693880 86.831750 34 139 34
276717.250791 2110847.862286 46.497065 34 139 34
277741.609053 2111288.911932 208.500598 34 139 34
277594.427891 2110836.758093 226.092501 139 69 19
277251.439818 2111547.614874 102.431692 34 139 34
277496.052086 2111506.470533 156.880057 34 139 34
277255.088349 2111594.094750 79.244196 139 69 19
277383.803765 2111677.051253 94.929688 139 69 19
277431.800828 2110907.975321 164.855332 34 139 34
276988.184324 2111107.093452 73.235151 139 69 19
276921.725268 2111429.035598 44.165636 34 139 34
277270.964713 2110634.404382 174.361805 139 69 19
276953.829962 2110680.029797 110.029715 139 69 19
277213.300954 2111484.241700 83.547575 139 69 19
277696.924092 2111255.185960 218.828915 139 69 19
277301.265818 2110858.750420 141.348533 139 69 19
276714.021610 2110998.492344 29.776995 139 69 19
276800.565368 2110850.460399 67.743908 139 69 19
277412.926595 2110633.848386 237.296064 34 139 34
277435.516283 2111050.868306 174.831099 34 139 34
276881.517800 2111042.649304 64.732071 139 69 19
276934.525738 2110708.915172 103.157545 34 139 34
277105.267581 2111387.764910 71.421556 139 69 19
276926.391967 2111239.015645 19.500009 34 139 34
277281.930465 2111354.878015 110.491148 139 69 19
276941.167281 2111473.874591 18.090786 34 139 34
277383.789927 2110691.025505 177.569977 34 139 34
277264.029052 2111083.259242 140.817650 34 139 34
277679.078233 2111402.232720 176.301384 34 139 34
277318.328642 2111029.888028 151.943916 34 139 34
277661.738019 2111262.311141 192.023420 139 69 19
276933.056373 2111546.494849 -4.601739 139 69 19
277366.497890 2111102.757806 161.668958 34 139 34
276681.779488 2110896.814302 30.015522 34 139 34
277091.377806 2111028.687893 115.021754 34 139 34
277166.562521 2111689.872825 54.346904 34 139 34
277109.627688 2111457.626092 68.887240 139 69 19
277722.157399 2111511.462448 179.366094 34 139 34
276908.904455 2111039.968700 69.967118 139 69 19
276662.551106 2111082.575726 6.239002 34 139 34
277136.959362 2110932.616664 123.430436 139 69 19
276941.989342 2111471.235904 35.296354 34 139 34
276665.856919 2110738.720159 57.155864 139 69 19
277138.465458 2111696.026716 49.061125 34 139 34
277153.197720 2110926.290424 153.265636 139 69 19
277597.064250 2111063.170970 208.706067 139 69 19
276790.896880 2111479.585903 0.106882 139 69 19
276959.227275 2111039.458323 81.161961 34 139 34
277308.941829 2110795.051457 170.706486 139 69 19
277148.976262 2111376.765325 87.369573 34 139 34
276961.132712 2111074.759677 77.093501 34 139 34
276848.119399 2111248.416425 32.671254 34 139 34
277565.235365 2111545.177459 136.698888 139 69 19
277674.765553 2111181.806542 219.863984 139 69 19
276955.514805 2111262.287452 41.523359 34 139 34
277577.130567 2111086.148587 204.020723 139 69 19
277478.059196 2110910.469786 183.090405 34 139 34
277482.946892 2111255.110124 159.521186 34 139 34
277786.663587 2111509.465087 203.408616 34 139 34
277192.955806 2111151.243421 125.976022 34 139 34
277651.534231 2111441.041649 194.313318 34 139 34
276705.408163 2111344.716806 -9.559775 139 69 19
276927.546950 2110923.351247 75.192959 34 139 34
276727.898137 2111405.640808 0.473110 34 139 34
277318.196344 2110648.689027 182.353272 34 139 34
277007.306622 2111419.102777 46.998884 34 139 34
277403.945192 2110774.722319 193.286650 34 139 34
277137.527729 2110862.669936 129.238162 34 139 34
277552.736177 2111555.629463 151.614006 34 139 34
277154.606829 2111190.277565 105.408587 139 69 19
277303.653878 2110993.019154 164.144654 139 69 19
277174.303923 2111699.394646 29.828306 139 69 19
277775.002367 2111573.593410 186.701730 34 139 34
277207.589247 2111154.981315 115.442740 34 139 34
277075.209290 2111199.980718 74.927014 34 139 34
277520.601937 2111005.994710 201.951694 139 69 19
277092.879444 2111140.535148 111.188008 139 69 19
277135.645177 2111345.366771 76.989957 139 69 19
276911.705782 2111315.232394 32.484068 139 69 19
277571.556601 2111073.940966 205.793900 34 139 34
277383.894974 2110758.715363 194.528269 139 69 19
277302.060684 2111671.810094 80.040829 34 139 34
277098.449653 2111184.338764 91.652505 34 139 34
277184.898459 2110714.468820 168.296613 139 69 19
277555.696884 2110791.609344 227.575912 34 139 34
277195.452043 2111219.142213 124.319002 139 69 19
276872.186519 2110968.948817 45.323600 34 139 34
277180.864053 2111684.217080 59.113860 139 69 19
277318.514239 2111475.935070 110.158935 139 69 19
277460.539778 2110680.434542 227.349066 34 139 34
277673.668411 2111497.275182 210.355444 34 139 34
276686.220105 2111155.992309 15.154604 34 139 34
276799.512306 2111144.136974 31.217403 34 139 34
277439.841848 2111239.223393 158.514869 139 69 19
277234.990247 2111209.040024 120.257984 139 69 19
276892.430272 2111696.241879 -7.560732 34 139 34
277214.491119 2111394.061842 85.222854 34 139 34
276744.408212 2111420.134434 -15.467298 34 139 34
276886.484525 2111574.359514 -5.156756 139 69 19
276807.482728 2110742.444016 67.177699 139 69 19
277172.433133 2111011.747119 114.332105 34 139 34
277215.037695 2111710.539875 46.015063 139 69 19
277242.405715 2111643.529561 62.543224 139 69 19
277494.974699 2111265.507730 164.272252 34 139 34
277692.689773 2111584.641613 147.953453 139 69 19
277088.459233 2110699.518690 138.581840 34 139 34
277154.340642 2110951.155359 129.927787 34 139 34
276801.197089 2110938.766296 50.796712 139 69 19
276781.652486 2111127.130929 31.196378 34 139 34
276944.320832 2111377.064524 33.090320 139 69 19
277330.259418 2110777.369418 184.311324 34 139 34
276637.507425 2110858.489457 0.795736 34 139 34
276844.653962 2111252.595255 26.735947 139 69 19
277440.771791 2110994.796352 191.770307 139 69 19
277209.251598 2110775.261816 146.152767 34 139 34
277285.452643 2111315.625291 125.413987 139 69 19
277665.043298 2111439.453599 190.046578 139 69 19
276895.167095 2111296.448162 25.791531 34 139 34
276842.834466 2110875.066349 84.144020 139 69 19
277299.833242 2110630.853695 190.560479 34 139 34
277317.296778 2111258.601505 136.820721 139 69 19
276846.607150 2111263.011429 12.609636 34 139 34
277602.591440 2111077.055636 212.547288 34 139 34
277305.349195 2110755.902579 182.804659 34 139 34
277217.422418 2110982.426211 155.875841 139 69 19
277316.759114 2111612.601924 100.848068 139 69 19
277431.726288 2111151.961294 177.364720 34 139 34
277336.331799 2111235.864749 143.880905 34 139 34
277188.528587 2110996.186108 121.484707 139 69 19
277402.636920 2110953.310816 178.564292 139 69 19
277625.913215 2110859.478523 244.152582 34 139 34
276919.877974 2111511.997630 11.662903 139 69 19
276782.776386 2111473.621590 -8.722395 34 139 34
277214.644665 2111022.873722 123.266090 34 139 34
277545.151861 2111329.168690 167.937332 139 69 19
277003.109213 2110946.732149 96.217409 34 139 34
277796.610555 2111608.796627 188.534012 34 139 34
276932.793229 2110683.204633 106.498203 34 139 34
276872.897397 2111571.462282 5.148046 34 139 34
276638.145572 2110737.116199 43.429410 139 69 19
276776.866171 2110867.586426 50.341953 139 69 19
276711.047171 2111355.994584 -11.970011 139 69 19
277057.254294 2111289.180155 75.603416 34 139 34
276876.736559 2110860.817387 59.406741 34 139 34
276985.922119 2110872.053176 99.615255 139 69 19
277099.432261 2110688.919441 143.003484 139 69 19
276743.955135 2111295.684359 3.832265 34 139 34
277137.346906 2111070.286095 96.196401 139 69 19
276712.869657 2111050.709100 12.762432 139 69 19
277413.918806 2110794.456594 196.798492 34 139 34
277271.328204 2111005.394032 149.661234 139 69 19
276951.235605 2111631.475001 27.122980 34 139 34
276822.899127 2111634.121956 -22.853597 34 139 34
277103.217374 2111010.075808 109.378387 139 69 19
276931.819137 2111702.554093 -6.356346 34 139 34
276765.640336 2111328.102802 3.757020 34 139 34
277045.743938 2111639.968240 19.055821 139 69 19
277687.492146 2111412.171753 198.948506 34 139 34
276909.878990 2111235.059847 62.517896 34 139 34
277291.955255 2110988.818669 152.233999 34 139 34
276982.288580 2111344.370459 37.592264 34 139 34
277547.751866 2111304.587990 158.404690 34 139 34
277714.626646 2111101.046860 233.514085 34 139 34
276811.675287 2110729.645606 69.786841 139 69 19
277560.687819 2110576.255732 252.630003 139 69 19
277263.550832 2110830.155550 163.441732 34 139 34
276747.460224 2110874.876878 49.017566 139 69 19
277401.668013 2110951.279560 159.635842 34 139 34
276799.343377 2111797.018702 -23.804545 139 69 19
277450.937221 2110622.606951 209.393126 34 139 34
277465.958102 2111014.511786 175.209346 139 69 19
277329.720982 2111498.883381 96.031461 139 69 19
277712.716286 2111622.125056 167.389854 139 69 19
277653.655649 2111111.341408 203.875335 139 69 19
277398.176971 2111183.371845 157.079429 139 69 19
277457.660318 2111306.139700 161.972703 34 139 34
277376.565599 2110645.501830 215.705849 139 69 19
277565.119133 2111412.201441 165.117830 139 69 19
277665.090136 2111265.108561 184.259014 34 139 34
277536.922446 2111405.437808 154.658892 34 139 34
277273.350794 2110640.269336 176.453833 34 139 34
276772.536396 2111552.805466 -31.179069 34 139 34
277617.344870 2111324.371174 178.598957 34 139 34
277170.730438 2111630.842225 74.016606 34 139 34
276768.061999 2110839.166992 46.387227 139 69 19
277066.585691 2110661.426578 152.149117 139 69 19
276823.513314 2111601.913253 -14.258898 34 139 34
276790.913589 2110976.940036 50.725695 139 69 19
277435.861138 2110842.176791 191.251292 34 139 34
277487.385514 2111242.590840 142.472376 139 69 19
277183.160422 2111602.729952 50.822686 139 69 19
277005.813265 2110910.846981 85.964327 34 139 34
276793.207455 2111673.221100 -24.697869 139 69 19
277036.213175 2111070.746395 72.506151 34 139 34
276971.317746 2111000.180300 72.446685 139 69 19
277422.632038 2110905.023713 201.561496 139 69 19
277583.967090 2110973.101466 205.135800 139 69 19
277733.817376 2111614.676919 189.055406 139 69 19
277051.386841 2111628.640140 23.489242 139 69 19
277394.825409 2110923.353075 187.727901 34 139 34
277513.705111 2111226.427912 180.118107 34 139 34
276980.141940 2110854.326516 102.485694 34 139 34
277472.924965 2110983.583782 213.545069 139 69 19
277282.726041 2111615.317914 83.141308 34 139 34
277136.106157 2111487.300496 71.141699 34 139 34
277469.880019 2111127.043986 177.104415 34 139 34
277588.589415 2110574.390583 234.095136 139 69 19
276996.061030 2111180.526733 81.311536 34 139 34
277455.937027 2111474.601766 140.242855 34 139 34
277264.096496 2111130.129896 135.071745 139 69 19
277030.884256 2111586.602255 34.952551 139 69 19
277259.269549 2110852.818164 169.752609 34 139 34
277045.508531 2110725.945805 131.195136 139 69 19
277152.921467 2111582.244511 73.679716 34 139 34
277577.925817 2111354.910050 192.369183 139 69 19
277132.632137 2111408.307913 73.803768 34 139 34
277175.441630 2111509.711753 71.908375 139 69 19
276982.133099 2110992.511392 94.802076 139 69 19
277045.320998 2110815.581159 102.900987 34 139 34
277113.780157 2111284.431688 85.714737 34 139 34
277163.515536 2111583.876354 67.517329 34 139 34
277650.653526 2110795.630691 247.808451 139 69 19
277088.787331 2111542.205402 62.827459 139 69 19
277388.970920 2111681.527300 100.094818 139 69 19
276901.881071 2111031.036248 61.216532 139 69 19
276948.655680 2111185.584947 63.392353 139 69 19
276858.213618 2111526.987954 -0.380887 139 69 19
277526.570940 2110707.827193 239.499619 34 139 34
277320.908366 2111238.443168 133.617432 139 69 19
277020.856341 2111129.209582 81.809621 34 139 34
277198.682368 2111087.812919 110.811138 139 69 19
277064.563835 2110748.514750 118.616467 139 69 19
277451.154590 2110890.351109 182.058466 34 139 34
277448.876060 2111323.240398 162.481968 34 139 34
277207.082058 2111118.509889 136.576840 139 69 19
277354.304648 2110715.133849 183.873176 139 69 19
276719.282654 2111381.310914 -6.139756 139 69 19
277038.562566 2111657.327536 2.857062 34 139 34
276844.328696 2111257.800181 29.539030 139 69 19
277600.861112 2111208.058351 181.285667 34 139 34
277382.832489 2111075.598458 166.552694 139 69 19
277015.420631 2110684.371515 127.343238 139 69 19
277502.406624 2110733.863364 228.770034 139 69 19
277609.496508 2111118.528403 201.002881 34 139 34
276915.939836 2111146.531109 43.535438 34 139 34
277255.211060 2111535.589774 72.918316 34 139 34
277525.524128 2111516.963620 131.876433 34 139 34
277395.206510 2110770.095946 198.713452 34 139 34
277428.010048 2111165.022129 162.729178 139 69 19
276787.137626 2111129.405243 28.986368 34 139 34
277414.499332 2110699.855211 210.148204 34 139 34
276991.058421 2110782.373590 103.089479 34 139 34
276672.548586 2111142.335758 -15.535898 139 69 19
276867.259510 2111241.752046 10.867186 139 69 19
276788.241269 2111024.677048 36.919490 34 139 34
277464.962582 2110848.732924 200.606955 139 69 19
277081.995273 2110939.246129 89.902259 34 139 34
276720.193965 2110804.269952 45.842143 139 69 19
276670.240226 2110825.511589 36.728963 139 69 19
276910.011653 2111376.572870 18.031975 139 69 19
277364.300235 2111033.387180 134.433833 34 139 34
277276.672638 2111034.796506 138.566508 34 139 34
276975.325546 2111327.221261 44.902270 34 139 34
277334.850027 2111154.995020 137.920699 34 139 34
277403.856152 2111393.598711 126.905751 139 69 19
277101.895557 2110761.743955 154.405299 34 139 34
277564.152073 2111362.190834 168.505677 34 139 34
277408.708153 2110938.206055 175.200259 34 139 34
276877.182354 2110782.033857 83.230889 34 139 34
277127.299694 2110678.318624 161.918560 139 69 19
277690.948405 2111220.930895 215.405259 34 139 34
277659.615027 2111349.630656 171.294418 34 139 34
276825.884664 2111088.926640 34.228097 139 69 19
277222.885151 2111502.782822 85.347821 139 69 19
277227.939643 2111008.388019 144.129525 34 139 34
276811.146444 2111398.905992 8.462483 139 69 19
277693.370451 2111623.201957 173.476462 139 69 19
277706.871528 2111428.686461 188.357821 139 69 19
277018.823339 2110709.716709 115.452935 34 139 34
277543.399893 2111501.023565 148.121027 34 139 34
277324.089218 2110657.420955 199.163490 139 69 19
277542.177924 2110913.823521 223.182798 34 139 34
277408.480054 2111320.892972 142.498216 139 69 19
277345.087916 2111240.388016 130.297557 34 139 34
277086.534025 2111132.183372 70.193169 139 69 19
277031.256139 2111294.440988 70.762570 139 69 19
277596.605124 2111423.644436 182.376943 34 139 34
277674.211707 2111632.384163 164.090710 34 139 34
277200.353780 2111280.783364 90.958922 34 139 34
277254.871485 2110906.126206 154.554687 139 69 19
277519.052224 2111662.608524 105.745677 139 69 19
277307.949064 2111656.000030 62.673255 139 69 19
277252.699146 2111164.088492 125.367648 34 139 34
276693.248074 2110821.612047 45.880952 34 139 34
276880.262434 2110903.740987 76.126833 139 69 19
277104.901193 2110797.371961 131.549367 139 69 19
277234.350044 2111632.015204 72.091109 139 69 19
277330.476739 2110734.356859 205.415948 34 139 34
277630.245546 2110967.501688 236.141734 34 139 34
277305.145476 2111215.214134 110.764055 34 139 34
277490.042072 2110955.589633 183.698013 34 139 34
276794.629828 2111064.771517 59.927778 34 139 34
277250.109720 2110716.320290 160.414594 139 69 19
277382.484634 2111444.993046 128.379715 139 69 19
276911.897204 2111270.960241 35.759303 34 139 34
277636.102980 2110803.886795 249.800939 34 139 34
277474.479869 2111069.987731 182.596582 34 139 34
277269.621160 2110764.838789 173.704340 139 69 19
276788.638991 2110816.092647 44.182529 34 139 34
277446.897158 2110640.215429 200.646813 34 139 34
277298.222404 2110988.811042 145.845480 139 69 19
277328.364497 2110848.962849 173.336197 139 69 19
277366.249209 2111068.755504 158.629421 34 139 34
277078.685988 2110846.060936 115.663271 34 139 34
276971.691144 2111696.084155 12.631783 34 139 34
277582.099950 2110613.252931 255.940635 139 69 19
276750.051854 2111271.729762 9.356852 34 139 34
276801.972752 2111183.291492 43.782203 139 69 19
277213.835660 2110828.353039 153.545201 34 139 34
277237.830182 2111400.071238 94.488372 34 139 34
277342.302701 2111232.644819 136.305553 139 69 19
276736.222694 2111438.241156 -7.672187 139 69 19
277583.732904 2111069.022707 201.011376 34 139 34
277075.223292 2111692.984829 28.346717 139 69 19
277207.037191 2110965.759402 119.893676 34 139 34
276955.294448 2111739.217702 3.272996 139 69 19
276769.745569 2111109.513276 24.389960 34 139 34
277224.585154 2111404.140962 92.275802 34 139 34
277598.582980 2111603.426587 150.116178 139 69 19
277614.776706 2111531.871324 147.314773 34 139 34
277117.666461 2111350.284231 90.799547 34 139 34
277317.569497 2111571.730280 95.327338 139 69 19
277278.030662 2111269.671392 134.369427 34 139 34
277687.286547 2111229.679935 213.582106 34 139 34
276890.220315 2110870.660179 67.736832 34 139 34
277482.086223 2111196.738294 174.864313 34 139 34
277315.890108 2111573.066765 77.816078 34 139 34
277487.541760 2110758.289319 223.832890 139 69 19
277373.473059 2111233.231319 112.779460 34 139 34
277555.404322 2110597.789193 255.122393 139 69 19
276857.521940 2111727.494457 -16.061188 139 69 19
277209.481406 2111212.642018 113.251365 34 139 34
277044.517291 2110883.897953 106.163181 139 69 19
277465.209636 2111512.132942 117.957676 34 139 34
277372.370071 2111043.567891 161.345444 139 69 19
276963.451195 2111073.764428 58.934196 34 139 34
277174.165630 2110977.711866 107.958029 34 139 34
277422.069229 2110654.482031 217.386293 139 69 19
277110.640070 2111253.754716 102.324533 34 139 34
277247.515189 2110925.092229 130.465498 34 139 34
277346.148038 2110654.258033 197.248225 139 69 19
277131.402052 2110649.536692 141.782322 34 139 34
277255.516767 2110872.190924 160.355597 139 69 19
277407.307230 2111469.667561 111.350978 34 139 34
276991.496112 2110918.497113 85.363017 139 69 19
276791.471628 2111129.150291 26.723661 139 69 19
277210.212252 2111391.487984 85.197178 139 69 19
276672.005547 2110933.818988 33.353592 34 139 34
277266.202385 2111296.901923 115.802320 139 69 19
277521.695308 2110579.719108 260.814272 34 139 34
277111.641352 2111219.686556 79.008272 139 69 19
277694.358856 2111446.285477 190.578956 34 139 34
276693.081834 2111286.686688 0.152041 139 69 19
276870.653050 2110995.003840 76.361861 139 69 19
276796.485369 2111003.836422 52.576199 34 139 34
276942.562205 2111753.518854 -7.651316 34 139 34
277774.421263 2111571.711865 165.869149 34 139 34
276782.844067 2111006.064165 45.758543 34 139 34
276749.640589 2111401.562415 -8.925139 139 69 19
277676.789389 2110884.222949 242.598935 34 139 34
277451.858215 2111519.813939 125.982737 139 69 19
277420.682925 2111432.250042 131.511870 34 139 34
277086.644320 2110913.561212 109.368966 34 139 34
277518.964146 2111245.602798 160.516321 139 69 19
277073.153548 2111612.504640 33.470562 34 139 34
277199.471595 2110850.070381 145.624279 139 69 19
277316.318715 2111231.923584 118.409455 139 69 19
276649.856063 2110953.860361 17.324692 139 69 19
277581.422197 2111549.005139 148.913588 139 69 19
276848.550095 2111550.491829 -12.914712 34 139 34
277540.747266 2110829.088864 225.289286 34 139 34
277240.262584 2111672.263879 60.817308 34 139 34
277475.952567 2111349.006022 146.512341 139 69 19
277503.344703 2111458.284070 150.101050 139 69 19
277627.637871 2111275.659094 212.046596 34 139 34
277247.402416 2111175.365808 110.524829 139 69 19
277270.016426 2110732.828080 176.382287 139 69 19
276819.802360 2110989.680662 35.002176 139 69 19
277662.249001 2111094.194652 207.070141 34 139 34
276809.964266 2111275.255248 16.521461 139 69 19
277319.021737 2110845.862648 179.939683 139 69 19
277474.944904 2111628.418912 131.414989 34 139 34
277039.902674 2111037.736114 88.758055 139 69 19
277146.102009 2111540.501462 85.385244 139 69 19
277293.301645 2111387.383287 104.469649 139 69 19
277110.864795 2111222.822631 92.658152 139 69 19
277551.766478 2111059.386315 197.112749 139 69 19
277742.514010 2111594.618845 187.568893 139 69 19
276964.447757 2111421.829951 32.317226 139 69 19
276688.890142 2110775.956312 54.517446 139 69 19
276663.416700 2110960.451618 25.383759 139 69 19
276862.464505 2111169.474793 45.316582 34 139 34
276928.441774 2111300.594810 42.646203 34 139 34
277239.036257 2111517.506091 87.106784 139 69 19
276772.777432 2111206.719998 8.983745 139 69 19
277253.076013 2111246.191675 122.716844 34 139 34
276831.415247 2110828.527844 65.160475 34 139 34
277168.049993 2111688.793871 48.069526 139 69 19
276968.602612 2111749.376210 26.319472 139 69 19
277313.067766 2111245.980122 148.671573 34 139 34
277349.679820 2111578.487356 95.367064 34 139 34
277564.055721 2110763.336797 227.885073 139 69 19
276837.049942 2110843.546096 75.258376 34 139 34
277682.089725 2111006.640573 212.931416 139 69 19
277635.034660 2111064.954863 212.552098 139 69 19
277228.690768 2111529.456801 85.241887 34 139 34
277704.486385 2111247.383936 210.655080 34 139 34
277658.297983 2111600.377454 168.910726 139 69 19
276913.866638 2111383.058498 38.737965 139 69 19
276705.255902 2110921.542780 32.934125 139 69 19
277764.076534 2111398.695737 200.684975 139 69 19
276951.103010 2111716.109573 -8.682918 139 69 19
277237.486135 2110710.222225 168.983871 139 69 19
276969.225253 2111192.998431 49.233088 34 139 34
277346.547367 2110748.177342 214.672753 139 69 19
276985.233284 2111039.251854 105.500934 139 69 19
276859.185507 2111723.288356 -27.471688 139 69 19
277222.708919 2111078.972422 146.191932 34 139 34
276975.021884 2111688.814121 16.289223 139 69 19
277723.164663 2111515.764356 183.849905 34 139 34
277378.901357 2111043.285500 155.515844 139 69 19
277052.685369 2111261.940991 60.803015 139 69 19
277508.657336 2111478.068385 153.079938 139 69 19
277729.043603 2111219.931522 231.141319 34 139 34
276759.889082 2110837.874882 51.255762 34 139 34
277023.575063 2111280.157481 85.624481 34 139 34
277209.799552 2111715.656603 65.617675 139 69 19
277404.489031 2110873.569425 181.522068 34 139 34
276841.570712 2111733.450117 -24.606044 139 69 19
277147.117314 2110692.744663 143.174066 139 69 19
276796.260039 2111151.814775 26.186833 139 69 19
276706.111603 2110920.963807 33.249633 139 69 19
276784.968952 2110922.938660 45.769112 139 69 19
277474.895569 2111376.988564 165.395938 139 69 19
276809.091296 2111386.060658 8.846597 139 69 19
277277.451289 2111307.634270 102.358323 34 139 34
277316.576233 2111512.630293 85.961799 34 139 34
277375.526579 2110648.332281 194.440764 34 139 34
277127.168208 2111596.385470 60.972795 34 139 34
276906.245134 2111303.714483 31.226997 34 139 34
276954.289648 2110878.002330 92.657545 139 69 19
277661.922473 2111293.275465 182.146824 139 69 19
276938.887554 2111552.298543 8.465041 139 69 19
276667.857784 2110754.895084 49.831013 139 69 19
276817.108714 2111198.372246 28.338073 139 69 19
277023.236858 2111104.467173 100.766841 139 69 19
277531.349383 2110965.587972 199.560924 34 139 34
277451.038480 2110784.847740 225.473029 139 69 19
277729.855272 2111619.409855 166.242853 34 139 34
277627.779089 2110922.242157 233.017878 139 69 19
277441.592368 2110859.940366 194.226972 34 139 34
277188.856472 2110669.661132 155.467515 34 139 34
276952.254486 2111487.781961 17.942805 139 69 19
276870.700700 2110706.603853 98.092632 139 69 19
277686.439676 2111077.729821 230.672262 34 139 34
277498.979576 2111362.985654 145.854979 139 69 19
277313.135341 2111604.476278 99.283524 139 69 19
276928.933501 2111011.450035 73.749546 34 139 34
276821.259881 2110751.639607 80.230462 139 69 19
276733.102520 2110897.028842 55.020727 34 139 34
277495.082632 2111214.131561 149.020310 34 139 34
277398.402535 2111621.137471 110.192523 139 69 19
277311.278381 2111278.814026 107.592312 34 139 34
277209.891725 2111484.367651 89.231965 139 69 19
277161.689905 2111223.551738 82.229317 34 139 34
276918.963744 2110785.062727 85.907487 34 139 34
277099.155235 2111290.714791 68.906645 139 69 19
276823.498483 2111702.919663 -17.884883 139 69 19
277503.708326 2111517.369980 141.462516 34 139 34
277408.418603 2110871.762757 182.668916 139 69 19
277334.663057 2111064.596404 160.507706 34 139 34
277358.413931 2111209.414908 135.119492 34 139 34
277087.488084 2111024.242485 92.801416 34 139 34
276773.640661 2110803.296474 81.862932 34 139 34
277286.583266 2111339.717862 138.575091 34 139 34
276816.295412 2111739.950949 -34.984148 139 69 19
277331.961670 2111021.638760 156.414621 139 69 19
277482.887169 2110780.075345 217.075101 139 69 19
277596.882583 2110588.530460 238.365314 139 69 19
276994.528758 2110946.481892 108.490160 139 69 19
277142.088169 2111069.728691 109.359666 34 139 34
277246.450427 2111305.920036 119.208253 139 69 19
277535.114697 2111374.995399 169.026831 34 139 34
277607.504824 2110997.582328 210.598355 34 139 34
277252.730601 2111015.921626 149.757913 139 69 19
276971.566114 2111518.458275 35.815950 34 139 34
277526.537153 2111083.179110 217.685667 34 139 34
277408.781666 2110842.894382 203.474844 34 139 34
276818.460252 2111615.726178 -28.113425 139 69 19
277674.637986 2111469.447773 191.637585 34 139 34
277051.799103 2111720.925515 19.250457 34 139 34
276828.422384 2111286.682505 28.321698 34 139 34
277418.572674 2110956.137724 175.359510 139 69 19
277237.275561 2111018.861016 133.825695 139 69 19
277339.235288 2111467.810503 90.806183 139 69 19
276798.282802 2111390.442458 0.661095 139 69 19
277074.200547 2110740.828642 117.796650 34 139 34
276996.473412 2111188.441762 75.141245 139 69 19
277186.495336 2110877.172857 118.697385 34 139 34
277075.613859 2111561.781840 22.898141 34 139 34
276857.593115 2111704.790617 -13.041075 34 139 34
277338.932991 2111179.821550 116.973725 34 139 34
277660.997783 2111182.144309 220.388474 34 139 34
277376.274843 2111242.170932 142.541127 139 69 19
277222.211653 2110916.283448 140.447446 139 69 19
276911.084757 2110854.571834 83.810866 34 139 34
276791.405536 2111688.711861 -6.269528 34 139 34
277556.768698 2111623.186810 110.014503 34 139 34
276962.568604 2110984.880835 71.568203 139 69 19
276829.516520 2111162.306247 22.554850 34 139 34
277294.059504 2111268.736437 124.856639 139 69 19
277045.332195 2111183.932565 85.552808 34 139 34
277037.679776 2111054.626841 66.225676 139 69 19
277334.879677 2111382.317395 116.391174 139 69 19
276874.134219 2111550.483814 -29.473149 34 139 34
277469.618239 2110898.627511 207.012618 139 69 19
277150.856824 2110693.893399 155.500205 34 139 34
277206.825251 2110819.184626 152.097572 139 69 19
277252.238789 2110895.695475 146.141299 34 139 34
277542.417993 2110852.838086 203.824128 34 139 34
277465.797999 2111492.807972 113.978413 34 139 34
277158.071166 2110801.002807 146.856613 139 69 19
276959.281939 2110690.958475 111.041521 139 69 19
276821.519363 2110915.533699 55.257189 34 139 34
277209.907577 2111576.759616 49.946707 34 139 34
276918.132777 2111625.153016 15.535152 34 139 34
277293.911520 2111227.375540 136.598409 139 69 19
276861.040149 2111200.928841 24.986145 34 139 34
277720.014223 2111131.077823 213.410128 34 139 34
277096.736602 2111157.821957 99.048422 139 69 19
277704.842089 2111565.571175 181.510106 34 139 34
277517.955780 2111386.319074 179.046911 34 139 34
277512.455207 2111515.913291 140.504220 34 139 34
276735.834204 2111125.209591 31.584232 34 139 34
277042.745062 2111300.856377 62.143188 139 69 19
276912.152516 2111201.889921 44.525360 139 69 19
277591.190877 2111445.821874 162.201668 34 139 34
276910.860654 2110787.918594 76.437721 139 69 19
277627.676472 2111568.092601 156.277411 139 69 19
277507.071125 2111212.438242 160.857772 34 139 34
277095.024656 2111361.522381 82.882841 139 69 19
277325.585025 2111483.809941 99.478954 34 139 34
276806.356469 2111717.087343 -31.300814 139 69 19
277297.218260 2111062.203641 121.902375 139 69 19
276841.637152 2111211.782524 42.316665 34 139 34
276805.285467 2111167.759459 27.203301 139 69 19
277361.241090 2110997.977764 158.755040 139 69 19
277173.417734 2111688.223457 58.067305 139 69 19
277301.174603 2111209.589042 122.018778 34 139 34
277379.491045 2111439.212869 134.096425 139 69 19
277514.116888 2111522.507861 162.260180 139 69 19
277371.400329 2111626.309593 94.007723 139 69 19
276720.969283 2111192.827308 7.733073 34 139 34
277280.098952 2110899.848576 155.421931 34 139 34
277221.986097 2111166.344446 116.691797 34 139 34
276780.118014 2111274.655974 12.253284 34 139 34
276984.381652 2111601.928476 31.828397 139 69 19
277277.030648 2111140.353847 114.787661 34 139 34
276928.029685 2111400.688660 24.251039 139 69 19
277265.165031 2111037.299211 125.739172 139 69 19
277385.243739 2111332.994308 120.992758 139 69 19
277483.602598 2110882.192922 203.461793 139 69 19
277098.935540 2111541.183173 44.656340 34 139 34
276950.500380 2111744.944482 -9.822877 139 69 19
277654.055410 2111266.137348 206.887450 34 139 34
277071.793417 2111380.792460 51.140195 34 139 34
276853.220019 2110984.637471 67.680977 34 139 34
277667.630410 2110974.556979 248.202085 34 139 34
277037.119769 2111691.865693 38.126969 34 139 34
276680.639996 2111128.219127 1.386184 139 69 19
277053.038683 2110765.727246 144.131090 139 69 19
277804.376659 2111551.406154 209.764697 34 139 34
277430.152804 2111173.335776 173.603971 34 139 34
277256.150962 2111221.896033 108.731019 34 139 34
276769.721718 2111174.048838 46.137887 139 69 19
277334.034620 2111106.849206 138.630192 34 139 34
277653.719671 2111631.859348 164.805770 139 69 19
276762.557446 2111313.489612 19.061693 139 69 19
277302.321326 2111540.486677 114.463976 139 69 19
276993.901015 2111559.107904 -0.133827 34 139 34
276659.879617 2111109.763888 13.985306 139 69 19
276718.202598 2111053.376668 3.407891 139 69 19
277651.012962 2111173.861091 198.015350 139 69 19
277392.153027 2111552.156404 130.272305 139 69 19
277306.157988 2110765.034931 173.246600 139 69 19
276944.277712 2110809.187109 100.023066 139 69 19
277599.613582 2110841.723688 225.683037 34 139 34
277666.285423 2110984.218511 246.663203 139 69 19
276974.586924 2111168.427417 69.629710 139 69 19
277087.658973 2111052.542056 114.309287 34 139 34
277583.302213 2111400.165201 167.221880 34 139 34
277404.201300 2111640.385254 103.076653 34 139 34
277667.137917 2111228.056909 200.478186 139 69 19
276996.597308 2111563.272983 39.929212 34 139 34
276753.350469 2111386.949387 3.692688 139 69 19
277652.430179 2111212.236497 192.223288 139 69 19
277306.487353 2111615.068854 80.130069 34 139 34
277079.188952 2110838.190889 128.842884 139 69 19
277222.584191 2111563.886565 62.206511 34 139 34
277599.224588 2110921.457450 215.966647 34 139 34
277223.382731 2110993.015377 161.350390 139 69 19
276801.212459 2111685.024175 -45.080082 139 69 19
277299.273374 2111706.697256 79.751760 139 69 19
277641.087268 2111044.116945 214.465073 139 69 19
277742.617370 2111542.798442 188.617875 139 69 19
277472.807288 2111340.204167 143.874518 139 69 19
277519.947868 2111646.884892 117.521536 34 139 34
277472.885014 2110616.160698 210.611515 34 139 34
277360.532154 2110877.155713 179.266552 34 139 34
277502.639170 2111654.190023 119.945321 139 69 19
276719.714348 2111382.800737 -4.952611 34 139 34
276652.239918 2111042.456128 20.252216 34 139 34
277621.080162 2111592.407659 151.898763 139 69 19
276848.743788 2111425.723670 17.219243 139 69 19
276677.754423 2111143.063563 12.348199 139 69 19
276838.241259 2111773.429773 -26.608313 34 139 34
276870.142542 2111328.458534 18.550901 34 139 34
277618.895766 2111574.449428 154.171034 139 69 19
277204.203131 2110993.411978 125.556416 139 69 19
276752.863590 2110816.482357 70.497248 34 139 34
277460.601894 2110586.107358 226.332800 139 69 19
276695.663674 2111016.000258 30.036153 34 139 34
276959.617809 2110738.337727 117.861771 34 139 34
276842.387374 2111203.984573 41.518879 34 139 34
277073.692449 2110715.485369 128.504676 34 139 34
277092.120219 2110803.469792 123.562901 139 69 19
277243.934414 2110654.360118 160.364729 34 139 34
277139.493487 2110950.735820 108.645844 34 139 34
277408.829949 2111132.140100 163.085615 34 139 34
277198.091335 2110793.604315 146.851975 34 139 34
277375.666314 2111669.241083 103.012688 139 69 19
277060.451751 2110843.049761 117.886851 139 69 19
276997.256938 2111008.173231 80.561504 34 139 34
277506.990395 2111091.156202 182.382128 139 69 19
276986.618012 2111190.879297 71.262550 34 139 34
277680.483539 2111151.707892 220.783874 34 139 34
277443.739832 2111402.332233 138.468061 34 139 34
277589.419983 2111627.317057 139.524741 34 139 34
277600.634122 2110828.660729 242.162405 139 69 19
277233.882726 2110859.936014 149.299114 34 139 34
277470.017600 2111002.875972 181.412275 139 69 19
277473.807513 2111524.058498 131.182170 139 69 19
277108.904039 2111517.475134 66.190917 34 139 34
277275.728912 2111470.785634 87.190586 139 69 19
277016.945863 2111746.960916 21.955613 139 69 19
277060.834928 2110928.070226 99.448839 139 69 19
276648.416712 2110904.794676 42.604577 139 69 19
276928.392173 2110935.975075 85.607751 139 69 19
276659.067933 2110746.633291 50.323983 34 139 34
276771.280315 2110727.873501 85.910352 34 139 34
277663.654439 2111023.938102 212.847529 139 69 19
276684.281220 2111173.444872 22.907754 139 69 19
277544.526962 2110978.622248 223.786649 34 139 34
276846.789875 2111492.783041 8.009400 34 139 34
277474.197142 2111537.960633 136.662970 139 69 19
276937.366632 2111084.295969 65.881850 34 139 34
276983.929141 2111392.343379 35.815619 139 69 19
277306.242905 2110642.321041 161.174306 34 139 34
277082.983922 2111673.281349 42.687524 139 69 19
277496.659223 2111003.906696 191.036058 139 69 19
277160.963407 2111190.802852 95.908194 34 139 34
276697.533250 2110927.912705 35.682358 139 69 19
277059.355106 2110819.892462 112.124712 34 139 34
277174.125417 2111617.822224 75.780113 139 69 19
276880.533032 2111200.768387 27.266573 139 69 19
277686.301915 2111055.870708 223.188441 139 69 19
276843.913957 2110791.714314 80.342590 34 139 34
277294.448370 2110942.926391 176.609563 139 69 19
277466.214670 2111485.645933 150.957032 34 139 34
276891.268493 2111009.169297 63.082379 34 139 34
277100.502045 2110866.305961 122.492993 34 139 34
277364.875246 2111175.310115 157.928298 139 69 19
277145.936283 2110961.369494 127.116048 139 69 19
277503.057588 2110905.811839 213.111773 139 69 19
277663.810759 2110892.091240 229.090825 34 139 34
277729.004131 2111357.364714 197.981753 34 139 34
277097.059932 2111168.306170 84.803894 34 139 34
276756.459179 2110803.150952 87.369528 139 69 19
277305.246390 2111511.901230 104.819306 34 139 34
277406.634834 2111142.341389 179.923753 34 139 34
276806.783373 2111605.084749 -27.797788 34 139 34
276670.153114 2110992.931498 14.477309 34 139 34
277218.074010 2111347.659860 88.878546 34 139 34
277459.619373 2111435.868379 127.069811 139 69 19
277027.698427 2111395.467915 50.783716 139 69 19
277580.756988 2111012.066536 208.706710 34 139 34
277189.022463 2110854.416499 131.788425 34 139 34
277109.223920 2111064.565006 102.116870 139 69 19
277382.874012 2111451.638735 119.811267 139 69 19
276933.992563 2110999.227107 90.752585 139 69 19
276814.317170 2111207.258142 18.862022 139 69 19
277358.284102 2110874.988320 188.549185 34 139 34
277608.759362 2111620.111960 152.747122 139 69 19
277370.459962 2111665.960268 96.087266 34 139 34
277128.386545 2111706.321437 21.149887 139 69 19
277099.356863 2111181.566398 93.004223 34 139 34
277261.542411 2110949.509725 144.574320 139 69 19
277392.416073 2111558.240178 103.707553 34 139 34
277495.349959 2111408.657164 161.404001 139 69 19
276675.569250 2111040.418364 6.315066 139 69 19
277222.629672 2110749.165560 165.355132 34 139 34
277130.914187 2110902.544445 135.236551 34 139 34
277598.037438 2110578.654263 262.900225 139 69 19
277791.201568 2111610.866460 215.389953 139 69 19
277510.027935 2110965.110534 185.677804 139 69 19
277475.256990 2111006.808922 170.683568 34 139 34
277407.287914 2110725.323294 208.546945 139 69 19
277364.060820 2111220.179726 129.644242 34 139 34
277117.144228 2111614.810220 45.209434 34 139 34
277324.304458 2111263.594139 118.330094 139 69 19
277092.396161 2111094.230872 89.116204 139 69 19
277316.076174 2111337.452814 114.250881 139 69 19
277159.820916 2111563.351591 55.880711 139 69 19
277640.958613 2111382.879534 191.641880 34 139 34
276634.300969 2110885.887734 28.786412 139 69 19
277019.008802 2111702.989729 28.894103 139 69 19
277252.683540 2111240.319321 114.687904 139 69 19
277804.730452 2111610.142624 189.087207 139 69 19
276818.316058 2111403.014219 -0.438951 34 139 34
276816.419683 2111163.378641 19.958290 34 139 34
276665.698314 2110985.911264 27.246900 139 69 19
277779.017002 2111532.661630 210.309338 34 139 34
277600.499879 2110841.123079 228.990920 34 139 34
277206.867570 2111163.357402 127.029203 139 69 19
277464.595695 2110678.158562 209.371734 139 69 19
277438.110242 2111041.201293 189.443020 34 139 34
277619.319027 2110651.857943 241.712818 34 139 34
276996.314426 2111164.066458 70.336352 34 139 34
277177.401088 2111401.140375 75.434472 139 69 19
277560.104256 2110755.877660 251.980943 34 139 34
277188.671964 2111267.531308 109.742285 139 69 19
277015.058499 2111658.490846 26.481808 34 139 34
277091.659042 2110967.250424 105.065800 34 139 34
277662.599837 2111234.258789 186.619046 34 139 34
277183.536394 2111275.522652 106.234819 34 139 34
277199.973096 2111379.394938 88.378178 139 69 19
277046.620652 2111061.765624 93.134753 139 69 19
277096.620941 2111354.813930 63.595797 34 139 34
277140.742045 2111067.163419 102.830472 34 139 34
277455.630320 2111544.799896 126.833548 139 69 19
276638.986633 2110840.478126 28.049717 34 139 34
276795.927110 2111587.849658 -6.572531 34 139 34
276858.503702 2111509.746667 6.443182 139 69 19
277083.535830 2111441.867088 72.073175 34 139 34
277664.334395 2111215.691916 214.480142 139 69 19
277705.424818 2111357.735414 185.510558 34 139 34
277080.450534 2111727.328038 27.950694 139 69 19
277014.840215 2111636.115690 26.551952 34 139 34
277051.843018 2110809.387761 101.266794 34 139 34
277024.003314 2110732.726886 118.706491 139 69 19
277055.273996 2111366.741791 67.007140 34 139 34
276983.086184 2111292.451744 58.622827 139 69 19
277700.777572 2111564.532057 168.803744 34 139 34
277426.065549 2111636.670358 95.547856 34 139 34
277527.512149 2111221.323450 186.966328 34 139 34
277134.744885 2110679.900580 155.373016 139 69 19
276956.628105 2111767.302832 4.504892 139 69 19
276851.398787 2111660.521097 -6.810593 34 139 34
277038.202977 2111499.092319 53.823856 34 139 34
277541.462848 2111399.588764 174.376544 34 139 34
277400.459827 2111336.736564 134.298554 34 139 34
277108.784096 2111668.270510 49.837714 139 69 19
277535.413821 2111485.461122 159.513819 34 139 34
276943.123297 2111257.650148 46.645821 34 139 34
277014.816256 2111645.767765 20.582264 34 139 34
276890.978406 2110863.998509 99.463134 139 69 19
276996.181643 2111272.274342 66.875552 34 139 34
276946.817247 2111471.729683 44.244560 139 69 19
277606.374527 2110952.006109 202.931540 34 139 34
277146.890403 2111294.543053 92.265806 34 139 34
277765.161427 2111305.901280 203.566974 34 139 34
277375.297285 2111057.290180 174.160416 139 69 19
277336.831260 2110928.006544 182.547122 34 139 34
277072.993901 2110680.845613 131.204965 34 139 34
276882.051545 2111624.763194 5.382692 34 139 34
276715.865430 2111098.727298 7.367803 34 139 34
277190.995431 2110837.357467 143.276942 139 69 19
277193.366131 2111550.628459 93.507686 139 69 19
277313.815266 2111109.441492 147.013070 139 69 19
277701.918734 2111541.950110 164.070076 34 139 34
277098.683729 2110867.515483 113.050908 34 139 34
277153.627419 2111242.402383 87.057498 34 139 34
277454.601821 2111357.177799 147.174778 139 69 19
277165.996117 2111477.106160 100.834656 139 69 19
277258.785057 2111644.643485 75.739138 139 69 19
277565.465863 2111518.783430 165.671161 139 69 19
276932.401731 2111659.414699 -7.530667 139 69 19
277152.056790 2111096.518348 117.508062 139 69 19
276780.829338 2111166.913325 28.012645 139 69 19
277298.766188 2110966.467145 151.578467 34 139 34
277681.313776 2110873.156543 240.969093 34 139 34
277285.049744 2110739.898376 179.751300 139 69 19
276677.268539 2110816.325007 56.097856 139 69 19
277188.767111 2111372.933180 89.123837 34 139 34
277360.786720 2111403.997720 115.337533 34 139 34
277079.017949 2110966.020965 112.273547 139 69 19
276828.101527 2111480.558037 1.401393 34 139 34
276737.348917 2111344.083145 -2.042554 34 139 34
277098.792341 2110920.548290 116.420317 139 69 19
276762.610506 2111102.986253 43.300637 139 69 19
277441.591827 2111345.606599 145.845599 139 69 19
277120.423925 2111622.936251 56.303239 34 139 34
277495.790792 2111418.775751 129.819315 34 139 34
277139.549686 2111349.493262 98.208351 34 139 34
277574.900586 2111170.187482 185.208869 34 139 34
277467.726193 2110635.987362 219.937901 139 69 19
276827.878761 2111539.416421 -12.713222 139 69 19
277090.663915 2111296.405131 74.994796 139 69 19
277057.151146 2111071.423871 107.132787 139 69 19
277197.296315 2111131.600979 114.258535 34 139 34
277086.194422 2111144.501696 86.980106 34 139 34
276939.931744 2110927.436209 76.878331 34 139 34
277357.123868 2111055.783288 151.187032 34 139 34
277583.852357 2110927.440766 212.725134 139 69 19
277450.793529 2110996.727212 213.421625 34 139 34
276722.023924 2111007.810588 34.174647 139 69 19
276840.482900 2111470.326250 6.129084 34 139 34
277336.911093 2111597.877549 93.019215 34 139 34
276985.756420 2111263.294343 56.832294 34 139 34
277162.530075 2111075.426407 84.551101 139 69 19
277500.424451 2111594.042747 123.444791 139 69 19
277093.784030 2110878.315790 119.558918 34 139 34
277345.745105 2111681.100493 95.253691 139 69 19
277192.592122 2111602.430894 63.359660 139 69 19
277238.608758 2110913.622654 153.981658 34 139 34
276830.710224 2111573.059145 15.665481 139 69 19
276679.173421 2111057.784449 22.119717 139 69 19
277325.309995 2111142.126589 130.598221 34 139 34
276969.175033 2111083.308375 66.334936 139 69 19
277324.039185 2111321.058318 114.035651 139 69 19
277037.848692 2111236.941059 61.260189 139 69 19
277406.763973 2111620.338645 112.975571 139 69 19
277259.198532 2111482.885305 93.945859 34 139 34
277109.172896 2111613.564870 45.117449 139 69 19
277321.490340 2110926.674383 173.067588 34 139 34
277222.940222 2111539.985697 68.290280 139 69 19
277487.282465 2111467.755434 142.909176 139 69 19
277187.756134 2111499.935073 56.440688 139 69 19
277245.087155 2110887.112709 150.139860 139 69 19
276996.264008 2111514.931461 25.707388 34 139 34
277662.072275 2111509.116000 168.016890 34 139 34
277067.682336 2110988.718489 88.849069 139 69 19
277732.422302 2111295.800731 213.301072 34 139 34
277013.335858 2110814.219507 110.381630 139 69 19
277523.334425 2111251.859221 190.382949 139 69 19
276958.378066 2111749.393640 -14.857089 34 139 34
277322.367610 2111276.290741 130.774206 139 69 19
276751.251366 2110819.590981 62.587828 139 69 19
276807.264970 2110733.094700 82.466126 139 69 19
276790.562914 2111701.471373 -28.283951 139 69 19
277307.403345 2110731.916979 188.198760 34 139 34
276818.909588 2111237.092171 21.418638 34 139 34
277106.042121 2111137.602706 105.727502 34 139 34
277740.392945 2111348.916841 204.380843 34 139 34
277519.195988 2110994.248927 201.888725 34 139 34
277254.307538 2111082.016343 118.153027 34 139 34
276834.219136 2110885.331262 59.416026 34 139 34
276824.490687 2110840.122632 71.674248 34 139 34
277148.990423 2111610.981996 66.715293 34 139 34
277383.296480 2110599.197546 199.315248 139 69 19
277490.360929 2110887.668626 218.866745 34 139 34
277479.800137 2111628.944587 132.554819 139 69 19
276890.796538 2110868.122062 83.019833 139 69 19
276971.780195 2111487.773473 16.707761 139 69 19
277426.454556 2110702.584761 212.451867 34 139 34
277405.614384 2110747.742756 175.635797 34 139 34
277484.749133 2111419.681956 135.549699 34 139 34
276905.701187 2110817.941772 85.292102 139 69 19
277066.610255 2111478.999005 48.223376 139 69 19
277564.757249 2110689.646612 240.975142 139 69 19
277060.670867 2111155.628157 89.884705 34 139 34
277662.925070 2111225.986482 208.316203 139 69 19
276662.367943 2111005.225826 10.576128 34 139 34
276844.889518 2110853.300809 57.220199 139 69 19
276856.210938 2111492.953373 -3.150359 139 69 19
277478.233437 2111495.806971 117.000986 34 139 34
277144.044509 2111050.151173 110.400969 34 139 34
277114.913079 2111302.277556 88.961989 139 69 19
276927.919126 2111426.729639 25.742536 139 69 19
277452.565293 2111397.577214 125.449697 34 139 34
277704.180086 2111022.132782 243.624918 139 69 19
277109.860106 2111722.746617 47.051825 139 69 19
277463.239468 2110769.918089 205.984752 139 69 19
277721.260827 2111144.559190 218.316264 139 69 19
276869.700453 2111745.414446 -22.480712 34 139 34
276904.417822 2110746.890566 95.771574 139 69 19
276800.193549 2110704.923256 81.569580 34 139 34
277367.891738 2111317.862930 133.337086 139 69 19
277239.375672 2111049.282523 132.870013 34 139 34
276894.428433 2111023.375620 61.021796 34 139 34
276727.377608 2111159.926302 -8.553969 139 69 19
277038.587395 2110921.457987 102.658599 34 139 34
277532.937473 2111609.716325 131.682056 34 139 34
277741.301683 2111403.414174 217.416339 34 139 34
276868.011471 2110711.871656 101.832857 139 69 19
276872.471873 2111694.924363 -11.617627 139 69 19
277163.319744 2111239.799311 102.494716 139 69 19
276953.831889 2110857.038159 93.836026 34 139 34
276844.399417 2111134.904873 40.990773 34 139 34
277399.675577 2110602.819847 211.915706 34 139 34
277582.482540 2111251.697529 179.090333 34 139 34
276738.176412 2111349.147226 26.736636 139 69 19
277131.084858 2110810.524813 119.064721 34 139 34
277596.085068 2111179.670105 178.495315 139 69 19
277045.564590 2111134.674757 50.405164 34 139 34
277070.950503 2110986.490307 100.561269 139 69 19
277574.993702 2111600.847793 148.191911 34 139 34
277548.785366 2110709.320763 224.960559 34 139 34
276920.346609 2110756.723321 110.208468 139 69 19
277185.970198 2111147.525385 114.914619 139 69 19
276897.161690 2111544.837392 -2.840336 34 139 34
276746.309360 2111308.628049 3.986909 139 69 19
276694.425663 2110932.131256 42.002489 139 69 19
276689.198237 2110840.368258 39.948454 34 139 34
277070.551279 2111334.273167 62.116671 34 139 34
277116.066815 2110862.486551 123.121552 34 139 34
277544.255380 2111240.838819 167.987805 34 139 34
277651.736398 2111182.461350 211.786715 34 139 34
277464.876921 2110955.109465 206.076976 34 139 34
277110.354833 2110858.026075 115.321039 34 139 34
277113.446487 2110757.882642 145.740094 139 69 19
277205.912215 2111056.065163 137.114900 139 69 19
277657.512313 2111395.421251 175.883506 34 139 34
276833.451457 2111185.332322 45.931318 139 69 19
277383.411030 2111011.730267 171.047561 34 139 34
276803.492883 2111740.832912 -26.823480 139 69 19
277473.706444 2111333.583208 148.852807 139 69 19
276743.949526 2111003.050581 33.966805 34 139 34
277452.587261 2111280.285089 157.169815 139 69 19
277144.591420 2111267.739099 73.165274 34 139 34
277107.582704 2111134.120766 103.609395 34 139 34
276776.788242 2111206.328619 14.793064 34 139 34
277480.778576 2111442.735510 144.372339 34 139 34
277162.431897 2111648.653240 50.219281 139 69 19
277619.109755 2110575.453399 261.694482 34 139 34
277449.183063 2111677.355325 124.554036 139 69 19
277426.352057 2110729.096393 191.304979 139 69 19
277125.139925 2110978.449966 107.165314 34 139 34
277364.029309 2110703.473882 196.849056 139 69 19
277138.733112 2111516.745202 68.976211 139 69 19
276833.836375 2110779.765000 81.190783 34 139 34
277609.023980 2111440.899949 166.358225 34 139 34
277469.235396 2111149.993572 173.019170 139 69 19
276795.389921 2111118.558511 33.116757 34 139 34
277103.880342 2111156.378210 85.960042 139 69 19
277232.975027 2111266.024695 130.880017 139 69 19
277000.465967 2110736.311166 116.016822 139 69 19
277681.643166 2111349.364354 189.087469 139 69 19
277044.230223 2110859.899306 101.659183 139 69 19
276783.909022 2111614.291416 -19.300693 139 69 19
276954.518405 2111042.131545 64.109910 139 69 19
276702.039318 2111027.752541 19.827300 139 69 19
277167.192376 2110690.055307 151.366757 34 139 34
277055.803093 2111079.409471 115.367068 34 139 34
277325.979896 2111427.162829 126.102668 34 139 34
276887.079032 2110924.711800 55.116872 139 69 19
277563.233910 2110710.540535 252.665755 139 69 19
277381.088879 2110694.478483 207.113189 139 69 19
276932.556287 2111752.870025 -0.254425 34 139 34
277385.317551 2111256.895012 163.203277 139 69 19
277264.511804 2111012.686598 172.360258 34 139 34
277283.398819 2111010.494604 142.909951 139 69 19
277536.563748 2111051.834468 195.783946 34 139 34
277514.778014 2111365.235320 174.055784 139 69 19
276744.687635 2111117.986313 37.559193 139 69 19
276761.550425 2110892.516664 60.279221 34 139 34
277419.457755 2110597.663771 220.048867 139 69 19
276827.099814 2111736.259767 -28.048508 139 69 19
277577.617334 2111225.314972 179.167134 139 69 19
277292.478261 2111033.852739 130.432659 139 69 19
277756.372755 2111451.868111 210.476522 139 69 19
277680.964705 2111520.405383 178.489717 139 69 19
277052.289312 2111396.340189 39.632718 139 69 19
276793.100851 2111649.283459 -30.812258 139 69 19
277451.017570 2110610.543372 231.581279 34 139 34
277568.560084 2111346.538569 195.366875 34 139 34
277360.194143 2110717.631081 180.825872 139 69 19
276929.228893 2110978.662023 64.135529 139 69 19
277051.130304 2111103.181404 100.022663 139 69 19
277015.155092 2110781.829730 105.560017 139 69 19
277266.196036 2111108.040535 135.537427 34 139 34
277407.047593 2111033.685311 159.489344 34 139 34
277212.004470 2111103.240872 126.160519 34 139 34
277291.153748 2110950.888987 135.056122 34 139 34
276877.350127 2111687.164309 -10.820270 34 139 34
277533.327906 2111348.079101 167.662338 34 139 34
277564.293680 2111543.811040 133.627048 34 139 34
276803.401644 2111565.138587 -2.984661 34 139 34
277001.999077 2111422.592872 49.789500 139 69 19
277362.967340 2110813.454713 168.720233 139 69 19
277013.047887 2111266.631115 51.266290 34 139 34
276956.543552 2110854.958847 100.567867 34 139 34
277257.756833 2111045.279726 131.083324 34 139 34
277576.814067 2111451.673164 143.733335 34 139 34
277557.426570 2111127.033075 197.968691 139 69 19
277549.229225 2110792.595102 225.100277 139 69 19
277624.504508 2110792.784079 257.975321 139 69 19
277771.696587 2111504.689455 204.831600 34 139 34
277239.769361 2111621.905133 78.524514 34 139 34
277722.900008 2111542.199025 202.424307 34 139 34
277437.453473 2111555.818194 122.377157 139 69 19
277597.740700 2110836.842918 227.059546 34 139 34
276864.663231 2110820.471693 73.158072 34 139 34
277512.132505 2110831.511339 201.987869 34 139 34
277097.032887 2111352.425888 91.461718 139 69 19
277090.871441 2110912.194810 100.690289 139 69 19
277458.843908 2111575.276541 104.749637 139 69 19
277630.149157 2111384.604613 180.738825 139 69 19
276892.865277 2110757.590251 84.294869 34 139 34
276775.438907 2110857.905639 44.139660 139 69 19
276782.385272 2111593.914957 -38.938202 34 139 34
276754.953077 2111081.165418 45.841508 34 139 34
277228.984519 2110789.253227 148.633535 139 69 19
277047.692324 2111720.079696 15.826597 139 69 19
277501.117431 2110600.544848 221.511728 34 139 34
277438.629767 2110917.684865 172.526439 34 139 34
276993.755595 2110816.623357 120.807421 139 69 19
277056.857943 2110811.338543 108.829185 139 69 19
277057.218135 2110951.011141 101.069215 34 139 34
277295.261096 2110690.731958 168.621070 34 139 34
277199.690030 2111088.047809 117.847672 139 69 19
277547.061491 2111273.480216 178.347284 34 139 34
277130.721316 2110988.640932 101.322828 139 69 19
277372.588064 2111138.711084 131.868393 34 139 34
276680.251515 2110840.085580 55.542846 139 69 19
277652.309365 2111097.462028 219.495710 139 69 19
276892.766122 2110720.718355 108.775993 139 69 19
277454.746967 2111173.664599 162.492245 139 69 19
277478.572627 2110600.848617 234.584337 139 69 19
277259.170245 2110680.850575 189.292674 34 139 34
277575.331231 2111100.683705 193.786095 34 139 34
277651.373475 2111518.778294 173.132661 139 69 19
276857.600550 2111177.830644 47.802691 139 69 19
277746.513675 2111226.736978 227.697084 34 139 34
276969.167700 2110991.455351 65.395512 139 69 19
276991.428081 2110910.409341 83.454405 34 139 34
276934.554336 2111514.427749 46.899251 34 139 34
276978.963850 2111442.694956 47.987867 139 69 19
277335.181567 2111033.392776 171.849422 139 69 19
277640.021948 2111043.402016 211.083474 139 69 19
277005.436279 2111341.894250 58.843256 34 139 34
277106.992229 2111296.425644 77.809398 139 69 19
276923.021856 2111536.860819 18.642358 139 69 19
277123.731856 2110791.573048 130.594936 139 69 19
277518.669836 2110743.833943 212.076367 34 139 34
277505.034015 2111092.727381 178.708026 139 69 19
277680.247285 2110887.175878 245.614543 139 69 19
277010.952241 2111183.527061 75.941794 139 69 19
277246.801820 2111129.524224 113.290454 139 69 19
276974.617204 2111149.034249 72.772400 139 69 19
277212.861968 2110928.788681 136.741068 34 139 34
277562.520041 2111532.458977 165.323509 139 69 19
276881.442787 2111683.550876 -24.006318 34 139 34
276800.003573 2111214.753216 14.870844 139 69 19
277388.876392 2111125.124704 152.255949 34 139 34
277580.348483 2111655.707056 157.468029 139 69 19
277687.553499 2111032.942172 251.109256 139 69 19
277395.194825 2111616.987152 96.685291 139 69 19
277481.713560 2111543.090744 135.629530 34 139 34
277324.777664 2111501.297527 99.110206 139 69 19
277003.754441 2111215.361731 88.144613 34 139 34
277160.073258 2111336.502756 84.508578 34 139 34
277514.130302 2110629.976786 239.503034 139 69 19
276871.985384 2111269.448149 13.932555 34 139 34
277416.973560 2111557.970857 127.556279 34 139 34
277139.357638 2111182.609462 91.443654 34 139 34
276880.845632 2110967.424125 62.796385 34 139 34
277013.384164 2111439.607961 28.137152 34 139 34
277666.756993 2110942.186322 248.891619 34 139 34
276935.261850 2110968.309963 66.094808 139 69 19
277365.494272 2110781.416834 174.096324 139 69 19
277493.040811 2111487.021656 170.039763 34 139 34
277092.507514 2111083.764828 98.795825 139 69 19
277326.594064 2111159.924590 141.599848 139 69 19
276914.801706 2111286.404560 32.926303 34 139 34
277041.788249 2111300.645554 84.329540 34 139 34
276989.113901 2111183.235546 75.083671 139 69 19
276813.558444 2110833.023543 57.805074 34 139 34
277267.873124 2111675.275083 50.746291 139 69 19
277113.607967 2110755.937676 126.839590 139 69 19
277284.487446 2111367.631502 116.827128 139 69 19
276996.260856 2111480.064933 36.467604 34 139 34
276848.427581 2111388.753966 19.509245 34 139 34
277682.608700 2111401.133345 204.745557 139 69 19
277331.474677 2110898.360364 161.118189 139 69 19
276754.414674 2111114.136094 16.502529 34 139 34
276721.692487 2111269.790092 -5.166378 139 69 19
277494.942392 2111342.607573 154.162590 34 139 34
276917.338335 2111180.974307 43.769004 34 139 34
277404.169933 2111405.758273 133.777688 34 139 34
277135.616484 2110827.198005 125.831127 34 139 34
276900.025124 2111407.691510 28.229328 34 139 34
277156.564418 2110714.076162 162.499483 34 139 34
277462.996090 2111102.213522 163.336221 34 139 34
277314.477886 2110933.438393 179.592637 34 139 34
277069.869166 2111286.587537 70.000110 139 69 19
276995.663150 2111150.812247 104.304612 139 69 19
276830.013849 2111049.049319 53.846018 139 69 19
277420.225325 2110848.576067 202.695452 139 69 19
276853.684580 2110778.586752 93.721877 34 139 34
277569.163474 2111579.377313 146.407105 34 139 34
277153.194594 2110980.860154 133.133205 34 139 34
276742.742952 2110944.827933 49.195489 139 69 19
277082.179769 2111519.283403 51.276232 139 69 19
276780.468206 2111468.256653 -23.233904 34 139 34
277035.528898 2111140.760567 93.749825 34 139 34
276673.558182 2110978.427049 20.888143 34 139 34
276836.854326 2111243.431020 43.197582 34 139 34
276650.228071 2110758.365797 50.560007 34 139 34
276931.696150 2110873.647295 89.614477 139 69 19
277509.586648 2111033.894430 189.021877 139 69 19
276980.102884 2111172.797210 57.255571 139 69 19
277378.995913 2110857.545153 168.703697 34 139 34
277215.084371 2111145.827614 147.516414 139 69 19
276688.280690 2111003.275212 18.032478 139 69 19
276778.756427 2111056.463933 28.096466 139 69 19
277687.599646 2111091.421236 241.910231 34 139 34
277060.538070 2111398.006579 44.703216 34 139 34
277297.853052 2111313.456456 115.297738 34 139 34
276992.096891 2110803.061571 110.921354 139 69 19
277432.047341 2111645.961010 98.542525 34 139 34
276921.741477 2111295.684159 18.330638 139 69 19
277398.822931 2111098.073659 140.515866 34 139 34
277648.115804 2111435.397226 181.477414 34 139 34
277139.105855 2111260.193569 90.981411 139 69 19
276779.939562 2110796.582653 71.918111 139 69 19
276853.401085 2111481.328639 -4.302124 139 69 19
277055.141527 2110822.239918 117.827049 34 139 34
277054.730525 2111273.032077 77.065033 139 69 19
277262.079375 2111482.150149 91.764173 139 69 19
276960.353545 2110724.305750 118.213229 34 139 34
277352.050969 2110929.065689 184.135045 139 69 19
276668.483300 2110993.430886 33.014409 34 139 34
277524.252771 2110696.288377 235.060988 139 69 19
277383.162587 2110918.670623 173.530650 34 139 34
276852.577192 2111001.088463 57.584248 139 69 19
276911.884959 2111068.226932 56.948926 34 139 34
276927.963697 2111265.676792 46.338217 139 69 19
277421.272919 2111494.460520 117.642754 34 139 34
277653.017867 2110870.470011 246.665538 139 69 19
277336.327065 2110959.491925 155.474399 139 69 19
277599.708362 2111013.099248 209.034214 139 69 19
277179.334151 2110728.455647 167.174833 139 69 19
277458.968761 2110877.764021 206.523573 34 139 34
277363.075062 2111399.359911 112.844961 139 69 19
277296.073906 2110980.905757 130.476690 139 69 19
276716.216145 2110782.370636 73.637565 34 139 34
277450.447218 2111050.801404 149.186100 139 69 19
277044.462975 2111262.231267 77.426836 139 69 19
277212.376613 2111320.032327 105.106677 34 139 34
277358.987049 2110893.471955 177.348136 139 69 19
276819.871458 2111218.319653 17.664167 34 139 34
276967.072053 2111572.797101 37.091025 139 69 19
277406.504728 2110619.982255 215.626994 34 139 34
277226.069832 2111338.997432 110.752734 139 69 19
277191.884425 2111370.117260 86.909874 34 139 34
276791.955761 2110713.899306 79.635145 139 69 19
277012.415170 2111063.910259 93.611180 139 69 19
277518.245618 2110860.712689 213.359413 34 139 34
277281.438438 2111682.314119 56.191434 139 69 19
276814.494303 2110936.137675 51.551762 34 139 34
277577.231767 2111039.209666 204.133011 139 69 19
277016.331728 2111229.627668 57.494228 34 139 34
277475.360535 2110869.631893 198.161856 139 69 19
277110.323851 2111312.475437 77.117961 139 69 19
276934.692596 2110682.455452 124.386821 139 69 19
277071.581267 2111148.849946 87.608073 34 139 34
276806.435492 2110925.658881 42.159085 139 69 19
277209.964906 2110837.237220 160.675132 139 69 19
276771.492830 2111363.779590 -0.813979 34 139 34
277031.056954 2111304.060728 36.079540 34 139 34
277281.572424 2111630.796876 63.272384 139 69 19
277208.174820 2111623.227066 70.487163 34 139 34
277585.337130 2110581.400132 245.788775 34 139 34
277066.423731 2111082.030732 104.062045 139 69 19
277216.880728 2110771.470843 166.015370 34 139 34
276849.948157 2111345.270718 27.391861 34 139 34
277502.814632 2111075.234682 184.904129 139 69 19
277571.331239 2111447.837280 167.047160 34 139 34
277369.551117 2111566.601929 96.390343 34 139 34
277321.652632 2111279.122884 135.294904 34 139 34
277236.604960 2111602.621092 86.365901 34 139 34
277308.287442 2110657.232034 200.056330 139 69 19
276899.351984 2111063.694148 46.250172 34 139 34
277496.770760 2111084.292580 196.933686 139 69 19
276750.230642 2110876.670779 55.031332 139 69 19
276803.581045 2111000.137608 41.400615 34 139 34
277209.568160 2111694.385298 35.602137 34 139 34
277357.716878 2110964.923426 164.428248 139 69 19
276772.585940 2111341.344439 13.789591 139 69 19
276826.985860 2110835.332605 70.032828 139 69 19
277191.150995 2110945.655327 145.819757 34 139 34
277072.438120 2110728.037066 150.197548 139 69 19
277287.292309 2111553.055482 106.645122 139 69 19
276678.158017 2110785.506210 57.603594 139 69 19
277544.330131 2110766.565277 232.262299 139 69 19
276863.532514 2111635.155197 -16.498682 34 139 34
276932.786225 2110864.047692 95.808256 139 69 19
276882.334763 2111736.322970 4.687859 34 139 34
277499.071177 2111407.703780 173.181161 34 139 34
277564.167812 2111094.522167 209.769704 139 69 19
277706.193803 2111478.376667 197.646656 34 139 34
277688.257790 2111265.135368 190.542031 34 139 34
277044.226151 2111726.872512 6.454172 34 139 34
276687.567795 2110854.395730 27.433821 34 139 34
276732.494114 2111377.742585 1.699997 139 69 19
277764.158498 2111324.312871 222.246671 34 139 34
277022.507626 2110693.788651 129.296095 34 139 34
277549.134328 2111640.247120 146.303254 139 69 19
276792.755637 2111039.463555 18.444183 34 139 34
277695.866340 2111090.215543 225.697067 139 69 19
277164.422236 2111385.237247 74.713405 139 69 19
277531.154716 2110791.184693 208.446416 34 139 34
277602.007272 2111282.483971 186.186525 139 69 19
277646.911489 2110692.243351 244.645738 34 139 34
277535.780346 2111330.173321 160.207972 34 139 34
277010.180495 2110787.931511 91.542885 34 139 34
277074.533543 2111692.668669 23.735910 139 69 19
277423.396583 2111189.100580 172.684244 34 139 34
277546.515690 2110699.261398 236.613691 34 139 34
277379.727170 2111270.663612 135.534057 139 69 19
277456.404618 2110948.459836 198.166390 139 69 19
277205.263581 2111377.055771 81.268577 139 69 19
277614.680243 2110999.855446 219.847907 34 139 34
277747.227702 2111381.073861 212.923079 34 139 34
277638.906449 2111532.743497 177.182145 34 139 34
277354.107128 2111054.430329 172.003797 139 69 19
277047.809350 2110713.183532 130.163124 139 69 19
277381.603047 2111330.443901 127.015825 34 139 34
277428.447919 2111669.440137 114.461027 34 139 34
276855.413684 2111549.110323 -1.033369 34 139 34
277505.167445 2111225.054330 172.693849 34 139 34
277535.187101 2111157.963162 194.376004 139 69 19
276928.260320 2111065.118676 76.740599 34 139 34
276918.409030 2111469.453198 24.473809 34 139 34
277317.806659 2110702.788432 204.063414 139 69 19
277425.661447 2110891.455541 189.377223 139 69 19
277516.374281 2110589.700688 229.609257 139 69 19
276771.786667 2110967.331280 40.989185 139 69 19
277728.602678 2111335.344728 210.547554 34 139 34
277284.649876 2111649.875795 61.206800 139 69 19
276664.024907 2110779.529625 31.446793 34 139 34
277280.923954 2110811.810208 181.036021 139 69 19
277006.677621 2111462.456227 36.666655 139 69 19
276662.542093 2111072.530771 25.360404 34 139 34
277274.222248 2111341.983576 91.239431 34 139 34
277529.673351 2111006.327705 195.554449 34 139 34
276881.715086 2111712.118925 -7.601798 34 139 34
277429.161198 2111003.077198 181.832918 34 139 34
277005.142512 2111708.845934 23.335371 139 69 19
277744.151283 2111225.048417 223.996930 34 139 34
276895.001942 2111455.296197 20.379103 34 139 34
277590.198973 2111574.171262 145.021378 34 139 34
277713.584067 2111607.713872 171.421526 139 69 19
277426.184765 2111384.685878 132.704782 34 139 34
276694.272846 2110962.523391 22.865929 34 139 34
277583.955129 2110595.203547 254.884214 34 139 34
277605.575542 2111023.254728 216.990052 34 139 34
277636.728711 2110742.851973 246.841313 34 139 34
277252.036799 2111038.444909 140.157875 34 139 34
277542.402589 2111636.223621 132.326000 34 139 34
277070.648656 2111166.909948 93.288543 34 139 34
276892.291385 2111327.408475 31.726368 139 69 19
276792.593161 2111129.798818 41.682656 139 69 19
277407.765862 2111494.363965 112.726477 139 69 19
277747.650568 2111276.690671 200.100327 34 139 34
276767.653328 2111193.404014 4.068686 139 69 19
277660.397305 2111606.712396 164.264508 139 69 19
277036.165677 2111170.852877 88.232609 139 69 19
277199.903486 2111251.396488 97.304175 34 139 34
276781.477403 2110740.579825 62.756367 34 139 34
276805.387338 2111057.828782 40.941092 34 139 34
277542.055719 2111129.792683 193.764879 34 139 34
276899.762453 2111643.469118 -13.137803 34 139 34
277338.881019 2111052.286126 153.517342 139 69 19
277784.511309 2111483.790338 199.662166 34 139 34
277344.338575 2110756.381729 189.184299 34 139 34
276820.589155 2111353.117171 5.355704 139 69 19
277033.298328 2111183.594485 69.800024 34 139 34
277486.160624 2111238.449665 172.525400 34 139 34
277008.720209 2111649.576346 10.218939 139 69 19
276978.807791 2111471.311454 31.408483 139 69 19
276740.239977 2111489.432041 -15.897267 139 69 19
276708.148196 2111363.220243 -5.068710 34 139 34
277202.942015 2110992.885948 162.169125 34 139 34
276787.696033 2111266.815053 22.560899 139 69 19
277165.438476 2111698.252485 70.013353 34 139 34
277066.359511 2111140.169752 96.638089 139 69 19
277281.864877 2110860.857019 176.313956 34 139 34
277211.619623 2111074.781471 121.370339 139 69 19
277740.522547 2111369.207806 211.872613 139 69 19
277216.182370 2110878.217083 141.984336 139 69 19
276687.663029 2111149.276466 10.333920 139 69 19
276808.434388 2111671.621518 -30.135534 34 139 34
277043.667681 2111545.623926 41.197409 139 69 19
277432.505468 2111578.905881 124.061045 34 139 34
277495.568108 2111334.108354 169.372512 34 139 34
277743.547252 2111302.082691 202.725674 34 139 34
277357.179622 2111221.211632 148.513137 139 69 19
277612.741023 2110959.870740 209.222399 34 139 34
277134.137277 2111131.422964 117.772779 34 139 34
276793.011670 2111210.318859 36.153003 139 69 19
277642.711048 2110841.595325 218.888128 139 69 19
277467.602613 2111251.721677 149.283108 34 139 34
277139.372281 2111474.023772 74.348146 139 69 19
277735.036318 2111435.158571 199.049731 139 69 19
277130.795986 2111565.903106 59.211540 139 69 19
277200.945628 2111118.853087 118.068111 139 69 19
277062.161033 2110994.164196 94.941369 139 69 19
277106.852449 2110964.616844 115.057733 139 69 19
277658.973901 2111081.103263 237.875281 34 139 34
277477.563688 2111069.588344 193.011053 139 69 19
277523.944746 2110731.009010 228.162029 139 69 19
277047.885208 2111653.327060 43.953719 34 139 34
277577.776222 2110652.915267 236.178534 34 139 34
277491.357590 2111414.680739 154.318795 34 139 34
277027.032876 2111275.477752 56.785667 139 69 19
276943.848473 2111304.177427 34.950201 34 139 34
277674.814983 2111025.289464 214.842924 139 69 19
277477.314666 2110993.855516 179.340989 139 69 19
277490.346753 2111261.886875 150.879319 139 69 19
277090.214439 2111237.304298 78.825159 34 139 34
277168.099105 2111111.334227 105.597536 34 139 34
276772.191362 2111547.899045 -1.239810 34 139 34
277528.884610 2111552.068389 132.237017 34 139 34
277047.856228 2111340.685414 67.763247 139 69 19
277515.097349 2111434.733337 139.284414 34 139 34
277150.203682 2111556.887150 67.059663 139 69 19
277475.132687 2110899.380269 195.767638 34 139 34
277820.128276 2111569.173577 199.883586 34 139 34
277297.984212 2110753.801992 180.279761 139 69 19
276777.014256 2111116.519934 28.081772 139 69 19
276923.165651 2111618.595986 10.004745 139 69 19
277234.684326 2111612.235234 82.871780 34 139 34
276761.104199 2111519.871965 -17.482866 34 139 34
277202.813719 2111070.561721 124.260630 139 69 19
276938.122474 2110825.765282 84.007281 34 139 34
276869.184937 2110711.566258 105.569603 34 139 34
276900.466534 2110723.488082 85.496858 34 139 34
277218.352144 2111258.073966 109.993620 139 69 19
277061.776337 2110981.699834 112.546315 139 69 19
276840.011784 2111536.042825 10.009645 139 69 19
277541.441335 2111626.840182 136.615467 34 139 34
276855.407954 2111192.188751 47.900680 34 139 34
277480.683559 2111100.936772 194.088343 139 69 19
276880.271782 2111656.920163 2.717826 34 139 34
276834.512226 2110923.178334 50.418919 139 69 19
276931.518979 2111199.302489 42.143358 34 139 34
277544.918337 2110761.157193 223.079027 139 69 19
277077.977637 2111175.754978 66.465702 139 69 19
277160.755469 2111354.953257 80.409038 34 139 34
277592.469999 2111001.993748 207.258635 139 69 19
277579.943347 2110632.453434 244.892993 34 139 34
277612.425456 2111233.945945 190.297220 139 69 19
276798.982353 2111286.577160 19.073089 139 69 19
277752.274184 2111573.320253 191.954087 139 69 19
277262.847865 2111529.630154 104.919427 139 69 19
276961.833083 2111213.864735 60.082829 34 139 34
276925.275085 2110832.732898 88.144686 139 69 19
277098.411952 2111102.491306 115.683837 34 139 34
276992.517908 2111380.903938 55.964566 34 139 34
277587.037197 2111227.723587 186.039043 34 139 34
277378.377290 2111487.403490 138.033570 34 139 34
276965.731125 2111683.459135 -6.615643 139 69 19
276863.175553 2111122.671657 44.673885 139 69 19
277165.323299 2111628.907500 51.459888 139 69 19
277569.231723 2111559.408685 140.781579 34 139 34
277010.908493 2111689.540055 21.339425 139 69 19
277679.241641 2111553.316203 186.218611 139 69 19
277633.808724 2111487.250010 169.939122 34 139 34
277244.996169 2110960.881691 135.934490 34 139 34
277280.094699 2110934.514286 140.650806 139 69 19
276852.231727 2110843.772289 76.439087 139 69 19
277393.600117 2111193.530578 167.412527 139 69 19
277429.679895 2111143.507465 165.306771 34 139 34
276976.446311 2111622.227614 13.165465 139 69 19
277174.707123 2110805.260235 157.965867 139 69 19
276800.630066 2110871.869135 69.625716 34 139 34
277365.910038 2111184.702677 147.735795 139 69 19
276940.336999 2111154.260909 31.452722 139 69 19
277332.954833 2111630.098525 68.160447 34 139 34
277221.886185 2111176.695121 97.331404 34 139 34
277679.770747 2111246.345579 188.068952 139 69 19
277509.038116 2111198.137540 161.119683 139 69 19
277576.508324 2111383.719669 168.928692 139 69 19
276704.298786 2110747.518081 34.899906 34 139 34
277585.680325 2111036.107309 214.424390 34 139 34
277600.436877 2111493.717778 167.581537 139 69 19
277164.955642 2111603.366791 73.689638 34 139 34
277651.191682 2111068.631376 220.292027 139 69 19
277032.827185 2111412.452647 65.291745 139 69 19
277323.799854 2111146.296118 127.724696 139 69 19
277207.207365 2111648.736520 65.842569 139 69 19
276779.650091 2111498.926138 1.330399 34 139 34
277100.926439 2110767.105971 142.856308 139 69 19
276756.336974 2111512.628925 -13.711028 34 139 34
276717.414547 2110964.775613 32.101866 139 69 19
277583.375502 2111376.491395 156.320569 34 139 34
277695.921033 2110958.286635 221.754471 139 69 19
277034.318945 2110906.206719 91.613489 139 69 19
277190.075456 2111199.398522 106.493430 34 139 34
277783.021264 2111458.817100 205.563707 139 69 19
277442.258308 2111121.880680 164.176098 34 139 34
277136.260078 2111271.260174 90.510293 139 69 19
276793.420453 2111782.544298 -7.647207 34 139 34
277721.924409 2111246.419510 212.194855 34 139 34
277402.895114 2110744.505065 207.133254 139 69 19
277647.725575 2111593.236688 164.164762 139 69 19
277378.948302 2111498.984384 109.983437 34 139 34
277454.066912 2111400.166017 120.263689 139 69 19
276762.925961 2111242.818772 -11.665988 139 69 19
277499.052283 2111388.085003 158.061753 139 69 19
277647.376592 2111348.893791 194.181741 34 139 34
276940.475699 2111261.716736 50.790734 34 139 34
276823.348437 2111142.064636 60.137971 34 139 34
276869.289258 2111528.068041 3.685527 139 69 19
277580.398767 2110819.744184 215.170182 139 69 19
276847.358871 2110981.923982 76.383672 139 69 19
277239.565979 2111299.300002 86.500018 139 69 19
277115.586345 2111419.841762 80.650577 34 139 34
276945.746938 2110805.688833 95.677213 139 69 19
277148.305661 2111192.096445 105.154710 34 139 34
277263.852434 2111330.482246 111.953685 34 139 34
276964.432990 2111214.075301 54.479131 34 139 34
277613.521992 2111026.398532 205.892611 34 139 34
276834.633213 2111269.682148 22.252114 34 139 34
277069.622754 2111129.609808 90.548806 34 139 34
276988.962491 2110936.474074 88.025148 139 69 19
277325.038281 2111159.453092 131.433667 139 69 19
277602.084036 2111484.422670 159.485128 139 69 19
277372.317406 2111322.514397 131.806706 34 139 34
277642.525492 2110911.535017 244.238514 34 139 34
277150.132184 2111340.104279 76.363408 139 69 19
276864.833189 2110738.099033 77.617056 139 69 19
276913.269402 2110855.119625 82.595676 34 139 34
277461.148314 2110664.729152 225.916352 34 139 34
277404.753983 2111022.637153 169.190702 139 69 19
277143.238963 2111668.903762 51.850047 139 69 19
277267.523330 2111052.071548 155.437622 139 69 19
277110.534222 2110923.771624 120.644596 34 139 34
277211.745040 2110725.560683 155.734309 139 69 19
277520.174375 2111080.920150 194.760694 139 69 19
277466.553918 2110949.346557 206.211409 139 69 19
277393.307060 2111591.038107 99.394706 34 139 34
277339.574452 2111156.564637 168.165708 139 69 19
276654.640619 2110992.430645 -6.090190 34 139 34
277137.815564 2110895.828644 125.189833 34 139 34
277357.910666 2111487.827534 104.000692 34 139 34
277132.582607 2110714.308860 144.715924 139 69 19
277168.512388 2110971.132273 123.005214 139 69 19
277512.579505 2110905.083928 201.112720 139 69 19
276661.173859 2110996.586594 7.798683 34 139 34
277612.141319 2110890.878698 223.202683 34 139 34
277180.238698 2110857.153547 145.831639 34 139 34
276935.401537 2110890.140101 101.247758 139 69 19
276960.996733 2110683.918443 107.395946 34 139 34
277705.459922 2111129.277425 213.911103 139 69 19
276912.613758 2110693.074960 89.505302 139 69 19
276968.868100 2110834.366573 92.562196 34 139 34
276972.993299 2110743.150778 124.291154 34 139 34
277723.646992 2111216.698306 220.496851 34 139 34
277805.594090 2111520.954324 214.690810 139 69 19
277372.453325 2110869.835189 178.175732 139 69 19
276972.957062 2110984.171562 76.526388 139 69 19
277342.901270 2111279.829205 142.570133 34 139 34
277369.140279 2110801.038075 206.854758 139 69 19
277542.346308 2110814.719694 230.545096 139 69 19
277171.926744 2110872.353274 143.491215 139 69 19
277328.524138 2111031.412107 173.933846 139 69 19
277400.236234 2111622.286054 84.579825 34 139 34
277212.113196 2111358.755839 112.129635 139 69 19
277467.645779 2110770.454672 232.464025 34 139 34
277445.131262 2110748.871487 217.004844 139 69 19
276920.340140 2110768.824340 112.870251 34 139 34
277575.334849 2110922.871828 230.715770 34 139 34
277356.521871 2111178.520146 137.061180 139 69 19
276771.441039 2110910.095546 45.614241 34 139 34
277098.776035 2110898.350976 142.163423 139 69 19
277021.572840 2110752.540738 125.946202 139 69 19
277156.358199 2111585.583899 75.586437 34 139 34
276971.320918 2111712.871051 8.695854 139 69 19
277483.397786 2111542.790321 122.543346 139 69 19
276824.683051 2111156.146267 30.828806 34 139 34
276740.436902 2111453.390584 -16.725780 34 139 34
277151.653962 2111227.740841 92.370916 34 139 34
277666.851411 2111391.692458 182.923032 139 69 19
277211.824665 2111615.229433 74.168214 139 69 19
277331.902775 2111364.690601 119.141404 139 69 19
277429.909205 2111251.477845 137.637625 139 69 19
277648.469865 2110763.575015 243.730109 34 139 34
277403.065051 2111161.706479 135.722407 139 69 19
277200.341921 2111121.661211 115.922968 139 69 19
276838.006322 2111488.204409 12.209792 139 69 19
277277.498914 2110875.397915 172.503304 139 69 19
276801.227063 2111503.795624 -34.501361 139 69 19
277087.345684 2111629.749067 51.928001 139 69 19
277169.046393 2111731.452739 58.394746 139 69 19
276672.206986 2111013.557810 -10.868036 34 139 34
276693.967235 2111243.649117 5.730011 139 69 19
277653.135386 2111539.132105 144.594944 34 139 34
276694.731738 2111074.032724 8.338363 139 69 19
277554.087192 2110913.091060 227.026351 34 139 34
277094.188105 2111328.344780 53.106790 139 69 19
276784.733298 2111383.889399 -22.069117 139 69 19
277519.964816 2110721.754191 231.541167 34 139 34
277422.353683 2110795.293769 193.331458 34 139 34
277267.558326 2110649.427549 177.515924 34 139 34
277255.268875 2110695.448275 187.486916 34 139 34
277679.388809 2110902.047201 234.580331 34 139 34
277345.725142 2111077.246203 153.348373 139 69 19
276971.910520 2110903.804074 92.377791 34 139 34
277585.620056 2110778.129931 245.371293 139 69 19
277062.811887 2110896.490819 121.373863 34 139 34
277624.011506 2111490.493187 155.535987 139 69 19
277146.852589 2110741.936246 135.479627 34 139 34
277614.407429 2110636.419409 244.228035 139 69 19
277395.948084 2111524.184580 100.084591 139 69 19
277513.909610 2111089.122372 167.448594 34 139 34
277674.689210 2111307.520577 188.746932 139 69 19
277324.245914 2111143.630214 140.245495 139 69 19
277141.324570 2110813.737622 127.495536 139 69 19
276971.352911 2110784.457097 109.383509 139 69 19
277468.357217 2111290.383414 167.676639 139 69 19
277650.549899 2111327.914741 204.103982 139 69 19
276662.467364 2111016.006734 7.893908 139 69 19
276913.299715 2110758.510087 81.553450 34 139 34
277240.229423 2111180.833793 124.697221 139 69 19
277310.345587 2110632.316912 203.990318 139 69 19
276796.737473 2111625.302824 -27.726059 34 139 34
276793.751870 2110785.213713 57.409382 34 139 34
277364.981251 2111356.321151 136.476151 139 69 19
276879.856286 2111598.266871 8.894485 139 69 19
277117.325401 2110772.461010 143.161593 34 139 34
276982.959032 2111119.044507 74.751967 139 69 19
276757.587947 2111446.913962 -29.169620 34 139 34
277093.135019 2111145.256620 96.106897 139 69 19
277148.611911 2111306.774247 80.858006 139 69 19
276814.212009 2111503.762847 -5.803955 34 139 34
277137.029390 2111363.743767 69.544847 34 139 34
277651.258077 2110820.379809 233.231072 139 69 19
276808.744416 2110892.928264 69.342808 34 139 34
277041.237746 2110847.681511 95.976468 139 69 19
276881.373735 2111545.492059 11.300853 139 69 19
277273.492659 2111277.270254 114.890511 139 69 19
276810.973391 2110851.354942 71.409968 139 69 19
277555.543051 2111091.393616 191.487599 139 69 19
276803.917871 2111300.493062 6.268402 34 139 34
277179.720838 2110717.774294 144.091016 139 69 19
276875.790918 2111189.797213 26.868045 139 69 19
276955.741163 2110847.509486 112.548387 34 139 34
276775.040904 2111142.508538 40.094521 34 139 34
277623.324238 2111393.082822 173.245263 34 139 34
277529.937498 2110851.040515 197.523717 139 69 19
277057.958787 2111716.569448 49.037621 139 69 19
277639.434880 2110958.363987 211.759912 34 139 34
277426.425802 2111340.427752 161.120260 139 69 19
277075.384406 2110746.437049 128.989866 34 139 34
277361.478981 2110888.122483 194.152026 34 139 34
276886.238404 2111744.331838 -22.391540 34 139 34
277487.037079 2111219.642727 159.283884 34 139 34
277178.801219 2111371.196822 82.313065 139 69 19
277581.224557 2111489.518490 141.029149 34 139 34
276740.306980 2110778.195906 31.717367 139 69 19
276704.922064 2111089.609424 15.289451 139 69 19
277115.297609 2110800.538505 148.581612 34 139 34
277081.217626 2111184.898863 90.753586 139 69 19
277126.292799 2111627.203097 62.158538 139 69 19
277449.703933 2110784.111355 193.886837 139 69 19
277012.146704 2111600.263141 28.241093 139 69 19
277637.377867 2111102.440199 215.558335 34 139 34
277279.809902 2111274.529857 110.463999 34 139 34
277026.171473 2111556.096388 26.263273 34 139 34
277134.842847 2111323.130758 85.196329 34 139 34
277179.187653 2110651.043944 155.450735 139 69 19
277084.860356 2111477.134106 67.468739 34 139 34
277188.409799 2111671.996743 55.392722 34 139 34
276833.737366 2110970.979475 52.449455 34 139 34
276836.319869 2111785.290524 -45.677245 139 69 19
277731.905968 2111439.399613 186.515032 139 69 19
277464.192982 2111032.761937 194.040612 139 69 19
277294.790380 2111573.279860 103.309457 34 139 34
276816.387003 2111586.946849 -7.959550 139 69 19
277399.256336 2110647.737164 215.511192 34 139 34
277726.972478 2111461.800998 185.768255 139 69 19
277081.229949 2111409.268346 63.286946 34 139 34
277094.882757 2111461.056135 55.024152 139 69 19
276832.741208 2111687.460296 -33.293758 139 69 19
277364.326493 2111270.300440 155.808916 139 69 19
277219.876555 2111313.724683 89.554709 34 139 34
277520.280104 2111590.540078 146.107621 34 139 34
277551.561898 2110770.056811 236.553844 139 69 19
276957.554902 2111221.913164 65.522425 34 139 34
276851.947192 2111573.877557 -14.957476 139 69 19
277348.660502 2111504.028991 109.999313 139 69 19
277405.120170 2111028.924586 171.840619 139 69 19
277262.951282 2110917.498086 144.901669 34 139 34
277655.970343 2110773.926140 256.241098 34 139 34
276961.382101 2111087.061748 84.891964 139 69 19
277175.266416 2110922.503384 132.966632 139 69 19
277654.697706 2111478.466877 180.265603 34 139 34
277259.264313 2111640.375525 73.072859 139 69 19
277640.024329 2111030.954256 215.004655 139 69 19
277046.126626 2110803.174802 95.829502 34 139 34
277490.486973 2110589.257788 213.378600 34 139 34
277352.730361 2111662.067293 79.502241 139 69 19
277094.556730 2110758.135343 131.660391 34 139 34
277412.194868 2111441.455742 143.190077 139 69 19
277424.404268 2111455.227660 139.657075 34 139 34
277611.781454 2111245.779443 193.463063 34 139 34
277161.221007 2110839.595803 172.442382 139 69 19
277441.178346 2110745.673057 224.325552 139 69 19
277515.346048 2110944.717801 206.002980 34 139 34
276907.474171 2111277.395718 37.128381 139 69 19
277397.756270 2111245.927882 148.550794 139 69 19
276907.881428 2111298.927221 35.175204 34 139 34
277443.305591 2111640.733467 102.906098 34 139 34
276764.351547 2111373.191823 0.365869 34 139 34
277074.224707 2110939.426614 113.459296 34 139 34
276861.332064 2111157.725869 41.783931 34 139 34
277058.234603 2111293.996042 82.303548 34 139 34
276708.641982 2111341.953655 -14.929719 34 139 34
277447.351830 2110940.752309 202.052551 34 139 34
276734.132814 2111024.808881 22.280716 34 139 34
276796.149068 2111005.954795 27.763453 34 139 34
277395.337494 2111281.510859 130.655243 139 69 19
276976.645226 2111058.643890 95.426302 139 69 19
277004.815792 2111223.608419 86.334911 139 69 19
277330.478352 2110755.841607 209.519870 139 69 19
277364.649934 2110938.971012 167.574970 34 139 34
276678.940990 2111053.744804 20.173437 139 69 19
277148.968543 2111036.561832 118.705661 139 69 19
277188.576607 2111427.621813 103.164278 34 139 34
276960.790529 2111098.767267 73.074167 139 69 19
277402.937284 2111462.869905 134.369818 34 139 34
277626.520194 2110967.379410 218.236927 34 139 34
276818.881062 2111445.496585 -4.914618 34 139 34
276795.227318 2110910.605305 60.646809 34 139 34
277481.207049 2111645.229531 107.774245 34 139 34
277392.010138 2111243.319722 158.617652 34 139 34
277507.468395 2110997.996885 213.520429 34 139 34
277283.440873 2111650.635926 77.674095 34 139 34
277562.975959 2110692.981011 244.302939 34 139 34
277332.793973 2111594.608242 117.803815 139 69 19
277376.228774 2110905.508606 170.973748 34 139 34
277320.310761 2111058.770904 144.107687 139 69 19
277312.084374 2111008.007748 149.968058 34 139 34
276778.232012 2111369.191594 -9.009197 139 69 19
276936.162962 2111099.559810 67.622594 34 139 34
277121.911251 2111214.740419 90.524320 139 69 19
276817.746311 2111437.750848 -10.999059 34 139 34
276848.902626 2111216.835979 16.726377 34 139 34
277587.017303 2110890.072613 238.829598 139 69 19
277351.555861 2111506.673082 115.726753 139 69 19
276768.186623 2111453.985184 -19.783659 139 69 19
276955.606910 2110852.049704 90.402660 139 69 19
277247.086867 2110691.024495 164.484012 139 69 19
276979.802921 2111589.773940 12.048115 34 139 34
276944.268631 2110702.718896 101.661051 34 139 34
277499.736625 2110809.010679 209.041509 34 139 34
277175.446466 2110783.423683 143.380147 139 69 19
277442.530386 2111298.867918 136.681192 139 69 19
276873.120028 2111560.357102 6.556317 139 69 19
277120.213736 2111512.269994 72.383552 34 139 34
277505.591425 2110667.139479 235.668710 139 69 19
276882.340265 2111382.639652 25.937119 34 139 34
277658.184795 2111061.012704 216.706651 139 69 19
276648.486585 2110933.559766 35.390202 139 69 19
277265.829831 2110943.273401 159.399817 139 69 19
277262.151045 2111472.010027 77.537945 139 69 19
276785.527405 2111667.704527 -33.271692 139 69 19
277679.160427 2111447.042010 198.950550 139 69 19
276950.959867 2110982.224082 94.491865 139 69 19
277260.487916 2110715.356208 168.130657 34 139 34
277164.751810 2111079.895469 123.198222 139 69 19
277576.507791 2111421.517660 173.102937 139 69 19
276665.182839 2110868.467193 24.069295 139 69 19
277643.664390 2111204.009825 210.088378 34 139 34
277653.082830 2110748.367700 244.618022 139 69 19
276747.884743 2111517.616170 -28.388655 34 139 34
277390.591607 2111483.673795 123.737334 34 139 34
276965.734575 2110902.117999 101.944213 139 69 19
277572.108183 2111354.984161 169.778212 34 139 34
277274.338804 2111023.433607 145.664164 34 139 34
277258.017028 2111512.643891 80.339693 139 69 19
277411.011785 2111396.013543 110.152487 139 69 19
277054.932629 2111176.665559 77.187973 34 139 34
277359.062316 2111561.465499 79.301474 139 69 19
277521.354978 2111037.329171 218.120628 139 69 19
277102.337056 2111123.843205 101.359839 34 139 34
276775.325323 2110893.299817 56.697258 34 139 34
276960.202732 2111472.792083 29.487214 34 139 34
277024.140695 2111382.457504 45.325250 34 139 34
276916.121240 2111102.847031 59.593224 139 69 19
277397.746261 2111521.173172 108.440722 139 69 19
276820.722578 2110792.705934 57.038590 139 69 19
277093.110384 2111699.390743 45.743122 139 69 19
277671.296249 2111504.728422 179.703763 139 69 19
277054.086046 2111714.196165 33.384227 34 139 34
277277.594899 2110847.998181 160.929633 34 139 34
277701.746932 2111204.977564 217.447943 139 69 19
276883.341317 2110831.588700 78.894326 139 69 19
277344.162492 2111664.250371 95.485405 139 69 19
277343.814083 2111417.671878 105.926658 139 69 19
277596.892126 2110648.670188 261.650583 34 139 34
277370.148454 2111390.436730 132.400928 34 139 34
277657.683682 2111009.352787 214.960045 139 69 19
276958.698636 2111074.879305 86.634121 34 139 34
277135.097910 2110643.311620 154.686420 34 139 34
276899.433234 2111289.276575 40.653295 34 139 34
277299.534575 2110626.787780 193.677991 34 139 34
277570.493929 2111525.117816 152.616240 139 69 19
276668.233013 2111033.848321 12.109903 139 69 19
277232.841098 2111072.642215 159.152083 139 69 19
277422.636713 2111477.214577 127.997148 139 69 19
276846.861380 2110843.885580 77.581003 34 139 34
276791.165288 2111636.153036 -17.711213 139 69 19
277096.520211 2110698.769980 137.343180 34 139 34
277426.855235 2111177.140009 180.463577 139 69 19
276707.951947 2110977.819485 29.798266 139 69 19
277503.260174 2111441.814534 150.528096 139 69 19
276829.123449 2111327.372693 6.076873 34 139 34
276660.419504 2110918.825588 33.133661 34 139 34
277387.153610 2110874.597291 190.072790 139 69 19
276958.435399 2111079.281332 37.671107 139 69 19
277705.689442 2111576.802028 158.880362 34 139 34
276718.677505 2111242.504010 -0.659714 34 139 34
277425.955331 2111594.645395 111.684566 139 69 19
277657.506483 2111464.670950 166.938435 139 69 19
277453.865821 2111045.157776 179.579707 139 69 19
277320.442604 2110994.068584 154.584411 139 69 19
277107.992996 2110927.344193 120.703959 139 69 19
277003.986326 2110742.957146 107.893902 139 69 19
277092.338153 2110941.275326 111.069819 139 69 19
277040.510195 2111104.951532 74.561072 34 139 34
277573.841299 2111376.607950 166.327486 139 69 19
277138.186309 2110792.777202 151.404287 34 139 34
277804.293488 2111594.031169 184.235721 34 139 34
276961.742766 2111632.411690 25.182633 139 69 19
276846.891307 2111747.112296 -9.437822 34 139 34
277491.317272 2110901.659738 202.896885 139 69 19
277383.070036 2110738.120763 210.842859 34 139 34
277044.257670 2110728.366172 121.242720 139 69 19
276794.258703 2110722.711757 83.116498 34 139 34
277372.086667 2110783.985202 189.620236 34 139 34
276760.675080 2110725.751385 71.684083 139 69 19
276850.911134 2111345.255867 28.396868 34 139 34
277052.561933 2111602.608373 26.110386 34 139 34
277523.347433 2110728.471297 205.748407 139 69 19
276688.338379 2111287.279761 10.874365 34 139 34
276774.992154 2111410.351513 -2.077613 139 69 19
277094.210596 2111456.683743 56.163233 34 139 34
277575.479990 2111206.628427 173.324879 139 69 19
277157.240881 2111218.071561 95.814906 34 139 34
277076.468623 2111507.717206 57.146399 139 69 19
277474.194956 2111186.682469 168.792778 34 139 34
277156.376166 2111183.461084 119.396192 139 69 19
277455.174104 2110645.019628 224.010710 34 139 34
277468.288215 2110658.555192 211.390184 34 139 34
277626.558429 2111374.601773 195.460642 139 69 19
276713.712779 2110984.280087 29.445313 139 69 19
276719.527206 2111049.515365 29.373735 139 69 19
276823.428963 2111731.892529 -34.285930 139 69 19
277531.444713 2110614.369149 246.507846 139 69 19
277242.526318 2111209.516654 121.589708 34 139 34
277631.822677 2111079.066581 218.249685 34 139 34
277183.647383 2110916.000345 127.392913 34 139 34
276841.727551 2111648.427386 -19.085852 139 69 19
277567.747090 2110821.194673 222.417096 34 139 34
277519.005178 2110617.696051 232.125762 34 139 34
277089.380281 2111672.864167 31.860650 139 69 19
277331.712328 2110707.311214 186.178497 139 69 19
277201.158386 2110990.322349 128.041410 139 69 19
277451.055827 2110596.439304 227.357068 139 69 19
277445.468828 2110887.343872 205.226865 139 69 19
276804.789103 2110815.281105 86.435023 139 69 19
277070.442079 2110699.006123 130.040659 139 69 19
277750.565672 2111511.932669 207.220468 34 139 34
276789.708462 2110732.770952 88.038806 34 139 34
277617.488100 2110925.536404 221.723015 139 69 19
277259.587286 2111309.870574 118.188873 139 69 19
277434.115650 2111165.825994 161.669074 139 69 19
277241.742525 2110806.242099 152.197924 34 139 34
277346.589626 2110652.179313 180.060784 139 69 19
276744.373212 2110980.369964 34.071863 34 139 34
276797.004222 2111566.593770 -4.959935 139 69 19
277460.274883 2111677.161037 119.688502 34 139 34
277073.863541 2110674.198555 138.016277 34 139 34
276873.467088 2110754.618248 74.543858 139 69 19
276620.166966 2110752.010645 42.926999 34 139 34
276860.588612 2111752.527464 -18.648137 139 69 19
276819.141069 2110704.727698 104.973682 34 139 34
277357.171968 2111576.523540 93.353179 139 69 19
276692.466398 2110934.928262 37.639485 139 69 19
277033.181099 2111259.436832 71.073455 139 69 19
277774.710698 2111575.239895 187.708819 139 69 19
276910.282117 2111466.741173 25.361512 139 69 19
277699.142693 2111513.326482 175.226806 34 139 34
277429.422469 2111602.955739 122.335548 34 139 34
277547.598855 2110797.683915 216.909500 139 69 19
277534.334135 2111225.231596 166.247929 139 69 19
276885.226370 2110920.359399 74.663422 34 139 34
277106.524738 2111627.534633 43.867025 139 69 19
276822.942864 2111450.072026 4.775556 139 69 19
276698.841030 2111283.298723 -8.383062 139 69 19
277141.861510 2110897.265179 113.753113 139 69 19
277024.408438 2111106.809580 91.906720 34 139 34
277321.625189 2110824.148330 180.508921 139 69 19
277118.130014 2111437.874807 80.726495 34 139 34
276842.146767 2111096.558725 42.202382 34 139 34
277519.887853 2110935.124493 204.340544 34 139 34
277058.910786 2111302.348608 66.404823 34 139 34
277023.986375 2110806.077161 117.285383 34 139 34
276935.054771 2110880.859463 79.080969 34 139 34
277728.560569 2111443.726512 196.203786 139 69 19
277064.798337 2111141.538730 91.042183 34 139 34
277471.859281 2110671.515566 206.140716 34 139 34
277565.083712 2110595.140833 251.012736 139 69 19
277226.098048 2111703.134741 63.186332 34 139 34
277385.212327 2111137.115609 170.534557 34 139 34
277496.081821 2111647.625637 114.349703 139 69 19
277701.414975 2111508.142414 195.489087 139 69 19
277003.937623 2111020.728045 73.728965 139 69 19
276970.652760 2111599.108277 22.930155 34 139 34
277327.322581 2111099.756386 136.827896 139 69 19
277077.830143 2111684.945841 32.192482 34 139 34
277254.123382 2110805.302303 153.742191 139 69 19
277556.751269 2111307.517905 172.439908 139 69 19
277001.859173 2111067.329874 74.727004 139 69 19
277090.732312 2111643.242336 40.571299 139 69 19
277731.742606 2111555.434522 195.716461 139 69 19
277701.216398 2111282.760120 203.333948 34 139 34
276725.218680 2111138.636428 1.301911 34 139 34
277511.941539 2111164.327610 179.977679 34 139 34
277657.329338 2111236.618757 217.019782 34 139 34
277375.810408 2111010.604105 156.791515 139 69 19
277736.204584 2111235.587355 228.248844 34 139 34
277029.232085 2111412.800086 62.505208 139 69 19
277461.530189 2111470.797074 126.839986 139 69 19
277229.460574 2111396.845568 97.993936 34 139 34
276698.587092 2111237.508309 3.588420 34 139 34
276675.344742 2111163.995420 -12.293437 34 139 34
277273.621877 2110976.222537 158.961931 34 139 34
276743.367447 2111122.189165 35.545527 34 139 34
276686.430938 2110789.022738 44.944562 139 69 19
277159.969707 2111073.684549 125.294640 34 139 34
276975.338567 2111651.327404 25.143694 34 139 34
277331.467077 2110793.662082 177.037027 139 69 19
276593.766287 2110761.525111 21.436590 139 69 19
277063.410834 2110819.050047 118.371356 139 69 19
277596.668550 2111493.215556 168.372448 34 139 34
276770.555077 2111237.272249 6.981664 139 69 19
277165.683550 2111491.979881 71.294361 139 69 19
276679.430787 2111032.397536 -1.175226 34 139 34
277460.456451 2111673.408253 122.167560 34 139 34
276813.405146 2111167.059137 51.065779 34 139 34
277206.896267 2111118.485366 91.286512 139 69 19
276821.881980 2110774.980147 82.091556 139 69 19
277617.698206 2111427.433044 171.458576 139 69 19
277466.654477 2111262.842873 156.914738 34 139 34
276996.564215 2110929.572627 76.803827 34 139 34
276958.715377 2111557.324878 20.346834 139 69 19
277425.545462 2111149.315584 149.515440 139 69 19
277529.480578 2111423.060933 154.746245 139 69 19
276946.971280 2111671.954778 -0.218919 139 69 19
277335.910587 2111364.822468 124.765784 139 69 19
277291.967225 2110891.800985 156.412655 139 69 19
276859.202626 2110716.920262 83.450611 34 139 34
277348.022964 2110763.410565 183.157343 139 69 19
276637.552532 2110744.707332 68.398515 139 69 19
277290.775231 2111629.789602 85.479535 139 69 19
277039.369795 2111459.452006 59.958775 34 139 34
277028.375008 2111278.016784 75.952349 139 69 19
276792.092845 2111389.738428 21.469928 34 139 34
277126.173476 2110885.045703 137.195765 34 139 34
276805.298013 2111328.402607 15.554156 139 69 19
277096.180710 2111311.292088 63.316592 34 139 34
277314.582339 2110704.207347 187.860205 139 69 19
277104.083156 2110815.120003 130.848592 34 139 34
277303.767550 2110846.888328 174.687539 139 69 19
277678.307943 2111381.809506 202.888724 139 69 19
276870.047496 2111640.214587 -12.103324 139 69 19
277228.555601 2110735.423066 149.819222 34 139 34
277157.789688 2111342.783935 99.831159 139 69 19
277609.399763 2111025.840797 226.082477 139 69 19
277036.455804 2110873.851114 105.407410 139 69 19
276797.495521 2111367.759123 9.646969 139 69 19
277254.245404 2110790.520766 166.727467 139 69 19
277094.784997 2111381.538022 84.770445 139 69 19
277182.800915 2111481.400764 67.211394 34 139 34
277503.559805 2111441.580805 146.062742 34 139 34
277588.770289 2111002.772448 207.816832 34 139 34
277588.617281 2110941.415643 208.858149 34 139 34
277067.610378 2111636.290028 52.872385 139 69 19
276971.649844 2111545.243730 5.010250 34 139 34
276965.096501 2110864.014789 123.102844 34 139 34
277015.193484 2111146.092251 65.003702 34 139 34
277389.365778 2110692.719156 211.399662 139 69 19
277031.213132 2110895.221549 95.837022 139 69 19
277429.474749 2111206.694752 145.533304 139 69 19
277371.775735 2110796.771995 160.909221 139 69 19
276830.831894 2111402.700647 -0.889606 139 69 19
277007.019298 2110914.639608 94.259962 34 139 34
277434.930038 2110647.356243 204.506167 34 139 34
277076.659906 2110914.874538 121.838519 139 69 19
277674.977466 2111169.269605 201.529342 139 69 19
276980.474671 2111621.303627 26.762238 139 69 19
276704.337714 2110835.140379 42.041790 34 139 34
277451.953575 2110990.676766 190.592234 34 139 34
276975.993620 2111147.795428 86.832749 34 139 34
276817.197248 2110845.799785 81.811176 139 69 19
277319.537216 2111096.137172 154.691754 34 139 34
276703.622135 2110796.234166 43.157865 34 139 34
277760.731876 2111563.989495 167.215539 34 139 34
276905.627876 2111216.390533 56.170906 139 69 19
277207.066845 2111071.873780 112.650019 139 69 19
276905.281796 2111741.302295 -26.792834 34 139 34
277641.494792 2110806.097599 230.038387 34 139 34
277462.650360 2111208.329462 160.421938 34 139 34
276792.024451 2110790.188660 68.405547 34 139 34
277535.220500 2110757.383933 206.493428 139 69 19
276956.196584 2110796.880752 104.279989 34 139 34
277105.589674 2110671.939242 152.508283 139 69 19
277194.947798 2110692.725257 161.413421 34 139 34
277188.107071 2110944.877437 129.856210 34 139 34
277021.788803 2110668.334113 122.110827 139 69 19
277407.460362 2111389.835940 126.654029 139 69 19
277117.236329 2111692.907517 36.261484 34 139 34
277196.045626 2111306.039262 114.606930 34 139 34
277135.482698 2111417.204874 77.945859 139 69 19
277585.571176 2110559.313748 240.192197 34 139 34
277608.363241 2111539.748288 147.298366 139 69 19
277580.649220 2111076.583748 200.673870 34 139 34
277086.984025 2110933.286550 97.344221 34 139 34
277678.485363 2111352.874003 197.955861 139 69 19
276826.333165 2111470.537873 1.458969 34 139 34
277120.856825 2111177.508417 93.642714 34 139 34
277298.984207 2110788.871907 168.298235 139 69 19
276845.353692 2110889.781540 75.281217 139 69 19
276884.618860 2111525.772520 7.856144 34 139 34
277301.688431 2110657.903049 186.501251 139 69 19
276717.582027 2111344.812444 15.092759 139 69 19
277004.606649 2111162.612437 100.310653 34 139 34
276929.494420 2111715.186665 -5.249634 139 69 19
277317.090313 2110963.998923 170.111904 34 139 34
277307.999805 2111146.259082 125.680605 139 69 19
277373.713949 2111348.100982 128.054096 139 69 19
277109.680122 2110790.672965 140.256830 34 139 34
277727.398349 2111404.244088 207.213885 34 139 34
276754.327599 2110785.066741 55.152056 34 139 34
277335.501532 2111263.069481 141.347526 34 139 34
277086.162702 2111156.855842 90.875773 139 69 19
276828.428531 2111566.389289 -27.739350 139 69 19
277427.415496 2111200.248322 181.128966 139 69 19
276964.527850 2111436.806653 36.520305 34 139 34
277303.916635 2111121.009505 142.090022 34 139 34
277176.469621 2110759.145603 149.936028 34 139 34
277327.819094 2111362.961560 111.848230 34 139 34
276951.047254 2111213.782896 54.956851 139 69 19
277342.116039 2111477.447805 99.005291 139 69 19
277530.058455 2111246.220414 159.811413 139 69 19
276883.235795 2111215.738038 39.197658 139 69 19
277063.079327 2111301.626934 67.466683 139 69 19
277508.514574 2111507.473382 137.979754 34 139 34
277154.392901 2110830.551901 131.974866 34 139 34
276753.902959 2111507.882021 8.217868 34 139 34
277293.198774 2111127.269388 152.412740 139 69 19
277280.394188 2111247.009912 116.942619 139 69 19
277522.644469 2110784.586719 230.057059 139 69 19
277004.630779 2110845.280643 126.888141 34 139 34
277450.712039 2111537.572872 121.327910 34 139 34
277267.988302 2111534.742042 83.995752 139 69 19
277571.911661 2111174.312608 185.974801 34 139 34
277692.236834 2111560.830580 177.360443 139 69 19
277581.441925 2111542.194578 168.419837 139 69 19
276727.352301 2110778.650436 43.825573 139 69 19
277345.683723 2111469.992575 114.278839 34 139 34
277163.908067 2111333.172174 90.000103 139 69 19
277586.026338 2111255.066303 188.888587 139 69 19
276920.603568 2110959.426355 74.919119 34 139 34
277085.375668 2110761.020433 120.424331 34 139 34
277368.301022 2110845.658499 181.038488 34 139 34
276742.178453 2111391.383370 -24.696976 139 69 19
277003.634413 2110834.230112 119.961159 34 139 34
277498.373912 2110817.225604 201.398155 139 69 19
277645.231329 2111127.759188 208.709970 139 69 19
277414.294244 2111276.118073 150.337896 139 69 19
277442.131579 2111283.417629 151.013738 34 139 34
277287.662340 2111620.889624 89.261902 139 69 19
276746.259753 2111339.147980 2.304129 34 139 34
277249.925107 2111586.565818 80.295565 139 69 19
276655.418373 2110751.851777 41.808919 34 139 34
277533.935859 2111244.589102 175.253226 139 69 19
277534.263445 2111015.717958 192.968904 139 69 19
277401.670835 2111005.716060 179.821312 139 69 19
276870.934113 2110896.933797 57.327865 34 139 34
277636.064679 2111640.181584 164.316287 34 139 34
277171.225285 2110647.378914 160.545089 139 69 19
276739.426405 2110947.020753 71.709891 34 139 34
277125.207151 2111158.911166 85.544455 34 139 34
277425.170463 2111543.648002 124.942693 139 69 19
276950.154091 2111450.934880 43.201032 139 69 19
276809.295891 2110808.196731 73.475611 34 139 34
276942.700596 2111013.734639 56.628307 139 69 19
277063.995408 2110811.013260 140.890281 139 69 19
277311.387111 2110872.974969 158.353034 139 69 19
277577.239521 2111209.486076 192.020238 34 139 34
276749.995905 2111249.398950 5.027732 139 69 19
276848.396943 2111524.215841 11.764360 34 139 34
277603.247053 2110939.368713 223.981713 34 139 34
277609.951030 2111575.309752 183.063756 139 69 19
277254.480409 2111396.135907 77.135173 139 69 19
276773.407747 2111505.018731 -23.460360 139 69 19
277157.916951 2111196.020600 108.796200 34 139 34
277146.162642 2110978.151370 129.668529 139 69 19
276713.146713 2111155.558115 5.966933 34 139 34
277530.132618 2111063.116805 185.615069 34 139 34
276837.647260 2111028.734006 58.810514 139 69 19
277497.828125 2110737.461218 208.065799 34 139 34
277417.940176 2110910.013927 171.213214 139 69 19
277623.727328 2110695.608377 225.194623 34 139 34
276984.407944 2111333.574987 48.873078 139 69 19
276822.215576 2110980.211699 69.940570 139 69 19
277628.047217 2110622.658607 242.220494 139 69 19
277306.015688 2110899.615952 147.372274 34 139 34
277245.993212 2110713.604873 179.366795 139 69 19
277641.669340 2110692.706988 242.612038 139 69 19
277115.465742 2110823.467162 143.315381 34 139 34
277286.965080 2110799.956513 181.113964 34 139 34
276985.849333 2111171.766244 65.588284 139 69 19
277434.332954 2111322.969441 144.643082 34 139 34
276980.739379 2111498.357932 32.126005 139 69 19
277049.574708 2111269.289701 56.550018 139 69 19
277176.348985 2111711.423355 50.162535 139 69 19
277510.021786 2111293.828680 165.572149 34 139 34
277569.082405 2111409.024585 164.314807 34 139 34
276975.278427 2111541.726642 21.424367 139 69 19
276931.174418 2110833.259028 87.293836 139 69 19
277380.938434 2111173.561649 141.917474 139 69 19
277389.957647 2111559.792751 92.414810 34 139 34
276856.463556 2111561.726588 14.492126 139 69 19
277453.710076 2111155.272920 166.431539 139 69 19
276833.906420 2110919.875850 71.346976 139 69 19
276778.985229 2111377.771168 2.974333 34 139 34
277171.705237 2110819.225629 151.387586 139 69 19
277475.564192 2111426.917176 149.396740 139 69 19
277355.546922 2111305.974439 146.346579 34 139 34
276868.036647 2111565.148979 -3.492352 34 139 34
277666.364038 2111145.039935 226.391093 139 69 19
277259.916109 2110968.728701 137.068082 34 139 34
277530.939052 2111412.147265 140.733490 34 139 34
276915.626210 2111496.617655 23.040926 34 139 34
277375.289068 2110953.799721 161.457286 34 139 34
277322.355287 2110637.943479 201.569391 34 139 34
276919.609148 2111189.512618 61.681918 34 139 34
277243.260185 2111011.025434 155.654740 34 139 34
277709.783315 2111238.753063 211.548701 34 139 34
277518.108610 2111368.989175 163.397120 34 139 34
276678.527515 2111011.342568 48.596224 34 139 34
277727.322932 2111262.939103 226.172764 139 69 19
277404.504213 2111343.533162 136.073256 34 139 34
277060.070762 2111578.903455 25.903308 139 69 19
276758.026882 2110874.643418 56.343419 34 139 34
277200.165831 2110992.968334 119.086231 139 69 19
277300.077336 2111130.255899 152.812459 139 69 19
277671.788050 2111320.291612 201.971521 139 69 19
277668.906865 2111384.031701 182.898370 139 69 19
276804.189603 2111617.727981 -20.694688 34 139 34
277781.647454 2111492.980387 194.513316 34 139 34
277057.017257 2111259.927284 86.550831 34 139 34
276878.306241 2111286.881702 46.693137 139 69 19
277220.794155 2111158.581093 98.835307 34 139 34
277471.920396 2111439.261392 144.979509 34 139 34
277527.736991 2111561.481526 125.878595 139 69 19
277535.448601 2110959.251853 194.692929 139 69 19
277643.452039 2111086.852316 190.867163 139 69 19
277334.726334 2110946.034016 170.080177 34 139 34
277213.403945 2111320.589015 109.078738 139 69 19
277170.499447 2111445.961580 88.847850 34 139 34
277385.702749 2111334.445216 126.881991 34 139 34
277448.421443 2111484.235465 147.526274 34 139 34
276952.503143 2110905.306535 101.071633 34 139 34
276953.414787 2111267.614041 57.192880 139 69 19
276913.238227 2111348.265649 41.076603 34 139 34
277130.101455 2111647.157692 51.484057 139 69 19
277236.004521 2111203.766812 114.215108 139 69 19
277254.308832 2110864.131199 152.528537 139 69 19
276829.905511 2111454.845766 -16.022901 139 69 19
276829.251763 2111729.424793 -16.934424 139 69 19
277289.744744 2111091.353976 139.560448 139 69 19
276731.573354 2111376.559372 -34.753212 139 69 19
277589.672654 2110559.892319 261.837674 139 69 19
277587.961450 2111238.736088 190.711240 139 69 19
277113.569124 2110758.482344 135.337913 34 139 34
277529.638153 2111026.581652 195.636593 139 69 19
277325.277434 2111234.877688 123.006386 34 139 34
277102.253173 2111026.219499 95.923614 34 139 34
277349.435027 2111369.191087 132.850410 139 69 19
277508.103288 2111347.490454 164.356506 34 139 34
277472.100149 2110974.654223 196.301987 139 69 19
276943.639078 2111242.747375 39.205678 139 69 19
277777.335668 2111400.002973 206.157027 139 69 19
277328.602430 2111476.215839 115.038067 34 139 34
277088.666447 2110874.269267 113.858425 34 139 34
276680.545270 2111173.202235 -7.715785 34 139 34
277578.148251 2111212.849316 177.601994 139 69 19
277464.998143 2110631.751817 241.381667 34 139 34
277387.634822 2111396.298880 158.603250 34 139 34
276715.548040 2110846.804854 39.912010 139 69 19
277029.432838 2111309.207402 43.403003 139 69 19
276951.174058 2110863.333041 107.463660 34 139 34
276945.919180 2111006.056359 76.061204 34 139 34
276821.131632 2110829.447225 67.245543 139 69 19
277177.794308 2111072.056990 119.601750 34 139 34
276920.947671 2111068.941875 65.126126 139 69 19
276883.790742 2111747.846374 -0.604516 139 69 19
277302.375023 2111212.405041 137.995315 34 139 34
276782.812723 2111178.221665 40.398250 139 69 19
277513.665616 2111373.222284 185.261380 34 139 34
276858.030337 2111572.691347 17.872290 34 139 34
277476.039420 2110975.486700 196.085429 34 139 34
277695.772265 2111166.468505 216.450649 139 69 19
277052.034453 2111482.175026 42.352060 34 139 34
277429.184742 2111586.857664 101.385079 34 139 34
277153.773349 2111362.862898 70.286647 34 139 34
277373.566957 2110700.277216 186.503429 34 139 34
277166.060675 2111137.657272 100.498111 139 69 19
277053.491246 2110980.346435 100.275447 139 69 19
277203.110740 2110782.474789 165.199584 139 69 19
277130.663365 2110776.465129 131.343054 34 139 34
276838.440373 2111160.550828 43.000085 139 69 19
277742.566402 2111316.144068 233.949583 139 69 19
277488.578894 2111398.953062 156.570142 139 69 19
276886.353985 2111125.684922 66.141380 34 139 34
277089.136776 2111726.016044 54.119105 34 139 34
276967.452990 2110738.001405 109.523423 139 69 19
276921.980470 2111587.524165 -11.402171 139 69 19
277702.133862 2111439.066326 187.591716 139 69 19
277707.357881 2111001.642805 237.717382 139 69 19
277182.531632 2111312.634061 93.944012 139 69 19
276822.821479 2111707.880583 -39.971456 139 69 19
276743.326492 2111385.917790 -16.564029 139 69 19
277124.088408 2111077.762373 94.223093 139 69 19
276869.903983 2111663.158676 -0.195188 34 139 34
276830.696982 2111661.221366 -41.402432 139 69 19
277025.082143 2111020.935567 94.290176 139 69 19
277109.221001 2111691.738810 40.951411 139 69 19
276854.919968 2111576.766719 4.539187 34 139 34
277668.823531 2110809.346443 234.643887 34 139 34
277282.263369 2111613.326074 73.653866 139 69 19
277606.101149 2111078.507850 223.793271 34 139 34
276942.921081 2111074.237580 75.642440 139 69 19
277811.562433 2111600.999915 183.430170 34 139 34
277598.867886 2110994.612883 209.503877 34 139 34
277563.967484 2110874.442279 207.395512 34 139 34
277126.444068 2110693.160025 130.656309 139 69 19
277557.629998 2110581.090572 241.060526 139 69 19
277605.891235 2111212.266268 186.371293 139 69 19
277306.987052 2111445.432454 103.092525 34 139 34
277315.780712 2111130.965354 135.646125 34 139 34
277636.432324 2110871.929972 238.409853 34 139 34
277425.213610 2111408.581857 133.804137 34 139 34
276941.000038 2110874.630560 76.386855 34 139 34
277517.206710 2111285.011760 150.378454 139 69 19
277615.003330 2111141.956541 197.543237 34 139 34
276862.980860 2110952.391960 36.212876 139 69 19
277213.763289 2111019.670854 149.780510 34 139 34
277389.475263 2111256.121012 122.747888 139 69 19
277237.202426 2110668.545705 166.425903 139 69 19
277146.791278 2110836.837396 128.718770 139 69 19
276807.617795 2111733.044693 -52.887758 139 69 19
276969.898523 2111563.692273 10.684814 139 69 19
277002.995607 2111018.710657 97.402856 34 139 34
277477.156002 2110656.175228 235.765006 34 139 34
277421.638353 2111007.709314 190.473014 34 139 34
277499.071335 2110971.140792 205.706756 139 69 19
277448.209316 2111493.148102 122.800051 34 139 34
277317.004186 2110919.382975 167.083222 34 139 34
277473.847782 2111395.366140 136.577516 34 139 34
276980.646977 2111718.871182 0.912941 139 69 19
276888.044854 2111497.480874 -1.792705 34 139 34
277576.138807 2111295.720501 167.666270 34 139 34
276754.866471 2111189.062176 28.166579 139 69 19
277114.860423 2111234.656339 79.198390 139 69 19
277504.520891 2111598.573887 118.464103 139 69 19
277490.660147 2111643.205224 116.745902 139 69 19
277085.499698 2111557.085447 57.931217 34 139 34
277552.853460 2110981.903306 226.331839 34 139 34
276739.864046 2110882.618474 56.685295 34 139 34
277333.383882 2111020.291941 154.741283 34 139 34
276788.214889 2111612.346174 -26.530987 139 69 19
277039.030370 2110785.835536 117.824452 34 139 34
277378.975652 2110962.773968 179.701490 139 69 19
277202.792641 2111403.810417 99.962848 34 139 34
277551.824127 2111514.449996 147.883677 34 139 34
277404.348911 2111251.873772 136.349589 139 69 19
276958.961677 2111017.291726 81.798607 34 139 34
277353.275879 2110863.643125 166.540260 139 69 19
277122.096639 2110731.750765 148.886292 139 69 19
277106.699848 2110837.265038 122.612711 34 139 34
277040.819357 2111379.128431 47.554418 139 69 19
276874.429190 2111089.803947 41.720100 34 139 34
277525.100367 2110781.185541 230.252510 139 69 19
276692.949740 2111214.546676 3.217004 34 139 34
277128.556910 2111116.790394 106.295555 34 139 34
277145.003968 2110911.562363 136.559535 34 139 34
276664.403522 2110895.655568 32.078290 34 139 34
276897.221091 2111126.917337 61.768232 34 139 34
277468.475049 2111442.606127 123.025093 34 139 34
277180.630526 2111352.425723 103.408296 139 69 19
276977.386948 2110845.342225 86.865736 139 69 19
277059.221129 2111580.618864 27.171697 34 139 34
276707.371498 2110861.733055 61.659821 34 139 34
277057.223412 2110694.234555 125.887038 139 69 19
277043.187724 2111291.016514 54.405571 34 139 34
277767.922423 2111587.112476 192.905956 139 69 19
277571.127710 2111411.933412 174.285747 139 69 19
277262.719108 2111315.407654 106.202356 139 69 19
277362.619345 2111000.644074 173.187583 34 139 34
277044.227804 2111544.180116 35.522717 139 69 19
277179.648541 2110729.377149 143.830646 139 69 19
277138.877383 2110672.716699 138.207476 139 69 19
277626.956635 2110945.334676 226.082636 34 139 34
276969.471721 2111182.421808 73.292565 139 69 19
276816.411258 2111425.375167 -2.196312 34 139 34
276914.495216 2111419.225769 26.696600 34 139 34
277030.831350 2111410.394392 44.814028 34 139 34
276938.783008 2111739.342375 -0.477174 139 69 19
276599.859465 2110807.232214 16.463360 34 139 34
277232.004496 2111487.411272 104.818434 139 69 19
277355.956919 2110637.232297 190.514586 34 139 34
277707.312137 2111396.987352 203.915470 139 69 19
277098.839524 2110999.161439 113.396669 34 139 34
276985.029166 2111507.074855 23.816006 34 139 34
276886.140288 2111073.157022 72.101065 34 139 34
277247.864562 2110631.427998 160.342481 34 139 34
276778.608826 2111452.813357 -5.389771 139 69 19
277436.739492 2111469.152629 106.807790 34 139 34
276912.995991 2111492.144451 40.975950 34 139 34
276894.403115 2110993.416434 59.461793 34 139 34
277559.671652 2110634.449464 252.002117 34 139 34
277139.975969 2111148.279653 116.809721 139 69 19
277192.968905 2111204.560758 98.551443 139 69 19
276830.869875 2110984.938764 60.510137 139 69 19
276954.140194 2111119.450124 84.343308 139 69 19
277624.538623 2111206.688794 196.836359 34 139 34
277408.043287 2110912.988560 169.784108 34 139 34
277148.252184 2111147.973532 92.932260 139 69 19
276974.481007 2111297.988061 66.472472 34 139 34
277255.898463 2111367.413313 100.683592 34 139 34
277627.871981 2111340.377441 172.421806 34 139 34
277587.503068 2110635.722414 258.836126 34 139 34
277224.350992 2110688.276194 168.963283 34 139 34
277003.449734 2111259.971587 59.837305 34 139 34
276835.626206 2110782.590014 85.918104 139 69 19
276629.882232 2110950.939007 25.115189 139 69 19
277296.914039 2110730.977665 172.875974 34 139 34
276774.183675 2111328.391492 -3.236216 34 139 34
277167.187469 2110910.101816 125.900026 139 69 19
277388.893669 2111064.260798 172.910663 34 139 34
277588.394124 2110597.904212 251.036188 139 69 19
277204.988919 2111053.129073 119.762785 139 69 19
277026.887365 2110772.807262 117.621235 34 139 34
277247.153066 2110842.562718 174.401869 34 139 34
276867.916943 2111584.944311 -18.641124 34 139 34
277269.865168 2110709.238285 177.799709 139 69 19
277512.090486 2110607.316112 233.732581 139 69 19
277038.151378 2111280.453037 68.377364 34 139 34
276964.447394 2111300.635393 35.024167 34 139 34
276712.154411 2111325.826958 -12.216063 34 139 34
276821.293549 2111585.655469 -25.251845 34 139 34
277072.275903 2111504.993048 68.342147 34 139 34
277251.786862 2110843.915786 161.756127 139 69 19
276830.257066 2111384.563949 17.204961 34 139 34
276993.324272 2110741.370560 120.000031 34 139 34
276754.609478 2111429.166654 -21.992552 34 139 34
277418.219029 2111407.370500 143.542752 139 69 19
276940.704290 2110811.201514 88.170927 139 69 19
277635.073906 2111221.844281 200.939285 34 139 34
276731.082172 2110826.491502 66.304564 34 139 34
277373.086331 2111133.295299 148.306333 34 139 34
276855.589702 2110876.828722 70.213221 34 139 34
276798.465405 2111564.785662 0.110251 34 139 34
276946.630133 2110701.102983 121.309133 139 69 19
277598.178665 2110714.167510 230.303631 139 69 19
276883.662460 2111323.675168 54.787997 34 139 34
276893.725121 2110834.231707 73.638185 139 69 19
277456.249361 2111105.703906 177.809409 139 69 19
277293.158584 2110750.461065 173.161953 139 69 19
277539.473881 2110871.295566 204.225761 34 139 34
277611.099478 2111215.297371 195.788098 139 69 19
277189.876723 2111266.832060 116.574670 34 139 34
276975.709319 2111177.971713 68.129811 139 69 19
276873.496701 2111640.442099 -8.060029 34 139 34
276655.107222 2110811.968564 41.483630 34 139 34
277485.733711 2110663.762687 208.557780 34 139 34
276971.455224 2110764.417362 115.192143 34 139 34
276850.191434 2111213.836874 25.310911 139 69 19
277258.505469 2111400.939263 95.567841 139 69 19
276994.445617 2110787.435974 98.342260 34 139 34
276854.363409 2110823.275314 82.800135 139 69 19
276802.434137 2111034.786899 12.169578 139 69 19
276715.592128 2110900.965431 49.118140 34 139 34
277470.670720 2111668.185510 119.738010 34 139 34
276879.056128 2111041.033463 50.136004 34 139 34
277457.746874 2111539.250963 110.401570 34 139 34
277012.480366 2110984.991313 71.597264 139 69 19
277043.956586 2111250.291145 81.821250 34 139 34
277567.887882 2110591.076069 246.171499 139 69 19
276726.185599 2111290.889018 9.035299 34 139 34
276638.498549 2110907.355641 16.928210 34 139 34
277179.496091 2111660.148389 51.101998 139 69 19
276884.479824 2111047.864582 63.997190 139 69 19
277102.305497 2111569.749218 43.375930 139 69 19
277420.371585 2110762.089274 200.400597 34 139 34
276927.823959 2110897.694683 71.425738 139 69 19
277652.875794 2111147.761014 216.556944 34 139 34
277779.094401 2111473.619687 196.359449 139 69 19
276929.306053 2111015.984492 61.411544 139 69 19
276669.828189 2111072.804020 -7.745970 139 69 19
277093.714731 2111617.220808 56.902055 34 139 34
277198.955773 2111352.838592 103.939871 34 139 34
277539.411976 2111436.803025 149.916904 34 139 34
276939.033371 2111478.266136 38.828788 34 139 34
276846.443168 2110708.530471 83.855196 34 139 34
277160.077207 2111617.197940 64.934243 34 139 34
277418.660542 2111035.184340 194.801766 34 139 34
277194.100701 2111495.442937 81.292907 139 69 19
277164.245229 2111639.006908 59.963867 34 139 34
277740.449150 2111325.426810 208.149328 139 69 19
277457.068821 2111202.570280 161.467245 34 139 34
277322.150021 2110761.749725 172.157237 139 69 19
277597.937832 2110947.170683 204.373559 34 139 34
277517.642937 2111360.107886 173.121529 34 139 34
277502.812186 2111041.213920 196.091574 139 69 19
277019.262285 2110998.263176 100.702856 139 69 19
277482.813129 2111646.538673 116.533444 139 69 19
277101.395330 2110762.618334 126.899949 139 69 19
276935.941113 2111480.536872 11.933230 34 139 34
277053.960933 2111388.223423 83.250743 139 69 19
277051.457345 2111519.859891 43.122536 139 69 19
276823.337844 2111464.988843 17.361476 34 139 34
276860.857869 2110706.693895 91.266392 34 139 34
277384.854114 2110739.638669 193.904127 139 69 19
276648.773547 2110998.948671 4.075709 139 69 19
276910.508584 2111530.344211 14.739343 34 139 34
277138.385204 2111017.049649 137.589390 139 69 19
277112.684672 2111096.155992 122.272523 34 139 34
276828.577118 2110852.409437 48.184913 34 139 34
276831.885868 2111739.606388 -19.123975 139 69 19
277085.637344 2111711.001747 43.055112 139 69 19
276885.538766 2110954.141261 77.598598 34 139 34
276997.473100 2111016.522046 80.596346 139 69 19
276950.223534 2110893.654746 82.816032 34 139 34
277300.502231 2111236.471566 112.193127 34 139 34
277529.652633 2111106.767069 193.436030 139 69 19
277696.959784 2111503.288495 186.948865 34 139 34
277255.263870 2111371.022390 110.572230 34 139 34
277242.922864 2110694.441259 170.292778 139 69 19
277745.943716 2111446.097747 200.595413 34 139 34
277465.592297 2111451.418852 138.018321 139 69 19
277006.515075 2110705.828060 122.529335 34 139 34
277662.626701 2110811.910758 237.968420 139 69 19
277416.463567 2111601.764913 97.722968 139 69 19
277052.573554 2110906.266720 94.470314 139 69 19
277035.991928 2111279.914718 74.402719 139 69 19
276739.665527 2110808.592817 61.875412 139 69 19
277029.399838 2110880.261582 97.559905 34 139 34
277181.450023 2111126.927926 125.049935 34 139 34
277593.965609 2111361.469382 173.994576 139 69 19
277060.995546 2111461.034492 42.874002 139 69 19
276873.192947 2111618.196010 -26.805746 34 139 34
277406.670540 2111144.923064 155.916637 139 69 19
277645.255771 2110966.898764 235.300377 34 139 34
277456.463426 2111592.213074 118.604003 34 139 34
276630.546627 2110894.279024 40.097337 139 69 19
277352.350760 2111546.003510 81.439133 139 69 19
277506.188805 2111377.001665 163.150184 139 69 19
277500.795504 2110925.225643 206.321861 139 69 19
276787.342750 2111263.866651 17.543793 139 69 19
276962.779336 2111305.004213 44.289349 34 139 34
277213.878644 2111001.618863 143.552218 34 139 34
276624.809217 2110912.607965 21.392894 139 69 19
277096.513013 2111615.583570 48.374443 34 139 34
277368.798648 2110980.373311 168.170616 34 139 34
277621.451220 2111212.598745 192.767006 34 139 34
276953.660426 2111486.365612 31.927525 139 69 19
277345.575168 2111223.914085 121.401375 34 139 34
277655.438601 2110896.426949 231.759453 34 139 34
276800.180097 2111219.204006 38.647664 139 69 19
277124.052986 2111206.886168 98.876893 139 69 19
276843.945364 2110791.983464 71.322202 34 139 34
277573.296514 2111239.732663 186.755167 139 69 19
277588.727225 2111199.574046 175.433863 34 139 34
277196.342241 2110790.976021 132.935148 34 139 34
277360.256868 2111243.485806 107.383716 139 69 19
277055.998128 2111219.333331 81.838047 34 139 34
276796.294295 2110787.728303 61.636012 139 69 19
277721.086568 2111129.151983 246.257179 34 139 34
277157.013091 2110756.239657 130.776966 34 139 34
277102.424808 2111621.721462 59.554501 34 139 34
277048.268659 2110903.293003 102.885281 139 69 19
277428.739023 2111655.345171 117.671985 34 139 34
277433.021786 2111518.773543 130.528865 34 139 34
277030.897317 2110946.215014 75.240661 34 139 34
277317.512117 2111647.412230 75.823303 34 139 34
276966.619297 2111598.226211 32.453750 34 139 34
277430.119043 2110759.856502 211.851628 139 69 19
277038.453593 2110683.047963 127.253939 34 139 34
277136.206729 2111626.072480 45.148186 34 139 34
277022.576676 2111688.253151 27.397062 139 69 19
277373.992951 2110904.468703 193.746009 139 69 19
277326.032236 2111563.304169 94.041582 34 139 34
276875.562938 2111209.276463 34.151329 34 139 34
276970.770667 2111721.421339 -15.121187 139 69 19
277660.514293 2111585.636687 165.038491 34 139 34
277618.023053 2110586.730468 248.179771 139 69 19
276906.096959 2111399.388746 12.690460 34 139 34
276819.750714 2111277.500495 21.285556 34 139 34
276899.283211 2111674.131631 -4.914541 34 139 34
277257.895049 2110863.307456 168.215263 139 69 19
277007.416172 2111372.707507 61.562059 139 69 19
276900.114936 2111706.794269 0.726902 139 69 19
276855.089322 2111734.717014 -9.092669 139 69 19
277347.582473 2111506.868009 113.114517 34 139 34
277607.138731 2111374.624800 187.788215 139 69 19
277207.290177 2111087.251099 131.106301 139 69 19
277422.564232 2111390.491205 113.728827 34 139 34
277528.960558 2111282.651847 180.930866 34 139 34
277094.618433 2111601.683630 58.459214 139 69 19
276821.839912 2111081.191693 59.201035 34 139 34
276815.146495 2110897.831964 65.161994 34 139 34
277528.224851 2110708.990587 244.349934 139 69 19
276721.277843 2111337.937690 -5.669567 139 69 19
276869.612286 2111263.753077 67.270380 34 139 34
277077.646153 2111298.992562 65.434137 34 139 34
276986.811816 2110851.110476 96.434285 139 69 19
277319.965582 2110902.887543 176.851675 139 69 19
276693.578040 2111123.217182 19.210140 34 139 34
277594.290271 2111162.752500 205.444340 34 139 34
276903.427788 2111420.900418 19.630633 139 69 19
276705.340933 2110743.533055 68.226996 34 139 34
277527.277497 2111421.455275 161.421512 139 69 19
277316.284741 2110947.406800 158.687617 139 69 19
276787.108875 2111289.126195 32.712465 34 139 34
277435.121356 2111644.435488 110.490747 139 69 19
277550.128756 2111463.084471 153.013523 34 139 34
277218.665182 2110633.095691 179.947630 34 139 34
276785.560931 2111510.609481 -1.133469 139 69 19
277650.114678 2111270.103565 203.348662 34 139 34
277248.890883 2111610.223176 77.895896 34 139 34
277022.210414 2111635.101427 42.587901 34 139 34
276832.823400 2111615.870189 -30.087692 139 69 19
277677.279400 2111359.554880 189.468774 34 139 34
277097.547486 2111703.514909 36.539608 139 69 19
277429.900851 2110929.872640 171.429454 34 139 34
277328.314322 2111085.991938 151.518026 34 139 34
277482.663337 2111411.804022 135.878094 34 139 34
277541.699060 2110630.599662 250.176176 34 139 34
277350.007733 2111206.915164 136.494312 139 69 19
277494.546875 2111504.010660 141.710456 139 69 19
277403.476240 2111136.527991 154.806925 34 139 34
277513.632828 2111088.154483 196.722011 34 139 34
277221.230893 2111715.507644 49.987509 139 69 19
277456.397802 2111466.431543 132.411992 34 139 34
276863.798539 2111655.048297 -6.394103 139 69 19
277710.269540 2111561.008044 198.890852 34 139 34
277747.710830 2111381.675577 196.083141 34 139 34
276612.932720 2110888.091698 30.207338 34 139 34
277731.174641 2111263.498364 234.800689 34 139 34
277296.382316 2110805.268300 182.681264 139 69 19
277299.370330 2110964.970331 170.209387 139 69 19
277266.846992 2111053.163258 146.109138 139 69 19
277156.260477 2111067.905415 131.361713 34 139 34
276825.675285 2111393.796523 9.961514 139 69 19
277185.532224 2111250.013419 98.568221 34 139 34
277134.437025 2111015.207864 124.860014 139 69 19
277096.998577 2110915.984591 134.894143 34 139 34
277582.273224 2111486.035080 147.279143 139 69 19
276887.547832 2111739.964658 -18.756763 139 69 19
276802.088579 2111762.741300 -30.454677 34 139 34
276970.547263 2111464.983363 37.807497 139 69 19
277704.538334 2111327.826700 190.551996 139 69 19
277166.233781 2110929.454108 127.694306 139 69 19
277333.255736 2111584.996464 95.579298 139 69 19
277253.644794 2111310.096049 104.912259 34 139 34
277220.997598 2111261.817294 95.672163 139 69 19
277363.714042 2111270.321760 131.190227 34 139 34
276669.123974 2110902.595927 34.164337 34 139 34
277279.574945 2110703.518580 169.023834 139 69 19
277087.614794 2110906.143099 108.679023 34 139 34
277380.300106 2110943.502623 173.051907 139 69 19
276767.730275 2110727.710728 54.470399 34 139 34
277551.672141 2110799.380334 236.869357 139 69 19
277245.534658 2110981.156918 148.786946 34 139 34
276956.419601 2110922.801824 73.478923 34 139 34
276979.115816 2111343.466535 39.264328 34 139 34
277442.156345 2111028.577959 174.980047 34 139 34
277103.442264 2111188.868150 106.708971 34 139 34
277372.939664 2111450.325240 122.415362 139 69 19
276771.708143 2111170.997814 20.694329 34 139 34
277127.645844 2111463.630123 70.963465 139 69 19
277162.747596 2110919.293930 118.119116 139 69 19
276953.420487 2110706.450948 111.489397 34 139 34
277650.596840 2111033.652701 235.548968 139 69 19
277220.411514 2110797.060591 156.416508 139 69 19
277632.565198 2111476.252700 174.012867 139 69 19
277358.002151 2111692.954076 99.953917 34 139 34
277008.682519 2110859.207414 104.215544 34 139 34
277462.631809 2110838.905772 195.322257 34 139 34
276679.393120 2110892.673401 25.636336 34 139 34
277412.342392 2111415.852433 131.639033 139 69 19
277584.067422 2111654.759104 148.050854 34 139 34
277072.858078 2111565.755042 29.992385 34 139 34
277068.967621 2110828.043959 119.036362 34 139 34
277241.991960 2111266.585499 112.052802 139 69 19
277241.020168 2111422.461077 82.848344 139 69 19
277684.308715 2111048.527157 230.120969 34 139 34
276862.238290 2110702.364737 101.837679 139 69 19
277714.057357 2111529.641240 189.618823 34 139 34
277137.345049 2111531.651980 85.717509 34 139 34
277137.379807 2111459.712099 65.326365 34 139 34
277093.562899 2110829.189883 141.170364 34 139 34
276814.129630 2111118.237714 20.523739 34 139 34
277026.152263 2111230.337310 80.600586 139 69 19
277197.142680 2111230.617142 114.001568 34 139 34
277282.618781 2111022.257941 135.679531 139 69 19
277161.983457 2111683.279946 51.200462 34 139 34
277084.770994 2110661.164763 134.798775 34 139 34
277154.769377 2111691.178931 55.372106 34 139 34
276868.872215 2111432.928957 11.087774 34 139 34
277075.705312 2111646.544984 41.352561 139 69 19
277263.450157 2111056.894630 154.611836 139 69 19
277443.152891 2110591.064667 223.984575 34 139 34
277218.742722 2111349.845256 80.090924 139 69 19
276653.326634 2111086.736892 9.840256 139 69 19
277470.535987 2111242.793399 161.753323 139 69 19
277448.213217 2110700.088617 219.364971 34 139 34
276925.903444 2111307.660836 38.132660 139 69 19
276729.224316 2111314.029422 -8.135985 139 69 19
277661.618538 2111135.436789 214.468697 139 69 19
277731.254873 2111577.512991 157.140057 34 139 34
277183.356212 2111417.106381 88.713189 139 69 19
276853.759924 2111467.330653 34.147696 139 69 19
277087.923764 2110864.587354 147.934631 34 139 34
276811.726819 2111596.905202 -16.927524 34 139 34
277407.841799 2110788.184216 197.138139 34 139 34
277241.840839 2111640.393889 60.500594 139 69 19
277438.943031 2111492.835236 117.252999 34 139 34
277482.545608 2110962.159638 196.478846 34 139 34
277251.001295 2111460.143486 93.439538 34 139 34
277495.338491 2110994.219784 198.351437 139 69 19
277115.599223 2111372.073415 83.951248 139 69 19
277545.392111 2111066.072857 200.972700 34 139 34
276982.623579 2111228.467411 56.234260 139 69 19
277147.052208 2111013.094250 124.829028 34 139 34
277439.515390 2110832.222034 217.035015 139 69 19
277444.842714 2111622.925179 109.848780 34 139 34
277240.919949 2111007.257364 115.615412 34 139 34
277042.539082 2111648.572029 26.865180 34 139 34
277085.456448 2111589.835911 36.414802 139 69 19
277516.483905 2110915.372988 206.492501 34 139 34
277561.879037 2111183.485575 175.759740 139 69 19
277271.753007 2110748.471042 174.798553 34 139 34
276733.668956 2110915.274080 60.427964 34 139 34
277146.429429 2110956.578262 135.349336 139 69 19
276809.978869 2110992.205257 51.931399 34 139 34
276863.063331 2111526.339212 -0.478444 34 139 34
277461.913383 2110641.822763 226.651907 34 139 34
277323.864511 2111128.406815 124.758698 139 69 19
277618.754342 2111529.551658 154.311448 34 139 34
277642.960786 2111258.477560 206.868978 139 69 19
277328.897267 2110859.486694 159.251988 34 139 34
276685.710096 2110780.505752 31.524506 139 69 19
277630.872425 2111214.787392 203.325640 34 139 34
276833.308433 2110842.548375 88.796453 34 139 34
276613.844422 2110773.071931 40.714142 139 69 19
277498.903050 2111081.215564 194.045684 139 69 19
277367.916726 2111627.911057 92.218116 139 69 19
277478.249815 2111181.880382 162.915715 139 69 19
277177.277823 2111037.229411 118.649776 139 69 19
277580.806479 2111173.723251 195.090349 34 139 34
277320.657379 2111479.880613 124.991424 139 69 19
277383.123247 2111374.006662 120.931843 139 69 19
277539.609861 2111418.290443 166.858546 34 139 34
277480.194820 2110864.616542 200.235763 139 69 19
277221.365811 2110736.863590 154.852040 139 69 19
276918.064424 2110849.764662 82.340001 139 69 19
277102.671273 2110970.435625 110.941270 139 69 19
277479.363541 2110845.302908 203.896076 34 139 34
276941.465235 2110951.972493 103.901968 34 139 34
277107.582554 2111076.317001 95.811811 139 69 19
277119.325011 2111215.543880 91.581326 139 69 19
277229.048071 2111575.363428 80.692385 34 139 34
276900.673990 2111295.309110 41.332000 139 69 19
276659.350154 2111100.109388 6.363831 139 69 19
277321.103449 2111616.198184 82.407966 34 139 34
277743.825568 2111233.772131 234.227030 139 69 19
277361.198557 2110740.720453 188.315338 34 139 34
277688.517465 2111439.518854 198.603495 34 139 34
276873.827608 2111004.465452 54.087842 34 139 34
276900.022728 2111008.469411 70.845796 34 139 34
276887.163991 2111325.036611 28.257310 34 139 34
276889.587930 2110971.583680 71.886650 34 139 34
277579.242945 2110938.525822 231.506876 34 139 34
277167.424411 2110729.933112 165.422681 139 69 19
276964.488234 2110750.597737 96.186578 139 69 19
277234.790828 2111707.363636 59.940217 34 139 34
277370.323896 2111064.343124 143.485802 139 69 19
276846.876860 2111353.200731 33.912067 139 69 19
277048.408294 2111400.350317 53.435996 139 69 19
276881.044316 2110795.108186 86.508807 139 69 19
276819.433069 2111584.392749 -23.795790 34 139 34
277184.119696 2110729.615650 166.702415 34 139 34
277108.036982 2111631.075073 39.961604 34 139 34
276875.777194 2110915.438043 69.220376 139 69 19
277746.722195 2111258.453954 233.029412 139 69 19
277300.050070 2111047.210346 147.587393 34 139 34
277674.766560 2110886.450921 252.381277 139 69 19
277026.040493 2111153.776065 79.122774 34 139 34
277369.164491 2111023.932180 157.594537 139 69 19
276920.006704 2111568.806353 15.392448 139 69 19
277782.813234 2111517.186467 195.176990 34 139 34
277347.681274 2110792.606444 179.134408 139 69 19
276764.726655 2111198.735223 30.612894 34 139 34
277579.952492 2110702.676001 242.131013 139 69 19
277008.058020 2111053.594937 75.626550 34 139 34
277164.761552 2110814.432989 152.180690 34 139 34
276644.895883 2110888.881891 15.461347 34 139 34
277428.557437 2111111.073345 163.560782 34 139 34
277618.320132 2111467.052552 168.729538 34 139 34
277047.246962 2110867.542457 121.958016 139 69 19
277581.667385 2111479.414900 170.094802 139 69 19
277341.955135 2111684.364686 110.055170 139 69 19
277447.284636 2110648.014371 226.759306 139 69 19
277370.055489 2111568.564013 110.747882 34 139 34
276794.499531 2111323.218329 -6.155489 139 69 19
277627.273005 2110916.676442 226.861298 34 139 34
277331.630277 2110936.000119 168.004156 139 69 19
276971.050217 2111239.741732 41.191032 139 69 19
277390.944897 2110981.349083 175.097541 34 139 34
276892.729340 2110896.402244 71.533428 34 139 34
277515.507948 2110595.745946 221.332552 34 139 34
277330.398586 2111068.543576 131.358273 34 139 34
277691.910288 2111561.242421 181.276285 139 69 19
276768.584963 2111535.856376 -4.132432 139 69 19
277270.478971 2110782.751358 173.350654 34 139 34
277145.405427 2110686.816117 162.788251 34 139 34
277380.770637 2111295.637138 133.213874 34 139 34
277494.186824 2110957.071747 191.519838 34 139 34
277418.483989 2110692.189167 211.544383 139 69 19
277309.043155 2110964.199067 150.711707 139 69 19
277598.476292 2110744.176628 234.104897 139 69 19
277527.152656 2111136.623966 195.613198 34 139 34
277708.658211 2111041.774033 248.580850 34 139 34
276779.574066 2111009.855616 34.884790 139 69 19
276961.286951 2111142.273731 74.162129 34 139 34
277445.828190 2111205.795959 146.057683 34 139 34
276938.639218 2110828.682812 88.391325 139 69 19
276957.350877 2111615.204517 20.901967 34 139 34
277325.012571 2110709.142494 168.347158 34 139 34
276698.472646 2110774.253409 59.538591 34 139 34
277161.278271 2110975.959208 104.110823 139 69 19
277672.708724 2111359.390499 187.289192 34 139 34
277002.705354 2111142.609090 96.649980 34 139 34
277413.352691 2110839.336485 192.389032 34 139 34
276700.407448 2110994.354307 31.112286 139 69 19
277564.437700 2110618.012812 226.247211 139 69 19
277698.652640 2111300.627634 204.196891 34 139 34
276833.868203 2111696.045353 -10.440303 139 69 19
277286.147756 2111314.665933 128.478639 139 69 19
277291.344340 2111551.425791 98.723117 34 139 34
277651.145252 2111426.550532 188.940981 34 139 34
277378.343001 2111069.196826 166.872240 139 69 19
277069.236200 2111709.744589 14.090606 34 139 34
276957.397302 2111376.195519 41.439412 34 139 34
277534.063440 2111619.202180 155.914820 34 139 34
277059.958524 2111599.530413 24.611641 139 69 19
277404.722823 2111257.569617 135.118405 139 69 19
277125.932290 2110788.305377 122.634356 34 139 34
276788.133461 2111760.062860 -36.813041 34 139 34
277145.337573 2111210.232590 88.373419 139 69 19
277589.065547 2110600.680272 260.062126 34 139 34
277163.564536 2111239.750153 98.751980 34 139 34
276993.208906 2111252.705347 58.703818 139 69 19
277327.601264 2111343.039558 126.582547 139 69 19
276897.406188 2110938.032325 66.124191 34 139 34
277470.433422 2111279.299480 165.557787 34 139 34
277090.333756 2110823.732173 127.215091 139 69 19
277133.554960 2111262.797606 86.009713 34 139 34
277253.696920 2110747.262260 177.636963 34 139 34
277209.859775 2111514.407454 85.358158 34 139 34
277091.282017 2111478.446320 55.480102 139 69 19
277693.190718 2111628.990064 183.122064 34 139 34
277251.608731 2111200.761586 109.419928 139 69 19
276932.027774 2110740.733009 108.352386 139 69 19
277017.167015 2111622.968751 31.373452 139 69 19
276744.756009 2111254.377097 7.076544 139 69 19
277614.256251 2111526.581185 141.641195 139 69 19
276754.493441 2110728.141230 49.054690 34 139 34
276994.309404 2111145.161191 61.393399 139 69 19
276985.446500 2111139.231527 50.338071 139 69 19
277680.240396 2111247.886188 207.202663 34 139 34
277291.165865 2111652.527954 72.385557 34 139 34
277167.487532 2110955.463615 109.253311 34 139 34
277567.404190 2110801.318007 230.312506 139 69 19
277456.787277 2110586.254645 219.324729 34 139 34
277351.633447 2110749.664418 204.421908 34 139 34
277630.671871 2110710.255362 237.158670 139 69 19
277642.444712 2110825.755384 249.804775 139 69 19
276895.350240 2110824.723151 77.045770 34 139 34
277084.319720 2111293.796928 77.712356 34 139 34
276964.216603 2110753.751525 105.022572 139 69 19
277220.419400 2110773.566354 166.050906 139 69 19
277339.971521 2111680.718194 87.043358 139 69 19
277213.013949 2110942.373181 136.430221 139 69 19
276809.554895 2111706.563015 -18.363704 34 139 34
277177.911343 2111339.092645 94.546598 139 69 19
277712.769319 2111375.238772 202.101304 34 139 34
277432.773165 2111058.615029 164.953831 139 69 19
277088.803925 2110970.370052 107.741480 139 69 19
277566.726239 2111176.226837 173.269799 139 69 19
277677.901897 2111387.422759 196.980969 139 69 19
277651.208529 2111440.644535 195.964856 139 69 19
276997.079966 2111673.557329 21.207302 34 139 34
277451.446731 2110683.936000 216.041732 139 69 19
277615.165227 2110610.050190 240.075790 139 69 19
277411.902272 2110922.584329 163.275231 139 69 19
277188.398985 2111183.443891 116.947776 139 69 19
277098.702532 2111652.871152 29.819920 34 139 34
277376.720618 2111491.215018 116.473560 34 139 34
276879.577517 2110920.661605 67.760873 34 139 34
276991.306599 2110962.121063 98.875118 139 69 19
276667.309867 2110793.540468 43.699217 139 69 19
277645.673195 2111122.827765 237.912812 34 139 34
277019.296147 2110890.774360 105.990311 139 69 19
277448.088286 2111481.033466 137.669999 139 69 19
277308.002003 2110631.047226 200.827789 139 69 19
276747.792780 2111200.681196 15.438428 34 139 34
276843.501899 2111118.707270 34.749041 34 139 34
277570.761908 2111024.298485 205.238006 34 139 34
277447.527090 2110813.988854 191.356948 34 139 34
277694.088729 2111202.291059 210.037278 139 69 19
276908.589400 2111779.313202 -3.088938 139 69 19
277299.953306 2111145.553608 111.194434 34 139 34
277657.957036 2111357.522339 194.404874 34 139 34
276719.903439 2110778.657873 62.355299 139 69 19
277021.762089 2110856.500209 108.473311 139 69 19
277253.174593 2111257.541859 132.763555 139 69 19
277552.146551 2111322.149544 158.944509 34 139 34
276659.808863 2110931.176194 29.435588 139 69 19
277642.595513 2110795.370252 255.815975 139 69 19
277144.651397 2111368.861317 76.164169 34 139 34
277124.088515 2110745.462301 138.306161 139 69 19
277611.304653 2111545.903589 173.066242 34 139 34
277444.905014 2110906.521447 199.051920 34 139 34
277281.899431 2110981.887934 134.599398 139 69 19
276733.247429 2110923.462241 48.381776 139 69 19
276858.018057 2111617.947287 -11.118927 34 139 34
276870.155531 2111045.419419 34.484128 34 139 34
277025.817712 2111005.956049 95.087977 139 69 19
277538.579685 2110967.681216 217.759977 139 69 19
276662.385448 2110751.001246 56.569470 34 139 34
277123.051089 2111194.161383 106.202811 34 139 34
277670.485490 2111216.229156 214.698031 139 69 19
277701.712640 2111420.373492 207.674049 139 69 19
277177.310474 2111115.003778 110.423686 139 69 19
276885.518712 2111435.524421 0.687050 34 139 34
277737.273777 2111539.713025 195.263442 139 69 19
276939.350493 2110689.223442 110.771901 34 139 34
277384.112706 2111545.452769 127.545818 139 69 19
277025.762845 2110879.751869 128.798222 34 139 34
277293.507276 2110683.376038 182.085918 34 139 34
277532.784634 2111390.700291 165.344169 34 139 34
276835.713097 2111613.302872 -13.517248 34 139 34
277001.217323 2111074.231896 60.097501 34 139 34
277144.756303 2110798.781061 135.791905 139 69 19
277559.542039 2111505.484068 171.816640 139 69 19
277453.370658 2111540.528247 106.857924 139 69 19
277342.176339 2110648.492829 213.022524 34 139 34
277538.167299 2110882.908792 222.425991 34 139 34
277684.383411 2111280.487687 199.388980 139 69 19
277337.613990 2111218.395300 147.264048 34 139 34
276896.478622 2110718.500220 89.888182 34 139 34
277227.495327 2111265.850178 101.602181 34 139 34
277402.972083 2110698.550285 188.763062 139 69 19
277075.495026 2111357.044325 73.003259 34 139 34
277137.820385 2110689.922739 165.991588 139 69 19
277248.725937 2111626.277467 95.011348 34 139 34
276759.543567 2111479.338371 -19.434936 139 69 19
277205.156353 2111573.785630 86.039963 139 69 19
277176.884356 2111603.820919 85.542759 34 139 34
277488.890429 2110927.128695 197.711900 139 69 19
277345.947009 2111463.829514 110.246771 34 139 34
277543.845333 2111245.574768 176.348575 139 69 19
277495.819209 2110826.205344 196.644810 139 69 19
277053.430647 2111159.068489 72.636724 139 69 19
277134.908235 2111631.639358 57.679322 34 139 34
277227.431467 2110885.997030 150.388121 34 139 34
277153.828461 2110939.531927 115.871585 34 139 34
277349.572051 2110829.268724 179.229858 139 69 19
277596.846816 2111385.830942 179.869967 34 139 34
276704.021781 2111293.312713 -21.154526 34 139 34
276796.507099 2111576.432492 4.393302 34 139 34
277538.425205 2110583.502681 249.031064 34 139 34
277217.652303 2110941.683057 130.960001 139 69 19
276997.107531 2111350.101989 46.630464 139 69 19
277442.926267 2111517.167797 136.009620 139 69 19
277327.782187 2110630.735206 194.888750 34 139 34
277472.903443 2111614.308944 122.792362 34 139 34
277056.765373 2110672.365547 127.941044 139 69 19
277519.874796 2111209.319512 190.987245 34 139 34
276688.145569 2111107.144027 18.242188 139 69 19
277585.107809 2110739.977524 237.196147 34 139 34
277579.705590 2111087.320843 190.333013 139 69 19
277557.997420 2111170.586386 201.199995 34 139 34
277249.515089 2110881.697116 155.540103 34 139 34
276822.821081 2111483.272024 -6.908437 139 69 19
277427.929905 2110843.688511 200.474524 34 139 34
277547.360956 2110763.643914 224.613242 139 69 19
277363.360641 2111105.082234 146.848078 34 139 34
276699.532597 2110774.318129 64.761387 34 139 34
277729.595560 2111119.571526 223.383943 34 139 34
277077.381116 2111629.506449 40.429386 139 69 19
277621.647667 2111056.246820 227.975448 34 139 34
276901.256514 2111032.776986 65.094612 139 69 19
277606.392878 2111011.924827 200.680695 139 69 19
277649.052563 2111411.044400 175.930983 139 69 19
276894.867510 2111367.847484 35.546512 139 69 19
276919.453836 2111441.827082 15.361856 139 69 19
277319.477882 2110970.902505 159.825326 34 139 34
276793.718466 2111060.934466 29.345740 34 139 34
277543.397997 2111118.790810 195.740014 139 69 19
277476.477109 2110924.041337 193.069440 34 139 34
277397.438890 2110759.283599 201.020219 34 139 34
276856.237171 2110920.513808 60.722199 139 69 19
277329.116759 2110945.140601 149.336932 139 69 19
276893.731345 2111043.276129 71.665923 34 139 34
277376.281412 2111403.492121 138.116928 34 139 34
276824.087522 2111671.829472 -5.211882 34 139 34
277475.044741 2111164.825020 165.204996 34 139 34
277343.366567 2111393.745530 131.307410 139 69 19
277434.445778 2111612.395589 124.094512 34 139 34
277358.092672 2110642.553253 180.428207 139 69 19
277176.113814 2111679.425383 37.610854 34 139 34
276962.340620 2111063.159365 88.653802 139 69 19
277367.830351 2111578.226472 104.187812 34 139 34
277777.650839 2111477.237621 213.624641 34 139 34
277382.744574 2111193.959663 163.829815 34 139 34
276795.588492 2110938.378480 51.736885 34 139 34
277517.645701 2111218.168274 172.874664 139 69 19
277370.206381 2111199.885701 140.290916 34 139 34
276711.346499 2111028.775896 28.961724 34 139 34
277461.171665 2111595.463957 140.408852 139 69 19
276955.443752 2110747.867855 100.721284 139 69 19
276985.317927 2110707.517389 136.671528 34 139 34
277483.214721 2110929.482990 203.083922 139 69 19
277215.279072 2111525.392242 71.890252 139 69 19
276988.363420 2110756.818715 104.608209 34 139 34
276883.960256 2111562.201045 16.425995 34 139 34
277447.338662 2111200.345589 157.820410 139 69 19
277471.380425 2111070.877296 177.234250 34 139 34
276964.895801 2111107.874313 75.169671 34 139 34
276868.958580 2111745.934938 -16.819388 34 139 34
276861.552834 2111206.609129 31.249226 34 139 34
277562.598732 2110981.296750 227.946425 34 139 34
277366.522358 2111513.081878 107.924433 139 69 19
277652.655056 2111229.888492 187.378543 139 69 19
276776.415405 2111363.562086 -8.833669 139 69 19
277281.530313 2110702.425728 194.688316 139 69 19
276878.469702 2111342.211672 30.598179 139 69 19
277422.234659 2111353.866277 160.696945 34 139 34
277020.866022 2110983.295508 93.568032 139 69 19
277171.084749 2111698.538427 66.271766 139 69 19
277063.688154 2111716.877466 25.677878 34 139 34
276942.163054 2111309.450090 33.378924 139 69 19
277393.820044 2110668.744029 196.545358 139 69 19
277200.266280 2111608.422649 76.365789 139 69 19
277312.877759 2111060.789087 139.335802 139 69 19
277331.598176 2110700.999486 196.522992 34 139 34
276936.164695 2110889.383006 80.042963 139 69 19
277011.988494 2111235.037586 62.785600 139 69 19
276955.292011 2111630.603367 11.190345 34 139 34
276980.992646 2110716.853532 109.385404 34 139 34
276978.904666 2111180.348570 47.542776 139 69 19
276749.139852 2111434.000283 17.185534 34 139 34
276772.559414 2111409.110539 -4.697882 34 139 34
277532.795749 2110844.471504 204.898150 34 139 34
276819.659707 2111362.550462 8.140920 34 139 34
277762.175572 2111480.188557 190.471066 34 139 34
276915.540433 2111102.021109 64.149624 34 139 34
277257.335668 2110834.676398 153.168757 34 139 34
277132.952499 2111094.040944 94.819738 139 69 19
277450.901496 2110831.940857 199.565209 34 139 34
277056.352203 2110779.204632 109.774688 139 69 19
276791.674567 2111140.208441 12.542841 139 69 19
277338.829474 2111228.555948 135.111848 139 69 19
276958.079885 2111547.314814 15.967610 139 69 19
277808.837532 2111514.570623 194.766820 34 139 34
277508.959676 2111213.743024 181.570442 139 69 19
277613.707370 2111332.946043 201.281592 34 139 34
276715.559683 2111106.546195 27.714840 139 69 19
276884.162728 2111323.143522 28.769119 139 69 19
276967.792153 2110907.899207 97.691387 34 139 34
277438.336598 2110836.198519 197.628667 34 139 34
277020.732670 2110744.876499 111.881909 139 69 19
277630.207781 2110886.318378 241.750144 34 139 34
277667.915180 2111353.216372 194.982568 34 139 34
277700.793946 2111095.425049 218.133655 139 69 19
276829.425613 2110833.146607 70.851801 34 139 34
277536.824616 2111467.353990 167.804376 34 139 34
277546.982693 2110670.929001 236.106008 139 69 19
277401.694674 2110762.623788 206.902147 34 139 34
276790.814512 2110749.381198 60.057024 139 69 19
276790.769511 2110888.994693 71.147696 34 139 34
277280.232941 2111537.889434 90.265058 34 139 34
277469.416217 2111300.367533 144.363737 34 139 34
277325.460789 2110647.474274 180.995614 34 139 34
277030.357364 2111198.151098 74.215850 34 139 34
277099.851585 2111198.363317 79.952109 34 139 34
277290.845344 2111497.079829 108.217818 34 139 34
277072.113608 2111414.064539 74.148236 34 139 34
277713.681108 2111384.920050 197.716411 139 69 19
277045.342859 2111447.515830 46.509955 139 69 19
277680.808268 2111409.369282 184.174800 139 69 19
277528.036985 2110852.197272 218.971273 139 69 19
277424.441029 2111524.379057 123.558055 34 139 34
277265.442605 2110775.583436 169.195573 139 69 19
276854.888686 2111339.186611 24.050775 139 69 19
277265.991980 2110768.795341 140.308542 139 69 19
277368.936226 2111526.602944 96.564916 34 139 34
277467.407290 2110981.934578 190.687292 139 69 19
276790.578004 2111181.214528 35.103555 34 139 34
277628.160979 2111286.102518 178.652649 34 139 34
276914.013776 2110812.724407 84.918622 139 69 19
276869.606077 2111336.201288 38.431576 139 69 19
276953.123991 2111091.447233 72.283336 139 69 19
277295.287865 2110813.517237 183.563047 34 139 34
277260.155548 2111088.031523 149.035938 139 69 19
277154.083814 2111052.258069 120.177802 34 139 34
277275.900144 2111701.149559 76.741719 34 139 34
276861.514443 2111269.043510 37.640829 139 69 19
276808.189005 2110872.831603 60.873410 139 69 19
277576.145539 2110621.800153 240.655939 34 139 34
277021.687023 2111421.704374 40.082670 139 69 19
277166.264918 2111161.694760 122.139058 139 69 19
276695.477047 2111258.177170 -24.968181 139 69 19
277588.048598 2111059.576852 213.174782 139 69 19
276828.802196 2111110.300298 63.106351 34 139 34
276968.084852 2110845.522245 111.017668 34 139 34
277139.932599 2111180.378932 110.995500 34 139 34
277136.763192 2111550.246445 73.743664 34 139 34
277016.192059 2111032.083664 88.744629 34 139 34
277097.380037 2111273.334982 81.404970 139 69 19
276820.512833 2111521.761976 -14.394920 34 139 34
276797.733260 2111035.771087 34.667929 139 69 19
277311.247354 2111209.530567 149.383564 34 139 34
277406.613364 2111087.981077 167.782190 139 69 19
277134.250337 2111622.671187 43.190095 34 139 34
276929.947859 2111607.777078 -3.611758 139 69 19
277670.498125 2111434.675724 194.866667 139 69 19
276729.401228 2110969.961897 33.518298 34 139 34
277619.523098 2111080.929921 202.226105 34 139 34
277271.670032 2110691.701320 170.015534 139 69 19
277074.163332 2111256.756209 76.587464 139 69 19
277539.876566 2110622.299157 248.727774 139 69 19
277681.919701 2111299.100203 192.364643 34 139 34
277300.220853 2111633.528816 100.036390 34 139 34
277450.440107 2110804.355517 216.320612 139 69 19
277014.561858 2111666.101631 25.274726 139 69 19
276645.326552 2110992.361500 16.815381 139 69 19
276812.805461 2110913.084040 67.777384 34 139 34
277571.808893 2110861.562667 219.757072 34 139 34
277579.676816 2111052.379379 190.642030 139 69 19
277675.053407 2111355.182542 189.215222 139 69 19
276978.520492 2111518.597271 43.345207 139 69 19
277144.147837 2111392.597066 93.557775 139 69 19
277618.562521 2111081.430201 201.125654 139 69 19
277470.213546 2111207.329302 160.215425 34 139 34
277150.647290 2111314.533878 105.774627 139 69 19
277107.277651 2111139.174333 72.497162 139 69 19
277548.831246 2111496.204399 151.421025 139 69 19
276780.241923 2111168.955772 41.887903 34 139 34
277565.093341 2111172.583110 186.177898 139 69 19
277624.824558 2111287.504009 171.410986 34 139 34
276800.987993 2111419.919140 -5.428998 139 69 19
277439.135319 2111473.183312 133.793476 139 69 19
276865.138613 2111027.066637 61.858982 139 69 19
277415.467581 2110963.073882 180.260153 139 69 19
277041.090804 2111751.407089 11.911878 139 69 19
276919.694296 2110998.500566 61.875119 34 139 34
277513.781804 2111245.880184 173.529921 34 139 34
277332.226292 2110965.114827 161.094684 34 139 34
276978.015894 2111730.371502 23.428843 139 69 19
276960.998927 2111193.189987 65.205711 34 139 34
277295.939617 2111246.523155 136.180544 34 139 34
277633.717428 2110952.529541 219.876351 34 139 34
277426.230249 2111453.580279 139.191724 34 139 34
277458.557498 2110931.540500 181.661445 34 139 34
277280.702764 2110975.244102 144.765421 34 139 34
277262.040436 2110930.250317 148.086952 34 139 34
276829.181771 2111273.970179 16.833893 34 139 34
277225.037003 2111544.167123 69.995596 139 69 19
277061.863438 2110850.280360 118.203194 34 139 34
277051.950917 2111227.641960 67.745757 34 139 34
277113.319404 2111635.211995 43.441147 34 139 34
277274.325389 2110896.001900 145.901929 34 139 34
277598.214777 2110653.645570 261.793106 34 139 34
277497.597201 2110575.480158 224.819007 139 69 19
277216.334169 2111259.090874 102.401875 139 69 19
277563.855798 2111141.111634 182.967531 139 69 19
276790.423702 2111391.419635 -0.167763 139 69 19
277606.438712 2111315.858374 161.917105 34 139 34
277455.852455 2110665.500084 216.402950 139 69 19
277016.996269 2110746.453200 113.416879 139 69 19
277273.999901 2111029.724842 133.399916 139 69 19
277410.969919 2111478.536102 131.587668 139 69 19
276958.488331 2111013.873630 82.377666 139 69 19
276990.825545 2110810.304915 114.207535 139 69 19
277361.322620 2111223.121531 154.911956 34 139 34
277611.859892 2111239.939040 189.888597 139 69 19
277611.237367 2111303.084462 189.523604 139 69 19
277356.555574 2110954.260711 171.149508 34 139 34
277299.138947 2110718.692805 182.894354 139 69 19
277513.481584 2110746.977019 218.233107 34 139 34
277215.007745 2110912.669146 133.003946 34 139 34
277405.163064 2110765.544312 191.779309 139 69 19
276836.549694 2110950.030966 67.278075 139 69 19
276823.585374 2111022.421936 38.977302 34 139 34
277722.262741 2111591.960864 165.409145 139 69 19
277118.985747 2110649.937225 153.146280 34 139 34
277291.194204 2111087.291091 139.822648 34 139 34
276937.004313 2110725.696286 104.132082 139 69 19
277034.514185 2111156.479734 73.454282 34 139 34
277421.109872 2110756.274265 202.482436 34 139 34
277053.364960 2110762.389018 117.039066 139 69 19
277440.162530 2111540.224093 115.141681 139 69 19
276872.575725 2111094.970932 53.185524 139 69 19
277670.946036 2110976.101598 239.964676 139 69 19
276690.232022 2111068.911163 11.850154 34 139 34
277261.112881 2110802.474968 155.516324 139 69 19
276877.437226 2111523.296548 21.232481 139 69 19
277179.660239 2111518.510256 53.092458 139 69 19
277156.488401 2110930.078569 118.443011 34 139 34
277241.833581 2111028.229594 152.751387 34 139 34
276970.767907 2111268.219989 44.703347 34 139 34
277728.390269 2111627.456973 171.673312 139 69 19
276879.989103 2110997.162130 53.911024 139 69 19
277072.022916 2111632.539163 30.371325 139 69 19
276693.805346 2110943.564677 38.309543 139 69 19
277283.791330 2111301.652176 110.509152 139 69 19
276772.189404 2110803.824031 80.553862 139 69 19
276964.085025 2111371.957161 50.039214 34 139 34
277019.817607 2111610.817946 11.177617 139 69 19
276923.413615 2111141.178809 65.283693 34 139 34
276791.542201 2110955.608613 40.396905 139 69 19
276738.592825 2111452.190572 -8.431405 139 69 19
276709.285985 2111264.982379 -7.412903 34 139 34
276989.980302 2111651.938047 4.569333 34 139 34
277038.691233 2111611.219546 33.416698 34 139 34
277617.793703 2110569.799208 260.512346 139 69 19
277041.691516 2110708.267470 108.841208 34 139 34
277256.503866 2111690.622178 81.366767 34 139 34
277656.305604 2111171.032970 202.534902 34 139 34
277284.461946 2111160.752263 135.922015 34 139 34
277133.026853 2111285.706921 99.631901 139 69 19
277613.272366 2111072.181416 219.357814 34 139 34
277186.031240 2110765.739663 157.414835 34 139 34
277050.474830 2111148.258188 75.022713 34 139 34
277625.850426 2111314.463975 188.362799 34 139 34
277135.182463 2111529.785244 61.086031 139 69 19
277584.064148 2111451.040291 187.879942 139 69 19
276778.475112 2111696.864329 -41.337350 34 139 34
277361.262910 2110658.159197 202.881992 139 69 19
277517.519304 2111474.246128 145.882730 34 139 34
277669.458673 2111555.121094 169.336813 139 69 19
277778.688514 2111405.394792 217.427067 34 139 34
276907.564391 2110911.534579 77.476460 34 139 34
277155.676029 2111006.812037 120.294668 34 139 34
277711.340979 2111347.199033 205.970050 34 139 34
276900.578406 2110968.540927 81.562463 139 69 19
277472.878068 2110686.643581 222.092633 139 69 19
276740.393776 2110968.881598 37.982607 139 69 19
277154.365778 2111716.152986 54.491986 139 69 19
276912.116941 2111499.598788 17.956179 139 69 19
277675.529938 2111041.187579 196.518466 139 69 19
277646.120055 2111578.499799 154.616801 139 69 19
277366.314353 2111065.100567 172.877904 34 139 34
277528.662990 2110923.713612 204.761890 139 69 19
277052.340008 2111223.448448 103.128182 34 139 34
277141.548463 2110848.925990 115.249532 34 139 34
277188.636513 2111057.782413 131.131190 139 69 19
277664.353573 2111057.779083 212.317123 34 139 34
277547.174356 2110953.503663 190.097864 139 69 19
277636.777208 2111132.337336 215.791744 34 139 34
277503.831744 2111134.548338 181.800415 139 69 19
277616.700448 2111128.762333 221.392829 139 69 19
276982.176367 2110738.621127 100.032004 34 139 34
277135.699856 2110966.954455 113.101551 34 139 34
277068.859609 2111523.850960 48.781182 139 69 19
277598.077114 2111128.327944 220.088739 139 69 19
277550.264073 2111396.277097 169.871371 34 139 34
277512.094703 2111043.933213 200.567649 139 69 19
277001.697438 2110991.648023 93.435242 139 69 19
277051.919859 2111001.790156 82.464075 139 69 19
277106.401910 2111119.777448 112.472654 34 139 34
277107.979039 2111359.745983 82.136418 139 69 19
277598.863037 2110967.266018 202.447927 34 139 34
277071.406854 2111089.326657 99.516164 139 69 19
277336.840290 2110685.974661 183.269905 34 139 34
277008.906327 2111459.377352 30.187070 139 69 19
276990.361581 2111261.724532 59.060333 139 69 19
277707.739716 2111065.591152 221.368203 139 69 19
277245.516575 2110893.931430 148.598918 139 69 19
276780.899894 2111629.428391 -31.818676 34 139 34
277012.866330 2111676.904673 42.226238 139 69 19
277063.627892 2111744.845873 30.907926 34 139 34
277063.305924 2111738.067051 27.759021 34 139 34
276990.471206 2110729.896155 136.412419 139 69 19
277651.852318 2111471.051493 183.367637 139 69 19
277540.182076 2111123.979514 169.403118 34 139 34
277308.183438 2110730.952656 181.064118 34 139 34
277469.129334 2110998.637621 180.217282 34 139 34
276770.686787 2110822.659371 66.764373 139 69 19
276794.785590 2111633.835836 9.092958 139 69 19
276786.453363 2111709.639061 -43.137626 34 139 34
276721.732854 2111378.370667 -26.862866 34 139 34
277340.752947 2110851.325795 167.466894 34 139 34
277595.337198 2111470.121884 167.118751 139 69 19
277266.231824 2111103.170622 138.643520 34 139 34
276648.741000 2110766.048013 32.083664 34 139 34
276951.032486 2111590.682463 5.052780 34 139 34
277025.900608 2111239.759019 68.285472 34 139 34
277042.540597 2111325.011194 67.516412 34 139 34
277258.023586 2110822.070834 171.744370 139 69 19
277245.004612 2110925.308131 153.423773 139 69 19
277621.915938 2110840.988122 242.299521 139 69 19
277248.320809 2111201.960931 124.414277 34 139 34
277544.423676 2110746.077280 218.613273 139 69 19
276808.641058 2111606.875641 -28.951387 34 139 34
277393.311526 2110805.711817 190.599202 139 69 19
277086.971588 2111613.074361 62.756761 139 69 19
277293.116391 2111393.030947 109.172668 34 139 34
277220.734186 2111540.118282 80.482353 34 139 34
277570.993473 2110679.618362 236.693628 34 139 34
277356.803710 2110987.901169 167.554315 34 139 34
277628.044269 2110844.486224 231.436438 34 139 34
276826.065679 2111790.052022 -24.953701 34 139 34
277678.511771 2111107.532572 230.841812 139 69 19
277613.693067 2111487.187039 162.402392 139 69 19
277546.551285 2110919.978130 217.553189 34 139 34
276807.854001 2111084.824492 40.628344 34 139 34
277112.666565 2111315.688053 72.833400 139 69 19
277546.272088 2111523.248386 144.507961 34 139 34
277577.553108 2110996.085304 212.600236 139 69 19
277472.225970 2111255.320074 158.371243 139 69 19
276880.896196 2111013.259762 56.267883 34 139 34
277681.939319 2111449.758324 186.114347 34 139 34
277448.470107 2110667.997532 223.958587 34 139 34
277210.596304 2111703.131511 47.384367 34 139 34
277558.072946 2111475.451325 156.373178 34 139 34
277012.814796 2110893.029625 121.501223 139 69 19
277365.653904 2110781.979506 194.278396 34 139 34
276869.762016 2111047.140019 45.465915 139 69 19
276874.576627 2111111.078430 45.994426 139 69 19
277674.435743 2111194.298318 206.200520 139 69 19
277076.399424 2110796.887937 125.127962 139 69 19
276823.887509 2111180.517267 27.399282 139 69 19
276822.356307 2110876.747925 73.998296 139 69 19
276904.732460 2111232.993483 30.978609 139 69 19
277458.179468 2111567.367245 131.705055 34 139 34
277212.538764 2111642.728755 75.559773 139 69 19
276605.896799 2110825.383579 29.208331 139 69 19
277022.024634 2110947.794306 111.491176 139 69 19
276663.362851 2111056.822586 4.256644 34 139 34
277282.659271 2110888.172002 164.899572 139 69 19
277026.326885 2110882.701193 106.213511 34 139 34
277463.850464 2111387.260730 167.858880 34 139 34
277042.309525 2111669.638127 35.699589 139 69 19
277426.240400 2110919.252285 194.665094 139 69 19
277727.032179 2111516.993079 181.971332 34 139 34
277633.640556 2111556.002116 154.297102 34 139 34
277645.573639 2111064.453440 221.412946 139 69 19
276983.385314 2110804.107907 125.725576 139 69 19
277565.727507 2111101.863078 187.132959 34 139 34
277705.091184 2111416.014453 193.858348 139 69 19
276890.049460 2110969.923806 70.736766 34 139 34
276911.973878 2110914.606595 102.425795 34 139 34
277103.153063 2111196.273314 80.551976 34 139 34
277141.381888 2110834.660830 126.393030 139 69 19
277057.933758 2111053.390858 83.015705 139 69 19
276773.837614 2111654.778881 -17.456431 139 69 19
276734.066802 2111067.807516 35.456469 34 139 34
277218.795411 2110877.988834 141.041777 139 69 19
276647.628598 2110864.663695 19.991360 139 69 19
276959.405156 2111280.597321 38.386172 139 69 19
277554.880939 2111656.047072 124.293335 139 69 19
277127.020796 2110843.428227 117.643643 139 69 19
276816.031538 2111365.271756 18.002444 139 69 19
277150.900674 2111272.263543 91.482771 139 69 19
277058.640559 2111090.014009 93.622512 139 69 19
277269.976609 2111649.687707 76.041906 139 69 19
277244.871936 2111120.564113 133.306130 34 139 34
277143.887341 2111338.772747 90.291791 139 69 19
276824.359056 2111324.653599 12.906786 139 69 19
277386.099808 2111291.738616 135.030314 139 69 19
277055.726072 2111093.980444 99.645087 139 69 19
277201.196013 2110800.804760 153.884175 34 139 34
277041.293473 2110726.531981 135.845402 139 69 19
277623.619439 2110756.856329 223.386198 34 139 34
277194.611748 2110864.636125 123.074190 34 139 34
277451.954703 2110926.732829 182.442290 139 69 19
276740.109457 2111444.208319 -23.007122 34 139 34
277581.521292 2111497.482066 149.229542 139 69 19
276731.759103 2111015.892212 35.521514 34 139 34
277521.542492 2110685.423528 212.627575 139 69 19
277491.008426 2110714.976603 223.035556 34 139 34
277321.299672 2111053.038894 133.881944 34 139 34
277138.600047 2111360.221593 77.509015 139 69 19
277727.594228 2111344.793281 217.058588 34 139 34
276964.397386 2111389.553417 40.857433 34 139 34
277437.397684 2111237.893624 157.797462 34 139 34
277403.639929 2110845.495154 181.944461 139 69 19
277423.200776 2111149.070589 154.902793 139 69 19
277559.090749 2111411.673834 162.372689 34 139 34
277040.455737 2111456.414977 53.314216 139 69 19
277246.938262 2111072.146766 128.567892 34 139 34
277085.547269 2110870.314829 132.259805 34 139 34
277220.288082 2111454.344086 86.334099 34 139 34
277020.905284 2111688.670326 17.649926 139 69 19
277673.973801 2111347.210845 204.342216 34 139 34
277451.774339 2110860.930779 190.801232 34 139 34
277041.451295 2110928.864558 100.383420 34 139 34
277077.967579 2111649.284700 35.222340 34 139 34
277182.695191 2111642.956204 53.745111 139 69 19
277128.467006 2110677.981642 128.713637 139 69 19
277544.126584 2111302.913742 162.704891 139 69 19
277582.214534 2111270.456139 180.043197 139 69 19
277409.453919 2111645.709666 121.108484 139 69 19
277346.771227 2111588.676685 105.933233 34 139 34
277052.908924 2111479.331841 48.431795 34 139 34
277126.013997 2111408.019859 74.858621 139 69 19
276875.294085 2110712.779225 90.807871 34 139 34
277298.580006 2110637.966220 190.868644 139 69 19
277182.284142 2111620.355920 52.845897 34 139 34
277417.544669 2111075.990066 177.390901 34 139 34
277111.297101 2111123.367894 77.580634 139 69 19
277425.265398 2111619.478485 136.337411 34 139 34
276741.600234 2111173.332173 13.401192 139 69 19
277492.751915 2111296.424551 147.390267 34 139 34
277582.489367 2110744.623132 250.971075 34 139 34
277361.310942 2111020.491379 153.771717 139 69 19
276827.828258 2110971.040417 82.313716 34 139 34
277569.787088 2111082.893066 190.268897 139 69 19
277575.628439 2111405.136164 167.470549 139 69 19
276882.913245 2111276.339680 49.924199 139 69 19
276738.486437 2111220.659254 5.193136 139 69 19
276783.764765 2110811.873747 50.632931 34 139 34
277282.042350 2111066.221544 139.251483 34 139 34
277193.549135 2111543.575357 102.707202 139 69 19
277365.162335 2111301.004423 150.727152 139 69 19
277744.254052 2111475.061361 196.819146 139 69 19
277430.957994 2110975.314242 165.870047 34 139 34
277303.511356 2111214.829280 131.535510 139 69 19
276974.044976 2110770.663327 136.559306 34 139 34
277260.778432 2110873.244692 149.290111 139 69 19
277250.885264 2111243.191976 122.334861 34 139 34
277338.743074 2111299.345847 127.333099 34 139 34
276790.651204 2111289.219410 9.694000 34 139 34
276935.009817 2111069.924267 77.577420 139 69 19
277213.779693 2111564.268864 82.756688 34 139 34
277396.568796 2111325.211252 129.953239 139 69 19
276787.100094 2111340.150429 7.834578 139 69 19
277487.011109 2111517.353771 143.173742 139 69 19
276961.940559 2111336.577586 33.625820 139 69 19
276897.232089 2110751.662159 96.086902 139 69 19
276797.728303 2111561.555665 -14.651048 34 139 34
277283.492680 2111401.240564 99.757168 34 139 34
277682.735472 2111080.025047 207.563345 34 139 34
276834.726628 2111028.217899 33.514133 34 139 34
277521.699754 2110849.323127 213.415911 139 69 19
277372.586575 2110942.053635 164.834202 139 69 19
276842.561657 2111080.960457 48.202149 139 69 19
277521.962457 2110600.650865 246.481159 139 69 19
276732.206514 2111211.594822 38.972820 34 139 34
276711.681741 2111062.558827 11.769412 34 139 34
277611.278252 2110734.762306 247.489181 139 69 19
276826.468339 2111667.150605 -38.158959 139 69 19
276652.284810 2110825.195373 19.578141 34 139 34
277400.152349 2110815.452944 211.200085 34 139 34
277301.248321 2111243.828216 127.379708 34 139 34
277213.707419 2111329.586674 107.684312 34 139 34
276731.187432 2111014.713383 20.426404 139 69 19
276830.275482 2111180.091009 49.472830 139 69 19
277523.297988 2111163.797394 189.695084 139 69 19
277622.703407 2110706.208045 241.988210 34 139 34
276920.125927 2111236.014776 56.681053 139 69 19
276698.231995 2111220.491444 -9.833938 34 139 34
277145.418573 2111162.061197 95.907079 139 69 19
276897.331330 2111767.339189 6.561134 34 139 34
276920.032264 2111259.731427 44.272056 34 139 34
277327.910170 2111158.034619 133.047680 139 69 19
276761.937933 2111496.480037 0.850559 139 69 19
277066.096764 2111527.624793 25.891054 139 69 19
277337.891635 2111426.634514 122.803788 139 69 19
276671.212051 2110869.287665 18.234096 139 69 19
277159.972549 2111450.910580 68.141239 139 69 19
276792.963770 2111603.928220 -10.939363 139 69 19
277322.960635 2111057.177578 154.029419 139 69 19
277440.491292 2110820.995227 192.162002 34 139 34
277088.107470 2110740.526297 133.400011 139 69 19
276924.212757 2111163.008259 53.044202 34 139 34
277766.992902 2111443.285565 194.704891 34 139 34
276854.765272 2110914.246903 69.334972 139 69 19
276851.524875 2111349.635065 13.131791 139 69 19
277494.974304 2111155.671648 168.329456 34 139 34
277577.717467 2111152.186626 216.203481 139 69 19
277078.278034 2110679.727510 154.750005 34 139 34
276903.339002 2110714.438604 91.687078 34 139 34
277012.279060 2111211.421880 71.068314 34 139 34
277404.398668 2110970.952897 176.697921 34 139 34
277175.682312 2111063.459308 147.936363 34 139 34
277656.981093 2111030.346019 211.703654 34 139 34
276829.565528 2111152.261713 47.161711 34 139 34
277337.456812 2110837.934317 198.805807 139 69 19
277403.813975 2111457.339793 134.085527 34 139 34
277491.188326 2110681.908694 186.364140 34 139 34
276728.746628 2110798.023584 27.678870 139 69 19
277321.255093 2110614.053231 197.106031 139 69 19
276768.489558 2111198.736764 5.717043 139 69 19
276961.262539 2110767.623528 115.053511 139 69 19
276671.525435 2110919.992641 39.770742 139 69 19
276938.334671 2110793.043718 105.874689 139 69 19
276759.505557 2111221.333472 23.735083 34 139 34
277187.866418 2111349.520697 113.368330 139 69 19
277003.406998 2111221.142729 85.117012 34 139 34
277649.031884 2111044.563308 236.695926 139 69 19
277010.128706 2111159.413553 58.179676 34 139 34
277404.374150 2110923.228055 184.144531 34 139 34
277105.916577 2110703.291389 158.884561 34 139 34
277559.984430 2110931.044139 222.386264 34 139 34
277367.049142 2111614.755855 125.402729 34 139 34
276764.857598 2110784.186676 70.368711 34 139 34
277040.426045 2111490.968225 46.928803 34 139 34
277235.024614 2111538.613845 97.643109 139 69 19
277198.113187 2110684.640108 147.485919 139 69 19
277165.028992 2111308.611538 102.219922 139 69 19
277379.168878 2110761.023587 218.127656 34 139 34
277465.345232 2111064.616861 176.581380 34 139 34
277412.355190 2111480.969575 117.215244 139 69 19
277081.819615 2111507.248952 57.231898 34 139 34
277605.647231 2111407.192060 179.182341 34 139 34
277326.536920 2111084.151819 146.449718 34 139 34
276969.653223 2110786.968516 114.149963 139 69 19
277210.787774 2111337.272990 98.619306 34 139 34
276861.317727 2111707.134661 1.118966 34 139 34
277582.187453 2111488.154126 149.251638 139 69 19
277409.732521 2111438.487640 134.372891 34 139 34
277014.270779 2110941.922065 93.457580 139 69 19
277599.509535 2110816.027359 227.528659 34 139 34
276799.888907 2111316.540597 23.743681 139 69 19
276995.734901 2111125.883063 90.856151 139 69 19
277001.007501 2111370.357563 47.835270 34 139 34
277331.632005 2111252.954361 123.285153 139 69 19
276901.747962 2111422.819603 29.475528 139 69 19
276853.738784 2111685.388561 -12.093768 139 69 19
277322.763503 2111626.815055 103.928873 139 69 19
277018.974689 2111489.076181 48.910390 34 139 34
276828.692986 2111173.057371 40.299304 34 139 34
277113.559753 2110920.924994 129.586958 139 69 19
277557.975528 2111049.988062 206.896346 34 139 34
277573.557298 2110631.718738 249.160974 34 139 34
277276.246035 2110796.817029 190.371500 139 69 19
277020.341332 2111386.092492 45.327799 139 69 19
277389.190387 2111564.412057 113.827811 139 69 19
276800.769749 2110843.021969 53.922120 139 69 19
277233.483028 2111549.450272 82.278980 139 69 19
277638.945667 2110691.864538 233.170087 139 69 19
277531.563294 2111336.670284 169.264832 34 139 34
277266.721448 2111629.901465 62.860086 34 139 34
277212.407474 2111559.236306 72.643424 34 139 34
277589.587946 2111536.212548 163.865730 34 139 34
277574.105585 2111095.495391 197.242013 139 69 19
277411.023787 2110909.531237 187.058035 139 69 19
277714.426878 2111222.544423 221.306540 139 69 19
277340.476188 2111355.129925 133.644942 34 139 34
277760.941711 2111266.377928 218.694938 139 69 19
277632.842057 2111282.173486 190.982153 34 139 34
277585.234760 2111050.852436 207.057018 34 139 34
276831.088535 2111391.212312 -2.702215 139 69 19
276898.182759 2111471.319712 20.034731 34 139 34
276661.320774 2110950.706779 12.358509 139 69 19
277543.842117 2111601.904281 152.080130 34 139 34
277093.090095 2110761.073047 131.028668 34 139 34
277028.216609 2110946.777914 123.296976 139 69 19
277403.301723 2110744.545520 210.525776 139 69 19
277049.711537 2111465.283939 61.889295 34 139 34
277140.343295 2110760.413373 124.583742 34 139 34
277508.446652 2110933.051097 204.164610 34 139 34
277212.451764 2111673.432660 60.948244 34 139 34
276906.866816 2111593.844883 -13.828471 34 139 34
276934.023110 2111431.519846 42.417699 34 139 34
277432.903723 2111161.268568 157.549210 139 69 19
277335.663003 2110703.123612 186.153250 34 139 34
277715.025878 2111447.406355 192.949866 139 69 19
277590.870963 2111497.118894 161.415221 34 139 34
277275.958067 2111185.874379 112.972284 139 69 19
276869.186664 2111482.678624 9.531525 34 139 34
276755.595139 2111342.804076 -7.859362 34 139 34
276732.198992 2111095.830250 46.700748 34 139 34
277210.117244 2110915.674820 137.054983 139 69 19
277523.409408 2111037.541232 205.747425 34 139 34
276882.031060 2111643.781635 -21.339218 139 69 19
277462.281781 2111640.680511 111.483722 34 139 34
277140.151308 2111594.802770 34.746024 34 139 34
276987.343249 2111332.801541 66.107694 139 69 19
277464.933144 2111245.876940 170.170203 139 69 19
277592.218577 2111005.790623 211.210747 139 69 19
277327.272330 2111496.679464 92.110191 139 69 19
277396.569752 2110744.048264 195.910942 34 139 34
277164.391072 2110823.477183 141.763806 34 139 34
277309.401720 2110849.528737 161.514212 34 139 34
277602.808938 2110982.135535 215.023992 139 69 19
277608.677325 2111422.430173 191.970577 34 139 34
277146.488766 2111534.364747 75.265410 34 139 34
277246.627152 2110749.974181 163.798551 139 69 19
276804.419299 2111125.410033 19.322573 34 139 34
277504.316670 2110772.543466 219.391757 34 139 34
277423.137910 2110761.758603 189.259620 34 139 34
277109.822365 2110980.506446 113.614396 139 69 19
277669.313737 2111122.093647 233.548942 139 69 19
277524.416417 2110595.752834 247.444961 34 139 34
277416.576269 2110755.822893 185.250047 34 139 34
277171.159512 2111340.339049 92.623597 139 69 19
277482.625612 2111276.696139 138.369941 34 139 34
277204.554371 2111514.669672 78.027192 139 69 19
277311.749785 2111366.319987 115.296382 139 69 19
277243.371181 2111150.110086 125.675617 139 69 19
276965.728537 2111433.079175 59.689792 34 139 34
277674.266855 2110873.738679 245.821675 34 139 34
277421.311405 2111524.915514 129.019045 139 69 19
277321.336094 2110634.719412 194.826344 34 139 34
276798.940995 2111114.244830 40.105265 139 69 19
276997.946875 2111232.885195 50.521732 139 69 19
276965.568867 2111099.366967 69.531910 139 69 19
277042.546329 2111020.223523 83.534126 139 69 19
277566.669535 2111005.135283 191.402869 139 69 19
277441.259353 2111382.539350 130.170514 34 139 34
277257.272015 2111673.161256 63.310700 139 69 19
277154.958223 2111322.857154 77.902930 139 69 19
277042.738721 2110884.793290 117.112144 34 139 34
277023.238332 2111696.539432 -0.140146 34 139 34
277566.295737 2110903.846877 208.703709 139 69 19
277707.984756 2111183.667676 225.579237 139 69 19
277600.631278 2111101.650203 210.735846 139 69 19
276851.926973 2110913.093261 64.546073 34 139 34
277433.871496 2110673.999697 216.580823 34 139 34
277244.178742 2110784.201264 158.011831 34 139 34
277463.110962 2110654.541076 224.022135 139 69 19
277342.368743 2110631.002581 193.066349 139 69 19
277239.165455 2111598.283207 80.898659 139 69 19
277533.098044 2111356.845373 159.243036 34 139 34
277196.865236 2111236.124881 90.981967 34 139 34
277771.731033 2111484.670335 203.458570 34 139 34
277503.345666 2111467.986925 157.316855 34 139 34
277586.433977 2111353.314836 170.433343 34 139 34
277385.829119 2110976.012522 178.676378 139 69 19
277771.472328 2111380.783021 203.596135 139 69 19
277743.605071 2111312.411732 208.012917 34 139 34
277427.029703 2111313.807191 140.533689 139 69 19
277329.709024 2110622.475516 180.382020 34 139 34
276742.740362 2111467.693881 -28.053188 139 69 19
276852.460768 2111058.246855 41.468033 139 69 19
276767.593802 2111230.232877 26.174111 34 139 34
276783.569792 2111522.572966 -20.391499 139 69 19
277047.398223 2111132.003009 72.151592 139 69 19
277627.558348 2111640.228817 148.163492 139 69 19
277479.189294 2111540.291449 122.806835 34 139 34
277366.854308 2111155.330766 130.899621 34 139 34
276622.133845 2110899.397252 10.667162 139 69 19
277646.267408 2111367.790799 178.046660 34 139 34
277058.438003 2111741.045298 35.548961 139 69 19
277107.218810 2110795.590528 133.295504 34 139 34
277652.999692 2111330.079262 203.639114 34 139 34
277348.436331 2111477.166417 104.963155 34 139 34
277222.611311 2111459.042076 99.297378 34 139 34
276729.853994 2111005.980087 41.286930 139 69 19
277634.646878 2111222.365255 186.047789 34 139 34
277340.032619 2111568.776230 95.414703 34 139 34
277660.842013 2111318.665590 175.365863 34 139 34
276977.539230 2111516.648995 25.850359 34 139 34
277100.203471 2111411.042675 79.157857 139 69 19
277125.104457 2110777.207440 129.597831 139 69 19
277006.894807 2111238.319218 62.667004 139 69 19
277231.121924 2111342.492335 101.100974 34 139 34
276707.366364 2111322.591429 -4.378420 34 139 34
277607.599707 2111612.802142 148.745691 139 69 19
277278.230141 2111255.065298 137.006493 139 69 19
277192.928141 2111077.775975 116.106548 139 69 19
277107.039025 2111725.641061 60.012965 34 139 34
277127.202431 2111052.496367 104.389117 34 139 34
277042.266108 2111613.494913 5.926882 34 139 34
276976.236606 2111264.656663 56.195061 34 139 34
277414.969405 2111543.419685 116.972281 34 139 34
277651.309161 2111370.289266 174.605930 34 139 34
276980.473443 2111068.723963 83.675640 139 69 19
277086.913648 2110715.976588 124.531606 34 139 34
276879.349001 2111185.865517 36.575360 139 69 19
276707.189873 2110863.874755 52.554999 34 139 34
277613.742987 2110742.159000 236.491075 34 139 34
277404.445405 2110609.973489 213.183407 34 139 34
277081.169641 2111426.424199 61.638620 139 69 19
276806.558499 2111629.522830 -7.933695 34 139 34
276694.832497 2111211.450646 8.677753 34 139 34
276891.762478 2110800.533962 68.329164 139 69 19
277379.840559 2110607.821969 213.616319 139 69 19
277440.300727 2110716.370184 215.376683 34 139 34
277800.255957 2111573.301099 194.733016 139 69 19
276997.631083 2110901.440357 112.991289 139 69 19
277725.357928 2111130.593225 216.170814 34 139 34
277118.054047 2111726.272454 35.455211 34 139 34
277255.485011 2111505.485101 84.032218 139 69 19
277500.677685 2111049.461642 182.627212 34 139 34
277323.775991 2111148.709316 154.919479 139 69 19
277575.567003 2110648.218997 242.596353 139 69 19
276967.913705 2111605.100426 8.338656 139 69 19
276954.806974 2110679.370931 133.324969 34 139 34
276621.387104 2110808.042267 32.464700 34 139 34
277443.793159 2111116.731416 169.357540 139 69 19
277536.155801 2110669.951235 215.931501 34 139 34
277134.602872 2110653.802273 151.345474 139 69 19
277364.679486 2111406.750962 127.528522 139 69 19
277589.690031 2111286.115370 182.035261 139 69 19
277228.805298 2111122.509157 107.780275 139 69 19
276719.142980 2111162.715797 12.583676 34 139 34
277461.799544 2111256.754526 163.538275 34 139 34
277241.200570 2111169.770528 116.520058 34 139 34
277186.702084 2110735.812249 159.059762 139 69 19
277560.455996 2111388.469902 164.091684 139 69 19
277051.734290 2111280.506393 78.782227 139 69 19
277698.098704 2111528.810043 159.233898 34 139 34
277642.738926 2111175.127381 208.807875 34 139 34
277462.597618 2111143.843090 160.605697 139 69 19
277174.514267 2110863.681852 155.676880 139 69 19
277289.247561 2111164.683935 137.607097 139 69 19
277611.298908 2111398.064092 207.608255 139 69 19
277368.832113 2111212.149216 143.866422 139 69 19
277077.754757 2111097.428102 93.052436 34 139 34
276956.074282 2110742.183286 129.042947 139 69 19
277624.263143 2111132.613441 197.068796 34 139 34
276742.764208 2111244.003994 -2.376174 139 69 19
277477.815071 2110811.433112 178.842117 34 139 34
277501.457691 2110628.810208 244.564662 34 139 34
277521.363421 2111327.316089 171.520415 34 139 34
277138.796228 2111189.935935 109.195307 34 139 34
277345.901092 2111451.840989 103.869440 139 69 19
277173.076886 2111480.801320 67.891857 34 139 34
277625.130943 2110934.686438 214.660415 34 139 34
276988.322913 2111198.589563 68.770838 34 139 34
276614.234959 2110874.452539 32.997467 139 69 19
276771.746711 2111147.834684 20.989274 34 139 34
276842.744103 2110820.753293 73.924688 34 139 34
277507.507221 2111396.551457 160.449834 34 139 34
277348.093878 2111129.089894 131.332382 34 139 34
277633.521621 2110746.755699 256.111042 34 139 34
276775.373852 2110863.885504 65.960995 139 69 19
276904.857938 2111399.541184 32.063810 139 69 19
277743.540639 2111190.712632 214.926338 34 139 34
276843.830668 2111494.362573 5.321399 139 69 19
277651.159346 2111493.655771 167.069087 34 139 34
277509.331670 2110932.592669 193.041039 139 69 19
277307.779091 2111141.552916 134.674572 139 69 19
277739.037105 2111392.698541 209.105140 34 139 34
277210.659371 2110813.531617 163.065183 139 69 19
277096.837414 2110894.678897 114.995392 34 139 34
277802.751518 2111489.778884 202.826874 34 139 34
277430.910268 2111203.437233 144.385397 139 69 19
277393.313246 2110709.946219 201.909793 34 139 34
277142.285782 2111613.916931 55.935219 139 69 19
276868.495561 2110921.171383 87.326937 34 139 34
277120.850312 2111632.561290 51.264190 139 69 19
277529.856974 2111118.201671 202.991498 34 139 34
276862.276706 2110811.017464 68.765596 34 139 34
276681.410719 2110894.195574 22.949787 34 139 34
276954.516443 2110983.296321 83.880978 139 69 19
277572.181256 2111154.330918 189.872331 34 139 34
277474.527473 2111070.341226 177.239486 139 69 19
276834.907521 2111046.413472 53.279839 34 139 34
277052.791015 2111345.665224 70.721612 34 139 34
277239.890569 2110686.447124 160.177008 34 139 34
277315.393864 2110638.249247 185.442080 139 69 19
277221.840175 2111008.744628 132.760217 34 139 34
277124.875448 2111704.023947 47.637064 139 69 19
276976.893905 2111239.112354 64.479065 139 69 19
277088.912747 2110939.007048 112.507105 139 69 19
277033.819420 2111239.347606 76.161565 34 139 34
277207.884140 2111718.003662 51.701033 34 139 34
277142.259934 2111353.905803 91.080769 34 139 34
277659.131409 2111565.036855 170.303378 34 139 34
277096.638677 2111714.636504 43.709345 34 139 34
277703.618366 2111198.958282 211.331351 139 69 19
277275.237621 2111422.436874 100.764585 34 139 34
277419.645473 2111565.581212 116.321451 34 139 34
277650.839528 2110922.921167 241.255979 34 139 34
277330.175112 2111278.153965 149.739732 34 139 34
276772.471232 2111506.251820 -12.430515 139 69 19
277556.983546 2111522.674825 167.715572 139 69 19
276701.799195 2110753.317265 59.306751 139 69 19
277487.885077 2110903.527355 195.002304 34 139 34
277486.034040 2110621.732571 232.305537 34 139 34
276882.108163 2110912.760023 91.744544 139 69 19
276639.686338 2110837.124736 29.839297 139 69 19
277526.543953 2111065.877090 196.279066 139 69 19
276832.017379 2111022.361138 36.449034 139 69 19
276856.237274 2111286.436160 37.016880 34 139 34
277672.398015 2110839.683119 255.767779 34 139 34
276815.941010 2111035.497534 71.192596 34 139 34
277459.873973 2111086.197902 169.902222 34 139 34
276744.396072 2111389.820403 -7.804325 139 69 19
276817.716853 2111756.420135 -20.057812 139 69 19
277316.102217 2111481.584688 106.393415 139 69 19
277101.151915 2110888.249326 113.641133 139 69 19
276825.924758 2110950.246252 57.972050 34 139 34
277466.070255 2110775.309522 202.873846 139 69 19
277406.920807 2110789.795783 208.904688 34 139 34
276745.379363 2110899.268906 48.296787 139 69 19
277049.345607 2111399.445289 52.499931 139 69 19
277427.179195 2111163.969616 162.433435 34 139 34
277090.160672 2111478.025663 53.145151 139 69 19
277560.684294 2110585.328865 244.102343 139 69 19
277062.652456 2111646.342703 12.602146 139 69 19
277502.422064 2111482.430272 133.118261 139 69 19
277527.117820 2110777.662793 230.155898 139 69 19
277353.033050 2110894.187017 185.513832 139 69 19
276800.924158 2111615.706667 -30.721032 34 139 34
277708.366070 2111194.060113 208.619116 34 139 34
276686.321889 2110809.580232 38.498894 139 69 19
277519.676657 2111314.615604 156.542420 139 69 19
276723.128316 2110740.779314 43.864098 139 69 19
277376.171757 2111531.750386 102.326922 34 139 34
276754.431073 2111378.404736 13.833594 139 69 19
277015.555319 2111695.440509 15.340027 34 139 34
277065.552652 2111457.837832 60.021113 34 139 34
277343.604094 2110840.752967 169.437334 139 69 19
277156.133011 2111327.518609 85.918656 34 139 34
277031.447672 2111463.221948 47.048049 34 139 34
277375.464505 2110693.998467 201.103703 34 139 34
276922.817155 2111379.943884 32.492780 34 139 34
276747.752057 2110783.048294 58.367359 34 139 34
277122.551054 2111425.362434 65.543213 139 69 19
277083.805831 2111082.934144 91.116557 34 139 34
277273.255345 2111384.960880 93.451490 139 69 19
276952.270455 2111136.829319 69.814696 139 69 19
277411.794055 2110692.639847 201.577375 34 139 34
277035.660522 2111570.277242 26.602724 34 139 34
277530.951628 2110789.956438 230.964055 139 69 19
277232.265812 2111275.498481 102.829817 34 139 34
277021.210778 2110787.252593 135.613819 139 69 19
277167.926700 2111023.064382 112.042121 139 69 19
277598.528021 2110799.739776 230.607322 139 69 19
277456.874204 2110836.487773 209.108512 34 139 34
277740.915826 2111469.395572 206.769316 34 139 34
277328.868802 2111016.533732 167.657902 34 139 34
277319.764671 2111184.038830 137.653921 34 139 34
277274.297172 2110951.719600 148.130681 139 69 19
277105.260009 2111491.030798 69.376824 34 139 34
277356.879598 2111002.280052 178.804074 139 69 19
277487.401431 2111599.603296 121.633136 34 139 34
277401.244903 2110612.315034 216.849394 139 69 19
276803.498712 2111059.011237 40.890057 139 69 19
276867.732467 2111006.729791 54.984947 34 139 34
277700.519595 2111202.238979 213.757309 139 69 19
277339.139923 2111652.011669 97.310797 34 139 34
277167.342008 2111724.958189 48.965996 34 139 34
277184.380625 2111018.738686 134.812059 34 139 34
277515.376172 2110767.191904 207.894962 34 139 34
277088.998435 2110741.635209 139.467379 139 69 19
276831.874311 2111746.756666 -25.809368 139 69 19
277103.649932 2110871.617618 114.769564 34 139 34
277593.228623 2111239.412557 183.177725 139 69 19
277130.527160 2111629.434692 38.721026 139 69 19
277386.665459 2111341.090510 147.094428 139 69 19
277476.030331 2111320.815857 156.331926 34 139 34
277381.106022 2111604.373549 117.946858 139 69 19
277335.481782 2111035.910592 144.561372 139 69 19
276693.690908 2111053.203734 14.558318 139 69 19
277218.930308 2110946.920489 148.931387 139 69 19
277616.653865 2110908.465182 214.565939 139 69 19
276851.292216 2110953.113698 60.816900 139 69 19
276800.608148 2111377.565894 8.593109 34 139 34
276718.205012 2111122.799909 25.094413 139 69 19
276941.995387 2111177.537276 56.942724 139 69 19
277150.781547 2111098.947496 96.986974 139 69 19
277598.273081 2111103.889837 204.104935 139 69 19
277669.641980 2111258.481916 205.378108 34 139 34
277778.375420 2111388.485621 192.783626 139 69 19
276812.754979 2111507.233536 -18.501317 139 69 19
277386.729048 2110958.876957 165.718211 34 139 34
277625.847987 2110985.515926 237.673555 139 69 19
277281.251012 2110732.597315 180.862404 34 139 34
277137.871246 2110932.341845 131.941353 34 139 34
276855.851333 2110721.083123 89.548316 34 139 34
277051.242301 2110785.726434 129.148877 34 139 34
276950.867791 2111575.491987 27.290780 34 139 34
277482.351255 2111591.116163 124.342847 34 139 34
276727.627784 2110898.636564 25.753290 34 139 34
276725.065671 2111415.288834 -33.664147 139 69 19
276683.309599 2110927.305698 36.497167 139 69 19
277154.642392 2111007.701173 127.706975 139 69 19
277261.333993 2111217.191336 118.145600 139 69 19
277562.193358 2111446.961069 174.442156 139 69 19
277009.534302 2111479.534146 35.900010 34 139 34
277050.296411 2111561.311736 36.452887 139 69 19
277455.817243 2111224.915403 149.618059 34 139 34
277088.176825 2110965.181129 112.520998 34 139 34
277520.183059 2110673.137867 221.449368 34 139 34
277156.219842 2111511.902603 55.776088 139 69 19
277162.230632 2111629.657484 73.367031 139 69 19
276758.911351 2111038.827452 46.883287 139 69 19
277218.741605 2111432.611687 79.732670 139 69 19
277596.898770 2111356.405974 159.172533 139 69 19
277547.972818 2110676.390460 226.486617 34 139 34
277540.061489 2111118.246935 175.041860 34 139 34
277512.136486 2111476.405008 127.930728 34 139 34
277059.683188 2111747.820935 38.224504 139 69 19
277337.249647 2111244.896834 121.105855 139 69 19
277553.777144 2111609.387478 131.429882 34 139 34
276729.975684 2110931.895657 53.034401 34 139 34
277294.384187 2111201.563262 139.809989 139 69 19
276850.777474 2110991.146685 70.113349 139 69 19
277594.559005 2111423.277437 149.051878 139 69 19
276786.228755 2111091.655719 37.838180 139 69 19
276817.289177 2111666.860818 -30.949966 139 69 19
277412.520140 2111539.470469 107.864440 139 69 19
277717.367869 2111594.467793 176.925799 34 139 34
277501.366801 2111287.617145 166.830952 139 69 19
276985.657469 2111313.720598 43.898433 34 139 34
277491.209480 2111631.184754 123.272244 139 69 19
276978.977430 2110727.507219 112.264467 34 139 34
277127.973069 2110996.187217 109.438874 139 69 19
276783.603207 2111231.960419 15.968741 139 69 19
277013.090500 2111193.283932 64.667938 139 69 19
277065.787678 2110745.970859 133.630973 34 139 34
276640.857829 2110977.364993 26.292745 34 139 34
277454.779489 2110709.495598 234.173889 34 139 34
277108.637929 2111116.903068 95.117110 139 69 19
277498.304033 2111033.686344 176.953348 139 69 19
277368.081753 2111013.132493 159.748637 34 139 34
277439.153616 2111540.595428 128.042317 34 139 34
277673.010228 2111567.891881 178.402903 139 69 19
277309.275511 2110848.233230 175.968847 139 69 19
276810.599138 2110786.507481 48.244321 34 139 34
277420.757631 2111662.013506 103.001409 139 69 19
277284.543716 2110748.888787 168.560714 139 69 19
277336.452897 2110813.511171 181.068066 139 69 19
277353.711385 2110794.195707 198.505403 139 69 19
277592.290055 2110646.736178 255.307696 139 69 19
277150.832134 2111162.857658 120.806540 34 139 34
277052.364188 2111128.058891 86.411773 139 69 19
277576.562775 2111413.152725 163.302021 139 69 19
277699.293261 2111115.529045 230.474049 139 69 19
277139.766506 2111393.557197 77.551712 34 139 34
276953.643007 2111538.737319 27.897847 34 139 34
276846.596397 2111183.940307 45.742934 34 139 34
277058.651981 2111051.473253 109.266099 34 139 34
277561.495642 2111251.648828 162.298149 34 139 34
277161.978121 2111184.347093 123.925835 139 69 19
277405.485377 2111409.229897 136.968962 139 69 19
277599.672622 2111046.551045 211.251328 34 139 34
276953.211497 2110957.284729 83.639478 34 139 34
276893.862714 2110880.717567 81.009564 139 69 19
277400.732683 2111546.104138 121.099654 34 139 34
277162.955359 2111270.043048 90.110383 139 69 19
277213.783493 2111093.131814 141.525619 139 69 19
277259.883563 2110637.129947 175.959776 139 69 19
277510.817949 2111085.385641 199.990285 34 139 34
277511.198722 2110941.140876 183.840245 139 69 19
276970.634353 2111649.863656 32.735154 34 139 34
277425.382499 2111678.814539 99.227534 139 69 19
277621.872450 2110609.661358 258.098724 139 69 19
277140.952465 2111096.201148 105.091654 139 69 19
277555.356440 2110601.793510 224.785746 34 139 34
277467.387291 2111144.939864 181.026969 139 69 19
277584.313889 2111224.476619 194.993966 34 139 34
277181.485425 2111178.933749 86.125024 139 69 19
277412.864547 2110782.211426 198.515939 34 139 34
276846.567867 2110708.778049 84.643646 139 69 19
277088.385099 2110882.209130 133.932589 139 69 19
276731.060021 2111245.441324 -3.910205 139 69 19
277321.405939 2111179.277033 111.183245 139 69 19
277577.784324 2110882.511346 213.187371 139 69 19
277479.536913 2110827.645869 215.312691 139 69 19
277689.763692 2111153.862017 218.859217 139 69 19
277617.196059 2110773.353852 257.603923 139 69 19
277241.226141 2111290.646191 105.193939 139 69 19
277337.241491 2110879.961535 186.366813 34 139 34
276790.429674 2110786.955720 61.616874 34 139 34
277205.822420 2111675.434307 66.529847 139 69 19
277487.103608 2111504.735401 140.560007 139 69 19
277613.080394 2110787.372982 239.867313 34 139 34
276646.022816 2110767.534117 46.111818 139 69 19
277221.787258 2110692.707643 153.406506 34 139 34
277408.809823 2111211.313526 149.061912 34 139 34
277029.198821 2110763.432982 122.372994 34 139 34
276813.600813 2110830.267604 51.654225 34 139 34
277023.403757 2111172.197732 82.419873 139 69 19
277041.855798 2111194.385303 87.941860 139 69 19
276955.086238 2111334.706077 28.194098 139 69 19
277481.902889 2111571.925606 121.306493 34 139 34
277292.678701 2110716.577872 182.431861 139 69 19
277271.979450 2111525.225785 95.363887 139 69 19
277135.850109 2110910.573223 134.660011 34 139 34
277279.022313 2110923.142228 158.958975 139 69 19
277316.406425 2111358.922185 118.980053 139 69 19
277543.652837 2110905.162608 205.732221 139 69 19
277251.831936 2111396.844773 98.180347 139 69 19
277531.758230 2110922.026403 198.770317 34 139 34
276867.657011 2111198.098651 40.449689 139 69 19
277387.084049 2111317.205578 141.686777 139 69 19
276860.045129 2110918.919868 69.391263 139 69 19
277533.331258 2111242.338502 156.368588 34 139 34
277009.938407 2111756.564390 11.565449 139 69 19
277787.213874 2111489.464433 203.432324 139 69 19
277796.727961 2111601.406644 186.845759 34 139 34
277400.887517 2111291.835118 143.760187 139 69 19
277200.851484 2111655.707320 62.523515 34 139 34
277085.676385 2111047.295667 88.477589 34 139 34
277521.486840 2111070.720115 180.885328 34 139 34
276661.914117 2111076.261316 7.172646 34 139 34
276873.116882 2111721.629830 -11.972317 34 139 34
276912.635792 2111547.444889 21.214878 34 139 34
276949.436861 2111027.711074 79.117878 139 69 19
276774.030140 2111478.746891 -17.160859 139 69 19
277341.088186 2110740.659777 202.893479 34 139 34
276929.559292 2111742.838760 -1.501885 34 139 34
277024.685790 2111381.286970 39.001417 34 139 34
277152.700826 2111646.577162 58.019534 139 69 19
276658.078246 2110740.161706 48.671143 34 139 34
276994.661745 2111546.278677 39.084162 34 139 34
277432.971450 2111375.103470 140.337141 139 69 19
277274.041268 2111493.529761 100.390728 34 139 34
276770.998865 2110895.386626 43.569583 34 139 34
277316.543990 2110814.225334 164.975870 34 139 34
276940.501874 2111371.348425 34.547858 34 139 34
277474.348719 2111123.948611 170.925480 34 139 34
277519.127904 2111215.306599 166.309686 34 139 34
277507.904042 2111624.329556 127.584611 139 69 19
277630.855563 2110676.253561 228.728680 139 69 19
276901.883268 2111136.505441 58.086126 34 139 34
276874.758998 2111473.485496 7.324031 34 139 34
276781.224690 2111475.472196 3.131868 139 69 19
277456.542707 2111118.386889 170.964978 34 139 34
277362.585678 2110766.081434 174.754636 34 139 34
276851.907237 2111285.394626 40.359927 139 69 19
276892.860711 2111370.369545 37.811589 34 139 34
277480.820955 2111353.051011 152.873252 139 69 19
277454.299312 2111033.047285 172.789270 139 69 19
276758.479267 2110774.506818 48.757880 34 139 34
277146.405803 2111245.670093 87.346487 139 69 19
277363.989671 2111148.503166 143.531601 34 139 34
277145.921292 2110903.799848 128.803449 34 139 34
276779.433265 2111246.058168 20.663729 139 69 19
277427.246575 2111008.361325 172.552053 34 139 34
276690.245305 2110920.110065 12.994690 34 139 34
277295.129154 2110723.519740 165.415284 34 139 34
276673.639682 2111016.601123 11.819158 139 69 19
277377.394842 2110631.003960 208.918891 139 69 19
277674.376100 2111361.033078 192.970374 139 69 19
277746.413651 2111221.850891 220.408505 139 69 19
277590.794745 2111176.823088 213.617606 139 69 19
277160.651025 2110846.953928 140.597770 139 69 19
277616.887250 2110960.179779 216.732649 34 139 34
277564.393867 2111470.992956 170.529855 139 69 19
277495.069459 2111484.173134 137.306392 34 139 34
277170.470199 2111231.294328 98.405997 34 139 34
277356.648907 2111016.018035 180.286907 34 139 34
277230.869972 2111673.220172 64.594715 139 69 19
277309.431942 2111549.779147 91.326108 34 139 34
277658.769754 2110963.205103 225.140045 34 139 34
277376.566531 2111507.387992 109.193985 139 69 19
277534.212889 2111030.010104 198.693792 139 69 19
277374.611714 2111157.698834 153.018137 34 139 34
277178.934681 2110773.829808 138.001876 34 139 34
277162.147904 2110757.575375 157.513793 34 139 34
277084.666236 2110903.846980 134.601247 139 69 19
276995.464037 2110877.333224 89.514744 34 139 34
277473.376346 2111540.320729 132.137166 139 69 19
276665.501606 2111022.515901 20.392610 139 69 19
277462.620699 2111285.117446 139.300484 34 139 34
277318.264763 2110970.468995 156.174482 34 139 34
277131.826521 2110886.769057 142.522271 139 69 19
276976.857851 2111252.889570 58.709774 34 139 34
277308.924956 2111464.943465 110.615924 34 139 34
277418.103145 2111511.939192 134.466473 139 69 19
277513.891496 2110875.785163 198.528668 34 139 34
276990.018126 2111659.718056 3.101207 139 69 19
277171.682596 2111411.469298 86.845709 139 69 19
276921.117910 2110764.275896 101.943562 139 69 19
276822.694092 2111097.973359 56.890179 139 69 19
277554.241098 2110827.484415 230.146039 139 69 19
276812.276207 2110732.583982 62.176042 34 139 34
277485.725366 2110981.527759 204.949765 139 69 19
277259.824439 2111396.077634 114.376489 34 139 34
277372.769599 2111277.694823 138.132260 139 69 19
276881.901863 2111642.875334 -15.545972 34 139 34
276772.272956 2111287.698728 18.114442 139 69 19
277386.223373 2111162.163732 155.142288 139 69 19
276753.957419 2111065.279468 35.716896 34 139 34
277707.365538 2111393.766385 189.952238 139 69 19
276828.852647 2111776.003160 -20.202719 139 69 19
277298.232949 2111109.626460 121.020046 34 139 34
276678.524949 2110746.126170 40.884878 139 69 19
277309.518741 2111602.265330 91.601273 139 69 19
277449.708181 2110881.131413 204.525492 34 139 34
277090.843262 2110973.774187 100.164508 139 69 19
277458.268192 2111269.313714 152.979657 139 69 19
277052.096808 2111089.947967 90.700359 139 69 19
277579.876091 2111475.294552 161.532398 34 139 34
276921.585708 2111504.008612 10.427216 34 139 34
277006.132538 2111224.106273 70.554522 34 139 34
277520.619257 2110665.004457 244.787693 34 139 34
276686.361171 2110912.642531 28.146880 139 69 19
276777.061165 2110853.151301 45.294479 139 69 19
277415.415840 2111427.924506 124.919136 139 69 19
276756.995330 2110943.518519 65.025479 139 69 19
276657.695136 2110876.439682 19.430947 34 139 34
277108.317353 2111157.035527 82.274224 139 69 19
277289.825405 2111603.685238 79.793380 34 139 34
277299.851158 2111553.225608 78.120290 34 139 34
277281.112120 2111339.528439 119.800906 34 139 34
277329.351217 2111296.617486 123.590655 34 139 34
276986.595566 2111531.035367 23.153743 139 69 19
276978.144521 2110883.212557 109.331611 139 69 19
276845.165407 2110874.643722 77.249751 34 139 34
277328.166886 2110629.686948 206.078232 34 139 34
276876.352466 2111418.770127 23.096913 34 139 34
276903.782008 2110992.632259 78.207625 34 139 34
277572.206638 2111532.405312 160.156525 139 69 19
276838.950395 2111508.201459 29.415056 139 69 19
276813.733757 2111023.644598 48.800274 34 139 34
276930.872281 2111457.300018 14.889273 139 69 19
277065.948951 2110988.296887 96.018631 139 69 19
276930.215112 2110758.096310 75.558208 139 69 19
277635.345518 2110994.568678 214.634012 139 69 19
277446.706744 2111229.112854 152.833874 34 139 34
277024.039038 2111245.383809 75.611655 139 69 19
277499.532826 2110891.700761 192.010339 139 69 19
277319.615700 2111628.751982 85.169126 139 69 19
277153.231076 2111061.591772 125.424589 139 69 19
276785.016499 2111408.100979 -16.501881 34 139 34
277360.936268 2111093.297544 141.576557 139 69 19
277277.389076 2110915.760286 155.371843 34 139 34
277174.909386 2110675.373521 147.977698 34 139 34
277473.548161 2111120.482034 178.218247 139 69 19
277578.798141 2111626.789435 134.215025 139 69 19
277007.785888 2111304.689764 44.917780 34 139 34
277718.750418 2111538.211375 174.125348 139 69 19
277470.613254 2110858.548323 217.407225 34 139 34
277636.425894 2110771.538525 239.619934 34 139 34
277620.012888 2111473.564934 171.456705 34 139 34
276688.288879 2111111.119688 17.197116 139 69 19
277081.817674 2111219.312645 74.415844 34 139 34
277630.012085 2110715.810328 228.667423 139 69 19
277473.176894 2110660.068792 207.407373 139 69 19
276795.978272 2111052.455867 39.685547 34 139 34
277324.827521 2111057.799981 169.738438 139 69 19
276740.256700 2111527.881379 -24.299673 34 139 34
277100.712617 2110842.957468 118.964880 139 69 19
277212.589879 2111128.107832 130.012392 139 69 19
276955.202147 2110946.062805 87.265267 139 69 19
276862.223800 2111609.224923 11.873046 34 139 34
277767.094924 2111498.785899 202.639137 139 69 19
276795.813151 2111597.673820 1.035588 139 69 19
277303.025569 2110664.505854 197.404928 139 69 19
276885.218616 2111656.691021 2.252577 34 139 34
276961.063195 2111562.909365 36.544916 34 139 34
277120.258226 2111409.472830 83.626418 34 139 34
276684.078760 2111041.944364 4.434223 34 139 34
277391.499753 2110614.134684 221.044262 34 139 34
276662.846474 2110977.034337 28.776133 139 69 19
277480.651771 2111633.450387 127.084778 139 69 19
276939.796870 2111705.515620 6.313342 139 69 19
276803.305395 2111546.464885 -21.980108 34 139 34
277043.327271 2110768.746522 126.640826 34 139 34
277340.494858 2111106.008553 139.985605 34 139 34
277687.478339 2110914.998506 241.933085 139 69 19
277637.987902 2110715.308558 263.430683 34 139 34
277275.218238 2111038.655362 155.975188 34 139 34
277747.114074 2111195.510697 208.974882 139 69 19
277712.690846 2111410.729289 198.534296 34 139 34
277077.294269 2111665.310410 37.272006 139 69 19
277283.643381 2111357.805961 128.947925 34 139 34
276971.543031 2110747.250978 119.067759 34 139 34
277252.446556 2111395.191724 110.819079 139 69 19
277485.571514 2111285.015654 158.600719 34 139 34
277331.979360 2110619.177380 196.719906 34 139 34
276865.466847 2111784.336236 -18.756040 34 139 34
277357.577274 2111046.751557 156.256577 139 69 19
277530.459271 2111351.715553 186.330101 34 139 34
276734.029744 2110726.335481 69.325469 34 139 34
277615.668898 2110723.088150 254.909178 139 69 19
277039.330379 2111635.851644 23.313891 139 69 19
277038.796490 2110873.621999 114.375851 34 139 34
277271.984616 2111538.738661 82.671266 139 69 19
276960.278326 2110778.877326 107.670592 139 69 19
277161.848553 2111264.361064 87.801572 34 139 34
277730.535331 2111459.706917 210.496133 139 69 19
277500.839510 2111296.791812 162.624676 139 69 19
276689.984697 2110981.172817 33.461311 34 139 34
276828.501414 2111479.414630 -3.069876 34 139 34
277162.444954 2110696.586658 138.539691 139 69 19
277499.349341 2111224.374946 172.348456 139 69 19
276923.398041 2111639.367629 15.467920 139 69 19
276941.972260 2110995.093473 77.384032 139 69 19
277057.253500 2111116.749884 78.438132 139 69 19
277636.937365 2111064.884990 224.051880 139 69 19
277549.971996 2111096.046639 181.016946 34 139 34
277086.724012 2111462.135631 53.797623 139 69 19
277052.840925 2111556.074180 53.054417 139 69 19
277259.149599 2111275.104447 110.634381 34 139 34
277424.970611 2110938.145516 185.296305 139 69 19
277270.130021 2110693.008403 172.046831 139 69 19
277481.123764 2111141.233186 147.885972 139 69 19
277180.218101 2111714.857016 45.213396 139 69 19
277261.300115 2111593.203859 95.826424 34 139 34
276906.894777 2110730.891420 101.426281 139 69 19
276823.494607 2111403.379206 10.508894 34 139 34
276860.535027 2111704.113097 -20.728830 139 69 19
276944.142558 2111469.785348 12.667620 34 139 34
277012.792357 2111563.988149 21.739118 34 139 34
277294.303448 2110890.255907 171.380333 139 69 19
277721.062310 2111109.184310 238.988126 34 139 34
277582.449899 2111451.620501 158.001430 139 69 19
277121.958695 2110663.090385 163.467807 34 139 34
276947.784433 2111736.931079 7.915058 139 69 19
277579.505994 2110886.803709 205.192712 139 69 19
277226.835901 2111182.257817 94.680419 139 69 19
276897.354319 2111050.248215 75.761278 139 69 19
277367.235813 2110953.556675 168.551557 139 69 19
276729.684828 2111254.617102 7.912460 34 139 34
277339.205865 2111287.314062 134.931680 139 69 19
277038.970864 2110876.821197 130.693486 34 139 34
277592.237001 2111638.459613 137.504500 139 69 19
276772.279579 2111663.110289 -29.689808 34 139 34
277098.954856 2110944.456853 115.205336 139 69 19
276695.635628 2110924.546751 16.886291 34 139 34
277320.075472 2110789.130962 143.965509 139 69 19
276844.866231 2111302.770240 26.332271 34 139 34
276953.292941 2111125.943716 61.525109 34 139 34
277435.774089 2111504.722920 139.911562 34 139 34
277273.580327 2110865.279358 153.469239 34 139 34
276806.014413 2111718.592377 -33.607436 34 139 34
277277.710123 2111604.705581 81.689077 34 139 34
276888.873411 2111136.923557 49.655737 34 139 34
276917.551724 2111762.898165 2.533533 34 139 34
276999.437941 2111097.930437 75.103577 139 69 19
277274.019672 2110956.727612 147.503867 139 69 19
277171.837380 2111614.066240 75.608137 139 69 19
276785.882097 2110988.123874 48.039765 34 139 34
277001.296226 2110874.720008 118.215079 34 139 34
277463.469287 2111477.193337 132.993745 34 139 34
276925.343768 2111504.685965 8.779750 34 139 34
277400.107130 2111146.622280 167.125059 139 69 19
276838.733627 2111706.957016 1.527860 139 69 19
276885.040409 2111605.045308 -9.816441 34 139 34
277520.756500 2111526.963745 133.945697 139 69 19
277642.939651 2111016.303152 228.462386 139 69 19
277668.240517 2111521.989967 163.568118 34 139 34
277357.664998 2111245.701453 149.429527 34 139 34
277429.217905 2111596.440548 126.188826 139 69 19
276976.355788 2110901.265769 108.387050 139 69 19
276817.392690 2111708.087085 -15.955530 139 69 19
276833.398177 2111724.178961 -20.736083 34 139 34
277035.677347 2110669.455602 126.637485 139 69 19
277209.251672 2111586.489341 80.780640 139 69 19
277215.458523 2111512.792481 86.212564 34 139 34
277314.226846 2111227.754681 146.739122 34 139 34
277001.183587 2111464.082929 51.956398 139 69 19
277446.874511 2110639.385953 225.554560 139 69 19
277084.298641 2111509.337229 62.216309 34 139 34
276872.892869 2110973.466817 51.074395 139 69 19
277462.453489 2111569.073302 115.657587 34 139 34
277042.134485 2111378.017007 74.704052 34 139 34
277382.056518 2110773.287477 177.941479 34 139 34
276761.473708 2111232.181951 15.862528 139 69 19
277523.875909 2110985.163361 207.490743 34 139 34
277631.581808 2110748.438946 247.875026 34 139 34
277729.760132 2111496.372573 183.892034 34 139 34
277483.801368 2111488.482740 123.306711 34 139 34
276982.373486 2111080.836355 72.021965 34 139 34
276975.725987 2110729.417299 116.122000 34 139 34
276830.839297 2111283.187772 20.348045 34 139 34
276919.193550 2111573.302825 12.034182 34 139 34
277230.420368 2111354.843712 98.982324 139 69 19
276808.118709 2111027.629730 51.225529 139 69 19
277562.583583 2111484.969226 175.918545 34 139 34
276778.788356 2111669.166587 -37.770123 34 139 34
277378.974045 2111239.803504 136.754120 34 139 34
277141.917844 2111246.070140 104.510195 139 69 19
276684.556107 2110932.961165 27.269795 139 69 19
276648.764271 2110948.946920 21.235482 139 69 19
276770.167940 2111079.443683 37.383357 139 69 19
277453.505714 2110722.507788 223.782062 139 69 19
277062.281723 2111549.335792 64.906719 139 69 19
277198.521360 2110877.804876 134.079707 34 139 34
277483.433379 2111258.926021 166.057712 34 139 34
277092.789408 2111672.305337 25.683728 34 139 34
276967.793833 2111533.842970 31.857087 34 139 34
277489.056213 2111379.338456 141.982102 34 139 34
276834.839806 2111491.908922 11.557989 139 69 19
276815.054533 2110730.551397 75.212644 139 69 19
276898.540025 2111117.909347 49.881191 34 139 34
276934.644633 2111161.753467 51.077961 139 69 19
276983.990996 2110722.466635 113.263401 139 69 19
276818.059001 2111626.224594 -7.299617 139 69 19
277500.360718 2111547.631351 137.102757 139 69 19
276880.846090 2111207.450641 54.217889 139 69 19
277648.081618 2111110.721407 212.791231 139 69 19
277059.039890 2111179.529364 89.476937 34 139 34
277427.685864 2111429.537124 128.581245 34 139 34
277579.255442 2110880.026738 207.747964 34 139 34
277069.310765 2111234.381963 67.663790 34 139 34
277658.832066 2111476.981015 154.746995 139 69 19
276876.533382 2110974.722749 60.409849 139 69 19
277419.779477 2111285.496336 153.376729 34 139 34
277116.799933 2111107.928310 100.863395 34 139 34
277505.293266 2110680.575458 224.274605 139 69 19
276797.969656 2111791.077249 -26.291883 139 69 19
276997.692079 2110849.803279 115.676996 139 69 19
277042.914225 2110684.708685 134.491759 34 139 34
277052.932009 2110804.648658 115.918167 139 69 19
277528.278273 2111275.261860 161.983904 139 69 19
276862.719843 2111157.065073 48.798881 139 69 19
277079.231009 2111693.503799 37.303770 34 139 34
277261.245685 2111395.963843 111.707307 34 139 34
277594.943071 2111140.479853 188.152203 139 69 19
277065.120918 2111670.216834 22.213561 139 69 19
276853.765099 2111321.442383 27.793114 139 69 19
277673.013980 2111087.361029 242.134541 139 69 19
276994.744748 2110741.821481 111.321603 139 69 19
277360.079497 2111277.694108 125.447110 139 69 19
277283.767201 2110927.543134 159.393983 34 139 34
277437.866428 2110848.057752 205.523010 139 69 19
277230.836349 2111319.536481 106.945770 34 139 34
277019.743443 2111028.442150 97.417123 139 69 19
276738.420774 2111193.009116 15.601130 139 69 19
277308.137634 2110857.749738 152.594895 139 69 19
276683.582919 2110941.560076 23.649640 139 69 19
277283.307185 2111270.891005 108.754429 139 69 19
276914.355144 2111295.142836 40.089758 34 139 34
277483.325370 2111216.844309 173.569966 34 139 34
277462.391157 2111123.846097 174.394586 139 69 19
276887.768220 2111215.509187 35.382100 34 139 34
277230.308986 2111387.811757 64.368617 139 69 19
277209.575633 2111183.310212 114.505264 139 69 19
277092.093679 2111334.788306 71.016721 34 139 34
277126.852884 2111524.813254 57.241745 34 139 34
277215.471887 2111118.767918 124.005719 34 139 34
277635.961090 2110926.620496 235.807331 139 69 19
277719.059875 2111278.101620 206.206905 139 69 19
277224.205522 2111445.266472 83.366731 139 69 19
276812.007816 2110891.132516 60.746765 34 139 34
277463.889631 2110769.375381 218.727766 139 69 19
277113.007439 2110809.194999 141.464137 34 139 34
277276.871988 2110834.098207 188.891415 139 69 19
277057.463096 2110913.741514 97.637951 34 139 34
277544.384234 2111149.696208 195.207696 34 139 34
276794.504648 2110953.748988 55.339417 139 69 19
277222.076429 2110745.514724 166.512589 139 69 19
277228.444093 2111494.231829 93.324210 34 139 34
277202.365682 2111010.508619 127.912215 34 139 34
277340.913356 2111409.362795 103.835160 34 139 34
277657.797463 2111477.204696 181.425437 139 69 19
277174.060906 2110814.585585 151.191624 139 69 19
277332.416102 2111471.610463 119.848223 34 139 34
276940.563797 2111558.056462 18.252509 34 139 34
277636.198901 2110653.921331 250.690779 139 69 19
277423.677996 2110614.572026 209.957389 139 69 19
277090.231701 2111025.850244 112.021918 34 139 34
277201.330988 2111120.032802 125.491893 139 69 19
276895.637131 2111088.105389 75.313530 34 139 34
277381.862563 2110908.603103 159.355116 34 139 34
276958.934719 2111349.601280 33.901936 139 69 19
277459.574991 2110706.112344 207.252417 139 69 19
277515.956650 2111023.717936 184.249052 34 139 34
277161.728366 2110928.801471 129.601494 34 139 34
276776.361384 2110929.627555 56.860513 34 139 34
277002.405687 2111564.899775 47.567055 34 139 34
277459.091110 2111369.936773 160.351503 34 139 34
277647.047663 2111127.366052 206.446363 139 69 19
277165.621953 2111113.530833 111.976290 34 139 34
277690.527104 2111635.585605 172.053164 34 139 34
277058.810818 2111326.868763 76.434611 34 139 34
277119.957784 2111731.112930 50.492888 34 139 34
276940.321982 2111447.102099 28.873338 139 69 19
277719.002617 2111193.053292 221.958959 34 139 34
276903.026215 2110761.670041 98.629626 139 69 19
277667.360335 2110953.618080 235.510092 139 69 19
277633.760480 2111181.296636 208.494425 139 69 19
276744.163121 2110948.526666 24.693998 139 69 19
277255.850284 2111553.895986 68.636251 139 69 19
276950.151274 2111687.934181 5.327562 34 139 34
277397.317128 2111195.875833 147.402070 34 139 34
277445.846279 2111109.654015 174.966755 34 139 34
276854.433730 2111507.171805 -7.610666 34 139 34
277221.680346 2111415.873442 89.006677 139 69 19
276869.122492 2111783.242618 -18.176930 34 139 34
277332.981661 2110795.139555 175.581662 34 139 34
277556.939273 2111429.157434 150.819123 34 139 34
276723.080941 2111332.362611 -6.042757 34 139 34
277315.820990 2111296.171309 123.803475 139 69 19
277075.646850 2110934.015964 125.017387 34 139 34
277154.758726 2111152.707420 103.977636 34 139 34
277578.128084 2110898.611045 224.872418 34 139 34
277747.433472 2111617.310073 178.503310 34 139 34
276863.009388 2111602.092600 -4.245013 139 69 19
277353.818576 2110771.255805 192.648995 139 69 19
277156.037233 2111479.603768 55.524939 34 139 34
276909.450828 2110759.167721 99.354189 34 139 34
276789.477106 2110723.764097 86.211983 34 139 34
277369.363269 2110877.037086 150.074193 34 139 34
277213.906661 2110834.446476 151.125109 139 69 19
276912.442653 2111318.880301 43.143731 34 139 34
277240.595461 2111717.588680 77.564309 34 139 34
277035.164665 2110911.440346 107.965417 34 139 34
277104.451283 2111511.584879 60.536458 34 139 34
277014.276818 2111667.416671 21.140467 34 139 34
277021.542408 2110981.541016 90.239390 139 69 19
277151.961410 2111144.027004 101.917385 139 69 19
276939.833378 2111489.759633 27.456413 139 69 19
277004.478444 2111435.885397 45.606559 34 139 34
277289.161870 2110852.521454 164.162612 34 139 34
276730.559968 2111190.653811 10.550516 34 139 34
277678.408632 2111412.309001 170.393225 139 69 19
276977.121785 2111347.315946 60.078772 139 69 19
276939.641338 2110774.639328 103.579335 34 139 34
277271.860313 2110772.775731 172.650297 34 139 34
277528.597574 2111612.588827 132.483482 139 69 19
277196.307755 2110967.485794 128.857205 34 139 34
277428.467886 2111446.831912 120.744907 34 139 34
277082.493989 2110727.660507 154.463193 34 139 34
277418.031739 2110845.182017 184.957907 34 139 34
277151.313968 2111599.754636 34.332981 34 139 34
276658.633216 2110922.150513 32.627912 139 69 19
277348.516789 2111394.324076 128.148202 139 69 19
277769.584729 2111525.229847 188.443083 139 69 19
277419.425554 2111431.494855 148.976272 34 139 34
277277.743476 2110632.260723 191.701736 34 139 34
277409.612733 2110751.103815 198.733861 139 69 19
276891.532743 2111776.013782 -19.974249 34 139 34
277444.615982 2111490.276215 110.090374 139 69 19
277039.529258 2110711.107083 137.873720 34 139 34
277523.494960 2111592.684664 139.309728 139 69 19
277730.818247 2111543.244173 196.147007 139 69 19
276974.993093 2111111.804991 83.210824 34 139 34
277259.588426 2111236.401895 110.393575 139 69 19
277528.757841 2111306.885217 148.514047 34 139 34
277132.415193 2110877.036907 128.533417 34 139 34
277095.429631 2111061.252998 97.277532 139 69 19
277313.087593 2111053.438989 157.819013 34 139 34
277747.710770 2111349.199437 214.423054 139 69 19
276931.189861 2111529.702399 26.600547 34 139 34
276713.617947 2111345.375421 -24.254399 139 69 19
276862.544367 2111386.225231 15.777150 139 69 19
277106.905345 2111381.567978 54.721769 34 139 34
276918.493707 2111222.568444 70.774307 139 69 19
277450.543336 2110774.871997 223.375370 34 139 34
277487.224376 2110761.795712 217.141645 34 139 34
277282.607242 2110825.365325 169.820192 139 69 19
277623.053224 2110994.935128 223.222893 139 69 19
276983.500837 2111520.736178 13.277593 34 139 34
277036.836517 2111480.030210 25.913803 139 69 19
277372.011852 2110610.669221 204.669546 139 69 19
277370.245857 2111309.250545 125.548499 34 139 34
276948.456596 2111627.706133 4.659670 34 139 34
277099.659585 2111290.771880 69.244300 34 139 34
276987.504048 2111394.976403 58.022852 139 69 19
276996.172409 2111150.574076 63.931045 139 69 19
277227.587887 2111396.321935 104.022018 139 69 19
276891.101513 2111695.241414 -10.070941 139 69 19
277627.716184 2110947.986906 229.259208 34 139 34
277705.254501 2111442.646474 178.083280 34 139 34
276815.161002 2110707.876264 100.770683 34 139 34
276830.680895 2110859.184020 100.862248 34 139 34
277081.608727 2110691.283518 123.586777 139 69 19
277698.732356 2111434.268158 192.719981 139 69 19
277569.664835 2111016.982479 219.617405 139 69 19
277718.793516 2111443.735883 191.326928 139 69 19
277243.632156 2111622.555622 71.060459 34 139 34
276845.025176 2111513.496739 -5.967984 34 139 34
276871.442436 2110924.953668 71.637907 34 139 34
276993.378207 2111594.934828 6.114358 34 139 34
277657.685712 2110853.144310 235.502025 34 139 34
277456.213087 2111179.537779 147.179093 34 139 34
277134.042577 2110903.727710 122.509277 139 69 19
277762.695389 2111408.869461 200.602268 139 69 19
276887.285911 2110839.003726 84.975818 34 139 34
277247.322760 2110802.059791 164.407863 139 69 19
277045.165528 2111342.303163 74.787060 34 139 34
276893.974213 2111747.799709 -12.520068 139 69 19
277475.722657 2111133.202205 167.390057 139 69 19
277261.683812 2110821.162094 163.011464 139 69 19
277488.642789 2110881.409273 188.976264 139 69 19
277471.380211 2110584.817543 244.871277 34 139 34
277488.403511 2110661.864968 234.080720 34 139 34
276943.366144 2111282.001641 63.593631 139 69 19
277739.271647 2111546.408240 198.581536 139 69 19
277678.649469 2111549.646856 171.445855 139 69 19
276864.042676 2110868.752251 67.219089 139 69 19
276886.504636 2111012.238450 63.135088 139 69 19
277554.980345 2111170.047747 198.072930 139 69 19
277044.568931 2111688.416202 15.662252 139 69 19
277298.542053 2110990.921171 178.027968 139 69 19
277663.864879 2111300.960206 185.459015 34 139 34
277552.192201 2110757.078747 229.136718 34 139 34
276763.983486 2111468.789838 -0.065046 139 69 19
276803.284148 2111001.403683 58.801040 34 139 34
276993.930926 2111081.167306 65.713646 34 139 34
276913.626957 2111699.780856 -9.699142 139 69 19
276874.942006 2110828.337701 89.985374 139 69 19
277099.370080 2111207.108326 81.350423 34 139 34
277528.961875 2111517.138047 145.290381 34 139 34
277419.577502 2110712.840605 222.868643 139 69 19
276963.739998 2111461.415230 39.657865 34 139 34
277371.139261 2110743.240804 187.555816 139 69 19
277145.558315 2111346.320129 85.012245 139 69 19
277099.390650 2111033.248308 131.114995 139 69 19
277816.377924 2111575.927044 203.821501 139 69 19
277673.668295 2111235.238490 206.308931 34 139 34
277699.397203 2111566.138232 176.012854 34 139 34
276730.116435 2110852.975737 41.015103 34 139 34
277003.948754 2111591.607955 39.519828 139 69 19
277292.949173 2111371.473836 99.573962 139 69 19
276659.928367 2111076.228127 5.066198 34 139 34
277213.253987 2110902.133021 145.862630 139 69 19
276837.075548 2111379.318114 19.195141 34 139 34
276717.971488 2110765.392907 44.564765 139 69 19
276837.300332 2111078.215780 32.315399 139 69 19
276731.875485 2111439.355808 -23.450952 34 139 34
277567.059979 2111059.450852 195.416410 34 139 34
277266.553818 2111553.554208 75.501960 139 69 19
277212.036156 2111056.995172 136.243575 34 139 34
277509.340347 2111413.214717 151.426127 139 69 19
277220.696619 2111223.227768 104.349997 34 139 34
277192.236746 2110693.458536 156.909299 34 139 34
276679.849231 2110795.553446 23.873169 34 139 34
277533.630316 2111308.562366 185.398325 34 139 34
276777.235057 2111553.369510 -21.833358 139 69 19
276985.672424 2111266.195236 60.056349 139 69 19
277519.074093 2111053.041768 193.796662 34 139 34
276898.660616 2110934.928903 95.820629 34 139 34
277438.731029 2111163.030948 159.390677 139 69 19
277529.138925 2111100.337061 199.756247 34 139 34
276897.699838 2110931.736507 62.556783 139 69 19
277651.767837 2111478.668554 169.216171 139 69 19
277182.290175 2111434.719451 78.336411 34 139 34
276851.298565 2111747.824263 -22.011056 34 139 34
277327.054687 2110746.293574 184.844244 139 69 19
277570.983897 2110630.900333 230.790760 34 139 34
277024.023091 2110706.792963 135.685498 34 139 34
277213.465370 2111262.818579 110.940010 139 69 19
277587.587522 2111524.141168 139.579406 34 139 34
277589.694640 2110622.688040 242.984455 34 139 34
276901.434045 2110863.517355 98.396391 139 69 19
277486.945788 2110813.654107 206.932772 34 139 34
277206.153771 2111488.723834 77.532643 34 139 34
277301.249521 2110807.673638 173.375824 34 139 34
277130.636513 2111062.069063 119.787430 139 69 19
277335.188027 2111591.425290 100.922900 34 139 34
277590.929178 2111028.173847 203.554246 139 69 19
277136.308144 2111298.620050 64.248612 34 139 34
276779.650736 2111439.280818 4.968277 139 69 19
277208.588307 2111661.269569 51.813748 34 139 34
277129.489779 2110825.301824 122.246516 34 139 34
277339.763103 2110840.822022 168.957459 139 69 19
277675.507694 2110956.934324 236.792133 139 69 19
277431.027648 2111059.569585 136.082639 139 69 19
277046.490962 2110877.984451 122.726832 34 139 34
277045.112429 2111137.923442 81.430461 139 69 19
276832.985928 2111218.823248 20.622872 139 69 19
277009.035665 2111067.734756 79.914249 139 69 19
276833.309484 2111505.229987 7.285979 139 69 19
277604.554108 2110974.615034 241.430410 34 139 34
277467.124529 2111541.364972 134.033105 139 69 19
277531.232487 2110969.953221 224.395728 34 139 34
277654.800206 2110948.064661 245.721969 34 139 34
276832.347829 2110955.832760 53.803522 139 69 19
276990.072940 2111393.332627 35.779248 139 69 19
277560.228907 2110817.463951 214.035101 139 69 19
276897.963861 2111754.195583 -20.565291 34 139 34
277536.329501 2111039.708135 212.766635 34 139 34
277652.866275 2110799.671993 245.307006 34 139 34
276775.838492 2111591.693313 -28.169384 139 69 19
277433.385087 2111258.265508 159.016834 34 139 34
277215.928003 2111278.497081 93.263610 34 139 34
277306.760637 2111628.970913 110.990199 34 139 34
277306.782199 2111609.183417 86.366473 34 139 34
276835.008356 2110883.089548 54.149256 139 69 19
276993.021131 2111084.308185 79.973471 139 69 19
277149.732364 2111046.615042 122.234599 139 69 19
277288.717519 2111572.882215 104.852357 34 139 34
277086.480002 2111069.994370 106.550102 34 139 34
276952.937371 2111390.841663 22.035594 139 69 19
276996.329953 2111635.513382 30.801850 34 139 34
277326.250168 2110658.208425 190.248453 139 69 19
276742.762174 2111114.783245 29.803656 34 139 34
276890.462046 2111277.768265 49.101261 139 69 19
276842.187047 2110708.441926 92.891899 139 69 19
277726.616279 2111238.340189 213.777908 139 69 19
277178.805833 2111183.859842 100.630272 34 139 34
276799.843339 2110990.139159 44.587546 34 139 34
276962.733715 2111624.479919 13.948237 34 139 34
277466.541757 2111369.860280 135.029783 139 69 19
277109.765291 2111547.365212 69.187174 34 139 34
277410.817369 2111178.550133 162.881256 139 69 19
277436.803193 2111596.101903 132.561917 139 69 19
276729.860020 2111154.787004 41.929737 139 69 19
277255.301828 2110733.124292 166.544283 139 69 19
277183.647792 2111309.199766 83.546531 139 69 19
277060.376618 2110668.701096 121.495882 34 139 34
277409.896445 2111459.954615 114.107242 34 139 34
276760.128952 2111605.042918 -30.755663 34 139 34
276899.190176 2111742.676413 -4.850032 34 139 34
277266.207653 2111113.706652 140.940498 139 69 19
276981.419337 2110766.288471 98.956105 34 139 34
277334.486610 2111494.350593 104.550169 139 69 19
277162.804354 2110751.784050 136.338499 139 69 19
277120.493081 2111628.596904 39.776242 34 139 34
277040.538723 2111646.917221 48.890345 34 139 34
277463.596765 2111200.414686 171.945506 34 139 34
277465.244663 2110920.907505 195.732811 139 69 19
277608.995364 2111438.251583 163.517672 34 139 34
277356.842215 2111455.345438 101.696622 139 69 19
276985.616467 2110729.079304 111.636578 34 139 34
277164.377853 2111215.251530 101.918809 139 69 19
276979.437786 2110925.767543 116.100256 34 139 34
277651.249881 2111203.339817 211.759979 34 139 34
276781.388939 2110809.496396 67.344853 34 139 34
277428.873314 2111539.188966 131.101717 34 139 34
277559.720693 2111564.701579 170.411723 139 69 19
277577.576782 2110995.288994 216.539209 34 139 34
277334.224074 2111447.572176 112.217743 34 139 34
277079.364449 2111149.936322 107.292628 139 69 19
277661.418431 2110954.166710 249.479823 139 69 19
277600.094092 2110673.678347 247.041518 139 69 19
277341.868032 2111548.499609 117.325108 34 139 34
277233.521147 2111715.574105 61.670256 34 139 34
277278.675265 2110883.228044 161.877685 34 139 34
277412.255423 2111599.315590 118.381501 34 139 34
277371.717510 2110906.577776 186.437790 139 69 19
276927.265743 2111706.873017 10.282222 139 69 19
276779.981213 2110840.859914 55.277233 34 139 34
276899.799036 2111473.245559 1.339829 139 69 19
276909.433772 2111372.715070 42.797802 34 139 34
276829.545340 2110851.568410 68.907759 34 139 34
277310.681699 2110963.592115 157.485736 34 139 34
277326.929192 2111376.113952 130.453016 139 69 19
277406.348649 2110671.572393 194.093350 139 69 19
276651.995196 2110804.079867 35.149816 34 139 34
276959.662611 2111264.014960 29.477950 34 139 34
277306.667401 2110999.741194 159.178746 139 69 19
277326.037831 2110679.003561 191.250740 34 139 34
277376.598742 2110789.694236 198.476209 139 69 19
277475.762670 2111572.703289 127.312270 139 69 19
277178.346759 2111397.306583 77.294180 34 139 34
277440.855151 2110802.092236 209.837656 34 139 34
277252.625847 2111476.437349 83.994408 34 139 34
276964.203435 2111674.783121 11.408791 34 139 34
276840.595930 2110765.646568 80.721138 34 139 34
277402.482282 2111444.532784 116.350010 34 139 34
277228.571721 2111191.492892 116.033070 34 139 34
277420.067281 2111032.686011 165.436993 34 139 34
276933.421805 2111607.081751 -10.601276 34 139 34
277577.721349 2111480.291540 175.918785 34 139 34
277004.120295 2110928.924142 111.378777 139 69 19
277723.046696 2111373.215415 201.859009 34 139 34
277069.527370 2111148.926252 91.140544 139 69 19
277739.057715 2111551.375962 180.327669 139 69 19
276939.419169 2111342.897992 30.252198 34 139 34
277685.170323 2111064.415944 208.855985 139 69 19
277111.558488 2111451.678863 75.031946 139 69 19
276980.106738 2111643.248049 32.031395 34 139 34
277220.960681 2110838.976454 148.255534 34 139 34
277423.503342 2111289.283183 144.009173 34 139 34
277413.382122 2111518.151037 133.026424 34 139 34
277166.627739 2111083.624508 120.865475 139 69 19
277327.498628 2110793.622394 192.256741 34 139 34
277037.893328 2111253.174947 70.623388 34 139 34
277198.302228 2110923.268419 132.716712 34 139 34
277475.752862 2111355.942505 154.876691 34 139 34
277600.828363 2111008.070773 205.415131 34 139 34
277472.496408 2110589.084110 235.114503 34 139 34
276997.354537 2111737.772983 10.377272 139 69 19
276842.645903 2111221.696870 19.013110 34 139 34
277157.831372 2111520.564466 50.769180 139 69 19
277613.600826 2111366.248047 177.996796 139 69 19
276790.358690 2111188.686260 19.606653 34 139 34
277258.166383 2110628.379505 193.254571 34 139 34
277717.645236 2111101.129876 221.584115 34 139 34
277312.126562 2111605.109904 98.517500 139 69 19
276855.729726 2111197.985410 38.107637 34 139 34
277705.380448 2111184.740805 206.455159 34 139 34
277333.973723 2111595.383213 103.264315 139 69 19
276673.793183 2110912.495537 38.297914 139 69 19
277312.496855 2111454.956954 107.521750 139 69 19
277114.827815 2111113.844966 94.707872 139 69 19
277238.639251 2110805.413466 164.698839 139 69 19
277018.880635 2111452.546831 44.894574 34 139 34
277599.673705 2110638.416594 257.846203 139 69 19
277200.899267 2111040.206077 123.152294 139 69 19
277529.068905 2110843.860798 221.196959 34 139 34
276770.409282 2110747.781826 74.190318 139 69 19
277126.643088 2111530.440745 70.761459 34 139 34
277518.847277 2111196.637931 189.185879 34 139 34
276976.450749 2111695.686647 -4.446703 34 139 34
277465.215339 2110873.917613 195.759002 34 139 34
277639.900378 2111087.150143 203.209361 34 139 34
276821.727992 2110735.964391 71.700461 34 139 34
277324.741236 2110844.582124 166.162823 139 69 19
277336.214438 2110883.967485 167.835133 34 139 34
277504.007566 2111588.369966 132.716430 139 69 19
277269.391614 2111660.868470 70.898180 34 139 34
277015.782178 2111507.556689 26.532999 139 69 19
277379.607723 2111594.489966 107.091880 139 69 19
277611.470222 2111388.979512 164.943122 34 139 34
277183.636213 2111499.422724 71.737436 139 69 19
277406.551792 2111292.643924 148.621585 139 69 19
277647.746347 2111450.768387 172.872062 34 139 34
277481.292522 2111269.069788 167.414240 139 69 19
276877.214586 2110763.457619 101.792948 139 69 19
277684.705367 2111263.225378 197.760916 34 139 34
277498.425141 2111395.757143 138.672082 34 139 34
277708.812044 2111619.059916 178.527546 139 69 19
276867.877094 2111238.264777 35.909577 34 139 34
276824.224240 2111725.604864 -28.871991 34 139 34
276906.427323 2111210.736025 63.337714 34 139 34
277605.074342 2110626.162587 252.771255 34 139 34
277311.934662 2111431.879126 110.070481 34 139 34
277723.059497 2111106.727547 247.259388 139 69 19
277339.021200 2110719.082275 179.934188 34 139 34
277569.279102 2111293.491378 177.052650 139 69 19
277568.838347 2110632.917904 253.789618 139 69 19
276881.720293 2110846.160435 84.433760 139 69 19
277140.809541 2111666.556034 63.654042 34 139 34
277270.943284 2111178.911472 116.241105 34 139 34
276752.975498 2111190.717287 31.143698 34 139 34
277019.483747 2111185.169030 63.017298 139 69 19
276781.719206 2110961.711063 48.485919 139 69 19
277024.395979 2111343.465173 53.815492 139 69 19
277469.976322 2111483.815812 135.547117 139 69 19
277264.604225 2111176.715743 120.306564 34 139 34
276930.815201 2111046.631628 47.130189 34 139 34
277028.356156 2111279.389645 70.654484 139 69 19
277022.859343 2111299.266142 56.808818 139 69 19
277763.437057 2111553.869293 181.192909 139 69 19
277147.766629 2111484.441296 77.354014 34 139 34
277265.854763 2111696.492157 51.399959 139 69 19
277633.328317 2111014.128173 234.294776 139 69 19
276771.515001 2111547.623851 -6.775596 139 69 19
276920.493752 2111265.486268 50.375174 139 69 19
276916.312779 2111457.542373 33.545902 34 139 34
276842.571077 2111785.017346 -48.551545 34 139 34
277658.773819 2111520.401715 174.757257 34 139 34
277382.440485 2111022.682990 171.061742 34 139 34
277109.649288 2111060.447003 105.091740 139 69 19
277049.441283 2111412.390247 45.503555 34 139 34
277231.257532 2111274.749657 125.229855 34 139 34
277007.556752 2111522.655121 33.648568 34 139 34
277558.419845 2111602.858429 152.514319 139 69 19
277076.576738 2111193.682671 110.279529 139 69 19
277459.608485 2111053.778488 177.575539 34 139 34
276968.211295 2111425.800927 11.801360 139 69 19
276954.131627 2110901.070125 87.435374 139 69 19
277184.277586 2111500.647745 58.354944 34 139 34
277316.375462 2111246.569161 136.120830 139 69 19
277717.557010 2111304.398947 211.026096 139 69 19
277215.696180 2110647.405251 161.767868 139 69 19
276663.087474 2110890.343818 40.218090 139 69 19
277515.301892 2110818.942398 214.040415 34 139 34
276783.712271 2110942.889795 62.005726 139 69 19
277356.939534 2110959.916384 180.363708 139 69 19
277514.232502 2111115.614190 197.588940 34 139 34
276679.533045 2111142.449680 19.688727 34 139 34
277283.494869 2111369.276979 85.257863 34 139 34
276651.394772 2110829.281904 34.105314 139 69 19
277266.671126 2110855.103556 146.826214 34 139 34
277478.921271 2110787.253924 182.669474 34 139 34
277094.439314 2111021.283790 74.670976 139 69 19
277564.166078 2111514.937617 159.611105 139 69 19
277583.299675 2111096.484719 195.750383 139 69 19
277291.519801 2111427.691907 105.059643 34 139 34
276814.166397 2111569.585105 -18.334840 34 139 34
277152.622557 2111281.378523 76.948333 34 139 34
277552.096260 2111041.241454 224.984239 139 69 19
277259.143947 2110627.198315 195.313251 34 139 34
276847.971229 2111441.990984 3.982247 34 139 34
276897.793656 2111339.422445 47.497228 139 69 19
277121.832015 2111676.093005 39.169509 34 139 34
276872.000483 2110702.452436 72.198089 139 69 19
277317.034960 2111682.610525 80.522324 34 139 34
276941.466253 2111043.259965 72.254902 139 69 19
277647.185002 2111369.921679 173.316893 34 139 34
277557.062969 2110718.862803 235.578632 139 69 19
276870.563022 2110980.117454 53.929660 34 139 34
277683.877911 2110974.098054 234.067025 139 69 19
277518.221118 2110988.468462 217.417491 34 139 34
276799.203248 2110987.857258 50.864156 34 139 34
277101.779468 2110998.938987 108.056165 139 69 19
277198.245534 2110741.790622 146.385322 34 139 34
277256.180702 2110649.762103 187.223970 139 69 19
277438.788771 2111127.303267 176.532683 34 139 34
277134.724958 2111205.156418 109.054722 34 139 34
277597.044798 2111588.263859 142.503128 139 69 19
277096.881669 2111482.587963 56.313121 34 139 34
277198.182065 2111487.105668 81.502357 34 139 34
276783.222733 2111031.504953 48.099386 139 69 19
276638.982501 2110837.034611 10.535490 34 139 34
277136.355277 2111690.725781 59.091546 139 69 19
277138.157022 2111040.249231 120.743092 139 69 19
277646.079307 2111616.638851 178.472780 34 139 34
277761.057894 2111449.858970 189.291526 34 139 34
277143.784780 2111006.200297 131.047513 139 69 19
277669.730906 2110859.396120 248.548566 34 139 34
277067.784938 2110691.691938 133.212163 34 139 34
277201.665006 2111661.794079 66.473700 139 69 19
276951.959511 2110753.984445 99.661992 34 139 34
276860.784821 2111046.263310 58.364692 34 139 34
277347.217971 2111533.894238 99.183546 34 139 34
276850.899545 2111282.139033 31.491144 139 69 19
277266.240440 2110835.462871 185.923264 139 69 19
277358.770085 2111430.691310 110.788755 34 139 34
277667.215637 2111369.229110 169.018658 34 139 34
276987.118809 2110749.809496 98.866429 34 139 34
277360.697454 2110664.190950 205.995075 139 69 19
276761.641533 2110746.091848 47.374367 34 139 34
276907.623914 2111253.739952 44.009483 34 139 34
277243.556744 2110903.456834 148.960628 139 69 19
277272.457573 2111639.915241 63.771516 139 69 19
277214.728932 2110787.241246 160.024487 34 139 34
277278.266064 2110680.290426 202.904059 139 69 19
277503.240642 2110775.355189 200.382710 34 139 34
276776.957023 2111040.648221 45.973545 34 139 34
277136.444685 2111638.783620 45.912869 34 139 34
276782.200102 2110899.201088 56.527194 34 139 34
276667.166459 2110940.192527 -9.528845 34 139 34
277470.053513 2110733.706310 217.042424 34 139 34
277461.897690 2111402.359307 165.523824 139 69 19
276830.393004 2111268.043238 8.608258 34 139 34
277103.282132 2111041.958129 110.691946 139 69 19
276793.924513 2111433.888328 5.905053 34 139 34
276591.697469 2110768.290350 23.557458 34 139 34
276621.112741 2110816.814914 45.139526 139 69 19
277471.156585 2110651.570705 234.223393 139 69 19
276778.220003 2111684.904982 -48.142690 139 69 19
276946.231571 2111072.815675 78.059888 139 69 19
277610.925048 2111432.346894 183.146135 34 139 34
277297.639253 2110804.332790 169.683379 34 139 34
277186.009901 2111166.578340 127.694100 139 69 19
277105.323848 2111048.958106 104.977339 34 139 34
277097.977943 2111287.526197 92.144215 34 139 34
277543.067612 2110802.600985 216.678653 34 139 34
277581.683143 2110874.068806 233.735184 139 69 19
277247.147471 2111341.491778 101.947854 34 139 34
277547.733961 2110800.123536 237.204068 34 139 34
276822.350224 2111282.790462 11.104799 139 69 19
276735.883462 2111226.394444 15.887470 34 139 34
276834.311992 2111606.659165 -14.661937 139 69 19
277115.517809 2111238.208940 97.646020 34 139 34
277704.340804 2111233.218065 202.416211 139 69 19
277735.406894 2111201.724964 213.551773 34 139 34
276905.103768 2110900.820554 77.523900 139 69 19
276901.102575 2111018.163312 58.155384 34 139 34
277739.664633 2111517.569874 188.061171 139 69 19
276858.597083 2110980.495261 53.263562 139 69 19
276734.522366 2111062.433857 2.968264 34 139 34
276901.810327 2110962.808320 81.988179 34 139 34
276811.607859 2111380.936006 0.923054 34 139 34
277026.160621 2111559.177951 34.158375 34 139 34
277000.283738 2111721.729765 18.164943 34 139 34
277054.527991 2111308.275270 73.713535 139 69 19
276623.829824 2110874.875661 9.507261 34 139 34
277332.765046 2111456.508932 129.063741 34 139 34
277168.138272 2111151.492688 117.779182 34 139 34
277079.583010 2111035.326266 99.472101 139 69 19
276661.703798 2110836.181057 57.629251 139 69 19
277778.368724 2111592.798439 186.581301 139 69 19
277274.914919 2111509.998724 107.125184 139 69 19
277046.089261 2110902.601104 105.594129 34 139 34
277403.180907 2111287.554912 157.911851 34 139 34
276735.634514 2111159.970349 -0.414195 139 69 19
277609.929947 2111247.049480 171.463851 34 139 34
277455.601724 2110840.561859 206.043962 139 69 19
276791.810001 2110757.260143 71.114157 139 69 19
276863.877102 2111327.838399 14.650269 139 69 19
276731.167161 2110992.963228 15.096457 34 139 34
277602.696940 2110810.943775 240.409751 139 69 19
277523.384199 2111238.706926 164.792393 34 139 34
277458.231714 2111153.247645 155.505072 34 139 34
276741.116983 2111436.715093 -2.882623 139 69 19
277171.880376 2111075.749058 118.345269 139 69 19
276678.292436 2110964.639613 35.480449 139 69 19
277286.775936 2110992.394594 154.037900 139 69 19
277163.572653 2110669.263694 152.188298 34 139 34
276667.020495 2110751.602533 35.951629 139 69 19
276909.070584 2111522.028175 16.479923 139 69 19
276715.403803 2111271.282365 -2.390428 139 69 19
277054.216842 2111654.476330 43.278593 139 69 19
276802.920173 2111515.311287 -8.505748 34 139 34
277106.373931 2110693.435921 150.858781 139 69 19
276951.934844 2110678.239583 94.864312 34 139 34
277260.616170 2111608.157226 92.564687 34 139 34
277699.978146 2111368.276697 197.351391 139 69 19
277575.995954 2110644.344682 249.756721 34 139 34
277732.452389 2111548.259187 193.565562 34 139 34
277209.252716 2111335.257164 108.482868 34 139 34
277070.545395 2111574.390125 47.116637 139 69 19
277388.478376 2110964.965573 178.462490 139 69 19
276627.411663 2110755.857068 38.632363 139 69 19
277033.254857 2110909.202006 105.486681 139 69 19
276914.822791 2111744.451886 27.292190 34 139 34
276858.230354 2110813.472775 72.008553 139 69 19
277133.885343 2111513.179026 64.239542 139 69 19
277250.096743 2110711.750557 162.092313 139 69 19
277106.022489 2111671.341793 48.361806 139 69 19
277564.328034 2111160.164819 187.764966 139 69 19
277314.508982 2111382.137465 135.874318 139 69 19
276684.448979 2111191.575467 14.302834 34 139 34
277328.231411 2111284.252188 116.647072 34 139 34
276729.460791 2111318.305094 -15.233640 34 139 34
277263.358858 2110876.851133 141.030768 34 139 34
276973.597311 2110945.299943 93.158444 34 139 34
277269.250697 2111712.754140 62.582299 34 139 34
277571.428244 2111258.010161 178.604721 34 139 34
277135.945430 2111568.404867 52.799302 34 139 34
277286.041296 2111393.154295 104.458820 139 69 19
277186.052079 2111052.496319 118.383615 34 139 34
276956.820924 2111523.071254 34.200245 34 139 34
277195.799851 2111572.147706 53.158207 34 139 34
277257.217582 2110983.275466 155.769794 139 69 19
277460.489016 2111635.954762 130.543926 34 139 34
277748.700129 2111334.057466 199.656991 139 69 19
277124.576845 2111266.863483 79.611275 139 69 19
277508.722058 2111232.389883 172.350261 139 69 19
277154.784522 2110991.038706 129.221948 34 139 34
277379.995207 2110724.821747 180.107102 139 69 19
277063.958531 2111460.548694 55.528640 139 69 19
277485.163098 2110782.309438 214.654268 139 69 19
277619.955154 2111287.584576 200.844463 34 139 34
277167.245098 2111418.103947 78.264518 139 69 19
276878.230465 2111686.672261 -1.650993 34 139 34
277109.864853 2110805.215343 133.971707 34 139 34
276928.816263 2110744.145089 109.454250 34 139 34
277320.324715 2111252.617264 114.641529 34 139 34
277096.152539 2111661.156195 16.428852 139 69 19
277156.706393 2111157.154111 93.311797 34 139 34
277076.130854 2110777.801078 126.004454 34 139 34
277469.556338 2110637.400298 203.840721 34 139 34
277287.515698 2111660.732986 81.305156 34 139 34
277749.580855 2111502.311916 211.014540 139 69 19
276980.459371 2111491.766497 21.310310 34 139 34
276925.913891 2110726.003046 116.077530 34 139 34
277394.869485 2110801.255982 212.472631 34 139 34
277683.675596 2111549.062089 170.484760 139 69 19
277741.180205 2111552.428287 188.977518 139 69 19
276875.094458 2111265.935866 30.349852 34 139 34
277636.399635 2111562.773119 132.970220 139 69 19
277495.858859 2110873.350659 206.481398 34 139 34
277527.837913 2111253.383084 176.300867 34 139 34
277257.892006 2111407.028399 117.104698 139 69 19
277660.824214 2111399.700844 184.053838 139 69 19
277470.412072 2111642.352890 114.911606 139 69 19
277252.722281 2111253.759458 128.199990 139 69 19
277653.295099 2111544.856987 185.941060 139 69 19
277062.987154 2111606.740530 15.043861 139 69 19
277108.419321 2111728.168622 38.734290 34 139 34
276751.441300 2110988.531201 44.409130 139 69 19
277650.513729 2111213.036387 215.560644 34 139 34
276913.450207 2110799.904005 84.168688 34 139 34
277008.488503 2111423.531804 37.807974 34 139 34
276972.860692 2110932.581777 91.354603 139 69 19
277115.441585 2110874.455017 134.956676 139 69 19
277385.064117 2111257.535067 128.317016 34 139 34
277282.915235 2111641.973180 82.408836 34 139 34
277615.129340 2111034.913901 210.262491 139 69 19
276693.567803 2111248.888131 -15.200389 139 69 19
276738.403724 2111338.306259 11.032610 139 69 19
277030.257383 2111562.905966 37.453359 34 139 34
276899.710527 2110993.280311 98.976335 139 69 19
277107.688421 2111280.523909 88.043211 139 69 19
277494.706166 2111560.635674 144.879098 139 69 19
277045.488385 2111024.570346 62.351247 139 69 19
277507.462163 2111381.105110 172.956625 34 139 34
277488.207210 2111097.757893 197.662666 34 139 34
277288.447577 2111421.205491 107.871551 34 139 34
277594.519917 2110614.417034 242.043164 34 139 34
277284.872767 2111583.362648 83.651696 34 139 34
277049.871033 2111701.189928 21.168028 139 69 19
276916.255158 2111152.282516 41.604097 34 139 34
276836.825952 2110932.908957 64.478447 139 69 19
277123.849831 2111145.513490 104.812023 34 139 34
277171.034913 2111649.196021 68.389540 34 139 34
277644.362025 2111471.298896 164.222873 139 69 19
276772.161385 2111368.104411 19.656710 139 69 19
277191.506430 2111518.238906 70.857501 139 69 19
276813.706453 2111329.777824 23.315603 139 69 19
277132.367554 2111178.357048 90.839517 34 139 34
277645.921110 2111153.164890 206.949317 34 139 34
276938.785728 2110834.750451 94.853284 139 69 19
277595.681344 2111647.305304 152.809332 139 69 19
277333.591427 2111693.466991 76.055404 139 69 19
276785.799195 2111006.962372 55.258215 139 69 19
277560.418272 2110576.134806 248.934996 139 69 19
277524.162653 2111258.619682 167.911991 34 139 34
276970.957309 2111183.796619 61.680242 139 69 19
277361.436322 2111280.896976 135.817691 34 139 34
277110.723953 2111249.449921 87.956538 34 139 34
277295.197944 2110976.375507 147.664286 139 69 19
276906.830392 2111246.654181 33.965554 139 69 19
277335.242759 2110834.175848 171.249715 139 69 19
276889.536331 2110967.886375 50.365584 139 69 19
276811.555310 2111231.302915 33.944733 139 69 19
277371.498181 2111007.096555 150.068741 34 139 34
277075.061707 2111707.102278 20.921437 139 69 19
277386.326445 2111430.251668 125.504115 34 139 34
277318.210738 2111566.342673 86.003510 139 69 19
277553.497846 2110718.153751 232.492274 139 69 19
277160.641553 2110702.371904 131.783885 34 139 34
277095.104730 2110936.425346 110.244797 34 139 34
277575.882268 2110635.413203 247.252432 139 69 19
276992.811844 2111478.481154 26.742769 139 69 19
277056.234208 2111713.105279 21.812940 139 69 19
276866.014511 2111486.824524 4.625883 139 69 19
277343.846241 2110902.061499 175.443994 34 139 34
277622.171790 2111419.451416 189.956594 139 69 19
276996.214916 2111224.763080 78.096391 139 69 19
277104.683184 2111165.773805 115.330077 139 69 19
277165.335787 2111638.229138 54.798925 139 69 19
276694.156575 2111247.744804 -11.257313 34 139 34
277278.983013 2110961.974272 146.143288 139 69 19
277493.484951 2111018.764868 177.910303 34 139 34
276917.572919 2111741.680951 -3.352908 139 69 19
277602.876237 2110662.104720 262.115392 139 69 19
276695.319579 2111161.864436 19.134255 139 69 19
277613.829885 2111001.945108 227.542179 34 139 34
277682.824821 2111428.442219 163.878940 139 69 19
277584.349679 2111090.562464 213.598647 34 139 34
277396.717410 2110723.173751 200.822826 139 69 19
277725.164203 2111073.430335 220.081713 139 69 19
277343.462464 2110785.541662 178.080968 34 139 34
276904.501816 2111777.248632 23.667561 34 139 34
277315.413108 2111437.890163 103.420851 34 139 34
277379.486101 2110634.551743 219.669113 139 69 19
277593.305647 2111041.086711 220.484250 139 69 19
277136.365361 2111178.426114 102.413084 139 69 19
276916.344924 2110893.804189 97.241740 34 139 34
276640.955392 2110871.477265 26.624339 139 69 19
276748.460399 2111548.580893 -25.304366 34 139 34
277122.627065 2111346.100494 75.855398 34 139 34
277748.113877 2111461.626803 202.880410 34 139 34
277433.298695 2111147.280840 171.060246 34 139 34
277527.924070 2111216.960644 182.841244 34 139 34
276836.621519 2111086.566233 58.116554 34 139 34
277476.270643 2110650.423010 235.873450 34 139 34
277656.757602 2111278.237542 184.975204 34 139 34
276783.924890 2110822.077362 62.194286 139 69 19
277228.107795 2111111.014069 110.483657 34 139 34
277429.078565 2110959.374002 186.451744 34 139 34
276791.346479 2111098.773000 17.603657 139 69 19
276753.297547 2111406.251566 -9.131118 139 69 19
276937.684147 2110957.397101 88.908646 139 69 19
276784.815411 2111315.773091 20.436789 34 139 34
277071.213573 2111059.326417 110.730213 139 69 19
276926.538173 2110718.864817 107.748934 139 69 19
276872.191736 2110694.829541 96.536801 34 139 34
277528.282727 2110903.056008 234.993365 34 139 34
277589.452685 2111036.821024 190.569113 139 69 19
277188.063265 2110892.885329 132.334815 34 139 34
277131.299085 2110867.873469 118.764761 139 69 19
276957.016985 2111317.678238 64.055786 139 69 19
277184.596904 2110941.206827 132.083365 139 69 19
277415.857382 2111353.239375 150.433752 139 69 19
277567.195735 2111267.673795 194.856155 34 139 34
277478.732591 2111177.180634 187.233891 34 139 34
277580.174975 2110837.930094 224.948258 139 69 19
276883.335975 2110946.853922 65.726100 139 69 19
277559.678741 2111340.610635 163.499947 139 69 19
277279.443833 2111172.561044 125.823307 34 139 34
277226.633899 2111194.915500 115.190715 139 69 19
277128.068233 2110908.956056 124.509194 34 139 34
276900.574290 2111667.529166 1.491063 34 139 34
277054.114656 2111261.732380 68.768719 34 139 34
276772.352323 2111070.293145 51.396784 34 139 34
277712.900358 2111498.251453 164.754991 139 69 19
277497.559744 2111172.797141 176.891651 34 139 34
276864.868623 2110880.767030 78.928189 139 69 19
276906.747848 2110895.537347 72.996276 34 139 34
276782.653746 2111560.769838 -12.524993 139 69 19
277223.865024 2111460.606652 72.049635 34 139 34
276810.856258 2110886.542390 51.179419 34 139 34
277665.583704 2111326.993073 190.421849 34 139 34
276765.356570 2110794.042072 62.143525 34 139 34
277363.567635 2111402.052310 103.547281 34 139 34
277271.374720 2110904.200285 153.581575 34 139 34
277225.248881 2111629.871404 74.598707 34 139 34
277095.978078 2111343.686950 66.390004 139 69 19
277623.650374 2110862.761612 215.963500 139 69 19
277520.723532 2110659.758592 230.700912 34 139 34
277455.482885 2111269.415295 138.724876 139 69 19
277495.388462 2111053.389366 169.200479 139 69 19
276934.356603 2111621.932438 4.357396 139 69 19
277721.835503 2111119.662914 227.882837 34 139 34
277482.121497 2111156.902959 175.796650 139 69 19
277317.826296 2111559.029615 85.930620 139 69 19
277486.251728 2110984.056550 180.860308 139 69 19
277232.328424 2110752.936578 165.810988 34 139 34
276710.381220 2111231.743002 -11.698636 34 139 34
277498.586506 2110717.067328 214.488218 34 139 34
277419.933304 2111574.285432 110.720232 34 139 34
276939.378061 2110906.384889 84.480767 139 69 19
277506.324573 2110846.452946 227.242087 139 69 19
277112.494145 2111200.518865 79.214006 34 139 34
276989.411309 2111553.459812 13.005711 34 139 34
277643.243340 2111032.843585 208.061108 34 139 34
277434.978434 2111181.428954 167.029055 34 139 34
277490.935635 2110801.415426 212.814399 139 69 19
276990.638244 2111069.698045 89.535517 34 139 34
277067.648827 2111578.091642 49.993898 34 139 34
277441.246541 2111261.270873 156.223931 34 139 34
277427.662499 2110611.305173 209.323885 139 69 19
276644.183706 2110766.884743 64.075737 139 69 19
277753.070385 2111604.733693 211.028609 139 69 19
277588.660294 2110661.076989 248.663478 34 139 34
276971.214856 2111728.751367 16.774550 34 139 34
277469.254706 2110768.588532 220.361119 34 139 34
277371.617161 2111038.508623 165.252097 34 139 34
277141.256677 2111111.734416 109.753590 34 139 34
277657.464095 2110760.870599 248.337740 139 69 19
276701.027294 2111077.495448 6.526394 139 69 19
276979.493067 2111356.224378 71.952022 139 69 19
277762.858557 2111348.888409 221.246291 139 69 19
277639.796779 2111587.400586 162.162649 34 139 34
276833.339454 2110773.866851 83.687847 139 69 19
277734.130201 2111366.816096 211.113139 34 139 34
277268.989672 2111406.603297 111.842580 139 69 19
276754.242765 2110929.608839 34.997228 34 139 34
277792.077971 2111458.028612 223.551984 139 69 19
277455.975949 2111674.259197 128.351811 34 139 34
276933.837706 2110843.373955 102.000909 34 139 34
277579.967254 2111542.741493 173.621714 34 139 34
276686.783177 2110918.443403 38.082088 139 69 19
276903.745197 2111626.188474 -18.099519 34 139 34
277286.988926 2111581.899589 74.383363 34 139 34
276956.539528 2111624.188810 17.116364 139 69 19
276717.563441 2111332.561356 1.233833 34 139 34
277280.788644 2111138.859032 129.780011 139 69 19
277254.769303 2111233.805075 122.059365 34 139 34
276654.145430 2110748.432295 25.313539 139 69 19
277265.640020 2110895.087128 147.200069 34 139 34
277060.993465 2111652.503472 25.931101 139 69 19
277527.572869 2110908.605128 207.349318 34 139 34
277360.220468 2111592.675399 106.014469 139 69 19
276936.211348 2111703.183497 14.994989 34 139 34
276782.452301 2111707.364297 -19.854500 139 69 19
277714.847817 2111313.227962 224.138726 34 139 34
276929.675485 2110829.572566 88.605549 34 139 34
277207.365325 2111009.737709 141.557251 139 69 19
277501.596908 2111667.035392 115.129750 139 69 19
277642.521619 2111290.730535 214.197698 139 69 19
277060.458770 2111258.399672 55.383538 139 69 19
277651.074509 2111139.545478 210.434500 34 139 34
277296.660842 2110792.760851 172.716408 139 69 19
277615.502930 2110922.674646 214.992580 139 69 19
277621.575063 2110677.714102 229.719650 34 139 34
277041.392817 2111260.273504 90.378775 139 69 19
277033.883542 2111253.692083 60.446993 34 139 34
277424.138973 2111221.409393 159.563309 34 139 34
277381.291325 2111269.618667 148.145120 139 69 19
277533.481488 2111277.643641 174.568258 34 139 34
277363.179466 2111574.586721 92.493158 34 139 34
277718.815652 2111550.306324 205.874888 34 139 34
276615.568552 2110862.296242 18.988343 139 69 19
276887.490194 2111421.147895 3.104609 139 69 19
277191.458458 2111064.694081 101.581498 139 69 19
277236.722116 2110933.351167 117.824465 34 139 34
277498.348715 2110958.746129 211.976291 139 69 19
277814.794536 2111547.964237 195.026862 139 69 19
277521.487788 2111499.290239 132.134679 34 139 34
276687.531087 2111171.450768 2.006432 34 139 34
277459.345423 2111637.792135 121.391142 139 69 19
277639.290365 2111341.521252 182.556433 34 139 34
277061.747767 2110699.973713 139.951641 139 69 19
276754.998916 2110959.265115 31.508387 139 69 19
277353.740897 2111263.063205 130.539855 34 139 34
277563.832297 2110795.237383 240.309461 139 69 19
277630.552612 2110903.905469 225.154512 139 69 19
276734.513831 2110843.618368 63.918828 139 69 19
276855.192576 2111455.265084 21.043638 139 69 19
277610.732358 2110672.056562 243.271536 139 69 19
277463.092866 2110587.204513 226.375588 34 139 34
277576.993672 2111176.862824 163.485490 139 69 19
277117.513154 2110937.132955 116.144171 139 69 19
277480.597323 2110884.191937 218.166043 139 69 19
277012.700055 2111220.251687 56.819762 34 139 34
277691.062674 2110947.203743 227.029900 139 69 19
276684.346739 2111142.218060 6.338280 139 69 19
276827.468232 2111240.109898 16.875557 139 69 19
277607.839482 2111177.449734 209.994907 34 139 34
276667.608530 2111017.453753 16.131267 139 69 19
277275.087180 2111329.457792 133.189432 34 139 34
276680.996494 2110887.148778 53.666250 34 139 34
277347.468983 2111578.751763 102.044075 34 139 34
277043.606165 2111388.048130 60.844898 34 139 34
276986.466814 2110961.195970 104.945344 139 69 19
277074.281229 2111274.307951 73.965653 139 69 19
277359.364818 2111585.031673 94.691669 34 139 34
276930.945483 2111135.269543 50.097667 139 69 19
277377.111265 2111286.671325 150.610366 34 139 34
277249.510170 2110909.512072 150.197530 139 69 19
276616.539543 2110865.277474 26.015731 34 139 34
276855.048423 2111198.182277 47.690986 34 139 34
277182.765850 2111481.969760 61.763932 139 69 19
276781.771727 2111608.644677 -30.761823 139 69 19
277086.732288 2111641.079819 53.138483 139 69 19
276948.999438 2111452.987290 25.758324 139 69 19
277724.430377 2111313.715740 214.247198 139 69 19
277307.108653 2111457.381589 89.525033 139 69 19
276897.056780 2110912.564859 72.356047 34 139 34
276891.320008 2111021.357880 62.740905 34 139 34
276761.934010 2111070.736376 34.901166 34 139 34
276984.427047 2111354.858906 45.196182 139 69 19
277588.147777 2111413.453797 147.743379 139 69 19
277181.399008 2111512.859177 89.506317 139 69 19
277153.230025 2110889.623705 118.531304 34 139 34
277612.350487 2111061.567991 211.630536 34 139 34
277061.524612 2111440.231114 61.838333 139 69 19
277178.528362 2111148.326130 110.402409 139 69 19
277328.957065 2111311.973697 144.293239 34 139 34
277704.549104 2111348.962760 203.325266 34 139 34
277197.123610 2111094.256148 133.804544 139 69 19
277685.953788 2111094.175292 224.958405 34 139 34
277106.686634 2111112.309554 104.085270 139 69 19
276932.568855 2111513.915101 49.581040 34 139 34
276835.518803 2110902.757942 69.581889 139 69 19
276766.244727 2111166.912220 17.182814 139 69 19
277041.583409 2111028.534555 90.181067 34 139 34
276870.336356 2111021.362068 64.018689 139 69 19
277714.536955 2111252.725768 232.852594 34 139 34
276712.305735 2111352.858349 -8.330496 139 69 19
276904.342800 2111767.840253 -23.384183 34 139 34
277679.064803 2110940.003294 223.852742 34 139 34
277476.276456 2111537.678827 139.970372 139 69 19
277428.077538 2110667.180627 204.192303 34 139 34
277528.438315 2111161.468116 198.585527 139 69 19
277075.563016 2111093.480787 87.734610 139 69 19
277534.526843 2111191.578250 170.434968 139 69 19
277109.701444 2110901.999541 118.432017 139 69 19
277456.217906 2111210.801633 167.678139 139 69 19
277735.974232 2111334.429228 198.595370 139 69 19
276940.602399 2110896.801889 90.889817 34 139 34
277504.713594 2110996.812935 197.055913 139 69 19
277589.359209 2110648.647424 235.360859 34 139 34
276767.149084 2111503.605246 -22.440432 139 69 19
277307.902748 2111311.312809 119.214932 34 139 34
277442.533521 2110786.909234 189.643693 34 139 34
277340.893677 2111579.097012 94.381343 139 69 19
277085.912479 2110891.229415 107.845320 34 139 34
277700.652131 2111465.935947 183.870867 34 139 34
277506.025699 2110747.951978 212.222152 34 139 34
277401.181795 2110735.965293 214.946366 34 139 34
276906.809417 2111122.272059 52.732769 139 69 19
276771.233124 2110944.532573 33.790815 34 139 34
277275.177524 2110940.007188 153.939167 139 69 19
277565.097932 2111020.724496 191.799109 34 139 34
277126.837636 2111357.829051 80.229277 34 139 34
277118.554994 2110752.165901 155.540949 34 139 34
277125.754484 2110741.373434 150.741295 139 69 19
277185.569107 2110672.562629 150.771547 34 139 34
277156.352066 2111503.320137 74.861195 139 69 19
277234.893701 2111559.669228 87.753148 34 139 34
277006.441369 2110743.002946 98.871423 34 139 34
277118.274632 2110647.845244 151.403509 139 69 19
277724.761726 2111607.132851 187.046182 139 69 19
276652.926950 2110890.099101 34.295627 34 139 34
277084.855688 2110885.849746 111.500152 34 139 34
276833.322915 2110780.448697 90.330725 34 139 34
277114.490475 2110688.022966 157.988206 34 139 34
276908.751838 2111636.138464 -6.954382 34 139 34
276795.432271 2111008.576779 52.491369 34 139 34
276885.330119 2111443.768999 20.112062 34 139 34
276989.978477 2110976.333371 93.868743 139 69 19
276735.757021 2110833.257149 44.826875 139 69 19
277557.111632 2110955.165454 226.323026 34 139 34
277556.097714 2111302.628475 181.745731 139 69 19
276922.480350 2110866.120140 72.752671 139 69 19
276646.517686 2110977.606821 26.419005 139 69 19
277085.564656 2110695.893027 127.625020 34 139 34
276987.692681 2111448.848345 53.169969 34 139 34
276690.621714 2111190.458246 -5.312407 34 139 34
276970.085613 2111701.037256 22.946160 34 139 34
276802.461223 2111180.290336 17.992218 139 69 19
277187.549775 2110856.599647 140.462196 139 69 19
277472.249162 2110581.377976 226.669662 34 139 34
277566.272231 2111415.846599 161.298364 139 69 19
277677.472543 2110864.172364 237.107120 34 139 34
277547.877972 2110702.052034 235.110164 139 69 19
276873.798244 2111140.993884 66.766122 139 69 19
276705.122726 2110887.878794 51.466192 139 69 19
277766.901883 2111391.854298 206.799114 139 69 19
277064.697023 2111677.005845 12.756675 139 69 19
277756.016408 2111477.962035 207.827516 139 69 19
277439.765501 2110770.238178 190.382922 139 69 19
277347.110832 2111543.906256 108.126354 34 139 34
277405.626135 2110928.818490 165.448909 139 69 19
277503.926958 2111461.037387 147.410156 139 69 19
276957.391772 2110955.025715 95.766718 139 69 19
277517.875817 2110796.284944 213.899720 34 139 34
277416.412888 2111383.471206 155.473993 139 69 19
277502.142817 2110808.975220 206.421256 139 69 19
277106.089509 2110961.026686 108.204107 139 69 19
277102.087315 2111321.712363 64.958001 139 69 19
276661.280804 2110903.142526 26.576296 139 69 19
276868.048725 2111203.869172 16.910793 34 139 34
277199.774622 2111478.472643 86.856041 34 139 34
277544.589415 2111355.128607 176.212027 34 139 34
276942.623339 2111154.190165 49.448346 34 139 34
277574.687335 2110870.852356 228.296496 139 69 19
277050.864925 2111134.272562 92.147610 34 139 34
277647.205873 2111398.428436 170.026310 139 69 19
277153.012327 2110773.722703 158.042616 139 69 19
277015.778263 2111112.345526 91.381827 139 69 19
276802.914428 2111371.116297 18.306642 139 69 19
277761.739705 2111458.202941 202.586697 34 139 34
276975.173066 2111225.379584 56.513005 34 139 34
276918.648460 2111549.328907 11.404523 34 139 34
276745.565992 2111110.867128 26.800969 139 69 19
277345.008100 2110962.899669 144.584648 139 69 19
276698.656587 2111276.484942 -7.160751 34 139 34
277075.724748 2111560.781210 39.067367 139 69 19
276957.445146 2110722.073164 127.260437 34 139 34
276898.192626 2111144.033129 50.467087 34 139 34
277527.512399 2111177.853999 189.177222 34 139 34
277420.570998 2111096.696894 165.857759 34 139 34
277487.636680 2110914.127964 182.426142 34 139 34
277035.365078 2110973.483146 125.524337 139 69 19
277450.483147 2111176.843523 168.896733 34 139 34
277612.953836 2111261.208400 195.834971 34 139 34
276727.711252 2111416.151095 -18.917025 139 69 19
277070.421954 2110724.911904 117.607584 34 139 34
276911.697371 2110723.609763 103.450810 139 69 19
276650.113003 2111049.932320 20.223223 34 139 34
277124.112648 2111329.710293 68.885382 34 139 34
277137.791329 2111204.633859 115.648401 139 69 19
277668.655390 2110897.189605 232.840207 139 69 19
276727.141672 2111110.028621 15.435300 139 69 19
276851.491810 2110853.076403 76.265608 34 139 34
276943.756439 2111113.405432 73.512086 34 139 34
277364.101520 2111019.793093 143.421568 34 139 34
277765.933352 2111541.810075 167.093228 139 69 19
277737.824426 2111387.598514 197.066565 34 139 34
277478.238642 2110667.199753 218.495045 139 69 19
276789.909081 2110820.529086 54.818104 34 139 34
277147.409130 2111336.083574 58.934387 139 69 19
277693.536782 2111366.380734 196.162136 34 139 34
277386.164387 2111593.865819 108.057393 139 69 19
277568.738173 2110863.380356 224.599624 139 69 19
277771.792069 2111469.505084 189.883711 139 69 19
277104.910170 2111450.513265 66.637294 139 69 19
277246.090385 2110675.440427 188.642249 139 69 19
277580.687464 2111252.740840 197.632686 34 139 34
277214.463401 2111690.675497 58.618025 139 69 19
277075.085924 2110989.620769 99.817031 34 139 34
277611.980415 2110809.921946 245.734993 139 69 19
277292.610546 2110680.290680 183.334409 139 69 19
276921.978709 2110945.774158 78.229143 34 139 34
277430.260856 2111532.380010 139.953166 34 139 34
277281.146078 2110798.281205 176.416211 139 69 19
277456.560397 2110667.902547 238.202224 139 69 19
277352.771576 2111054.935768 156.339929 34 139 34
276715.778410 2111055.502910 23.536749 34 139 34
276757.502657 2111447.107441 -15.648975 139 69 19
277409.606196 2111100.684339 144.081806 34 139 34
277632.690307 2111144.542270 213.237873 139 69 19
277785.380841 2111470.204374 203.296437 34 139 34
277542.762814 2110819.810672 235.261370 139 69 19
277008.076028 2111306.874054 82.234726 34 139 34
277344.227900 2111286.131493 118.216604 139 69 19
277343.829344 2111002.912242 162.074251 34 139 34
277343.578542 2111171.417829 128.409500 34 139 34
276692.847196 2110787.823313 35.014140 34 139 34
276820.447407 2110991.281990 40.373708 34 139 34
277217.756915 2111087.957177 119.851666 139 69 19
277239.140339 2110933.729141 154.005369 139 69 19
276841.655673 2111107.656391 31.274384 139 69 19
277200.912038 2110800.987286 150.494774 139 69 19
277270.930102 2111002.958014 161.105993 139 69 19
277649.940323 2111228.595797 209.655700 34 139 34
277139.131712 2111421.604888 56.555792 139 69 19
277542.970564 2110669.191998 240.069796 34 139 34
276812.737772 2111121.598192 40.277956 139 69 19
277030.711427 2111350.250080 60.967814 139 69 19
276681.921061 2110775.121452 53.915500 34 139 34
277405.600591 2111300.389897 157.911080 34 139 34
276628.350505 2110788.656278 7.796173 34 139 34
276891.512468 2110804.860574 65.672436 34 139 34
277735.521542 2111328.262201 204.121602 34 139 34
277648.555119 2110960.076725 219.670692 139 69 19
277351.576022 2110839.294450 195.146107 139 69 19
277060.931089 2110666.085945 114.868154 139 69 19
277120.271820 2111292.567731 83.644888 139 69 19
277545.495892 2111556.774610 154.856881 139 69 19
277509.927241 2111013.055535 188.983139 139 69 19
276686.285550 2110928.770224 53.772727 139 69 19
277553.122058 2110809.670803 219.431454 34 139 34
277424.921463 2111587.482787 113.553331 139 69 19
277512.355750 2111511.385143 140.484460 34 139 34
277092.016344 2111626.600109 35.849366 34 139 34
277386.843727 2111559.108583 110.781324 34 139 34
277008.778558 2111736.643204 -8.449051 34 139 34
276901.781697 2110885.235036 81.151386 139 69 19
277378.398770 2110956.457911 161.788915 34 139 34
276966.623524 2111150.360046 52.460553 139 69 19
277344.704543 2110691.808539 172.489539 34 139 34
276897.548081 2110717.677549 112.602865 139 69 19
277112.305852 2111631.791459 47.253640 139 69 19
276868.125560 2111208.830040 54.966991 139 69 19
277494.267479 2111288.890500 159.078202 139 69 19
277343.912689 2111552.767446 119.725694 34 139 34
276907.237205 2110811.774863 86.151577 139 69 19
277497.997071 2111338.250931 168.343111 34 139 34
277754.466691 2111429.635956 195.924643 139 69 19
277473.059922 2111089.439934 197.977979 34 139 34
276792.200004 2111310.523461 14.588810 139 69 19
276756.738607 2110823.575422 39.489691 139 69 19
277005.897052 2110947.254044 84.015789 34 139 34
276900.435057 2111489.372662 14.354980 34 139 34
277476.243505 2111240.453335 158.046648 139 69 19
276925.641281 2110786.893769 101.060514 34 139 34
276846.977016 2111735.814216 -5.318431 139 69 19
277787.879825 2111397.188092 204.962205 139 69 19
277453.759968 2110836.825834 221.237851 34 139 34
277364.328156 2111373.332812 128.313520 139 69 19
276695.631836 2110917.023179 24.981456 139 69 19
277291.563883 2110715.591920 181.236769 34 139 34
277442.805531 2110785.855691 218.996981 34 139 34
277138.281805 2111704.192129 37.346291 34 139 34
277377.256464 2110694.890231 199.217225 34 139 34
277088.645030 2111726.591112 41.021571 139 69 19
277162.667253 2110796.265905 148.084483 34 139 34
277295.503260 2111024.821888 141.912205 139 69 19
277114.560561 2111542.393092 42.023008 34 139 34
277212.646701 2111682.258785 75.780729 139 69 19
277433.167348 2111169.743022 154.499447 34 139 34
277351.622441 2111214.129047 143.467622 34 139 34
277388.493088 2111000.745794 185.838092 139 69 19
277656.934074 2111569.328048 165.717079 34 139 34
276707.792466 2110825.450187 39.575243 34 139 34
276969.385969 2111333.165864 42.818248 139 69 19
277680.513773 2111507.040577 172.710570 34 139 34
277252.254301 2111075.859190 132.021140 139 69 19
276729.914576 2111032.665500 39.682140 139 69 19
277261.181589 2110982.540584 141.152319 139 69 19
277637.168683 2110821.743518 247.553676 34 139 34
276831.463826 2111063.239722 40.099248 34 139 34
277371.232463 2111373.336410 118.852779 139 69 19
277057.494929 2111370.427141 76.170763 139 69 19
277011.036074 2111638.054359 30.082423 34 139 34
277188.421240 2110986.407295 119.982619 139 69 19
277214.301429 2111201.204481 117.404522 139 69 19
276875.837001 2111034.570206 57.429149 139 69 19
276906.189908 2111498.910611 24.978717 34 139 34
277093.994811 2111387.092983 68.419806 34 139 34
277558.180959 2110572.299566 231.560097 34 139 34
277219.233672 2110817.906652 143.328235 139 69 19
277420.406278 2111134.939499 159.519327 139 69 19
277177.660105 2111111.590005 115.508282 139 69 19
277469.774747 2111371.688591 153.620528 139 69 19
277018.402367 2111671.243137 11.315184 139 69 19
277538.383273 2110585.106118 249.630640 139 69 19
276990.475199 2110810.916500 99.216311 139 69 19
277073.057904 2111202.005869 65.872308 34 139 34
276864.766667 2111450.535779 18.915932 139 69 19
277589.010079 2110707.153858 255.056403 34 139 34
277569.776125 2111595.718033 150.189256 139 69 19
276941.983301 2111625.537200 6.581368 139 69 19
277412.843283 2111193.428664 144.929154 34 139 34
277542.288309 2111564.019530 117.646130 139 69 19
277057.512069 2111362.948410 62.497777 139 69 19
276764.943396 2111000.014439 22.062511 139 69 19
277502.701141 2111589.400988 137.845099 34 139 34
276890.460036 2111081.831284 64.704115 34 139 34
277125.487376 2111532.162372 68.057779 139 69 19
277458.339311 2111548.638125 123.781827 34 139 34
277051.126253 2110873.777731 127.209383 34 139 34
277447.432500 2111111.316563 167.119032 139 69 19
277483.682504 2111532.960081 136.415501 139 69 19
277208.478827 2111674.331423 69.838230 34 139 34
277200.422421 2110707.779438 163.757361 139 69 19
277156.830123 2111174.123196 94.115387 139 69 19
277575.795493 2110642.327448 250.125845 139 69 19
276850.516813 2110904.042475 73.842612 139 69 19
277088.301411 2111502.896945 39.977578 139 69 19
277050.401622 2110920.439278 89.687587 34 139 34
276629.141947 2110785.422454 43.103977 139 69 19
277186.145826 2111210.644332 115.261622 34 139 34
276869.038296 2111496.977760 11.177608 34 139 34
277677.612056 2111025.013508 222.342509 139 69 19
277493.846334 2111446.639695 141.735215 34 139 34
277186.020457 2111339.249873 88.107515 139 69 19
276928.630029 2111067.584673 57.355004 34 139 34
276813.351385 2110792.926863 75.736018 139 69 19
277215.648048 2110830.928613 152.983967 34 139 34
277676.648726 2111597.181073 170.685261 34 139 34
277521.245230 2110730.525364 224.258695 34 139 34
277437.061363 2110954.951260 178.831248 34 139 34
276982.842242 2110954.777817 99.108350 34 139 34
277268.198378 2111123.936504 129.668105 34 139 34
277521.185048 2111413.910633 148.545051 139 69 19
276889.890183 2110742.911039 92.860378 34 139 34
277533.689421 2111241.469098 191.709324 34 139 34
277246.865352 2111035.296296 137.588923 139 69 19
276815.369204 2110856.544522 90.825884 139 69 19
276756.447011 2111177.335999 17.118071 139 69 19
277620.896769 2110953.698656 220.143054 34 139 34
276768.435753 2110904.535279 70.121846 139 69 19
276875.576817 2110861.909517 79.509122 139 69 19
276781.052113 2111347.243786 5.194534 139 69 19
277527.138427 2111629.282481 141.446823 139 69 19
277595.227479 2111579.138680 148.790263 139 69 19
276816.733835 2111274.191213 4.019499 139 69 19
277544.415718 2110669.299000 231.696765 139 69 19
277110.402866 2111402.346385 59.942404 34 139 34
277649.896206 2110948.343561 244.046921 139 69 19
276676.608873 2110801.301496 54.395256 139 69 19
277604.155173 2111335.119250 186.872849 34 139 34
276954.428325 2111730.847017 -7.064343 139 69 19
277648.575287 2110936.053569 235.260734 34 139 34
277395.338467 2111215.798820 151.418545 34 139 34
277183.236222 2111661.781963 53.347342 34 139 34
277408.134316 2111445.109970 127.256502 34 139 34
276737.592195 2111257.137358 -6.716162 34 139 34
277266.684027 2111346.879628 94.359606 139 69 19
277092.403278 2111283.116764 69.995692 34 139 34
276838.796105 2111047.291546 50.329658 139 69 19
276835.376898 2110977.976200 72.477220 139 69 19
277417.987017 2111556.338278 115.236817 139 69 19
277308.276079 2111068.831567 156.773575 34 139 34
277230.058130 2110795.796179 164.443671 34 139 34
276876.239796 2111689.380853 7.451902 34 139 34
277130.551680 2110706.220892 149.457318 34 139 34
277165.643744 2111001.417128 117.233588 139 69 19
277388.062363 2111456.508939 115.975539 34 139 34
277298.695402 2111608.457789 78.451391 139 69 19
276961.687667 2111166.779733 76.752545 139 69 19
276748.600172 2110989.417996 37.216811 139 69 19
276757.982126 2111464.466818 -22.780631 34 139 34
277430.521343 2110674.374482 213.791457 139 69 19
277621.794471 2111386.452707 168.359535 139 69 19
277034.523689 2110915.236619 102.709732 139 69 19
277241.816169 2111636.647314 80.046922 139 69 19
277024.514785 2111663.767655 23.726047 139 69 19
276861.193137 2111394.798923 22.792541 34 139 34
277041.945750 2111236.334445 72.824748 139 69 19
276994.618903 2111446.833905 19.933288 139 69 19
277129.961556 2110908.840685 137.089117 139 69 19
277236.113060 2111715.416036 69.230442 139 69 19
277671.234251 2110988.110305 228.616089 139 69 19
277455.948810 2110893.000482 177.832632 34 139 34
277428.603374 2110619.335701 211.360809 139 69 19
277295.550013 2110640.632150 187.099637 139 69 19
277041.645505 2110965.765996 128.106262 139 69 19
277216.824631 2111067.903677 110.500286 34 139 34
276946.553048 2110688.150469 128.772084 34 139 34
277223.282618 2111694.198767 59.125601 34 139 34
277743.294593 2111331.383085 206.417703 34 139 34
277153.377119 2111295.424292 94.102298 34 139 34
277535.358661 2111021.980388 180.648198 139 69 19
277120.574284 2111573.064484 61.483319 34 139 34
277238.276792 2110937.068791 155.349462 139 69 19
276870.635505 2111149.062641 39.320751 34 139 34
277193.718290 2111402.867482 93.311438 139 69 19
277019.340674 2111283.086083 64.901024 139 69 19
277322.888633 2111194.457127 153.199724 34 139 34
277157.634702 2111426.493598 78.788118 34 139 34
276900.050680 2111371.645425 33.099177 139 69 19
277485.392273 2110599.492538 224.423483 139 69 19
277690.573271 2111069.431981 205.150396 139 69 19
277203.223368 2110838.723517 137.567821 34 139 34
277767.725903 2111347.349853 193.778714 34 139 34
277503.719253 2111069.589911 209.103416 139 69 19
277602.732494 2110921.817329 208.598256 34 139 34
277611.610039 2111071.273061 209.666738 34 139 34
276719.529396 2110889.970575 38.227349 139 69 19
277143.452882 2110879.601540 121.881055 139 69 19
277125.748700 2111202.447863 98.189573 139 69 19
277581.800681 2111051.444967 187.965060 139 69 19
277133.993586 2111555.209221 59.092645 34 139 34
276937.243927 2111060.530228 70.311533 139 69 19
276851.374963 2111250.863055 23.107346 34 139 34
277646.213582 2111032.558921 220.293624 139 69 19
276794.753713 2111402.151837 -2.358985 34 139 34
276902.301672 2110777.980449 115.170372 139 69 19
277149.165190 2110984.871115 104.776200 34 139 34
276856.687653 2111034.609896 43.238257 139 69 19
277125.904834 2111711.725760 36.685502 139 69 19
277683.770090 2111509.969778 161.346084 34 139 34
277257.051935 2111377.614360 90.373875 139 69 19
277122.101926 2110670.974229 139.663752 34 139 34
276703.568645 2110886.722918 60.634452 34 139 34
277017.064084 2111003.022675 92.045841 139 69 19
277605.542912 2111016.184298 214.562222 139 69 19
277168.193799 2111490.207237 74.902617 34 139 34
277635.151090 2111478.582388 197.265200 139 69 19
276850.251338 2111763.968409 -19.924484 139 69 19
277584.788321 2111022.111888 199.327833 139 69 19
276945.151960 2110928.837436 84.994910 34 139 34
276793.448497 2111570.526454 -20.023035 34 139 34
276803.265520 2111032.848122 48.802725 34 139 34
277023.948279 2110889.765800 114.021706 139 69 19
276787.121030 2111233.400382 7.789462 139 69 19
276820.492837 2111609.961443 -19.219646 139 69 19
277430.160635 2110965.809775 177.281036 34 139 34
277020.802897 2111645.377267 20.995811 34 139 34
276745.845767 2111167.814777 2.866412 139 69 19
277076.338273 2111585.168731 36.594653 34 139 34
277567.421075 2110661.885432 240.929433 139 69 19
277416.713227 2111033.138085 165.917464 139 69 19
276647.732046 2110788.584375 28.509183 139 69 19
277117.397505 2111385.789628 60.748629 34 139 34
276748.875351 2111391.986889 23.220380 139 69 19
277567.797056 2110575.271006 246.174989 139 69 19
276912.625274 2111183.634155 67.961658 139 69 19
276780.676805 2110986.545637 37.443596 34 139 34
276794.980919 2110865.801461 65.225147 34 139 34
277694.877935 2111419.944406 167.131621 139 69 19
277608.831831 2110872.983485 227.562859 139 69 19
276975.929339 2110879.405601 98.681023 34 139 34
277390.757472 2111523.216120 118.446821 139 69 19
277523.039816 2110670.045336 210.737173 34 139 34
276856.276288 2111060.991060 67.457783 34 139 34
277648.907551 2110931.446447 230.972429 34 139 34
277083.070778 2111588.611366 37.502666 34 139 34
277158.086969 2111042.039150 121.835060 34 139 34
277410.957110 2111164.960814 145.059585 139 69 19
277151.805880 2111527.211810 77.564494 139 69 19
277261.082831 2111368.577207 104.758265 139 69 19
276979.017930 2111388.789652 56.331882 139 69 19
277705.653112 2111586.558684 189.256081 34 139 34
277544.402549 2111077.143609 201.999031 139 69 19
276667.236943 2110968.269509 30.094623 139 69 19
277545.193767 2110810.136487 207.803548 139 69 19
276929.489538 2111324.417120 24.256993 34 139 34
276961.116424 2111505.358759 12.499670 139 69 19
276968.255979 2110765.538724 93.189852 139 69 19
276999.542893 2110831.303193 109.627744 139 69 19
277011.580298 2111341.310435 68.174925 34 139 34
277355.273273 2111678.870244 91.619153 34 139 34
277341.027459 2110777.254487 185.860170 34 139 34
276922.850263 2111280.142449 53.024070 34 139 34
276927.021830 2111438.752963 13.625912 34 139 34
277587.149408 2111072.066831 187.245676 139 69 19
277318.793434 2110666.949829 188.392448 34 139 34
277416.693860 2111433.671526 125.960706 139 69 19
277027.712858 2111743.392974 17.973764 34 139 34
277388.398840 2111035.048127 174.788941 34 139 34
277532.793763 2110986.173814 207.282718 34 139 34
277632.001030 2110832.561975 251.933516 139 69 19
276951.002877 2111188.386307 54.154032 34 139 34
277082.798211 2111383.987927 73.621803 34 139 34
277338.752163 2111362.796875 145.602157 139 69 19
277117.181389 2111149.101901 80.481359 139 69 19
277458.492830 2110748.060163 226.095929 34 139 34
277203.470560 2111294.186640 103.774329 34 139 34
276655.063746 2110751.748824 36.319730 139 69 19
276921.042574 2110718.372693 101.397085 34 139 34
277243.908398 2111642.464231 68.001833 34 139 34
277541.142275 2110862.677364 200.345266 34 139 34
277294.613271 2111185.536290 126.670592 34 139 34
277244.777642 2111285.913678 131.078487 34 139 34
277608.301731 2111236.100075 181.926981 139 69 19
276781.359794 2110895.488438 41.675289 34 139 34
276814.031324 2111590.922614 -6.539268 34 139 34
276936.374188 2111572.853825 8.803657 139 69 19
277112.994940 2110963.985171 121.278368 139 69 19
277294.818094 2111672.287120 86.501005 34 139 34
277509.895450 2111247.490810 170.103314 34 139 34
276905.957442 2111151.597592 42.249442 34 139 34
277556.002109 2111153.114934 191.133287 34 139 34
277358.809044 2110904.834889 161.020386 139 69 19
277240.626051 2111143.713650 127.240324 139 69 19
277555.698218 2111236.465625 185.694915 139 69 19
276811.077685 2111592.081294 -2.050577 34 139 34
277668.097794 2111343.299378 173.895448 139 69 19
277581.515969 2111351.298205 164.291932 34 139 34
276957.263380 2111008.389083 79.233903 34 139 34
276889.147731 2111474.599794 -0.834036 34 139 34
277609.615207 2110828.365002 213.144752 139 69 19
277130.237592 2111092.028743 91.807836 34 139 34
276749.691680 2111254.114194 3.001813 139 69 19
277516.399077 2111305.488832 176.665904 139 69 19
277512.103362 2110666.979053 212.517886 139 69 19
277533.847143 2111115.648632 178.487908 139 69 19
277395.231759 2111177.516183 161.054334 139 69 19
277311.040777 2111345.322782 107.303105 34 139 34
277548.668223 2111373.474608 166.946775 34 139 34
277354.323258 2111218.992069 138.900980 34 139 34
277273.314827 2111424.690711 110.042896 34 139 34
276797.088275 2111731.165011 -49.144410 34 139 34
277525.417237 2111038.077563 206.416207 139 69 19
277558.093206 2111379.201673 145.793422 139 69 19
277039.901659 2111075.305418 83.386634 139 69 19
277522.464840 2110780.320807 219.843002 34 139 34
277364.651358 2111521.417551 109.588729 34 139 34
277186.825359 2111171.430249 94.133388 139 69 19
277337.959495 2111059.688580 149.770574 34 139 34
277175.377153 2110840.970964 136.859307 34 139 34
277624.402674 2111372.663426 188.934025 139 69 19
276800.976460 2111144.128323 20.843012 139 69 19
277072.684611 2111469.594223 75.551681 139 69 19
277120.338875 2110822.290158 123.880907 139 69 19
276679.978615 2110925.661954 25.462776 139 69 19
277460.352822 2111090.753885 195.725265 34 139 34
277172.725942 2111639.477267 57.498162 34 139 34
277353.622669 2111162.106546 148.738564 139 69 19
277603.165538 2111618.054877 119.970710 34 139 34
277580.372769 2111159.409639 194.447328 34 139 34
277298.879273 2111237.792625 139.591340 139 69 19
276945.101920 2111759.057114 9.572781 139 69 19
276911.254397 2111689.798253 -10.044451 34 139 34
276859.921478 2111397.151772 20.864380 139 69 19
277498.025536 2110727.418742 228.642408 139 69 19
277048.830818 2111577.776725 31.578552 34 139 34
276628.577161 2110950.436282 10.618098 139 69 19
277458.370404 2111499.272615 141.552324 139 69 19
277316.748188 2111215.181036 115.095144 34 139 34
277429.197750 2111112.885368 162.014350 34 139 34
277206.003970 2110761.069470 150.893888 139 69 19
277125.854032 2111539.614133 44.314791 34 139 34
277219.296270 2111564.591207 63.064814 139 69 19
277793.604251 2111433.855811 203.599759 34 139 34
276849.857375 2111221.841682 32.618036 34 139 34
277074.264221 2111568.848543 44.187206 139 69 19
277442.523429 2110750.698242 191.053718 34 139 34
276709.491351 2110900.300603 60.193010 139 69 19
277700.045998 2111578.100080 183.709884 139 69 19
277582.357739 2110599.460525 259.350508 139 69 19
277065.602298 2110698.912790 149.815363 34 139 34
277040.814553 2111148.508019 88.554003 34 139 34
277777.745339 2111447.485813 192.162560 139 69 19
277197.806657 2111175.267719 117.119034 34 139 34
276898.712465 2111253.017123 54.933489 34 139 34
277161.357664 2110967.426523 139.488185 34 139 34
277534.385730 2111141.438075 175.730890 34 139 34
276708.236573 2110852.446765 58.872843 34 139 34
277592.458124 2110896.362551 226.951371 139 69 19
277412.148553 2111318.776146 138.976988 139 69 19
277389.383518 2110977.632808 165.951931 139 69 19
277595.496006 2110845.738467 249.220441 139 69 19
277203.515109 2111317.977916 93.814506 139 69 19
277665.783012 2111577.159308 168.029145 139 69 19
277266.213908 2110807.303074 167.735844 139 69 19
277116.765216 2111445.518680 43.993735 34 139 34
277435.005420 2110846.878624 197.230275 34 139 34
277021.478286 2111286.411036 59.254525 139 69 19
277357.941765 2111321.338138 117.763394 139 69 19
277056.862833 2111475.264362 49.526009 34 139 34
277010.623410 2111602.170755 34.085985 139 69 19
276962.110320 2111710.067507 3.969606 34 139 34
277395.268039 2110928.420935 180.560173 139 69 19
277185.746514 2111010.012162 100.871384 34 139 34
277676.714781 2111368.904091 206.685494 34 139 34
277636.863127 2111620.680476 151.988207 34 139 34
277619.292244 2110810.701653 235.783552 34 139 34
277323.147242 2110925.479325 163.132497 139 69 19
277079.998308 2110693.046221 150.704781 139 69 19
277331.988841 2111197.179017 144.838599 34 139 34
276749.868734 2111138.726774 29.832417 34 139 34
276679.254196 2111138.629727 20.146215 139 69 19
276874.956534 2111191.728780 49.885774 34 139 34
277208.807101 2110686.458726 147.182374 34 139 34
277493.567814 2111431.826474 154.437320 139 69 19
277223.984155 2111646.956698 56.806672 34 139 34
277514.281886 2111397.107241 146.366574 34 139 34
277346.301104 2111210.814482 146.105021 34 139 34
276717.971563 2110846.092460 49.444559 139 69 19
277641.365838 2111554.341310 172.315976 139 69 19
277332.194667 2110962.015376 150.111826 34 139 34
276902.970894 2111018.001394 48.816177 34 139 34
277394.386779 2110701.055771 189.641794 139 69 19
276863.592658 2110702.340874 102.552564 34 139 34
277679.710411 2111154.636847 209.638118 34 139 34
277043.124736 2110683.644571 133.109403 34 139 34
277545.282556 2110740.143146 232.023391 139 69 19
276941.916319 2110872.743492 105.054820 34 139 34
277717.326064 2111486.231383 193.388379 34 139 34
277019.926124 2110829.178335 112.575431 139 69 19
276768.047885 2110847.473492 57.805978 34 139 34
276692.481632 2111036.419967 25.211075 139 69 19
276725.676345 2110901.497640 32.261457 34 139 34
277571.524229 2111078.136872 191.986232 34 139 34
276740.743542 2111229.043206 11.454076 139 69 19
277609.407006 2111550.819600 152.168183 34 139 34
277458.341320 2111437.549146 156.201782 139 69 19
276970.238135 2111629.490939 11.461963 139 69 19
277498.507742 2111062.113654 182.550217 34 139 34
277335.750480 2110710.314479 185.169129 139 69 19
276652.945724 2110895.069622 28.112004 139 69 19
277359.976384 2110835.195581 191.816151 139 69 19
277252.619966 2111523.806963 68.204829 139 69 19
276714.573554 2111169.160454 26.521465 34 139 34
276845.458599 2110871.628802 70.654306 34 139 34
277169.437067 2111454.787891 73.260672 139 69 19
276895.781352 2111700.134604 8.566028 139 69 19
276845.266025 2111475.571697 11.264609 34 139 34
277143.515696 2110812.002683 143.496607 139 69 19
277296.017670 2111006.303794 156.079992 139 69 19
277314.864711 2111047.678262 146.061358 139 69 19
277596.649060 2111246.978483 195.713601 139 69 19
276976.317196 2110932.506573 108.905963 34 139 34
276874.765296 2111602.522799 -12.304811 139 69 19
277052.332543 2111682.727290 32.970755 34 139 34
277215.522713 2110656.910437 169.465431 139 69 19
277252.658795 2111395.578416 105.074115 34 139 34
276912.452367 2110854.289503 75.082440 139 69 19
277268.596331 2111568.419964 99.614691 34 139 34
277093.033758 2110824.965773 135.396305 34 139 34
276732.266079 2111013.127375 34.075863 34 139 34
277417.006965 2110825.326173 206.260138 34 139 34
277484.219935 2110793.857877 222.534489 34 139 34
276801.264526 2111449.407345 29.659224 139 69 19
276835.133872 2111584.125981 -17.016675 139 69 19
277470.543365 2111474.362104 124.305253 34 139 34
276718.501641 2111164.867655 2.566484 34 139 34
276835.089416 2111776.828571 -46.369566 34 139 34
277488.552864 2111168.895098 182.662200 34 139 34
276797.602370 2111262.379766 26.153782 34 139 34
277029.831522 2111358.045929 64.114098 34 139 34
277474.307894 2111384.317272 126.978095 34 139 34
277110.492668 2111159.612588 103.140903 34 139 34
277294.129569 2110653.971232 187.751109 139 69 19
277370.890017 2110703.430375 188.964796 34 139 34
276702.866162 2111252.123841 17.648493 34 139 34
277005.533393 2111503.801840 40.598664 34 139 34
277217.334733 2110862.533373 147.358325 34 139 34
277261.948333 2110910.885912 157.435356 34 139 34
277745.572668 2111171.265450 206.094496 139 69 19
277590.262620 2110840.134071 221.966314 34 139 34
276819.200140 2110829.621928 66.220713 34 139 34
277208.179365 2111197.133436 98.996172 34 139 34
276793.995802 2110965.516640 52.807506 139 69 19
277667.070465 2110811.847982 234.631748 34 139 34
277180.667400 2110836.186215 145.831625 34 139 34
276987.341597 2110855.117278 86.951935 139 69 19
277410.199641 2110819.539526 210.431556 34 139 34
277605.992396 2110936.642363 239.553727 139 69 19
277572.936770 2111573.200392 152.501603 34 139 34
276940.995667 2111551.535264 13.317923 139 69 19
277382.112116 2111399.596344 142.674636 139 69 19
277409.141332 2111040.652817 181.451199 34 139 34
277593.057639 2110631.626005 261.131468 139 69 19
277036.536408 2110854.234252 113.942418 34 139 34
277104.507932 2110653.737737 135.896206 139 69 19
277201.056545 2111723.632705 71.592629 34 139 34
277388.677794 2111013.966866 175.607896 34 139 34
277071.174533 2110668.855454 132.695552 139 69 19
277007.718917 2111647.363590 32.088758 139 69 19
277100.280669 2111550.244564 53.657514 139 69 19
276861.946671 2111503.669520 0.180356 139 69 19
276827.160299 2110860.395100 64.446678 34 139 34
277203.013920 2111626.455570 75.947892 139 69 19
277104.615219 2111631.652315 31.691680 34 139 34
277283.053717 2111249.141647 128.800000 139 69 19
277689.950367 2110927.523934 248.442211 139 69 19
277655.307068 2110870.171469 246.754772 34 139 34
277400.967102 2111187.738289 160.219482 139 69 19
277531.636283 2111346.799884 158.815283 139 69 19
277673.346127 2111267.826658 229.885357 34 139 34
276835.078340 2111715.849396 -16.258431 139 69 19
277077.394350 2111460.671427 76.579689 34 139 34
277358.353789 2111460.667842 106.314627 139 69 19
277231.039051 2111547.491974 96.796820 139 69 19
277446.500610 2111160.767669 163.233230 34 139 34
277650.882901 2110970.646855 228.495863 139 69 19
276973.660074 2111640.842519 -2.058010 34 139 34
276818.274701 2110706.189388 82.369174 139 69 19
276687.895308 2110728.519019 47.874805 34 139 34
277157.021195 2111367.958800 91.726935 139 69 19
277071.783992 2111350.028860 56.648086 139 69 19
276982.186665 2110786.169741 113.675946 34 139 34
277537.374855 2111598.573982 136.811829 34 139 34
276894.673692 2111300.146608 39.665422 139 69 19
276803.433929 2111789.055780 -26.003492 34 139 34
277441.431904 2110850.217600 195.740945 34 139 34
277351.890216 2110915.640541 169.770891 139 69 19
277730.480181 2111188.614893 235.031022 34 139 34
276968.844586 2111446.226235 32.556616 34 139 34
277006.659972 2110917.428593 102.320310 34 139 34
276979.822854 2111057.960881 79.150348 34 139 34
277414.748897 2111060.175490 184.989801 139 69 19
277401.409007 2111085.800444 165.794572 139 69 19
277501.610736 2111258.734584 173.831025 34 139 34
277682.552674 2110959.237459 258.446357 34 139 34
277641.823094 2111007.298274 228.109857 34 139 34
276907.944722 2111585.984039 -16.605243 34 139 34
277025.711973 2111125.571082 93.466583 34 139 34
277328.716465 2110899.987298 175.059433 139 69 19
277602.465836 2110662.308341 253.333382 34 139 34
276806.629533 2110850.582444 41.629423 139 69 19
277154.413760 2111640.528687 57.860655 139 69 19
277421.543841 2111180.080909 166.815172 34 139 34
276929.288079 2111692.324111 -0.396066 34 139 34
277315.078213 2111636.990819 93.222070 34 139 34
277671.000342 2110896.935554 203.312996 34 139 34
277499.204125 2110810.990136 234.784574 139 69 19
276830.114951 2111256.375741 39.721138 34 139 34
277619.532915 2111285.541130 186.628869 139 69 19
276707.483074 2110788.901216 49.411155 34 139 34
277286.693191 2111116.863011 138.381751 34 139 34
276996.572732 2111305.458301 53.403925 139 69 19
277747.039884 2111433.933125 198.506765 34 139 34
277487.523244 2110594.523811 230.613052 139 69 19
277210.824348 2110911.990855 135.403500 34 139 34
276663.156024 2111024.342102 7.969527 34 139 34
277282.456407 2111135.672869 137.627919 34 139 34
277124.462412 2111589.190137 57.411958 139 69 19
276860.926902 2111776.394010 -23.072911 139 69 19
277378.312024 2111528.512552 106.707535 34 139 34
277697.184278 2111083.933617 232.320157 34 139 34
277257.865237 2111162.262937 135.040389 139 69 19
277237.857621 2111158.126457 115.984858 139 69 19
277119.852365 2110929.361737 122.311415 139 69 19
277069.214242 2110665.720097 132.704113 34 139 34
277693.998366 2111027.846046 219.515571 34 139 34
277216.038311 2111385.137135 100.067902 139 69 19
277766.262088 2111423.839690 204.239386 34 139 34
277449.757517 2111328.589864 132.530405 139 69 19
277625.886085 2111585.613476 148.401978 139 69 19
277689.830863 2111559.200757 175.990676 139 69 19
277116.123921 2110937.742524 132.493975 139 69 19
276946.724188 2111314.734266 43.944691 34 139 34
277314.555379 2111702.417944 76.294816 34 139 34
277689.065248 2111303.952653 194.492242 139 69 19
276983.239729 2111722.601960 12.447504 34 139 34
277280.291227 2111209.588329 120.275402 34 139 34
276936.576734 2110739.814297 98.748407 139 69 19
276659.046185 2110954.095197 7.598755 139 69 19
277200.610829 2110789.496708 155.324180 139 69 19
277465.791813 2111662.211430 123.469150 139 69 19
276883.136401 2111333.152436 16.445963 34 139 34
277384.594614 2111638.645307 85.485262 139 69 19
277207.352228 2110995.386068 132.728215 139 69 19
277463.028964 2111412.245237 159.181156 139 69 19
277019.756668 2111561.630314 30.113982 139 69 19
277594.595823 2111567.079392 155.905474 34 139 34
276926.329136 2110873.453380 94.914707 139 69 19
276841.491283 2110935.431230 75.361603 139 69 19
276661.050255 2111098.109799 -1.239368 139 69 19
277462.034954 2111177.017769 153.938851 139 69 19
277652.611859 2111539.897329 154.636357 139 69 19
277071.152554 2110762.428401 123.916060 139 69 19
277282.404812 2111421.197014 113.422223 139 69 19
277008.259704 2110719.547267 121.249211 34 139 34
277214.351902 2111065.412957 146.864433 139 69 19
277430.199103 2110677.457079 221.504557 34 139 34
277033.736493 2110912.761055 104.247960 34 139 34
277238.382127 2111007.291321 133.193040 139 69 19
277295.261856 2111021.789859 139.081555 34 139 34
276729.292107 2111240.002486 -4.756385 34 139 34
276917.868854 2110864.037537 109.707949 34 139 34
277727.550567 2111558.263076 179.202809 139 69 19
277640.113235 2110789.623583 262.522322 139 69 19
277774.905505 2111369.214554 187.059149 139 69 19
277335.867121 2110989.482248 148.630865 34 139 34
276876.611848 2110741.510686 83.963592 139 69 19
277570.566767 2110735.794311 228.325059 139 69 19
276818.098696 2110784.555687 79.673872 139 69 19
277401.760535 2111159.314742 167.283179 34 139 34
277321.416194 2110976.623528 173.777839 34 139 34
277472.564173 2111233.412312 177.040981 139 69 19
277533.683374 2110933.527607 200.830001 34 139 34
277026.273879 2110682.319626 128.176910 139 69 19
276744.055663 2110861.818083 35.914483 34 139 34
276683.638703 2111143.672790 18.321109 34 139 34
277114.295261 2111422.116854 56.265988 139 69 19
277489.773648 2111564.448939 116.984810 139 69 19
277091.565287 2111433.584069 51.114380 139 69 19
276975.622660 2111165.029767 58.604057 34 139 34
276990.048484 2111413.024022 43.504699 139 69 19
277541.751447 2110936.282048 228.408775 139 69 19
276649.868519 2110995.419013 1.777588 139 69 19
276842.951088 2111434.791654 14.587728 34 139 34
277282.699932 2110691.490530 166.575306 139 69 19
276872.278995 2111472.878199 28.743339 139 69 19
276964.085143 2111577.457050 9.241788 34 139 34
276963.386674 2111427.858284 30.779804 34 139 34
277626.344195 2111619.224803 157.598125 34 139 34
277434.429268 2111135.772897 167.325545 139 69 19
276972.878914 2111030.589584 68.901440 139 69 19
277634.941366 2110749.649260 271.832148 34 139 34
276849.344984 2111704.252693 -3.774132 34 139 34
277479.619745 2111604.566884 115.680669 34 139 34
277581.959844 2111520.878998 167.114945 139 69 19
277592.903896 2111309.609163 168.167834 34 139 34
277057.696969 2111133.730981 86.746673 139 69 19
277073.883775 2111443.218786 66.076745 34 139 34
277057.088959 2111131.073737 92.458998 34 139 34
276866.074817 2111352.098083 12.120098 139 69 19
277617.506825 2110635.951733 243.316755 139 69 19
277399.699197 2111630.896421 103.041647 34 139 34
277205.522081 2111500.984343 60.943132 139 69 19
277132.081432 2111275.119357 88.512590 34 139 34
277130.377343 2110755.594195 151.216096 139 69 19
276998.139587 2110738.662863 115.868594 139 69 19
276757.375436 2111421.629230 -11.360132 34 139 34
277566.724465 2111450.517128 165.191060 34 139 34
277581.070354 2111101.703702 213.507294 139 69 19
277397.941865 2111257.273593 160.593657 34 139 34
277005.403153 2111751.002996 1.183433 34 139 34
277072.493472 2111676.268298 29.098069 139 69 19
277025.216286 2111060.059640 76.761028 34 139 34
277162.148496 2111500.586614 64.568675 34 139 34
277568.611340 2110968.432117 204.089715 139 69 19
276946.402360 2111629.851036 12.197391 139 69 19
277576.149150 2111305.762023 185.969519 34 139 34
276894.223747 2111057.122093 47.547703 139 69 19
277040.807519 2111440.359875 57.144824 34 139 34
276785.498205 2111248.691636 30.346060 139 69 19
277384.789109 2111062.355742 157.613328 34 139 34
276705.204423 2110799.298696 39.331633 34 139 34
277149.594271 2111396.544133 85.073484 139 69 19
276755.203499 2111359.810018 -6.277240 34 139 34
276974.344147 2111437.092827 35.406144 139 69 19
276774.796752 2110731.344909 107.167924 34 139 34
277452.433507 2111308.401799 133.668120 34 139 34
276974.795334 2111474.104018 30.671774 139 69 19
277141.386271 2111309.891992 105.524055 139 69 19
277508.933270 2110953.156132 196.327323 139 69 19
277120.144514 2111693.619454 54.813235 34 139 34
276747.360274 2111363.690473 9.231811 139 69 19
277166.966759 2111147.650455 104.793717 34 139 34
277378.100562 2110751.512515 177.340577 34 139 34
276795.828734 2111204.236084 42.449512 34 139 34
276941.379156 2111001.359689 95.189541 34 139 34
277333.624859 2111608.528120 80.831813 34 139 34
276714.086120 2111324.949520 -12.283299 34 139 34
277554.243510 2111460.021757 174.048218 34 139 34
277534.628133 2111160.068023 197.118273 34 139 34
277127.037546 2111371.662330 74.665990 34 139 34
277558.871519 2110876.750142 222.214689 34 139 34
277096.778766 2111532.514400 60.921384 139 69 19
277244.081206 2111253.667091 120.249172 34 139 34
276728.397303 2110809.667739 54.358603 34 139 34
277461.959165 2111224.522680 163.012328 34 139 34
276813.750133 2111560.693068 -37.014192 139 69 19
277555.499707 2110666.602239 228.984246 139 69 19
276749.489630 2110766.827848 65.073837 34 139 34
277071.047523 2111034.980108 82.400083 139 69 19
276597.274758 2110794.410810 22.385859 34 139 34
276839.855869 2111079.043040 34.986595 34 139 34
276875.169910 2111634.098686 -2.665664 139 69 19
277085.347119 2111489.722710 52.169355 34 139 34
276709.728987 2111259.934367 16.989633 139 69 19
277617.028754 2110921.993422 208.406988 139 69 19
277629.000512 2111315.229744 188.687434 34 139 34
276946.527482 2111224.096981 64.202123 34 139 34
276943.770585 2111048.286246 80.176713 34 139 34
277317.814043 2110916.046725 163.342011 139 69 19
277419.411108 2111002.092165 186.870815 34 139 34
277180.440244 2111271.373796 107.527636 139 69 19
277595.112673 2111029.133590 207.344287 34 139 34
277167.270866 2111304.527485 109.430394 34 139 34
277356.174129 2111242.441133 136.555916 34 139 34
276830.926968 2111455.463669 21.139512 139 69 19
277230.315474 2110952.025432 144.867986 139 69 19
276967.128256 2111184.287934 67.518462 34 139 34
277027.644786 2110731.815449 152.503360 34 139 34
277714.674909 2111619.559778 166.947728 139 69 19
277080.425756 2111175.921597 84.523050 139 69 19
277255.445411 2111217.996135 124.279764 139 69 19
277221.400074 2110698.301964 165.901405 34 139 34
277577.608453 2111412.689208 165.227746 139 69 19
277640.736375 2111386.559713 178.280768 34 139 34
276793.145620 2111408.768189 5.104886 139 69 19
276779.705247 2111374.090211 23.193020 34 139 34
277642.628454 2110885.816892 248.415800 34 139 34
277096.884737 2110986.962474 128.802496 139 69 19
277312.459815 2111481.402909 75.623193 34 139 34
277472.661563 2111649.984862 126.307827 139 69 19
277009.789567 2111062.952201 76.975213 139 69 19
276894.699722 2111689.900556 -9.197900 34 139 34
277700.319047 2111138.350900 215.796332 34 139 34
277471.909316 2111377.293268 162.793410 139 69 19
277591.764371 2111449.150730 160.487402 34 139 34
276784.424436 2111164.910264 10.221175 34 139 34
277176.751971 2111388.559167 87.355967 34 139 34
277293.734939 2110797.920455 159.451911 34 139 34
277482.376648 2111003.370164 179.346363 139 69 19
276694.763802 2110985.257404 26.260016 34 139 34
276895.659092 2111704.199767 -6.474346 139 69 19
276959.278887 2111164.563389 63.903428 34 139 34
277417.331559 2111097.323095 162.076708 34 139 34
277290.796283 2111654.527342 65.819382 139 69 19
277756.472271 2111426.920263 203.182675 139 69 19
277210.584204 2110844.915244 139.916593 139 69 19
277037.995633 2111744.056808 29.857687 139 69 19
276808.919630 2110745.165120 79.849617 34 139 34
277162.997615 2111012.179366 131.803040 34 139 34
277464.552212 2110723.194625 219.967331 139 69 19
277087.850882 2110844.375819 100.070633 139 69 19
276978.376927 2111464.952270 30.726305 34 139 34
277150.647706 2110996.314854 118.932467 139 69 19
277616.649793 2111560.995580 158.296505 34 139 34
277395.088486 2111120.669979 142.217679 34 139 34
277178.706627 2110954.450336 124.373059 34 139 34
277515.481437 2111100.864361 191.818783 139 69 19
277031.686282 2111619.198430 39.173354 139 69 19
277173.339006 2110786.688759 144.958401 34 139 34
277107.107232 2110877.112106 111.059205 34 139 34
276686.159395 2111202.837069 2.644240 34 139 34
277636.429698 2110732.609251 260.703922 34 139 34
277546.366512 2111089.601548 185.846199 139 69 19
277493.730623 2111030.308398 204.605553 139 69 19
277108.474854 2111074.906968 95.485896 139 69 19
277449.757214 2111605.284451 111.727599 139 69 19
277064.145850 2111731.969006 15.008180 139 69 19
276787.949401 2111238.939562 45.290392 34 139 34
277550.630631 2111316.682564 167.206876 139 69 19
277395.616305 2111194.841323 128.939008 139 69 19
276782.551081 2111674.372635 -40.227562 139 69 19
276887.863831 2111640.711699 0.966304 139 69 19
277699.814138 2111093.709529 227.980939 139 69 19
276948.728839 2110704.029959 113.801847 34 139 34
277163.384405 2111034.574268 119.255577 34 139 34
277297.845387 2111017.757550 136.019248 139 69 19
277186.881739 2111545.885109 63.187172 34 139 34
277506.732269 2111559.030929 135.319099 34 139 34
276653.714017 2110742.184745 36.827694 139 69 19
277368.422724 2111692.026545 96.197237 34 139 34
277001.262200 2111398.703660 47.763770 34 139 34
277457.338041 2111119.021517 169.377452 139 69 19
276968.659205 2111742.409822 3.076731 34 139 34
276912.641422 2111768.621211 -26.540532 139 69 19
277593.378606 2110763.310689 246.931309 34 139 34
277040.957905 2111304.426032 54.486252 139 69 19
276733.906395 2111488.937152 -10.852366 139 69 19
277118.354011 2111461.415097 69.178429 34 139 34
277500.576631 2111644.747416 127.676927 139 69 19
277658.936688 2111437.806433 170.753362 34 139 34
277431.691297 2111402.892465 128.203020 34 139 34
276829.840920 2111756.644236 -29.264477 34 139 34
277581.727942 2110889.390874 224.005256 34 139 34
277308.095030 2110635.625808 203.232134 139 69 19
276980.630936 2111036.913883 78.592964 34 139 34
277188.486732 2110694.575180 138.106974 34 139 34
277647.070401 2111279.848934 199.996092 34 139 34
277755.819612 2111510.525574 186.513558 139 69 19
276827.077350 2111385.739897 12.382361 34 139 34
276626.302300 2110895.299144 33.089596 139 69 19
276777.099751 2111484.744428 -22.227138 139 69 19
277629.507838 2111065.266042 217.277808 139 69 19
276872.189358 2111575.552893 13.310773 34 139 34
277742.648584 2111340.497856 188.766946 34 139 34
276891.560935 2111556.903054 -1.770703 34 139 34
277334.897408 2111490.276891 99.581102 139 69 19
277367.475814 2111265.148811 118.962349 34 139 34
277347.767766 2110860.290181 182.838070 34 139 34
277121.054135 2111680.448016 59.169088 34 139 34
276757.007490 2110919.479555 47.998227 34 139 34
277723.202111 2111243.652659 217.287662 139 69 19
276636.051750 2110867.916787 38.753262 139 69 19
277595.482828 2111225.291798 189.800412 34 139 34
277285.027674 2111628.808006 68.833793 139 69 19
277766.539110 2111616.748208 190.626423 139 69 19
276973.375324 2111756.035742 0.765463 34 139 34
276898.868521 2111372.094487 27.463867 139 69 19
276800.603009 2110762.727818 76.826554 34 139 34
277552.611540 2110793.204890 217.637825 34 139 34
276831.700099 2111624.562165 -21.854957 34 139 34
277464.540789 2111505.835391 119.947406 34 139 34
277293.835925 2111477.828622 105.025117 34 139 34
277459.927410 2111217.325526 164.884555 34 139 34
277231.730357 2110696.212652 178.773912 139 69 19
277466.803409 2111499.981804 113.638620 139 69 19
277415.368193 2111375.600908 130.419883 139 69 19
277389.233536 2111459.568898 109.663754 139 69 19
276768.716641 2110840.826450 84.786654 34 139 34
277279.584604 2110699.666417 176.989447 34 139 34
277351.532025 2110623.048310 218.170960 34 139 34
276771.999309 2110732.165038 97.637787 34 139 34
277169.800658 2111445.794821 87.128271 139 69 19
276965.932495 2111731.994424 16.186608 34 139 34
277676.289122 2111377.251052 180.104436 139 69 19
277120.130348 2111256.560709 87.911390 34 139 34
277334.619822 2111627.334801 91.439523 139 69 19
277241.938619 2110935.186045 155.048674 139 69 19
277227.902264 2110913.063765 149.317357 139 69 19
277162.384049 2111287.817944 81.500851 34 139 34
276949.284877 2111652.636481 -4.542913 139 69 19
276640.709001 2110873.381293 41.986073 139 69 19
276795.975367 2110879.067372 74.640464 139 69 19
277642.974891 2111365.915123 191.143204 34 139 34
277241.058506 2110966.673006 145.252843 139 69 19
277075.539596 2110849.984903 115.939884 139 69 19
277050.866980 2110908.379367 111.925727 34 139 34
277153.630761 2111161.887957 108.370083 139 69 19
276904.896604 2111708.513974 -5.754151 139 69 19
277234.354707 2111635.519375 81.861985 139 69 19
276860.207413 2110718.656420 94.074452 34 139 34
276862.146265 2111067.479421 49.723010 139 69 19
276881.586778 2110762.099881 83.181673 139 69 19
277055.270670 2110841.093764 113.474926 139 69 19
277499.192013 2111063.387423 187.910593 34 139 34
276966.296201 2111187.096402 60.874805 139 69 19
277006.826539 2111349.601004 65.505926 139 69 19
277521.820829 2111611.669953 152.506189 34 139 34
276800.538348 2111112.947975 53.338171 34 139 34
276959.157853 2111540.538450 19.046053 34 139 34
277262.210447 2111209.416606 136.826910 34 139 34
276895.246657 2110752.286920 85.892186 34 139 34
276978.007100 2110985.237283 83.302805 34 139 34
277556.131762 2111188.081695 182.965594 34 139 34
277452.088852 2111439.729073 150.519125 139 69 19
277764.908075 2111423.955891 208.729143 139 69 19
277068.657506 2111175.009234 91.923467 139 69 19
277129.240076 2111333.416475 79.452772 34 139 34
276988.675510 2111653.640096 16.288306 34 139 34
277000.904700 2110947.457098 100.258742 139 69 19
277021.605403 2111117.421408 68.730621 34 139 34
277443.033511 2110757.274851 206.189814 34 139 34
277256.197817 2111607.584177 79.427018 139 69 19
276766.011253 2110902.784948 60.415814 139 69 19
277517.019534 2110920.340102 199.838450 139 69 19
276830.457206 2110984.097939 63.515301 34 139 34
277574.598591 2110878.571682 221.646673 139 69 19
277076.493840 2110801.440306 144.185863 139 69 19
277141.136433 2110894.871283 124.286661 34 139 34
276822.804941 2111499.395743 -2.966234 139 69 19
277497.320938 2111339.530566 155.404055 34 139 34
276779.085175 2111007.947725 36.533874 34 139 34
277394.506447 2111680.507936 101.505255 34 139 34
277349.201613 2111499.803593 109.349063 139 69 19
277440.222933 2110916.853211 186.936944 139 69 19
277583.676283 2111128.348277 184.309792 139 69 19
277405.061617 2110782.907118 214.766150 34 139 34
277463.622637 2111512.638700 136.600041 34 139 34
277331.170175 2111506.985828 109.752497 139 69 19
277261.301985 2111315.172059 109.769090 34 139 34
277386.666075 2111609.203135 99.811997 34 139 34
276772.354986 2111265.210387 4.165958 34 139 34
277490.611147 2111481.421942 146.485312 139 69 19
276790.198993 2111622.209146 -16.517835 34 139 34
277305.115847 2111325.703754 112.304250 139 69 19
277185.701514 2111155.161047 99.280505 139 69 19
277438.631834 2111330.657699 134.617695 34 139 34
276745.013169 2111538.362754 -11.301299 139 69 19
277072.195307 2111266.146132 82.841620 34 139 34
276657.090917 2110892.302752 12.987531 34 139 34
277324.384119 2110755.342688 177.333847 139 69 19
277161.328914 2111078.442411 118.250742 139 69 19
277280.553589 2110756.264624 169.086857 139 69 19
276819.538337 2111056.754680 55.152107 139 69 19
276763.793445 2111577.383020 -16.316349 34 139 34
276957.249618 2111009.304597 101.659674 34 139 34
276806.189377 2111368.299440 15.206446 34 139 34
277208.303200 2111469.315510 70.849780 139 69 19
277519.987134 2111553.266801 135.118331 139 69 19
277133.318530 2111061.252506 98.443111 34 139 34
277140.553459 2110877.888417 121.816159 34 139 34
277271.376879 2111142.964676 111.064253 139 69 19
277186.845361 2111599.793453 69.591588 34 139 34
277387.298001 2111468.446315 131.964542 139 69 19
276750.450492 2110781.156133 50.848881 139 69 19
277207.197605 2111390.289643 97.578352 139 69 19
277008.692360 2111690.795032 7.313170 34 139 34
276731.822383 2111226.477756 18.114296 34 139 34
277064.758147 2111607.246356 17.382158 139 69 19
277366.413067 2110935.957865 163.854334 139 69 19
277588.962612 2110642.967213 239.570274 139 69 19
276936.740144 2111581.736287 7.394647 139 69 19
276830.783565 2111381.965281 1.038892 139 69 19
276983.345143 2110861.616171 100.392326 139 69 19
277307.966454 2110782.087060 169.326518 34 139 34
277109.001688 2111684.861406 39.982650 139 69 19
276807.375054 2111761.587350 -37.969987 34 139 34
277346.484625 2110667.430103 197.962800 139 69 19
277776.411402 2111597.559134 183.160901 34 139 34
276867.234899 2111425.085927 33.811390 139 69 19
276773.635544 2111202.612673 20.575176 34 139 34
277545.330125 2111590.102483 152.854447 34 139 34
277459.961984 2111271.298563 141.855390 34 139 34
276899.376706 2111430.351205 29.088434 139 69 19
276870.795360 2111639.990167 -10.325758 139 69 19
277460.981133 2110587.411462 226.851368 139 69 19
277032.341125 2111001.325774 71.940961 34 139 34
277023.341048 2110698.209194 125.173678 34 139 34
277180.801083 2111174.294246 120.717016 139 69 19
277521.803100 2111298.166534 173.976858 34 139 34
277211.063194 2110973.321342 130.273124 139 69 19
276977.685885 2111643.071846 1.223684 139 69 19
277189.604809 2111419.193813 65.218904 34 139 34
277541.935929 2111295.016106 184.753949 34 139 34
277273.983480 2110965.247505 153.242992 139 69 19
277541.849301 2111604.240187 127.892310 139 69 19
277185.888855 2110793.072786 147.138915 139 69 19
277030.021192 2111269.438675 47.482962 139 69 19
277449.940180 2111066.553300 150.521484 139 69 19
276767.720897 2111236.623873 18.450339 34 139 34
277324.404002 2111103.690412 149.496504 34 139 34
277582.260829 2111404.053505 153.523664 34 139 34
276955.359841 2110951.835835 89.560768 139 69 19
277306.524900 2110909.401073 159.713761 139 69 19
277464.986147 2111670.628834 118.906448 139 69 19
277172.485217 2110685.052047 142.768403 139 69 19
277673.060116 2111170.220204 202.747709 34 139 34
277231.111707 2111451.426911 97.621018 34 139 34
276862.938909 2110948.732478 54.624938 34 139 34
277245.024820 2111683.853193 79.617738 139 69 19
276834.550935 2111029.217549 47.890616 139 69 19
277511.433674 2110587.164142 224.397755 139 69 19
277414.331683 2110644.486346 236.510463 139 69 19
277168.081750 2111310.074005 114.331416 34 139 34
277144.933796 2111220.971647 105.236887 34 139 34
277360.628195 2110981.110064 149.300440 34 139 34
277625.030045 2110789.341958 248.697988 34 139 34
277225.435006 2111491.573334 98.680614 139 69 19
276723.459412 2111099.497227 11.196245 34 139 34
277373.058992 2111280.969565 138.556912 139 69 19
277544.585258 2111112.995647 165.035819 139 69 19
276919.315024 2111562.523456 14.380924 139 69 19
277555.695862 2111018.505726 205.433282 34 139 34
277679.254089 2110873.617915 252.262217 139 69 19
277435.993274 2111409.641079 143.874463 34 139 34
276950.931432 2110766.084440 98.671889 34 139 34
276686.663244 2111182.359372 2.713221 139 69 19
276744.959683 2110872.990716 55.734970 139 69 19
277525.731377 2111386.592543 174.321193 139 69 19
276798.484259 2111516.645544 -17.545834 139 69 19
276870.425118 2111348.263834 14.029391 34 139 34
277257.745414 2111310.446337 109.461900 139 69 19
277513.016795 2111247.964739 180.781391 34 139 34
277699.812398 2111508.494369 175.722277 139 69 19
276914.784093 2111602.173150 -5.150310 139 69 19
277439.550856 2110628.897825 219.881499 34 139 34
277289.425662 2111008.868377 141.302104 34 139 34
277236.997338 2111500.700389 96.877068 34 139 34
276721.026178 2111254.694701 -23.870774 139 69 19
277225.272054 2111473.370736 75.987113 34 139 34
277638.707904 2110917.558362 233.904776 34 139 34
276938.482367 2110791.081901 91.987561 34 139 34
277214.255270 2110917.343873 147.275330 139 69 19
277493.743020 2111347.646630 166.982349 139 69 19
277288.301933 2111530.381013 90.496660 139 69 19
277509.206949 2111068.071694 186.344059 139 69 19
277348.585436 2111264.562667 138.463409 34 139 34
277318.248042 2110930.357136 161.779143 139 69 19
277203.659300 2110639.246716 181.964514 139 69 19
277305.578377 2110990.633625 146.418331 34 139 34
277477.582324 2111072.923815 183.945375 139 69 19
277244.866634 2111559.361541 81.335148 139 69 19
277701.302400 2111216.143009 224.885179 139 69 19
277682.018489 2111121.808750 232.611230 139 69 19
277631.546317 2111346.750523 182.383789 34 139 34
277169.629742 2110903.262751 167.868475 139 69 19
277212.028851 2111238.647518 96.756467 34 139 34
277303.369937 2111014.627148 164.692175 34 139 34
276976.182138 2111403.301313 51.054352 139 69 19
276831.244120 2110750.560567 86.400489 34 139 34
277468.991857 2111281.034985 165.340141 34 139 34
277564.623916 2111312.435801 185.123488 139 69 19
276821.474826 2111705.757758 -26.165737 139 69 19
276993.739864 2111626.406845 4.173590 139 69 19
277449.292413 2110625.192998 220.618806 34 139 34
276799.142777 2111101.143176 38.964931 139 69 19
277573.307052 2111357.473317 177.505942 139 69 19
276852.044052 2111417.673778 26.794788 139 69 19
276945.623217 2111504.557287 29.460534 139 69 19
277185.153957 2111541.453608 75.230770 34 139 34
276745.718868 2111520.315473 -27.809240 139 69 19
276919.078313 2111756.242640 -11.545094 34 139 34
276703.914661 2111276.287238 -15.459310 139 69 19
276889.693648 2111219.303784 41.531836 34 139 34
277081.177797 2111331.274914 77.984989 139 69 19
276772.234855 2111152.907814 9.728636 139 69 19
277405.511943 2111535.726708 106.213121 34 139 34
277348.679502 2110738.424916 174.557460 34 139 34
277792.012416 2111609.387086 190.460156 139 69 19
277263.471475 2111713.713893 60.643670 139 69 19
276885.183055 2111238.559497 43.504186 139 69 19
277091.717914 2111119.764228 100.290148 34 139 34
276959.906407 2111203.915060 53.970186 139 69 19
277109.954558 2111677.198952 61.438446 139 69 19
276740.585073 2111448.810797 -13.716556 34 139 34
277226.628171 2111311.065739 114.206902 34 139 34
276748.513908 2111101.068510 31.693061 139 69 19
276709.567193 2110875.670463 61.546518 139 69 19
277191.227290 2111455.646222 77.931798 34 139 34
277157.084952 2111519.401873 58.447749 139 69 19
277316.805517 2110794.131286 173.667758 139 69 19
277518.878663 2110767.340023 223.702424 139 69 19
277099.044513 2110764.545237 126.419574 34 139 34
277173.618245 2110699.935956 155.455346 34 139 34
276913.121914 2111487.517544 7.671927 139 69 19
277615.799735 2110590.067737 258.694399 139 69 19
277285.988638 2111097.041283 116.833989 139 69 19
277569.685124 2110722.663156 237.584252 139 69 19
276690.714734 2111142.484259 3.850124 34 139 34
276913.363737 2111740.889252 -31.182331 34 139 34
277056.171285 2110749.018711 142.472630 34 139 34
277526.368716 2111390.313400 155.886868 139 69 19
277323.463731 2110687.399095 194.690111 139 69 19
277396.411837 2111422.472762 132.429400 34 139 34
277296.037048 2111527.049489 114.973475 139 69 19
277317.450601 2111687.808713 80.742585 139 69 19
277398.758437 2110988.832401 165.101785 34 139 34
277533.812504 2110654.751735 244.991422 139 69 19
277100.304523 2111633.702235 52.110141 34 139 34
276836.725652 2111334.255549 4.982223 34 139 34
277293.197268 2111344.180432 106.299011 139 69 19
277277.894523 2111134.722327 133.032587 34 139 34
277245.599863 2111122.646776 105.349309 139 69 19
277403.470785 2111010.709081 154.070426 139 69 19
277724.229817 2111410.124859 203.347414 139 69 19
276937.953060 2110808.125012 82.808870 139 69 19
277043.895825 2111707.871454 13.760339 34 139 34
276853.305086 2111568.714161 3.081589 139 69 19
277543.306134 2110779.192075 232.878157 139 69 19
276943.407185 2111377.297158 35.418782 34 139 34
276812.902516 2110706.694605 84.300936 139 69 19
277220.271462 2111253.473505 105.445090 139 69 19
276884.774628 2111432.257711 24.325996 139 69 19
277205.636191 2111287.674957 103.960315 34 139 34
276857.851114 2111518.057368 42.276500 139 69 19
277014.054581 2111445.492843 43.106125 139 69 19
276899.913470 2110854.155161 77.237475 139 69 19
276866.581906 2111457.858439 20.011535 139 69 19
277624.559565 2111297.223485 190.291097 139 69 19
277550.278790 2111603.437440 123.439216 34 139 34
276992.859347 2111220.868420 60.618249 34 139 34
276730.734886 2110819.801103 56.978316 34 139 34
276846.504735 2111348.161462 30.577611 139 69 19
277241.755379 2111072.238732 122.884815 139 69 19
277233.258751 2111436.335945 98.935253 139 69 19
277439.339415 2111204.272879 164.984065 139 69 19
276999.176725 2111010.013069 64.032649 34 139 34
276896.621216 2110876.271721 74.825599 34 139 34
276710.855210 2111051.415225 44.787244 139 69 19
276963.183244 2110838.067450 81.266431 34 139 34
277488.375402 2110895.221664 210.847650 34 139 34
277414.127957 2111042.245624 173.349787 34 139 34
277425.790947 2111321.991285 133.651333 34 139 34
277171.852599 2111255.357861 94.687287 139 69 19
277260.216239 2110914.941421 155.750265 34 139 34
277414.402600 2111363.598517 140.273501 139 69 19
277592.989763 2111269.092917 176.088941 34 139 34
277185.558534 2110833.852906 162.165808 139 69 19
277427.098026 2110988.859053 158.653085 34 139 34
277349.109747 2111129.203897 150.285415 34 139 34
276763.873810 2111664.401429 -15.959067 34 139 34
277571.233015 2110930.816439 212.369952 34 139 34
276842.580263 2111562.758998 -24.093009 34 139 34
276916.136198 2110938.065945 73.633367 34 139 34
276819.335417 2111558.393641 -12.883056 139 69 19
277601.843810 2110864.119773 236.388723 139 69 19
277079.622720 2111593.626061 46.206821 34 139 34
276642.891642 2110988.329283 23.538707 34 139 34
276781.085988 2110849.882464 52.105917 34 139 34
277336.859787 2110841.888225 181.201321 139 69 19
277237.162734 2111405.833573 95.741368 34 139 34
276892.237957 2111103.244189 64.474489 139 69 19
277143.440129 2110894.613392 141.871633 139 69 19
276845.144229 2111766.907535 -15.320742 139 69 19
276763.992024 2111169.614884 32.411609 139 69 19
277602.273217 2110980.067202 206.976595 34 139 34
277076.882196 2111285.003117 73.684103 34 139 34
276660.781646 2110748.514386 45.886748 34 139 34
277312.119227 2110947.218318 174.912864 139 69 19
277662.085171 2111587.055054 170.989578 139 69 19
277198.118453 2111267.583746 94.651163 34 139 34
277264.093151 2111102.619174 152.725426 139 69 19
277699.494691 2111362.245925 197.063008 139 69 19
277256.960531 2111292.118342 130.489460 139 69 19
277234.044966 2111573.690454 86.107541 139 69 19
277472.162145 2111560.985720 121.853713 34 139 34
276879.071892 2111288.811003 54.904324 34 139 34
277003.755457 2111647.436583 33.817440 34 139 34
277551.385695 2111304.834728 179.526661 34 139 34
277018.180728 2110773.784983 123.239252 34 139 34
276956.097669 2110878.401404 84.328093 34 139 34
276947.510163 2110907.778283 88.887044 139 69 19
276886.339071 2111628.854452 -6.446029 34 139 34
277029.345653 2111615.959979 38.244408 34 139 34
277699.391215 2111042.083101 220.732353 34 139 34
277708.473033 2111139.152934 224.315279 139 69 19
277106.762720 2111180.779349 94.474382 139 69 19
276904.462950 2110964.792745 63.607396 139 69 19
276645.741266 2110954.597820 27.477429 139 69 19
276798.213896 2111089.571320 40.719327 139 69 19
277001.447478 2110771.492378 115.469129 34 139 34
277421.250722 2111336.348341 144.806078 34 139 34
276765.614902 2111491.903291 -6.485976 34 139 34
277174.206679 2111216.095305 115.423034 34 139 34
277281.465492 2111310.712145 130.893251 34 139 34
276860.046925 2110732.107135 74.596982 34 139 34
277389.695154 2110753.644645 183.323681 34 139 34
276835.650512 2111675.230304 -9.552135 139 69 19
277043.636436 2111615.423663 23.237198 139 69 19
277519.278697 2110868.508319 218.179428 139 69 19
277107.046365 2111187.247951 79.174635 34 139 34
277298.088088 2111015.175130 144.756282 139 69 19
277434.052220 2111591.449548 126.164521 139 69 19
277432.066619 2110682.540748 200.758044 34 139 34
277139.785287 2110815.802506 135.123414 34 139 34
276826.872186 2111373.043911 8.545733 139 69 19
276902.106395 2111500.346968 5.909708 139 69 19
276968.509825 2110971.495424 79.180406 34 139 34
277566.369457 2111031.734766 202.769201 34 139 34
276973.759280 2111178.901166 91.712231 139 69 19
277091.010678 2111733.960070 25.763382 139 69 19
277434.846012 2111215.306989 139.568308 139 69 19
277178.809440 2111301.452737 89.973356 139 69 19
277674.390109 2111622.150776 148.571090 139 69 19
276857.317695 2111586.384091 -1.511449 34 139 34
277559.171678 2111587.638185 170.407849 34 139 34
277594.647533 2111008.765589 207.666300 34 139 34
277508.725198 2111636.016446 128.580217 139 69 19
276780.207379 2111259.748702 8.902209 139 69 19
277201.204797 2111653.927336 60.428699 139 69 19
277004.386593 2111389.955355 47.328686 139 69 19
277303.045824 2111337.925746 106.852445 139 69 19
276781.857924 2111653.401555 -34.873788 139 69 19
277558.792745 2110834.737903 222.436297 34 139 34
276763.034162 2111453.639420 -19.866078 34 139 34
277119.186121 2111125.709925 90.692739 34 139 34
276628.292306 2110852.187584 16.642902 139 69 19
276930.823263 2110740.856914 93.283367 34 139 34
276957.635493 2111454.872790 51.393311 139 69 19
277674.118679 2111190.285684 222.218127 139 69 19
276851.614042 2110856.051063 78.126580 139 69 19
276943.890916 2110752.562700 112.283198 139 69 19
277549.380223 2110586.636611 246.342789 34 139 34
277192.709835 2111137.657995 116.581925 34 139 34
276844.951716 2110919.011140 61.344664 139 69 19
276977.952703 2111641.325059 18.253622 139 69 19
277131.667866 2111730.197021 37.408866 139 69 19
277335.627150 2110907.475278 181.402790 34 139 34
276931.740340 2110697.324405 109.038577 34 139 34
277616.929509 2110941.655828 229.096826 139 69 19
277332.527299 2111067.252420 135.232565 34 139 34
276948.616554 2110885.160961 91.234963 34 139 34
277200.207929 2111061.946120 135.312676 34 139 34
277466.967686 2111621.634451 98.362183 34 139 34
276772.323728 2110712.982876 61.415355 139 69 19
277137.399163 2110800.333648 152.651675 34 139 34
276960.429709 2111635.568614 2.572692 34 139 34
277046.531051 2111146.744749 77.402472 34 139 34
276692.037439 2111108.519167 23.581052 139 69 19
277071.686099 2110659.006517 171.966698 34 139 34
277037.156353 2111679.900861 7.951044 139 69 19
276760.771808 2110895.386401 55.933292 34 139 34
277155.299735 2111308.845179 96.952281 139 69 19
277595.696855 2111154.267335 189.419344 34 139 34
276709.528486 2111343.403419 -3.948789 34 139 34
277302.336574 2111699.009829 82.381011 34 139 34
277061.255727 2111088.492407 101.443610 34 139 34
277415.048988 2111242.245947 163.564073 34 139 34
276762.307571 2111146.885199 1.734623 34 139 34
276845.959020 2110897.361766 70.043150 34 139 34
277589.190255 2111413.038377 173.078577 139 69 19
276801.358712 2111325.515826 20.919859 34 139 34
276757.513635 2111459.183876 5.631945 34 139 34
276830.190100 2111217.735188 25.591081 139 69 19
277182.341149 2111367.153804 100.717557 34 139 34
277176.740023 2111107.481746 117.947282 34 139 34
277317.088553 2110834.643852 172.779987 139 69 19
277411.108876 2110615.950422 221.898608 34 139 34
276840.921611 2111466.820108 6.697917 34 139 34
276780.465931 2111711.167578 -29.230067 139 69 19
277410.604278 2110909.924380 182.300703 139 69 19
277069.442583 2111735.458601 28.158081 139 69 19
277198.740918 2111714.592879 67.466275 34 139 34
276908.509973 2111213.033671 36.327437 34 139 34
277598.553342 2111328.603943 188.894980 34 139 34
277466.702213 2110969.524545 217.344787 34 139 34
277616.641265 2111313.363618 200.063785 139 69 19
277417.150698 2110743.166936 216.543276 34 139 34
277191.318851 2111540.417606 57.741192 139 69 19
277575.172112 2111005.128539 207.734242 34 139 34
277104.182298 2111501.017211 79.810984 139 69 19
277132.557691 2111563.105094 53.613997 139 69 19
277164.790674 2110758.707996 149.788122 139 69 19
276884.965918 2111398.328622 18.969549 139 69 19
276812.616418 2111457.511246 7.751818 34 139 34
277423.114462 2111032.328181 176.021946 34 139 34
276952.746775 2111488.076698 23.915303 139 69 19
276923.415764 2110819.503488 93.479294 34 139 34
277470.209184 2110699.246010 218.369135 139 69 19
277153.002478 2111732.314423 25.980550 139 69 19
276779.927834 2110957.294293 49.446371 34 139 34
277415.615047 2111238.631085 149.369475 139 69 19
276846.150485 2111707.837383 -16.250823 139 69 19
277294.752532 2111244.026126 127.339997 139 69 19
277065.004803 2111420.704304 72.480712 139 69 19
277685.793322 2111480.365871 191.696693 139 69 19
277429.802818 2111150.267825 171.323368 34 139 34
277100.231598 2111086.802347 101.000938 34 139 34
277103.752919 2111047.816699 84.816107 34 139 34
276688.668118 2111239.801756 -13.406645 139 69 19
276857.688804 2111742.187088 -3.614475 139 69 19
277711.119417 2111610.691815 201.140146 34 139 34
277309.243248 2111551.271502 101.183182 139 69 19
277634.854804 2111053.759873 225.667654 34 139 34
277284.876375 2111409.233094 95.705259 139 69 19
277677.047098 2111170.241182 223.251789 34 139 34
277451.402660 2111024.144325 198.262841 34 139 34
276971.378326 2110690.505356 125.061785 34 139 34
277428.293983 2110874.097560 181.370006 139 69 19
277009.543706 2111006.619531 76.026394 139 69 19
277436.723913 2110760.872276 197.587145 34 139 34
277360.863302 2111230.898344 143.499568 139 69 19
277383.608707 2111282.380839 150.433174 34 139 34
277410.591062 2111480.882465 120.450156 139 69 19
277648.327576 2110997.346998 221.954104 139 69 19
277599.673760 2111639.995985 144.501612 34 139 34
277144.295063 2111288.402835 86.243214 139 69 19
277433.273329 2111469.453779 138.625288 34 139 34
277786.477645 2111595.627652 190.327738 139 69 19
277522.853533 2111280.832291 138.497677 34 139 34
277213.612919 2111108.949181 143.757180 139 69 19
277093.791992 2111287.042852 66.664298 139 69 19
277326.672341 2111564.664495 97.802964 139 69 19
277091.569104 2111390.226709 70.211604 34 139 34
277243.318875 2110857.577233 160.452894 34 139 34
277221.237886 2110852.721168 148.222214 34 139 34
277446.939212 2111076.763171 168.278426 34 139 34
277735.540546 2111567.935432 187.772562 34 139 34
277693.030336 2111447.261083 186.853499 139 69 19
277091.643405 2110868.015816 126.775811 139 69 19
277257.431359 2111484.349777 100.214602 34 139 34
277166.539844 2111043.888323 144.228092 139 69 19
277528.738287 2110784.276975 213.946217 139 69 19
277040.973758 2110858.236946 113.506285 139 69 19
276989.360426 2111363.745968 36.164128 34 139 34
277455.350219 2111351.516214 140.504851 34 139 34
276759.284919 2110727.021377 60.363156 139 69 19
276647.492693 2110837.286210 16.186099 139 69 19
277165.669776 2111478.261788 87.521278 139 69 19
276714.514428 2111126.519207 1.925165 34 139 34
277635.216955 2111211.560935 195.477565 139 69 19
276987.681110 2111194.920658 76.953451 34 139 34
276975.407838 2111168.511206 62.967477 139 69 19
277625.939060 2110834.256680 238.599072 139 69 19
276708.289702 2111062.565005 30.176357 139 69 19
276919.852969 2111121.797992 50.495441 34 139 34
276819.758423 2110984.619233 60.800015 34 139 34
277294.234013 2110963.478298 152.068439 139 69 19
276884.552545 2111004.231299 69.182779 139 69 19
277389.083211 2111087.575160 173.466708 34 139 34
277391.267786 2111050.971159 166.848969 139 69 19
276938.848239 2110795.829905 89.180720 34 139 34
277597.483122 2111198.944373 177.173210 34 139 34
277745.800761 2111543.876836 186.967377 34 139 34
277106.501182 2111712.976453 24.943401 139 69 19
277001.541191 2111007.397533 87.092606 139 69 19
276697.204887 2110818.388263 51.828483 139 69 19
277333.507184 2111570.658220 85.230731 34 139 34
276932.209818 2111381.937245 20.668341 139 69 19
277327.648335 2110753.102163 178.623690 34 139 34
277301.934581 2111561.823471 88.184583 34 139 34
277524.709882 2111384.153187 155.689455 34 139 34
277388.378411 2110990.750641 191.259602 34 139 34
277499.198605 2111362.384077 128.924543 139 69 19
276760.783192 2110747.522652 64.837061 139 69 19
277627.798012 2111616.934684 176.719382 139 69 19
276741.041122 2111289.286730 10.965122 139 69 19
277566.049537 2111027.706142 190.854163 139 69 19
277535.971570 2110844.555085 216.390051 139 69 19
276871.697015 2110893.786801 60.370408 34 139 34
277319.232776 2111194.940177 146.927940 34 139 34
277042.672913 2111502.664453 46.700274 34 139 34
277546.576362 2110672.046037 208.430832 139 69 19
277246.755565 2111397.317722 95.637090 139 69 19
277546.024744 2111002.609368 209.630520 34 139 34
277204.536507 2111620.843067 82.619636 139 69 19
277125.539803 2111456.506903 63.280471 34 139 34
277728.414876 2111405.716988 196.183817 139 69 19
276696.618517 2111144.409414 22.463467 139 69 19
277066.305231 2111232.031420 76.622951 34 139 34
277302.609117 2111397.843370 95.175642 34 139 34
277134.798860 2111112.578570 114.040786 139 69 19
277142.452064 2111462.397228 76.069220 139 69 19
277158.469399 2111375.561631 100.236186 139 69 19
276757.095772 2111373.749151 -6.653328 34 139 34
277700.387002 2111434.912794 179.722107 139 69 19
277288.402974 2110836.686193 172.031274 139 69 19
277303.997146 2111394.053342 101.411050 34 139 34
276885.060966 2110828.195553 91.181178 139 69 19
277610.294526 2111221.312037 200.516628 139 69 19
276948.387320 2111250.265998 44.028148 139 69 19
277213.781656 2110775.645651 152.864636 34 139 34
276851.087263 2111513.459424 0.208838 34 139 34
277403.090662 2110980.403651 175.572828 139 69 19
277590.813539 2111632.910849 141.985737 34 139 34
277483.918418 2111391.300468 152.742149 139 69 19
277421.924317 2111673.086907 109.952177 34 139 34
277054.089009 2111731.149716 25.321266 139 69 19
277169.020066 2110778.111167 141.370114 34 139 34
277330.994204 2110920.082534 174.042621 139 69 19
276913.671546 2111123.300877 61.314250 139 69 19
276806.223141 2110870.326884 55.585791 139 69 19
277715.286097 2111204.257197 199.347590 34 139 34
276785.919339 2111351.165399 4.192206 139 69 19
277111.443807 2111373.355309 75.588403 139 69 19
277564.630860 2110819.982724 241.814512 34 139 34
277009.630202 2110847.039830 105.695691 34 139 34
277619.577762 2111552.966582 170.446832 34 139 34
276992.115653 2111191.469256 46.599209 139 69 19
276745.404721 2111303.100130 15.052510 139 69 19
277372.386431 2111574.875304 95.880485 139 69 19
277033.275838 2111446.625098 66.068152 139 69 19
276926.512963 2111017.867599 71.650685 34 139 34
277404.708487 2110931.535429 180.793193 139 69 19
277094.812981 2111707.975154 52.388345 139 69 19
276835.624091 2111093.249710 26.428055 139 69 19
277602.952679 2111600.460048 148.511300 139 69 19
276948.811785 2110803.511661 88.010634 34 139 34
276776.995225 2110785.612946 61.081783 139 69 19
277129.685430 2111284.870845 71.919389 34 139 34
277266.111926 2110967.366483 130.275912 34 139 34
276662.383879 2110938.821964 32.455669 139 69 19
277223.635082 2111454.670477 74.273538 139 69 19
276904.296647 2111295.527940 39.528520 34 139 34
277549.138411 2110970.364282 219.817252 139 69 19
276794.561097 2111235.523033 3.625624 34 139 34
276987.480989 2111720.937510 14.140268 139 69 19
276843.789470 2111643.056497 -8.704364 139 69 19
277190.560696 2110643.587786 146.918066 139 69 19
277404.326877 2110644.484357 232.588318 139 69 19
277389.621249 2111526.968705 100.885009 139 69 19
277274.517453 2111708.141678 65.206550 34 139 34
277454.354986 2111279.909676 145.933383 139 69 19
277566.458392 2110764.515970 209.231475 139 69 19
276889.489077 2111275.756268 36.862052 139 69 19
277488.240376 2110853.750328 188.377046 139 69 19
277241.687437 2111103.584271 135.902440 139 69 19
277553.369656 2111317.028460 170.128657 139 69 19
276810.677724 2111562.987610 -3.922282 139 69 19
277732.108237 2111164.658037 238.167811 139 69 19
277160.697437 2110882.086362 133.651124 139 69 19
276793.201793 2111132.947411 16.918413 34 139 34
276929.234600 2111532.592651 13.449227 139 69 19
276670.373827 2111088.214765 27.220949 139 69 19
276687.612190 2111075.138713 7.385203 34 139 34
277541.235709 2111569.139772 132.355420 34 139 34
276787.952170 2111041.263447 56.598880 139 69 19
277592.089043 2110928.365171 204.792977 139 69 19
276899.225476 2111521.000848 6.642833 139 69 19
277500.184740 2110599.136408 221.230899 139 69 19
277637.666210 2111436.257688 167.408806 139 69 19
276973.316509 2111559.159774 13.384529 139 69 19
277435.878762 2111211.392842 163.834154 34 139 34
277294.895507 2111111.063565 167.460732 34 139 34
277318.050301 2110642.890259 197.996282 34 139 34
277664.804718 2111404.038670 187.201270 34 139 34
277695.625953 2111411.422291 193.024348 34 139 34
277077.646394 2111235.422677 77.990498 34 139 34
276942.625991 2110872.070279 90.771964 34 139 34
276813.459721 2111095.736187 45.675705 139 69 19
277004.860787 2110747.983592 120.232751 139 69 19
277246.498137 2111290.547376 113.107929 34 139 34
277604.923331 2110858.887411 226.996478 34 139 34
277291.071791 2111602.822477 98.834576 34 139 34
277128.431837 2111669.495085 48.281654 34 139 34
276628.931621 2110737.476860 36.646451 139 69 19
277315.880638 2111533.794619 109.825596 34 139 34
277392.150372 2111102.168567 164.049884 34 139 34
276865.608333 2111478.998436 6.442782 139 69 19
277574.410127 2111116.151723 191.150366 34 139 34
277330.994043 2110696.374227 194.577768 139 69 19
277098.095724 2110687.561749 126.150769 139 69 19
277027.189290 2111068.033169 64.114925 139 69 19
276858.530537 2110986.685562 66.803047 34 139 34
277280.875850 2111617.076002 78.505265 139 69 19
277109.344088 2110849.983137 118.256126 139 69 19
277547.329357 2110746.285871 247.559460 34 139 34
277218.249235 2111642.166801 76.813615 34 139 34
276763.003829 2111178.845605 11.738316 34 139 34
277363.217715 2111327.984945 107.243015 34 139 34
276633.304493 2110888.267958 25.961699 34 139 34
277297.184552 2111665.007775 77.142222 34 139 34
276795.190999 2111320.812321 21.920037 139 69 19
277624.267411 2111077.065530 214.643910 139 69 19
277397.619600 2111152.935699 153.733329 139 69 19
277341.954427 2110799.645567 187.092693 34 139 34
277060.458652 2111611.828068 24.445635 34 139 34
277572.137424 2111556.838439 147.118877 34 139 34
276770.394342 2111023.215702 45.241336 139 69 19
277347.721654 2111377.468593 102.701812 139 69 19
277480.767694 2111532.237776 132.110731 139 69 19
277516.934643 2111594.234615 130.558322 139 69 19
277006.089210 2111333.706513 58.762913 139 69 19
276846.320292 2111664.926959 -5.500108 34 139 34
277194.907298 2111120.348476 115.386044 139 69 19
277599.674686 2110869.171628 232.439848 139 69 19
277519.997097 2110770.363011 222.869288 34 139 34
277627.775638 2111315.438236 199.329990 34 139 34
277060.783667 2111184.345830 61.155648 139 69 19
277329.302297 2111350.506694 131.038869 34 139 34
277027.132777 2111475.587528 47.578330 139 69 19
277585.561522 2111329.175925 180.513359 139 69 19
276749.976480 2111354.570324 -13.397884 139 69 19
277669.532927 2111313.379596 185.867652 34 139 34
277236.881028 2111252.362582 120.007097 139 69 19
277669.132103 2111350.883970 175.492293 139 69 19
277761.532568 2111533.067416 171.650593 139 69 19
277418.889341 2111333.847568 145.534212 139 69 19
276676.593812 2110899.398108 40.149419 34 139 34
277601.908954 2110761.567389 221.519311 139 69 19
276774.343750 2110905.586732 48.335845 34 139 34
277260.326926 2110976.617682 145.488583 34 139 34
277155.459462 2111136.078896 110.038003 139 69 19
277198.679889 2110861.500969 137.006158 34 139 34
277645.070524 2110780.308594 250.106228 34 139 34
276689.561980 2111040.515029 32.346599 34 139 34
277249.849246 2111146.973537 134.502457 139 69 19
277484.816024 2111358.282546 161.349783 34 139 34
276945.013420 2110968.880929 71.598478 34 139 34
277076.795187 2110898.768167 130.786815 34 139 34
276709.500409 2111383.793469 10.479986 34 139 34
277553.483708 2111208.190943 180.159585 139 69 19
277155.455580 2111282.352824 98.078682 34 139 34
277621.266008 2111128.470685 207.258885 139 69 19
277679.550941 2111128.021460 214.910590 139 69 19
277681.369226 2111472.699877 160.793722 34 139 34
277168.007133 2111029.943053 108.540902 139 69 19
277580.525501 2110591.831487 239.177720 139 69 19
277260.185340 2111211.182891 119.020484 139 69 19
276787.698443 2110788.469193 76.167030 139 69 19
277470.495203 2110671.648042 215.316301 139 69 19
276876.947354 2111227.558062 45.846409 139 69 19
277598.061274 2110950.071218 217.344764 34 139 34
276886.017263 2111503.688910 12.257064 34 139 34
277359.995849 2111075.017838 164.928809 34 139 34
277360.811927 2110708.535553 202.040086 139 69 19
277268.127255 2111579.356250 77.308655 34 139 34
277276.642081 2111370.608231 117.359699 139 69 19
276768.985820 2110920.477546 61.133081 139 69 19
276919.614263 2111555.944812 16.266463 139 69 19
277161.670591 2111265.228641 108.692504 139 69 19
277269.261897 2110738.506462 187.680684 139 69 19
277550.293382 2111497.700729 148.321276 139 69 19
277541.807671 2111362.815273 170.154161 34 139 34
277044.715423 2110805.117098 110.731477 34 139 34
277356.793560 2111672.988661 78.727743 139 69 19
277078.948138 2111557.128456 26.909616 139 69 19
276953.291813 2111253.752149 56.974099 139 69 19
277592.134517 2110704.985953 238.070660 139 69 19
277438.689796 2111103.328429 149.378858 34 139 34
277074.275056 2111424.376848 81.389244 34 139 34
277252.624292 2110685.518062 157.271641 139 69 19
276849.801154 2111074.995233 74.048781 34 139 34
276746.350741 2111109.479975 -1.813396 139 69 19
277394.858332 2110691.619237 201.180788 34 139 34
277418.691995 2110979.858345 198.539825 34 139 34
277622.922441 2111237.170347 183.032947 139 69 19
276891.134456 2111621.423203 -2.409851 34 139 34
277201.981332 2111139.473799 130.635135 139 69 19
277515.353833 2111031.389529 197.009282 34 139 34
277616.123619 2110895.804425 208.668331 34 139 34
276808.413862 2110783.122380 50.416641 34 139 34
277366.051234 2110706.877823 188.303096 34 139 34
277304.063321 2111178.348313 124.864706 139 69 19
276877.399705 2111511.371104 9.252127 34 139 34
276893.167503 2111737.369309 -6.451774 139 69 19
277620.842736 2111049.658827 211.239559 34 139 34
277672.844288 2111505.406278 196.124333 139 69 19
276735.379544 2111183.492574 23.239384 139 69 19
277491.055543 2110867.454034 196.307999 139 69 19
276703.769163 2111195.685534 4.160674 139 69 19
277710.318229 2111197.587766 216.475984 34 139 34
277444.478417 2111383.457110 148.533252 139 69 19
277284.314193 2110875.560261 167.035609 139 69 19
277309.644097 2110938.621062 138.023954 139 69 19
277631.786567 2110847.530303 222.997014 139 69 19
277387.392630 2111003.118790 180.882019 34 139 34
277599.925474 2111552.328903 150.281001 34 139 34
276763.151923 2110927.917535 38.000280 34 139 34
277434.551257 2110599.320883 235.755189 34 139 34
276805.162205 2111589.150213 -5.325519 139 69 19
277493.390483 2111023.450824 178.525660 34 139 34
277417.118543 2111370.498395 134.828025 139 69 19
277312.276624 2111170.169235 136.673994 139 69 19
277169.732133 2110788.894737 165.200382 139 69 19
277522.521785 2111635.902381 117.207129 139 69 19
277242.846459 2111242.798081 117.358091 139 69 19
277286.931153 2110622.369810 186.979368 139 69 19
277251.010562 2111105.155072 137.645133 34 139 34
277240.208927 2111370.525091 101.328127 139 69 19
277456.350943 2111609.493201 121.312716 139 69 19
277164.510046 2110778.621751 140.624324 139 69 19
276875.453146 2111264.816181 22.970137 34 139 34
277136.990733 2110720.217818 151.889620 139 69 19
277282.906748 2110903.921657 145.119067 139 69 19
277422.625042 2111286.803784 139.176781 139 69 19
277282.487905 2110684.058779 190.548967 139 69 19
277634.275924 2111513.875980 170.077983 34 139 34
277102.285362 2111128.417932 98.815185 139 69 19
276870.656703 2111120.760670 39.143578 139 69 19
276909.785257 2111596.723858 12.749547 139 69 19
277433.659015 2111031.088308 160.244819 34 139 34
276973.527713 2111494.318713 8.939910 139 69 19
277516.544581 2111217.997912 181.861369 139 69 19
277384.933740 2110847.801190 191.730465 139 69 19
276820.092546 2111204.711116 50.778702 34 139 34
277328.760991 2111154.534052 132.037653 139 69 19
276721.843860 2111378.384779 -25.550691 34 139 34
277678.585363 2110956.831245 228.461237 34 139 34
277145.119499 2111523.485708 52.903035 139 69 19
277105.654011 2110721.975957 124.539101 34 139 34
277146.816925 2111403.859636 55.713766 34 139 34
277200.825298 2111558.929853 82.599657 34 139 34
276806.542591 2110953.588721 46.220326 139 69 19
277340.705030 2110917.359274 184.756187 139 69 19
277500.787033 2111055.262224 175.004839 139 69 19
277613.440790 2110759.487808 233.952417 34 139 34
277462.382547 2110993.212390 189.770560 34 139 34
276697.251026 2111146.314237 -7.145980 139 69 19
276972.541160 2110718.394954 116.147525 139 69 19
277389.543356 2110833.387660 153.516031 139 69 19
276911.556049 2110865.008540 62.399721 34 139 34
276962.333467 2110726.876929 100.139646 34 139 34
277615.335310 2111158.053651 203.100117 34 139 34
277305.893307 2110870.973385 167.551859 34 139 34
276993.290949 2111299.133055 60.196531 34 139 34
276771.140964 2110734.725598 73.805183 139 69 19
276918.306973 2110913.092413 97.734560 34 139 34
277284.022906 2111346.182899 109.336668 34 139 34
277265.981590 2110636.845694 190.937551 34 139 34
276961.702745 2111614.516646 40.428694 139 69 19
277184.624071 2111116.081503 118.893973 34 139 34
277219.281173 2110896.507460 146.469443 139 69 19
277426.485055 2110906.502545 182.164628 34 139 34
277650.176111 2111027.677173 214.015143 34 139 34
277287.435090 2110953.655396 164.083157 139 69 19
276850.756051 2110909.799224 78.835763 34 139 34
277181.043673 2110892.381816 138.982845 139 69 19
277367.730111 2111599.416999 95.305344 139 69 19
276840.821466 2111271.090703 28.059482 34 139 34
277496.063502 2110799.854583 218.799861 139 69 19
277314.465825 2111013.640476 174.369482 139 69 19
277061.525939 2111593.132993 25.700587 34 139 34
277299.919854 2110955.526938 146.369939 139 69 19
276992.168881 2111718.296668 -6.078337 34 139 34
277145.525725 2110905.674084 119.535608 139 69 19
277664.363108 2111595.575674 148.966289 34 139 34
277431.998662 2110638.132906 222.119523 34 139 34
277012.332164 2111559.772906 29.336560 139 69 19
276619.791940 2110905.621447 5.783672 34 139 34
276804.294555 2110770.435332 71.678656 139 69 19
276808.708752 2111443.264255 -6.914881 34 139 34
277079.863781 2110794.041362 130.324974 139 69 19
276976.392294 2111381.878699 38.476862 139 69 19
276884.462061 2111427.359410 23.511899 139 69 19
276938.233738 2111155.975699 38.780453 139 69 19
277570.533184 2111560.403960 146.441528 34 139 34
277057.813652 2111107.375725 86.050812 34 139 34
277199.011695 2111134.149900 132.122637 34 139 34
277249.916091 2111304.712865 105.497790 139 69 19
277543.508816 2110931.607560 206.160399 139 69 19
276669.564678 2111080.319904 9.110018 139 69 19
276974.054230 2111218.562218 59.905188 139 69 19
276983.097271 2111124.389835 77.400573 34 139 34
277576.196132 2111389.747140 178.233115 139 69 19
276911.165328 2111060.323992 67.173872 34 139 34
277591.029807 2111360.812788 184.072986 139 69 19
277080.823658 2111220.567421 84.457320 139 69 19
276962.762467 2110741.941496 126.976777 34 139 34
276748.522552 2111481.270917 -28.175032 34 139 34
276851.758979 2110966.373565 69.823131 139 69 19
277156.587058 2111133.426469 116.542184 34 139 34
277354.953029 2111234.497497 123.424526 34 139 34
277521.949466 2111102.138040 210.969808 139 69 19
276694.236013 2111265.004757 21.750697 34 139 34
277092.138536 2111060.973520 106.402406 139 69 19
277749.320842 2111563.546599 202.450208 34 139 34
276977.635080 2111336.617329 34.721035 34 139 34
276917.149532 2111345.778565 52.994590 34 139 34
276769.541348 2110765.055739 68.675991 139 69 19
277145.896736 2111378.251039 81.003589 34 139 34
276754.864618 2110942.430890 77.330293 34 139 34
277673.098415 2110994.612402 234.214366 34 139 34
277162.713674 2110799.355069 141.050535 139 69 19
277182.854630 2111118.230310 112.699647 139 69 19
277751.064023 2111404.750748 210.706277 139 69 19
277343.912839 2111039.922341 155.068955 139 69 19
277216.031558 2111071.625925 120.891923 34 139 34
276832.083936 2110824.386385 71.756637 139 69 19
277481.980033 2110799.852895 207.875489 34 139 34
277542.349234 2111202.382331 170.431844 34 139 34
277201.316914 2111168.840150 122.800945 34 139 34
277497.480603 2111609.579775 162.927863 34 139 34
276661.184900 2110870.360460 28.321686 139 69 19
277524.169303 2111104.781614 201.771478 34 139 34
276697.805964 2110809.552216 57.709884 139 69 19
276772.853417 2111608.337619 -22.752989 34 139 34
277444.059006 2110662.840280 231.672393 34 139 34
276743.060500 2111006.864763 37.402189 139 69 19
277475.247643 2111018.873956 193.737495 34 139 34
277433.764689 2111347.328327 149.162733 34 139 34
276766.267715 2111578.877895 -16.446330 139 69 19
277245.192853 2110856.218497 146.164171 34 139 34
277243.525646 2111370.977008 80.742336 34 139 34
276758.195956 2110873.622819 58.111060 139 69 19
277136.990150 2110756.328296 158.076866 34 139 34
277568.232527 2110735.673327 229.480609 139 69 19
277453.716620 2111171.677186 157.903720 139 69 19
276944.509808 2111147.505427 61.592969 34 139 34
277112.490940 2111454.669535 60.930460 139 69 19
276895.164358 2111489.657784 15.175989 139 69 19
277631.625330 2110989.117242 240.502848 139 69 19
277450.746396 2111230.580397 168.847205 34 139 34
277662.836285 2111493.156938 184.383301 139 69 19
277341.562951 2110706.380088 192.953759 34 139 34
277420.475687 2110762.969787 198.340837 139 69 19
277588.242666 2110980.966492 212.450952 34 139 34
277432.374210 2111592.081683 115.827280 139 69 19
277768.331222 2111598.514078 182.371863 34 139 34
276913.364579 2111443.023122 15.950740 139 69 19
277288.606813 2111497.304524 101.117565 139 69 19
277310.673110 2111170.648699 127.758559 34 139 34
277044.095848 2111480.725662 56.177924 34 139 34
277138.988849 2111276.766326 95.803197 34 139 34
277301.407707 2111101.183278 134.836776 34 139 34
276715.962634 2111284.349798 -6.567891 34 139 34
277234.389861 2111483.610542 81.205799 139 69 19
277055.131531 2111236.902270 102.448303 139 69 19
276986.910926 2111428.251206 37.419767 34 139 34
277681.267808 2111474.886416 180.987841 139 69 19
277470.302220 2111517.453741 129.673776 139 69 19
277590.992873 2110590.883892 248.168934 34 139 34
276965.218842 2111577.970946 24.611561 34 139 34
277603.326911 2111651.038336 155.942493 34 139 34
277046.918814 2111571.290263 44.047667 139 69 19
277270.399742 2111300.142317 132.154558 139 69 19
277420.920126 2111182.538199 140.191213 139 69 19
277455.178427 2111591.541482 108.048726 34 139 34
276967.979322 2111346.544265 54.645062 139 69 19
277293.805838 2110993.639695 135.888020 34 139 34
276813.222268 2111599.041546 -21.656054 34 139 34
277730.845579 2111252.453255 214.122587 34 139 34
277407.745733 2110639.492137 190.369415 139 69 19
277342.264890 2111600.247116 78.470718 139 69 19
276851.088649 2111399.434226 24.820904 34 139 34
276753.986071 2111247.731047 34.689431 34 139 34
277548.789126 2111304.309167 151.950657 34 139 34
277097.072945 2111148.172396 101.495637 139 69 19
277282.705121 2111180.182296 137.823731 139 69 19
277739.333894 2111181.663320 209.844770 34 139 34
276856.838544 2111159.178997 49.678632 34 139 34
276648.802968 2111025.251909 15.656596 139 69 19
276801.978778 2111101.009857 49.525497 34 139 34
277597.971462 2110889.924965 229.462436 34 139 34
277203.247910 2110943.767778 142.946836 139 69 19
277088.514601 2110910.812948 138.767417 139 69 19
277329.830714 2110889.305920 184.337877 34 139 34
277473.685606 2110718.305970 200.439271 139 69 19
276992.573596 2110973.575790 91.794705 34 139 34
277110.905745 2111065.233092 107.317891 139 69 19
276619.982341 2110737.854758 21.742123 34 139 34
276819.336349 2111144.975042 20.037379 139 69 19
277150.042391 2111053.685799 121.976431 139 69 19
276681.156087 2111113.476668 21.978669 139 69 19
276993.628903 2110759.341686 129.644172 139 69 19
277716.915996 2111231.798623 217.643686 34 139 34
276740.320354 2110861.553785 63.815050 34 139 34
277437.458469 2110972.575744 164.248660 34 139 34
277366.681624 2110659.975527 189.780406 139 69 19
276883.991546 2111525.916355 20.061601 139 69 19
276631.683628 2110832.595616 22.061771 139 69 19
277470.152142 2111356.128036 130.300923 34 139 34
277612.648667 2110653.148670 239.533622 139 69 19
276792.609837 2111292.689418 -9.040183 34 139 34
276735.498599 2110962.265860 32.038376 34 139 34
277688.870013 2111569.136675 172.148870 139 69 19
277509.217169 2111129.131856 174.991415 34 139 34
277129.185293 2111619.301399 59.924949 139 69 19
277473.206387 2110639.862735 228.279189 139 69 19
276877.168891 2111572.615845 -22.471269 139 69 19
276977.869154 2111196.621659 62.700121 34 139 34
277545.245858 2111352.079581 173.411550 34 139 34
276985.324228 2111457.903352 28.033079 139 69 19
277526.996339 2111031.079276 204.219940 139 69 19
277078.837843 2111189.899601 113.366345 139 69 19
276769.236702 2110817.634138 58.164800 139 69 19
277580.681183 2111145.911691 169.042250 139 69 19
277549.938578 2111090.637415 181.756397 34 139 34
276707.637200 2111191.288507 0.226769 34 139 34
277277.252947 2111403.276277 122.150396 139 69 19
277432.334898 2111675.585673 119.927227 139 69 19
277741.421997 2111304.703433 196.070588 34 139 34
277647.172919 2111479.194775 171.820200 34 139 34
276875.990112 2110845.298831 63.282696 139 69 19
276928.356812 2111310.746940 32.898520 34 139 34
277333.360623 2111156.029892 140.811632 139 69 19
277597.690272 2111318.729472 187.594572 34 139 34
277192.633773 2110944.659005 130.822885 139 69 19
277389.683388 2110819.991548 194.287604 34 139 34
277503.882333 2111202.005749 190.399289 34 139 34
277282.476463 2111330.551668 104.326126 139 69 19
277686.643246 2111230.571196 191.122899 34 139 34
277181.332291 2110963.841213 135.195277 139 69 19
277444.521933 2111610.669761 104.874747 34 139 34
277445.293656 2110936.845482 182.289284 34 139 34
277594.497735 2111411.508802 146.311961 34 139 34
277025.473398 2111455.263919 50.206441 139 69 19
277415.643160 2111267.190099 159.910785 34 139 34
277455.822713 2110800.084472 191.690474 139 69 19
276918.520337 2111178.976711 50.500886 139 69 19
276923.471952 2111237.475222 32.953965 34 139 34
277097.832348 2110828.303370 131.449802 139 69 19
277125.478525 2111669.148412 35.347391 139 69 19
277350.455749 2110687.834770 206.310328 139 69 19
277290.880101 2111303.322544 117.554527 34 139 34
277651.952465 2111514.171270 163.373795 139 69 19
277541.155203 2111465.762689 137.703892 139 69 19
276839.769949 2111025.616052 50.258371 139 69 19
277247.375733 2111331.717668 124.919999 34 139 34
277593.556545 2111475.893855 154.930752 34 139 34
277232.187628 2110857.128002 152.358975 34 139 34
276725.289506 2110798.999433 66.237976 139 69 19
277162.978263 2111231.987125 60.536618 34 139 34
277328.209279 2110751.135850 175.029671 34 139 34
277445.799393 2111310.497843 164.379885 34 139 34
277425.699836 2111349.181641 153.727623 139 69 19
277211.074412 2111124.046427 125.208340 34 139 34
277707.167788 2111162.496849 205.751146 139 69 19
277284.603835 2111469.320170 100.702751 139 69 19
277274.924034 2110719.902225 184.817093 139 69 19
277671.191745 2111373.357980 178.192119 139 69 19
277477.703858 2111291.785477 142.398268 139 69 19
277214.791235 2110740.263372 171.459824 139 69 19
277708.335798 2111294.338069 214.858234 139 69 19
277650.581170 2111622.770256 160.917778 34 139 34
276774.010225 2111036.930696 27.458195 34 139 34
277125.841511 2110812.494746 122.643988 139 69 19
276951.413813 2111283.211284 40.729513 34 139 34
277702.670663 2111345.239467 188.791266 34 139 34
277355.218955 2111328.695348 122.960428 34 139 34
277339.101169 2111346.724034 139.826605 139 69 19
277393.746894 2110731.725264 199.437959 34 139 34
277305.298576 2110833.007785 163.296737 139 69 19
277069.892639 2110880.840124 105.727960 139 69 19
277179.942272 2110741.540547 146.942981 139 69 19
277313.437719 2111593.114823 69.518085 34 139 34
277578.276597 2111272.266949 179.810031 139 69 19
276879.673179 2111733.466885 -23.354220 34 139 34
277700.542090 2111156.951673 239.659020 139 69 19
277386.593441 2111449.051726 120.363304 34 139 34
276991.434271 2111069.989556 107.320857 34 139 34
277670.106866 2110900.418334 232.748988 139 69 19
276972.384366 2111400.722938 37.769120 34 139 34
277107.531709 2111113.268954 98.419273 34 139 34
277644.241181 2110964.017932 228.023566 139 69 19
277582.379253 2110867.500035 230.880690 139 69 19
277622.510880 2110826.253367 225.854112 34 139 34
276763.860373 2110741.327951 65.682142 139 69 19
277395.742544 2111087.959092 158.905959 139 69 19
277419.187592 2111075.772017 178.123547 139 69 19
277241.567283 2110739.971426 172.112402 139 69 19
277010.698728 2110810.698188 112.540570 34 139 34
277682.728154 2111319.293399 204.507137 139 69 19
276869.460569 2111149.811327 51.788212 139 69 19
276945.787151 2111171.267191 75.006229 139 69 19
277629.710685 2111530.477097 168.812535 34 139 34
277091.077544 2111283.085797 77.403125 139 69 19
277555.754153 2110878.947457 218.951425 34 139 34
276982.817920 2110899.016178 86.963033 34 139 34
277158.265011 2110711.810798 159.942486 139 69 19
277208.279174 2110793.881441 163.973264 34 139 34
277303.824104 2111312.171436 114.483215 139 69 19
276935.104446 2111096.527530 80.410309 34 139 34
276764.587744 2111331.778677 11.980785 34 139 34
276919.368837 2110911.962923 75.554911 139 69 19
277602.914579 2110749.381399 236.281605 139 69 19
277402.756105 2110670.812532 222.216497 34 139 34
277594.641629 2110954.679518 204.337624 139 69 19
277444.811433 2110830.351294 214.794076 34 139 34
276739.428532 2111477.186041 -10.153135 139 69 19
276759.710243 2111317.274371 3.073654 34 139 34
277706.494810 2111410.940873 222.347875 34 139 34
276933.459100 2111568.089498 25.725276 139 69 19
277019.073417 2111683.907210 20.381320 34 139 34
277198.159900 2110710.037937 144.109750 139 69 19
277529.564942 2111650.509825 118.212194 34 139 34
277631.460554 2111519.591379 153.818350 139 69 19
277453.230533 2111603.729334 119.152234 139 69 19
277139.054579 2111088.343822 104.533323 139 69 19
277224.226564 2110927.203203 153.348720 34 139 34
277072.600151 2111205.772085 91.562205 34 139 34
276940.171848 2111338.238270 42.598715 139 69 19
277250.821584 2111094.000099 134.996384 139 69 19
277466.967709 2110824.262136 197.162160 139 69 19
277765.615988 2111425.025192 198.623615 139 69 19
277458.843525 2111483.208234 133.844215 34 139 34
277550.255133 2111263.556270 180.628929 34 139 34
277391.053498 2111396.468955 131.399916 139 69 19
277229.961779 2110728.240497 163.801865 139 69 19
277232.068361 2111661.229431 73.942937 139 69 19
277154.891470 2111602.952271 59.748513 139 69 19
277161.272943 2111050.788627 109.180712 34 139 34
277670.279558 2111567.541786 168.107904 34 139 34
277377.407512 2111492.710089 119.458069 34 139 34
276870.193247 2111002.326431 77.335209 34 139 34
277767.555767 2111380.638004 226.544285 139 69 19
277097.784617 2111154.406254 90.786486 34 139 34
277397.442507 2110902.775983 166.651530 139 69 19
277221.237152 2110670.011597 173.015325 34 139 34
277345.353735 2111486.947277 109.434242 139 69 19
277646.547816 2111151.577021 202.718209 139 69 19
277105.373879 2111269.526681 73.491796 139 69 19
276967.342656 2111527.500488 11.123581 34 139 34
276733.541333 2110972.623059 60.594019 34 139 34
276706.908116 2111198.244746 -2.354300 139 69 19
277591.659218 2111563.173073 162.989238 34 139 34
277143.470045 2110918.391902 136.553220 34 139 34
277439.009238 2111166.045232 176.748503 139 69 19
277261.670407 2110886.350973 161.228215 34 139 34
277028.789312 2110928.816831 104.780779 34 139 34
277488.382988 2111080.607315 191.424916 139 69 19
276907.941607 2111261.353267 38.844616 139 69 19
276726.556136 2111245.526677 5.472319 139 69 19
276716.958656 2111229.544870 11.787317 139 69 19
276800.191823 2111111.460382 38.476540 139 69 19
277342.244280 2111144.431589 137.821738 34 139 34
277108.518122 2110886.808480 126.942956 34 139 34
277305.040174 2111434.105820 84.723181 34 139 34
277011.084851 2111061.162200 87.154143 139 69 19
277423.606457 2111322.186784 161.233531 139 69 19
277171.740628 2110704.041314 171.795946 139 69 19
277178.865618 2111232.036294 94.201338 34 139 34
277709.406118 2111114.551777 222.479422 139 69 19
277605.402629 2111492.607216 171.845696 139 69 19
276863.328432 2111003.972510 38.653504 34 139 34
277079.902189 2110983.496692 112.185473 139 69 19
277000.427420 2110735.362942 132.436927 139 69 19
277159.807909 2111435.701588 70.912831 139 69 19
277070.213461 2111362.880694 46.525774 34 139 34
277104.455240 2111560.852935 42.871944 34 139 34
277227.271513 2110814.489253 144.838014 34 139 34
277410.922102 2110794.796229 190.567538 139 69 19
277284.338541 2111322.406255 122.010925 34 139 34
277068.677300 2111553.106823 42.808267 139 69 19
277405.009134 2110737.592455 188.588566 139 69 19
277073.163027 2111288.743880 74.746261 139 69 19
277271.531194 2110963.234140 137.245019 34 139 34
277114.138279 2111040.041107 114.397689 34 139 34
276871.300900 2111740.570014 7.100807 139 69 19
277098.314777 2110757.048056 150.611460 139 69 19
276946.989726 2111297.347129 41.518843 139 69 19
277667.582113 2111290.629128 193.932570 34 139 34
277266.981219 2110798.731654 164.237156 139 69 19
277695.772816 2111501.044948 181.981417 139 69 19
276971.781354 2111410.713560 32.698911 34 139 34
277368.794288 2111336.659583 134.663376 34 139 34
277667.581115 2110866.746209 237.875573 34 139 34
277555.023991 2111457.147304 139.093090 34 139 34
277309.445246 2110804.577582 182.764456 139 69 19
277462.890281 2111336.528274 139.784000 139 69 19
277368.231248 2111306.739212 143.705982 34 139 34
277358.945641 2111633.769927 80.498781 34 139 34
277022.204121 2110849.516083 108.597355 34 139 34
276871.617120 2110929.986307 71.782171 34 139 34
277245.897454 2111254.820662 146.372987 34 139 34
277725.387619 2111138.006621 221.485775 139 69 19
277737.711424 2111338.808761 195.694039 139 69 19
277081.092986 2111726.086552 31.798602 139 69 19
276826.349328 2111503.733816 -2.789473 139 69 19
277446.460513 2111107.429729 157.089106 34 139 34
277637.254687 2111544.283862 158.091424 34 139 34
276622.551471 2110772.008133 20.712302 139 69 19
276741.748595 2111466.366493 -21.964596 139 69 19
277183.994521 2111577.342057 77.526961 139 69 19
276995.676083 2110697.092927 113.633591 34 139 34
277492.545332 2111286.079358 180.728895 139 69 19
277464.718364 2111445.369871 128.173710 139 69 19
276980.304610 2111506.926385 35.975030 139 69 19
277205.351886 2110769.874849 171.072482 139 69 19
277568.432614 2110923.148762 204.401635 34 139 34
277506.397678 2111630.676702 132.550223 34 139 34
277185.515905 2110834.578099 135.144047 139 69 19
277022.373919 2111655.451038 23.897007 34 139 34
277070.030306 2111619.148632 57.024533 139 69 19
276916.059562 2111008.732289 66.980834 34 139 34
277668.489200 2111041.247335 216.556943 34 139 34
277210.199790 2111282.042803 102.657530 139 69 19
277271.612746 2111445.712069 83.881820 139 69 19
277694.448848 2110981.069152 242.225803 139 69 19
277480.706740 2111282.492985 145.738017 34 139 34
276914.462999 2111008.674507 87.650351 34 139 34
277373.465243 2111085.950641 153.288520 34 139 34
277036.479806 2111284.864946 82.379957 139 69 19
276867.209779 2111096.849689 58.857520 34 139 34
276826.729455 2111376.316087 23.262180 139 69 19
277199.534267 2110761.075764 152.592832 34 139 34
277195.121785 2111690.440348 44.731027 139 69 19
276804.238895 2110733.386048 80.124053 139 69 19
277578.961379 2111240.507127 186.249355 139 69 19
277620.211703 2111397.508885 179.119718 139 69 19
276620.301298 2110762.715925 47.394219 139 69 19
277093.382606 2111197.879584 97.967365 34 139 34
277333.799854 2111698.019871 80.803225 34 139 34
276916.943761 2111180.451049 70.425064 139 69 19
277435.741586 2110888.074693 193.556874 139 69 19
277687.140061 2111337.555946 192.199659 139 69 19
277432.142160 2111290.234498 146.859650 139 69 19
276851.811143 2110865.091610 89.700923 34 139 34
277758.800316 2111291.156896 207.205136 34 139 34
276987.717127 2111444.238827 43.412808 139 69 19
277486.766041 2111352.083045 172.933823 139 69 19
277635.513224 2111453.754105 192.325334 34 139 34
277269.743879 2110970.956951 164.788803 34 139 34
277588.465009 2111530.839532 144.355119 139 69 19
277077.836337 2111284.017025 62.498643 34 139 34
277060.032203 2110963.174859 118.848387 139 69 19
277560.017344 2110768.340532 232.387823 139 69 19
276862.490191 2111712.968979 -14.053460 34 139 34
277066.466803 2111586.242187 27.159287 34 139 34
277079.945871 2111253.885651 79.659930 139 69 19
276867.683910 2111154.512514 49.623917 139 69 19
277163.141168 2110914.926775 130.184648 139 69 19
277574.467194 2111505.386457 167.195515 139 69 19
276995.876478 2111334.226498 43.672028 34 139 34
277191.227247 2111076.600984 120.518626 139 69 19
277278.565355 2111148.965592 131.772183 139 69 19
276758.603472 2110889.210933 39.209199 139 69 19
277518.130307 2111068.130156 187.039871 34 139 34
277207.385920 2110845.822608 143.473493 139 69 19
277290.889952 2111564.030083 91.926909 139 69 19
276918.874291 2111680.216249 -10.012644 34 139 34
277240.885093 2111605.038661 67.877214 34 139 34
277311.278518 2110793.848054 184.987805 34 139 34
276940.369919 2111362.121812 33.717162 139 69 19
277561.298258 2111508.730940 142.028205 34 139 34
277625.594869 2111576.095392 156.835646 139 69 19
277168.874664 2111566.254562 59.166580 34 139 34
277165.621462 2111248.268158 109.372526 34 139 34
277275.311726 2111198.006404 126.931376 139 69 19
277221.715330 2111521.513101 64.160838 34 139 34
277547.405284 2110599.483691 262.450481 139 69 19
277566.414831 2110671.425870 238.649081 34 139 34
277650.103055 2110783.446555 246.987969 34 139 34
277501.490683 2111036.582070 185.032045 34 139 34
277649.884846 2111432.554335 175.414367 139 69 19
277206.720897 2110885.149469 130.014402 34 139 34
277201.448314 2111201.974093 109.440770 139 69 19
277546.594277 2111406.090300 156.567734 34 139 34
277314.868008 2111270.466411 133.071676 139 69 19
276875.933416 2111364.858763 31.227817 34 139 34
277164.322325 2111247.600878 96.693452 34 139 34
277206.795232 2111290.964898 103.294943 34 139 34
277723.207671 2111324.421550 216.482471 139 69 19
276805.773111 2111014.711055 48.937446 139 69 19
277520.605684 2110602.248753 239.374078 34 139 34
277672.368992 2111501.931818 188.389974 34 139 34
277718.953229 2111552.797763 189.444787 139 69 19
276670.709139 2110868.736425 25.599763 139 69 19
277359.665410 2111486.780430 118.110295 34 139 34
277576.501812 2111034.243546 195.371318 139 69 19
277509.393742 2111531.189794 137.909176 139 69 19
277503.166492 2110782.595288 231.185964 139 69 19
276951.094504 2110821.455680 97.202357 139 69 19
277016.710338 2111622.409035 48.583511 34 139 34
276956.364348 2111743.057451 -0.881245 34 139 34
277227.967955 2111657.937655 61.337459 139 69 19
277207.807105 2110762.209422 163.254409 139 69 19
277546.976454 2110827.168771 217.754047 139 69 19
277251.468740 2111037.694252 140.523659 34 139 34
277322.296960 2110917.375589 159.890637 34 139 34
277474.367887 2110688.086907 228.314363 139 69 19
277213.393590 2111309.014660 84.575694 139 69 19
277433.602956 2110758.338346 200.620937 139 69 19
276693.886353 2110965.464164 48.564523 139 69 19
277676.539702 2111202.323188 196.988125 139 69 19
277286.533457 2111480.450737 86.826020 34 139 34
276944.752206 2110764.817200 92.732416 139 69 19
277576.902398 2111455.458564 160.492872 34 139 34
277103.824294 2111484.275112 75.001698 34 139 34
277288.898406 2111216.597912 117.939267 34 139 34
277133.897197 2111377.177177 65.430384 34 139 34
277099.441028 2110920.579864 114.384840 139 69 19
277267.204958 2111594.666188 77.257531 34 139 34
276819.154832 2111268.796794 4.389656 34 139 34
276791.533363 2111753.031903 -29.453268 34 139 34
276819.938126 2111721.216090 -33.390774 34 139 34
277764.223204 2111588.601596 195.257281 139 69 19
277394.974849 2111280.778913 169.527603 139 69 19
277151.449003 2110745.519554 142.085458 34 139 34
277483.441653 2110844.860845 206.709932 34 139 34
277524.905800 2110809.794183 227.718364 139 69 19
277278.214905 2111041.076810 159.911331 34 139 34
277684.371741 2111177.624803 214.680591 139 69 19
277211.010564 2111302.576912 109.450753 34 139 34
277358.036500 2110744.347216 193.530293 34 139 34
277262.868467 2111574.929346 90.980264 34 139 34
277533.278429 2111143.776821 203.651576 34 139 34
277655.986537 2111383.128390 185.519921 139 69 19
276622.100637 2110875.043982 -2.825304 34 139 34
276811.030462 2110832.194325 57.438617 34 139 34
277308.574834 2110949.090251 174.948853 34 139 34
277351.062076 2111650.944442 90.140557 34 139 34
277481.259387 2111007.643283 190.587921 34 139 34
276764.765950 2111462.629991 -23.749545 139 69 19
276675.514828 2111015.095696 29.465641 139 69 19
276977.209805 2111050.574884 78.677464 139 69 19
277413.710469 2111444.584230 120.106386 34 139 34
276787.198088 2111202.116344 15.496113 139 69 19
276818.987173 2111274.038689 27.970552 139 69 19
277366.237416 2110723.659855 210.842026 139 69 19
277721.283502 2111515.223518 215.881762 34 139 34
277295.211012 2111171.163097 139.438310 139 69 19
276991.332128 2111582.193292 30.448449 139 69 19
276836.486510 2111214.164603 26.933899 139 69 19
276896.779290 2111257.218845 50.215406 139 69 19
277078.709509 2111479.195726 63.493013 139 69 19
277329.253133 2111499.590095 108.631296 34 139 34
277204.370240 2111467.145379 86.316612 34 139 34
276900.977861 2111483.937986 11.852119 34 139 34
276852.311850 2110787.930259 79.494016 139 69 19
277368.718191 2111125.422769 171.159289 34 139 34
277167.835202 2111161.499145 116.628461 34 139 34
276846.669226 2111579.856286 -9.719450 34 139 34
276785.702962 2110974.114317 49.711246 139 69 19
277007.519603 2111405.545854 64.150186 34 139 34
276919.717826 2111559.134274 -9.673484 34 139 34
277303.601124 2111522.162336 86.976333 34 139 34
276791.365046 2111787.825981 -31.925214 34 139 34
276762.522673 2111575.282216 -29.875657 34 139 34
277146.140955 2110840.065556 125.186288 34 139 34
276678.403512 2110936.056046 34.369215 139 69 19
277660.379206 2110983.780965 201.721688 34 139 34
277328.762582 2110793.909708 170.328327 34 139 34
277646.171983 2111431.662884 168.730309 139 69 19
277786.852392 2111554.308928 184.392504 34 139 34
276738.268544 2110969.227929 33.492381 139 69 19
277286.369755 2111682.659490 88.009893 139 69 19
277051.534306 2111316.028120 68.505326 139 69 19
277006.068596 2111537.432526 27.557786 34 139 34
277269.899341 2110670.974216 181.200962 139 69 19
276920.741889 2111216.813997 55.253242 139 69 19
277214.758308 2110652.051525 197.839393 34 139 34
276895.069728 2111711.583548 -7.215849 139 69 19
277483.605940 2110961.058188 186.020828 34 139 34
277608.553517 2111347.381026 201.341449 34 139 34
277506.305999 2110831.737285 219.268290 34 139 34
277296.773712 2111657.314771 79.548564 139 69 19
277658.212440 2110843.598575 218.952942 139 69 19
276930.853364 2110701.402269 112.539175 139 69 19
276850.493635 2110696.542788 81.901287 139 69 19
277439.170590 2111089.594761 165.432149 34 139 34
276984.402378 2111314.153543 79.731897 34 139 34
276781.701587 2111231.878699 8.930270 34 139 34
277525.549352 2111139.002857 193.974854 139 69 19
277394.336720 2110908.753783 179.740993 34 139 34
276845.561027 2110759.281386 79.919435 34 139 34
276963.323267 2110865.533648 88.563634 34 139 34
277120.031643 2111139.826004 107.105932 139 69 19
277640.134664 2111030.183082 226.981422 34 139 34
277578.429630 2111039.808225 213.751568 34 139 34
276926.729499 2111167.781476 65.886693 139 69 19
276802.680316 2111030.531449 51.392389 34 139 34
277664.892726 2111549.398092 161.431658 139 69 19
277083.734739 2111080.750414 108.577858 139 69 19
276893.322846 2111113.288574 65.392322 34 139 34
277317.703256 2110625.667710 211.067166 139 69 19
277485.381405 2111252.048161 158.503362 34 139 34
277650.038156 2111234.543258 182.679437 139 69 19
276673.359589 2110741.480020 28.867981 34 139 34
277349.588040 2111395.173389 111.139851 139 69 19
276695.502366 2110953.373333 30.990840 34 139 34
277718.912133 2111243.288146 211.575562 139 69 19
276867.093640 2111603.746519 -19.528729 34 139 34
277533.373727 2110683.154236 222.295921 34 139 34
276851.877719 2111017.936936 58.823869 139 69 19
277199.852121 2111359.096245 89.136656 34 139 34
277581.304645 2111105.576785 202.917542 34 139 34
276888.149739 2111526.485584 10.131709 34 139 34
276992.874439 2110989.554607 86.728863 34 139 34
277098.237885 2111182.577364 88.026640 34 139 34
277238.964493 2111014.480375 148.826789 34 139 34
277568.313016 2111256.039240 182.264274 139 69 19
277137.060906 2110955.032037 110.473392 139 69 19
277109.459191 2111028.838514 116.390839 139 69 19
277162.872083 2111005.888198 132.921675 34 139 34
277537.080658 2111141.837892 192.167141 34 139 34
276785.130133 2110965.296411 32.220350 139 69 19
277455.835064 2111432.717787 147.203721 139 69 19
276786.753218 2111074.268280 39.258248 34 139 34
277509.582451 2110968.254844 190.428708 139 69 19
276808.543915 2111783.451096 -37.060921 139 69 19
277457.138338 2111181.659805 172.477144 34 139 34
277649.726117 2111441.667522 187.899804 34 139 34
276914.261653 2111360.916452 35.890147 139 69 19
276830.923686 2111008.370188 49.951382 139 69 19
277178.032756 2111468.033912 73.565847 34 139 34
277127.179383 2110694.714090 166.118017 139 69 19
277539.431071 2110634.720871 244.518473 34 139 34
276599.298810 2110768.523292 57.402299 139 69 19
277490.292285 2111264.144823 187.779476 34 139 34
277211.954710 2111706.629105 60.382525 139 69 19
276812.240131 2111058.152159 43.710615 139 69 19
277341.979251 2111569.620312 89.686802 139 69 19
277580.531099 2111497.237972 150.893695 34 139 34
276958.752395 2111402.036409 37.841453 34 139 34
277151.588332 2110716.110986 144.743056 139 69 19
276816.804416 2110965.467479 71.755566 139 69 19
277368.668573 2111588.205494 103.968596 34 139 34
276749.284124 2111148.571342 28.892927 139 69 19
277294.443915 2110820.953036 173.932787 34 139 34
277692.459085 2111465.609389 180.823079 139 69 19
277305.745761 2111287.438249 125.037793 34 139 34
276918.703883 2111239.349857 48.510321 139 69 19
277476.843682 2111324.318133 156.904202 139 69 19
276966.117952 2111660.457368 -2.607680 139 69 19
276932.917595 2111357.244688 45.859153 34 139 34
276857.249532 2111479.025220 7.129013 34 139 34
276823.069997 2111068.259211 48.518158 34 139 34
277444.675902 2111517.341608 143.087927 139 69 19
277201.601247 2110703.056534 165.916320 139 69 19
277535.067672 2110787.538532 222.148696 139 69 19
276709.548984 2111219.349120 -2.360135 139 69 19
277581.205090 2110902.322992 200.972720 139 69 19
276974.909479 2111540.029755 27.039641 34 139 34
276872.652155 2111368.417729 9.451839 34 139 34
277756.428988 2111414.148660 202.808674 139 69 19
277271.539213 2111642.873752 59.821025 139 69 19
277270.767518 2111333.332170 118.212951 139 69 19
277254.296849 2110929.431969 152.816488 34 139 34
277600.825760 2110950.881973 217.593400 139 69 19
276796.628103 2111234.398016 23.230786 139 69 19
277681.120193 2111146.372354 238.336385 139 69 19
276911.512043 2111652.910987 1.706080 139 69 19
277205.026865 2110990.399099 120.753736 139 69 19
277035.727094 2111516.508729 51.910956 139 69 19
277033.401868 2111243.975854 64.715000 34 139 34
277336.126022 2110782.319732 181.674921 34 139 34
277065.615093 2111355.815132 56.299594 139 69 19
276982.564680 2110677.741690 120.998746 34 139 34
277220.348275 2111479.372692 81.795700 139 69 19
276819.714804 2111511.497736 3.927127 34 139 34
277562.728671 2111486.658795 170.727810 139 69 19
276936.373459 2111657.659434 7.356484 139 69 19
276773.262092 2111331.180225 28.224866 139 69 19
277418.759796 2111352.524001 149.702140 34 139 34
277320.408694 2111495.203829 81.435080 34 139 34
276811.124689 2111079.495426 26.692256 34 139 34
277386.531979 2111048.859639 164.390744 34 139 34
277030.692299 2110715.099069 134.335681 34 139 34
277400.095812 2111651.078932 89.603145 34 139 34
276816.994483 2110829.714521 80.965782 34 139 34
277401.124803 2111294.710656 143.846709 139 69 19
277601.873597 2111040.677815 201.707669 34 139 34
277400.131867 2111292.560120 131.178193 139 69 19
276768.985240 2111342.568408 12.496871 139 69 19
277717.412867 2111120.410856 210.039287 34 139 34
276969.255363 2111237.118184 53.186910 139 69 19
277527.994886 2111331.708189 142.157635 139 69 19
277640.719637 2111210.882910 189.676654 139 69 19
277013.416688 2111317.256652 51.827519 34 139 34
276786.857875 2111485.559925 -19.424153 34 139 34
277617.111204 2111053.232591 203.205549 34 139 34
276758.052054 2111441.293530 -12.165376 34 139 34
276757.756907 2110740.474699 71.807742 34 139 34
277312.289687 2111015.634716 135.478961 34 139 34
277422.651688 2110883.767223 214.847767 34 139 34
277197.783980 2111142.610412 133.009789 139 69 19
277083.129256 2111545.240300 30.061288 34 139 34
277557.680065 2111287.473099 174.374814 139 69 19
277307.653823 2110787.100260 175.049091 34 139 34
277429.092190 2111341.312111 146.955083 34 139 34
277240.726247 2111391.001354 97.182014 34 139 34
277394.073899 2111158.070268 156.006366 139 69 19
277591.851675 2110855.686422 229.779809 139 69 19
276779.842267 2110840.361491 83.554415 34 139 34
277251.186245 2111225.627362 112.707201 34 139 34
277596.683753 2111371.175175 175.044242 139 69 19
277555.625391 2111093.490487 202.117316 139 69 19
277802.326311 2111599.766195 184.748008 34 139 34
277593.084147 2110788.793553 232.644650 139 69 19
277511.234164 2111172.587202 190.822868 34 139 34
276719.638109 2111382.828185 0.643317 139 69 19
277557.104256 2110721.274627 238.781314 34 139 34
277211.726363 2110946.118007 141.850750 139 69 19
277511.701957 2111472.408061 147.904794 139 69 19
276876.831973 2111277.322667 22.718862 139 69 19
276967.757317 2111655.683446 13.758685 34 139 34
277659.867041 2111246.496756 179.935021 34 139 34
277120.799041 2111582.280501 70.349641 139 69 19
277475.953252 2110967.482944 188.329681 139 69 19
277198.570237 2110836.591053 151.900114 34 139 34
277665.194964 2111517.604630 164.788689 34 139 34
277243.014344 2111664.114897 72.443612 139 69 19
277013.696837 2111489.819654 40.797683 139 69 19
276801.169977 2110897.968070 67.282124 139 69 19
277571.769214 2110624.160480 250.548685 34 139 34
277560.728623 2110834.140740 234.702568 34 139 34
277056.960605 2111088.774574 88.873168 34 139 34
276999.555935 2111697.502278 29.699909 34 139 34
277263.038781 2110856.317386 143.816962 139 69 19
277313.676358 2110749.483395 197.553314 139 69 19
276735.545633 2111046.983395 24.175269 34 139 34
277319.655656 2111420.632749 113.107759 139 69 19
277574.886495 2111243.723663 177.389404 139 69 19
276647.623428 2111027.599820 9.886556 34 139 34
276730.514731 2111406.104159 -12.951466 139 69 19
277631.145123 2111515.801641 162.869419 139 69 19
276849.937689 2111580.568665 -10.287371 34 139 34
276735.718529 2111263.706817 7.762761 139 69 19
277012.361705 2111694.972747 14.895585 139 69 19
277579.451923 2111500.931062 159.303898 34 139 34
276821.127945 2111424.000120 14.911128 139 69 19
277036.772861 2111469.343255 37.232554 34 139 34
276875.343303 2111388.268984 24.510971 139 69 19
277439.932532 2111319.476509 151.468636 139 69 19
277227.522564 2110834.176228 146.863353 139 69 19
277228.168652 2111030.597420 135.242014 139 69 19
277251.596148 2110656.260686 144.409993 34 139 34
277468.474188 2110685.091388 214.319058 34 139 34
276986.758072 2111610.760297 28.836279 34 139 34
277131.345927 2111158.271187 88.662365 139 69 19
277740.121480 2111508.453413 184.899076 34 139 34
277531.584373 2110703.592388 205.636073 34 139 34
277089.246068 2111499.683776 52.267504 34 139 34
276982.005991 2110673.399164 101.972439 34 139 34
277404.768371 2110886.909104 174.484990 139 69 19
277089.839927 2110962.634304 130.108336 139 69 19
276644.126167 2110867.174236 43.232033 34 139 34
277187.048505 2111127.818270 118.625834 139 69 19
276893.760454 2111071.962104 73.255006 34 139 34
276975.041253 2110895.511749 89.010863 139 69 19
277155.128259 2111616.424830 66.555883 139 69 19
277091.352108 2111548.392825 37.507082 34 139 34
277277.100974 2111567.548363 79.456624 34 139 34
277624.151880 2111375.745031 161.972969 34 139 34
277117.195834 2111081.977921 111.640256 139 69 19
276823.763391 2110766.990710 71.451311 139 69 19
276843.714755 2110951.918788 52.668056 34 139 34
276744.306139 2110724.827208 41.949130 139 69 19
277189.247254 2111035.526841 109.908102 139 69 19
276871.832534 2111415.825352 20.958486 139 69 19
276786.787872 2110854.804996 70.143984 34 139 34
277717.724596 2111063.983504 223.782137 139 69 19
276854.524487 2110947.758373 60.233936 139 69 19
276956.860269 2111675.181911 -5.566242 139 69 19
277411.560652 2111630.584463 118.978553 34 139 34
277635.731947 2111131.561521 214.974295 139 69 19
277085.813088 2110758.263124 120.046271 34 139 34
277482.400330 2111281.288096 175.496153 34 139 34
277068.536430 2110848.840926 107.276823 34 139 34
277546.084613 2111270.638989 173.054723 139 69 19
277744.968532 2111309.860043 196.728877 139 69 19
276968.527191 2111675.140816 11.447117 139 69 19
277106.937887 2111160.913655 61.297266 139 69 19
277503.389010 2110648.555479 239.011538 139 69 19
277185.242298 2110805.507590 145.959810 139 69 19
277332.488930 2111095.010219 162.748712 34 139 34
277127.138424 2111326.630205 61.834521 34 139 34
277193.685042 2111253.461482 108.821437 139 69 19
277507.258791 2111011.644116 190.816867 139 69 19
276894.955470 2110813.769299 90.985650 34 139 34
277154.488850 2111719.890408 42.189753 34 139 34
277103.851355 2111727.523133 48.556679 34 139 34
277287.616606 2111414.016332 107.917085 139 69 19
276838.480783 2111393.544410 20.483780 34 139 34
277454.029754 2111529.374745 137.959354 34 139 34
277585.491513 2110961.729219 196.071130 34 139 34
277668.753787 2111627.119284 158.273470 139 69 19
277183.245683 2111529.759713 93.871962 139 69 19
277215.680204 2111010.452190 135.323750 34 139 34
277486.377198 2111402.612734 140.145745 34 139 34
277028.080322 2111259.958836 74.332505 34 139 34
276735.330656 2111249.609881 6.670522 34 139 34
276830.086366 2110973.531768 63.932919 139 69 19
276932.401043 2111294.805680 60.256853 139 69 19
276919.943233 2110747.778591 101.579520 139 69 19
276961.678551 2111425.029147 31.105291 139 69 19
276871.588256 2111095.899936 54.017108 34 139 34
276850.564124 2110999.137189 54.001136 34 139 34
277122.427760 2111132.215858 109.174414 34 139 34
276954.867716 2111751.007018 -1.234478 139 69 19
277674.144369 2111040.921357 222.316665 34 139 34
277110.407808 2111584.046930 65.692659 139 69 19
276999.121919 2111727.851617 16.265263 34 139 34
277325.677394 2111571.262145 97.855597 139 69 19
277472.055505 2111147.476427 177.908255 34 139 34
276809.734148 2111517.374097 1.136087 34 139 34
277210.574312 2111088.351973 138.464230 34 139 34
277355.319619 2110767.950986 176.362472 139 69 19
276874.783732 2111613.325250 12.008862 34 139 34
277026.193018 2111308.307597 67.965133 139 69 19
276825.444816 2111718.862168 -4.158849 34 139 34
277489.353314 2111162.610544 170.465215 139 69 19
277352.181343 2111406.978710 138.334970 34 139 34
277338.910800 2111066.592325 174.295228 139 69 19
276899.108611 2111453.738474 9.803203 139 69 19
277666.074247 2111144.208043 233.565716 139 69 19
277437.735186 2111157.064672 160.727407 139 69 19
277444.904964 2110908.472356 197.275184 139 69 19
277356.562336 2110646.540899 204.329152 34 139 34
277540.561583 2110897.246317 204.494870 139 69 19
276838.476572 2110768.018090 94.289694 139 69 19
277154.028822 2111732.459089 37.746705 34 139 34
277380.558659 2111149.632102 160.571386 34 139 34
277171.609124 2111018.023039 120.039314 139 69 19
277459.062882 2111346.177855 140.731592 139 69 19
277295.403978 2111542.385410 68.913727 34 139 34
276765.888432 2111351.314731 -5.275340 34 139 34
277316.930530 2110905.449492 147.256855 139 69 19
277292.969432 2111519.695425 103.061524 34 139 34
277426.801073 2110781.544356 207.367612 139 69 19
277334.681508 2110806.274563 179.854073 139 69 19
277010.603168 2110969.597949 69.893750 139 69 19
277688.633539 2111626.483668 161.944009 34 139 34
277564.127159 2110960.197487 210.567218 139 69 19
277378.271368 2111291.720290 142.323765 139 69 19
277370.061342 2110702.021473 200.782655 139 69 19
276680.672919 2110821.769740 38.038522 34 139 34
277398.111909 2111679.398032 102.842408 139 69 19
277446.460261 2111493.707424 122.531447 139 69 19
277262.246396 2111468.815403 94.556896 34 139 34
277293.667454 2111259.088087 128.550135 139 69 19
276853.197176 2110729.349064 87.452432 139 69 19
277612.942039 2111117.842201 196.873794 139 69 19
277463.537965 2110599.265901 222.065529 139 69 19
277007.956234 2110666.632263 121.242375 34 139 34
276836.352250 2111397.404702 21.073432 34 139 34
277047.560769 2111421.667536 39.858090 139 69 19
277186.972664 2110860.862302 134.132049 139 69 19
277221.400361 2111510.576062 72.193590 139 69 19
277537.059520 2111161.243142 190.604064 34 139 34
277514.563158 2111209.399017 178.578842 139 69 19
277445.017185 2110992.367134 206.876654 34 139 34
276777.946072 2110738.947146 67.277180 139 69 19
276881.510938 2111305.107435 31.941891 34 139 34
276850.359780 2111451.606715 8.233880 34 139 34
277565.670770 2110566.962682 227.132017 34 139 34
276955.082167 2111256.604447 45.519662 139 69 19
276981.474416 2111421.058473 45.724292 139 69 19
276803.189736 2111507.488173 7.317736 34 139 34
276986.431280 2111104.416196 73.963156 139 69 19
276969.605862 2111506.651332 17.125340 139 69 19
277672.719137 2110924.750479 255.225980 34 139 34
277168.018886 2111383.938040 81.989836 34 139 34
277179.555754 2110889.127239 136.032457 139 69 19
277366.506288 2110929.477684 159.625138 34 139 34
277189.058604 2111160.114270 121.105008 139 69 19
277175.251048 2110779.016474 106.150804 139 69 19
277518.537145 2111368.492909 158.759844 139 69 19
277710.136559 2111115.246114 231.833407 34 139 34
277623.858021 2111142.620647 193.417334 139 69 19
277268.752606 2110625.043156 175.209287 139 69 19
276707.878802 2111001.800294 16.222342 34 139 34
277605.927512 2111151.523865 182.007247 34 139 34
277652.430632 2111134.234953 217.839302 34 139 34
277541.337661 2111261.691247 166.093871 34 139 34
277689.954132 2111218.713956 209.840190 34 139 34
277588.779707 2110622.580910 239.127992 139 69 19
276967.710530 2111475.405311 39.190133 34 139 34
276958.993130 2111206.682607 66.319249 139 69 19
276928.621566 2111280.984273 41.330024 34 139 34
277226.429021 2110985.138301 146.799558 34 139 34
277560.114701 2110719.074620 227.565866 34 139 34
277231.124356 2111171.374018 120.997574 34 139 34
277567.208781 2111486.606400 135.537495 139 69 19
277398.899747 2111506.385975 106.292919 34 139 34
276959.665207 2111064.961579 65.958542 34 139 34
276826.064870 2111103.305882 29.210863 34 139 34
277661.651608 2111159.848476 215.196912 34 139 34
276954.431801 2110679.706983 125.444243 34 139 34
277635.022312 2110762.112998 238.152246 34 139 34
277716.066119 2111328.176951 195.271949 34 139 34
277424.874292 2111326.798980 131.711727 139 69 19
277196.271653 2111691.140277 52.790588 34 139 34
276892.692752 2111301.500716 33.520898 34 139 34
277601.000677 2110932.963166 235.066008 34 139 34
277480.859573 2111276.364265 166.585915 34 139 34
277028.280783 2111336.335395 69.585987 34 139 34
276763.779475 2111340.885910 10.317235 139 69 19
277266.404173 2111437.341111 97.306048 139 69 19
277746.364185 2111292.668874 197.626435 139 69 19
277108.258586 2111680.753813 30.208924 34 139 34
277169.975732 2110693.438868 178.338872 139 69 19
277403.045406 2110939.832166 170.539738 34 139 34
276980.598506 2111177.113682 44.591395 139 69 19
276946.319328 2110993.063248 79.286631 139 69 19
277023.639557 2111543.304340 21.701884 34 139 34
277214.670446 2111255.487459 112.169492 34 139 34
276661.932883 2110922.820359 24.606329 139 69 19
277149.043877 2110956.283244 132.322867 34 139 34
276809.244453 2111785.396416 -40.472216 139 69 19
277377.561939 2111541.634220 113.389931 34 139 34
276965.705462 2110821.122719 108.059861 34 139 34
277182.954964 2111370.864710 78.189735 139 69 19
277406.866166 2111070.027165 159.216037 139 69 19
277728.508182 2111598.654940 173.088746 139 69 19
277391.884947 2111552.814545 103.547055 139 69 19
277473.561812 2111607.767263 124.893268 34 139 34
276965.762017 2111210.573355 50.533930 34 139 34
277125.248439 2111420.804706 79.853996 34 139 34
277396.505491 2111170.029503 153.049153 34 139 34
277394.933758 2110674.319728 213.900009 139 69 19
277368.097443 2111046.337857 178.895370 139 69 19
276755.436213 2111219.739588 23.197505 139 69 19
277501.881284 2111191.360195 171.437745 34 139 34
277258.918598 2111475.551900 95.825264 34 139 34
277097.004008 2111244.413847 76.928697 139 69 19
277739.082687 2111321.463953 239.673756 139 69 19
277727.329837 2111461.998164 195.023263 34 139 34
277575.223965 2111645.823475 137.784024 139 69 19
277676.076232 2111015.388354 226.086511 34 139 34
277197.414951 2111083.726130 116.463039 34 139 34
277020.225723 2111616.019569 12.445061 34 139 34
277363.832511 2111204.572616 141.123574 34 139 34
277585.484890 2111613.126140 143.691442 34 139 34
277199.804066 2111557.491829 92.845610 139 69 19
277724.024906 2111200.043227 222.727386 139 69 19
277462.357796 2110976.261997 197.002567 34 139 34
276782.283566 2111344.092906 -2.582460 139 69 19
277586.607704 2110719.193032 239.478664 34 139 34
276914.053180 2111025.432941 79.393697 139 69 19
277406.500197 2110897.088514 169.865444 139 69 19
277588.831734 2111216.971699 201.942015 34 139 34
277158.395843 2110727.389055 136.755629 139 69 19
277615.950941 2111458.436664 167.422210 34 139 34
277311.402964 2111529.879862 96.517399 139 69 19
277408.104777 2110856.907477 204.073368 34 139 34
276934.145732 2111556.505871 10.745898 139 69 19
277258.957867 2110881.298161 171.435753 139 69 19
276714.857280 2111342.599043 -0.738133 34 139 34
277239.484761 2111407.007266 95.370685 139 69 19
277003.671235 2111521.970177 39.755034 139 69 19
276852.507323 2110978.715931 52.398527 139 69 19
277016.484162 2111555.348472 24.966416 34 139 34
276851.151548 2110786.173753 81.586895 139 69 19
277235.727892 2111031.081198 125.408752 139 69 19
277252.660493 2111158.720275 128.473554 34 139 34
277496.975932 2111018.927858 179.866694 139 69 19
277386.052498 2110698.030626 221.497486 139 69 19
277427.486772 2111288.601814 158.783223 34 139 34
277386.961419 2111077.879374 163.679869 139 69 19
276958.410569 2111450.673617 45.339540 139 69 19
277602.083791 2110611.614324 269.583555 139 69 19
277266.940716 2111712.956244 66.570760 139 69 19
277444.678315 2110875.398961 189.170923 34 139 34
276817.916970 2111549.607215 -3.384630 34 139 34
277436.846124 2110609.448197 222.247791 34 139 34
277174.583800 2110723.173271 142.570623 34 139 34
277592.945580 2111550.232436 139.193059 34 139 34
277216.003323 2110755.170793 154.972723 139 69 19
277176.426678 2111707.687474 41.892800 139 69 19
277648.331571 2110818.319033 238.907701 139 69 19
276758.050989 2111273.613649 10.232107 139 69 19
276854.429094 2111554.775535 -10.609606 139 69 19
277574.854019 2111501.705512 143.719594 139 69 19
277083.189980 2111205.007804 94.344405 139 69 19
277086.644394 2111229.191426 73.837636 34 139 34
277632.491630 2111480.950584 176.819862 139 69 19
276827.679079 2111764.075359 -12.958191 139 69 19
276866.050573 2111444.325351 21.611691 34 139 34
276837.085970 2110897.110993 66.352399 139 69 19
277322.956786 2111202.814708 118.842744 34 139 34
277702.451264 2111121.716774 194.373342 34 139 34
277305.895362 2110777.981138 188.379606 34 139 34
277510.547375 2111351.637096 172.825675 139 69 19
277683.189606 2111406.672294 197.516935 34 139 34
277078.663694 2111083.223877 104.857316 139 69 19
276999.691587 2110776.374718 128.221634 34 139 34
277316.490776 2110697.179565 184.474938 139 69 19
277123.180990 2111536.347750 47.695285 139 69 19
276807.048103 2111615.708499 -25.504021 34 139 34
276841.089750 2111149.594365 41.077137 139 69 19
277500.558730 2111247.193074 166.792293 139 69 19
277137.067018 2111011.765345 111.893794 34 139 34
277196.402718 2111452.115491 71.406789 139 69 19
277754.831316 2111338.299119 220.821261 139 69 19
277229.854959 2111681.293077 66.313689 139 69 19
276834.106399 2111331.486206 27.295087 139 69 19
277310.706183 2111679.328367 80.969087 34 139 34
277264.781020 2110970.383517 141.964706 34 139 34
276752.783687 2111568.563898 -11.173843 34 139 34
276847.470506 2111288.822934 10.824044 34 139 34
277577.848917 2110653.891056 245.786313 34 139 34
277348.452188 2111425.494428 116.185466 34 139 34
277098.923278 2111585.337163 43.531183 34 139 34
277582.667552 2110677.670284 258.789599 34 139 34
277044.480244 2111542.901459 43.386094 34 139 34
277655.051689 2110895.965538 233.376923 139 69 19
276959.999955 2111700.164845 0.161296 34 139 34
277354.726102 2111032.208641 163.249116 139 69 19
277156.303455 2111345.503538 111.922405 139 69 19
277511.251192 2111087.914169 182.229204 34 139 34
276774.910982 2110734.250155 49.961798 34 139 34
276838.635504 2111073.962659 45.177056 139 69 19
276850.250802 2111785.084554 -29.690974 34 139 34
277251.796892 2110632.171314 187.068008 139 69 19
277287.775549 2111143.255255 121.818404 34 139 34
276809.568031 2111248.221623 16.262487 34 139 34
277583.447023 2111416.419481 170.678882 139 69 19
277767.907422 2111598.737934 201.284757 139 69 19
277451.047078 2111536.100272 118.695210 139 69 19
277386.545305 2110904.069487 181.082690 34 139 34
277193.673907 2111591.349501 73.776384 139 69 19
276872.251739 2111364.474900 16.875519 139 69 19
277230.627218 2111603.610160 83.756723 139 69 19
277338.321663 2111158.118902 151.523560 139 69 19
277547.314903 2110692.987544 259.835301 34 139 34
277572.393265 2111011.988733 216.508051 34 139 34
277351.759919 2110845.955519 179.111787 139 69 19
276985.518423 2111408.313389 27.650059 34 139 34
277568.671735 2111589.500049 147.700174 34 139 34
277554.737286 2111237.416455 190.511990 139 69 19
277344.484857 2110900.169665 186.056047 34 139 34
277569.018349 2111058.901274 185.589916 139 69 19
276961.565320 2110736.067380 107.009996 139 69 19
277448.536939 2110803.593967 207.500325 34 139 34
276864.294388 2110797.084107 92.283530 139 69 19
277562.191329 2110710.508978 237.436388 34 139 34
276933.346477 2111100.278099 79.019588 139 69 19
276826.539625 2110743.552352 76.303786 139 69 19
277357.503609 2110668.836506 221.461896 34 139 34
277050.756891 2110695.772050 116.901999 139 69 19
277538.891482 2111201.283815 184.353204 139 69 19
277812.598855 2111564.489602 192.528509 139 69 19
277657.492759 2111494.741222 170.957407 139 69 19
276691.024482 2111275.965113 1.133584 139 69 19
276924.261102 2111068.800888 64.873089 34 139 34
277546.088536 2111438.974395 164.044001 139 69 19
277231.342340 2111274.911896 110.408160 34 139 34
276948.875502 2111247.830321 45.118426 139 69 19
277407.200787 2111680.379914 90.829371 34 139 34
277338.558829 2111604.643699 109.166617 139 69 19
277375.258406 2111030.902927 163.635414 34 139 34
277171.173353 2111606.882602 53.397076 139 69 19
277464.054400 2110589.713821 249.697093 34 139 34
277351.890165 2111208.678741 145.066599 34 139 34
276848.417788 2110962.760243 65.808887 34 139 34
276894.399377 2111054.365901 73.842248 139 69 19
277699.917691 2111185.031476 245.792273 34 139 34
276854.003336 2111342.960454 22.614086 139 69 19
277224.414643 2111256.139201 105.814478 139 69 19
277640.245005 2111314.734732 193.941580 34 139 34
277389.313749 2110674.631685 196.865612 139 69 19
276823.078464 2111554.298234 -16.681534 34 139 34
277442.828733 2111010.888313 181.858924 139 69 19
277537.901525 2111544.793827 144.926092 34 139 34
277151.687260 2111463.367168 71.872414 139 69 19
277556.797231 2110628.365010 257.829858 34 139 34
277041.639684 2111154.964343 80.755453 34 139 34
277379.658183 2110681.620443 200.688081 139 69 19
276790.478955 2111397.793660 -8.461086 34 139 34
276781.821939 2110981.040339 51.502984 34 139 34
277410.484648 2111632.906357 98.572822 139 69 19
277420.379023 2110984.502294 190.255586 34 139 34
276642.440065 2110915.888162 32.644331 34 139 34
277703.068966 2111142.964449 219.025574 34 139 34
276821.392450 2110729.856908 74.551176 34 139 34
276882.808559 2110999.790815 58.128068 139 69 19
276883.210774 2111190.765206 57.093970 139 69 19
277226.620077 2110998.691799 139.894527 34 139 34
277325.610693 2111553.826157 109.421047 139 69 19
276905.676295 2110778.314801 80.872028 34 139 34
277106.092602 2111484.615595 50.149578 34 139 34
277541.415825 2111092.881459 179.072356 139 69 19
276683.198624 2111218.695665 -2.014180 139 69 19
277182.249029 2111004.654774 131.024414 34 139 34
277121.997903 2111721.479384 37.335163 139 69 19
276731.358605 2111151.659347 11.079066 139 69 19
277112.229056 2111057.502378 111.263612 34 139 34
277632.737086 2110662.386433 231.458327 34 139 34
277534.590377 2111461.996844 145.363263 34 139 34
276888.779193 2111527.790616 16.091664 139 69 19
277034.695937 2111668.618206 40.661320 34 139 34
277479.993274 2110692.575973 213.017103 34 139 34
276890.609674 2111038.406089 68.655275 34 139 34
277104.860019 2111199.442784 95.286331 34 139 34
276698.067734 2110919.782815 17.686582 34 139 34
277624.632323 2110618.867100 272.960489 34 139 34
276827.847041 2111373.518235 12.492403 139 69 19
277047.354864 2110995.473891 102.486804 139 69 19
276835.622456 2110711.637152 98.454459 34 139 34
277040.647422 2111391.178191 44.378208 34 139 34
277042.256346 2111039.853502 96.343769 139 69 19
277389.234978 2111682.176360 103.114225 34 139 34
277214.379116 2110763.734461 163.199410 34 139 34
277015.608882 2110973.319761 104.705329 139 69 19
276935.427336 2111261.913258 28.397555 34 139 34
276725.228588 2110995.010979 33.027597 139 69 19
277439.522493 2111154.431393 171.883518 139 69 19
277294.220857 2111322.949685 114.142916 139 69 19
276943.728189 2111394.006066 44.050936 34 139 34
277395.018465 2111436.527041 112.759325 34 139 34
277604.533560 2111532.913082 173.967829 139 69 19
277183.091318 2110668.829048 144.807420 34 139 34
276894.835953 2110924.574862 68.908537 34 139 34
276772.571449 2111323.610703 -1.813101 139 69 19
276945.690446 2110772.367936 113.484126 139 69 19
276734.557702 2110994.110164 23.059878 139 69 19
277069.852720 2111507.312195 63.120771 139 69 19
277502.518220 2110594.887217 250.102570 139 69 19
276909.907572 2111025.833104 68.066091 34 139 34
277435.118355 2111127.650072 173.692318 34 139 34
277172.106187 2111685.600008 59.716691 139 69 19
277013.894074 2110737.261050 107.803166 34 139 34
276740.625189 2110955.951852 60.818771 139 69 19
277397.337224 2110831.610090 192.278427 139 69 19
277490.772693 2110774.788616 213.281165 139 69 19
277170.837280 2111042.207353 119.534141 139 69 19
276905.674807 2111179.012608 59.500305 34 139 34
276871.789630 2111094.726482 55.903988 34 139 34
277623.949370 2111161.573960 202.612853 139 69 19
277296.682929 2111503.291149 91.023737 34 139 34
276863.428647 2111626.997964 -6.279078 34 139 34
277737.667268 2111237.175126 208.404749 139 69 19
277287.514829 2111536.403084 98.814335 34 139 34
277649.066212 2111627.489758 156.117190 34 139 34
277368.779826 2110844.556095 184.534904 34 139 34
277160.496704 2110706.572802 158.882559 34 139 34
276663.084856 2111057.238194 5.521684 34 139 34
276835.392519 2111479.488329 14.003513 139 69 19
277089.745102 2111537.373079 52.793872 34 139 34
277163.266947 2111046.057229 108.670166 139 69 19
277008.955868 2110738.587992 125.679343 34 139 34
277159.843033 2111369.197041 80.871111 139 69 19
277485.232159 2110599.620110 234.550827 139 69 19
277618.313785 2111271.912949 188.874038 34 139 34
276928.815340 2111018.818926 64.476912 139 69 19
277441.261393 2111545.468162 122.343640 34 139 34
277277.690900 2110671.869213 152.292763 139 69 19
277464.449814 2111426.227746 157.815803 34 139 34
277610.652278 2111293.580706 188.319309 34 139 34
277312.543722 2111016.947528 152.576999 34 139 34
277370.250635 2110775.907126 193.062447 139 69 19
277333.718260 2111285.213357 106.557211 34 139 34
276966.568524 2110781.852457 102.148684 139 69 19
276899.885308 2111705.349266 -6.042358 139 69 19
276985.688570 2111728.432085 -9.638473 34 139 34
277586.575046 2110908.690724 223.701469 34 139 34
277467.607588 2111355.495727 165.064901 139 69 19
277467.192233 2111553.405504 115.254246 34 139 34
276829.109510 2111083.472659 59.066113 139 69 19
277023.943053 2110769.276742 120.259963 34 139 34
276614.840040 2110824.396281 43.635049 139 69 19
277375.732121 2110773.857083 200.375161 139 69 19
276754.216982 2111166.059114 21.754507 139 69 19
277388.725328 2111463.156271 116.736025 139 69 19
277664.291631 2111069.259975 198.077378 34 139 34
276814.815819 2111632.044953 -22.325764 34 139 34
277569.582446 2110854.078171 220.189433 139 69 19
276931.586244 2110697.474965 111.535630 139 69 19
276807.942774 2111110.782814 29.877228 34 139 34
277059.329775 2111210.444226 75.798468 139 69 19
277741.163518 2111429.244411 196.603936 139 69 19
277630.938510 2111527.747234 158.296327 139 69 19
277618.879858 2111051.502484 225.309861 139 69 19
277462.703842 2110657.751051 217.655081 139 69 19
277692.717205 2111265.770783 190.651135 139 69 19
277088.336940 2111303.058443 69.823654 34 139 34
276664.687768 2110884.815501 16.288420 34 139 34
276803.411385 2110774.834168 75.236302 139 69 19
277577.669705 2110896.698806 232.239333 139 69 19
276780.497976 2110829.804149 62.760053 34 139 34
276988.770717 2111259.788306 49.942516 34 139 34
277302.946320 2110920.411396 154.919590 139 69 19
276833.694370 2111431.256015 17.037280 139 69 19
277637.982669 2110950.943039 233.044055 34 139 34
276723.157015 2110900.992957 31.659978 34 139 34
277304.244678 2111053.242648 152.140458 139 69 19
277327.279358 2111367.767560 116.347839 139 69 19
277544.372105 2110811.946915 206.138120 34 139 34
276742.499630 2111471.856973 -32.781561 34 139 34
277016.048355 2111131.069963 78.463051 139 69 19
277090.358042 2111222.122232 91.877871 139 69 19
276810.902755 2111617.788609 -39.788159 139 69 19
277703.061569 2111338.294892 202.843217 34 139 34
277234.843739 2111042.541195 130.850209 34 139 34
277424.768258 2111587.596065 116.466255 34 139 34
277266.133805 2110944.767124 141.067181 34 139 34
277110.167510 2111471.427760 55.369845 34 139 34
277309.455028 2111080.586836 142.432287 34 139 34
276809.032739 2110835.042071 55.014324 139 69 19
277598.096503 2111466.718655 159.953662 34 139 34
276855.828691 2111239.224109 25.134328 139 69 19
277677.320169 2110872.476718 233.363831 139 69 19
277288.953939 2110667.221889 180.980760 34 139 34
276801.327900 2111513.663397 -1.984487 139 69 19
276850.187124 2110910.403218 74.424303 34 139 34
277443.043667 2111400.134143 139.926243 139 69 19
276873.257409 2110964.673266 67.291934 139 69 19
276819.703765 2111776.375130 -22.647995 139 69 19
276703.478491 2111132.553584 5.618589 139 69 19
277364.818957 2111583.661418 118.326635 34 139 34
277664.428442 2111338.433202 198.250755 139 69 19
276954.322850 2110821.058292 102.252922 34 139 34
277268.438549 2110904.203477 159.258686 139 69 19
276817.179415 2111598.693155 -3.458443 34 139 34
277223.444231 2110705.061655 143.836522 139 69 19
277571.365289 2110829.705333 220.594794 34 139 34
277034.018445 2111066.895338 105.171302 139 69 19
277494.382037 2111262.814241 164.900370 139 69 19
276784.023566 2111298.219282 12.930109 139 69 19
277668.497772 2110875.325294 252.124522 139 69 19
277475.478520 2110842.156886 191.856354 139 69 19
277111.470819 2111489.677557 70.173996 139 69 19
277457.344954 2111590.232658 135.203032 34 139 34
276778.386632 2111634.443192 -24.315291 34 139 34
276697.198748 2110976.798864 24.264047 34 139 34
276821.850374 2110988.242171 55.089307 139 69 19
276791.654534 2111513.326419 -11.393164 34 139 34
277258.739193 2111188.081660 129.135120 139 69 19
277290.841765 2111445.632549 101.160441 34 139 34
277444.485797 2111299.914849 164.909242 34 139 34
277670.992744 2111233.558523 213.383709 34 139 34
277526.317616 2110594.058212 221.054808 34 139 34
276996.896808 2111172.363135 75.615058 139 69 19
277389.219535 2110602.387751 225.771157 34 139 34
276708.037096 2110951.090658 18.792179 34 139 34
277093.095131 2110917.102224 99.642928 34 139 34
277231.017578 2111481.377243 92.626291 34 139 34
276852.825625 2110797.267208 71.658899 34 139 34
277255.838911 2111468.148715 82.457327 34 139 34
277079.732479 2111575.504440 27.113697 34 139 34
277670.287103 2111603.704525 161.055649 34 139 34
277423.770178 2111597.134034 112.207542 139 69 19
277157.563159 2111422.269059 75.578533 34 139 34
277418.443434 2111114.212560 159.311348 34 139 34
276829.727154 2110872.870796 64.565853 139 69 19
277778.035818 2111513.723174 193.867576 34 139 34
277490.232405 2111366.111007 166.821456 34 139 34
277059.174603 2110800.826450 127.015535 34 139 34
276711.691331 2111107.056456 8.412598 34 139 34
277013.795814 2110700.132585 155.333852 34 139 34
277222.332488 2110772.880510 147.626118 139 69 19
277548.995346 2110586.932978 227.073362 34 139 34
277126.411037 2111156.991699 80.158964 139 69 19
276886.028338 2111026.605807 68.331916 34 139 34
277023.160283 2111265.902362 53.142038 139 69 19
277657.011940 2111295.975473 202.796965 34 139 34
276741.604679 2111060.196126 10.542852 34 139 34
277571.921125 2110656.158822 262.958561 139 69 19
277562.150456 2110681.385648 248.542534 34 139 34
276717.707367 2110793.753541 47.821018 34 139 34
277734.875596 2111175.946120 209.382511 34 139 34
277536.582777 2111190.750427 194.339325 34 139 34
277588.307133 2110995.211667 212.410676 139 69 19
277117.034511 2110699.285821 159.153581 34 139 34
276926.068481 2110779.440718 101.311861 34 139 34
276832.667083 2111387.997424 28.017527 139 69 19
276838.855688 2110923.703897 74.015315 34 139 34
276798.993787 2111190.275924 28.282314 139 69 19
276932.662543 2111442.160086 32.799474 34 139 34
276977.702670 2110747.227459 113.482273 34 139 34
277157.793440 2111287.411122 85.957471 34 139 34
277138.581714 2110800.971898 135.776647 139 69 19
276912.107260 2111436.881580 20.663551 139 69 19
277224.656563 2110988.554131 127.063079 34 139 34
277505.460579 2111039.045089 203.923654 139 69 19
276628.493824 2110778.982214 26.206783 34 139 34
277693.541586 2111518.293739 184.860865 139 69 19
277629.248043 2111268.800258 188.302567 139 69 19
277498.370449 2110975.418543 190.596019 34 139 34
277583.116128 2111117.013616 184.952257 139 69 19
277310.461285 2110766.764412 155.423688 34 139 34
277146.429646 2111669.935235 53.830975 34 139 34
277348.671280 2111521.347190 115.362590 139 69 19
276841.889391 2110984.203019 53.860757 34 139 34
276774.288939 2111382.404129 -7.943069 139 69 19
277179.854068 2111411.862035 88.424078 34 139 34
277595.030299 2110793.963700 249.651217 139 69 19
277307.586881 2111472.155028 104.418485 139 69 19
277283.407697 2111563.039387 75.558449 139 69 19
276929.264360 2111072.194752 67.948167 34 139 34
276798.733975 2110821.398777 91.851496 34 139 34
277093.747389 2111043.488070 99.357604 139 69 19
277723.126802 2111366.997375 194.834151 139 69 19
277444.826390 2111419.973708 136.349690 34 139 34
276825.266525 2111579.994747 4.223850 34 139 34
277399.195904 2111186.238442 149.353725 139 69 19
277174.959207 2110773.862438 131.419620 34 139 34
277387.923067 2111180.515244 131.271535 34 139 34
276979.145109 2111306.239162 55.997846 139 69 19
277187.389158 2110891.483109 137.654598 139 69 19
277648.569181 2111515.325514 169.879478 34 139 34
277492.862992 2110644.124260 244.789581 34 139 34
277382.519823 2111635.864042 105.375741 139 69 19
277079.905978 2110909.302140 112.241660 34 139 34
277263.448867 2110708.697456 196.328571 34 139 34
277422.544965 2111085.106744 172.399926 34 139 34
276921.563129 2111201.387437 52.657088 139 69 19
277695.237064 2111188.359720 201.234993 139 69 19
277526.600324 2111316.578944 155.708690 139 69 19
277232.759752 2110666.942850 171.858295 139 69 19
277317.474149 2111685.063095 71.764576 34 139 34
276927.185891 2111472.472092 15.557128 139 69 19
277039.514030 2110890.848799 75.376017 34 139 34
277279.267001 2111103.253836 120.212033 34 139 34
276822.358184 2111544.933994 -0.598749 139 69 19
277047.500300 2111444.633132 68.224983 34 139 34
277194.890523 2111395.221805 86.709546 34 139 34
276825.002971 2110948.529189 43.218313 139 69 19
277447.050405 2111116.014736 176.015681 139 69 19
276923.717743 2111499.699625 6.122797 34 139 34
277531.829020 2111381.249669 155.972205 139 69 19
276730.324906 2111088.170962 20.669162 34 139 34
277259.328030 2111501.473189 95.326359 34 139 34
277043.793314 2110966.332239 97.257359 139 69 19
277425.456270 2111316.292202 133.404456 139 69 19
277066.714696 2111053.410350 111.966107 139 69 19
276786.289455 2111172.641470 29.642653 139 69 19
277359.865644 2110962.157784 169.962149 139 69 19
276771.800871 2111140.272008 24.727014 139 69 19
277139.201184 2111378.297400 89.537341 139 69 19
276872.765855 2110824.049330 83.422644 34 139 34
276700.892500 2111072.316961 23.445153 34 139 34
276703.644496 2110938.476192 18.118043 139 69 19
277106.705816 2111357.590863 61.376290 139 69 19
276632.988650 2110983.585290 32.436051 139 69 19
276830.516368 2111067.141001 37.403310 139 69 19
277099.378129 2111314.373677 66.721597 34 139 34
276751.673660 2111533.664690 -28.814785 34 139 34
277181.983136 2110889.337332 150.358592 34 139 34
276765.072279 2111447.479286 0.857054 34 139 34
276947.263907 2110747.388906 121.894537 34 139 34
277082.362692 2110654.979514 137.899981 139 69 19
277184.533233 2111319.789231 81.112215 139 69 19
277601.674308 2111381.901151 160.517096 139 69 19
276929.036948 2110721.950610 93.032026 139 69 19
277164.734774 2110903.421019 114.626402 34 139 34
277068.680777 2111276.926469 76.736479 139 69 19
277184.781318 2110878.971408 144.632980 34 139 34
276708.606684 2111030.668629 51.807142 139 69 19
276857.089484 2111689.900231 7.032182 139 69 19
277647.079184 2110998.980727 227.208249 34 139 34
277448.374186 2111032.398719 189.258593 34 139 34
277706.627817 2111424.479088 189.138284 34 139 34
277064.185113 2111690.856216 22.704974 34 139 34
277450.404742 2111252.720347 149.776007 139 69 19
277402.587126 2110662.376221 215.203471 34 139 34
276885.554847 2111103.728837 54.072402 139 69 19
276828.246182 2111405.359321 16.104856 34 139 34
277518.163328 2111334.440595 154.519678 34 139 34
277223.293315 2111527.806348 60.825672 139 69 19
277224.681344 2111179.756533 101.219096 34 139 34
276894.384015 2110879.419810 70.834425 34 139 34
277486.499454 2110622.571280 221.032893 139 69 19
277087.205386 2110878.926993 119.946478 139 69 19
276784.857849 2110939.464943 60.084943 34 139 34
277325.499364 2111163.242160 139.383206 34 139 34
276669.981056 2110819.455410 41.177159 34 139 34
277650.912639 2111000.904055 230.413714 34 139 34
277108.975986 2110744.898923 121.312829 34 139 34
277058.350482 2111139.045505 83.821737 139 69 19
277394.103896 2111282.668973 131.873844 34 139 34
277194.004853 2110831.666151 142.228800 139 69 19
276968.487473 2111600.658740 4.714323 139 69 19
276811.808253 2111066.025185 59.537957 34 139 34
277126.334189 2111045.139505 91.156667 34 139 34
276738.225026 2110913.920873 54.181131 139 69 19
277308.472544 2111421.488684 114.969388 139 69 19
277398.793559 2111041.309495 171.836511 139 69 19
276974.965848 2110930.122866 101.713427 139 69 19
277185.123068 2111044.591620 104.776870 139 69 19
277013.215317 2111322.482997 46.587122 34 139 34
276937.141615 2111040.259950 64.908555 34 139 34
277561.210638 2110853.213901 229.688161 139 69 19
277070.986097 2111371.859347 70.714495 34 139 34
277527.636153 2110699.159217 243.757232 34 139 34
277541.893668 2110881.484390 235.279649 34 139 34
277079.543173 2111571.304584 32.395098 34 139 34
276790.076882 2111262.894857 10.315579 139 69 19
276853.028229 2110959.853093 55.869706 139 69 19
277575.068166 2111452.042254 155.355931 139 69 19
276820.405061 2111161.725664 40.842895 139 69 19
277305.719748 2111500.109619 99.823395 139 69 19
277598.936141 2110889.644960 231.573126 34 139 34
277325.092625 2111607.178283 86.820359 34 139 34
276901.332240 2111313.339350 37.030858 139 69 19
276907.089805 2111359.598295 25.467448 139 69 19
277047.243178 2111158.695473 82.597389 139 69 19
277586.104053 2111209.555010 183.800335 34 139 34
277485.160296 2110858.337874 207.416278 139 69 19
276872.092500 2111133.570817 30.571414 34 139 34
277703.866635 2111602.265665 163.970862 139 69 19
277662.150644 2110989.467485 224.515594 139 69 19
277136.605420 2111166.008114 85.325181 139 69 19
277102.901182 2111081.505746 78.098234 139 69 19
277249.512544 2110781.603064 163.040194 139 69 19
277163.760169 2111085.464303 130.544523 139 69 19
277548.770172 2111372.422018 154.523440 139 69 19
276901.368819 2110752.944749 93.906952 34 139 34
277128.477563 2111250.921425 91.698236 34 139 34
276799.729953 2110918.013535 63.364856 139 69 19
277125.319751 2111428.792642 76.821455 34 139 34
277545.420335 2111555.184686 147.761029 34 139 34
277599.295584 2110801.933459 228.668234 34 139 34
277220.335266 2111641.447657 81.019358 34 139 34
277571.090681 2110706.857012 217.466257 139 69 19
277375.057689 2110867.821234 163.725523 139 69 19
276996.970366 2111414.695638 35.438994 139 69 19
277267.117238 2111618.412863 58.938804 34 139 34
277177.299979 2111610.905938 56.289714 139 69 19
277388.611154 2110717.814872 203.360390 139 69 19
277221.858177 2111389.423414 80.181215 139 69 19
277066.556368 2110986.144681 102.469152 139 69 19
276764.277613 2111155.200577 38.400691 139 69 19
276884.084449 2110803.548369 84.751746 34 139 34
277121.937623 2110942.801939 128.002831 139 69 19
276946.049196 2111701.883839 -19.367939 139 69 19
276890.559451 2110905.715450 65.047892 34 139 34
277644.689858 2111001.091417 233.228448 34 139 34
277320.606449 2111560.724622 95.794272 34 139 34
277243.786421 2111112.070959 121.006039 34 139 34
277527.999426 2111407.186288 170.673448 34 139 34
277248.145184 2111388.611963 100.370006 139 69 19
277347.990645 2111426.156569 117.367188 139 69 19
277678.835553 2111495.670439 164.940021 34 139 34
276675.856463 2110916.050389 37.914098 34 139 34
276689.116490 2110834.696977 33.893653 139 69 19
277014.711639 2111481.176264 46.701942 139 69 19
277394.752888 2110816.433917 183.021146 34 139 34
276810.045278 2111565.940319 9.004672 34 139 34
276863.948586 2111098.278356 58.526289 34 139 34
277322.416448 2110881.093603 155.175485 34 139 34
277234.614317 2111603.508832 80.036648 139 69 19
277424.878188 2111349.854457 139.954841 139 69 19
277252.390498 2111640.921097 85.399508 34 139 34
277327.706346 2111476.522869 100.985130 139 69 19
276734.044090 2110961.592311 24.784281 139 69 19
276845.643306 2111512.205133 5.636941 34 139 34
277261.950495 2111367.486078 102.412652 139 69 19
277552.653505 2111316.467477 186.565883 34 139 34
277748.993415 2111424.940387 201.960987 34 139 34
277115.819430 2111159.407714 87.271945 34 139 34
277154.161019 2111230.646581 88.579437 139 69 19
277493.357331 2110770.121408 200.736627 34 139 34
277580.010978 2110588.432930 238.101512 139 69 19
277048.631507 2110804.532631 119.382613 139 69 19
276945.816390 2111421.339481 34.759907 139 69 19
276762.202939 2111384.986421 18.798350 34 139 34
277456.523731 2111255.988961 172.965179 139 69 19
277676.548866 2110963.943500 214.866922 139 69 19
277101.887466 2111430.031847 90.568813 34 139 34
276803.681350 2111043.545514 28.912762 34 139 34
276655.984202 2110837.310496 53.230859 34 139 34
277369.377146 2110673.812996 202.440301 34 139 34
276888.061734 2111490.262061 10.312921 139 69 19
276841.890585 2111787.445728 -33.778479 139 69 19
277141.065434 2111307.976649 72.026977 139 69 19
277606.695989 2110951.049166 208.969183 139 69 19
276990.937567 2111364.742039 52.600372 34 139 34
277360.576975 2111404.542446 107.083666 34 139 34
276711.196863 2111326.449673 -6.381448 34 139 34
277181.376065 2110991.583628 141.947618 139 69 19
277385.691596 2111456.898449 139.784864 34 139 34
276907.827409 2111535.463961 6.434049 139 69 19
276924.897685 2110955.527692 74.893841 34 139 34
277211.825771 2111275.218355 105.077952 139 69 19
277477.190792 2110768.365176 209.990551 139 69 19
277574.854915 2111175.276262 192.353074 34 139 34
276722.548879 2110778.288365 54.937875 139 69 19
277053.598700 2111459.571915 40.190056 34 139 34
277250.290961 2110905.087058 172.133604 139 69 19
276829.751146 2111064.617792 43.655955 34 139 34
277259.585982 2110725.803489 182.189771 139 69 19
277046.680802 2111345.943661 56.833121 34 139 34
277369.502227 2110894.205571 182.094202 34 139 34
277404.570788 2110778.433452 191.874171 34 139 34
277654.149727 2110944.260219 245.185133 34 139 34
277497.491347 2111282.779832 172.804647 34 139 34
276812.839687 2111394.371510 19.818341 34 139 34
276823.320871 2111014.651964 48.017260 34 139 34
277697.767109 2111134.251819 216.651141 139 69 19
277046.224574 2110659.568279 122.110319 34 139 34
277105.273504 2110834.150432 116.380772 139 69 19
277179.324106 2110693.054969 163.364910 139 69 19
277460.912425 2110720.205363 217.961806 34 139 34
276938.878800 2110859.698758 86.184612 34 139 34
276629.235670 2110876.910058 23.715484 34 139 34
277346.278502 2110756.011737 202.389397 139 69 19
276669.052532 2110939.095521 33.841604 34 139 34
277121.880804 2111598.706243 63.577353 34 139 34
277416.460161 2111443.518879 151.915488 139 69 19
277522.353575 2111218.628294 166.774673 139 69 19
276836.274081 2111489.384784 -6.594025 34 139 34
276727.584873 2111235.211255 11.322398 139 69 19
277265.297608 2111637.759118 82.124494 139 69 19
277125.897303 2110847.507501 137.846813 34 139 34
277747.776675 2111347.500979 216.831000 139 69 19
277580.826494 2111321.096176 163.976827 34 139 34
277159.688450 2111698.839646 70.615431 139 69 19
277468.268270 2110993.651082 209.202143 139 69 19
277417.769471 2110987.885207 173.113190 139 69 19
277328.692054 2111695.465964 87.596844 34 139 34
276881.513012 2110816.649184 90.918586 34 139 34
276916.871246 2111751.102022 -6.542174 139 69 19
277577.127060 2111482.655387 151.440279 34 139 34
276703.260172 2111291.820484 -5.260594 139 69 19
276775.375769 2111706.556225 -34.252197 139 69 19
276872.257366 2110709.108343 81.175146 34 139 34
276928.159546 2111452.891419 32.944759 139 69 19
277219.115962 2110763.156168 153.608742 34 139 34
277428.542296 2110891.533821 195.928418 139 69 19
277606.373965 2111017.515674 218.626561 139 69 19
276993.572241 2110715.989704 101.232681 139 69 19
277372.041250 2111352.262942 132.017148 139 69 19
277513.194040 2110983.583467 184.307952 139 69 19
277390.861967 2111104.268664 148.046177 34 139 34
277081.890009 2111298.901669 95.246231 34 139 34
277512.632443 2110682.894787 241.422682 34 139 34
277757.116051 2111478.490996 194.761406 139 69 19
276931.349437 2111628.110496 13.411554 34 139 34
276694.041175 2111256.142835 11.127960 139 69 19
276915.372887 2111430.539695 18.036673 139 69 19
277465.435823 2110944.637994 196.937720 34 139 34
277511.106432 2111554.177854 133.219072 34 139 34
277004.492769 2111303.507794 61.051591 139 69 19
276861.987280 2110740.265928 80.623565 139 69 19
277088.516753 2111128.402774 118.966659 34 139 34
276835.436202 2110929.949103 44.308916 34 139 34
277292.498640 2110927.199836 164.364701 139 69 19
276773.789857 2110723.601824 51.475749 139 69 19
277220.419632 2111588.482096 70.991902 34 139 34
277662.149418 2111530.338396 192.434525 34 139 34
277074.598108 2111359.115230 55.867980 139 69 19
277408.096939 2110766.057669 186.152873 34 139 34
277378.199836 2111620.113656 100.715253 34 139 34
277449.080839 2110598.143559 204.564543 34 139 34
277652.913188 2111035.132052 212.384207 34 139 34
276759.376758 2111317.107637 6.490220 34 139 34
277702.991275 2111387.432741 182.899890 34 139 34
277580.502246 2110593.919453 251.668318 139 69 19
277081.225153 2111594.832749 36.177576 34 139 34
276748.136997 2110745.177931 61.127835 34 139 34
277611.144570 2111541.333092 153.192054 139 69 19
277020.020198 2111209.101988 97.292988 34 139 34
276992.470350 2110861.577818 107.211227 34 139 34
276694.388723 2111269.837453 10.108300 139 69 19
276813.663982 2111254.530853 23.601755 34 139 34
277618.540958 2111127.694829 219.546987 139 69 19
276852.147881 2111707.654650 -2.207575 34 139 34
276862.868971 2111316.636563 30.304863 139 69 19
277052.417501 2111231.164746 79.803299 34 139 34
276872.666329 2110857.435883 89.310801 139 69 19
277515.886042 2111046.895045 169.966519 34 139 34
277239.321633 2111391.021883 75.456223 139 69 19
276788.306515 2111563.317452 -17.254051 139 69 19
277468.925476 2110836.237191 206.497443 34 139 34
277493.240696 2111444.094035 134.888462 34 139 34
276957.971517 2111014.861800 96.174439 34 139 34
276657.617713 2111004.590132 21.867667 34 139 34
276815.000808 2111427.779937 15.735585 34 139 34
276749.802706 2111192.307138 10.684650 34 139 34
276834.719124 2110890.480469 58.467653 34 139 34
277029.852984 2110736.241258 115.696644 139 69 19
277528.715136 2111249.932811 171.655038 139 69 19
277104.635310 2110803.093028 150.965249 139 69 19
277502.080543 2111411.747517 138.875590 34 139 34
277707.183693 2111414.879779 206.273726 139 69 19
277147.504087 2110757.287159 135.744256 34 139 34
277342.757266 2110767.843260 173.193344 34 139 34
277466.165499 2111457.549688 142.642520 139 69 19
277547.116217 2111293.866702 168.420521 139 69 19
277709.379663 2111155.753468 218.520546 139 69 19
277388.448029 2111456.251435 124.135330 139 69 19
276779.109984 2110744.461794 71.304491 139 69 19
276794.969423 2111093.706984 40.836074 34 139 34
276665.755960 2111000.146895 11.280424 34 139 34
277646.504110 2110808.300227 242.016988 139 69 19
277634.919496 2110673.936816 245.605292 34 139 34
277267.621691 2110771.256345 159.534778 34 139 34
277470.732597 2110880.120607 197.796281 139 69 19
277028.852141 2110994.052577 94.238632 139 69 19
277143.606012 2110886.455908 127.467591 139 69 19
277209.514259 2111694.560547 62.960630 139 69 19
277383.316505 2110881.803247 182.968780 34 139 34
277335.413710 2110854.489063 180.085701 34 139 34
277186.828226 2111098.115624 119.213332 139 69 19
277280.229008 2111417.891808 113.112146 34 139 34
276829.415956 2111364.777041 22.327992 34 139 34
277051.648504 2110995.544934 103.921067 139 69 19
276782.822237 2111664.901143 -31.319416 34 139 34
277460.943538 2110914.391029 214.938389 34 139 34
276862.531964 2111660.404988 -19.170566 34 139 34
276632.653875 2110940.589974 26.801301 139 69 19
277455.729698 2110593.530044 219.732246 139 69 19
277127.669782 2111625.203300 64.904514 34 139 34
276859.577156 2111621.521902 12.085116 139 69 19
276952.716687 2111026.850351 91.154190 34 139 34
276843.887871 2111436.506376 11.487615 34 139 34
277595.395091 2111652.233408 153.219029 139 69 19
277236.738274 2111558.457128 88.149911 139 69 19
277000.341815 2110697.629600 139.768458 34 139 34
277511.181090 2111132.001546 183.942165 34 139 34
277397.720167 2110698.673235 212.299360 34 139 34
277139.437876 2110689.193003 151.070130 34 139 34
276886.669963 2111627.008261 -0.572333 34 139 34
277397.992959 2111205.931073 159.100841 34 139 34
277642.940222 2110763.345019 258.008034 139 69 19
276866.928308 2110787.220284 74.554963 34 139 34
277100.353052 2110963.818878 101.592994 34 139 34
277674.618665 2111054.017094 233.013648 34 139 34
276926.187471 2111414.478158 9.771530 139 69 19
276868.128530 2111583.067181 3.218507 139 69 19
277183.051652 2111030.201566 115.462482 34 139 34
276815.124382 2111308.833002 -7.282234 34 139 34
277413.981619 2110771.622037 222.976658 139 69 19
276959.736858 2111246.759861 34.455820 139 69 19
276958.267017 2111717.445764 18.091147 139 69 19
277548.621739 2111184.259692 210.538405 34 139 34
277088.595026 2111499.854312 76.597873 34 139 34
277598.916777 2110759.374815 223.352747 139 69 19
277074.901008 2111374.702532 79.218804 34 139 34
276727.958871 2111348.537466 -12.271751 34 139 34
276756.851264 2111002.660796 52.657505 34 139 34
277647.065316 2111046.844992 243.153046 139 69 19
277266.523785 2111199.104017 141.532287 34 139 34
277307.534014 2110929.679331 151.194995 34 139 34
277255.436634 2110906.890021 147.307062 34 139 34
276941.881614 2111625.764768 28.856199 139 69 19
277433.805097 2111125.264412 168.881872 34 139 34
276830.260043 2111342.655143 17.280504 139 69 19
277072.917512 2110845.670017 122.397861 34 139 34
277580.336665 2110573.200830 257.566975 139 69 19
276886.664252 2111584.651571 -8.010163 34 139 34
277398.620526 2111607.675163 131.292387 139 69 19
277543.183107 2110801.842296 218.009734 34 139 34
277051.500404 2111661.747098 33.845761 34 139 34
277443.992819 2111315.174211 145.847893 139 69 19
277551.194531 2111309.574178 157.268210 139 69 19
277290.386726 2110935.363920 164.700471 139 69 19
276833.467226 2110966.006680 43.353238 34 139 34
277692.044097 2111149.546815 221.472053 34 139 34
277243.474465 2111678.412374 66.044408 139 69 19
276653.923062 2111085.764535 13.776205 139 69 19
277555.963561 2111210.123670 199.836156 34 139 34
277296.161090 2110764.568004 187.480644 34 139 34
277157.157690 2111638.037501 58.148229 34 139 34
276805.575722 2111292.795515 12.866284 34 139 34
277230.012267 2111008.739495 137.794275 139 69 19
277034.834530 2111335.045011 69.297621 139 69 19
277164.839529 2110771.186402 150.399667 139 69 19
277460.012878 2111593.835475 97.195448 34 139 34
277039.475424 2111524.665945 28.229605 139 69 19
277105.964886 2111663.714079 51.056613 34 139 34
277572.094494 2111496.060222 135.740756 139 69 19
277480.096208 2111125.305184 159.981366 34 139 34
277284.547494 2111522.859168 92.590662 34 139 34
276775.235458 2111059.455256 32.507005 34 139 34
277333.666955 2111606.235436 79.670234 34 139 34
277000.638159 2111315.452511 44.738617 139 69 19
277174.167890 2111049.279959 131.334900 34 139 34
277131.334006 2111246.044264 88.053383 34 139 34
276794.374412 2111221.844232 32.616494 139 69 19
277560.399466 2111317.327017 179.510932 34 139 34
276895.584127 2111587.185819 -1.228572 139 69 19
277330.869232 2110643.663776 186.966638 34 139 34
277629.841732 2110792.324722 248.020289 34 139 34
276980.304832 2110679.773075 126.695356 34 139 34
277449.470022 2110881.982528 174.953824 139 69 19
277606.040834 2110877.239749 226.279529 34 139 34
276819.077852 2110755.574495 72.396297 34 139 34
276730.202218 2111272.640943 14.072376 139 69 19
276828.119899 2111276.100310 25.051522 139 69 19
277419.755961 2110967.042047 181.191224 139 69 19
277689.581024 2111419.617162 188.895747 34 139 34
277027.542396 2111121.724262 101.131272 139 69 19
277818.271250 2111585.611990 172.679386 34 139 34
276719.266704 2110977.340446 41.354967 139 69 19
277158.527089 2111536.505648 76.547232 139 69 19
277279.378025 2111175.791041 126.929730 139 69 19
277231.700910 2110662.567479 158.800516 34 139 34
276900.813085 2111514.023635 13.351247 34 139 34
277348.542987 2111184.748508 158.212807 139 69 19
277091.574889 2111465.637792 47.079193 34 139 34
277127.962353 2110755.460621 147.526965 139 69 19
276982.176089 2110855.428138 100.068532 34 139 34
277584.684077 2111262.531258 193.431563 139 69 19
277059.390917 2111277.015434 82.224029 139 69 19
277246.179268 2110878.954111 145.076017 34 139 34
277278.328811 2111695.388130 63.418343 34 139 34
276693.882488 2110787.723638 48.197397 139 69 19
277023.941866 2111277.705195 71.174669 139 69 19
277480.185358 2111068.210399 175.703872 139 69 19
276927.781896 2111669.957347 0.942015 139 69 19
276716.165445 2110966.867972 26.878041 139 69 19
276995.169892 2111569.443922 32.207358 34 139 34
277042.043431 2111171.465844 99.040938 139 69 19
276905.671989 2111635.772574 16.181001 139 69 19
277186.643897 2111087.753337 98.234876 139 69 19
277400.446122 2111624.089748 104.309254 34 139 34
276850.743078 2111401.695612 22.210753 139 69 19
277154.473132 2111617.778440 72.154937 34 139 34
276793.745587 2111174.163067 32.286870 34 139 34
277505.787543 2111169.647862 186.082590 34 139 34
277070.104559 2111323.014770 55.742011 139 69 19
276796.775129 2110864.330544 76.970000 34 139 34
277504.608757 2111452.100771 152.422493 139 69 19
277352.207137 2110901.369899 183.476431 34 139 34
277220.059981 2111265.909897 125.680129 34 139 34
277443.468792 2110751.623558 198.125512 34 139 34
276859.723493 2111454.426718 18.557364 34 139 34
277340.334926 2111500.580352 122.188274 139 69 19
277218.891005 2111645.349268 81.865922 34 139 34
277058.949067 2111684.545012 11.209505 34 139 34
276807.127097 2111154.501002 27.207387 34 139 34
277107.061084 2111359.130675 71.135450 139 69 19
277338.206534 2110974.570902 161.552988 34 139 34
277585.185366 2111525.300500 155.460138 34 139 34
277133.757301 2111161.199379 109.022168 34 139 34
277543.270595 2110756.950309 224.127134 139 69 19
277288.733241 2111691.886373 85.333147 34 139 34
277035.965616 2111722.589591 20.051657 139 69 19
276780.232331 2111229.458988 7.238860 34 139 34
277579.654252 2110789.933133 241.229009 34 139 34
277447.450724 2111302.810820 147.838876 139 69 19
277337.116405 2111459.663890 112.289075 34 139 34
277052.062342 2110822.642651 117.637338 139 69 19
276675.999404 2111126.238102 9.495727 34 139 34
277043.217658 2110684.037216 108.386210 34 139 34
276804.000580 2111437.377571 -9.570381 139 69 19
277638.080940 2111487.943587 175.427070 34 139 34
276984.206240 2110970.541745 92.673724 139 69 19
277389.366005 2110801.767243 197.720293 34 139 34
277480.613442 2110702.059191 219.832962 34 139 34
277233.923568 2111367.231969 119.346679 34 139 34
277291.296147 2111066.211071 141.045480 139 69 19
276851.396438 2111497.922140 12.457074 139 69 19
277512.165434 2110897.432617 225.758050 34 139 34
277033.588024 2111289.985003 77.621859 34 139 34
276975.482785 2110726.956691 103.148432 139 69 19
276849.197429 2111182.111173 41.765301 139 69 19
276897.797507 2111345.635400 36.305376 34 139 34
276812.441515 2111033.345073 45.983604 34 139 34
277139.478244 2111632.647434 38.336367 34 139 34
277301.351828 2110863.999254 172.375704 34 139 34
277065.853899 2111586.296433 36.953997 34 139 34
276928.252459 2111612.772131 23.797199 139 69 19
276983.646910 2111763.836948 5.861910 34 139 34
276983.908686 2111022.427259 68.194990 34 139 34
276905.331005 2111426.789988 39.700388 139 69 19
277273.631083 2110651.275553 183.254125 34 139 34
277343.104197 2111458.128372 129.515390 139 69 19
277371.906060 2111125.510735 144.322877 139 69 19
277540.264373 2111414.318616 168.465990 139 69 19
277773.032059 2111576.089875 204.092706 139 69 19
277676.379810 2110852.092022 244.762001 139 69 19
277125.788682 2111313.970116 73.252769 139 69 19
277337.884407 2110945.842468 143.852229 34 139 34
277056.441622 2111353.638732 51.805082 139 69 19
276916.181342 2111100.825281 67.857294 139 69 19
277742.343436 2111378.666060 205.927008 139 69 19
276963.334604 2111492.541796 23.303308 139 69 19
277576.964375 2110564.611640 267.734154 34 139 34
277151.861645 2110873.024217 133.903364 139 69 19
277225.294832 2110856.384216 139.274578 139 69 19
276873.028750 2110846.338670 75.801779 139 69 19
277226.277018 2111674.634560 54.932228 34 139 34
276695.395243 2111234.216982 -6.019376 34 139 34
277580.754575 2111610.166172 150.060443 34 139 34
277015.110079 2111747.996966 20.795670 139 69 19
276708.054718 2110763.967225 62.839276 139 69 19
276997.567221 2111695.235223 11.932027 34 139 34
277603.659934 2111159.949736 201.367829 139 69 19
277649.830068 2110976.285555 244.960838 34 139 34
276901.078116 2111425.292565 24.206555 139 69 19
277705.172347 2111218.556259 220.046264 139 69 19
277279.930626 2111511.941507 102.465977 139 69 19
277711.290622 2111107.997214 225.948181 139 69 19
277251.619448 2110682.135355 198.677460 139 69 19
277354.601395 2110929.696420 173.558152 34 139 34
277516.917456 2111494.888300 168.421818 139 69 19
277113.648117 2111481.285611 44.441108 139 69 19
277292.841453 2111608.374485 87.111803 139 69 19
277422.509908 2110891.130334 199.503906 139 69 19
276855.411803 2111647.759408 10.556393 139 69 19
277550.282460 2110884.467247 212.956604 34 139 34
277073.138269 2110858.109906 101.695937 139 69 19
276708.816657 2111347.025128 -26.714938 34 139 34
277331.239230 2110985.482146 172.688182 34 139 34
277555.247263 2110807.123721 221.384908 34 139 34
277520.576505 2111082.866303 197.511472 34 139 34
277059.730294 2111479.247164 54.514276 34 139 34
277405.368625 2111125.955531 144.202305 139 69 19
277042.211362 2111165.707911 83.590481 139 69 19
276963.619593 2111295.386045 60.896604 34 139 34
276868.877654 2111126.284731 48.535948 139 69 19
277299.501027 2111191.034811 138.246850 139 69 19
277027.830533 2110777.184612 119.149397 139 69 19
277139.122840 2110653.837993 174.478151 34 139 34
277611.373605 2111619.075590 141.521701 139 69 19
277174.473722 2110704.045958 156.164249 34 139 34
277105.699628 2111666.184738 32.398468 34 139 34
277162.291414 2110959.834950 132.921527 34 139 34
277383.748738 2111544.893118 97.167309 139 69 19
276713.047275 2111096.477779 7.511559 34 139 34
277444.170108 2110615.610942 217.066636 34 139 34
276971.261638 2111110.217732 54.148612 139 69 19
277088.947640 2111126.953592 78.380760 34 139 34
277636.592855 2110693.231646 263.327244 139 69 19
277372.002127 2110955.291891 181.060924 34 139 34
277179.393648 2110821.735183 140.352064 139 69 19
277577.808835 2111055.552691 184.400839 34 139 34
276843.897663 2111052.486346 38.025130 139 69 19
277815.847943 2111578.979133 194.205110 139 69 19
277306.542960 2111459.147656 109.705049 34 139 34
277336.523216 2110706.755201 175.677392 139 69 19
277065.250809 2111375.628600 64.799724 139 69 19
277539.954742 2111296.889950 174.699954 139 69 19
277546.042669 2111023.576446 180.268243 139 69 19
277501.858870 2111367.439686 149.231483 34 139 34
276946.449920 2111604.359194 20.242171 34 139 34
277472.197091 2111292.344735 158.820914 139 69 19
277224.491063 2110834.716446 139.715246 34 139 34
277095.537085 2111209.229712 94.672967 34 139 34
276902.052957 2111546.484055 12.323313 34 139 34
277124.691266 2110815.199960 119.315450 34 139 34
277498.894048 2111264.306671 161.949857 34 139 34
276747.347930 2111012.007097 21.522488 34 139 34
277224.220506 2111379.407061 92.928380 34 139 34
276719.498596 2111302.173679 -11.660088 139 69 19
276835.789741 2111339.173628 31.391191 139 69 19
277517.061115 2111071.133241 170.615153 34 139 34
277233.165058 2110695.424861 168.682029 34 139 34
277460.296024 2111432.725798 140.497451 34 139 34
277144.158223 2111022.014963 116.261356 139 69 19
276673.189250 2111113.153788 18.443795 34 139 34
276888.816842 2111698.820136 -20.736876 139 69 19
276733.367480 2111264.382911 2.491365 34 139 34
277355.571178 2110691.960895 205.189265 139 69 19
277157.615427 2110954.612176 121.133385 34 139 34
276904.024716 2111525.832888 12.059135 139 69 19
277753.212369 2111563.643498 194.859860 139 69 19
277139.610536 2111692.143381 42.450227 34 139 34
277379.862442 2111158.418895 157.885041 34 139 34
277088.003371 2110877.330820 124.116746 139 69 19
276935.758478 2110688.044020 109.753520 139 69 19
277043.203008 2111563.972067 38.015940 34 139 34
276972.749383 2111699.990570 11.306202 34 139 34
277251.193894 2110873.808880 143.347999 139 69 19
276834.808950 2111040.528627 62.867404 34 139 34
276769.785300 2111146.118347 25.551719 139 69 19
277179.793951 2111473.264391 80.781797 34 139 34
277206.230105 2111364.358286 94.405021 139 69 19
277675.865140 2111431.904860 189.879285 139 69 19
276912.643500 2110911.305034 62.508991 139 69 19
277739.575561 2111336.502768 216.877307 34 139 34
277151.017741 2111512.201772 68.898330 139 69 19
277518.022495 2111291.094437 178.414303 34 139 34
276718.555804 2111385.937123 -17.516952 139 69 19
276946.418207 2111166.218402 45.957131 139 69 19
277725.401411 2111341.722294 209.640637 34 139 34
277564.697738 2111508.132153 173.606425 34 139 34
277500.175483 2110586.039743 242.273544 34 139 34
277319.434083 2110727.877653 169.675839 139 69 19
276784.666231 2110950.597183 42.414922 34 139 34
277032.926530 2111552.710278 29.350812 139 69 19
276826.131179 2111018.832473 40.293652 139 69 19
277578.374142 2111103.177399 194.032888 139 69 19
276905.548481 2111489.531349 8.588018 34 139 34
277499.647078 2111368.341927 159.809667 34 139 34
277276.406716 2111585.454471 74.829418 34 139 34
277435.801268 2111295.026377 153.457207 139 69 19
277203.828133 2111287.536846 101.441289 34 139 34
277045.748278 2111111.320642 96.171048 34 139 34
277079.514173 2110893.138958 118.657947 34 139 34
276798.790648 2110939.166666 55.982590 34 139 34
276791.566821 2111676.320256 -32.317948 139 69 19
277080.097829 2110870.160901 114.901964 139 69 19
276976.989153 2111347.800151 46.663665 139 69 19
276804.870915 2111783.007943 -26.879483 139 69 19
277037.718478 2111128.450378 82.801511 139 69 19
277232.264977 2111140.807487 114.761003 139 69 19
277315.978185 2111299.212767 115.216549 34 139 34
277655.209706 2111303.122207 192.373789 34 139 34
276926.544904 2111356.030147 36.572646 34 139 34
277791.778269 2111442.344611 207.440278 34 139 34
277022.889052 2110675.975001 108.901848 34 139 34
276914.940595 2111152.485049 48.831076 34 139 34
276910.678737 2110969.887628 78.989954 139 69 19
277090.421665 2110776.298933 123.884635 139 69 19
277158.089381 2111205.896670 95.429922 34 139 34
277170.548267 2111568.426254 42.597718 34 139 34
277378.821454 2111061.716759 186.493980 139 69 19
277096.325100 2110934.232308 112.199645 34 139 34
277431.394855 2110760.651470 193.181010 139 69 19
276918.262459 2111207.888151 54.372303 34 139 34
277063.871551 2111459.866029 51.739248 34 139 34
277028.224504 2111460.217212 48.252003 139 69 19
277477.890043 2110991.377868 185.711498 139 69 19
277024.070258 2110970.678034 85.208643 139 69 19
277158.542502 2111135.457201 81.241572 34 139 34
277037.495921 2110860.772394 120.173367 34 139 34
276791.774470 2111336.390145 -4.074709 34 139 34
277240.862411 2111295.611399 117.253636 34 139 34
277034.169781 2111351.747491 64.129134 139 69 19
276974.864205 2111428.011553 30.141073 139 69 19
277499.554333 2110934.093468 202.172350 34 139 34
277063.432500 2111656.970650 27.736297 139 69 19
276748.796887 2111277.852460 -2.829959 34 139 34
277013.713486 2111649.862390 20.489779 34 139 34
276904.660502 2110850.526683 72.074804 34 139 34
277023.799152 2111584.735283 14.858292 139 69 19
277353.295313 2111609.028435 112.378486 34 139 34
276815.912302 2111300.131010 17.108912 34 139 34
277471.802095 2110997.263626 183.311192 139 69 19
277076.648285 2110793.517026 136.295231 139 69 19
276869.733704 2111016.803470 69.981619 139 69 19
277666.637103 2111245.487034 206.424007 139 69 19
277408.238017 2111659.490383 92.067089 139 69 19
277409.888683 2110670.678646 206.541763 34 139 34
277536.001077 2110783.104689 215.406726 34 139 34
277746.421575 2111337.718086 188.709777 34 139 34
277319.013220 2111235.479597 133.703219 139 69 19
277235.321995 2110973.188741 151.558306 34 139 34
277375.195745 2110707.047710 209.562587 34 139 34
276970.049020 2111681.673781 6.121428 139 69 19
277503.012781 2110687.554194 231.271883 34 139 34
277629.951091 2110751.837089 257.744717 34 139 34
276737.541520 2111459.833849 -22.950071 139 69 19
277571.650923 2111607.379120 123.670635 139 69 19
277072.137981 2111263.331752 87.412704 139 69 19
276768.083065 2111615.702312 0.363930 34 139 34
277462.995053 2111391.777392 141.330000 34 139 34
276798.316741 2111693.858590 -35.690415 34 139 34
277573.154692 2111204.041327 193.587129 34 139 34
277590.754731 2111419.396191 172.438455 139 69 19
277607.787319 2111488.209728 149.996771 34 139 34
277134.596099 2111362.144586 95.586015 139 69 19
276713.531261 2111113.069219 11.513463 34 139 34
277418.720878 2110602.309878 224.020170 34 139 34
276680.741559 2111197.959201 -3.933299 139 69 19
276926.624255 2111321.505919 55.724156 139 69 19
276927.941968 2111684.913789 -9.124883 139 69 19
277232.801960 2111344.833659 120.775664 139 69 19
277307.977502 2110931.257827 165.705599 34 139 34
276737.045123 2111456.029520 -20.682921 34 139 34
276866.491644 2110902.842589 46.447857 139 69 19
277500.484310 2110751.532901 225.206057 34 139 34
277657.341654 2110963.838715 234.943809 139 69 19
276734.128547 2110915.395593 28.189626 139 69 19
277368.631135 2111505.805608 117.208615 139 69 19
277120.997791 2111545.568170 63.192381 139 69 19
276974.061747 2111237.122532 57.459150 139 69 19
277454.446561 2111164.375792 146.852054 139 69 19
276772.239012 2111138.132161 21.642703 34 139 34
276819.449995 2111472.882230 -9.030178 34 139 34
277248.214336 2110789.863253 151.269514 34 139 34
276794.653286 2110782.258586 67.271379 139 69 19
277525.789233 2110643.825532 226.992709 34 139 34
276817.132341 2111534.562296 3.257596 139 69 19
276820.158872 2111333.769957 -5.595913 139 69 19
276853.614958 2110880.350532 72.388657 34 139 34
277523.659930 2111383.203147 158.044372 139 69 19
277222.156329 2111084.918198 125.814090 34 139 34
276729.569212 2111100.062649 29.495956 34 139 34
277590.013348 2111314.022883 189.912763 34 139 34
276799.211073 2111534.333179 -25.668550 34 139 34
277356.783165 2111367.471692 140.144764 34 139 34
277115.422484 2110872.951177 137.597919 139 69 19
276962.680145 2111073.511327 74.150661 34 139 34
276865.807113 2111532.632203 -0.822380 34 139 34
277040.744577 2111101.669736 70.000004 34 139 34
276798.038164 2110827.937159 53.963076 139 69 19
276920.196338 2110838.428370 119.345747 139 69 19
277576.323764 2111394.812494 169.116886 34 139 34
276986.348575 2111382.022636 59.772801 139 69 19
276821.267202 2111499.048179 2.683870 139 69 19
277000.199052 2111416.035483 53.376383 139 69 19
277420.863411 2111026.495392 180.606503 34 139 34
276714.290846 2111019.254731 18.089819 139 69 19
277475.670227 2111414.509563 140.647325 34 139 34
277123.302687 2111166.228987 103.070993 139 69 19
277176.906787 2111305.131323 88.011804 139 69 19
277098.164097 2111585.479445 45.065502 34 139 34
276879.887166 2111131.873154 48.672018 139 69 19
277174.610156 2110979.523339 127.030211 139 69 19
277524.552530 2110584.976785 251.254150 34 139 34
277269.428669 2111339.480461 101.211908 139 69 19
276983.335849 2110816.163904 75.419545 139 69 19
277041.839949 2110841.579722 113.281729 34 139 34
277105.846487 2111235.141540 89.401674 34 139 34
277670.685444 2110994.312594 243.699115 34 139 34
277233.438634 2111277.785671 129.501935 34 139 34
276822.357141 2111125.449592 39.698423 139 69 19
277480.550566 2111081.939795 169.016485 139 69 19
277190.695257 2111564.739739 71.071945 139 69 19
277433.969005 2111161.488404 151.393470 139 69 19
277307.003868 2111513.084291 82.757690 34 139 34
276930.380417 2111416.590250 34.863036 139 69 19
277704.497244 2111458.233163 201.612695 34 139 34
277320.804393 2111492.663051 98.620145 139 69 19
277119.978616 2110721.703838 143.669591 139 69 19
277552.518560 2111634.347423 128.741727 139 69 19
277161.461488 2110693.788038 148.525495 34 139 34
277610.434666 2111334.374878 189.757294 139 69 19
277142.610540 2111396.596988 99.984393 34 139 34
277294.140588 2110781.947997 159.995681 34 139 34
277229.544469 2111585.652364 83.058862 139 69 19
277081.033411 2110765.013009 115.462300 139 69 19
276749.057325 2111580.890791 -9.119298 139 69 19
277558.837051 2111090.744027 189.391616 34 139 34
277193.262295 2110780.797807 129.670873 139 69 19
276866.540147 2111169.138959 60.751060 139 69 19
277296.130635 2111367.725588 115.932935 139 69 19
277021.659664 2110908.463213 102.005669 34 139 34
276885.921854 2111751.561751 1.133554 139 69 19
277634.713660 2110991.543102 237.808211 34 139 34
277734.419298 2111270.558787 203.581508 139 69 19
277428.752668 2111064.793572 165.815174 139 69 19
277588.599563 2111591.604648 159.077659 139 69 19
276990.783307 2110924.361721 78.172442 139 69 19
277241.165035 2111056.608293 113.166614 139 69 19
277755.590558 2111356.779632 199.807699 34 139 34
277159.430295 2111016.321850 116.609059 139 69 19
277214.379056 2111526.482205 74.507699 34 139 34
277578.742437 2111043.610941 206.008505 139 69 19
277727.015577 2111486.871029 194.371885 139 69 19
277191.440124 2110921.108278 146.440953 34 139 34
277257.701209 2111132.264903 133.119385 34 139 34
277617.047080 2110629.985807 267.236487 34 139 34
277291.902768 2110775.963223 186.520560 34 139 34
277227.834861 2110635.611335 170.594642 139 69 19
277362.207998 2111250.114856 127.535382 139 69 19
277241.174403 2111572.861049 80.425243 139 69 19
276868.326278 2110910.839901 66.682731 139 69 19
276695.772093 2111152.190286 16.590770 139 69 19
277172.831713 2110665.341025 153.604441 139 69 19
276809.494000 2111446.492490 -1.971467 34 139 34
277359.372666 2111432.094762 125.818893 34 139 34
276666.667302 2110905.738691 32.012589 139 69 19
276976.772021 2111722.804600 7.157254 139 69 19
276861.710029 2111552.123901 9.080477 34 139 34
277289.104529 2111460.747656 116.544302 34 139 34
276875.088790 2111060.960047 53.149244 34 139 34
277660.086803 2110797.172929 272.087092 34 139 34
277426.111825 2111652.609181 115.343256 34 139 34
277322.638336 2111418.997303 118.287831 139 69 19
277072.109441 2111333.742043 49.941204 34 139 34
276702.254634 2110885.694149 22.979606 34 139 34
277657.179840 2111264.120955 194.005435 139 69 19
277069.090601 2111216.073067 78.909988 139 69 19
277173.088701 2111231.921582 79.406383 34 139 34
277526.378565 2111210.489365 198.052235 34 139 34
277690.664359 2111040.363588 224.141868 139 69 19
276704.713935 2111021.912681 34.447368 34 139 34
277665.018046 2111494.412535 169.094947 139 69 19
277016.716333 2111157.769096 66.481380 34 139 34
277584.969780 2111177.801871 175.464294 139 69 19
276904.017943 2111260.078495 37.099883 34 139 34
277574.385056 2111296.803443 188.373208 139 69 19
277345.103696 2111460.232326 115.222262 139 69 19
277417.255479 2110717.239606 217.525720 139 69 19
276726.381306 2110729.246722 54.288008 34 139 34
276737.331259 2110898.265409 35.499325 139 69 19
277400.164370 2111534.167482 115.554329 34 139 34
277407.274297 2110733.557369 215.213262 34 139 34
277577.378742 2111041.246946 230.935936 139 69 19
277287.656538 2110797.159605 166.586685 34 139 34
277653.114937 2111504.317878 172.897731 34 139 34
277179.859930 2110656.522240 162.711826 139 69 19
277130.288599 2111436.693452 64.155323 139 69 19
277344.937007 2110825.348866 184.290360 34 139 34
277606.932453 2110905.847363 227.306907 34 139 34
277247.371481 2111131.069685 133.615047 34 139 34
277001.224068 2111585.792144 17.822803 139 69 19
277091.284818 2111095.003864 115.150730 139 69 19
276903.827416 2111256.042082 49.890180 34 139 34
277229.863314 2110864.058338 155.892853 34 139 34
276840.336669 2111110.467401 41.488101 34 139 34
277281.494343 2111458.825329 94.511913 139 69 19
276878.388120 2111135.557564 46.193112 34 139 34
276902.435515 2111302.078437 19.312252 34 139 34
277428.779607 2110804.995449 183.287680 34 139 34
277046.726232 2111120.105036 82.796116 139 69 19
277201.847129 2110817.605366 155.451822 34 139 34
277074.481044 2111509.770432 65.310262 34 139 34
277100.298157 2111374.280557 61.782638 139 69 19
277342.298872 2111214.524308 122.253765 34 139 34
277034.435017 2111360.191370 73.104390 34 139 34
277415.845036 2110664.674996 216.834720 34 139 34
277404.675814 2111650.291219 117.426422 34 139 34
277388.887885 2111383.145761 133.629721 139 69 19
277486.038848 2111665.229088 101.238128 139 69 19
277646.168103 2111373.716850 179.998569 34 139 34
277474.392086 2111009.327823 177.527333 139 69 19
276709.630030 2110824.968321 51.170812 34 139 34
276962.073827 2111426.835617 24.242518 34 139 34
277191.749593 2111138.426868 130.541914 34 139 34
276883.168793 2111099.924269 31.476937 34 139 34
276943.945190 2111045.712745 77.608858 34 139 34
277516.932021 2110951.809609 208.949699 139 69 19
277619.766115 2111072.081359 221.035725 139 69 19
277408.720411 2110666.422945 169.441938 139 69 19
277690.948615 2111536.841004 167.770089 139 69 19
277177.034958 2110644.075738 180.739262 34 139 34
277169.300317 2110927.065965 144.734193 139 69 19
277648.507807 2111032.421158 231.206250 139 69 19
277345.903418 2111667.242293 72.187603 139 69 19
276822.989586 2111113.329831 31.158053 34 139 34
276828.946219 2110773.085990 79.418555 34 139 34
276802.956009 2111776.895010 -18.515434 34 139 34
277357.113010 2110728.269893 179.260905 139 69 19
277506.077533 2111577.860421 140.937064 139 69 19
276714.550030 2111161.978575 6.691155 139 69 19
276953.404204 2111020.585855 77.580919 139 69 19
277083.464326 2111594.100572 46.360199 34 139 34
276753.537162 2111421.125226 -21.647275 139 69 19
276963.932376 2111569.857375 7.285762 139 69 19
276930.567035 2111327.813197 38.233399 139 69 19
276938.946856 2111205.518082 62.226605 34 139 34
277195.997140 2111212.312790 116.497050 139 69 19
276801.409012 2111356.105240 3.852769 34 139 34
277251.287897 2111208.783695 103.936510 139 69 19
277366.946039 2111546.964916 106.537729 34 139 34
277549.289200 2110890.907362 220.842272 139 69 19
276962.275706 2110950.055991 71.823325 139 69 19
277313.798537 2111385.171820 112.315308 139 69 19
276665.597674 2110879.382872 42.716870 139 69 19
277705.378715 2111220.969169 215.930098 139 69 19
276663.641953 2110759.904389 70.270723 34 139 34
276841.198974 2110903.241646 80.891986 139 69 19
277039.603273 2110879.413562 122.155484 139 69 19
277157.596992 2111109.313798 108.809254 139 69 19
276840.926662 2111261.893161 25.754743 139 69 19
277249.162613 2111459.438388 94.736191 34 139 34
277345.244280 2110709.218252 196.600260 34 139 34
277169.749829 2110914.579114 143.408609 139 69 19
276889.173898 2111323.403472 32.585277 34 139 34
277393.862384 2111391.492632 120.708918 34 139 34
277473.711816 2110841.748126 193.987179 139 69 19
277231.989165 2111596.334149 51.443882 139 69 19
277218.971311 2110645.825717 179.879283 34 139 34
277175.762212 2111530.616594 80.913076 34 139 34
277152.952344 2111648.352503 34.476732 34 139 34
277257.931521 2111479.799237 86.645567 34 139 34
277354.096853 2110965.797125 162.564878 139 69 19
277322.446747 2110774.236492 181.193586 34 139 34
276753.971799 2110934.248574 64.075602 139 69 19
277575.184005 2110725.912593 228.444917 139 69 19
277108.744862 2111069.684187 103.044487 139 69 19
277311.828350 2111607.903785 96.128521 139 69 19
277802.032984 2111553.782757 180.599502 139 69 19
277331.971912 2111520.390632 100.138009 34 139 34
277096.791060 2111248.898290 94.577858 139 69 19
276926.498229 2111637.162135 -4.875193 139 69 19
277379.299093 2111344.239752 131.185493 34 139 34
277293.710658 2111566.857661 95.374149 139 69 19
277316.827527 2111653.426859 88.813229 34 139 34
277438.414182 2111406.573559 140.786179 34 139 34
277528.899692 2111260.067062 184.753251 139 69 19
277600.436352 2110893.100321 208.772214 34 139 34
277538.495708 2111094.918298 186.360825 34 139 34
276953.166274 2111072.946611 66.553951 34 139 34
277630.529520 2111307.316829 199.269634 139 69 19
276818.265034 2110747.827052 55.907549 34 139 34
277265.186151 2110940.903380 150.853499 34 139 34
277427.456965 2111544.445071 112.293424 139 69 19
277273.633027 2110658.714707 174.209947 34 139 34
277547.888645 2111330.595644 160.574793 34 139 34
276873.944654 2111500.558634 1.234276 139 69 19
277602.496413 2110716.142375 259.442331 139 69 19
277093.470113 2110761.393032 143.185780 34 139 34
277133.501415 2111247.688029 92.769913 139 69 19
277352.467952 2111355.999820 115.747915 139 69 19
276756.234876 2110820.583919 65.318252 34 139 34
276670.034165 2111087.502548 9.038404 34 139 34
277095.694291 2111663.155770 43.324501 34 139 34
277645.372349 2111141.263742 214.409397 34 139 34
276978.807880 2111014.424225 80.006743 139 69 19
276742.516762 2111244.993194 7.502749 34 139 34
277499.334689 2111550.597686 134.441674 34 139 34
277484.748982 2111398.264178 132.924461 34 139 34
276833.515135 2110848.663274 73.540110 139 69 19
277442.013255 2111361.782273 130.370843 34 139 34
276898.776033 2110742.701957 108.518648 34 139 34
276905.890286 2111262.741008 22.465509 34 139 34
277701.634720 2111484.881651 184.571189 139 69 19
277207.942658 2111012.143404 127.952460 139 69 19
277613.206276 2111586.670169 149.515071 139 69 19
277799.602120 2111525.664903 209.903525 34 139 34
277653.383413 2111070.032654 213.650496 34 139 34
277150.762653 2110759.300179 149.028238 34 139 34
277011.830092 2110990.395034 79.146881 139 69 19
277338.130248 2110741.147312 180.135986 139 69 19
277211.105093 2110764.671970 174.361979 139 69 19
276699.554915 2110733.276540 55.164856 34 139 34
277200.644094 2111384.829379 95.532196 34 139 34
277581.651252 2111223.293192 179.847502 34 139 34
277212.249183 2111708.113419 79.418685 139 69 19
277151.255263 2111467.150261 58.227013 34 139 34
277298.597995 2111246.919803 119.914057 139 69 19
277357.438038 2111533.735873 108.504958 139 69 19
277044.186754 2111529.918018 33.791075 139 69 19
276703.615944 2110990.019166 39.203782 34 139 34
277554.920066 2111389.219770 173.743857 139 69 19
276976.082757 2110818.370088 98.180635 34 139 34
276775.144791 2111275.589138 35.329932 34 139 34
276730.093338 2111173.094542 16.352663 34 139 34
277550.736526 2111186.427621 184.644687 34 139 34
276712.678177 2110727.751915 64.412748 139 69 19
277128.568195 2111232.346379 90.894912 139 69 19
277639.194383 2111171.457275 215.539012 34 139 34
277590.821444 2110778.267375 224.497248 34 139 34
277071.956849 2111653.501596 20.465168 34 139 34
276681.737955 2111011.181457 24.564959 139 69 19
277701.298547 2111396.643969 194.035901 34 139 34
277530.579594 2110990.307540 199.682257 139 69 19
277252.774504 2111331.076607 123.483491 34 139 34
277517.139496 2111070.497444 175.031290 34 139 34
276710.904759 2111076.350157 16.796846 34 139 34
277347.123074 2111688.156580 87.212113 139 69 19
277295.605181 2111249.425173 138.899062 139 69 19
277253.335174 2111368.601620 86.548298 139 69 19
277684.349019 2111626.099125 173.872180 34 139 34
277037.129344 2110723.040841 125.669821 34 139 34
277047.241824 2111519.064811 45.600068 139 69 19
277556.051156 2110632.547308 239.387561 139 69 19
277299.629001 2111378.928883 127.239291 139 69 19
277690.165496 2111585.919233 167.599760 34 139 34
277350.994649 2110991.431161 147.584835 139 69 19
276823.698614 2111603.399417 -9.454097 34 139 34
277033.556324 2111488.719499 48.429180 139 69 19
277050.630891 2110767.892521 110.741869 139 69 19
277170.009521 2111560.167608 51.435918 34 139 34
276778.374511 2111223.936115 7.423504 34 139 34
277487.988947 2111651.073554 123.593386 34 139 34
276749.434444 2111359.578393 -3.782680 139 69 19
277523.038777 2110953.445633 185.780808 139 69 19
277647.197499 2111241.528272 225.426603 34 139 34
277308.198747 2110901.429685 160.122413 139 69 19
277303.498819 2110882.744406 160.788940 139 69 19
277179.370048 2111605.133169 69.108565 139 69 19
277734.182742 2111295.910914 208.963068 139 69 19
277104.622397 2111378.075597 63.674493 139 69 19
276922.410940 2111041.515934 71.666092 139 69 19
276737.415233 2111014.718430 45.097536 139 69 19
277169.891876 2110747.191942 145.564779 34 139 34
277155.538269 2111531.803031 57.319757 139 69 19
277746.239162 2111545.061534 171.312299 139 69 19
277502.929094 2111654.161440 105.995633 34 139 34
277145.151764 2111644.991613 29.560714 34 139 34
277106.580195 2111289.360113 81.912890 139 69 19
277614.109106 2111098.279668 194.803875 34 139 34
276996.727059 2110926.960384 90.784491 139 69 19
277102.117898 2111716.508465 25.552591 34 139 34
277078.036413 2110665.845762 128.659768 34 139 34
277194.406894 2110741.496435 147.119409 34 139 34
277137.582611 2111413.831192 84.274210 34 139 34
277686.959959 2110928.584887 243.331318 34 139 34
277013.501222 2111632.782644 16.861583 139 69 19
276828.775171 2111465.113710 9.105373 34 139 34
277120.194437 2110709.784150 156.057047 139 69 19
276751.342486 2111135.120494 32.625404 34 139 34
277620.626645 2111593.366301 165.452698 34 139 34
276721.366657 2110813.661579 39.570146 34 139 34
276708.890742 2111203.503831 9.835730 139 69 19
277562.720247 2110665.764664 227.348129 139 69 19
276837.261695 2111187.930560 49.316744 34 139 34
277467.441630 2110809.095400 203.461090 34 139 34
276797.028172 2111572.794743 -4.034420 34 139 34
276937.775993 2110967.950596 82.055445 139 69 19
277270.981297 2111671.469903 80.380387 139 69 19
276801.959546 2110794.289318 87.461277 34 139 34
276736.325710 2110951.242552 38.568633 34 139 34
277733.713874 2111316.815000 188.783994 139 69 19
277527.959832 2110915.807452 211.408257 34 139 34
277115.914505 2110695.263670 132.444031 139 69 19
276641.613378 2110957.295900 13.828532 34 139 34
276870.631628 2110887.845580 78.339676 34 139 34
277024.574744 2111452.736802 48.497191 139 69 19
277514.731622 2111191.757953 180.129096 34 139 34
276924.707414 2111401.039068 29.798262 139 69 19
277635.024148 2110872.612995 233.386686 139 69 19
276962.227634 2111210.488623 298.585425 128 128 128
276973.201893 2111220.047968 61.329415 128 128 128
276935.553779 2111257.760769 166.930764 178 34 34
276984.158745 2111181.272342 67.078825 128 128 128
276939.411574 2111188.998636 176.853824 178 34 34
276954.488766 2111241.994418 214.111544 128 128 128
276937.230602 2111193.304596 264.439459 128 128 128
276948.425766 2111220.103139 106.962489 178 34 34
276953.510574 2111217.872991 144.939781 128 128 128
277012.288300 2111209.331927 141.483103 128 128 128
276986.702328 2111174.071833 101.171151 128 128 128
276965.637358 2111176.378279 154.416037 128 128 128
276942.202772 2111215.910959 199.633390 128 128 128
277007.316331 2111232.160118 105.416926 128 128 128
276895.361970 2111223.963698 210.322822 128 128 128
276921.176348 2111277.213003 282.844530 128 128 128
277007.658320 2111212.223343 78.961192 178 34 34
276900.286438 2111267.063078 254.584483 128 128 128
276950.828126 2111261.704505 55.113490 128 128 128
276991.307402 2111216.723640 138.887818 128 128 128
277014.609312 2111239.710020 101.355997 178 34 34
276957.428264 2111171.090813 100.884599 128 128 128
276970.562300 2111178.315898 184.082798 128 128 128
276962.380446 2111220.037680 233.010411 178 34 34
276896.172605 2111215.690936 211.757064 128 128 128
276983.843251 2111215.364326 223.283859 128 128 128
276882.586493 2111220.549774 246.967496 128 128 128
276925.336173 2111256.610342 237.912832 128 128 128
277010.493435 2111197.728668 84.750905 178 34 34
276907.878390 2111260.911497 195.473171 178 34 34
276983.518242 2111254.580951 173.053326 178 34 34
277010.371008 2111223.056964 96.308359 128 128 128
276963.132746 2111182.625858 199.961057 128 128 128
276908.576699 2111238.570438 207.679387 178 34 34
276996.728091 2111252.534714 91.249924 128 128 128
277003.248551 2111237.126942 86.466185 128 128 128
276941.064734 2111249.426156 93.702196 128 128 128
276971.566020 2111168.437726 108.289818 128 128 128
276914.321832 2111273.303209 140.830057 128 128 128
276892.429957 2111219.277200 253.844211 178 34 34
276967.500013 2111254.672042 105.989021 178 34 34
276964.695508 2111261.510127 155.648263 128 128 128
276955.091777 2111171.010369 61.953339 128 128 128
276891.831189 2111246.194146 197.050097 178 34 34
276910.324793 2111271.670184 229.855076 128 128 128
276944.241403 2111211.688126 138.906495 128 128 128
277004.983784 2111230.339822 72.028536 128 128 128
276964.636237 2111200.093416 64.445008 128 128 128
276902.725017 2111246.721383 261.380554 128 128 128
277001.511459 2111200.928582 189.340597 128 128 128
276932.115395 2111277.223405 188.354979 128 128 128
276943.966748 2111261.517230 51.278808 128 128 128
277001.302412 2111256.942334 108.343912 128 128 128
276982.268343 2111240.430843 124.781409 128 128 128
277006.224101 2111162.361257 119.437387 128 128 128
276924.761264 2111266.580850 92.226857 128 128 128
277003.465437 2111224.902307 177.878948 178 34 34
276965.674015 2111255.911500 72.337124 128 128 128
276900.805269 2111283.288988 192.483030 128 128 128
276893.756551 2111270.654798 265.281979 128 128 128
276993.512777 2111228.553063 178.612108 128 128 128
276997.201212 2111180.648345 184.031615 128 128 128
276950.929536 2111220.317733 239.287429 128 128 128
276962.632234 2111243.014883 223.517252 128 128 128
276998.584587 2111250.308737 260.532445 128 128 128
276922.156893 2111202.655792 129.169320 128 128 128
276968.155990 2111220.365158 258.179702 128 128 128
276980.269073 2111251.972888 173.381992 128 128 128
276964.514594 2111235.032442 129.345308 128 128 128
276975.962955 2111259.295745 149.252768 128 128 128
276990.849202 2111204.898422 248.187962 128 128 128
276960.035854 2111210.579861 165.287214 128 128 128
276880.436575 2111226.854394 263.635572 128 128 128
276956.684332 2111207.600548 263.540107 128 128 128
276967.053922 2111236.869644 137.571648 128 128 128
276875.620311 2111228.218043 267.423709 128 128 128
276987.137538 2111176.333604 151.951392 178 34 34
276972.936718 2111268.979069 267.152435 178 34 34
276907.104306 2111268.840356 264.880568 128 128 128
276995.475064 2111212.402395 220.151949 128 128 128
276946.449304 2111224.299758 75.853096 178 34 34
276944.390789 2111216.007644 94.559156 178 34 34
276925.320523 2111225.513851 142.770628 128 128 128
277002.895011 2111228.888792 152.128375 128 128 128
276958.255140 2111243.371193 118.440156 128 128 128
276947.624712 2111262.143379 147.443204 128 128 128
276998.436122 2111213.890740 119.536948 128 128 128
276981.498242 2111249.833767 156.778725 178 34 34
276943.877306 2111277.823696 275.239708 178 34 34
276903.427031 2111225.843694 265.881142 128 128 128
276908.482691 2111196.008209 266.340817 128 128 128
276947.698927 2111185.623284 178.916103 128 128 128
276995.765289 2111206.310591 212.682908 178 34 34
276932.594940 2111242.497142 208.389556 128 128 128
276952.308749 2111260.904531 278.436283 178 34 34
276990.709089 2111246.700039 292.586115 128 128 128
276994.967314 2111213.274189 235.903647 178 34 34
276976.225034 2111197.639940 224.329602 128 128 128
277002.112062 2111241.623957 176.621714 128 128 128
276913.831952 2111235.842535 179.619775 128 128 128
276959.728491 2111196.898992 168.337378 178 34 34
276993.178187 2111228.649531 162.886332 128 128 128
277001.720200 2111183.928076 133.719247 128 128 128
276979.700996 2111208.136026 128.637276 128 128 128
277013.645421 2111209.212072 158.957205 128 128 128
276984.867540 2111219.593097 92.759400 128 128 128
276938.415149 2111260.954789 204.747299 178 34 34
276997.103805 2111188.435456 80.978381 178 34 34
276928.556409 2111198.934873 269.823396 178 34 34
276982.548803 2111238.953905 151.386674 128 128 128
276904.721105 2111245.702549 262.137563 178 34 34
276907.517244 2111194.861196 95.725313 178 34 34
276947.795263 2111192.649519 289.737512 128 128 128
276981.701876 2111266.808011 146.937820 128 128 128
276916.335910 2111219.804001 195.628159 128 128 128
276985.709201 2111226.092797 278.480768 178 34 34
276928.724248 2111257.156332 156.453661 178 34 34
276973.447072 2111241.021464 83.853232 178 34 34
276986.529675 2111167.066781 107.981238 128 128 128
276918.448909 2111251.055429 121.107357 128 128 128
276950.350120 2111268.132823 165.323606 178 34 34
276962.595700 2111228.418234 145.362862 178 34 34
276983.926155 2111241.333836 210.136174 178 34 34
276979.585230 2111183.822626 130.951431 128 128 128
276991.290666 2111209.173369 130.304757 128 128 128
276975.881308 2111222.347911 206.197003 128 128 128
276931.647216 2111204.605670 178.603044 128 128 128
276956.604797 2111209.453238 89.494058 128 128 128
276926.572438 2111242.776243 285.069259 128 128 128
276925.138367 2111197.720864 183.269437 128 128 128
276945.520042 2111207.382316 226.886865 128 128 128
276932.844964 2111204.472306 215.780204 178 34 34
276954.531539 2111175.684922 106.052144 128 128 128
276974.571514 2111200.361326 303.107498 128 128 128
276976.606382 2111182.743697 151.245708 178 34 34
276923.889616 2111240.227162 77.496808 128 128 128
276937.846068 2111190.595366 278.923869 128 128 128
276883.931950 2111236.615938 280.586884 128 128 128
277020.473769 2111244.910239 136.633248 178 34 34
276967.500551 2111250.293542 274.511129 128 128 128
276933.360558 2111277.727655 136.443560 128 128 128
277017.182099 2111252.956439 176.327234 178 34 34
276925.052998 2111283.165820 226.199943 128 128 128
276916.082283 2111197.504818 251.062114 178 34 34
276951.794948 2111189.990238 143.488287 178 34 34
276961.962949 2111265.605459 240.450370 128 128 128
277021.796280 2111205.869791 105.219277 128 128 128
276908.523895 2111187.399265 90.657422 128 128 128
276934.549654 2111199.403828 190.195613 128 128 128
276967.985615 2111192.228387 273.443551 128 128 128
276964.704484 2111199.924382 268.578778 128 128 128
276937.999934 2111221.890770 174.624580 128 128 128
277000.490518 2111206.779104 95.463424 178 34 34
276904.719657 2111202.040647 117.448792 128 128 128
276991.547803 2111169.550180 164.472163 128 128 128
276898.767459 2111254.559083 231.860760 128 128 128
276976.507735 2111243.338839 247.197288 128 128 128
276979.532928 2111234.538009 163.741925 128 128 128
276911.669929 2111195.577902 281.016953 128 128 128
276993.794276 2111237.177374 142.296784 128 128 128
276940.981980 2111209.670372 181.848563 178 34 34
276986.156511 2111209.632649 259.529644 128 128 128
276912.429260 2111251.146743 201.735363 128 128 128
276989.135489 2111244.032010 66.808376 178 34 34
277020.300179 2111245.258227 141.024251 178 34 34
276933.410785 2111269.472084 81.656394 178 34 34
276938.178607 2111249.804045 69.336410 128 128 128
276923.800258 2111274.973633 141.093632 128 128 128
276947.324627 2111183.478887 136.264981 178 34 34
276947.238279 2111254.555897 106.444255 128 128 128
276943.979931 2111217.474859 113.529824 128 128 128
276898.541697 2111234.549251 246.655923 178 34 34
277003.625122 2111202.331389 96.229959 128 128 128
276955.067487 2111204.084928 207.617407 128 128 128
276906.591069 2111235.209291 221.302611 128 128 128
276963.977335 2111263.954064 226.041752 178 34 34
276953.813741 2111193.240930 113.366306 128 128 128
276923.986142 2111257.262668 254.438626 128 128 128
276935.386159 2111238.189928 218.341058 178 34 34
276935.440873 2111262.939662 98.308922 128 128 128
276930.548545 2111228.324803 289.280810 128 128 128
276931.876172 2111185.082142 186.295141 128 128 128
276955.768265 2111199.243179 85.855051 128 128 128
276929.058593 2111221.290874 204.303693 178 34 34
276966.321259 2111212.870942 120.520895 178 34 34
276961.530714 2111182.777697 198.779932 128 128 128
276944.005086 2111215.936004 258.701035 128 128 128
276948.717468 2111184.240301 76.136971 178 34 34
276904.798414 2111277.171800 234.260322 128 128 128
276937.672911 2111257.755813 148.638680 128 128 128
276948.601251 2111220.253806 225.022187 128 128 128
276962.045995 2111190.916989 181.925061 178 34 34
276945.213828 2111184.732781 238.404453 178 34 34
276917.267333 2111267.691227 162.798319 128 128 128
276933.866411 2111199.026683 90.469188 128 128 128
276961.984304 2111280.235366 290.957973 178 34 34
276997.937118 2111244.392186 235.554763 178 34 34
276920.549183 2111276.068988 284.049660 128 128 128
276949.199467 2111234.503491 130.244601 128 128 128
276919.687287 2111194.592148 195.172747 128 128 128
276930.477818 2111246.531445 255.070139 128 128 128
277009.966989 2111221.085505 141.828183 128 128 128
276988.792350 2111234.299978 206.750061 178 34 34
276922.091214 2111224.634183 58.003303 128 128 128
276974.455140 2111202.809924 267.925724 128 128 128
277014.159509 2111247.426149 142.963784 128 128 128
276968.048370 2111177.539642 239.967455 128 128 128
276890.037593 2111277.841488 242.220417 128 128 128
276910.604967 2111275.527225 180.376857 128 128 128
276902.661726 2111278.833875 241.237578 128 128 128
276928.558424 2111192.528712 57.622612 128 128 128
277004.669709 2111194.877670 177.137876 128 128 128
276916.624644 2111235.951304 212.220464 128 128 128
276981.082091 2111217.864665 109.231087 128 128 128
276880.952557 2111228.707351 267.781592 128 128 128
276979.012646 2111244.939709 244.498770 128 128 128
276915.456715 2111256.140028 268.510953 128 128 128
276962.409439 2111218.733950 209.665503 128 128 128
276960.437082 2111235.525158 263.354595 178 34 34
276978.216423 2111263.539100 291.780616 178 34 34
276982.479649 2111225.721624 276.147969 128 128 128
277017.550686 2111256.616720 163.626658 128 128 128
276911.329378 2111216.693564 144.577919 128 128 128
276901.231945 2111241.233360 269.988047 178 34 34
276961.143852 2111259.468420 246.340336 128 128 128
276958.777016 2111221.237281 218.810459 128 128 128
276971.696438 2111204.672545 287.905345 178 34 34
277019.752043 2111182.341156 74.127653 128 128 128
276939.683604 2111265.540385 50.093367 178 34 34
276986.360082 2111241.085153 64.623036 128 128 128
277016.143178 2111240.580413 108.362682 128 128 128
277017.046058 2111160.145479 99.484088 178 34 34
276893.164045 2111205.324007 220.300774 128 128 128
276953.968472 2111228.077836 269.332153 128 128 128
276932.165289 2111261.206945 74.688644 128 128 128
276944.717061 2111234.726033 212.257682 178 34 34
276916.401474 2111200.962986 219.053201 128 128 128
276975.410385 2111209.429791 125.569258 128 128 128
276995.308574 2111216.374576 154.670328 128 128 128
276976.943503 2111206.046756 296.656457 178 34 34
276894.758838 2111195.665484 278.088444 178 34 34
276947.555565 2111255.676445 259.499852 128 128 128
277014.146788 2111228.531761 137.408876 128 128 128
276941.727206 2111269.241590 71.548833 128 128 128
276937.080582 2111237.681631 122.884023 128 128 128
276978.415520 2111209.698071 200.286536 178 34 34
276905.863652 2111252.727213 139.238592 178 34 34
276901.055951 2111190.203675 114.086574 128 128 128
276961.454417 2111228.308124 150.604652 178 34 34
277006.277866 2111224.270935 71.891132 128 128 128
276980.773746 2111218.638245 256.182209 178 34 34
277004.299662 2111208.259090 189.132571 128 128 128
276910.790653 2111274.990879 208.125728 128 128 128
276910.635675 2111187.469180 134.833846 128 128 128
276885.248250 2111226.259668 245.700246 128 128 128
276968.837472 2111257.934667 240.161082 128 128 128
276959.826512 2111253.652026 105.697538 178 34 34
276984.207318 2111262.290366 244.973889 178 34 34
276928.423006 2111266.506440 93.035245 128 128 128
276992.006846 2111233.598169 225.922227 128 128 128
276993.750303 2111253.430948 92.708255 128 128 128
276986.885852 2111244.157860 300.588125 128 128 128
276969.881477 2111176.887283 68.322440 178 34 34
276960.428948 2111203.161357 208.019184 128 128 128
276881.013729 2111258.514288 268.457816 128 128 128
276936.016522 2111262.408573 236.222739 128 128 128
276922.012355 2111226.447220 274.127114 128 128 128
277021.738582 2111194.881253 99.855925 128 128 128
276968.662273 2111215.098242 110.964292 128 128 128
276950.696086 2111252.349817 81.308986 128 128 128
276970.518231 2111242.872742 278.923420 178 34 34
276950.627860 2111216.835705 119.750007 128 128 128
276954.588894 2111243.924766 231.677394 128 128 128
276880.937325 2111244.140407 260.026939 128 128 128
276936.616136 2111199.947798 91.926020 178 34 34
276917.709412 2111253.064859 264.231903 128 128 128
276957.349733 2111204.595279 282.809657 178 34 34
276971.253421 2111203.239349 234.924162 178 34 34
276883.920449 2111259.816806 274.974036 128 128 128
276897.236014 2111225.556073 174.502466 128 128 128
276982.602845 2111251.485286 156.027209 128 128 128
276983.315266 2111247.449463 288.000158 178 34 34
276965.878289 2111179.577594 171.425245 128 128 128
277014.495630 2111223.039151 109.954602 178 34 34
276973.128820 2111187.432406 141.748057 178 34 34
276973.143517 2111236.466492 214.054581 128 128 128
276888.288423 2111201.976096 185.484783 178 34 34
276973.140083 2111215.282649 142.958647 128 128 128
276930.278969 2111187.986464 57.159064 128 128 128
276941.524725 2111247.676147 245.154947 128 128 128
276970.849774 2111248.390759 63.816030 128 128 128
276987.277628 2111232.012395 292.019294 128 128 128
276976.125365 2111231.504206 121.294689 128 128 128
276920.028412 2111197.233899 166.119002 128 128 128
276954.409483 2111241.462675 155.585919 128 128 128
276981.145519 2111233.872019 109.259690 178 34 34
277017.508324 2111235.495368 76.930725 128 128 128
276982.304694 2111241.769517 96.709494 128 128 128
276909.990422 2111188.931102 133.157137 178 34 34
276968.509583 2111278.031877 261.930635 128 128 128
277029.721387 2111209.924895 90.591951 128 128 128
276998.836974 2111260.488373 128.186725 178 34 34
277002.021142 2111241.099326 163.050801 128 128 128
276962.683595 2111248.337162 240.982859 128 128 128
276914.065405 2111221.754661 224.437381 178 34 34
276948.553261 2111264.824890 115.497842 128 128 128
276986.466846 2111234.248332 86.320982 178 34 34
276963.383785 2111269.207182 86.832549 178 34 34
276906.673136 2111235.552899 129.836935 178 34 34
277012.747750 2111186.138799 93.172585 128 128 128
276975.140352 2111181.053140 152.980328 128 128 128
276926.763038 2111209.193955 102.089463 128 128 128
276919.855792 2111214.511348 61.606135 178 34 34
276948.445355 2111231.828254 209.058469 128 128 128
276947.379271 2111230.684844 226.705261 128 128 128
276927.119908 2111219.506886 99.680099 178 34 34
276901.722024 2111286.190048 280.228656 128 128 128
276973.168201 2111226.871876 126.307052 128 128 128
276986.858914 2111249.976183 123.262374 178 34 34
276979.399373 2111229.834216 255.776110 128 128 128
277026.328625 2111236.167763 114.973242 128 128 128
276957.497807 2111223.606064 174.500868 178 34 34
276978.688181 2111237.356455 185.777840 128 128 128
277018.072752 2111245.141994 129.576583 128 128 128
276975.507079 2111240.067079 112.772609 178 34 34
276939.574308 2111228.584157 159.905914 128 128 128
276954.220432 2111235.295040 201.886200 128 128 128
276955.711929 2111248.810422 259.890702 178 34 34
276946.349099 2111213.169471 112.655404 178 34 34
276999.660268 2111257.946773 215.973848 128 128 128
276983.732931 2111224.702961 151.250226 128 128 128
276968.630748 2111231.040265 190.448344 128 128 128
276976.577799 2111185.082452 172.744176 128 128 128
276936.795928 2111277.677423 209.349331 178 34 34
277010.105997 2111259.196435 90.121026 128 128 128
276909.764652 2111256.395489 260.153285 128 128 128
276908.079765 2111203.006403 211.935077 128 128 128
276915.375716 2111190.401078 243.676710 128 128 128
276931.346925 2111209.407906 169.196387 128 128 128
276976.902096 2111262.329551 255.249185 178 34 34
276908.861507 2111248.889548 253.504010 128 128 128
276918.794772 2111188.324580 129.564795 128 128 128
276936.380449 2111181.172909 159.607415 178 34 34
276956.441062 2111228.648542 170.557574 128 128 128
276903.472324 2111203.735079 284.001029 128 128 128
277003.523502 2111216.235686 112.677606 178 34 34
276920.934084 2111212.603679 278.973568 128 128 128
276960.172242 2111219.961256 239.166186 178 34 34
276958.737208 2111237.821476 94.460737 178 34 34
276954.490254 2111256.142343 96.428889 178 34 34
277037.814474 2111248.204495 84.178254 128 128 128
276976.453371 2111223.712499 220.816688 178 34 34
276898.568019 2111287.495052 206.787970 128 128 128
276987.335332 2111214.008719 143.025838 128 128 128
276999.597649 2111265.949931 213.559917 128 128 128
276912.842411 2111216.005086 153.100489 128 128 128
276974.840866 2111249.324414 192.427952 178 34 34
276969.896049 2111248.841175 126.736625 178 34 34
276935.585660 2111193.765638 86.294749 128 128 128
276930.506494 2111269.110906 184.270414 128 128 128
276903.948281 2111213.337241 206.427350 128 128 128
276959.807616 2111222.224055 98.151427 128 128 128
276970.590739 2111219.070100 98.901798 178 34 34
276929.453581 2111239.260963 124.936403 128 128 128
276974.437798 2111211.124141 220.585744 128 128 128
276939.885255 2111249.117997 127.343948 128 128 128
276981.411416 2111257.461321 277.320012 128 128 128
277007.624672 2111238.732718 185.148143 178 34 34
276953.362247 2111251.537781 280.177398 178 34 34
276938.355191 2111199.634224 60.694613 178 34 34
276926.757938 2111237.157752 167.880583 178 34 34
276922.473871 2111193.696414 90.139395 128 128 128
276956.855683 2111212.130119 143.538991 178 34 34
276915.622843 2111240.508032 286.016327 128 128 128
276976.391507 2111241.601329 153.457560 128 128 128
276962.069677 2111202.386481 251.956746 128 128 128
277008.558507 2111213.946318 179.925774 128 128 128
276969.793510 2111221.171842 295.344454 128 128 128
276895.648513 2111225.223648 162.377086 178 34 34
276999.107478 2111241.642300 189.716810 128 128 128
276943.644973 2111265.988815 278.998227 128 128 128
276903.424664 2111247.336908 179.284440 128 128 128
276921.539325 2111203.551370 233.276922 128 128 128
276884.168390 2111202.615064 265.300901 178 34 34
276968.082352 2111196.323589 103.341405 128 128 128
277001.028818 2111196.081758 149.221740 178 34 34
276979.901060 2111255.650405 257.443870 128 128 128
276988.020013 2111204.916729 140.564643 128 128 128
276921.327759 2111268.456031 282.886387 128 128 128
276893.267454 2111289.631851 261.225360 128 128 128
276909.438802 2111280.658411 193.188482 128 128 128
276888.040929 2111201.242131 253.143069 178 34 34
276984.272717 2111183.821484 102.196030 128 128 128
276941.520952 2111234.949658 285.982032 128 128 128
276957.669057 2111239.969223 124.737150 128 128 128
276998.633481 2111187.359487 172.287896 178 34 34
276973.485443 2111191.778127 173.431226 128 128 128
276926.133913 2111268.552308 186.125584 128 128 128
276949.593532 2111231.259027 61.371888 128 128 128
276975.501881 2111243.566941 158.691941 178 34 34
276913.905574 2111256.426952 146.998692 128 128 128
276994.775140 2111195.010113 130.960968 128 128 128
276920.462015 2111246.002251 276.328061 128 128 128
277028.942707 2111230.930891 98.941403 178 34 34
276994.149430 2111264.193332 204.247366 178 34 34
276962.500599 2111214.742175 204.018376 128 128 128
277009.922174 2111229.565214 94.097679 128 128 128
276945.284325 2111208.003251 294.436743 128 128 128
276892.610035 2111293.497848 256.313471 128 128 128
277000.457883 2111237.937023 78.189507 128 128 128
276955.951409 2111191.489108 260.656164 178 34 34
277011.306342 2111235.483204 104.890156 128 128 128
276942.746820 2111231.896298 76.499448 128 128 128
276974.728229 2111228.974295 219.111233 128 128 128
276995.479535 2111257.487480 214.839977 178 34 34
276948.026433 2111264.537623 78.856342 128 128 128
276929.509314 2111241.997829 76.796229 178 34 34
276899.117351 2111284.277467 211.803982 178 34 34
276975.721444 2111184.835985 139.611471 128 128 128
277004.295553 2111179.441460 173.639800 128 128 128
276988.720873 2111181.745765 206.365401 128 128 128
276949.737111 2111202.871362 64.320003 178 34 34
276997.697193 2111202.381071 143.830108 178 34 34
276916.057877 2111218.329296 262.466404 128 128 128
276947.022584 2111212.607338 81.968835 128 128 128
276931.532968 2111220.700712 226.431668 128 128 128
276996.505331 2111257.905043 218.181459 178 34 34
276929.951542 2111197.167092 136.928529 128 128 128
276966.006872 2111218.966885 257.474476 128 128 128
276902.678574 2111291.349227 248.584634 128 128 128
276887.510356 2111210.563651 244.114030 178 34 34
276913.984571 2111238.510536 165.515080 128 128 128
276987.105990 2111250.753811 64.521210 178 34 34
276925.310746 2111252.940773 116.912870 128 128 128
276917.552503 2111194.071310 237.975125 128 128 128
277022.204078 2111248.810434 104.189370 128 128 128
277012.794351 2111168.267292 76.995002 178 34 34
276906.362240 2111268.644152 194.870185 128 128 128
276977.904071 2111242.933366 291.591492 128 128 128
276942.145676 2111258.371187 235.980156 128 128 128
276903.548328 2111202.237960 150.402877 128 128 128
276925.459543 2111223.748828 179.522096 128 128 128
276937.048750 2111255.446650 149.064927 178 34 34
276977.714621 2111233.801675 239.440113 128 128 128
277005.626346 2111240.231819 145.421893 178 34 34
276932.800651 2111269.442306 114.871015 128 128 128
276963.712690 2111213.466116 284.731655 178 34 34
277007.954971 2111238.004013 149.260924 128 128 128
276886.444793 2111202.304561 253.813289 128 128 128
276950.806975 2111193.786671 191.014947 128 128 128
276921.196414 2111270.844497 149.428721 128 128 128
276966.976124 2111262.512493 107.693291 128 128 128
276973.606047 2111237.712761 252.437082 178 34 34
276950.971819 2111268.691247 88.298943 128 128 128
276913.169235 2111198.148314 74.855771 128 128 128
276998.825859 2111228.329984 222.783134 128 128 128
276987.669409 2111246.405150 191.255957 128 128 128
276997.937962 2111225.992844 170.954828 128 128 128
276983.537805 2111195.309755 160.070425 178 34 34
276908.291424 2111227.308998 170.882147 128 128 128
276987.510598 2111249.199032 252.571716 128 128 128
277008.182022 2111242.425845 190.005673 128 128 128
276876.951875 2111197.475435 226.540317 128 128 128
276890.738946 2111237.612934 230.781677 178 34 34
276899.108723 2111229.417092 233.865803 178 34 34
277001.991794 2111262.662489 215.444426 178 34 34
277005.552538 2111181.894742 159.448776 128 128 128
276960.010181 2111250.938746 184.715417 128 128 128
276979.990235 2111183.258818 113.888290 178 34 34
276910.475159 2111190.777470 215.757719 128 128 128
276940.645578 2111262.185927 136.343212 128 128 128
276969.357357 2111248.833173 261.185345 128 128 128
276942.429220 2111184.273731 124.157421 128 128 128
276951.505523 2111176.579121 107.915194 128 128 128
276974.019715 2111260.821927 166.056887 128 128 128
276993.959710 2111234.770482 71.021598 178 34 34
276940.908542 2111231.768067 166.577514 128 128 128
276982.149413 2111246.885818 129.373332 178 34 34
276955.276972 2111241.728564 240.618688 128 128 128
276891.913089 2111226.895216 267.797869 178 34 34
276952.943364 2111209.460575 275.814555 128 128 128
277002.432945 2111167.906928 137.753199 178 34 34
276942.115635 2111238.712418 100.527222 128 128 128
277016.073522 2111237.947582 79.189671 128 128 128
276985.143147 2111261.407948 231.758118 128 128 128
276926.536288 2111273.941842 120.749462 128 128 128
276901.659373 2111280.169710 213.105104 128 128 128
276969.142650 2111189.646467 175.029265 128 128 128
277009.683046 2111240.284428 134.024965 128 128 128
276877.932034 2111195.666333 219.826556 178 34 34
276985.595174 2111190.840148 164.850990 128 128 128
276926.460655 2111198.673296 280.653607 178 34 34
276963.017286 2111216.296440 210.204489 178 34 34
276912.958921 2111195.655703 262.273994 128 128 128
276896.027995 2111197.261672 193.663146 178 34 34
276931.723950 2111180.733581 162.421514 128 128 128
276919.995779 2111240.707722 201.324356 128 128 128
276889.164236 2111193.658125 195.202610 128 128 128
276978.293078 2111263.917775 285.041458 128 128 128
276969.440741 2111192.281896 275.826294 128 128 128
276921.992481 2111275.783541 135.117940 128 128 128
276915.390009 2111240.707239 191.869146 178 34 34
276963.601524 2111252.491603 171.444967 178 34 34
276960.665376 2111228.208178 79.981157 128 128 128
276980.995314 2111274.567419 278.124196 128 128 128
276963.978281 2111184.832496 101.358353 128 128 128
277029.359966 2111240.901425 81.067838 128 128 128
276967.169786 2111196.030627 242.454338 128 128 128
276902.900022 2111189.755768 203.852440 128 128 128
276934.157983 2111227.346058 95.291550 128 128 128
276991.439889 2111174.267262 178.985886 178 34 34
276916.693893 2111196.350384 165.177389 178 34 34
276962.705023 2111250.690715 258.251153 128 128 128
276956.903404 2111195.509160 114.452294 128 128 128
276927.698202 2111250.718370 100.385701 128 128 128
276964.201304 2111255.318985 121.408031 128 128 128
276995.065534 2111249.124539 75.926315 178 34 34
277028.448614 2111211.469041 95.348979 128 128 128
276956.702767 2111180.424326 153.173815 178 34 34
276924.844589 2111284.454849 266.467443 178 34 34
276992.763891 2111226.753682 104.321786 128 128 128
276976.714616 2111254.101529 225.140155 178 34 34
276969.031192 2111229.899866 250.194145 128 128 128
276987.569549 2111164.943805 76.214991 128 128 128
276972.508057 2111239.426172 230.263285 178 34 34
276951.166303 2111225.458143 125.945787 128 128 128
276909.919322 2111186.295726 80.847255 128 128 128
277008.220981 2111181.490846 127.681258 128 128 128
276990.921728 2111237.278373 208.356331 128 128 128
276914.240203 2111194.562121 88.666542 128 128 128
276955.083645 2111274.182658 161.486085 128 128 128
276981.367949 2111188.326812 231.722127 178 34 34
276941.926769 2111269.216155 96.510269 128 128 128
276909.935810 2111230.493959 170.146585 128 128 128
276960.218697 2111245.515384 87.421677 128 128 128
276938.506602 2111203.940633 90.769084 128 128 128
276934.928056 2111253.672466 225.693354 128 128 128
276964.354823 2111200.277743 228.740171 128 128 128
276980.993323 2111175.482269 175.581656 128 128 128
276890.588661 2111235.504392 238.350178 128 128 128
276966.885879 2111203.191377 229.303710 128 128 128
276948.951737 2111238.644778 222.742562 178 34 34
276904.924576 2111291.176909 274.790258 128 128 128
276957.194758 2111232.827377 276.369733 178 34 34
277012.005214 2111213.523519 159.355121 128 128 128
276917.168996 2111269.629319 127.093907 128 128 128
276914.589707 2111198.265287 223.842832 178 34 34
276973.751957 2111261.484633 157.563091 128 128 128
277004.786114 2111212.824968 128.128559 128 128 128
276912.978258 2111191.366763 72.953750 128 128 128
276997.271163 2111175.961459 100.958987 128 128 128
276913.586853 2111190.994707 143.725121 178 34 34
277002.735800 2111255.986863 189.514606 128 128 128
276994.893400 2111239.042566 77.423144 178 34 34
276956.925932 2111253.310985 243.769849 178 34 34
276959.645535 2111271.020288 187.560863 178 34 34
276985.248757 2111257.093529 102.882604 178 34 34
276992.405069 2111202.882652 186.795558 128 128 128
276930.111890 2111268.498637 51.291855 128 128 128
276914.485064 2111254.305510 134.642752 128 128 128
276996.403405 2111194.861779 215.690269 128 128 128
276942.013203 2111193.151983 97.539082 178 34 34
276920.929154 2111230.712908 62.000988 128 128 128
276939.571211 2111206.685994 247.588050 128 128 128
276947.768520 2111195.237941 271.340481 128 128 128
277007.341032 2111191.207997 87.213561 128 128 128
276975.245319 2111180.905565 252.312464 178 34 34
277006.393072 2111226.580051 132.593632 128 128 128
276940.264821 2111253.545830 236.220663 128 128 128
276915.144199 2111283.293290 187.642035 178 34 34
276916.985111 2111241.713769 100.332090 128 128 128
276969.969153 2111239.859116 182.003687 128 128 128
276954.296750 2111195.108007 164.922503 128 128 128
276929.166199 2111206.319350 240.926211 178 34 34
277002.099464 2111167.740602 112.442729 128 128 128
276930.093921 2111192.776865 243.719064 128 128 128
276944.298273 2111206.706200 224.657020 178 34 34
276923.137230 2111267.787841 84.196848 128 128 128
276931.511287 2111183.623581 149.853784 178 34 34
276887.278089 2111222.755482 244.090214 128 128 128
276922.045105 2111221.345653 97.514838 128 128 128
276959.273726 2111268.572758 273.772747 128 128 128
276966.119221 2111258.871195 284.205368 128 128 128
276968.012078 2111271.410507 233.731233 128 128 128
276992.355249 2111184.142913 125.261967 128 128 128
276948.972197 2111192.691537 248.041529 178 34 34
276921.718757 2111237.539786 140.039690 128 128 128
277007.924647 2111248.022981 189.561290 128 128 128
276987.545006 2111204.342104 233.847905 128 128 128
276910.676514 2111247.095208 241.112856 178 34 34
276952.469812 2111218.558166 277.914615 128 128 128
276992.362245 2111243.079839 220.814321 128 128 128
276986.541042 2111175.783176 125.335258 128 128 128
276934.306788 2111185.787647 254.558115 128 128 128
276913.154380 2111226.829154 228.116922 178 34 34
276982.851241 2111196.363913 269.282390 128 128 128
276949.972046 2111247.825839 169.695817 178 34 34
276981.898813 2111265.026961 158.565571 128 128 128
277013.542989 2111169.066494 82.046186 128 128 128
276987.266224 2111217.820559 107.847248 128 128 128
276985.885971 2111192.529815 102.046625 128 128 128
276999.143978 2111210.429618 76.251191 128 128 128
276956.148621 2111218.032784 229.289065 128 128 128
276958.342722 2111191.771393 281.987942 128 128 128
276973.622339 2111184.563702 287.675335 128 128 128
276990.912701 2111203.533497 252.003505 128 128 128
276936.218863 2111248.858895 219.047626 128 128 128
276938.933917 2111204.315646 57.583591 128 128 128
276950.853961 2111259.956775 62.865417 178 34 34
276971.893668 2111193.754432 212.506883 128 128 128
277000.239326 2111242.949147 226.727527 128 128 128
276894.366571 2111210.668856 222.733217 178 34 34
276918.080347 2111244.079439 226.769294 128 128 128
276962.759944 2111212.298787 214.779840 128 128 128
276927.729762 2111246.446682 176.624781 128 128 128
276998.545444 2111167.911581 104.554489 128 128 128
276932.641033 2111209.885075 153.788222 128 128 128
277016.994244 2111161.625166 82.947589 128 128 128
276934.152401 2111193.892082 135.555525 178 34 34
276924.050900 2111230.401111 263.052281 178 34 34
276957.342396 2111171.774757 100.044837 128 128 128
277015.322288 2111243.514070 135.464015 128 128 128
276945.958268 2111190.882862 87.998006 128 128 128
276978.085276 2111213.880741 120.615344 128 128 128
276956.260874 2111221.553583 287.986702 178 34 34
276912.994813 2111195.433171 163.821833 178 34 34
276971.806051 2111219.890656 61.711029 178 34 34
276948.465691 2111235.994876 174.924361 178 34 34
277005.146464 2111212.127869 118.962196 128 128 128
276905.280738 2111267.248304 161.824578 128 128 128
276984.012201 2111239.785874 171.864300 178 34 34
276938.828734 2111248.621384 260.737087 128 128 128
277012.418555 2111244.067294 182.912688 128 128 128
276909.256112 2111266.561629 162.012417 178 34 34
276988.956365 2111238.790381 214.035777 128 128 128
276928.769259 2111276.165900 244.010065 178 34 34
276903.672269 2111258.777936 183.833242 128 128 128
276882.923905 2111224.231524 229.591318 178 34 34
276978.682292 2111245.918371 168.846174 128 128 128
276961.048790 2111225.795256 261.807798 178 34 34
276959.153276 2111216.278295 295.120640 128 128 128
276903.306649 2111213.068581 254.354931 178 34 34
276925.813784 2111260.882908 235.040755 128 128 128
276998.650932 2111217.018734 192.327675 128 128 128
276963.199530 2111261.832921 88.606145 178 34 34
276990.695501 2111230.993810 99.127690 128 128 128
276925.821426 2111224.437195 136.021723 128 128 128
276883.948431 2111208.410221 220.695298 128 128 128
276994.825779 2111233.839520 114.537020 178 34 34
276952.540140 2111223.614640 198.718246 128 128 128
276988.986276 2111180.406206 70.299937 128 128 128
276942.492553 2111264.766347 223.584147 178 34 34
276974.416445 2111234.337596 245.570469 128 128 128
276896.776883 2111221.927748 192.425298 128 128 128
276894.267152 2111256.380257 234.089207 128 128 128
276989.446551 2111245.054527 275.110287 178 34 34
276921.972333 2111206.236383 51.178985 128 128 128
276981.711033 2111232.368353 209.584499 128 128 128
276929.484974 2111184.876645 146.585720 128 128 128
276931.142192 2111208.456707 287.969834 128 128 128
276941.281776 2111232.912783 158.544441 178 34 34
276956.346353 2111241.422599 127.155388 128 128 128
276980.421382 2111268.726230 252.157719 128 128 128
276966.216153 2111240.988769 108.749598 128 128 128
276919.255615 2111217.378856 238.876958 178 34 34
276965.189309 2111207.224469 186.998585 128 128 128
276901.351561 2111280.960541 235.471253 178 34 34
276947.277492 2111173.382523 105.427499 128 128 128
276917.797166 2111209.481159 229.815470 178 34 34
276966.248990 2111179.976636 90.218505 178 34 34
276973.677272 2111261.828768 81.494657 128 128 128
276972.067839 2111264.291996 55.278899 128 128 128
276995.788622 2111249.443915 155.865278 128 128 128
276932.820421 2111259.849395 284.990942 128 128 128
277003.583335 2111189.688430 139.956046 128 128 128
276942.817685 2111243.927906 188.323586 128 128 128
276964.022614 2111230.165060 138.920282 178 34 34
276903.126971 2111232.604227 265.546306 128 128 128
276931.372877 2111188.606688 162.758132 128 128 128
276939.407274 2111249.507633 269.464920 128 128 128
276987.572156 2111231.398641 216.046004 128 128 128
276978.737312 2111211.281423 120.312630 128 128 128
276921.456818 2111181.554951 86.479201 128 128 128
276909.332932 2111266.726150 275.570818 178 34 34
276965.007782 2111179.679926 177.876539 128 128 128
276920.909167 2111250.009112 252.292225 178 34 34
276988.073982 2111238.622718 104.169913 178 34 34
276949.274183 2111234.996507 160.278555 128 128 128
276930.878094 2111263.162115 135.383249 128 128 128
276877.762069 2111231.159031 250.685385 128 128 128
276961.396589 2111223.490834 58.374347 128 128 128
276933.327532 2111207.376155 148.849775 128 128 128
277008.112399 2111198.729161 163.041513 128 128 128
276926.344462 2111273.640098 223.489633 128 128 128
276965.427184 2111203.786049 256.074420 128 128 128
276963.249187 2111203.564781 130.229184 128 128 128
276985.461179 2111199.231808 218.886344 128 128 128
276956.325039 2111278.847396 249.028429 128 128 128
276971.481594 2111246.068002 86.790775 128 128 128
276917.002422 2111190.173117 160.687138 128 128 128
276965.562991 2111189.850495 101.024354 128 128 128
276936.651559 2111237.502380 83.466776 128 128 128
276965.905155 2111261.422726 204.703343 128 128 128
276960.311211 2111219.015897 289.729318 178 34 34
276930.033675 2111215.524290 209.760225 128 128 128
276952.646657 2111212.221353 79.511537 178 34 34
276928.296847 2111272.293492 160.892540 178 34 34
277015.383546 2111175.255521 120.359076 128 128 128
276981.637491 2111235.536382 214.586725 128 128 128
276930.245579 2111206.211499 260.903181 178 34 34
277011.918935 2111248.663379 140.769183 128 128 128
276922.276661 2111193.283414 253.618009 128 128 128
276998.147786 2111195.293099 75.409755 128 128 128
276982.553614 2111257.757493 249.922028 178 34 34
276996.116462 2111213.766979 67.937487 178 34 34
276959.439647 2111260.436487 205.447007 128 128 128
276970.537824 2111251.834086 240.201353 128 128 128
276950.256788 2111205.950902 166.548751 128 128 128
276976.478830 2111203.828573 134.632789 128 128 128
276928.362144 2111278.398211 143.033085 128 128 128
276991.151305 2111217.487809 223.423688 128 128 128
276935.989075 2111228.131547 168.422953 128 128 128
276968.462766 2111179.712548 253.543507 128 128 128
276932.821331 2111190.927790 214.847158 178 34 34
276997.439749 2111213.708270 195.457838 128 128 128
276913.879215 2111207.823568 256.519148 178 34 34
276999.721408 2111198.244436 195.286069 178 34 34
276961.614156 2111223.457351 107.134424 128 128 128
276971.430976 2111180.852975 257.344291 128 128 128
277025.486186 2111221.479669 116.050906 128 128 128
276909.041008 2111224.179165 284.832807 128 128 128
276930.203573 2111269.937846 124.366782 128 128 128
276976.429321 2111239.782378 210.436648 178 34 34
276890.025516 2111236.618548 233.657063 128 128 128
276975.965127 2111200.368667 67.699282 178 34 34
276930.407533 2111197.117750 140.287945 178 34 34
276920.556174 2111272.352422 270.169025 128 128 128
277008.670075 2111225.461634 149.430965 128 128 128
276939.594070 2111192.512089 253.993624 128 128 128
277016.829619 2111250.284300 108.851486 128 128 128
276915.250254 2111258.578622 199.474501 128 128 128
276968.562897 2111194.738229 243.342867 128 128 128
276880.392066 2111227.069417 265.173089 178 34 34
276982.603385 2111235.255249 273.036928 178 34 34
276938.599609 2111204.178476 286.188272 178 34 34
276954.286577 2111221.886289 109.336827 178 34 34
277000.613840 2111173.675103 78.314617 128 128 128
276935.651045 2111256.990264 254.149377 128 128 128
276992.131191 2111216.375209 152.528887 128 128 128
276979.419065 2111204.898750 67.261086 128 128 128
276915.171746 2111214.416878 107.511987 128 128 128
276982.886399 2111215.811649 79.323794 128 128 128
276989.053232 2111189.487175 154.615641 178 34 34
276954.519888 2111239.090132 60.881421 128 128 128
276954.610784 2111205.167507 286.796132 128 128 128
276931.770390 2111207.761146 255.893042 178 34 34
276907.478349 2111225.443028 191.866474 178 34 34
276875.163098 2111231.431451 258.318211 128 128 128
276932.284906 2111183.551920 101.528449 128 128 128
276954.599018 2111184.558562 206.649779 128 128 128
276968.108705 2111202.567150 277.207084 128 128 128
276896.495155 2111233.190655 218.074313 128 128 128
276986.366545 2111224.135140 174.432400 128 128 128
277004.268359 2111226.825437 79.492075 128 128 128
276943.732498 2111253.289464 209.852376 128 128 128
276965.209752 2111236.739791 110.774072 128 128 128
276878.865383 2111234.688155 280.451384 178 34 34
277003.981346 2111228.654961 100.730685 128 128 128
277005.624060 2111222.799596 98.710313 128 128 128
277002.627225 2111190.119694 147.399962 128 128 128
276978.210034 2111234.479182 190.499125 128 128 128
276923.252171 2111243.864590 169.299499 128 128 128
276929.362503 2111184.878387 132.211535 128 128 128
277005.310593 2111261.679766 111.140199 128 128 128
276980.511647 2111181.274881 255.472136 128 128 128
276884.018507 2111260.813255 256.776069 128 128 128
276926.001209 2111256.256323 58.435687 178 34 34
276924.731918 2111219.946560 168.589274 128 128 128
276996.316192 2111250.181146 165.619498 128 128 128
276933.467399 2111244.685435 195.270327 178 34 34
276883.396438 2111235.616660 272.649434 128 128 128
276985.929874 2111174.898344 87.847414 128 128 128
276967.229397 2111256.305660 145.232371 128 128 128
276962.732742 2111266.567730 106.958725 128 128 128
276936.813123 2111225.375699 199.572002 178 34 34
276924.930559 2111269.878351 80.268098 128 128 128
276968.080656 2111241.499377 61.962159 128 128 128
276999.789403 2111216.904319 175.022077 178 34 34
276998.267142 2111261.908184 256.801011 178 34 34
276909.799038 2111192.013354 241.986949 178 34 34
276993.119022 2111246.102011 81.934835 128 128 128
276966.270568 2111205.711192 274.750091 128 128 128
276935.510663 2111223.708915 149.561015 128 128 128
276920.292476 2111266.046377 251.072758 128 128 128
276960.910850 2111232.011176 119.943213 128 128 128
276983.123563 2111221.502754 282.137910 178 34 34
276946.994093 2111192.120854 256.953820 128 128 128
276947.467819 2111259.941522 169.842599 128 128 128
276953.175692 2111231.874436 81.257354 128 128 128
276966.017394 2111249.480096 254.310944 178 34 34
276929.636061 2111232.668029 253.571105 128 128 128
276965.792706 2111185.947616 246.606488 128 128 128
276962.387466 2111216.847364 251.100042 178 34 34
276990.384900 2111219.351648 254.604335 128 128 128
276963.393409 2111179.972561 77.141992 128 128 128
276955.260968 2111273.999147 255.620293 128 128 128
276928.410806 2111272.862129 150.391008 128 128 128
276914.006889 2111215.775225 118.344560 178 34 34
276879.531498 2111216.045023 250.912352 178 34 34
276946.377034 2111221.970352 195.730938 178 34 34
276981.962463 2111186.706648 191.789133 128 128 128
276949.816924 2111223.043056 55.639014 128 128 128
276979.759953 2111202.101964 288.425877 128 128 128
276972.099331 2111259.167130 273.893031 178 34 34
276956.869069 2111204.424106 232.071033 178 34 34
276911.029181 2111240.669069 254.435725 128 128 128
277011.782652 2111243.668526 106.945497 178 34 34
276997.455755 2111225.572440 192.778245 128 128 128
276971.903691 2111226.918119 87.891206 178 34 34
276912.460721 2111192.425143 289.472208 128 128 128
277007.355051 2111203.853000 134.035129 128 128 128
276959.273689 2111194.328342 196.400222 128 128 128
276961.835693 2111234.251195 286.928112 128 128 128
276951.489940 2111235.368733 78.847909 128 128 128
276988.951285 2111257.432116 253.466385 128 128 128
276939.952329 2111230.264894 67.722706 128 128 128
277006.311316 2111255.551190 82.475407 128 128 128
276999.404092 2111271.222801 247.053279 178 34 34
276937.966587 2111202.357004 248.838228 128 128 128
276937.412092 2111257.432163 143.128724 128 128 128
276944.412673 2111235.544382 144.995382 128 128 128
276980.742784 2111193.429139 153.961674 128 128 128
276901.391727 2111210.548336 165.812417 128 128 128
277001.745902 2111178.222008 129.497335 128 128 128
276975.261416 2111206.404279 176.376086 128 128 128
276972.251565 2111240.990849 189.891238 128 128 128
276912.689485 2111248.090158 218.033854 128 128 128
276946.277209 2111230.986006 269.735990 178 34 34
276930.252387 2111270.599359 68.949010 128 128 128
276961.904274 2111246.822728 193.794845 178 34 34
276931.600725 2111181.462458 116.025114 128 128 128
276977.520455 2111202.301782 152.812061 128 128 128
276951.602052 2111247.233629 67.544848 128 128 128
276987.613170 2111235.842000 194.891897 128 128 128
276916.904981 2111282.630824 208.885461 128 128 128
276894.638928 2111211.430235 268.119155 128 128 128
276984.312808 2111235.318297 130.484871 128 128 128
276945.940494 2111212.264883 170.754227 128 128 128
276995.021092 2111211.992228 113.384970 128 128 128
277005.255372 2111257.236458 224.412767 128 128 128
277012.352736 2111173.078574 75.222813 128 128 128
276972.971524 2111249.515432 149.471777 178 34 34
276959.833211 2111215.557854 153.454680 178 34 34
276923.676125 2111219.533448 245.984326 128 128 128
276988.727682 2111261.243305 211.825048 128 128 128
276926.416207 2111247.044491 85.461716 128 128 128
276920.914987 2111281.029792 251.327830 178 34 34
276956.262740 2111184.892908 224.854441 128 128 128
276992.837438 2111235.766450 167.943629 128 128 128
276911.189034 2111252.841209 283.778034 178 34 34
276940.093647 2111198.801695 121.038984 128 128 128
276994.855448 2111265.841081 198.413861 128 128 128
277028.251318 2111195.130537 74.789684 178 34 34
276924.121741 2111197.980240 251.765164 128 128 128
276938.699236 2111239.809249 258.018860 128 128 128
276891.402321 2111257.366466 253.474673 128 128 128
276912.476827 2111270.730596 258.969447 128 128 128
276894.967912 2111290.203935 263.938720 178 34 34
276941.005668 2111276.820409 167.512417 128 128 128
276943.934693 2111237.438038 197.462831 128 128 128
276934.411350 2111217.294617 281.847514 128 128 128
276979.290536 2111172.936688 162.578049 178 34 34
276908.763647 2111227.404190 236.145373 128 128 128
276962.129838 2111188.117543 164.780472 178 34 34
276986.146536 2111198.466573 93.435582 128 128 128
277014.124191 2111219.705162 150.917870 128 128 128
276966.882176 2111182.668265 67.488594 178 34 34
276941.370488 2111221.650736 195.931433 128 128 128
276985.585434 2111267.014456 206.649432 128 128 128
276935.692424 2111275.056527 96.384368 128 128 128
277028.250814 2111219.694563 101.425009 128 128 128
276975.845482 2111196.561886 305.091545 178 34 34
276945.883850 2111234.236667 184.245626 178 34 34
277018.143910 2111203.118401 125.374930 178 34 34
276987.331917 2111189.020607 229.195924 128 128 128
276935.618086 2111199.122368 113.522059 178 34 34
276923.553060 2111207.887906 198.648355 128 128 128
276986.750758 2111255.339511 74.922292 128 128 128
276949.427295 2111243.919871 204.811855 128 128 128
276967.104113 2111240.638291 261.392334 128 128 128
277023.039985 2111250.666158 79.843166 178 34 34
276942.421992 2111246.923520 258.353010 128 128 128
276905.872766 2111270.196745 165.009726 128 128 128
276979.733452 2111179.636488 190.304531 128 128 128
276919.185466 2111200.887317 61.476011 178 34 34
276870.703312 2111199.253065 269.068012 128 128 128
276974.966244 2111178.047064 249.407349 128 128 128
276966.355981 2111244.610915 88.513510 178 34 34
276917.302218 2111256.013674 247.055113 178 34 34
276965.696255 2111171.625981 77.142775 178 34 34
277509.744210 2111137.810817 217.689665 178 34 34
277490.082143 2111195.508753 291.237714 178 34 34
277541.618548 2111214.498014 205.834974 128 128 128
277465.955190 2111230.814717 319.479620 128 128 128
277553.348726 2111228.074904 228.392013 178 34 34
277479.597723 2111200.291494 233.409194 128 128 128
277518.580088 2111192.400272 300.197944 178 34 34
277491.239538 2111153.238447 332.594846 128 128 128
277526.474762 2111147.868047 224.843823 178 34 34
277493.249045 2111099.936564 185.387293 128 128 128
277512.536300 2111139.927084 259.344655 128 128 128
277511.241963 2111179.506934 229.911487 178 34 34
277530.452448 2111200.181805 179.612641 128 128 128
277476.918030 2111178.357328 336.119264 128 128 128
277466.523714 2111125.024131 341.593723 128 128 128
277498.590183 2111222.385919 185.800865 128 128 128
277524.330808 2111211.059565 338.634342 128 128 128
277527.397554 2111231.536770 281.071845 128 128 128
277496.004004 2111231.678731 281.824349 128 128 128
277526.708250 2111218.088877 194.626661 128 128 128
277472.432429 2111207.845711 301.537301 128 128 128
277508.592197 2111227.265423 252.873794 128 128 128
277514.656261 2111180.742562 179.653164 128 128 128
277497.699797 2111208.444929 174.941198 178 34 34
277464.170467 2111205.809935 321.389461 178 34 34
277461.881424 2111186.346115 321.106580 128 128 128
277530.168220 2111227.853614 297.942571 128 128 128
277536.916642 2111180.340205 182.513451 128 128 128
277531.005530 2111205.296841 250.640974 178 34 34
277519.160269 2111148.697551 216.090502 128 128 128
277513.266408 2111162.986630 203.976244 128 128 128
277512.932289 2111178.918380 340.775483 128 128 128
277514.104933 2111167.155624 241.480431 128 128 128
277505.834959 2111125.149915 248.670197 128 128 128
277487.479980 2111219.107475 328.149339 178 34 34
277455.670064 2111115.174497 273.583493 178 34 34
277495.378256 2111162.929120 212.003228 178 34 34
277460.135152 2111141.891545 299.866974 128 128 128
277515.328149 2111152.143306 323.616306 178 34 34
277498.006905 2111129.089402 304.452144 128 128 128
277499.999768 2111114.599816 206.017163 128 128 128
277468.413492 2111137.003829 249.196343 128 128 128
277541.550516 2111222.178544 190.502903 128 128 128
277515.774057 2111121.458857 224.652897 178 34 34
277473.219742 2111233.023687 312.646599 178 34 34
277493.554800 2111133.760125 301.549663 178 34 34
277516.183525 2111233.905050 326.362755 128 128 128
277536.224328 2111180.979178 257.709931 128 128 128
277485.678227 2111199.037269 240.143704 128 128 128
277519.650090 2111184.132649 277.273168 178 34 34
277532.370305 2111165.745278 270.879154 128 128 128
277544.173583 2111230.906811 275.825370 128 128 128
277482.012366 2111108.274300 249.196680 178 34 34
277486.537944 2111216.554819 234.329418 128 128 128
277495.976850 2111201.953107 219.516682 128 128 128
277495.716012 2111148.437246 290.446514 128 128 128
277473.049524 2111120.639459 292.516915 178 34 34
277485.854994 2111204.353735 303.538722 178 34 34
277493.521724 2111165.406791 265.455603 128 128 128
277509.464594 2111153.829051 205.360159 178 34 34
277484.944371 2111154.419220 243.485697 128 128 128
277527.783219 2111211.427906 227.080042 178 34 34
277541.634622 2111228.044364 194.583853 178 34 34
277497.341745 2111166.563218 193.163877 128 128 128
277479.237387 2111165.840772 234.380325 128 128 128
277512.955374 2111155.173308 325.155176 178 34 34
277508.110823 2111146.605846 354.374504 128 128 128
277468.567363 2111194.968602 293.489550 128 128 128
277488.882352 2111161.839446 289.094114 178 34 34
277522.800043 2111219.940480 274.310303 178 34 34
277479.691386 2111144.003143 301.040505 128 128 128
277476.449791 2111247.098719 335.884532 128 128 128
277510.982441 2111171.518731 253.709396 128 128 128
277500.842559 2111167.204870 214.970880 178 34 34
277520.630241 2111124.263591 240.958789 178 34 34
277504.048965 2111193.180342 230.382452 178 34 34
277474.425573 2111183.565989 270.629962 128 128 128
277484.296150 2111181.290077 273.599659 128 128 128
277546.881037 2111232.152972 199.586122 178 34 34
277513.159979 2111119.536279 308.212880 128 128 128
277475.876898 2111177.820717 236.163384 128 128 128
277468.083032 2111147.827658 268.338263 128 128 128
277515.092053 2111108.153366 263.647241 178 34 34
277483.311847 2111245.389484 309.276988 128 128 128
277474.204457 2111122.431401 224.856793 178 34 34
277551.366968 2111202.052425 219.067197 128 128 128
277534.695933 2111108.716331 203.469566 128 128 128
277514.467646 2111157.285817 230.075279 178 34 34
277499.873532 2111190.373685 220.791456 128 128 128
277533.552052 2111126.814627 225.268732 128 128 128
277471.100264 2111154.713485 320.002682 128 128 128
277516.643286 2111218.982054 241.740510 128 128 128
277543.550046 2111167.608091 187.963277 128 128 128
277496.830990 2111186.969954 269.388953 128 128 128
277480.784314 2111148.362136 241.993379 128 128 128
277504.886006 2111242.743230 200.548503 128 128 128
277535.112923 2111170.762340 205.206069 128 128 128
277521.513819 2111153.863173 216.284748 178 34 34
277523.705385 2111135.856604 224.091090 178 34 34
277507.408109 2111098.740796 189.367311 178 34 34
277461.094861 2111148.532212 344.645521 178 34 34
277553.134161 2111215.465697 210.853264 128 128 128
277539.512211 2111237.583605 235.760915 178 34 34
277503.762358 2111132.285601 348.769541 128 128 128
277479.450605 2111111.494168 280.038251 128 128 128
277493.149630 2111170.547920 249.615832 128 128 128
277529.720798 2111170.453077 255.893188 128 128 128
277485.809318 2111200.194009 266.035929 178 34 34
277491.870121 2111118.077572 194.148830 128 128 128
277526.320620 2111149.281035 287.868491 178 34 34
277517.513994 2111144.549375 237.950342 128 128 128
277504.746073 2111196.592373 218.599600 178 34 34
277503.433397 2111181.571203 273.170619 128 128 128
277516.552916 2111195.822267 215.144859 128 128 128
277498.325664 2111125.993746 282.722839 128 128 128
277529.487527 2111195.738401 276.254298 178 34 34
277536.103157 2111204.860988 209.280345 128 128 128
277482.088836 2111228.923376 306.661849 128 128 128
277505.310200 2111108.538528 283.389651 128 128 128
277506.139024 2111186.671658 219.245432 178 34 34
277482.472481 2111155.696107 266.655764 128 128 128
277502.457592 2111166.601506 217.549409 178 34 34
277516.494575 2111198.337809 339.149603 128 128 128
277503.718371 2111175.973532 245.264814 178 34 34
277513.116206 2111178.246725 226.110308 178 34 34
277453.727014 2111158.327369 328.557006 128 128 128
277536.564991 2111194.501421 237.139419 178 34 34
277502.245545 2111109.584177 214.702335 128 128 128
277518.750455 2111204.914913 239.055344 128 128 128
277496.194918 2111106.370011 189.797457 128 128 128
277505.209952 2111216.874524 208.556439 128 128 128
277455.227194 2111116.125450 297.357604 178 34 34
277508.551148 2111229.819717 241.440728 178 34 34
277494.718584 2111211.733298 191.043601 128 128 128
277466.523076 2111194.238212 311.472674 128 128 128
277481.898061 2111238.222657 306.601495 128 128 128
277502.052623 2111183.631795 269.179947 178 34 34
277510.297631 2111156.284125 304.939738 128 128 128
277508.226355 2111157.232756 310.786128 128 128 128
277468.548415 2111113.444374 282.846707 178 34 34
277501.777734 2111173.443598 283.794884 128 128 128
277515.363779 2111158.440880 246.039632 128 128 128
277492.295447 2111116.148184 194.549037 128 128 128
277495.963953 2111217.637396 186.244264 128 128 128
277501.497314 2111207.386839 344.218210 128 128 128
277473.943940 2111252.480521 330.086443 128 128 128
277451.390997 2111130.910459 327.820279 128 128 128
277512.633997 2111237.327729 321.292447 128 128 128
277486.015423 2111217.121069 251.836277 128 128 128
277494.402430 2111127.360427 290.215733 128 128 128
277489.214009 2111203.402163 239.469550 128 128 128
277518.653221 2111206.461369 208.523304 178 34 34
277469.576348 2111114.770521 279.504146 128 128 128
277459.767736 2111185.372993 334.284210 128 128 128
277503.256680 2111194.281098 289.647470 128 128 128
277501.688800 2111201.002927 257.901007 178 34 34
277496.886129 2111208.417975 281.001417 128 128 128
277500.771087 2111192.373948 314.807227 128 128 128
277477.317497 2111239.812402 328.174310 128 128 128
277502.992655 2111228.247596 250.560204 128 128 128
277536.685882 2111108.742685 205.736447 128 128 128
277539.900355 2111220.721114 245.482791 178 34 34
277493.694454 2111142.424840 349.475980 128 128 128
277453.462994 2111121.949711 337.451013 178 34 34
277467.648786 2111179.931879 277.569397 178 34 34
277494.024947 2111182.076788 294.192676 178 34 34
277484.051443 2111197.299463 266.872666 128 128 128
277519.188149 2111158.208413 308.635834 128 128 128
277513.250506 2111246.138654 278.561447 128 128 128
277523.754768 2111241.971881 257.920546 178 34 34
277521.768230 2111220.751223 343.382938 178 34 34
277490.575351 2111183.951392 340.087403 128 128 128
277537.770876 2111198.324949 277.724178 178 34 34
277504.026173 2111146.862502 270.332978 128 128 128
277507.087431 2111143.102887 330.594602 128 128 128
277491.887999 2111163.545583 226.073542 178 34 34
277525.437404 2111156.010886 299.299278 128 128 128
277455.218144 2111185.069937 335.940072 128 128 128
277516.113345 2111236.779874 337.726335 178 34 34
277497.641350 2111188.335044 257.690360 128 128 128
277457.571227 2111174.200590 322.257496 128 128 128
277478.447890 2111250.450386 288.626857 178 34 34
277479.337525 2111163.076403 309.026039 178 34 34
277549.700330 2111231.876362 230.624308 128 128 128
277492.891841 2111121.632955 330.047635 128 128 128
277519.474333 2111178.576113 305.663666 128 128 128
277465.679341 2111163.614900 343.226446 128 128 128
277489.316492 2111118.879124 227.095853 128 128 128
277508.411074 2111137.667452 184.054898 128 128 128
277531.871910 2111231.628701 298.498516 178 34 34
277517.204125 2111226.393761 306.380465 128 128 128
277511.198893 2111131.932705 277.589796 128 128 128
277486.594649 2111207.611277 264.145949 128 128 128
277464.734023 2111116.544309 298.126668 178 34 34
277505.620914 2111119.102024 348.917802 128 128 128
277522.403319 2111150.588329 308.846011 128 128 128
277505.291183 2111125.382487 248.857589 128 128 128
277463.068417 2111137.749569 274.042099 128 128 128
277477.725915 2111247.360944 293.903048 128 128 128
277513.150358 2111239.037866 301.541472 128 128 128
277506.763117 2111148.542142 197.522855 128 128 128
277529.366668 2111236.088911 263.334848 128 128 128
277505.115976 2111130.649344 271.308914 128 128 128
277472.697708 2111142.166791 347.148417 128 128 128
277510.200618 2111104.395337 257.469399 128 128 128
277519.679146 2111131.355406 267.300823 128 128 128
277514.649859 2111162.046550 310.536299 128 128 128
277518.927197 2111142.146692 219.547089 128 128 128
277484.341847 2111115.888439 203.337788 128 128 128
277480.752617 2111176.762720 213.206563 128 128 128
277473.296891 2111165.600992 277.315227 128 128 128
277479.293253 2111254.597852 336.815883 128 128 128
277496.219822 2111139.619755 311.915247 128 128 128
277475.018722 2111192.099076 313.912768 178 34 34
277499.567978 2111105.737488 301.307396 128 128 128
277523.684545 2111240.650430 319.758041 178 34 34
277514.247987 2111161.710308 293.225792 178 34 34
277515.367390 2111210.487643 295.818884 128 128 128
277528.950647 2111195.223662 243.138370 128 128 128
277533.611561 2111214.143239 201.773975 128 128 128
277483.676934 2111203.916328 303.124814 128 128 128
277520.245218 2111150.750063 287.564203 128 128 128
277504.004751 2111166.008621 261.520654 128 128 128
277487.435293 2111171.989898 183.366913 128 128 128
277502.938322 2111226.420268 232.760879 178 34 34
277500.805042 2111113.296545 291.968830 128 128 128
277452.313683 2111144.930281 319.494121 128 128 128
277483.851674 2111163.871395 327.729961 128 128 128
277509.455252 2111133.060380 192.399166 178 34 34
277478.621951 2111130.509040 313.214155 128 128 128
277465.301357 2111165.113072 303.569321 178 34 34
277486.122523 2111226.737423 342.802305 128 128 128
277464.852208 2111174.705115 278.006691 128 128 128
277484.364411 2111120.881465 239.577368 178 34 34
277515.007406 2111148.715274 328.579193 178 34 34
277521.283534 2111210.647252 346.239738 178 34 34
277529.573340 2111232.597186 294.846079 178 34 34
277533.445427 2111237.404363 324.138963 128 128 128
277469.659049 2111111.132884 250.234276 128 128 128
277485.055438 2111211.710075 336.009271 178 34 34
277507.389194 2111218.353942 297.888421 178 34 34
277517.872356 2111241.435283 264.183731 178 34 34
277505.907048 2111162.793837 246.544845 178 34 34
277507.665466 2111196.180091 349.319807 128 128 128
277546.199718 2111170.240857 186.586031 128 128 128
277511.988994 2111120.052241 263.262757 128 128 128
277498.828042 2111170.005805 253.872437 128 128 128
277464.121750 2111127.138938 248.719431 128 128 128
277517.057573 2111185.849536 291.285921 178 34 34
277522.373157 2111139.295933 260.886305 128 128 128
277511.793166 2111135.286304 321.354129 128 128 128
277494.564403 2111135.451003 179.126790 128 128 128
277519.967731 2111188.581697 329.691656 128 128 128
277510.413617 2111233.909426 230.516537 128 128 128
277496.605375 2111226.901641 250.061194 178 34 34
277499.514759 2111123.244757 289.009797 128 128 128
277517.686391 2111164.388394 266.373197 128 128 128
277485.395908 2111147.010277 218.177967 128 128 128
277524.135819 2111202.888094 325.344059 178 34 34
277520.492951 2111220.612086 246.343497 128 128 128
277488.014405 2111207.308274 277.468490 128 128 128
277489.164080 2111221.369177 277.516308 178 34 34
277511.752640 2111111.338514 298.847044 128 128 128
277525.304800 2111210.981420 302.073697 128 128 128
277510.129686 2111150.837174 264.601442 128 128 128
277498.645818 2111244.209371 273.427886 178 34 34
277488.499272 2111164.949508 240.278969 128 128 128
277532.374376 2111117.983625 198.003569 128 128 128
277499.730764 2111245.636329 264.748220 178 34 34
277515.419482 2111118.528291 264.089606 128 128 128
277497.974059 2111187.821712 229.640583 178 34 34
277487.276707 2111179.006221 245.663192 178 34 34
277528.141386 2111203.532602 285.479488 128 128 128
277507.405565 2111200.160391 325.416901 128 128 128
277512.982301 2111176.369758 346.217274 178 34 34
277501.636089 2111129.667020 300.126658 128 128 128
277452.480223 2111150.137325 323.609465 178 34 34
277523.389108 2111181.818542 194.089686 178 34 34
277477.547521 2111252.606439 329.257706 178 34 34
277478.826406 2111114.017682 214.033981 128 128 128
277485.186336 2111229.548261 312.240165 178 34 34
277500.820688 2111145.161981 294.760222 128 128 128
277519.307644 2111147.455185 205.159595 128 128 128
277526.664361 2111211.260434 324.076605 128 128 128
277483.452395 2111210.125142 263.882648 128 128 128
277487.877020 2111225.578774 256.597249 128 128 128
277506.732523 2111138.025049 322.351679 128 128 128
277491.260109 2111196.069070 333.425227 178 34 34
277508.298204 2111108.297275 285.812644 128 128 128
277520.869028 2111234.378993 173.371007 128 128 128
277499.556971 2111160.074690 263.371951 128 128 128
277515.589247 2111159.229611 259.078962 128 128 128
277467.324735 2111214.563725 325.531508 128 128 128
277504.541717 2111209.033099 327.130165 128 128 128
277456.993640 2111120.163441 307.760394 128 128 128
277470.633061 2111148.360228 301.835076 128 128 128
277490.146110 2111181.045811 270.857341 178 34 34
277489.094135 2111187.083229 235.726631 128 128 128
277524.739988 2111213.639722 179.048948 128 128 128
277480.064106 2111134.037479 207.211507 128 128 128
277474.304514 2111179.502971 315.572728 128 128 128
277492.717111 2111199.550105 335.599546 128 128 128
277487.316514 2111184.836184 254.258958 178 34 34
277492.661269 2111111.838237 241.797328 178 34 34
277482.082175 2111109.597424 199.850359 178 34 34
277525.152598 2111236.034434 225.561504 128 128 128
277520.179832 2111193.459794 290.179049 178 34 34
277502.587001 2111203.694930 183.591748 128 128 128
277496.323661 2111223.618990 275.008975 128 128 128
277496.255395 2111175.378047 277.124699 178 34 34
277521.244836 2111188.691600 235.596799 178 34 34
277547.646262 2111212.443003 232.458898 128 128 128
277532.856782 2111233.118635 287.495479 128 128 128
277479.633659 2111173.002451 256.899052 128 128 128
277474.285344 2111126.988544 255.256494 128 128 128
277494.080185 2111111.971634 310.729630 128 128 128
277514.050014 2111165.212797 240.931842 178 34 34
277547.386108 2111185.360603 215.970875 128 128 128
277479.412328 2111239.497574 265.735776 128 128 128
277490.757731 2111178.457258 196.422246 178 34 34
277494.433659 2111148.750251 196.759016 128 128 128
277512.659760 2111114.610389 216.682240 128 128 128
277512.516115 2111124.332420 317.352974 128 128 128
277495.870529 2111109.398957 220.222931 178 34 34
277501.236356 2111221.721058 225.644528 178 34 34
277453.391833 2111139.560706 344.362990 128 128 128
277472.959657 2111122.944970 288.485906 128 128 128
277499.644103 2111128.934419 243.496226 128 128 128
277535.093285 2111200.993108 219.346224 128 128 128
277495.097664 2111194.383522 328.577824 128 128 128
277502.636395 2111180.558908 326.869857 128 128 128
277517.620668 2111141.213190 321.709595 128 128 128
277542.776316 2111180.845909 188.095680 128 128 128
277491.034092 2111198.987004 263.551081 128 128 128
277555.122857 2111213.682298 196.358653 178 34 34
277489.778470 2111156.654804 183.212560 128 128 128
277477.276128 2111169.618626 314.151588 178 34 34
277515.434741 2111170.681872 249.549365 178 34 34
277502.314909 2111181.808184 306.276515 128 128 128
277481.168457 2111177.931677 306.943130 128 128 128
277495.687925 2111233.495968 310.067064 128 128 128
277507.694259 2111205.890324 263.377720 128 128 128
277479.301942 2111231.381279 326.823748 128 128 128
277498.085250 2111133.660490 291.345519 128 128 128
277509.062533 2111200.462585 324.392369 128 128 128
277532.840580 2111180.218581 243.699097 128 128 128
277490.402592 2111148.826314 294.548553 128 128 128
277489.583393 2111135.058227 336.630176 128 128 128
277552.606369 2111192.728835 209.334679 128 128 128
277480.693437 2111224.659474 341.989935 128 128 128
277499.196348 2111244.012231 326.674610 128 128 128
277524.823349 2111240.688659 283.097208 128 128 128
277506.573048 2111229.537701 288.202886 128 128 128
277528.543161 2111103.070098 201.293525 128 128 128
277515.113512 2111154.133656 283.144641 128 128 128
277482.730893 2111211.489121 294.047036 128 128 128
277501.991429 2111227.315649 242.649683 128 128 128
277501.722663 2111115.766182 310.880842 178 34 34
277508.970395 2111170.552244 332.470659 178 34 34
277516.297341 2111151.512898 319.723058 178 34 34
277526.099955 2111218.277542 195.574233 178 34 34
277502.321971 2111239.408747 191.209128 128 128 128
277505.381108 2111164.744346 249.405201 128 128 128
277500.413633 2111230.313946 230.567731 128 128 128
277527.582416 2111223.927489 255.192094 178 34 34
277492.368416 2111238.977519 267.352730 178 34 34
277531.809004 2111129.333496 187.742046 178 34 34
277515.638091 2111213.202610 202.527894 128 128 128
277473.233552 2111208.637747 331.287654 178 34 34
277517.605270 2111222.852202 258.951524 128 128 128
277485.434683 2111225.544430 267.136663 128 128 128
277560.401966 2111227.742583 183.120535 128 128 128
277514.807703 2111229.918849 258.268903 128 128 128
277505.874748 2111173.957943 327.103006 128 128 128
277528.792022 2111174.253113 247.873854 178 34 34
277498.047308 2111218.575839 338.530870 178 34 34
277472.610876 2111205.145573 330.689017 178 34 34
277520.262170 2111193.098384 211.479872 128 128 128
277490.552467 2111143.099605 253.859360 128 128 128
277503.356808 2111119.667624 201.052250 128 128 128
277501.570198 2111164.690268 334.506319 128 128 128
277529.272564 2111191.804079 243.087481 128 128 128
277466.906072 2111127.176585 285.476098 128 128 128
277526.295266 2111151.236640 225.641571 178 34 34
277529.974468 2111170.306636 271.380528 128 128 128
277531.021155 2111139.150247 222.729124 128 128 128
277484.785115 2111169.587372 254.983598 128 128 128
277477.530478 2111201.880035 266.344006 128 128 128
277496.454648 2111221.973498 190.911473 128 128 128
277517.122703 2111203.300721 214.814858 128 128 128
277504.512472 2111185.472023 237.020976 178 34 34
277500.778691 2111210.591193 182.222675 128 128 128
277514.247273 2111165.392015 256.344438 178 34 34
277514.261533 2111193.084983 242.848188 178 34 34
277481.267798 2111169.815393 243.477001 128 128 128
277526.086527 2111123.286554 237.882414 128 128 128
277484.633311 2111177.535010 235.695420 128 128 128
277489.895869 2111118.512302 307.220069 128 128 128
277519.983131 2111102.789325 201.046909 128 128 128
277489.394227 2111122.172315 301.024089 128 128 128
277464.131374 2111138.298033 308.933898 128 128 128
277524.510479 2111154.205504 267.058812 128 128 128
277507.763944 2111227.062338 232.907012 128 128 128
277490.378298 2111148.441201 324.521453 128 128 128
277526.597975 2111221.129931 309.169820 128 128 128
277529.259515 2111234.573958 246.226087 178 34 34
277478.692897 2111158.240556 262.370504 128 128 128
277536.028253 2111136.970331 188.927279 128 128 128
277482.650388 2111182.358134 235.665698 178 34 34
277503.665310 2111239.765979 298.306908 178 34 34
277496.638442 2111128.774081 339.972854 128 128 128
277533.067184 2111153.372020 241.061184 128 128 128
277519.224025 2111240.598660 256.205734 128 128 128
277518.266162 2111170.119879 253.439696 178 34 34
277495.248884 2111154.484275 201.917906 178 34 34
277466.084573 2111132.469989 296.814553 128 128 128
277487.688848 2111173.482976 186.045379 128 128 128
277463.018273 2111131.581178 267.090645 128 128 128
277515.296042 2111153.466857 229.339310 178 34 34
277504.767949 2111176.718207 219.711413 178 34 34
277485.986517 2111159.038265 295.081058 128 128 128
277525.055127 2111189.284016 250.663413 128 128 128
277492.438310 2111130.737680 279.219998 128 128 128
277487.179350 2111235.967298 258.421433 178 34 34
277512.757792 2111119.217354 206.269456 128 128 128
277494.634725 2111152.093803 255.902497 128 128 128
277498.521085 2111113.380591 235.595223 128 128 128
277500.909791 2111142.474405 206.773815 128 128 128
277499.471527 2111209.443184 174.282267 178 34 34
277506.293484 2111115.254654 227.305005 128 128 128
277500.014943 2111134.523523 278.436955 178 34 34
277517.264179 2111120.678509 289.068293 128 128 128
277498.515470 2111130.306551 266.594208 128 128 128
277499.382772 2111151.949639 339.985862 128 128 128
277544.300599 2111144.097203 202.772653 178 34 34
277524.845371 2111147.224758 232.642754 128 128 128
277517.377593 2111109.420604 287.341993 178 34 34
277469.021047 2111151.541546 328.461284 178 34 34
277484.156967 2111170.860383 274.300430 128 128 128
277486.698698 2111120.338731 246.418885 128 128 128
277514.063870 2111131.857801 226.712104 128 128 128
277490.698288 2111193.260112 295.886621 128 128 128
277487.828775 2111193.575666 250.863143 128 128 128
277535.923773 2111186.896481 260.967110 128 128 128
277554.335490 2111190.732296 200.442217 128 128 128
277462.168358 2111126.632821 257.749863 178 34 34
277488.541051 2111141.359694 213.323648 128 128 128
277458.549471 2111136.321745 315.873915 178 34 34
277496.005380 2111174.377529 256.103042 128 128 128
277484.638973 2111131.995672 327.810986 128 128 128
277481.047701 2111232.058789 261.698321 128 128 128
277456.597761 2111147.495708 327.159120 128 128 128
277504.549718 2111130.403565 298.365326 178 34 34
277508.839701 2111216.922624 303.575582 128 128 128
277536.733667 2111232.690094 310.358248 128 128 128
277475.125303 2111224.420346 320.923703 128 128 128
277532.062653 2111181.799016 226.959941 128 128 128
277479.521905 2111126.267760 216.744686 128 128 128
277468.314897 2111139.065983 290.078503 128 128 128
277530.821040 2111182.269583 263.478901 128 128 128
277502.938070 2111239.343691 221.330074 128 128 128
277514.454921 2111144.118288 230.058621 128 128 128
277504.573484 2111147.629808 239.827593 128 128 128
277502.375201 2111130.267322 350.552961 178 34 34
277468.159051 2111129.894676 287.325097 178 34 34
277481.596767 2111135.318203 301.682395 128 128 128
277494.187134 2111235.492528 296.781982 128 128 128
277503.225910 2111241.139439 262.193000 178 34 34
277503.257565 2111211.661705 182.009000 128 128 128
277500.125343 2111137.936566 333.474843 128 128 128
277494.289644 2111166.977563 177.712513 128 128 128
277529.112507 2111129.145019 208.156500 178 34 34
277472.982177 2111190.936578 335.193221 178 34 34
277502.612950 2111125.481170 349.193948 128 128 128
277487.721827 2111146.557016 231.836830 128 128 128
277528.124273 2111208.338898 328.800011 178 34 34
277529.428780 2111173.262088 223.102589 178 34 34
277507.885761 2111147.005038 185.785559 128 128 128
277548.398953 2111185.799142 213.203158 128 128 128
277516.063678 2111169.249705 247.210159 178 34 34
277518.972173 2111185.882158 228.951352 128 128 128
277500.847431 2111175.762455 299.151573 128 128 128
277513.656193 2111130.048217 265.615865 178 34 34
277478.988221 2111121.719123 325.497128 128 128 128
277514.752457 2111168.644399 309.630773 128 128 128
277525.082243 2111244.585208 328.355867 178 34 34
277512.328548 2111144.669983 219.937663 128 128 128
277529.630638 2111235.430533 204.978234 178 34 34
277489.490608 2111205.725902 239.292454 128 128 128
277506.555746 2111151.600112 188.500078 128 128 128
277488.128656 2111141.134528 262.740301 178 34 34
277481.603006 2111139.938945 211.473924 128 128 128
277541.939079 2111202.035428 258.208109 128 128 128
277485.841414 2111186.993420 221.448032 128 128 128
277519.219690 2111220.553199 337.408355 128 128 128
277459.370253 2111136.871522 312.922557 128 128 128
277490.174687 2111210.766099 320.421207 178 34 34
277488.718160 2111184.794088 258.693948 178 34 34
277513.368627 2111151.793993 258.452916 128 128 128
277500.440289 2111205.192894 175.011486 128 128 128
277508.425567 2111111.227313 276.221524 128 128 128
277491.000413 2111208.677885 251.477614 128 128 128
277522.825504 2111182.690245 310.257372 128 128 128
277536.942749 2111144.249400 192.364377 128 128 128
277513.499307 2111105.308831 303.853529 128 128 128
277478.605514 2111159.803962 236.391584 178 34 34
277500.362053 2111232.160012 210.563309 128 128 128
277476.476455 2111212.780603 334.218792 128 128 128
277504.009150 2111150.083533 248.939997 128 128 128
277530.831404 2111165.251757 265.862943 128 128 128
277496.859785 2111245.292235 304.709242 128 128 128
277503.142956 2111220.738729 277.910242 128 128 128
277510.195533 2111206.998525 289.910679 128 128 128
277535.134809 2111164.343974 204.463288 128 128 128
277531.344731 2111170.721790 206.132877 128 128 128
277525.125067 2111101.588122 237.997306 128 128 128
277490.871613 2111237.553511 283.614174 128 128 128
277483.298882 2111213.052932 320.937237 178 34 34
277488.739143 2111156.956176 337.941359 128 128 128
277531.091140 2111136.013009 258.975316 128 128 128
277502.349667 2111134.805180 321.804055 128 128 128
277537.770240 2111190.337445 233.056944 128 128 128
277523.012426 2111115.234489 247.828297 128 128 128
277499.309298 2111170.534639 278.860053 128 128 128
277524.557037 2111152.159931 269.255556 178 34 34
277493.936147 2111210.195568 238.275942 178 34 34
277509.761750 2111121.735887 286.329513 178 34 34
277487.739363 2111188.511172 190.734528 128 128 128
277542.725412 2111220.915453 270.660930 128 128 128
277474.858153 2111157.368984 285.410908 178 34 34
277468.895722 2111169.838813 293.578023 128 128 128
277482.520202 2111130.292130 196.601525 128 128 128
277475.926314 2111153.061108 257.252320 128 128 128
277498.425452 2111107.721330 299.188791 128 128 128
277482.939652 2111147.445806 269.966619 128 128 128
277536.863027 2111187.690681 235.333034 128 128 128
277521.933194 2111171.919024 186.980638 128 128 128
277476.944751 2111119.199361 202.946497 128 128 128
277539.497308 2111198.285815 215.022898 178 34 34
277476.767191 2111195.503590 329.088408 128 128 128
277485.322422 2111192.649237 241.066535 178 34 34
277478.876371 2111125.999429 310.284065 128 128 128
277531.851904 2111185.674967 210.868922 128 128 128
277497.841369 2111188.528678 306.741176 128 128 128
277505.842191 2111192.228907 259.055683 128 128 128
277520.909850 2111192.359349 336.485986 128 128 128
277510.214937 2111187.645778 180.730016 128 128 128
277492.010709 2111186.418861 279.845921 178 34 34
277476.570397 2111183.138237 313.643634 128 128 128
277508.931188 2111235.936479 188.103950 128 128 128
277517.926797 2111165.638635 327.318487 128 128 128
277480.954642 2111191.066090 267.814164 128 128 128
277481.831865 2111180.392935 317.392217 178 34 34
277464.400953 2111125.883157 291.119961 128 128 128
277539.981935 2111139.480127 195.534195 128 128 128
277521.762449 2111154.951243 277.660236 128 128 128
277505.925055 2111215.082805 213.743312 178 34 34
277466.142206 2111127.113555 348.959757 178 34 34
277502.473869 2111212.328566 178.169901 128 128 128
277484.989449 2111151.847767 245.640986 128 128 128
277485.806107 2111179.452743 317.620122 128 128 128
277520.827311 2111184.736345 327.886412 128 128 128
277532.245006 2111227.178282 272.961558 178 34 34
277517.055739 2111194.599727 198.933861 128 128 128
277507.977930 2111149.110155 184.632268 128 128 128
277537.804615 2111223.843284 249.414160 128 128 128
277488.991044 2111106.175839 226.332845 128 128 128
277470.538490 2111129.286784 334.882902 178 34 34
277517.489259 2111233.938594 240.533011 128 128 128
277491.744397 2111110.917891 273.517506 178 34 34
277518.987606 2111247.079453 325.281812 128 128 128
277517.100087 2111148.916470 220.544919 128 128 128
277481.026483 2111237.157576 317.174204 178 34 34
277505.979869 2111220.264604 275.041104 128 128 128
277508.732815 2111216.945837 199.745537 128 128 128
277517.779215 2111153.630869 297.134405 128 128 128
277510.235389 2111116.885003 322.290271 128 128 128
277504.897600 2111197.568839 178.533720 128 128 128
277517.468925 2111202.460232 229.109784 128 128 128
277539.172713 2111171.341219 215.937102 128 128 128
277498.409259 2111221.289074 179.258787 128 128 128
277480.506188 2111234.143178 311.815349 178 34 34
277504.757487 2111110.682635 288.899964 128 128 128
277496.739665 2111204.577842 186.078525 128 128 128
277502.549459 2111190.668634 229.909793 128 128 128
277500.621891 2111117.866536 322.233242 178 34 34
277500.391782 2111224.496795 180.159285 178 34 34
277476.065520 2111148.664914 251.745742 128 128 128
277479.764294 2111249.313747 330.326867 128 128 128
277468.907405 2111166.632186 329.082628 178 34 34
277481.033510 2111200.841116 343.320239 128 128 128
277486.746190 2111178.891496 274.915527 128 128 128
277522.028126 2111155.866562 289.846675 128 128 128
277480.193695 2111129.372241 264.756087 178 34 34
277488.635897 2111188.020181 232.036031 178 34 34
277515.801117 2111182.365437 288.287479 128 128 128
277526.800949 2111222.180668 247.235247 128 128 128
277527.340849 2111146.685746 259.963554 128 128 128
277508.973529 2111181.559262 218.695491 128 128 128
277492.546927 2111235.705335 256.517279 178 34 34
277451.320776 2111158.033237 331.625742 128 128 128
277496.724806 2111121.653879 341.483696 128 128 128
277503.708500 2111192.120846 304.208891 128 128 128
277534.759710 2111190.274686 243.352504 128 128 128
277532.023773 2111168.040252 224.195671 128 128 128
277503.393561 2111221.375953 244.176320 128 128 128
277474.554636 2111151.203021 221.421409 178 34 34
277547.668029 2111172.148554 210.154606 178 34 34
277527.952420 2111146.102937 202.575026 178 34 34
277510.341815 2111116.304611 285.606031 178 34 34
277528.060981 2111146.382529 236.595157 128 128 128
277500.441695 2111152.528737 311.092088 128 128 128
277537.788244 2111186.233669 240.909539 178 34 34
277514.823793 2111174.363365 261.445840 128 128 128
277491.300255 2111139.766001 323.639087 128 128 128
277531.902162 2111195.935347 277.172739 128 128 128
277498.618252 2111235.155221 342.550539 178 34 34
277520.257044 2111148.886172 224.575773 178 34 34
277477.157461 2111187.860263 331.020871 128 128 128
277492.549746 2111140.126182 183.332603 128 128 128
277487.670166 2111113.088672 238.239316 128 128 128
277503.170606 2111224.185469 234.959064 128 128 128
277515.302715 2111107.885993 202.534135 178 34 34
277534.375005 2111196.108543 187.727574 178 34 34
277526.760287 2111199.459845 226.037511 178 34 34
277486.747490 2111180.849597 315.378996 178 34 34
277486.627875 2111113.877967 288.515096 128 128 128
277493.477081 2111249.525691 303.765155 178 34 34
277453.237137 2111120.479305 333.315229 128 128 128
277510.071970 2111165.784997 297.918704 128 128 128
277516.080410 2111166.964570 325.244840 128 128 128
277518.408836 2111171.990596 193.584167 128 128 128
277508.597526 2111132.679281 310.879776 178 34 34
277517.213334 2111105.112375 273.085669 128 128 128
277548.412734 2111226.396834 229.021159 128 128 128
277499.708451 2111209.838215 204.497254 128 128 128
277532.715007 2111209.978432 288.417537 178 34 34
277473.184025 2111135.943955 315.647694 128 128 128
277510.444159 2111189.714077 226.297146 128 128 128
277535.200187 2111174.563915 266.142302 128 128 128
277521.320463 2111183.869063 211.267622 128 128 128
277469.776066 2111152.208188 257.313464 178 34 34
277498.394232 2111163.420148 333.215367 128 128 128
277508.262733 2111108.750221 297.995529 128 128 128
277496.404642 2111217.664665 266.394867 128 128 128
277467.396640 2111170.606225 319.799922 128 128 128
277466.921791 2111120.755674 242.483966 178 34 34
277474.641638 2111163.026674 309.296878 128 128 128
277494.322241 2111112.141543 295.798696 128 128 128
277483.298009 2111218.558773 262.045115 128 128 128
277508.222484 2111166.387886 333.497557 128 128 128
277481.354844 2111152.753066 317.970661 128 128 128
277467.559106 2111210.480460 304.628211 128 128 128
277532.232507 2111209.020248 202.403529 128 128 128
277528.251137 2111223.902652 271.842702 128 128 128
277495.086095 2111146.046095 317.004808 128 128 128
277519.641442 2111149.230058 239.040080 178 34 34
277526.361192 2111188.969686 310.265591 128 128 128
277526.110513 2111198.451041 297.688962 128 128 128
277504.017437 2111184.969617 321.910812 128 128 128
277493.922298 2111173.453715 251.359478 178 34 34
277483.995493 2111145.449817 298.441434 128 128 128
277467.318557 2111177.024067 340.248023 128 128 128
277508.448000 2111189.489465 307.609732 178 34 34
277544.133890 2111154.309992 188.328162 128 128 128
277545.026472 2111202.685903 246.777289 128 128 128
277502.499104 2111180.871535 343.853665 128 128 128
277505.060021 2111105.818564 243.719963 128 128 128
277464.297007 2111160.198382 277.359385 128 128 128
277479.470889 2111142.934136 310.032573 178 34 34
277514.559349 2111174.027781 259.510126 178 34 34
277458.003705 2111146.923907 331.475151 128 128 128
277472.931684 2111242.709990 307.755173 178 34 34
277494.600103 2111183.402984 177.633805 178 34 34
277511.531732 2111247.423402 335.694465 128 128 128
277479.099681 2111143.475648 307.162009 178 34 34
277518.986330 2111197.783124 251.167828 128 128 128
277498.223078 2111140.735045 287.786880 128 128 128
277484.139173 2111210.382860 259.705605 178 34 34
277528.368978 2111222.207597 188.383664 128 128 128
277502.964951 2111229.320325 265.418312 128 128 128
277511.483112 2111122.862163 195.572745 178 34 34
277518.101262 2111155.941801 226.937191 128 128 128
277548.280309 2111169.537382 187.902073 128 128 128
277513.492218 2111239.217741 260.153000 128 128 128
277516.241092 2111211.939826 283.999725 178 34 34
277490.153863 2111186.712635 269.352353 178 34 34
277498.828850 2111119.775223 304.941371 128 128 128
277498.296321 2111221.858062 324.825732 128 128 128
277498.006824 2111181.342332 273.989887 128 128 128
277498.087155 2111131.650460 218.519306 128 128 128
277486.472092 2111114.152767 223.866693 178 34 34
277516.407074 2111189.334329 236.790258 178 34 34
277494.754049 2111247.085304 284.585137 128 128 128
277501.439666 2111232.003821 226.929535 128 128 128
277538.417788 2111179.933349 244.645132 128 128 128
277484.058103 2111230.146731 252.899433 128 128 128
277468.410917 2111168.039827 255.404471 178 34 34
277523.902594 2111163.470070 308.186725 128 128 128
277515.072811 2111213.632253 285.741618 178 34 34
277513.522662 2111221.314737 209.055558 178 34 34
277496.064347 2111236.000420 246.035854 128 128 128
277471.660991 2111114.188233 214.737100 128 128 128
277510.415808 2111197.982305 223.340433 178 34 34
277499.916346 2111116.419585 304.420859 128 128 128
277501.345341 2111217.774331 202.518430 128 128 128
277535.606364 2111174.727341 239.169795 178 34 34
277516.535913 2111183.469539 242.338752 128 128 128
277523.323763 2111189.003084 294.884047 128 128 128
277501.330268 2111170.496120 253.326862 128 128 128
277503.960781 2111224.645664 187.667614 178 34 34
277494.255702 2111238.010450 227.012554 128 128 128
277516.053035 2111149.765394 292.488089 128 128 128
277477.046381 2111241.044187 320.986596 178 34 34
277472.182776 2111137.155612 260.964057 128 128 128
277490.232450 2111221.397686 223.240277 128 128 128
277486.089289 2111215.520849 243.693567 128 128 128
277486.282510 2111187.496574 324.229981 178 34 34
277535.247099 2111102.500491 199.982254 178 34 34
277475.025207 2111169.736493 339.305099 128 128 128
277485.118449 2111124.563317 327.539997 128 128 128
277465.524573 2111118.333897 318.863132 178 34 34
277479.863212 2111175.764688 220.925956 128 128 128
277478.331202 2111113.901494 232.504803 128 128 128
277493.872817 2111124.795418 270.111687 128 128 128
277495.836198 2111144.458407 218.700169 128 128 128
277487.578088 2111196.569786 196.839637 128 128 128
277455.751029 2111126.664171 342.429147 128 128 128
277531.469584 2111204.330596 190.067138 128 128 128
277527.078688 2111191.592922 222.660570 128 128 128
277535.476025 2111212.654860 282.954848 128 128 128
277492.805910 2111247.205512 274.584124 128 128 128
277479.503302 2111219.988527 333.339907 178 34 34
277479.978374 2111148.145428 261.748588 178 34 34
277548.184569 2111203.417071 221.899643 128 128 128
277523.845960 2111160.143545 257.151564 128 128 128
277504.583131 2111124.500069 303.353517 128 128 128
277509.739354 2111147.139903 235.725758 128 128 128
277489.285630 2111179.246732 300.716033 178 34 34
277511.045923 2111154.793625 190.049351 178 34 34
277532.560271 2111147.986139 219.937989 128 128 128
277457.405964 2111157.138571 294.985343 128 128 128
277495.881550 2111227.838291 217.763996 178 34 34
277508.497308 2111131.894648 310.440206 128 128 128
277541.111724 2111226.862629 266.624538 128 128 128
277506.378298 2111238.358601 222.874390 128 128 128
277507.594152 2111174.821930 219.081942 128 128 128
277508.105107 2111232.063946 184.360069 128 128 128
277498.610319 2111220.240072 195.734103 128 128 128
277486.811830 2111214.572098 296.863225 178 34 34
277466.922689 2111156.997389 264.034586 128 128 128
277498.131986 2111160.516958 338.421118 128 128 128
277529.605347 2111197.708686 274.829348 128 128 128
277504.095395 2111188.959213 330.651078 128 128 128
277498.094325 2111140.318166 264.004278 178 34 34
277457.994294 2111178.742539 313.236431 178 34 34
277541.506018 2111173.056093 218.902374 128 128 128
277484.563674 2111106.034670 233.860820 128 128 128
277505.129823 2111124.514993 250.811898 128 128 128
277485.652834 2111184.054464 233.951272 128 128 128
277501.788763 2111188.330623 301.799903 128 128 128
277513.214724 2111145.325281 296.263453 128 128 128
277506.398503 2111110.247758 222.602940 128 128 128
277502.237846 2111153.956987 198.218680 128 128 128
277464.240162 2111190.920806 292.815192 128 128 128
277495.425446 2111167.214480 200.224679 178 34 34
277477.731388 2111138.641988 216.506141 128 128 128
277506.504221 2111199.181737 342.948980 128 128 128
277513.827936 2111208.885345 264.723203 128 128 128
277509.771949 2111157.291499 262.062920 128 128 128
277524.587326 2111237.755074 239.524309 128 128 128
277485.530643 2111160.216843 209.005734 128 128 128
277459.778925 2111122.809936 267.022754 128 128 128
277483.930429 2111163.744640 276.044307 128 128 128
277488.537083 2111154.125149 287.846996 178 34 34
277495.340660 2111241.439492 247.655620 178 34 34
277535.247077 2111213.310043 294.193731 128 128 128
277532.102356 2111212.562562 289.109847 128 128 128
277502.091277 2111141.223977 201.279273 128 128 128
277478.105524 2111111.756125 238.259779 128 128 128
277532.355368 2111117.030254 205.388658 128 128 128
277519.572658 2111166.279934 233.652645 178 34 34
277539.820281 2111133.903670 195.387299 178 34 34
277493.432814 2111156.972909 206.785782 128 128 128
277528.868976 2111139.799375 205.735335 128 128 128
277536.438564 2111156.724022 246.458550 128 128 128
277503.254643 2111227.425837 236.723266 128 128 128
277505.117266 2111115.151408 304.368134 178 34 34
277541.897716 2111143.278347 203.571548 128 128 128
277514.623053 2111215.114757 266.883674 178 34 34
277553.389736 2111191.359920 192.371764 128 128 128
277456.677899 2111118.752163 310.094517 128 128 128
277497.726861 2111130.864453 204.802628 178 34 34
277498.437580 2111133.845744 325.960972 178 34 34
277470.403705 2111160.347163 339.063665 128 128 128
277507.806119 2111210.932740 268.961975 128 128 128
277510.139649 2111120.531584 299.232321 128 128 128
277510.998445 2111102.837260 205.102257 178 34 34
277477.661447 2111155.332321 209.747626 128 128 128
277481.384161 2111106.138083 218.378160 128 128 128
277520.642838 2111178.250226 211.802604 128 128 128
277552.683591 2111228.801010 221.981934 178 34 34
277526.602552 2111123.652199 238.441610 128 128 128
277500.907507 2111150.085165 271.658096 178 34 34
277470.252031 2111126.980999 308.176412 128 128 128
277517.262174 2111146.823842 326.586275 178 34 34
277482.436130 2111188.800168 338.029373 128 128 128
277522.356537 2111188.282847 248.711475 128 128 128
277493.456094 2111157.166028 328.560439 128 128 128
277487.181654 2111141.840727 346.952286 178 34 34
277525.642396 2111225.144916 275.945823 128 128 128
277503.399665 2111230.447921 259.944180 128 128 128
277484.685126 2111117.925200 348.707098 128 128 128
277490.322706 2111198.368952 197.733908 128 128 128
277509.720903 2111207.376345 267.668654 128 128 128
277545.888345 2111235.907693 268.711457 128 128 128
277462.282213 2111203.904977 311.759781 128 128 128
277500.359392 2111214.848270 223.383725 128 128 128
277469.893925 2111141.089668 249.786938 128 128 128
277485.232646 2111173.765626 327.379486 128 128 128
277477.507090 2111229.192107 280.806388 128 128 128
277531.696001 2111100.733824 210.100496 128 128 128
277515.781971 2111115.693033 285.413162 128 128 128
277512.718554 2111145.723003 324.784534 178 34 34
277488.018275 2111209.234077 322.684681 128 128 128
277497.844037 2111162.742530 327.992156 128 128 128
277511.301352 2111232.805136 222.383384 128 128 128
277512.371104 2111106.804024 276.592942 128 128 128
277503.423077 2111182.508135 258.612910 128 128 128
277515.707238 2111120.510563 311.985475 128 128 128
277476.860897 2111163.880898 277.928147 128 128 128
277493.985420 2111142.685774 323.333286 178 34 34
277499.813225 2111218.607576 264.473520 128 128 128
277522.753312 2111205.570903 215.033531 178 34 34
277498.627730 2111133.980047 315.930444 178 34 34
277525.892582 2111108.941705 254.995288 178 34 34
277465.919734 2111222.687510 328.199962 128 128 128
277495.056658 2111164.205166 193.806360 178 34 34
277497.340524 2111148.276816 265.762058 128 128 128
277495.513310 2111150.974546 233.536083 178 34 34
277495.935933 2111103.396402 235.443661 128 128 128
277513.641416 2111150.949127 224.319430 128 128 128
277461.342910 2111157.117217 307.035653 128 128 128
277489.574365 2111107.578810 227.053103 128 128 128
277497.278096 2111180.394992 321.722806 128 128 128
277497.051004 2111170.103801 224.412518 128 128 128
277488.136713 2111101.176082 183.806703 128 128 128
277481.469822 2111135.016978 267.413224 128 128 128
277512.571799 2111166.675700 257.354549 178 34 34
277518.016165 2111209.766323 312.777993 178 34 34
277498.814759 2111159.440899 324.756127 178 34 34
277480.308969 2111126.984821 302.929139 128 128 128
277499.128899 2111243.474007 263.901042 128 128 128
277467.943999 2111146.464537 288.631519 128 128 128
277494.050233 2111162.863282 252.545431 128 128 128
277483.947512 2111107.211520 187.548397 178 34 34
277477.706030 2111136.668288 309.403387 128 128 128
277514.936166 2111139.297515 283.481760 128 128 128
277476.053536 2111213.128130 342.030401 128 128 128
277537.552381 2111193.035715 202.186709 128 128 128
277487.268443 2111134.751537 319.858705 128 128 128
277530.457729 2111233.292998 269.575546 128 128 128
277526.703290 2111170.694951 215.472962 178 34 34
277526.553248 2111203.046895 267.502445 128 128 128
277526.653776 2111172.617274 302.234942 128 128 128
277515.047637 2111184.448434 320.707837 178 34 34
277498.511391 2111102.232631 184.949067 128 128 128
277509.582528 2111184.461951 185.591474 128 128 128
277542.508684 2111226.252200 217.681716 128 128 128
277489.573875 2111115.925203 263.928000 178 34 34
277522.512688 2111129.984496 185.878438 178 34 34
277461.812172 2111164.148396 297.689783 128 128 128
277501.010589 2111205.611248 317.785121 128 128 128
277496.999306 2111106.279824 261.847054 178 34 34
277504.742094 2111240.134074 247.995018 128 128 128
277507.408569 2111189.926293 233.278651 128 128 128
277524.579679 2111154.987696 221.163128 178 34 34
277520.472043 2111229.520995 337.680596 128 128 128
277521.437763 2111169.884468 234.101469 128 128 128
277509.481406 2111104.918827 240.051709 128 128 128
277509.883986 2111216.129282 255.202856 128 128 128
277495.194510 2111179.584594 199.172604 128 128 128
277479.638358 2111215.548056 267.060530 178 34 34
277522.567854 2111205.644393 251.553534 128 128 128
277475.653539 2111130.536686 234.909730 128 128 128
277537.593635 2111145.050993 236.488597 128 128 128
277500.875468 2111160.824947 345.633585 178 34 34
277516.259605 2111160.835912 326.627827 128 128 128
277491.204873 2111126.425457 314.143950 128 128 128
277531.605808 2111163.111236 247.950472 128 128 128
277512.074173 2111246.447663 306.297189 178 34 34
277483.818373 2111198.042247 277.062666 128 128 128
277522.358006 2111237.401207 258.092668 128 128 128
277471.234865 2111182.233934 294.464647 178 34 34
277494.637818 2111213.276312 281.849629 128 128 128
277495.697112 2111195.262972 213.077270 128 128 128
277505.606155 2111196.054505 343.864707 128 128 128
277490.573003 2111180.687126 316.725199 178 34 34
277516.997414 2111102.288939 291.785796 178 34 34
277505.149509 2111182.886160 351.171251 128 128 128
277580.827035 2111367.329908 342.559723 128 128 128
277538.751958 2111479.863493 362.782624 178 34 34
277539.265432 2111419.468464 349.329819 128 128 128
277521.784674 2111390.497883 218.814813 128 128 128
277514.078714 2111468.538234 358.950213 128 128 128
277545.259886 2111449.707034 355.361451 128 128 128
277551.834747 2111445.626157 431.671535 128 128 128
277465.432155 2111464.115171 398.416498 128 128 128
277626.723278 2111375.120492 181.069427 128 128 128
277543.761131 2111454.747341 377.296846 128 128 128
277519.178020 2111436.937974 332.848946 128 128 128
277557.645062 2111473.346197 394.354617 128 128 128
277584.736301 2111431.492171 332.655567 178 34 34
277503.454185 2111391.782200 296.571416 128 128 128
277541.752015 2111408.799412 393.790086 128 128 128
277545.965432 2111411.125093 224.282414 178 34 34
277520.996924 2111464.449002 360.784485 128 128 128
277474.254381 2111426.364117 349.021144 128 128 128
277537.772469 2111389.372095 325.432171 178 34 34
277551.336115 2111464.564041 175.529331 128 128 128
277528.128859 2111404.980804 205.594387 128 128 128
277472.386836 2111390.405758 415.121982 128 128 128
277456.848658 2111427.630491 384.467601 128 128 128
277518.552114 2111370.241722 432.699862 128 128 128
277568.517460 2111365.809828 236.344765 128 128 128
277584.993236 2111472.029494 297.752459 128 128 128
277449.316524 2111457.569928 443.081859 128 128 128
277510.213883 2111485.033994 279.399726 128 128 128
277540.336590 2111418.351271 239.600075 128 128 128
277522.905100 2111408.518021 427.844724 128 128 128
277542.968609 2111475.022472 286.127689 128 128 128
277573.054319 2111396.320932 408.774455 128 128 128
277544.505591 2111442.593904 167.669861 128 128 128
277585.543566 2111430.221863 193.624795 128 128 128
277570.460449 2111362.489472 306.372550 128 128 128
277494.818699 2111408.426275 398.746830 178 34 34
277591.109983 2111428.019715 331.560754 128 128 128
277505.187114 2111462.126799 244.682142 128 128 128
277541.081077 2111480.568667 321.298441 128 128 128
277520.115421 2111414.071680 428.089101 178 34 34
277500.668560 2111394.915376 405.914044 128 128 128
277539.320692 2111384.822335 246.257792 128 128 128
277571.339407 2111439.848314 209.928736 178 34 34
277586.521325 2111409.809912 369.063363 128 128 128
277553.766517 2111404.777528 212.029254 128 128 128
277538.069373 2111461.418529 430.973900 128 128 128
277517.754880 2111367.832648 257.061969 128 128 128
277526.584860 2111465.111180 442.434571 128 128 128
277528.540289 2111436.778881 311.469308 178 34 34
277620.400114 2111365.578558 209.566061 178 34 34
277501.098536 2111398.443573 195.708297 128 128 128
277544.684106 2111491.258988 455.749856 128 128 128
277508.688676 2111416.502666 370.391880 128 128 128
277580.587246 2111415.897065 386.141079 128 128 128
277458.863726 2111471.574876 440.706016 178 34 34
277526.918631 2111385.359504 421.306521 128 128 128
277508.568235 2111371.777593 200.430749 178 34 34
277470.738621 2111407.310284 295.313812 128 128 128
277565.148240 2111477.611840 444.140998 178 34 34
277619.621142 2111429.612994 301.356588 128 128 128
277527.721205 2111469.736302 344.611928 128 128 128
277574.925308 2111447.125421 353.540522 128 128 128
277478.310524 2111394.448694 315.374251 128 128 128
277521.338892 2111460.219325 281.542728 178 34 34
277605.736716 2111434.514432 307.232959 128 128 128
277574.707143 2111360.920442 344.289673 128 128 128
277491.371450 2111437.248765 325.882384 128 128 128
277502.652623 2111409.110418 172.321465 178 34 34
277504.140677 2111450.862392 182.939734 128 128 128
277530.032874 2111463.055479 222.136745 128 128 128
277507.550431 2111427.818251 260.915567 128 128 128
277566.822730 2111445.188411 298.818530 128 128 128
277588.239609 2111374.469467 203.721182 128 128 128
277499.529677 2111487.668188 291.312470 178 34 34
277498.989279 2111394.897307 290.355827 128 128 128
277613.290779 2111445.432973 310.822025 178 34 34
277501.387218 2111451.440180 255.997700 128 128 128
277574.821291 2111461.493584 303.038410 178 34 34
277559.908237 2111371.635961 347.692809 128 128 128
277501.235354 2111370.848959 424.240264 128 128 128
277637.985713 2111439.755830 218.644164 128 128 128
277572.865016 2111397.726745 212.334360 128 128 128
277564.071078 2111422.595966 458.613632 178 34 34
277534.133090 2111395.415330 428.804876 128 128 128
277584.934214 2111444.458303 275.286268 128 128 128
277508.778432 2111388.330427 169.058408 128 128 128
277543.637423 2111377.664653 422.260347 178 34 34
277594.006994 2111393.775434 215.183397 128 128 128
277571.680271 2111475.949264 270.959186 178 34 34
277600.890619 2111388.189733 191.500434 128 128 128
277509.107650 2111460.405535 401.165217 178 34 34
277498.261480 2111419.019001 210.744232 128 128 128
277457.507999 2111415.954750 373.572591 128 128 128
277481.241658 2111470.906056 394.749525 128 128 128
277510.337013 2111486.183325 388.268673 178 34 34
277566.485867 2111416.788362 305.345742 128 128 128
277571.488082 2111350.008258 234.682377 128 128 128
277530.823423 2111460.941758 406.160680 178 34 34
277615.139917 2111457.962270 191.118612 128 128 128
277554.985897 2111421.054934 426.484692 178 34 34
277584.327981 2111482.346111 440.239520 178 34 34
277506.558169 2111444.996136 318.900455 128 128 128
277536.088056 2111450.143181 422.850865 128 128 128
277487.802314 2111498.618651 375.448776 128 128 128
277610.073708 2111438.998024 273.956839 128 128 128
277585.314991 2111404.392132 214.314930 128 128 128
277559.927224 2111370.809127 234.074631 128 128 128
277641.662181 2111444.354462 178.577038 178 34 34
277564.670948 2111401.629361 467.358196 128 128 128
277476.825712 2111469.300646 347.750812 128 128 128
277519.579478 2111390.241975 186.869871 128 128 128
277480.891737 2111474.069136 315.776114 128 128 128
277602.649018 2111403.751496 316.451932 128 128 128
277505.207776 2111369.040968 293.793090 178 34 34
277450.333834 2111478.119530 436.259324 178 34 34
277606.573355 2111425.823658 210.215378 178 34 34
277590.700113 2111393.888057 215.656892 178 34 34
277554.523839 2111371.057443 387.597371 128 128 128
277561.485096 2111396.248726 366.280711 178 34 34
277491.816004 2111443.356172 444.378508 128 128 128
277490.300218 2111429.346059 363.628332 128 128 128
277497.403306 2111482.978632 306.395365 128 128 128
277588.800147 2111473.678104 332.898933 128 128 128
277577.072061 2111412.541159 469.345448 128 128 128
277535.805135 2111352.167626 195.702774 128 128 128
277583.628400 2111344.574851 178.190054 128 128 128
277478.231135 2111403.600779 382.008143 128 128 128
277540.367356 2111419.555769 263.611093 128 128 128
277550.247507 2111359.409172 323.184108 128 128 128
277479.284342 2111387.295386 290.943543 128 128 128
277627.864053 2111411.867696 217.724631 128 128 128
277477.555399 2111396.974316 431.958093 178 34 34
277527.709765 2111485.509286 321.624195 128 128 128
277630.356188 2111371.575716 187.600604 128 128 128
277515.388127 2111452.594954 200.221854 178 34 34
277455.321195 2111395.230821 372.498530 128 128 128
277584.874225 2111446.558436 429.651117 178 34 34
277508.007028 2111408.960056 246.730500 128 128 128
277596.920400 2111350.512784 248.497041 128 128 128
277463.663336 2111378.409687 431.152666 128 128 128
277528.139758 2111472.301771 169.797431 178 34 34
277615.377441 2111349.423767 239.347377 128 128 128
277580.531530 2111348.203028 197.086885 128 128 128
277483.768311 2111403.670756 290.203236 128 128 128
277538.695142 2111454.949591 201.596591 128 128 128
277559.275981 2111382.795052 432.335141 178 34 34
277634.980256 2111395.766033 181.605951 128 128 128
277549.232670 2111410.466603 367.479942 128 128 128
277477.775989 2111467.247067 375.099031 178 34 34
277473.758879 2111382.943300 442.579472 128 128 128
277485.719083 2111391.426896 349.269625 128 128 128
277541.202476 2111352.668860 190.774201 128 128 128
277489.580278 2111476.833638 310.415113 128 128 128
277574.397638 2111412.589300 281.861587 128 128 128
277567.680113 2111445.500143 294.032940 128 128 128
277528.692748 2111450.622840 297.098511 128 128 128
277599.542358 2111394.934054 241.585041 128 128 128
277581.012492 2111420.260134 306.151116 178 34 34
277592.935775 2111434.587348 360.107438 128 128 128
277471.653768 2111383.132961 277.955169 128 128 128
277514.719340 2111461.630408 393.727098 178 34 34
277462.683037 2111413.525758 410.048545 128 128 128
277570.796387 2111361.797291 369.998560 128 128 128
277472.743449 2111457.539760 334.844756 128 128 128
277545.664583 2111409.177888 244.482020 178 34 34
277474.899264 2111439.183896 311.570031 128 128 128
277487.775133 2111468.827873 336.503179 128 128 128
277524.059865 2111458.085213 315.459182 178 34 34
277627.967589 2111402.231062 182.464800 128 128 128
277458.850477 2111383.058568 325.998517 178 34 34
277553.268315 2111425.619001 327.069552 128 128 128
277601.149359 2111455.234247 197.025995 128 128 128
277498.210427 2111385.131771 152.368548 128 128 128
277484.615924 2111440.191725 384.881562 128 128 128
277498.878387 2111372.378703 374.816963 128 128 128
277516.542973 2111441.907810 224.955882 128 128 128
277503.308686 2111421.776327 297.460702 128 128 128
277538.056125 2111475.547717 286.969569 178 34 34
277525.500976 2111465.149218 213.178966 128 128 128
277482.318821 2111369.119253 246.371008 128 128 128
277556.411022 2111474.834086 248.976619 128 128 128
277578.761278 2111392.124107 328.256800 128 128 128
277456.845976 2111396.521170 364.331150 128 128 128
277565.704076 2111447.516247 245.531123 128 128 128
277484.106956 2111452.310697 344.105110 128 128 128
277489.234308 2111492.821541 293.303448 128 128 128
277621.377964 2111452.837231 307.055705 178 34 34
277505.535235 2111397.346550 294.314518 128 128 128
277490.173805 2111465.150102 425.600536 128 128 128
277584.787088 2111461.406709 255.404696 178 34 34
277496.185686 2111458.705603 375.096121 128 128 128
277464.922630 2111386.195707 416.706430 178 34 34
277467.151333 2111454.836896 397.234667 128 128 128
277489.979736 2111406.779775 422.104779 128 128 128
277455.373584 2111397.968560 421.308199 178 34 34
277532.518119 2111442.020131 184.850762 128 128 128
277539.762791 2111421.801660 295.678602 178 34 34
277556.562474 2111444.280528 207.526270 128 128 128
277570.459649 2111398.432062 167.787920 128 128 128
277594.200032 2111406.897599 234.525566 128 128 128
277478.782916 2111395.481706 398.308226 178 34 34
277520.104328 2111449.461897 386.190001 128 128 128
277509.899502 2111469.383359 404.305146 128 128 128
277626.094133 2111360.520286 184.447912 128 128 128
277566.478874 2111378.524375 284.884522 128 128 128
277484.791466 2111452.469043 267.424022 128 128 128
277497.562847 2111373.500865 175.451450 128 128 128
277535.689535 2111413.337422 340.700503 128 128 128
277549.140106 2111397.085561 383.259353 178 34 34
277470.372126 2111381.970091 387.114159 178 34 34
277594.563190 2111371.237552 355.921072 128 128 128
277489.334627 2111373.631749 253.045619 128 128 128
277467.816834 2111475.227744 410.940160 128 128 128
277509.872832 2111417.826715 433.667758 128 128 128
277523.718594 2111412.085970 265.913483 128 128 128
277502.600369 2111469.978302 268.558564 178 34 34
277467.276110 2111383.992098 446.658767 178 34 34
277556.503333 2111476.617604 448.407474 128 128 128
277526.290680 2111448.969572 342.233044 128 128 128
277561.781798 2111437.741343 431.257174 178 34 34
277614.487628 2111460.902229 242.130018 178 34 34
277500.990573 2111485.680445 380.666977 178 34 34
277573.565161 2111359.608888 413.113324 128 128 128
277527.207362 2111494.063856 454.314179 128 128 128
277582.916535 2111449.635949 247.253267 128 128 128
277546.944646 2111394.258582 238.662564 178 34 34
277533.988352 2111428.353760 206.199112 128 128 128
277445.754811 2111385.776910 445.402452 128 128 128
277612.843448 2111353.041167 185.652727 128 128 128
277595.482204 2111381.325015 238.766779 128 128 128
277574.637701 2111475.168557 266.584297 128 128 128
277533.580354 2111377.515902 460.908312 178 34 34
277521.061037 2111478.336402 311.749897 128 128 128
277521.726960 2111461.779025 299.660433 178 34 34
277495.807898 2111378.792721 235.895413 128 128 128
277578.565883 2111377.063002 283.613496 178 34 34
277496.575823 2111413.801845 308.918247 128 128 128
277542.130302 2111367.482629 346.155313 128 128 128
277505.939408 2111458.038644 282.473485 178 34 34
277518.288019 2111407.189878 400.597963 128 128 128
277551.474631 2111372.471597 448.135566 178 34 34
277526.073086 2111468.309337 250.160662 178 34 34
277516.696613 2111425.918072 215.510534 178 34 34
277569.463136 2111473.159216 390.421385 128 128 128
277513.844136 2111461.680358 291.405001 128 128 128
277515.282533 2111426.963174 309.579801 128 128 128
277536.709396 2111469.284105 186.748108 128 128 128
277615.648231 2111453.954627 207.785363 178 34 34
277535.692446 2111442.652659 396.380330 128 128 128
277579.726461 2111445.934603 458.440102 128 128 128
277512.913512 2111392.358759 221.175765 178 34 34
277494.496673 2111476.334305 255.888646 178 34 34
277568.930402 2111392.883433 280.997861 128 128 128
277485.916622 2111399.239920 310.146625 178 34 34
277532.779643 2111380.772781 458.184164 128 128 128
277484.426133 2111478.349642 367.059075 178 34 34
277474.127230 2111374.436008 345.586010 128 128 128
277561.378210 2111440.085219 439.365176 128 128 128
277523.708514 2111437.008999 159.955313 178 34 34
277527.426228 2111437.869112 460.961956 128 128 128
277572.745991 2111412.936883 361.746755 128 128 128
277578.677114 2111438.788128 406.269943 128 128 128
277572.728453 2111477.357757 346.305941 178 34 34
277503.555967 2111399.467061 172.597174 128 128 128
277517.593431 2111438.650362 356.953446 128 128 128
277599.880618 2111395.430507 257.560655 128 128 128
277541.800853 2111402.615150 336.504011 128 128 128
277613.186595 2111396.483725 263.528830 128 128 128
277586.522435 2111484.695331 455.333360 128 128 128
277519.576823 2111409.941409 303.086460 178 34 34
277624.130432 2111454.860842 239.184341 178 34 34
277519.831447 2111395.623345 366.991718 128 128 128
277552.988188 2111449.526028 361.765430 128 128 128
277616.226041 2111458.864669 332.806714 128 128 128
277499.167672 2111440.200860 335.360584 128 128 128
277550.136453 2111369.292031 302.800225 128 128 128
277571.905860 2111428.387930 371.796685 128 128 128
277568.933292 2111381.217256 262.365652 178 34 34
277506.970769 2111409.265114 261.853981 128 128 128
277576.454473 2111348.855871 314.528301 178 34 34
277503.587487 2111414.290926 306.918746 128 128 128
277490.580603 2111435.636163 254.964765 128 128 128
277563.359806 2111351.694807 174.286828 128 128 128
277570.033630 2111472.813691 398.998493 178 34 34
277597.091628 2111478.704323 387.048851 178 34 34
277554.327755 2111375.274439 362.350951 128 128 128
277534.176791 2111403.240184 298.636849 128 128 128
277584.635726 2111433.813035 351.251596 128 128 128
277512.786532 2111454.825644 291.073199 128 128 128
277483.789806 2111475.579768 411.895352 128 128 128
277564.144597 2111365.050719 262.720026 178 34 34
277497.301773 2111474.193834 293.807070 128 128 128
277558.536563 2111456.034829 236.399532 178 34 34
277450.036694 2111397.218302 392.515134 128 128 128
277542.346129 2111370.178162 391.276575 128 128 128
277549.154026 2111469.826159 353.110257 128 128 128
277543.456980 2111459.028164 291.464148 128 128 128
277520.368384 2111466.658574 162.834071 178 34 34
277625.732704 2111434.331734 188.866529 128 128 128
277593.437708 2111430.547493 200.817190 128 128 128
277531.075929 2111418.116768 189.329477 128 128 128
277514.868809 2111449.649516 316.299847 178 34 34
277543.022676 2111376.963339 280.555300 128 128 128
277466.594793 2111472.140834 370.093499 178 34 34
277467.976464 2111374.402640 325.085297 128 128 128
277603.314424 2111428.398815 218.666157 128 128 128
277546.222163 2111470.056739 367.497730 128 128 128
277522.053696 2111447.251891 432.439588 178 34 34
277549.051178 2111464.928861 326.744452 178 34 34
277591.559242 2111350.744701 195.646280 178 34 34
277593.889924 2111463.497757 164.646986 128 128 128
277570.151261 2111405.902512 460.304438 128 128 128
277538.686920 2111471.600085 181.497249 178 34 34
277524.422751 2111481.800443 279.286433 128 128 128
277580.801616 2111421.821659 245.877557 128 128 128
277469.518473 2111377.061966 365.730089 128 128 128
277492.877770 2111427.835992 349.110601 128 128 128
277533.411822 2111474.617746 240.211537 128 128 128
277613.314634 2111394.682044 200.666676 128 128 128
277615.579811 2111410.833979 234.385281 128 128 128
277525.975154 2111469.474916 195.140945 178 34 34
277541.098852 2111432.224423 342.301421 178 34 34
277571.833610 2111402.238777 469.858686 128 128 128
277540.296997 2111487.187501 436.753051 128 128 128
277511.823543 2111422.763507 314.074573 128 128 128
277562.650735 2111440.782307 421.777848 128 128 128
277505.275470 2111436.431159 238.088848 128 128 128
277465.167053 2111422.140552 410.539937 128 128 128
277575.487434 2111378.236483 183.421272 128 128 128
277534.029870 2111446.349270 335.498977 128 128 128
277531.947445 2111424.974572 168.488402 128 128 128
277524.424037 2111477.101887 399.810759 128 128 128
277559.947102 2111386.249105 382.732863 128 128 128
277511.085532 2111393.766634 294.173593 128 128 128
277596.996431 2111359.916353 242.117668 128 128 128
277484.239006 2111430.150452 265.241357 128 128 128
277489.793101 2111384.804039 220.416008 178 34 34
277551.303368 2111375.521152 335.617326 128 128 128
277551.697625 2111442.815190 345.371706 128 128 128
277627.392920 2111418.722129 225.834573 128 128 128
277473.995667 2111457.471545 416.146035 178 34 34
277577.155694 2111388.480429 277.022939 128 128 128
277544.417226 2111403.108042 307.422021 128 128 128
277521.283253 2111391.946578 296.400521 128 128 128
277546.243090 2111468.318281 264.900331 178 34 34
277577.437274 2111464.994086 343.602944 128 128 128
277550.181792 2111459.123371 340.750251 128 128 128
277559.501473 2111378.592836 367.225266 128 128 128
277505.163499 2111494.690742 411.367306 128 128 128
277473.418803 2111425.702474 347.624405 128 128 128
277556.404503 2111367.079646 355.177029 128 128 128
277465.672340 2111427.399627 346.596663 178 34 34
277539.868192 2111397.282928 223.032188 178 34 34
277584.881691 2111453.214450 277.291163 128 128 128
277520.601603 2111474.662363 432.773748 178 34 34
277618.059545 2111451.831815 176.357821 128 128 128
277486.634516 2111438.159790 272.251843 178 34 34
277624.414803 2111468.551326 310.128274 178 34 34
277524.847623 2111474.241426 180.085139 178 34 34
277531.811961 2111362.390194 385.212407 178 34 34
277564.369440 2111399.282733 473.697231 128 128 128
277535.597685 2111384.048295 326.004900 178 34 34
277622.900659 2111457.099411 186.231395 128 128 128
277558.891282 2111453.924389 255.665257 128 128 128
277557.742976 2111445.505667 340.051141 128 128 128
277464.875130 2111369.470563 290.223868 128 128 128
277614.648198 2111364.329716 215.411546 128 128 128
277561.678279 2111394.096078 284.819757 178 34 34
277582.455041 2111457.641115 462.628409 128 128 128
277500.717115 2111379.478140 420.679046 178 34 34
277557.642650 2111348.561375 256.041383 128 128 128
277521.880837 2111378.795486 424.105720 128 128 128
277528.136011 2111417.404383 156.573770 178 34 34
277542.718729 2111472.539519 455.248089 128 128 128
277501.760809 2111459.930717 378.037876 128 128 128
277569.853293 2111403.493850 195.918001 128 128 128
277528.577970 2111457.335144 193.657866 178 34 34
277533.352668 2111464.170108 425.033260 178 34 34
277544.310261 2111374.499391 294.644808 178 34 34
277513.425307 2111463.917078 431.394837 128 128 128
277497.405260 2111370.124256 387.049348 128 128 128
277505.330669 2111391.945515 166.697482 128 128 128
277577.203584 2111456.187259 326.996573 178 34 34
277518.443302 2111386.884322 229.465936 128 128 128
277606.815742 2111433.165162 177.613494 128 128 128
277592.652504 2111422.053372 407.871518 128 128 128
277509.837548 2111463.172546 454.448555 128 128 128
277581.223776 2111415.178712 452.674306 128 128 128
277491.536248 2111375.931319 284.089187 178 34 34
277508.613327 2111376.257086 378.401704 128 128 128
277536.256112 2111360.925249 188.419759 178 34 34
277537.059915 2111368.120217 201.876412 178 34 34
277551.093046 2111456.970958 427.632564 128 128 128
277578.528021 2111408.683887 209.977220 128 128 128
277590.598386 2111414.245071 390.775486 128 128 128
277507.387854 2111409.196770 408.221007 128 128 128
277513.086973 2111433.149398 306.521884 178 34 34
277574.669257 2111386.706255 315.677861 128 128 128
277519.217737 2111409.937926 185.730293 178 34 34
277582.091933 2111434.519636 384.258079 178 34 34
277607.264119 2111419.680303 344.255455 178 34 34
277527.634542 2111445.125109 267.008331 128 128 128
277484.506825 2111464.236216 378.033266 128 128 128
277512.469505 2111405.813269 277.524951 178 34 34
277504.485431 2111379.245431 404.380616 128 128 128
277584.617707 2111461.610515 188.204763 128 128 128
277500.510134 2111421.445836 433.224837 128 128 128
277595.211605 2111405.609406 281.128989 128 128 128
277568.405926 2111364.072288 439.679247 178 34 34
277498.733595 2111400.549718 313.518054 128 128 128
277598.569062 2111452.912764 339.663843 128 128 128
277484.574142 2111470.722846 433.514814 128 128 128
277489.352702 2111429.034348 392.644460 178 34 34
277467.195935 2111421.472471 416.034320 128 128 128
277525.581984 2111469.783395 421.107825 178 34 34
277535.007461 2111377.482227 191.381377 128 128 128
277559.283640 2111386.228468 368.243902 128 128 128
277592.981538 2111418.368036 337.511373 128 128 128
277599.902750 2111431.226792 339.497833 128 128 128
277585.410795 2111430.280296 363.605980 128 128 128
277519.037756 2111427.745700 294.939661 128 128 128
277544.719094 2111382.494777 269.635991 178 34 34
277573.459898 2111342.728302 195.140381 128 128 128
277617.912200 2111461.037156 258.826018 128 128 128
277594.814245 2111462.111662 336.327723 128 128 128
277558.821542 2111456.869994 354.651309 128 128 128
277556.442035 2111382.724299 191.906414 178 34 34
277517.341665 2111495.401379 448.417838 128 128 128
277539.793507 2111407.149413 307.193366 128 128 128
277512.101650 2111390.423142 190.867691 128 128 128
277467.659539 2111486.894547 422.077811 128 128 128
277493.662736 2111495.808798 393.415753 178 34 34
277570.070057 2111446.078876 428.338486 128 128 128
277609.475136 2111464.898393 263.867412 178 34 34
277457.639747 2111415.679234 417.451223 128 128 128
277557.055778 2111400.800821 462.865458 128 128 128
277559.039415 2111434.514706 444.670364 178 34 34
277539.089177 2111362.480383 357.337879 178 34 34
277527.385267 2111422.089224 322.291755 128 128 128
277494.414417 2111412.767237 366.431631 128 128 128
277517.030720 2111390.094816 441.451273 128 128 128
277513.458070 2111476.895237 388.828214 128 128 128
277487.701599 2111451.840515 360.292426 178 34 34
277555.033734 2111354.100861 301.647801 128 128 128
277587.107067 2111392.441033 348.709819 128 128 128
277507.355779 2111448.485414 239.106566 128 128 128
277573.431035 2111465.779491 213.109996 178 34 34
277457.426012 2111385.824558 445.686339 128 128 128
277571.074978 2111449.326411 272.476315 178 34 34
277580.700558 2111460.480132 312.924430 128 128 128
277516.864252 2111378.560539 267.047822 128 128 128
277589.217402 2111425.806139 288.800591 128 128 128
277542.852433 2111440.796859 380.100470 128 128 128
277530.595485 2111429.282918 451.358511 128 128 128
277598.648182 2111365.509500 276.240354 178 34 34
277513.329905 2111367.113437 165.353994 178 34 34
277508.102998 2111453.453959 197.269824 128 128 128
277530.742167 2111409.180266 283.795967 128 128 128
277480.238084 2111397.634167 254.824164 178 34 34
277490.032846 2111387.190498 447.578252 128 128 128
277506.848868 2111460.650877 211.418575 128 128 128
277511.718943 2111441.596992 172.111817 128 128 128
277511.531639 2111437.923322 299.041302 128 128 128
277559.625605 2111467.739906 266.860198 128 128 128
277570.602058 2111350.829618 323.822944 128 128 128
277576.036542 2111447.926168 260.697110 128 128 128
277456.210027 2111381.577539 341.846126 128 128 128
277621.164904 2111445.105958 173.400518 128 128 128
277574.533957 2111466.653617 358.394938 178 34 34
277551.151406 2111374.717175 424.197836 178 34 34
277529.893430 2111440.539019 288.108055 128 128 128
277535.388687 2111408.819077 337.894615 128 128 128
277536.426400 2111439.061830 222.373275 128 128 128
277517.483314 2111417.950000 344.609748 178 34 34
277591.810588 2111386.132191 214.602743 128 128 128
277538.045332 2111434.225526 309.163197 178 34 34
277544.526038 2111447.253779 422.315654 178 34 34
277550.864238 2111359.892184 349.585258 128 128 128
277523.331459 2111444.009638 364.932847 128 128 128
277509.495322 2111400.521733 410.633127 128 128 128
277503.252968 2111365.408743 328.441042 128 128 128
277568.028676 2111438.886649 353.461719 178 34 34
277549.764132 2111374.196440 208.340401 128 128 128
277558.312132 2111396.554962 216.571606 128 128 128
277563.263249 2111465.193476 258.943603 178 34 34
277521.756742 2111489.127592 405.896690 128 128 128
277620.807424 2111426.233562 247.507007 128 128 128
277614.274677 2111409.790134 214.436138 128 128 128
277562.778400 2111379.218639 424.485226 128 128 128
277592.118199 2111460.724558 235.251296 178 34 34
277562.779059 2111465.126283 292.716876 128 128 128
277493.090431 2111421.767697 404.173859 178 34 34
277596.983371 2111380.589550 347.979560 178 34 34
277458.327238 2111491.321926 433.671044 128 128 128
277534.358438 2111372.991455 457.760035 128 128 128
277546.659513 2111376.677731 462.044297 128 128 128
277591.435625 2111438.804692 253.421665 128 128 128
277558.843211 2111445.190413 182.064175 128 128 128
277526.634512 2111468.631899 428.563343 128 128 128
277500.783908 2111388.935319 452.294494 178 34 34
277451.263106 2111436.368267 440.730475 128 128 128
277562.126281 2111362.207258 320.730786 178 34 34
277490.290219 2111487.377079 386.350515 128 128 128
277468.784599 2111401.343294 448.769569 128 128 128
277523.870710 2111419.676656 368.943397 128 128 128
277548.886823 2111444.936275 357.289381 128 128 128
277572.332177 2111430.308263 437.837030 128 128 128
277634.106698 2111461.075683 253.661810 178 34 34
277569.071983 2111465.327442 379.721860 128 128 128
277544.440614 2111400.263464 385.010386 178 34 34
277491.490698 2111356.929877 180.281778 178 34 34
277485.695755 2111466.370810 274.202282 128 128 128
277435.994067 2111395.452116 439.706003 128 128 128
277571.747847 2111418.432033 165.956352 128 128 128
277494.859371 2111374.998973 363.694332 178 34 34
277539.102474 2111428.796997 220.289565 128 128 128
277544.984705 2111434.867651 446.356787 128 128 128
277538.118208 2111362.495478 191.368761 128 128 128
277584.622894 2111477.384123 356.924046 128 128 128
277573.975760 2111443.591298 446.712765 178 34 34
277550.729968 2111465.202098 281.104380 128 128 128
277574.844992 2111447.695796 415.425123 128 128 128
277543.337584 2111387.253364 191.104495 178 34 34
277575.001188 2111446.756993 197.065373 178 34 34
277573.355679 2111375.901079 189.092085 178 34 34
277604.969977 2111383.765814 327.145049 178 34 34
277569.654007 2111377.030064 314.634172 128 128 128
277594.573686 2111408.376413 247.356782 128 128 128
277457.173798 2111454.995763 434.217134 128 128 128
277508.354822 2111358.809357 201.635766 128 128 128
277602.012092 2111375.657353 209.975459 128 128 128
277613.255113 2111337.119706 233.624383 128 128 128
277532.300318 2111381.515391 456.332157 128 128 128
277487.028519 2111449.509994 356.843440 178 34 34
277500.931264 2111416.788269 246.987716 128 128 128
277522.285068 2111389.320385 289.281104 178 34 34
277597.673811 2111367.259818 188.904017 128 128 128
277554.007003 2111449.524312 453.125463 128 128 128
277550.165281 2111451.602195 177.662579 128 128 128
277597.505142 2111460.619303 174.644032 128 128 128
277577.578370 2111410.741677 352.521297 178 34 34
277461.224101 2111417.719885 354.512891 128 128 128
277569.386940 2111393.713483 215.438842 128 128 128
277590.584108 2111453.802528 278.626205 128 128 128
277556.806773 2111426.528777 234.348921 128 128 128
277600.030605 2111369.596185 175.510211 128 128 128
277525.707340 2111376.189452 430.433111 178 34 34
277502.682079 2111363.097235 169.971742 128 128 128
277469.978256 2111444.510503 433.897478 128 128 128
277571.417059 2111381.644262 436.362206 128 128 128
277511.839442 2111438.175324 208.081456 128 128 128
277585.033153 2111463.422204 207.118195 128 128 128
277563.892732 2111406.768454 263.233188 178 34 34
277462.848279 2111448.072667 404.486899 128 128 128
277596.650960 2111423.904073 247.789976 128 128 128
277590.706544 2111424.567132 258.703192 128 128 128
277566.001985 2111441.425241 386.323538 128 128 128
277613.254920 2111422.695895 318.617537 178 34 34
277522.106986 2111366.235484 280.967467 128 128 128
277496.116955 2111461.586748 302.381870 178 34 34
277473.525124 2111401.882019 321.785720 178 34 34
277552.462748 2111375.130220 327.869499 128 128 128
277470.155645 2111464.143564 379.531235 128 128 128
277541.720733 2111450.090076 242.757227 128 128 128
277552.547105 2111474.829829 266.733251 178 34 34
277466.688132 2111409.485926 375.275247 128 128 128
277466.141877 2111464.547564 410.963904 128 128 128
277532.070455 2111463.746493 341.060274 128 128 128
277542.511151 2111413.189033 239.243941 128 128 128
277609.391942 2111405.693708 219.364160 128 128 128
277563.189534 2111426.402205 296.081027 178 34 34
277591.837823 2111468.091871 254.435938 128 128 128
277495.674108 2111373.900566 244.745995 178 34 34
277583.163822 2111363.566454 292.600627 128 128 128
277513.383453 2111464.839658 391.890700 178 34 34
277573.659481 2111434.591680 428.778332 128 128 128
277542.919710 2111393.051349 275.181901 178 34 34
277498.380039 2111431.062774 256.353340 128 128 128
277533.417611 2111391.529448 397.254803 178 34 34
277532.799847 2111420.899763 370.949817 128 128 128
277583.668926 2111436.050399 241.893104 128 128 128
277602.773669 2111386.165976 271.452747 128 128 128
277533.736376 2111477.301235 385.483545 128 128 128
277632.278129 2111415.385299 181.295741 128 128 128
277533.126748 2111381.582804 256.780978 128 128 128
277547.273232 2111398.281971 245.334034 178 34 34
277562.242356 2111361.587247 429.455369 178 34 34
277569.789960 2111449.576431 301.926442 178 34 34
277469.659854 2111378.311743 389.958713 128 128 128
277612.179591 2111410.393573 275.499535 128 128 128
277485.636987 2111451.081424 383.303597 128 128 128
277517.567252 2111473.004368 173.397655 178 34 34
277543.642837 2111456.855763 200.450186 128 128 128
277532.749464 2111472.739302 440.345688 128 128 128
277536.674254 2111392.134705 322.499711 128 128 128
277645.340313 2111457.025155 190.439736 178 34 34
277487.574241 2111435.092456 409.041583 128 128 128
277570.370384 2111369.579551 436.376037 128 128 128
277550.988036 2111427.104663 372.973729 178 34 34
277587.642396 2111462.830001 235.521016 128 128 128
277531.978581 2111352.325032 202.665855 178 34 34
277469.808374 2111403.672362 316.876009 178 34 34
277536.805391 2111395.811546 189.997321 128 128 128
277569.955707 2111407.215176 254.683466 128 128 128
277566.429966 2111442.458746 417.848099 178 34 34
277511.560864 2111445.271099 403.643804 128 128 128
277474.943136 2111411.317024 422.996358 128 128 128
277477.743725 2111393.067407 249.023281 128 128 128
277559.017805 2111406.437731 319.757417 128 128 128
277542.073371 2111433.229001 337.725584 128 128 128
277506.080008 2111458.742022 391.323185 128 128 128
277572.875888 2111408.924592 286.572337 178 34 34
277540.418985 2111375.694950 313.606858 178 34 34
277528.135688 2111373.784546 392.108055 178 34 34
277456.896194 2111463.247830 439.409483 128 128 128
277467.294078 2111463.164739 397.359569 128 128 128
277495.254121 2111401.162407 360.170870 128 128 128
277517.927210 2111382.417065 215.272419 128 128 128
277570.118801 2111397.958080 230.026274 128 128 128
277495.019933 2111494.655149 328.033464 178 34 34
277498.523088 2111427.575523 280.662667 128 128 128
277576.571135 2111369.252174 347.054595 128 128 128
277523.181242 2111362.524013 340.947412 128 128 128
277491.427772 2111393.450210 310.296918 178 34 34
277542.108581 2111367.897761 284.881545 178 34 34
277580.566266 2111392.849915 373.469702 128 128 128
277503.727482 2111472.013591 313.022126 178 34 34
277490.785981 2111493.463201 320.437668 128 128 128
277603.476356 2111387.954351 243.684737 178 34 34
277493.022896 2111498.226822 392.217008 128 128 128
277589.121878 2111389.516508 256.216744 128 128 128
277463.972443 2111378.077914 419.654212 128 128 128
277573.634628 2111390.914198 394.670190 128 128 128
277569.654591 2111465.331972 442.875449 178 34 34
277531.437594 2111462.619962 423.715680 178 34 34
277595.565890 2111380.316542 201.944621 128 128 128
277493.018695 2111453.868509 313.198010 178 34 34
277571.603227 2111441.864439 383.951356 178 34 34
277530.075988 2111392.431481 357.997375 128 128 128
277618.997751 2111422.665395 287.138076 128 128 128
277576.053164 2111417.078937 307.546844 128 128 128
277542.420431 2111433.217273 207.306575 128 128 128
277532.363550 2111462.382944 280.907988 128 128 128
277547.773954 2111469.062747 215.407441 128 128 128
277590.626877 2111471.329592 352.564515 128 128 128
277460.395127 2111454.542136 442.047356 178 34 34
277595.739943 2111376.204696 356.992288 128 128 128
277565.944254 2111454.679199 423.141969 128 128 128
277539.354879 2111429.790997 454.059202 178 34 34
277554.243774 2111372.863767 340.253843 178 34 34
277485.876133 2111451.103186 416.242994 128 128 128
277499.274577 2111442.379328 198.626257 178 34 34
277556.600925 2111447.689888 310.869172 128 128 128
277498.066084 2111494.855704 328.164003 128 128 128
277488.939104 2111374.730360 268.778194 128 128 128
277588.784713 2111470.707558 284.843148 178 34 34
277493.187418 2111388.835873 360.471563 128 128 128
277481.195542 2111459.759296 382.336794 128 128 128
277458.712890 2111444.444135 428.693061 178 34 34
277543.919622 2111356.149876 213.667332 128 128 128
277500.720754 2111418.764901 181.923164 128 128 128
277486.725195 2111383.529802 339.021319 128 128 128
277490.746987 2111433.024483 342.706614 128 128 128
277548.332149 2111455.195496 253.241985 128 128 128
277536.114149 2111401.137796 342.351132 178 34 34
277537.765908 2111489.570575 401.743609 178 34 34
277583.187073 2111390.825704 347.003601 128 128 128
277574.815424 2111415.212474 421.080316 128 128 128
277477.721372 2111376.580612 288.173546 128 128 128
277542.015047 2111444.948016 220.858580 128 128 128
277513.426029 2111491.990669 370.141958 128 128 128
277528.551497 2111431.361999 426.971075 128 128 128
277563.604374 2111388.916012 226.530810 178 34 34
277562.976356 2111408.906351 365.444800 128 128 128
277457.682927 2111380.317131 380.643453 178 34 34
277554.276294 2111399.403517 387.122996 128 128 128
277560.207921 2111401.474996 451.191536 128 128 128
277575.383890 2111422.615500 223.817093 178 34 34
277537.892565 2111477.728336 416.692198 128 128 128
277612.141652 2111438.313579 292.977952 178 34 34
277581.579188 2111359.995252 385.700163 128 128 128
277539.124408 2111392.469974 251.330900 128 128 128
277558.293423 2111480.364703 343.273896 128 128 128
277541.591666 2111487.986506 370.964194 128 128 128
277579.833037 2111359.022687 382.477793 128 128 128
277585.939984 2111427.652663 361.847177 128 128 128
277458.149854 2111390.227384 408.253200 128 128 128
277611.745671 2111465.138787 303.318641 178 34 34
277491.267508 2111472.840231 328.276131 178 34 34
277514.584282 2111446.899928 396.402852 178 34 34
277551.144586 2111375.414906 471.418856 128 128 128
277458.861361 2111463.784357 418.673981 128 128 128
277581.485664 2111358.679972 358.157795 128 128 128
277577.760358 2111422.029097 428.824278 128 128 128
277497.624647 2111431.398921 436.522373 128 128 128
277494.788964 2111360.399558 221.797858 178 34 34
277462.045507 2111500.680041 404.268681 128 128 128
277579.672949 2111371.583050 238.441255 178 34 34
277595.195802 2111405.151626 379.933847 128 128 128
277502.073695 2111491.177693 317.041918 178 34 34
277575.049068 2111361.697865 232.739577 128 128 128
277635.994103 2111436.227219 213.866435 128 128 128
277598.698707 2111396.189189 269.714896 128 128 128
277535.314433 2111454.456927 346.917624 128 128 128
277565.173342 2111393.973283 210.467777 178 34 34
277556.315941 2111370.917895 217.785682 128 128 128
277533.022194 2111397.949280 304.086571 128 128 128
277498.827721 2111372.328759 339.846151 128 128 128
277500.450516 2111423.569690 275.889154 178 34 34
277499.737817 2111369.106595 209.432958 128 128 128
277436.421558 2111400.308212 444.776185 128 128 128
277571.211798 2111458.296077 404.852433 178 34 34
277623.401476 2111443.094699 175.049314 128 128 128
277641.454816 2111422.463571 189.913847 178 34 34
277578.864498 2111464.785591 346.256034 128 128 128
277595.040195 2111350.438555 220.839086 178 34 34
277525.136310 2111432.393469 226.020750 178 34 34
277586.964823 2111391.334415 373.462167 178 34 34
277586.105098 2111361.395507 222.403250 178 34 34
277604.184179 2111351.018191 270.662715 128 128 128
277539.721644 2111434.038081 307.032897 128 128 128
277474.216059 2111377.907146 453.280627 178 34 34
277551.800382 2111425.140524 444.425829 128 128 128
277533.990379 2111425.591839 441.586625 128 128 128
277510.799007 2111478.726702 289.734858 128 128 128
277542.199506 2111392.445650 321.617760 128 128 128
277548.742176 2111483.700505 354.835141 178 34 34
277556.024626 2111455.703236 193.050032 128 128 128
277586.444541 2111398.859325 344.756954 178 34 34
277524.410740 2111419.987993 333.714226 128 128 128
277562.983475 2111396.668041 402.488537 178 34 34
277593.471445 2111368.674101 186.780859 128 128 128
277583.407871 2111435.490739 380.373546 178 34 34
277568.635698 2111351.201208 290.719394 128 128 128
277522.321823 2111371.688922 170.193418 128 128 128
277493.603427 2111407.435933 302.437578 128 128 128
277541.523776 2111459.852243 252.330551 128 128 128
277603.191149 2111361.951853 248.353352 128 128 128
277552.372494 2111438.713715 351.786794 128 128 128
277512.814367 2111446.922852 430.298691 128 128 128
277582.908216 2111443.322581 410.971281 178 34 34
277518.989017 2111453.383895 324.477603 128 128 128
277565.953736 2111432.085090 342.636828 128 128 128
277483.382707 2111403.330936 288.497929 128 128 128
277528.349841 2111383.384033 275.165108 128 128 128
277606.077203 2111430.060651 288.955060 128 128 128
277601.284412 2111410.481214 359.383886 128 128 128
277515.110301 2111447.711740 301.513517 128 128 128
277528.911626 2111388.098622 290.682457 128 128 128
277531.667473 2111416.128210 442.679599 128 128 128
277463.083436 2111406.107762 365.902118 178 34 34
277558.739320 2111440.063613 161.743408 128 128 128
277589.035221 2111415.736143 213.079984 128 128 128
277511.687305 2111375.605892 406.306241 128 128 128
277534.213787 2111485.835118 357.009049 178 34 34
277502.299120 2111435.239974 383.369612 128 128 128
277565.673797 2111363.431399 432.589975 128 128 128
277580.354193 2111384.567518 239.275844 128 128 128
277593.002694 2111364.528749 365.175237 178 34 34
277485.768371 2111454.936292 446.723948 128 128 128
277533.116782 2111454.161345 224.220298 128 128 128
277635.001138 2111387.520287 183.901581 128 128 128
277532.829209 2111462.108196 373.191873 128 128 128
277558.454867 2111365.775733 410.958314 178 34 34
277552.228394 2111471.721186 342.115030 178 34 34
277514.057061 2111447.515074 299.479980 128 128 128
277513.568978 2111422.447434 245.799426 128 128 128
277500.128120 2111450.145324 321.375790 128 128 128
277514.425868 2111402.352217 235.224456 128 128 128
277543.214890 2111352.307842 195.352926 128 128 128
277536.276075 2111447.496381 432.798959 178 34 34
277555.977730 2111404.780732 342.657608 128 128 128
277485.517054 2111482.553957 412.207780 128 128 128
277559.138122 2111447.664127 294.887946 128 128 128
277511.689989 2111449.208821 426.751216 128 128 128
277526.602303 2111424.834692 184.295944 128 128 128
277568.884401 2111456.490707 278.683940 128 128 128
277538.234910 2111454.825430 440.528177 128 128 128
277571.853951 2111395.857668 290.981827 128 128 128
277576.105995 2111382.668050 405.863977 178 34 34
277510.719850 2111458.323699 429.771891 128 128 128
277584.107935 2111443.262894 251.209111 178 34 34
277488.828166 2111470.182841 367.201386 128 128 128
277456.860438 2111499.989686 427.232799 128 128 128
277526.275247 2111409.076864 200.355883 128 128 128
277493.432786 2111433.554214 402.128765 128 128 128
277443.170817 2111391.783755 447.144029 128 128 128
277519.929450 2111389.729924 355.175790 128 128 128
277584.524230 2111419.070040 358.899084 128 128 128
277631.666174 2111398.241025 221.433575 128 128 128
277480.792926 2111380.014339 335.739935 128 128 128
277508.096100 2111382.445724 446.176974 178 34 34
277461.907636 2111449.712550 435.862164 128 128 128
277594.215773 2111424.776067 248.630395 128 128 128
277635.825887 2111430.598794 213.780695 128 128 128
277555.968131 2111437.981385 352.334683 128 128 128
277569.455756 2111391.010876 197.906554 178 34 34
277600.698187 2111466.782029 336.186755 178 34 34
277529.182241 2111434.479149 162.893232 178 34 34
277503.211950 2111449.725542 396.757103 128 128 128
277476.352008 2111417.065123 418.574432 128 128 128
277590.487513 2111454.039840 410.182292 178 34 34
277482.196037 2111485.186036 305.326540 178 34 34
277615.302620 2111456.689908 338.764522 128 128 128
277471.608051 2111371.366220 273.859763 128 128 128
277560.657419 2111368.653894 278.411167 128 128 128
277513.114654 2111429.386224 289.310497 128 128 128
277563.792979 2111464.060467 168.659446 128 128 128
277524.880633 2111456.539402 412.821462 128 128 128
277537.089004 2111388.246337 352.461295 178 34 34
277580.824543 2111351.324859 306.373001 178 34 34
277553.205343 2111364.827206 228.133238 128 128 128
277507.166744 2111462.867461 309.810346 128 128 128
277547.249706 2111420.628487 463.936402 128 128 128
277487.922716 2111403.754160 214.376325 128 128 128
277529.875075 2111468.938306 185.734863 128 128 128
277496.360454 2111393.040160 399.436548 178 34 34
277462.825992 2111479.870030 405.857940 178 34 34
277478.163767 2111376.202535 350.735651 128 128 128
277482.214226 2111449.235080 416.781682 128 128 128
277549.266258 2111431.850200 173.089319 128 128 128
277543.043651 2111454.772599 349.063183 128 128 128
277578.392494 2111453.460849 379.204151 128 128 128
277556.645458 2111361.243439 352.788889 178 34 34
277540.435791 2111400.097961 409.748893 128 128 128
277512.346950 2111382.032183 169.312678 128 128 128
277572.693039 2111424.063130 360.843904 178 34 34
277601.354535 2111417.079184 281.344940 128 128 128
277573.518844 2111395.068214 417.416331 128 128 128
277579.933942 2111353.188412 317.396654 128 128 128
277454.038210 2111419.339375 408.529724 128 128 128
277505.503054 2111465.575965 201.556255 128 128 128
277508.255501 2111388.111679 227.685933 178 34 34
277453.718743 2111417.411555 432.515106 128 128 128
277467.171995 2111410.369888 332.610697 128 128 128
277494.672620 2111490.165695 339.298616 178 34 34
277558.443835 2111469.733808 216.073825 178 34 34
277526.614967 2111412.650809 170.431286 128 128 128
277539.376232 2111475.021797 309.630991 128 128 128
277567.207621 2111352.227266 213.723051 128 128 128
277531.718188 2111419.556281 424.582064 178 34 34
277541.564015 2111467.478974 240.907892 128 128 128
277456.796515 2111437.272172 386.380695 128 128 128
277589.262089 2111416.399382 229.945394 178 34 34
277600.408865 2111357.234201 278.783425 178 34 34
277585.881858 2111339.731495 194.680037 128 128 128
277569.032784 2111410.051347 467.619583 128 128 128
277512.691028 2111452.862676 379.064334 178 34 34
277540.678430 2111374.303299 323.139160 178 34 34
277519.117630 2111454.771316 325.274262 128 128 128
277495.479871 2111482.852543 309.502890 128 128 128
277485.025005 2111382.468130 348.823525 128 128 128
277558.830405 2111367.685591 330.105093 178 34 34
277533.389218 2111449.497890 291.373804 128 128 128
277582.630474 2111450.851497 356.360232 128 128 128
277553.445024 2111370.380981 209.823367 128 128 128
277572.020754 2111479.661448 442.294915 128 128 128
277530.160604 2111361.697217 263.500665 178 34 34
277494.024727 2111390.297912 294.060184 178 34 34
277538.715970 2111465.542532 224.854558 178 34 34
277569.563405 2111415.622361 418.467636 128 128 128
277540.770385 2111468.731175 209.914771 128 128 128
277507.814320 2111422.623321 228.901356 178 34 34
277498.229962 2111391.009679 243.084891 128 128 128
277582.062695 2111351.275917 183.063225 128 128 128
277556.907665 2111392.718358 363.227065 178 34 34
277472.180171 2111465.920563 441.858232 128 128 128
277533.696690 2111480.349408 240.583621 178 34 34
277534.874172 2111391.561674 324.179662 178 34 34
277518.323095 2111448.192488 346.253078 128 128 128
277502.112036 2111451.327814 344.256927 178 34 34
277489.591906 2111399.123624 315.176728 128 128 128
277593.147963 2111347.249242 193.547799 128 128 128
277508.371493 2111427.732134 165.552922 178 34 34
277533.258469 2111384.559596 249.662499 178 34 34
277508.497120 2111477.853232 224.106991 128 128 128
277572.036541 2111465.292215 267.453550 128 128 128
277561.522843 2111403.651379 375.656931 178 34 34
277592.054770 2111390.801341 243.413225 178 34 34
277508.620399 2111365.472966 208.216253 128 128 128
277499.208670 2111442.640136 226.668832 128 128 128
277496.506549 2111431.351844 396.561117 178 34 34
277585.272165 2111469.573547 379.453303 128 128 128
277550.377018 2111452.479449 415.529823 128 128 128
277574.271079 2111422.350989 294.540641 178 34 34
277470.857096 2111473.162817 375.917793 178 34 34
277559.801146 2111443.001692 261.079267 128 128 128
277618.333182 2111348.916040 208.948503 178 34 34
277571.354545 2111429.673423 458.963272 128 128 128
277597.968462 2111389.583961 186.872058 178 34 34
277535.829895 2111409.015984 180.668812 128 128 128
277548.085472 2111414.668649 393.450976 128 128 128
277532.862470 2111437.880039 349.974765 128 128 128
277541.775405 2111404.899118 341.962036 128 128 128
277547.560787 2111397.343293 162.492219 178 34 34
277505.894732 2111364.810863 267.525180 128 128 128
277497.778054 2111362.589193 243.504936 128 128 128
277500.523121 2111397.739925 215.522119 178 34 34
277502.544881 2111426.101719 390.237168 128 128 128
277525.831485 2111478.108394 314.887701 128 128 128
276861.101215 2111216.808832 175.280097 128 128 128
276869.449311 2111123.686060 216.928287 128 128 128
276868.196933 2111159.448170 250.100490 128 128 128
276848.177946 2111173.246450 149.651844 128 128 128
276901.251489 2111075.286491 69.027770 128 128 128
276881.325743 2111179.798264 288.417956 128 128 128
276880.111042 2111164.521478 327.934855 128 128 128
276909.407165 2111177.770310 200.778947 128 128 128
276903.141887 2111083.140130 183.831542 128 128 128
276857.263195 2111136.186992 207.972910 128 128 128
276834.097584 2111176.271265 268.021567 178 34 34
276895.451978 2111185.076217 266.704154 128 128 128
276900.158842 2111120.430070 249.917477 178 34 34
276919.790640 2111125.135679 146.965665 178 34 34
276943.894673 2111168.798087 99.945227 128 128 128
276891.909354 2111136.069880 176.118332 178 34 34
276918.566264 2111134.455181 99.402766 128 128 128
276879.694675 2111091.409512 82.473946 128 128 128
276861.542529 2111165.706502 322.752399 128 128 128
276872.172517 2111164.389728 85.148803 128 128 128
276813.889107 2111118.716579 290.791269 128 128 128
276884.560064 2111202.516445 68.214791 128 128 128
276823.917015 2111109.239553 177.701434 178 34 34
276833.710903 2111185.735990 275.506036 178 34 34
276827.596836 2111101.795559 209.001758 128 128 128
276871.083710 2111128.440092 248.764770 128 128 128
276839.406302 2111227.808837 276.946791 128 128 128
276810.048577 2111108.049443 305.853874 128 128 128
276887.087195 2111204.109657 142.385367 128 128 128
276905.314101 2111198.294807 66.074669 178 34 34
276847.184122 2111153.217307 320.360726 128 128 128
276846.231971 2111132.178851 282.149614 128 128 128
276866.040909 2111114.092223 217.938018 178 34 34
276835.266766 2111086.192321 99.905172 178 34 34
276917.370858 2111166.621534 176.836562 128 128 128
276817.166047 2111114.433097 257.016592 178 34 34
276854.765748 2111223.188362 231.288754 128 128 128
276822.957521 2111159.502058 296.126112 128 128 128
276905.437185 2111083.710866 158.555689 178 34 34
276846.233992 2111092.122153 106.401589 128 128 128
276862.489929 2111213.893606 230.508718 128 128 128
276860.162155 2111161.628260 161.762689 178 34 34
276868.214236 2111143.375902 155.266901 128 128 128
276806.248543 2111111.533743 241.797424 178 34 34
276902.283166 2111195.657086 98.070001 128 128 128
276850.772275 2111112.271122 300.336816 178 34 34
276894.026329 2111131.402337 171.676152 128 128 128
276901.274158 2111220.287122 320.719351 178 34 34
276874.121121 2111143.878208 105.458675 178 34 34
276896.023157 2111113.334102 71.632383 128 128 128
276866.223094 2111147.451280 227.678174 128 128 128
276890.820383 2111207.103582 248.325038 128 128 128
276906.416621 2111107.754960 88.513905 128 128 128
276874.334553 2111185.869440 115.849390 128 128 128
276875.735677 2111098.378264 324.843687 128 128 128
276873.988488 2111159.476568 317.951255 178 34 34
276912.066041 2111089.117515 88.193628 128 128 128
276909.598616 2111175.254597 243.542374 128 128 128
276897.932450 2111112.354135 56.062777 178 34 34
276887.899740 2111118.587486 276.723029 178 34 34
276868.538818 2111136.670836 313.876437 128 128 128
276915.154604 2111139.990950 153.727001 128 128 128
276891.442126 2111170.277123 333.431010 128 128 128
276829.614662 2111091.506238 151.654493 128 128 128
276859.148591 2111104.702834 194.201333 128 128 128
276849.012043 2111102.185720 284.687973 178 34 34
276928.576789 2111156.091974 60.662469 128 128 128
276927.970858 2111136.122696 134.489490 128 128 128
276882.024593 2111158.781438 275.075393 178 34 34
276834.177881 2111135.980513 272.312872 128 128 128
276901.185191 2111212.797341 168.422240 178 34 34
276856.870207 2111106.944108 304.004146 128 128 128
276898.436690 2111180.928749 232.202907 128 128 128
276891.037880 2111174.837829 69.029623 178 34 34
276851.577212 2111159.351268 122.763968 128 128 128
276874.111818 2111129.544606 52.985056 128 128 128
276863.932568 2111104.217483 98.475205 178 34 34
276847.969529 2111153.724589 160.047341 128 128 128
276894.032480 2111166.958810 67.564679 128 128 128
276871.442090 2111168.300523 203.690502 178 34 34
276836.486963 2111143.651484 188.214584 178 34 34
276889.003781 2111205.803130 303.765366 128 128 128
276897.981591 2111218.597702 226.699796 128 128 128
276807.359434 2111147.756194 324.019406 128 128 128
276880.901474 2111185.716779 248.295944 178 34 34
276911.638903 2111175.404128 221.207709 128 128 128
276868.393189 2111213.639910 164.995309 128 128 128
276880.102474 2111171.037798 197.466442 178 34 34
276869.821223 2111138.238398 84.313412 128 128 128
276830.819194 2111145.867805 280.867613 178 34 34
276845.065631 2111145.510797 241.103409 178 34 34
276878.247503 2111137.838897 177.034521 128 128 128
276893.543067 2111081.657534 210.934731 178 34 34
276907.796946 2111120.364503 213.515322 128 128 128
276949.337130 2111183.458607 69.023388 128 128 128
276826.354875 2111114.566035 168.594398 128 128 128
276896.982544 2111157.603125 134.890912 128 128 128
276864.899416 2111153.434294 133.141328 128 128 128
276891.213849 2111158.546569 178.397142 178 34 34
276879.003651 2111132.788555 319.054729 178 34 34
276908.169908 2111121.775594 94.465038 178 34 34
276831.636211 2111229.246876 265.775285 128 128 128
276819.102049 2111121.063544 237.134609 128 128 128
276894.055961 2111099.448527 65.954258 128 128 128
276867.900987 2111120.505017 123.271199 128 128 128
276880.906163 2111091.045329 134.407650 178 34 34
276824.687342 2111227.079744 270.688126 128 128 128
276889.050586 2111163.783086 322.240886 178 34 34
276822.489798 2111109.710367 211.432791 128 128 128
276928.485059 2111116.869085 61.808040 178 34 34
276898.333728 2111186.027652 109.371731 128 128 128
276850.553348 2111118.500163 332.204569 128 128 128
276852.385542 2111147.474989 216.280623 178 34 34
276874.865670 2111080.846765 117.750387 178 34 34
276854.856603 2111176.367605 178.503395 178 34 34
276892.491296 2111118.688740 275.415654 128 128 128
276873.745612 2111092.284958 214.251268 128 128 128
276837.368847 2111139.469293 207.781773 178 34 34
276831.000582 2111128.190290 206.067272 128 128 128
276833.423728 2111147.728165 222.390292 178 34 34
276941.177896 2111169.991731 59.130509 128 128 128
276898.903876 2111126.811087 152.500602 128 128 128
276824.988127 2111177.433855 275.899687 128 128 128
276892.954876 2111085.096192 223.207523 128 128 128
276937.073381 2111153.283243 96.640525 128 128 128
276826.089533 2111107.906855 276.455476 178 34 34
276826.262447 2111105.074644 192.416615 128 128 128
276892.580837 2111133.119453 53.712049 128 128 128
276810.049757 2111107.800524 320.708730 128 128 128
276872.413148 2111195.026313 198.459521 178 34 34
276876.294696 2111192.129228 307.429076 178 34 34
276893.773312 2111107.964006 102.379803 178 34 34
276914.645077 2111176.371596 182.598317 128 128 128
276816.035752 2111226.270572 299.730097 128 128 128
276832.533764 2111110.570842 216.164320 178 34 34
276803.993319 2111111.970946 283.744743 128 128 128
276861.788288 2111169.456928 165.358184 128 128 128
276855.151804 2111178.218976 196.661966 128 128 128
276855.913717 2111155.065733 125.037465 178 34 34
276883.661869 2111100.787677 116.253250 128 128 128
276857.717737 2111214.396636 294.933818 178 34 34
276898.028100 2111184.281408 155.569331 128 128 128
276849.926467 2111112.230730 225.975250 128 128 128
276829.295345 2111191.871343 251.437546 128 128 128
276837.403773 2111145.475207 136.444603 128 128 128
276797.736237 2111111.606541 318.647105 128 128 128
276877.113789 2111147.480967 68.437817 178 34 34
276883.731301 2111207.674107 254.731366 128 128 128
276835.395922 2111126.793443 143.170202 128 128 128
276915.683577 2111171.080357 81.738767 128 128 128
276838.667422 2111189.665989 262.406440 178 34 34
276913.565470 2111076.620300 146.606669 128 128 128
276872.095832 2111201.090150 257.453907 128 128 128
276825.085283 2111185.681331 283.564641 128 128 128
276836.343683 2111155.759765 148.082292 128 128 128
276839.500193 2111167.058045 194.248822 178 34 34
276892.459580 2111202.734667 150.317419 178 34 34
276853.314545 2111098.453811 83.040563 128 128 128
276920.748074 2111107.676423 162.169935 128 128 128
276882.561463 2111131.342108 107.714018 128 128 128
276862.563391 2111110.482409 324.077033 128 128 128
276884.974254 2111085.072678 143.738477 128 128 128
276844.115377 2111119.096976 260.616255 178 34 34
276903.671210 2111134.038015 96.338395 128 128 128
276900.347252 2111204.811839 105.612190 128 128 128
276924.854499 2111102.834578 72.560465 128 128 128
276819.323336 2111154.109385 285.929365 128 128 128
276881.905942 2111107.544652 284.441556 178 34 34
276926.693462 2111148.999467 116.803038 128 128 128
276871.382550 2111151.075643 95.517482 128 128 128
276844.657209 2111137.261754 160.994868 128 128 128
276888.662188 2111132.070089 193.570531 128 128 128
276899.452071 2111201.288929 150.985719 178 34 34
276882.070987 2111206.293627 188.459713 128 128 128
276831.861998 2111117.008785 317.745056 128 128 128
276839.432513 2111200.047331 228.817671 128 128 128
276842.650345 2111145.323695 272.696937 128 128 128
276860.994084 2111102.427731 333.938981 128 128 128
276906.523622 2111175.079204 245.573411 128 128 128
276807.544689 2111165.710744 299.275267 128 128 128
276902.310915 2111128.785161 202.131002 128 128 128
276852.145216 2111119.061331 71.750597 178 34 34
276878.063033 2111100.006056 309.082542 178 34 34
276870.791912 2111187.325571 52.523875 128 128 128
276902.257955 2111096.452649 105.795032 128 128 128
276857.523680 2111201.373801 119.767104 128 128 128
276832.784459 2111183.787964 176.828428 178 34 34
276833.589142 2111147.239463 249.290791 128 128 128
276893.084182 2111095.041620 84.415109 128 128 128
276902.154665 2111091.748258 159.158597 178 34 34
276887.486465 2111164.004230 163.267883 178 34 34
276889.833809 2111214.369379 328.828376 128 128 128
276922.506312 2111202.460176 179.837855 128 128 128
276855.314351 2111170.491180 151.043708 128 128 128
276859.541702 2111110.251788 60.459185 128 128 128
276933.153176 2111098.777288 90.374162 128 128 128
276886.015394 2111100.878462 241.157409 128 128 128
276854.455637 2111139.533152 47.232477 128 128 128
276891.081818 2111120.607304 226.760260 178 34 34
276861.616652 2111119.490686 141.024397 128 128 128
276863.279759 2111101.033677 86.550111 128 128 128
276847.004944 2111211.311809 289.426229 128 128 128
276915.562227 2111148.081563 150.040371 128 128 128
276943.073568 2111194.354437 137.376487 128 128 128
276873.076383 2111169.702247 217.884878 128 128 128
276916.937004 2111204.526898 240.426269 128 128 128
276898.219786 2111181.958139 121.637598 178 34 34
276890.549007 2111115.576476 301.127606 128 128 128
276873.150704 2111094.370907 256.981829 178 34 34
276885.418981 2111223.873153 292.337653 128 128 128
276799.208413 2111116.901405 302.277138 128 128 128
276912.985119 2111199.955896 258.920181 178 34 34
276847.431085 2111147.788895 292.920826 128 128 128
276838.992661 2111191.302434 308.198114 128 128 128
276867.641415 2111171.217719 274.286024 178 34 34
276908.047048 2111134.826246 73.605223 128 128 128
276851.902076 2111183.727017 298.648697 128 128 128
276875.690996 2111147.222256 138.774810 128 128 128
276881.831727 2111121.517381 291.922566 178 34 34
276877.934926 2111141.377383 257.775891 128 128 128
276891.741232 2111089.414342 162.867919 128 128 128
276832.038157 2111109.516556 261.136705 128 128 128
276862.788685 2111171.707178 43.870260 178 34 34
276843.913549 2111188.286445 187.643025 128 128 128
276930.484683 2111148.441365 76.471909 128 128 128
276835.806008 2111146.295780 231.204754 128 128 128
276922.430622 2111113.540343 94.936421 178 34 34
276824.487180 2111209.680722 300.674236 128 128 128
276822.575263 2111176.851029 263.239784 128 128 128
276874.802531 2111174.596000 112.837933 128 128 128
276831.967993 2111105.196829 236.227023 128 128 128
276847.534164 2111115.142961 203.963874 178 34 34
276847.986753 2111120.769790 118.632209 128 128 128
276918.242332 2111197.957871 180.008826 128 128 128
276860.209215 2111126.006873 308.281172 178 34 34
276932.975126 2111155.075525 90.967293 128 128 128
276889.387151 2111102.211402 61.057479 128 128 128
276926.151149 2111076.043128 120.122818 128 128 128
276888.347025 2111204.286589 160.708043 128 128 128
276854.474073 2111187.661051 279.674734 178 34 34
276910.781390 2111157.583591 236.407294 128 128 128
276848.259528 2111218.940263 290.211973 128 128 128
276826.482361 2111113.904948 193.204701 128 128 128
276866.048416 2111126.050357 224.814674 178 34 34
276890.604450 2111162.154263 124.298459 178 34 34
276864.676134 2111118.431716 252.530995 128 128 128
276880.886527 2111170.170567 221.918828 128 128 128
276928.251234 2111123.243169 101.028109 128 128 128
276914.560352 2111217.329846 253.059056 128 128 128
276811.206261 2111164.437699 283.264086 178 34 34
276874.269063 2111104.369901 182.638672 128 128 128
276868.625056 2111092.383165 156.636193 178 34 34
276875.350259 2111164.589428 195.187026 178 34 34
276870.502209 2111148.273696 104.573723 128 128 128
276928.530581 2111099.285373 127.696435 128 128 128
276867.365495 2111153.739726 282.387917 128 128 128
276930.429206 2111204.226194 172.326772 128 128 128
276848.373319 2111189.231742 189.235046 128 128 128
276835.258169 2111171.921473 287.485245 128 128 128
276855.126664 2111130.706560 198.350006 128 128 128
276893.625747 2111118.227282 218.181375 128 128 128
276810.692588 2111110.836692 300.110402 178 34 34
276841.641117 2111167.079599 197.432314 128 128 128
276834.078380 2111122.207926 218.150480 178 34 34
276898.192586 2111156.931420 273.795858 128 128 128
276834.411610 2111153.491103 176.807763 128 128 128
276818.187647 2111127.604213 295.809016 128 128 128
276818.042431 2111148.181472 232.390665 128 128 128
276865.414233 2111127.276241 80.610509 128 128 128
276827.767975 2111184.541410 277.674221 178 34 34
276903.159592 2111137.964413 246.568057 178 34 34
276848.776182 2111198.179033 248.775135 128 128 128
276890.615270 2111106.802427 165.825802 128 128 128
276854.045266 2111159.514290 162.898239 128 128 128
276889.489340 2111158.672408 338.131875 128 128 128
276855.704400 2111125.315507 326.427868 128 128 128
276844.423193 2111108.778085 171.879527 128 128 128
276887.482434 2111138.842625 191.122134 178 34 34
276883.091232 2111132.156146 113.766340 128 128 128
276914.274601 2111103.230295 174.751698 178 34 34
276889.546654 2111128.398066 218.054953 128 128 128
276850.049796 2111173.504917 305.802740 128 128 128
276812.843164 2111179.633544 304.373336 128 128 128
276821.799630 2111103.347905 199.679400 128 128 128
276883.062061 2111134.327968 331.215658 128 128 128
276868.123653 2111202.286817 221.349698 178 34 34
276860.682105 2111124.730151 170.197451 128 128 128
276860.639882 2111102.351361 322.302696 128 128 128
276827.658013 2111156.739515 255.025853 178 34 34
276855.224335 2111162.714647 294.466060 128 128 128
276942.459670 2111152.717222 62.385392 128 128 128
276872.772772 2111136.801632 189.348534 128 128 128
276872.196441 2111168.515561 307.161446 128 128 128
276862.929564 2111182.969463 321.167012 178 34 34
276850.033016 2111198.016039 177.717785 128 128 128
276906.720943 2111208.142061 132.490198 178 34 34
276893.082580 2111164.941037 246.128858 128 128 128
276856.833687 2111188.827544 248.495770 128 128 128
276887.945704 2111132.160953 108.829047 178 34 34
276911.502408 2111175.312310 232.187745 128 128 128
276922.401642 2111190.009801 67.677800 178 34 34
276941.440573 2111135.212820 101.092882 128 128 128
276908.157697 2111110.853028 143.633087 128 128 128
276922.078340 2111138.490183 168.028915 128 128 128
276865.093960 2111093.948473 158.024770 128 128 128
276870.956395 2111184.541222 58.070092 128 128 128
276873.987118 2111155.643238 105.644776 128 128 128
276867.370262 2111119.080447 131.335806 128 128 128
276895.728086 2111174.158723 249.941714 178 34 34
276837.548817 2111226.013878 246.617351 128 128 128
276878.620349 2111137.642140 263.264589 128 128 128
276841.739428 2111148.463043 183.813241 128 128 128
276918.806925 2111176.040550 87.311834 178 34 34
276897.068767 2111114.321131 135.896499 128 128 128
276950.020981 2111189.141847 106.384833 178 34 34
276852.087555 2111142.208924 98.148517 128 128 128
276897.031897 2111139.496878 231.688826 128 128 128
276893.556372 2111149.450074 123.723988 178 34 34
276909.742310 2111145.244491 183.192949 128 128 128
276879.208115 2111116.222475 298.164173 178 34 34
276933.321111 2111202.595027 162.956464 128 128 128
276880.947696 2111134.998627 235.586145 178 34 34
276916.339382 2111119.222019 143.803195 178 34 34
276829.025571 2111149.327160 223.514330 178 34 34
276875.829365 2111198.704793 106.409914 178 34 34
276893.272684 2111149.489267 86.559725 178 34 34
276866.874194 2111137.672429 196.951684 128 128 128
276839.876881 2111142.098194 266.880889 178 34 34
276920.868462 2111174.370357 199.214121 128 128 128
276942.202489 2111181.074554 113.505829 128 128 128
276910.229080 2111208.840520 110.125455 128 128 128
276929.738266 2111086.294521 90.589280 128 128 128
276928.348188 2111120.026632 81.882933 178 34 34
276899.546885 2111110.038822 76.448373 128 128 128
276860.406630 2111161.276056 287.403863 128 128 128
276869.390568 2111179.067730 310.323934 128 128 128
276866.831765 2111120.826503 78.986232 178 34 34
276914.759322 2111175.256829 232.327006 178 34 34
276920.261205 2111186.296465 194.917817 128 128 128
276879.135293 2111161.587783 132.427250 178 34 34
276850.979121 2111213.321646 155.738410 128 128 128
276842.844572 2111156.081115 183.491039 178 34 34
276865.720227 2111173.349813 55.359909 128 128 128
276844.359912 2111138.011155 146.670756 128 128 128
276901.975189 2111184.197415 280.072477 178 34 34
276932.790425 2111181.988786 78.408467 178 34 34
276853.014332 2111199.481047 115.111191 128 128 128
276872.500882 2111106.389653 212.120322 178 34 34
276849.371723 2111199.081360 303.885436 178 34 34
276875.278602 2111155.027604 222.442336 128 128 128
276867.900476 2111216.464937 195.863200 178 34 34
276872.498279 2111158.631336 300.403154 128 128 128
276850.800855 2111135.888483 175.059202 178 34 34
276919.991012 2111112.642124 60.896528 128 128 128
276902.240708 2111184.676396 241.564637 128 128 128
276837.238041 2111183.450618 212.855393 128 128 128
276894.952555 2111194.924562 156.421844 178 34 34
276878.649801 2111215.931644 154.538802 178 34 34
276853.590262 2111124.716721 209.535092 128 128 128
276913.633014 2111189.005972 117.704055 128 128 128
276874.992078 2111220.097813 204.303582 128 128 128
276895.472900 2111147.929780 257.889237 128 128 128
276925.194199 2111186.073477 121.761226 178 34 34
276864.118908 2111135.150343 332.277810 178 34 34
276904.513839 2111154.385881 245.045199 178 34 34
276888.364947 2111086.024416 181.750602 128 128 128
276839.588305 2111100.336474 207.400435 178 34 34
276872.243193 2111128.045815 239.558468 128 128 128
276901.892244 2111220.970178 295.455263 128 128 128
276831.102483 2111147.248891 278.128833 128 128 128
276935.313356 2111139.074100 99.836413 128 128 128
276851.403148 2111159.746350 307.921757 178 34 34
276896.399565 2111220.663062 256.466326 178 34 34
276819.002242 2111153.853710 249.550587 128 128 128
276837.123339 2111115.623859 275.171668 128 128 128
276828.826901 2111170.952033 252.464653 178 34 34
276873.715436 2111162.743669 148.398745 178 34 34
276881.742561 2111212.184808 160.067535 128 128 128
276911.417962 2111115.220854 181.414596 128 128 128
276841.045748 2111157.486965 302.937770 178 34 34
276875.404575 2111141.983701 132.785028 128 128 128
276884.845134 2111167.812837 243.255346 128 128 128
276854.175846 2111133.076728 112.312498 178 34 34
276894.915615 2111117.551685 139.169084 178 34 34
276862.835613 2111222.404901 274.360429 178 34 34
276842.398961 2111156.507379 210.925951 128 128 128
276892.097842 2111183.538611 136.681265 178 34 34
276879.436241 2111207.641741 92.654074 128 128 128
276937.852615 2111160.393890 93.913120 128 128 128
276852.606366 2111193.600281 271.869073 128 128 128
276900.541574 2111106.710842 172.419111 128 128 128
276842.717920 2111217.528670 164.406225 128 128 128
276867.684865 2111217.700900 164.628754 178 34 34
276891.278269 2111198.474359 128.925046 128 128 128
276913.504830 2111142.348256 169.841669 178 34 34
276904.866040 2111085.774411 204.774416 128 128 128
276894.039066 2111193.847097 184.574127 128 128 128
276951.373052 2111168.142728 82.145154 178 34 34
276875.255219 2111153.341528 224.836185 128 128 128
276841.902748 2111131.781074 323.240946 128 128 128
276872.183700 2111213.981044 315.405326 128 128 128
276845.487219 2111110.940639 315.353872 178 34 34
276896.937250 2111149.280690 82.635478 128 128 128
276833.256906 2111157.864821 225.420496 178 34 34
276846.619692 2111149.362488 201.421037 128 128 128
276918.770785 2111197.360404 77.330838 178 34 34
276867.665595 2111188.402913 169.388926 128 128 128
276852.970992 2111145.561270 70.768419 178 34 34
276824.445483 2111220.020892 293.872848 178 34 34
276869.491900 2111105.740069 326.620974 178 34 34
276871.465370 2111089.474977 115.149806 128 128 128
276944.881287 2111203.456904 123.875830 128 128 128
276885.411368 2111153.981292 191.827778 128 128 128
276877.234332 2111163.529044 254.948244 128 128 128
276873.882808 2111175.199608 46.767959 178 34 34
276912.705983 2111178.230877 109.784000 178 34 34
276824.660538 2111113.325585 251.485489 128 128 128
276881.539470 2111210.309423 55.906589 178 34 34
276864.546219 2111114.896577 140.134415 128 128 128
276874.749006 2111155.560105 88.012511 128 128 128
276861.490647 2111204.804365 139.203665 128 128 128
276860.088327 2111138.371693 164.888311 178 34 34
276876.271696 2111141.824434 249.219054 128 128 128
276885.365145 2111092.968582 112.689447 128 128 128
276835.073349 2111154.746573 273.755921 128 128 128
276868.796698 2111193.527048 61.558403 128 128 128
276889.978743 2111112.165740 143.945728 128 128 128
276877.213191 2111138.953109 136.613220 128 128 128
276875.605611 2111200.829620 165.178881 178 34 34
276895.858588 2111079.073597 169.319890 128 128 128
276861.727648 2111111.177583 323.927839 128 128 128
276848.101337 2111094.324970 92.782250 128 128 128
276874.123393 2111195.764110 225.327552 178 34 34
276827.175167 2111228.480329 256.091082 128 128 128
276930.582058 2111103.488804 99.161772 128 128 128
276933.547838 2111155.549679 92.224701 128 128 128
276832.599811 2111217.621516 321.769403 128 128 128
276815.101314 2111189.382158 293.234391 128 128 128
276897.868795 2111203.048474 294.797038 128 128 128
276892.844833 2111185.972765 144.035225 128 128 128
276869.263029 2111141.896111 158.467264 128 128 128
276848.427141 2111114.839063 319.790276 128 128 128
276932.013830 2111196.242044 96.348095 128 128 128
276810.943077 2111166.264212 297.819262 128 128 128
276857.187014 2111165.546182 81.125436 128 128 128
276851.601282 2111085.672652 89.140193 128 128 128
276811.341953 2111171.512956 309.368028 128 128 128
276913.748186 2111183.438522 60.413021 178 34 34
276915.134504 2111075.252384 152.851055 128 128 128
276845.599618 2111179.411236 168.092617 128 128 128
276821.576204 2111230.467091 316.610585 128 128 128
276923.635635 2111122.199491 86.584276 128 128 128
276898.283908 2111092.455226 111.906857 128 128 128
276895.900968 2111130.415376 280.980576 178 34 34
276837.446468 2111153.829069 269.475781 128 128 128
276904.829151 2111142.740241 98.312961 128 128 128
276854.407601 2111216.103211 108.462719 178 34 34
276924.372512 2111130.166380 136.562695 128 128 128
276887.526767 2111143.535777 145.623746 128 128 128
276864.129902 2111125.486522 197.267754 128 128 128
276870.108410 2111117.225671 225.113086 178 34 34
276795.820401 2111116.758445 300.301915 178 34 34
276883.940971 2111125.878555 254.641209 128 128 128
276823.458136 2111206.072451 305.156833 128 128 128
276858.034279 2111120.172779 101.929481 128 128 128
276882.024789 2111123.535178 249.441168 128 128 128
276921.880956 2111183.385862 178.331625 128 128 128
276867.005981 2111211.130725 230.265164 128 128 128
276871.427490 2111206.848571 77.906805 128 128 128
276880.377913 2111166.905403 134.694671 128 128 128
276869.314516 2111209.925833 322.592465 178 34 34
276913.241889 2111113.620941 121.073752 178 34 34
276848.936790 2111104.782245 145.911740 178 34 34
276849.402664 2111116.894051 162.010899 128 128 128
276876.007007 2111192.494841 176.909216 128 128 128
276904.177336 2111077.706671 92.382815 128 128 128
276837.952241 2111203.265212 317.303215 128 128 128
276870.664105 2111164.207092 278.754504 128 128 128
276915.609758 2111141.350497 130.730760 128 128 128
276811.197761 2111121.451186 249.253584 128 128 128
276886.928094 2111162.460537 130.929107 128 128 128
276878.642214 2111213.969248 275.440428 128 128 128
276847.603625 2111181.936041 287.885464 178 34 34
276880.615567 2111117.356035 60.976179 128 128 128
276841.255584 2111158.948217 281.337160 128 128 128
276844.912097 2111110.050148 321.951901 178 34 34
276826.512091 2111099.125196 185.122278 128 128 128
276951.248816 2111198.935958 63.117843 128 128 128
276876.241498 2111165.316330 133.677524 178 34 34
276834.653132 2111175.011615 207.512702 128 128 128
276856.061382 2111155.683628 201.099292 128 128 128
276912.730152 2111105.722794 121.786355 178 34 34
276837.812200 2111114.691713 331.014410 128 128 128
276844.228840 2111222.233103 304.375163 128 128 128
276823.164344 2111115.560354 182.491596 128 128 128
276873.731233 2111193.617545 165.431275 128 128 128
276847.886485 2111199.579791 178.015079 128 128 128
276917.876540 2111194.051158 100.432050 128 128 128
276838.183675 2111093.532589 84.432236 128 128 128
276893.148534 2111212.006071 295.538164 128 128 128
276857.474748 2111162.735408 309.442813 128 128 128
276879.705465 2111110.300048 275.858193 178 34 34
276909.310817 2111182.603321 214.286415 128 128 128
276909.535252 2111100.557674 104.714174 128 128 128
276809.340918 2111180.680109 317.601455 128 128 128
276911.704913 2111183.361945 98.513310 178 34 34
276843.834781 2111206.120042 213.093953 178 34 34
276840.243524 2111185.404278 293.994727 128 128 128
276853.785783 2111082.319605 51.949708 128 128 128
276937.890236 2111187.362484 130.632294 128 128 128
276866.814393 2111128.120534 207.692176 128 128 128
276835.280901 2111091.786857 116.989703 128 128 128
276873.706620 2111121.737692 67.749295 178 34 34
276924.975389 2111102.922298 69.832255 128 128 128
276840.865281 2111169.177462 216.156991 128 128 128
276832.126952 2111145.374089 149.072121 178 34 34
276858.410340 2111123.838158 257.175618 128 128 128
276860.576123 2111171.594653 72.630552 128 128 128
276847.860397 2111180.466727 232.348044 128 128 128
276855.105725 2111118.160495 167.818181 128 128 128
276852.423607 2111099.000718 127.403004 178 34 34
276823.898521 2111188.055405 279.221756 128 128 128
276865.493242 2111161.981021 239.735722 178 34 34
276909.670117 2111142.644679 157.456229 178 34 34
276860.224419 2111205.098809 202.970155 128 128 128
276897.677113 2111103.087430 178.438042 178 34 34
276829.365982 2111176.396288 289.208825 128 128 128
276911.187812 2111159.791225 202.221235 128 128 128
276884.219435 2111153.379516 174.344772 128 128 128
276881.627087 2111211.421925 104.278546 128 128 128
276919.453703 2111092.684383 152.586900 128 128 128
276878.779443 2111111.720862 72.974180 178 34 34
276872.764972 2111123.044885 149.828893 128 128 128
276888.662980 2111105.991536 190.186069 178 34 34
276898.145939 2111178.335292 151.701012 178 34 34
276845.983467 2111106.843951 86.093686 128 128 128
276898.041560 2111202.749078 49.443702 178 34 34
276836.499188 2111218.504712 312.606820 128 128 128
276852.711973 2111137.660996 273.199220 178 34 34
276831.330697 2111153.639722 193.824401 178 34 34
276864.172253 2111123.981091 253.805740 128 128 128
276899.376188 2111104.119718 90.843592 128 128 128
276856.459021 2111209.356477 201.204636 128 128 128
276896.204741 2111212.340993 119.244343 128 128 128
276808.739342 2111135.940693 292.492503 128 128 128
276874.042088 2111161.537623 198.823614 128 128 128
276873.025158 2111112.389657 176.014785 128 128 128
276896.596675 2111156.126491 291.942473 178 34 34
276908.342247 2111201.917843 124.950091 128 128 128
276864.293808 2111209.432082 243.380787 128 128 128
276834.349659 2111204.802955 264.406119 128 128 128
276936.294785 2111139.105126 116.110375 178 34 34
276870.969292 2111211.765213 263.072282 128 128 128
276847.048677 2111139.129490 317.044750 178 34 34
276906.164854 2111085.516287 134.047727 178 34 34
276930.071304 2111147.804511 79.259790 128 128 128
276863.108967 2111200.185182 157.712411 128 128 128
276877.527718 2111192.625924 126.844330 178 34 34
276874.240338 2111094.264415 128.850365 178 34 34
276926.557243 2111068.303317 97.463251 128 128 128
276909.125525 2111144.117883 101.148540 128 128 128
276949.703697 2111175.246427 86.075478 128 128 128
276870.197169 2111142.977335 269.966412 128 128 128
276899.820606 2111166.491235 176.649016 178 34 34
276847.255656 2111190.744062 310.640528 178 34 34
276898.471059 2111221.088467 315.745329 128 128 128
276903.215223 2111136.831029 266.398996 128 128 128
276802.292318 2111122.536561 292.917297 128 128 128
276868.196219 2111215.045341 142.238909 128 128 128
276836.801168 2111221.379739 264.270606 128 128 128
276898.552293 2111076.865886 114.341842 128 128 128
276915.862867 2111110.756837 78.093905 128 128 128
276867.376561 2111171.178572 235.289777 178 34 34
276880.402943 2111129.824577 306.993668 128 128 128
276887.581914 2111181.591364 59.139719 128 128 128
276895.049403 2111213.937165 332.194565 128 128 128
276909.422349 2111164.605482 59.115857 128 128 128
276891.838124 2111214.745294 171.260613 178 34 34
276898.968821 2111186.264625 258.032691 128 128 128
276898.546725 2111163.422328 301.459345 128 128 128
276893.587534 2111081.777203 115.111227 178 34 34
276868.184987 2111130.885679 324.597095 128 128 128
276821.730990 2111140.749457 237.783565 178 34 34
276933.996800 2111161.395815 83.126835 178 34 34
276862.577808 2111112.559597 196.823613 128 128 128
276859.971944 2111140.762145 239.997795 178 34 34
276846.424518 2111119.211749 68.286846 128 128 128
276846.603238 2111122.843888 245.987969 128 128 128
276841.265714 2111141.980990 232.344505 128 128 128
276900.045404 2111203.546960 112.551512 178 34 34
276884.476394 2111125.961330 136.044006 128 128 128
276827.044947 2111140.029860 177.875882 178 34 34
276841.503194 2111113.835753 146.064060 178 34 34
276855.248411 2111138.546586 156.861347 178 34 34
276935.923855 2111196.519037 55.140621 128 128 128
276848.166067 2111150.273502 237.981810 128 128 128
276881.008621 2111128.330829 314.733564 178 34 34
276920.580437 2111181.846077 183.004610 128 128 128
276897.227707 2111176.306019 140.108607 128 128 128
276916.883231 2111074.052926 109.847397 178 34 34
276895.034284 2111116.108235 189.040511 128 128 128
276876.080554 2111161.866534 310.449519 178 34 34
276890.243198 2111162.950216 205.087328 128 128 128
276843.512634 2111126.331598 181.369811 128 128 128
276892.092336 2111133.797978 186.919495 178 34 34
276868.265269 2111190.682898 269.580781 128 128 128
276915.336381 2111179.855102 195.771419 128 128 128
276824.788883 2111164.725713 212.913927 178 34 34
276868.220548 2111154.584815 233.027481 128 128 128
276856.797749 2111216.320381 112.481052 178 34 34
276856.479881 2111218.464898 148.645296 128 128 128
276858.317111 2111148.781585 320.613890 128 128 128
276842.282256 2111182.640469 261.911574 128 128 128
276937.627863 2111114.695555 93.974618 178 34 34
276876.465219 2111112.715994 71.350673 178 34 34
276933.170059 2111122.605254 89.813464 128 128 128
276866.778983 2111103.625653 94.205951 178 34 34
276925.881295 2111146.149438 67.424247 178 34 34
276931.807743 2111167.991096 112.104124 128 128 128
276847.365231 2111166.401207 133.067304 128 128 128
276862.228265 2111152.492256 63.206448 128 128 128
276912.967634 2111202.361972 269.992043 178 34 34
276866.762395 2111126.002880 273.495734 128 128 128
276848.042512 2111128.554149 275.006563 128 128 128
276896.620642 2111120.543228 89.427305 128 128 128
276927.985495 2111181.661262 88.679566 128 128 128
276939.185816 2111144.633383 107.762560 128 128 128
276894.954802 2111203.682051 294.688342 128 128 128
276892.061792 2111162.386023 238.063555 128 128 128
276840.322061 2111182.671492 236.380172 128 128 128
276893.870914 2111178.259175 334.960601 128 128 128
276879.987680 2111120.862570 342.382768 178 34 34
276866.156499 2111114.519321 275.158240 128 128 128
276850.195750 2111142.235737 96.048917 178 34 34
276864.601538 2111112.738729 158.362652 178 34 34
276847.537982 2111188.920019 285.431255 128 128 128
276878.074232 2111160.775119 122.293005 178 34 34
276858.835705 2111115.914407 81.173810 178 34 34
276874.720759 2111147.916367 210.778034 128 128 128
276917.394710 2111161.723893 125.918017 128 128 128
276921.742384 2111150.467132 85.845654 128 128 128
276820.863202 2111165.141839 216.161250 178 34 34
276908.454855 2111128.967728 81.423750 128 128 128
276809.207931 2111116.665777 307.461691 128 128 128
276854.835840 2111124.408171 100.558622 128 128 128
276844.070441 2111207.093443 316.134048 128 128 128
276893.206821 2111189.472158 277.882608 178 34 34
276883.267905 2111115.822767 287.793766 178 34 34
276875.600742 2111153.634113 168.499990 178 34 34
276872.932305 2111224.018366 255.546766 128 128 128
276925.344902 2111129.540257 134.988940 178 34 34
276835.899021 2111196.656723 318.309307 178 34 34
276932.180648 2111192.888036 102.970046 128 128 128
276939.187751 2111113.811955 85.213167 178 34 34
276901.296145 2111182.095541 233.030568 128 128 128
276889.693817 2111169.334376 338.178405 128 128 128
276872.148517 2111224.570263 327.691239 178 34 34
276836.893536 2111101.256614 266.365287 128 128 128
276863.951718 2111162.209368 107.660608 128 128 128
276860.571288 2111192.732489 304.733903 128 128 128
276912.729146 2111170.612629 179.807072 178 34 34
276852.804112 2111094.856011 82.048948 178 34 34
276914.134605 2111120.192503 107.536169 128 128 128
276868.143831 2111183.699943 116.370144 178 34 34
276822.130518 2111213.488724 254.808038 128 128 128
276892.950388 2111162.677741 299.927475 128 128 128
276888.697995 2111186.733633 191.135281 178 34 34
276844.188421 2111116.374414 191.912175 128 128 128
276907.330708 2111125.841930 149.166345 128 128 128
276869.889403 2111178.753889 282.147353 128 128 128
276840.848634 2111169.079225 204.544517 178 34 34
276839.002877 2111129.034979 195.218007 128 128 128
276927.322368 2111161.150514 86.986209 128 128 128
276899.992185 2111094.615572 196.147248 178 34 34
276866.552276 2111189.810298 195.700161 178 34 34
276869.017291 2111142.641241 241.563735 178 34 34
276851.307536 2111134.124032 128.856013 178 34 34
276918.901672 2111171.270973 202.634689 178 34 34
276918.813412 2111079.453300 152.727774 128 128 128
276856.837876 2111115.346119 268.478601 128 128 128
276860.511780 2111202.684849 139.365995 178 34 34
276860.503547 2111199.029508 162.701605 128 128 128
276851.791515 2111119.830242 305.043587 128 128 128
276907.431671 2111174.726651 228.835003 128 128 128
276887.924429 2111167.103197 230.220605 128 128 128
276872.354048 2111198.185763 135.034118 128 128 128
276927.989669 2111163.135327 146.714102 178 34 34
276867.562264 2111171.342511 208.281173 128 128 128
276895.354132 2111171.223475 96.599198 128 128 128
276845.895210 2111181.796092 185.806400 178 34 34
276876.773283 2111078.021541 66.101414 178 34 34
276865.933361 2111195.089639 226.912315 128 128 128
276853.516050 2111197.950151 167.529018 178 34 34
276900.897505 2111190.598322 111.134854 128 128 128
276868.329028 2111111.604117 245.524312 128 128 128
276866.553308 2111207.660996 305.948769 128 128 128
276867.034062 2111161.869835 58.336681 178 34 34
276885.032232 2111159.483985 318.340355 128 128 128
276863.702531 2111190.419154 159.252568 128 128 128
276883.207624 2111121.355264 146.188743 128 128 128
276822.472600 2111117.284314 263.627338 128 128 128
276884.670793 2111114.313797 135.894917 128 128 128
276907.555434 2111173.920959 220.750338 128 128 128
276860.427475 2111165.002962 86.595223 128 128 128
276880.670959 2111105.951771 280.680348 128 128 128
276885.179925 2111165.133857 309.416030 128 128 128
276872.336879 2111145.924866 287.681694 128 128 128
276820.136878 2111113.315098 322.964883 128 128 128
276868.214911 2111140.684813 76.809095 128 128 128
276822.934657 2111182.315367 305.533811 128 128 128
276823.392266 2111120.707738 310.592468 178 34 34
276905.568090 2111203.381381 304.023430 128 128 128
276884.372020 2111172.494707 118.977333 128 128 128
276832.371758 2111147.510149 273.894436 128 128 128
276904.904464 2111161.594989 278.666381 178 34 34
276837.544465 2111129.270790 254.927104 128 128 128
276891.406008 2111193.141742 285.896258 128 128 128
276857.680440 2111143.643020 276.747892 178 34 34
276928.886995 2111121.863299 146.091750 128 128 128
276902.078925 2111098.082155 116.723140 128 128 128
276866.452667 2111087.396983 93.441610 128 128 128
276882.041010 2111125.812051 167.579992 128 128 128
276829.380409 2111186.234982 240.462426 178 34 34
276844.204399 2111199.941240 161.198629 128 128 128
276877.490472 2111147.672599 184.134345 178 34 34
276879.275605 2111160.362879 188.101239 128 128 128
276869.125719 2111146.126984 172.515785 128 128 128
276889.084443 2111143.476444 318.189648 128 128 128
276935.243369 2111191.029912 78.711397 128 128 128
276910.259060 2111175.636681 239.232214 128 128 128
276852.095220 2111140.652286 192.012196 128 128 128
276883.744525 2111096.487313 193.297633 128 128 128
276881.558589 2111211.548545 191.691417 128 128 128
276906.526309 2111125.897894 195.108683 178 34 34
276818.059343 2111139.964757 246.806934 128 128 128
276879.502689 2111133.337086 93.693930 178 34 34
276902.933192 2111161.423703 132.655990 128 128 128
276911.250830 2111147.322512 95.746716 178 34 34
276868.211899 2111208.884847 97.472691 128 128 128
276847.304559 2111212.501261 199.504412 128 128 128
276834.585060 2111147.305539 181.694283 128 128 128
276870.288358 2111177.173987 61.056712 128 128 128
276897.428499 2111220.308789 276.550358 178 34 34
276846.105813 2111181.780732 250.253510 128 128 128
276888.293559 2111093.329510 177.531129 128 128 128
276888.034219 2111148.233262 139.982617 178 34 34
276869.201156 2111187.867608 89.446385 128 128 128
276824.359539 2111128.060369 181.646736 128 128 128
276921.319746 2111163.608342 139.517827 178 34 34
276920.878198 2111140.894527 144.774927 128 128 128
276882.640526 2111123.802575 74.970519 178 34 34
276815.788843 2111135.575402 246.588305 128 128 128
276859.473755 2111217.623410 299.381218 128 128 128
276834.600565 2111137.687542 290.752818 178 34 34
276890.524763 2111120.022351 213.120540 178 34 34
276842.016000 2111224.742002 300.729998 128 128 128
276843.334104 2111138.590211 209.573024 128 128 128
276935.342833 2111119.664897 99.941891 178 34 34
276898.480984 2111177.476402 230.162962 128 128 128
276856.143977 2111220.979869 112.394200 128 128 128
276863.274453 2111096.174636 140.958338 128 128 128
276811.340471 2111108.382573 227.122393 178 34 34
276865.320677 2111191.244180 280.643376 128 128 128
276899.992758 2111117.663998 110.530766 128 128 128
276889.057772 2111150.577329 112.775227 128 128 128
276870.975669 2111172.346917 273.795761 178 34 34
276873.006769 2111164.724467 290.334827 128 128 128
276870.748693 2111121.653826 294.724562 178 34 34
276871.032009 2111188.248871 106.385333 128 128 128
276888.478633 2111171.275896 220.943812 178 34 34
276824.284788 2111143.512022 318.567465 128 128 128
276816.392307 2111143.129557 321.138198 128 128 128
276864.024676 2111212.706494 226.850797 178 34 34
276865.083946 2111167.236985 332.198323 128 128 128
276834.040306 2111113.672425 254.007286 128 128 128
276886.369088 2111150.399285 297.609624 128 128 128
276916.133615 2111167.883071 231.102714 128 128 128
276878.742540 2111211.299259 319.886709 128 128 128
276908.363037 2111139.214940 168.148966 128 128 128
276840.792762 2111156.482866 175.209190 178 34 34
276840.177555 2111192.593649 315.393695 128 128 128
276860.494983 2111209.772003 163.908348 178 34 34
276900.797611 2111183.579464 275.063271 128 128 128
276883.310715 2111074.796378 74.790171 128 128 128
276910.333165 2111141.761141 172.041546 128 128 128
276890.304598 2111083.638398 215.773174 178 34 34
276940.624951 2111131.554285 102.174849 178 34 34
276817.956795 2111140.665411 264.875255 178 34 34
276877.729927 2111135.974353 135.624836 178 34 34
276836.399854 2111181.791102 286.792672 128 128 128
276831.045034 2111203.993766 290.945277 128 128 128
276857.440744 2111167.001847 183.333753 178 34 34
276862.350586 2111121.403607 308.237239 128 128 128
276892.101207 2111077.808931 148.037014 128 128 128
276871.482952 2111190.045477 46.909273 128 128 128
276843.478508 2111208.953999 308.666789 128 128 128
276887.963916 2111179.955988 257.323433 178 34 34
276841.768444 2111108.417516 250.730491 128 128 128
276833.861958 2111103.077023 300.498566 128 128 128
276922.859512 2111182.739550 133.986051 178 34 34
276849.875536 2111159.825826 115.362754 128 128 128
276909.832344 2111187.317976 74.427256 178 34 34
276846.358821 2111109.017073 281.698740 128 128 128
276823.913843 2111190.132755 302.086361 128 128 128
276871.879775 2111158.771967 248.614355 128 128 128
276905.003610 2111145.981514 169.320248 178 34 34
276816.361819 2111179.976796 291.689927 178 34 34
276908.826719 2111129.851575 180.526421 128 128 128
276908.493161 2111120.189153 150.533213 128 128 128
276920.620565 2111182.003412 73.197160 128 128 128
276905.625650 2111143.838412 132.568918 128 128 128
276868.813261 2111167.648534 284.574600 178 34 34
276823.474638 2111194.938108 233.059449 178 34 34
276894.893553 2111204.331391 198.405611 128 128 128
276871.442335 2111144.530857 75.989315 128 128 128
276907.430226 2111215.889643 313.929525 128 128 128
276895.811905 2111199.931996 327.979574 178 34 34
276838.305278 2111130.200315 250.858725 178 34 34
276874.649111 2111213.361857 183.282387 128 128 128
276855.054905 2111138.834585 132.835774 178 34 34
276900.179711 2111183.215008 250.738105 178 34 34
276843.723595 2111186.432814 222.042191 128 128 128
276897.218440 2111226.384100 330.784438 178 34 34
276890.358199 2111190.493442 156.396974 128 128 128
276873.687447 2111148.210101 155.192932 128 128 128
276839.169322 2111199.253455 272.695351 178 34 34
276850.964093 2111212.731549 144.782774 128 128 128
276903.308886 2111220.896409 277.017954 128 128 128
276876.242824 2111147.841857 141.023302 128 128 128
276806.927275 2111110.676905 286.535570 128 128 128
276891.789848 2111115.870367 149.740970 128 128 128
276886.701933 2111083.196416 68.814901 128 128 128
276887.266255 2111108.771450 60.432686 128 128 128
276897.868084 2111099.917209 85.152686 128 128 128
276885.751002 2111168.580861 237.157455 128 128 128
276888.699726 2111207.475051 294.546892 128 128 128
276850.282582 2111160.491405 303.236395 178 34 34
276930.389682 2111151.217738 76.670385 128 128 128
276919.107663 2111159.352478 87.396501 178 34 34
276824.379892 2111191.261465 252.441210 128 128 128
276864.651223 2111207.427417 329.673180 128 128 128
276849.190767 2111165.463449 149.083095 178 34 34
276836.243772 2111189.450234 218.703794 178 34 34
276888.781717 2111155.629778 110.869408 128 128 128
276866.323524 2111114.965376 312.360469 128 128 128
276827.501487 2111132.740465 318.353386 128 128 128
276888.662288 2111141.841209 72.607977 128 128 128
276880.670694 2111118.465893 236.445316 128 128 128
276805.171619 2111129.117879 306.350781 178 34 34
276839.838759 2111199.837035 254.854735 128 128 128
276871.393116 2111200.166296 105.423874 178 34 34
276848.379016 2111195.690236 145.415294 128 128 128
276876.085423 2111136.466665 99.607656 128 128 128
276911.480176 2111084.560630 93.886355 128 128 128
276896.963335 2111092.088520 158.256839 128 128 128
276896.174311 2111178.207314 90.105866 128 128 128
276868.166039 2111085.689516 175.209629 128 128 128
276858.652917 2111175.567157 185.841099 128 128 128
276931.117164 2111136.050325 118.039847 178 34 34
276874.229340 2111176.202950 327.182163 128 128 128
276934.640985 2111122.279953 98.184457 128 128 128
276875.117311 2111185.005922 57.839535 128 128 128
276913.098262 2111116.989395 95.088942 128 128 128
276911.960968 2111159.546581 84.311900 128 128 128
276829.405170 2111189.699727 317.420156 128 128 128
276894.028652 2111182.130874 93.660170 128 128 128
276842.770951 2111174.116435 234.166655 128 128 128
276858.807918 2111191.135511 133.197171 178 34 34
276935.181829 2111157.898184 95.149927 128 128 128
276887.090113 2111181.922264 78.454710 128 128 128
276887.887057 2111111.098478 266.108881 178 34 34
276870.176056 2111086.702087 195.095053 178 34 34
276834.876397 2111090.867141 175.000115 128 128 128
276860.436185 2111177.338114 235.185394 128 128 128
276829.101902 2111222.698202 244.748561 178 34 34
276856.617834 2111131.123867 69.205673 178 34 34
276881.779628 2111128.256107 146.366068 128 128 128
276899.836612 2111134.431217 163.576169 178 34 34
276913.961332 2111150.899335 109.317912 128 128 128
276846.980332 2111113.721412 283.200651 178 34 34
276847.535219 2111112.839383 141.471709 128 128 128
276862.387772 2111140.002637 242.602549 178 34 34
276807.763434 2111147.716359 289.570474 128 128 128
276876.944431 2111126.093794 304.437841 128 128 128
276840.372261 2111159.631023 209.209837 128 128 128
276892.910986 2111139.568000 129.998939 128 128 128
276856.563007 2111169.964460 161.485031 178 34 34
276907.408725 2111143.655158 109.426129 128 128 128
276925.162739 2111212.860503 202.033067 178 34 34
276824.417498 2111176.520979 313.581229 178 34 34
276900.081585 2111087.123814 87.884767 128 128 128
276879.625625 2111184.172570 84.440661 178 34 34
276833.950083 2111176.576289 166.035011 128 128 128
276860.889750 2111112.924712 91.693558 128 128 128
276863.940251 2111175.299486 242.856114 128 128 128
276791.569179 2111112.963942 303.339545 128 128 128
276826.841234 2111120.002142 186.677478 128 128 128
276808.316313 2111194.175272 302.997166 128 128 128
276875.296000 2111099.691945 267.620139 128 128 128
276882.284578 2111122.582860 54.632734 128 128 128
277402.544186 2111289.327499 155.474251 128 128 128
277508.737228 2111291.181936 256.030050 128 128 128
277443.805076 2111268.822618 254.599765 128 128 128
277478.899218 2111249.346600 190.423057 178 34 34
277391.107962 2111299.370367 295.903169 128 128 128
277409.886653 2111351.249866 319.203934 128 128 128
277467.436807 2111320.834015 188.675283 128 128 128
277487.597480 2111251.753556 230.037431 128 128 128
277404.651969 2111347.338009 202.417109 128 128 128
277519.810692 2111319.629055 181.202858 178 34 34
277458.134105 2111310.454043 224.701994 128 128 128
277409.620432 2111295.675441 264.344935 128 128 128
277513.135151 2111292.848041 175.825156 128 128 128
277478.723175 2111325.970228 275.009459 178 34 34
277349.195464 2111316.716519 324.322127 128 128 128
277467.095089 2111336.805711 333.524501 128 128 128
277504.605137 2111239.340804 222.796798 128 128 128
277493.697916 2111341.769907 266.716441 128 128 128
277391.458254 2111321.751541 288.128581 178 34 34
277452.388171 2111348.356674 201.701972 128 128 128
277437.816099 2111303.647109 246.683325 128 128 128
277407.124106 2111340.769315 139.041171 128 128 128
277360.371200 2111344.039224 321.271816 128 128 128
277376.015546 2111289.865135 229.717868 178 34 34
277455.921852 2111262.941646 209.768861 178 34 34
277484.886894 2111258.676476 165.628693 128 128 128
277388.444965 2111336.383917 181.301523 128 128 128
277475.202309 2111336.773513 343.927263 128 128 128
277488.779894 2111341.071061 317.778640 178 34 34
277450.120168 2111291.743788 213.966771 128 128 128
277380.088814 2111280.997354 200.523284 128 128 128
277480.930267 2111343.898385 234.924714 178 34 34
277468.684156 2111277.581391 224.301517 178 34 34
277491.532111 2111300.344416 279.769223 178 34 34
277494.810555 2111261.433227 254.132424 128 128 128
277485.623868 2111307.578210 321.828320 128 128 128
277435.024055 2111280.342066 242.598067 178 34 34
277465.465901 2111295.687326 233.681370 128 128 128
277529.141294 2111334.604764 180.054781 178 34 34
277468.262723 2111307.135122 219.804229 128 128 128
277439.026204 2111350.700828 196.595754 178 34 34
277383.041080 2111273.977443 246.468256 128 128 128
277392.577948 2111294.881025 163.176059 128 128 128
277502.675475 2111317.875580 180.483353 128 128 128
277384.837655 2111283.943089 218.290463 128 128 128
277395.565245 2111341.250434 146.104418 128 128 128
277404.611999 2111322.585323 302.848154 128 128 128
277415.039510 2111344.644207 178.483192 178 34 34
277383.863220 2111291.889095 255.907990 128 128 128
277416.827826 2111307.554109 305.762221 128 128 128
277444.288275 2111264.055554 165.492175 128 128 128
277451.649439 2111295.332124 271.926366 128 128 128
277427.209341 2111290.315960 306.910611 178 34 34
277433.476593 2111326.068390 268.117261 128 128 128
277475.559414 2111308.441067 306.936931 128 128 128
277499.069147 2111316.606820 212.017704 128 128 128
277340.854689 2111283.447441 297.726170 128 128 128
277470.157944 2111285.003164 316.819912 178 34 34
277406.611801 2111289.137083 233.638983 128 128 128
277484.275752 2111325.872961 188.162461 128 128 128
277430.259981 2111271.231115 225.141299 128 128 128
277426.933286 2111327.413082 235.081460 128 128 128
277454.507872 2111257.582633 176.154515 128 128 128
277376.622134 2111329.330261 240.533953 128 128 128
277446.910265 2111334.546886 274.039068 128 128 128
277361.941011 2111310.148068 229.601776 128 128 128
277408.729159 2111307.801418 287.104551 128 128 128
277465.393635 2111338.606458 204.451330 128 128 128
277461.573113 2111326.440562 163.406218 178 34 34
277501.185858 2111326.178446 228.763897 178 34 34
277510.611372 2111338.976645 206.378624 128 128 128
277407.819977 2111293.907800 179.902295 128 128 128
277408.046139 2111336.347770 265.560064 128 128 128
277444.544105 2111282.727947 178.271221 128 128 128
277371.824086 2111358.999276 323.589884 128 128 128
277428.351965 2111344.241276 193.612843 128 128 128
277451.099316 2111287.713819 299.316106 128 128 128
277502.269040 2111297.876677 225.237677 178 34 34
277476.913070 2111284.808507 254.903235 128 128 128
277434.616905 2111294.576021 248.047116 128 128 128
277530.920601 2111335.700979 201.826363 178 34 34
277457.826231 2111321.871658 308.760020 128 128 128
277463.806515 2111337.909673 276.347971 128 128 128
277372.664631 2111262.504692 193.313387 178 34 34
277414.592370 2111355.364867 223.878816 128 128 128
277376.321553 2111295.670387 163.028414 128 128 128
277359.023334 2111271.269179 274.791499 128 128 128
277443.401687 2111294.740987 345.413976 128 128 128
277489.409732 2111343.936621 317.658780 128 128 128
277397.333317 2111343.719160 238.625874 128 128 128
277478.677602 2111318.159541 264.642832 128 128 128
277498.151982 2111261.896899 184.022229 128 128 128
277410.642626 2111295.518594 234.653016 128 128 128
277432.420623 2111339.879784 195.022130 128 128 128
277511.267427 2111247.444845 233.280000 128 128 128
277421.897971 2111277.602822 154.000470 178 34 34
277439.418980 2111338.873745 335.583807 128 128 128
277415.878508 2111272.290002 323.348872 178 34 34
277385.115586 2111288.429854 160.777852 128 128 128
277373.019733 2111282.880409 269.575203 128 128 128
277400.957010 2111258.645529 172.739661 128 128 128
277439.560679 2111341.383489 266.615230 128 128 128
277373.273811 2111275.778732 272.654098 128 128 128
277415.870723 2111344.094918 278.583632 128 128 128
277472.721516 2111342.985896 209.725763 128 128 128
277351.552048 2111341.361658 290.634652 128 128 128
277473.052874 2111294.300874 262.964983 128 128 128
277412.912140 2111336.146148 310.255319 178 34 34
277437.704591 2111259.102881 216.790596 128 128 128
277402.670577 2111338.225476 246.782091 128 128 128
277512.540601 2111332.053715 281.466732 178 34 34
277443.327989 2111255.992461 244.710852 128 128 128
277456.204486 2111272.221634 289.406383 128 128 128
277409.794967 2111358.825225 315.999060 178 34 34
277454.286434 2111260.041684 179.467318 128 128 128
277467.171771 2111277.152340 224.309689 128 128 128
277359.871966 2111273.952287 241.893553 128 128 128
277380.819036 2111334.482798 193.312033 128 128 128
277405.148726 2111260.211010 212.359018 128 128 128
277420.922336 2111290.185696 164.138841 178 34 34
277424.274345 2111320.560798 203.938053 128 128 128
277386.633606 2111331.900490 274.724934 128 128 128
277476.034334 2111262.978566 272.353962 128 128 128
277474.250551 2111278.358400 188.850124 128 128 128
277469.107116 2111264.175126 178.266556 178 34 34
277514.765423 2111338.906467 282.976328 128 128 128
277417.452911 2111347.321827 264.803557 178 34 34
277443.919603 2111331.524876 344.774542 128 128 128
277380.754401 2111315.671181 207.728892 128 128 128
277470.253891 2111300.334222 312.886734 178 34 34
277442.795646 2111280.896375 298.074630 128 128 128
277510.987320 2111282.310632 182.467179 128 128 128
277469.007376 2111319.668715 311.510369 128 128 128
277446.356288 2111321.002228 237.679052 128 128 128
277509.251107 2111309.398582 209.491604 128 128 128
277427.544998 2111309.124779 251.707152 178 34 34
277397.279413 2111322.949384 245.468260 128 128 128
277474.816665 2111263.825328 328.300689 178 34 34
277403.955217 2111326.157264 242.270881 128 128 128
277449.066037 2111259.686695 219.376409 128 128 128
277380.020913 2111333.997143 207.260290 128 128 128
277460.730298 2111345.837153 267.875058 128 128 128
277396.867324 2111290.132724 331.508682 128 128 128
277483.226046 2111303.838360 332.561307 128 128 128
277450.818280 2111338.755262 256.702397 178 34 34
277413.973579 2111362.686348 326.776046 128 128 128
277488.397723 2111299.165339 193.812651 128 128 128
277427.940618 2111305.050783 290.838154 178 34 34
277496.079503 2111309.702548 326.687564 128 128 128
277463.293706 2111280.431982 174.896926 128 128 128
277499.726261 2111327.190049 174.424403 128 128 128
277499.758429 2111264.700666 213.132714 128 128 128
277445.470344 2111345.933481 259.266713 128 128 128
277445.725687 2111311.275310 286.961565 178 34 34
277412.045934 2111309.347555 333.726961 128 128 128
277383.195588 2111322.387112 189.175151 178 34 34
277453.405379 2111261.700469 200.626438 178 34 34
277475.710220 2111291.441961 274.470531 128 128 128
277495.866370 2111248.006408 220.931048 128 128 128
277532.991979 2111331.376954 166.527163 128 128 128
277400.444885 2111364.956076 308.242162 178 34 34
277442.439009 2111255.705834 299.297068 178 34 34
277430.593881 2111310.503241 201.033151 178 34 34
277386.182262 2111265.507120 159.020131 178 34 34
277472.889975 2111250.923296 179.910914 178 34 34
277463.811883 2111260.424674 167.038576 178 34 34
277484.691363 2111264.026863 284.519179 178 34 34
277492.364067 2111247.598603 180.249142 178 34 34
277469.180810 2111253.791311 174.718745 128 128 128
277440.110519 2111261.169285 171.776873 128 128 128
277417.818942 2111330.004376 172.885425 128 128 128
277375.372081 2111271.765419 251.206403 128 128 128
277500.285549 2111320.576312 327.473175 178 34 34
277452.493216 2111353.860423 253.481814 128 128 128
277480.478844 2111250.174139 211.100396 128 128 128
277445.346312 2111350.996790 253.377996 128 128 128
277463.619615 2111351.101082 311.821807 128 128 128
277457.780307 2111253.138133 255.544478 128 128 128
277456.241703 2111295.004873 314.735006 128 128 128
277388.122562 2111276.172267 238.068280 128 128 128
277506.815967 2111306.966149 256.955987 178 34 34
277448.973888 2111254.274759 211.723856 128 128 128
277409.909612 2111325.053902 160.755253 178 34 34
277522.387741 2111332.189523 215.456125 128 128 128
277458.115187 2111306.085244 331.669584 178 34 34
277497.708609 2111310.194474 161.559629 128 128 128
277460.753016 2111323.554539 253.402467 178 34 34
277457.422589 2111296.700856 182.760826 128 128 128
277482.185646 2111344.837744 278.643007 178 34 34
277404.664937 2111291.916357 261.489558 178 34 34
277431.364267 2111260.891261 346.140160 128 128 128
277366.807563 2111359.089576 305.807713 128 128 128
277446.824283 2111258.843962 212.837628 128 128 128
277363.716747 2111307.205112 287.553851 178 34 34
277457.466436 2111324.428985 287.744283 128 128 128
277488.994508 2111335.831732 278.306311 178 34 34
277374.197177 2111269.654025 242.838793 178 34 34
277383.686314 2111268.147843 165.207032 178 34 34
277364.609934 2111290.277246 246.962206 128 128 128
277378.330483 2111338.403130 295.141708 178 34 34
277405.663933 2111267.581776 305.069615 178 34 34
277393.099162 2111259.416138 189.204883 128 128 128
277399.435020 2111289.844220 211.762343 128 128 128
277516.097933 2111235.425995 204.344663 178 34 34
277411.907786 2111324.386829 230.630611 178 34 34
277463.484602 2111264.733042 303.701547 128 128 128
277476.636306 2111332.955189 260.253956 128 128 128
277443.305012 2111328.343500 338.451371 128 128 128
277492.965523 2111331.869186 197.721326 178 34 34
277462.934461 2111297.147790 226.359159 128 128 128
277486.478547 2111269.945221 252.863601 128 128 128
277464.006942 2111295.174334 332.603852 178 34 34
277356.167140 2111285.250732 274.988778 178 34 34
277418.032373 2111323.776909 143.497593 128 128 128
277406.704027 2111351.317130 153.140996 128 128 128
277460.880404 2111356.862847 324.012538 178 34 34
277403.805694 2111318.848410 158.188273 128 128 128
277428.929343 2111295.064517 232.854781 128 128 128
277393.708528 2111283.346863 273.929961 128 128 128
277426.947097 2111352.888858 162.412388 128 128 128
277425.214986 2111306.564922 180.280744 178 34 34
277511.627189 2111272.189377 250.275416 128 128 128
277371.002880 2111336.300268 205.319280 128 128 128
277431.011990 2111275.333836 337.668012 178 34 34
277372.665047 2111357.055136 321.452649 128 128 128
277449.298172 2111340.427855 182.028353 178 34 34
277464.140235 2111315.463834 181.137411 128 128 128
277479.465517 2111354.278984 336.950986 178 34 34
277512.395714 2111277.715418 190.622017 178 34 34
277407.721312 2111350.703688 163.840876 178 34 34
277400.533661 2111363.712878 309.841849 128 128 128
277431.601436 2111327.808127 331.803285 178 34 34
277382.560970 2111285.104875 336.044496 178 34 34
277444.440341 2111314.577523 318.342913 128 128 128
277461.422693 2111315.010574 199.619515 128 128 128
277415.985679 2111327.997426 279.456590 128 128 128
277487.061458 2111253.234857 284.242219 128 128 128
277463.864336 2111250.096712 241.822002 128 128 128
277408.593178 2111291.148020 329.319721 128 128 128
277460.123825 2111334.814933 215.468226 128 128 128
277462.686480 2111350.935542 276.918978 128 128 128
277488.200411 2111317.889830 309.288459 128 128 128
277501.021508 2111306.403339 234.061217 178 34 34
277508.996098 2111296.694267 226.487936 128 128 128
277432.210315 2111328.620833 269.585620 178 34 34
277465.552357 2111343.575923 296.198068 128 128 128
277480.147571 2111258.313959 313.009747 128 128 128
277497.134753 2111274.059949 283.104912 128 128 128
277362.906173 2111350.174675 300.507697 128 128 128
277471.047759 2111267.776408 191.551657 178 34 34
277373.592911 2111292.162729 265.363069 128 128 128
277412.887183 2111330.200625 222.404007 178 34 34
277384.796155 2111276.360560 210.149724 128 128 128
277486.917969 2111282.126698 316.330392 128 128 128
277433.531027 2111311.822008 224.351795 178 34 34
277437.361942 2111282.459101 241.196384 128 128 128
277480.484391 2111314.842893 214.755524 128 128 128
277443.643677 2111277.681604 163.640716 128 128 128
277359.707853 2111312.331286 326.869795 128 128 128
277458.680713 2111310.642869 287.339299 128 128 128
277398.820512 2111330.910566 329.335977 128 128 128
277511.942816 2111341.310731 262.646990 178 34 34
277441.779386 2111253.697888 159.367345 128 128 128
277409.061928 2111329.958505 225.434496 178 34 34
277442.510109 2111323.787888 317.381425 128 128 128
277406.959239 2111284.033327 237.728645 128 128 128
277409.547210 2111317.251649 206.105497 178 34 34
277406.670074 2111306.406070 170.716757 128 128 128
277385.772498 2111289.261895 269.488856 128 128 128
277487.513470 2111281.873190 304.792514 128 128 128
277379.366762 2111265.910735 169.531631 128 128 128
277513.418817 2111307.919473 187.456938 178 34 34
277415.840088 2111276.327867 274.021488 128 128 128
277455.086766 2111281.213059 334.716481 128 128 128
277502.982575 2111316.709742 239.276178 178 34 34
277506.450929 2111290.805716 231.238761 128 128 128
277479.325363 2111287.166351 163.240984 128 128 128
277481.158795 2111294.263103 210.997580 128 128 128
277477.012769 2111298.997727 291.867638 128 128 128
277434.967342 2111266.741734 156.308732 128 128 128
277386.833124 2111283.451576 254.127541 128 128 128
277470.354458 2111337.812274 207.012945 128 128 128
277369.910524 2111263.776133 152.862806 128 128 128
277497.173025 2111246.519183 269.823219 128 128 128
277481.443483 2111276.441366 177.117118 128 128 128
277408.681878 2111326.841753 183.973531 128 128 128
277402.107251 2111316.490685 174.983231 128 128 128
277414.564355 2111337.785346 243.041923 178 34 34
277395.347657 2111300.426674 243.302215 128 128 128
277468.484031 2111292.972936 160.770621 178 34 34
277454.138191 2111310.957451 316.338289 178 34 34
277476.399673 2111245.494566 247.263956 128 128 128
277389.278307 2111289.409447 292.373279 128 128 128
277490.517850 2111340.698593 224.476532 178 34 34
277481.210605 2111345.019689 231.809280 128 128 128
277517.922422 2111330.014418 172.018917 178 34 34
277364.996364 2111365.983265 262.881860 128 128 128
277443.229988 2111278.147725 317.295198 128 128 128
277366.355230 2111272.410508 248.475748 178 34 34
277491.661511 2111273.544120 285.596138 128 128 128
277384.887192 2111279.630530 329.863897 178 34 34
277405.596587 2111332.818694 217.224724 178 34 34
277432.813962 2111311.472048 299.562752 128 128 128
277466.267750 2111321.354908 243.093247 128 128 128
277467.962419 2111342.061474 167.426372 128 128 128
277494.273106 2111280.792166 253.202291 178 34 34
277472.774618 2111344.618626 160.752952 128 128 128
277445.159809 2111314.120689 314.698459 128 128 128
277483.230054 2111307.451893 219.053518 178 34 34
277425.061793 2111342.391572 339.333991 128 128 128
277413.321430 2111313.734957 229.265793 128 128 128
277388.439343 2111294.825861 330.794468 178 34 34
277375.564127 2111296.344345 291.084051 128 128 128
277416.866913 2111344.420852 319.830023 128 128 128
277408.026997 2111291.557717 255.218826 128 128 128
277452.766678 2111334.831752 274.734808 178 34 34
277382.303504 2111336.097495 296.339196 178 34 34
277441.213367 2111279.118438 253.252496 128 128 128
277493.853660 2111256.103151 245.721725 128 128 128
277337.394932 2111280.098186 305.508368 128 128 128
277492.912825 2111280.615299 232.678703 128 128 128
277409.046917 2111318.089382 287.761306 128 128 128
277373.805769 2111327.929239 229.699006 128 128 128
277468.621531 2111283.197541 343.784791 128 128 128
277472.316952 2111342.284992 285.737293 128 128 128
277432.022289 2111304.066281 223.127568 178 34 34
277367.916400 2111280.860511 253.956643 128 128 128
277407.861749 2111358.633222 272.903401 178 34 34
277439.953806 2111323.584468 155.471446 128 128 128
277440.004064 2111291.407890 249.254854 128 128 128
277400.723339 2111259.573755 150.383655 128 128 128
277433.491753 2111258.992988 224.683319 178 34 34
277389.683900 2111286.153567 241.655050 178 34 34
277447.052043 2111284.683775 339.624883 128 128 128
277347.804139 2111329.391788 294.428939 128 128 128
277415.112757 2111312.196311 281.249953 128 128 128
277377.888838 2111327.218492 242.463699 128 128 128
277347.390715 2111278.671865 269.164376 128 128 128
277441.149995 2111349.818493 297.308277 128 128 128
277357.255323 2111314.302509 239.170728 128 128 128
277357.757534 2111348.087149 274.629127 128 128 128
277372.952509 2111334.760624 219.516816 128 128 128
277362.752775 2111278.919839 264.437819 128 128 128
277431.426856 2111345.413802 161.337982 128 128 128
277457.428219 2111305.692323 285.452252 128 128 128
277448.689078 2111300.189148 280.319882 178 34 34
277456.825968 2111331.254061 254.842935 128 128 128
277484.704410 2111251.127454 219.207695 128 128 128
277467.433214 2111343.207556 184.873156 178 34 34
277394.356026 2111359.981902 157.671609 178 34 34
277388.714386 2111351.124858 306.940587 128 128 128
277344.442087 2111280.396911 303.819479 128 128 128
277478.541493 2111294.625292 239.593574 178 34 34
277424.682981 2111260.764321 166.106435 128 128 128
277374.532686 2111343.259596 208.312074 128 128 128
277490.350049 2111258.129867 260.646036 178 34 34
277395.311596 2111342.716145 171.678308 128 128 128
277356.432541 2111321.999433 296.974471 178 34 34
277434.995900 2111303.745968 168.227608 128 128 128
277476.970336 2111281.389822 226.502744 128 128 128
277439.814583 2111345.918227 183.715045 128 128 128
277456.235803 2111247.387962 160.757897 128 128 128
277371.312778 2111281.467874 289.104616 128 128 128
277424.480715 2111260.773668 300.613493 178 34 34
277455.801187 2111315.454509 218.102419 128 128 128
277496.529657 2111260.419174 251.115550 128 128 128
277460.964982 2111264.688413 200.771646 178 34 34
277509.340072 2111259.948950 223.971947 128 128 128
277373.685599 2111337.258717 279.960212 178 34 34
277512.187330 2111274.249490 241.176296 128 128 128
277458.429829 2111318.257046 163.499137 178 34 34
277513.551047 2111305.035836 191.922823 128 128 128
277449.971761 2111333.926183 318.143849 128 128 128
277410.502808 2111349.128453 137.991172 178 34 34
277393.806607 2111316.344422 188.324808 178 34 34
277430.304495 2111276.420403 296.408329 128 128 128
277406.309171 2111346.200313 323.028182 128 128 128
277486.573559 2111268.315608 278.752418 178 34 34
277451.978933 2111323.390708 169.575531 128 128 128
277487.099725 2111335.810339 228.118627 128 128 128
277478.804428 2111273.890106 196.102177 128 128 128
277480.925947 2111312.735282 188.166711 128 128 128
277445.792020 2111329.664790 275.504827 128 128 128
277364.420140 2111363.171419 258.625316 128 128 128
277467.504499 2111265.311802 279.102208 128 128 128
277347.198137 2111333.829401 316.951875 128 128 128
277497.133100 2111310.686485 320.802865 128 128 128
277422.159734 2111285.718193 168.348097 128 128 128
277391.311721 2111272.152811 152.855089 128 128 128
277394.112158 2111350.391053 176.973182 128 128 128
277405.206918 2111337.931874 212.782234 178 34 34
277386.626290 2111321.420064 188.758340 128 128 128
277421.041339 2111306.531188 144.442159 178 34 34
277466.515706 2111304.703542 239.962772 128 128 128
277425.339191 2111359.184139 326.458765 128 128 128
277414.999319 2111269.290272 197.203988 178 34 34
277390.122139 2111343.448527 271.412608 128 128 128
277502.529982 2111326.523712 168.645899 128 128 128
277409.535710 2111330.716649 210.721450 128 128 128
277451.900776 2111291.242583 213.267225 178 34 34
277479.510102 2111320.727311 167.715144 178 34 34
277452.191502 2111301.330733 230.236089 128 128 128
277482.098432 2111316.782427 304.147559 128 128 128
277461.050574 2111264.776212 253.142673 128 128 128
277484.488997 2111326.591683 220.590680 128 128 128
277357.373112 2111321.687284 268.867458 128 128 128
277499.078940 2111330.748156 224.048700 128 128 128
277403.093992 2111271.773005 310.416015 128 128 128
277442.503821 2111328.073143 295.736019 178 34 34
277429.186736 2111324.082894 277.021670 128 128 128
277491.692993 2111346.732777 267.162768 178 34 34
277470.286674 2111252.381405 322.732483 128 128 128
277372.295910 2111284.635607 310.253178 178 34 34
277408.889546 2111327.206599 310.964513 178 34 34
277377.529799 2111309.301450 198.319417 128 128 128
277381.595002 2111352.046918 225.922869 128 128 128
277463.666884 2111261.842163 309.122149 128 128 128
277470.652168 2111324.358383 319.880991 128 128 128
277378.926920 2111312.726225 173.961311 128 128 128
277434.499832 2111325.457595 210.154010 178 34 34
277349.360629 2111283.580859 293.772386 178 34 34
277485.019429 2111340.674981 184.469886 128 128 128
277493.939150 2111283.621190 303.269836 128 128 128
277479.536395 2111254.767772 206.252662 128 128 128
277514.803377 2111330.871361 200.104167 178 34 34
277381.914935 2111260.219022 199.861029 128 128 128
277373.312144 2111327.404743 316.576920 128 128 128
277471.694934 2111338.884731 290.530082 128 128 128
277377.910328 2111274.747245 207.012640 128 128 128
277461.685762 2111257.510062 336.269199 128 128 128
277473.417012 2111290.052640 328.585934 128 128 128
277399.270320 2111285.327047 340.202387 178 34 34
277466.774252 2111357.206457 337.620818 178 34 34
277491.823780 2111265.303089 241.965570 128 128 128
277451.307306 2111356.642306 304.241935 128 128 128
277399.609797 2111309.148913 194.188082 128 128 128
277490.469236 2111298.239056 282.240686 128 128 128
277381.964875 2111305.200751 264.590717 128 128 128
277352.299322 2111272.579356 244.887996 178 34 34
277376.882325 2111285.986909 277.203079 128 128 128
277468.670148 2111335.488312 332.336066 178 34 34
277414.058632 2111345.297517 151.999767 128 128 128
277515.191261 2111303.643541 222.495403 178 34 34
277504.946619 2111288.603710 213.012770 128 128 128
277408.336124 2111339.028459 325.342804 178 34 34
277360.245783 2111284.622154 283.329010 178 34 34
277385.470866 2111265.268135 207.719949 178 34 34
277360.432913 2111340.316983 300.888593 128 128 128
277490.597880 2111274.260963 169.859164 178 34 34
277484.945449 2111264.162827 314.605111 128 128 128
277419.622626 2111337.062339 286.546370 178 34 34
277492.302776 2111326.659729 343.315425 128 128 128
277466.922065 2111294.351265 212.930254 178 34 34
277354.965965 2111275.497706 331.526776 128 128 128
277420.763310 2111350.824151 215.620603 178 34 34
277445.819432 2111296.766456 330.583536 128 128 128
277357.449944 2111285.005747 271.028308 128 128 128
277476.284792 2111337.636810 214.169035 178 34 34
277460.779685 2111292.466394 154.687926 128 128 128
277498.366922 2111275.481481 296.480400 128 128 128
277391.015423 2111349.782793 307.459928 178 34 34
277366.034310 2111265.860729 168.390147 178 34 34
277422.795748 2111272.731085 317.784530 128 128 128
277525.588210 2111265.640991 172.093095 128 128 128
277500.485248 2111258.342589 167.444402 128 128 128
277483.323047 2111345.570512 214.323146 178 34 34
277481.485026 2111270.589299 212.628142 128 128 128
277401.470531 2111350.045930 325.132796 178 34 34
277487.188234 2111260.017212 272.361473 128 128 128
277518.810241 2111331.612364 265.627514 178 34 34
277419.505185 2111316.865328 244.925766 178 34 34
277384.855427 2111311.474329 209.762820 178 34 34
277367.630036 2111278.331403 329.290970 178 34 34
277418.506536 2111304.761988 244.366776 128 128 128
277464.067150 2111264.690804 308.214061 128 128 128
277515.659289 2111283.542456 216.700600 128 128 128
277340.786447 2111299.807650 304.742553 128 128 128
277394.322187 2111343.806549 147.778129 128 128 128
277365.602677 2111277.445527 310.960732 128 128 128
277505.524548 2111300.778793 283.667683 128 128 128
277407.533192 2111297.369000 281.417920 128 128 128
277413.556767 2111288.896063 236.774623 178 34 34
277471.759837 2111303.484267 185.025488 128 128 128
277375.175017 2111284.382252 309.059025 128 128 128
277454.877780 2111314.436173 243.299642 128 128 128
277363.127238 2111276.341921 281.489339 178 34 34
277411.644076 2111285.485536 321.411170 128 128 128
277495.777072 2111259.872440 192.172471 178 34 34
277377.854934 2111362.989489 239.184801 128 128 128
277381.111466 2111331.235370 327.928752 128 128 128
277488.861788 2111291.131862 180.937615 128 128 128
277452.789781 2111306.127715 312.169981 128 128 128
277392.865060 2111362.357044 318.731251 178 34 34
277487.474304 2111289.542547 271.716300 178 34 34
277388.811157 2111323.836385 322.626442 128 128 128
277420.552993 2111271.483733 284.247004 128 128 128
277369.894635 2111328.928162 276.526310 128 128 128
277373.796480 2111268.347262 263.767894 128 128 128
277389.833570 2111278.820410 236.917296 128 128 128
277389.164852 2111295.062512 314.217423 178 34 34
277489.619733 2111307.299982 292.751945 128 128 128
277514.515975 2111304.866519 237.867736 128 128 128
277470.065884 2111342.265225 313.477038 178 34 34
277397.801037 2111257.133583 159.606413 128 128 128
277428.254787 2111310.919585 173.475158 128 128 128
277455.250619 2111260.242615 306.412359 128 128 128
277447.198071 2111307.569546 329.513892 178 34 34
277457.306312 2111314.981014 301.086909 128 128 128
277468.865270 2111258.982876 356.812168 128 128 128
277425.735582 2111265.965461 251.351465 128 128 128
277474.119203 2111272.078530 267.011567 128 128 128
277439.051797 2111316.878026 341.427057 178 34 34
277486.491338 2111336.084042 196.647597 128 128 128
277475.675496 2111303.656584 316.837544 128 128 128
277496.897678 2111281.042050 289.526380 178 34 34
277469.218963 2111339.439965 154.431200 178 34 34
277436.650259 2111324.217724 290.169099 178 34 34
277475.046406 2111312.478510 231.197816 128 128 128
277370.994150 2111280.663314 322.963387 128 128 128
277480.904766 2111239.335084 177.452277 128 128 128
277374.331334 2111332.278911 234.494859 128 128 128
277431.923372 2111319.750515 254.665351 128 128 128
277370.926178 2111332.245831 259.421737 128 128 128
277439.808119 2111327.941686 184.533649 128 128 128
277477.948629 2111267.418346 196.230272 178 34 34
277487.983106 2111252.997151 267.201817 128 128 128
277364.058190 2111349.426118 318.342734 128 128 128
277529.041578 2111284.687788 173.079122 128 128 128
277475.168276 2111254.102499 328.834791 128 128 128
277474.578331 2111319.075964 276.201075 178 34 34
277380.479018 2111304.104346 198.337759 128 128 128
277462.217530 2111288.856954 270.002210 128 128 128
277394.641091 2111284.454507 286.883807 178 34 34
277340.212239 2111292.303813 315.694772 128 128 128
277432.990066 2111311.394931 147.232097 128 128 128
277351.382623 2111277.715282 285.129917 178 34 34
277479.463795 2111299.802099 254.321697 128 128 128
277412.733412 2111332.902902 177.633102 128 128 128
277388.713420 2111307.549391 269.184668 128 128 128
277515.661936 2111301.080275 193.429674 128 128 128
277427.851857 2111300.002928 274.229642 178 34 34
277406.395636 2111327.478134 277.179128 128 128 128
277460.869843 2111284.598650 254.409138 178 34 34
277380.446158 2111326.132445 193.571285 128 128 128
277499.670999 2111251.012736 172.903239 178 34 34
277413.760242 2111363.087604 331.743468 178 34 34
277349.302870 2111274.872390 272.055067 128 128 128
277459.471595 2111304.490254 253.508132 128 128 128
277439.420722 2111296.495291 287.622866 128 128 128
277426.876912 2111276.717029 176.064852 128 128 128
277406.888099 2111294.382123 159.312859 128 128 128
277373.320516 2111347.500087 213.002530 128 128 128
277373.764870 2111321.596759 285.495246 128 128 128
277393.137591 2111311.931085 224.451548 128 128 128
277405.191429 2111333.292639 198.426290 178 34 34
277504.774182 2111333.223544 256.232962 178 34 34
277481.080088 2111274.460152 166.286398 178 34 34
277418.838358 2111329.035647 265.932365 178 34 34
277485.387126 2111266.955928 245.468997 128 128 128
277467.015807 2111286.478026 317.869112 128 128 128
277393.576547 2111303.602923 335.253760 128 128 128
277427.744028 2111347.956920 250.081573 128 128 128
277361.440639 2111335.658181 307.031202 128 128 128
277497.384362 2111243.942818 276.182151 128 128 128
277414.416028 2111268.436010 261.148121 178 34 34
277519.875996 2111279.209641 195.137123 128 128 128
277401.752086 2111264.591871 288.752636 128 128 128
277370.504805 2111315.670993 273.946366 128 128 128
277491.929663 2111299.615876 179.108258 128 128 128
277486.855567 2111327.938339 227.476159 128 128 128
277385.711318 2111282.048252 209.792345 128 128 128
277512.814794 2111263.891720 237.013758 128 128 128
277465.286686 2111306.382542 314.427250 178 34 34
277463.743579 2111329.836917 221.002722 178 34 34
277413.475998 2111301.629983 290.098037 128 128 128
277482.612316 2111293.068466 304.368568 178 34 34
277386.272205 2111273.342202 254.564866 128 128 128
277431.630853 2111260.136147 175.452163 128 128 128
277517.961778 2111318.967372 239.870472 128 128 128
277355.292349 2111275.907401 327.702481 128 128 128
277368.705350 2111339.097391 239.535875 128 128 128
277412.949534 2111262.069681 162.981254 128 128 128
277408.828773 2111343.792346 317.589292 128 128 128
277433.683269 2111303.832478 284.151374 128 128 128
277430.491603 2111328.787653 292.817728 178 34 34
277418.582985 2111293.437235 163.071503 128 128 128
277404.449455 2111283.737916 296.550705 128 128 128
277484.251886 2111249.417888 165.888547 128 128 128
277407.538133 2111289.609234 286.755810 128 128 128
277363.656285 2111316.705775 256.869019 128 128 128
277452.296900 2111318.794094 198.386317 178 34 34
277444.974086 2111349.379719 176.076645 128 128 128
277425.846514 2111313.558128 248.105541 128 128 128
277447.486542 2111251.071378 261.403522 128 128 128
277500.465759 2111295.371490 213.254991 128 128 128
277376.685321 2111278.178312 169.129295 128 128 128
277382.952960 2111306.670888 332.989431 178 34 34
277434.774395 2111283.833043 214.974522 128 128 128
277446.912404 2111260.845651 344.232137 178 34 34
277491.646270 2111333.218074 332.018728 178 34 34
277477.811980 2111293.753931 160.447064 128 128 128
277489.209539 2111289.394489 292.759746 128 128 128
277425.839872 2111278.927064 155.113134 128 128 128
277517.820998 2111330.612177 225.312053 128 128 128
277397.589413 2111294.331831 211.413571 178 34 34
277404.497836 2111337.216105 284.693435 128 128 128
277461.013340 2111278.353622 182.597034 178 34 34
277486.009506 2111321.090069 354.556184 128 128 128
277403.950868 2111346.077233 262.511496 128 128 128
277486.295092 2111302.914786 211.338399 128 128 128
277486.542895 2111316.252735 258.781543 178 34 34
277469.788924 2111269.876854 341.151997 128 128 128
277466.634358 2111257.436458 271.125926 178 34 34
277424.118145 2111317.275665 209.560826 128 128 128
277481.816186 2111294.749782 340.003940 128 128 128
277408.386466 2111338.455977 249.555166 128 128 128
277418.934489 2111265.621341 215.640431 178 34 34
277498.092035 2111339.941645 347.156610 128 128 128
277423.805332 2111293.009897 277.633923 178 34 34
277391.998218 2111317.244131 323.714472 128 128 128
277487.941776 2111294.218061 329.477499 128 128 128
277408.255807 2111266.838344 302.138333 128 128 128
277348.202497 2111310.349139 277.767331 128 128 128
277478.006449 2111346.326349 258.975858 128 128 128
277473.529203 2111335.984876 274.633347 128 128 128
277469.608700 2111269.073430 251.803905 128 128 128
277393.083192 2111328.220248 156.702776 128 128 128
277460.455449 2111321.156878 331.208142 128 128 128
277441.664333 2111315.488945 183.753302 128 128 128
277487.204264 2111287.153285 326.671760 128 128 128
277521.885602 2111330.967205 207.844267 128 128 128
277489.549175 2111302.254353 235.758762 128 128 128
277415.089670 2111327.829411 336.871713 128 128 128
277435.433498 2111320.179555 327.621379 128 128 128
277365.597301 2111359.069853 239.562782 178 34 34
277470.319424 2111271.860070 330.570128 178 34 34
277391.792371 2111269.209823 250.171629 128 128 128
277487.504517 2111343.319909 328.340419 128 128 128
277351.491038 2111277.638361 293.660892 128 128 128
277470.095067 2111276.643442 350.464923 128 128 128
277375.347282 2111268.246167 189.777349 128 128 128
277493.316200 2111340.958303 340.965907 178 34 34
277485.933843 2111300.740332 164.927223 178 34 34
277469.580980 2111261.890533 262.070042 128 128 128
277477.153078 2111268.555584 287.005323 128 128 128
277502.354484 2111329.586846 176.531497 178 34 34
277399.773784 2111276.304901 217.956832 128 128 128
277519.956642 2111285.019728 170.777488 128 128 128
277426.898877 2111271.634411 197.194618 128 128 128
277465.204329 2111242.787950 163.795228 178 34 34
277451.845690 2111330.898663 312.964102 128 128 128
277514.504608 2111307.600774 261.474237 128 128 128
277363.259783 2111354.212378 304.748535 178 34 34
277463.952511 2111304.787901 159.233456 128 128 128
277494.645486 2111272.539640 269.666866 178 34 34
277458.025579 2111347.468524 310.071236 128 128 128
277439.067767 2111352.041367 193.548172 128 128 128
277422.305079 2111351.995976 226.956712 128 128 128
277388.803979 2111268.625933 274.219006 128 128 128
277358.879285 2111269.832013 243.365337 178 34 34
277499.423104 2111310.212210 304.153129 178 34 34
277509.316901 2111340.169674 218.599454 178 34 34
277452.442818 2111314.022808 345.089905 128 128 128
277402.402779 2111286.197974 155.971397 178 34 34
277414.950892 2111283.717685 218.498342 128 128 128
277426.607567 2111332.102140 272.170236 128 128 128
277365.415087 2111369.018663 290.422118 128 128 128
277530.994925 2111308.656955 184.037482 128 128 128
277441.088474 2111328.984467 300.308545 128 128 128
277365.859080 2111276.001041 251.259978 178 34 34
277434.143141 2111304.732928 259.337477 128 128 128
277463.508354 2111298.601116 288.009785 128 128 128
277376.685615 2111345.018933 202.907269 128 128 128
277380.664913 2111347.408011 326.113792 128 128 128
277384.747282 2111295.234374 160.248114 128 128 128
277502.343244 2111308.780575 266.946345 128 128 128
277390.868655 2111266.104955 255.496483 128 128 128
277383.081171 2111326.322455 272.187149 178 34 34
277468.777509 2111283.193829 334.120887 128 128 128
277426.256584 2111328.822140 258.035517 128 128 128
277377.920369 2111288.417522 195.620411 178 34 34
277430.305720 2111320.268715 153.090533 128 128 128
277415.855827 2111303.936060 293.045697 128 128 128
277460.947154 2111354.470009 346.615010 178 34 34
277478.614228 2111310.089390 321.286429 178 34 34
277375.332478 2111322.100083 242.538897 178 34 34
277414.859154 2111268.446594 232.650520 128 128 128
277394.191072 2111330.355955 212.279130 128 128 128
277522.562221 2111299.166041 189.603245 128 128 128
277458.517369 2111280.389747 173.543181 128 128 128
277438.984653 2111286.450442 192.420674 178 34 34
277417.804808 2111309.754499 149.560579 178 34 34
277436.155374 2111318.058177 222.303201 178 34 34
277420.011896 2111304.235236 297.407297 128 128 128
277415.467122 2111352.067056 285.254402 128 128 128
277442.660788 2111290.340854 290.320390 128 128 128
277466.651184 2111300.471526 202.203821 178 34 34
277356.341916 2111332.846998 288.444245 128 128 128
277531.322327 2111303.208288 188.058482 178 34 34
277386.802030 2111324.396756 144.444415 128 128 128
277461.988532 2111332.482633 170.823781 128 128 128
277352.352841 2111310.458407 320.924138 178 34 34
277395.755970 2111268.814712 320.130445 128 128 128
277506.610129 2111235.294056 189.772511 128 128 128
277412.553643 2111354.094917 167.609185 178 34 34
277469.539158 2111313.973183 274.809223 178 34 34
277358.417540 2111329.005505 286.991785 178 34 34
277400.721928 2111317.772620 336.687372 128 128 128
277454.576663 2111265.617408 206.945069 178 34 34
277428.047049 2111355.143916 247.622174 128 128 128
277445.361843 2111352.482063 313.214947 128 128 128
277458.310796 2111317.190919 205.978921 128 128 128
277515.122942 2111253.009744 187.553107 128 128 128
277506.490029 2111268.801213 196.231454 128 128 128
277482.250307 2111329.012639 223.905791 128 128 128
277377.176862 2111270.090936 337.110068 178 34 34
277445.744240 2111258.778984 285.123089 128 128 128
277375.564158 2111342.729824 309.599060 128 128 128
277506.755992 2111301.083664 271.828694 128 128 128
277488.298128 2111277.927081 234.754488 178 34 34
277381.554941 2111342.327473 319.767976 128 128 128
277422.724380 2111302.599639 289.890169 128 128 128
277487.594471 2111265.150552 216.865276 128 128 128
277371.666774 2111316.421189 300.096067 128 128 128
277510.531685 2111295.446223 164.676147 128 128 128
277357.204882 2111356.290712 286.628489 178 34 34
277521.061036 2111324.304104 210.570806 128 128 128
277514.520876 2111301.671341 232.487416 128 128 128
277386.523996 2111317.734411 148.170392 178 34 34
277481.609458 2111291.363432 247.355466 128 128 128
277389.746854 2111302.384784 329.118404 178 34 34
277490.045210 2111316.991523 254.046409 128 128 128
277491.290225 2111320.109982 259.497788 178 34 34
277420.398504 2111329.283517 263.728962 178 34 34
277459.473192 2111321.176094 333.881272 128 128 128
277455.938134 2111333.569709 170.794638 128 128 128
277356.260373 2111290.347020 319.323388 128 128 128
277475.577218 2111306.125306 313.435350 128 128 128
277419.851549 2111326.338780 327.511005 128 128 128
277464.173222 2111295.239158 298.285970 178 34 34
277467.730403 2111336.581725 177.926444 178 34 34
277484.140855 2111317.117655 203.411757 128 128 128
277452.767308 2111340.281184 196.757216 128 128 128
277350.193454 2111306.686564 325.862087 128 128 128
277483.885353 2111280.865308 175.545909 178 34 34
277379.017418 2111274.586286 281.882589 128 128 128
277423.334123 2111306.004594 293.756708 128 128 128
277376.234385 2111284.695564 210.494347 178 34 34
277455.400156 2111339.186767 163.223575 128 128 128
277510.216597 2111331.588235 194.322689 178 34 34
277381.769648 2111342.256078 321.481265 128 128 128
277446.566066 2111281.036440 167.029507 128 128 128
277401.269622 2111257.075246 150.214091 178 34 34
277501.482737 2111328.408295 173.571765 128 128 128
277386.807040 2111282.859596 217.453205 178 34 34
277473.283540 2111276.664448 270.524067 128 128 128
277385.037676 2111306.893182 254.869186 178 34 34
277414.690951 2111291.028804 217.507772 178 34 34
277493.245598 2111248.919406 251.964974 178 34 34
277441.217123 2111327.079956 198.474499 178 34 34
277376.071765 2111269.641624 302.145673 128 128 128
277401.659663 2111312.003244 290.417850 178 34 34
277341.210939 2111290.403946 298.350936 178 34 34
277418.159536 2111340.861457 152.632409 128 128 128
277366.459513 2111303.470461 310.915291 128 128 128
277399.021354 2111329.355070 327.792535 128 128 128
277509.772047 2111285.666149 199.143215 178 34 34
277392.358633 2111336.496947 235.661174 128 128 128
277521.626918 2111333.966116 257.469390 178 34 34
277420.893220 2111351.290451 263.903224 128 128 128
277426.706458 2111299.269797 176.393688 178 34 34
277417.784880 2111358.536552 231.154995 128 128 128
277434.517758 2111326.807141 148.167215 128 128 128
277507.243444 2111334.578869 205.464100 128 128 128
277464.058233 2111330.798444 237.344357 128 128 128
277389.669665 2111337.594406 189.830506 128 128 128
277433.554848 2111353.694874 240.238500 128 128 128
277432.301417 2111300.677935 304.989860 128 128 128
277424.728123 2111339.248588 230.672576 178 34 34
277505.485508 2111265.120413 208.481429 128 128 128
277492.481699 2111244.503776 190.254013 128 128 128
277418.794934 2111355.821152 209.891449 128 128 128
277455.210692 2111313.132428 171.066502 128 128 128
277369.957531 2111307.170856 313.641685 128 128 128
277408.456651 2111275.958415 156.078880 128 128 128
277441.543486 2111341.159637 317.573819 128 128 128
277482.324290 2111311.545047 328.398152 128 128 128
277418.888216 2111342.750342 329.582032 178 34 34
277497.734846 2111245.914752 234.552267 128 128 128
277422.573619 2111258.131475 199.546001 128 128 128
277410.901066 2111299.206720 280.953301 178 34 34
277477.328925 2111293.327426 169.531475 128 128 128
277416.696725 2111355.833117 318.219274 128 128 128
277377.097960 2111359.643574 326.285156 128 128 128
277437.148082 2111331.601401 263.366585 128 128 128
277464.505105 2111286.914294 286.074047 178 34 34
277453.611024 2111345.128518 334.745354 128 128 128
277393.258029 2111335.530102 178.564244 128 128 128
277373.036308 2111326.563230 304.391534 178 34 34
277433.452798 2111344.044077 235.860851 178 34 34
277446.196385 2111302.366468 338.655182 128 128 128
277368.680819 2111276.086249 190.008449 178 34 34
277504.875356 2111301.980482 249.577383 178 34 34
277404.134607 2111362.752762 301.770275 128 128 128
277455.051318 2111272.225838 197.093910 128 128 128
277505.355816 2111256.691887 268.021143 128 128 128
277458.744497 2111297.245994 276.208484 178 34 34
277443.320715 2111274.604485 159.577613 128 128 128
277442.317515 2111338.248325 206.734515 128 128 128
277432.398290 2111257.465771 274.028401 128 128 128
277388.698176 2111336.653682 197.003613 178 34 34
277483.635924 2111343.786695 214.136125 128 128 128
277486.218525 2111252.847547 289.542359 178 34 34
277357.294069 2111337.732139 265.383570 178 34 34
277386.143348 2111301.864889 260.467156 128 128 128
277492.097670 2111313.914186 311.880832 128 128 128
277420.372465 2111336.418649 261.177505 128 128 128
277412.532262 2111319.870938 226.367304 128 128 128
277502.334870 2111274.833789 177.009146 178 34 34
277433.681868 2111284.743025 205.349443 178 34 34
277485.220238 2111279.457232 273.533025 178 34 34
277381.218658 2111286.377458 198.700649 128 128 128
277469.955391 2111276.760446 288.796552 128 128 128
277367.037169 2111342.738080 283.225866 128 128 128
277391.472177 2111302.056762 194.556415 128 128 128
277451.541143 2111344.504070 340.933865 128 128 128
277516.184165 2111291.886445 205.070382 178 34 34
277526.837079 2111296.796776 206.421892 178 34 34
277494.556479 2111328.909785 164.817776 128 128 128
277449.167295 2111282.321866 249.882719 178 34 34
277369.455700 2111276.022067 272.248248 178 34 34
277424.850519 2111350.188203 189.901117 128 128 128
277413.700818 2111297.877460 266.822658 128 128 128
277478.083606 2111336.389737 178.764397 178 34 34
277479.642948 2111295.911062 243.699213 178 34 34
277491.454442 2111280.683939 260.748689 178 34 34
277508.945327 2111288.997761 216.689028 178 34 34
277517.159551 2111304.103853 203.776688 128 128 128
277504.473005 2111262.313341 221.238369 128 128 128
277411.036605 2111338.355159 250.636332 128 128 128
277512.684994 2111327.063661 253.561703 128 128 128
277448.293234 2111354.941327 318.535639 128 128 128
277443.006097 2111266.268915 253.566273 178 34 34
277434.002446 2111306.023610 249.514174 128 128 128
277409.712343 2111350.761207 146.048355 128 128 128
277519.235500 2111315.462925 201.089534 178 34 34
277414.765741 2111330.179872 261.377147 128 128 128
277460.822231 2111271.684889 189.217637 128 128 128
277379.126608 2111289.001422 160.861070 128 128 128
277399.506779 2111318.318702 149.733043 128 128 128
277500.195824 2111240.546009 211.062749 178 34 34
277459.877308 2111338.953900 290.350110 128 128 128
277470.713293 2111321.575001 247.954720 128 128 128
277488.757137 2111258.938279 327.532675 178 34 34
277400.805058 2111323.145997 139.347541 178 34 34
277485.040992 2111298.332469 193.140161 178 34 34
277463.372077 2111249.355604 168.000685 178 34 34
277417.719599 2111360.448863 245.401045 128 128 128
277367.036307 2111342.303217 256.829767 128 128 128
277471.908551 2111312.163197 192.793439 128 128 128
277415.093647 2111294.809103 182.783094 178 34 34
277377.944925 2111283.162146 143.658561 128 128 128
277499.132673 2111335.641342 165.164986 178 34 34
277470.736370 2111275.139840 262.739390 128 128 128
277391.478103 2111346.002632 265.627000 128 128 128
277472.083524 2111256.199941 165.803292 178 34 34
277419.360311 2111293.134902 152.246396 128 128 128
277387.542799 2111302.709512 227.020301 128 128 128
277462.755127 2111332.558383 163.202876 128 128 128
277515.546976 2111291.089766 214.784552 178 34 34
277428.221480 2111361.373693 310.588726 128 128 128
277424.139710 2111328.441443 234.269670 128 128 128
277402.652222 2111356.085115 247.959378 178 34 34
277516.759946 2111323.670538 230.443090 128 128 128
277378.911465 2111338.190112 304.274266 128 128 128
277454.722656 2111311.973270 349.008751 128 128 128
277433.893633 2111304.026988 184.016996 128 128 128
277437.633165 2111315.391305 253.038917 128 128 128
277360.367880 2111338.325359 278.908506 128 128 128
277506.694619 2111311.327163 258.787032 178 34 34
277381.884455 2111343.086204 330.841764 128 128 128
277417.376675 2111320.852069 333.217977 128 128 128
277401.994445 2111316.898467 145.260280 128 128 128
277376.404108 2111280.901956 196.691158 128 128 128
277359.532975 2111359.692782 279.301430 128 128 128
277375.281115 2111279.097717 299.826789 128 128 128
277434.163987 2111319.620248 251.038728 128 128 128
277418.724876 2111344.390916 281.698570 178 34 34
277402.636111 2111283.139387 200.478572 128 128 128
277417.532000 2111276.729279 166.606119 128 128 128
277422.493543 2111282.452002 268.727283 178 34 34
277435.874502 2111326.351759 145.636040 128 128 128
277499.645837 2111296.532012 288.472230 178 34 34
277346.575891 2111281.529187 325.694538 128 128 128
277444.294958 2111272.801868 227.971355 178 34 34
277488.859262 2111303.111542 297.759525 178 34 34
277479.522362 2111349.132464 336.216542 178 34 34
277395.715930 2111338.689343 275.071213 128 128 128
277404.900894 2111283.387323 296.630031 178 34 34
277383.443415 2111338.623634 325.185856 128 128 128
