ply
format ascii 1.0
element vertex 15000
property float x
property float y
property float z
property uchar red
property uchar green
property uchar blue
end_header
0.043736 -20.033292 0.337243 34 139 34
8.398741 10.677010 0.338071 34 139 34
-3.186195 22.064463 0.887944 139 69 19
-8.116559 19.626499 0.539147 34 139 34
6.660973 22.788857 0.204853 139 69 19
-2.097252 -18.031546 0.409390 34 139 34
-20.032167 -24.649694 -0.148809 139 69 19
-14.218912 -18.116570 -0.138500 34 139 34
-4.298942 9.809454 -0.013897 34 139 34
-18.619906 23.830727 0.367982 139 69 19
18.680880 6.294480 0.735471 34 139 34
-1.215725 7.662096 -0.187376 139 69 19
19.096760 23.932543 -0.358659 139 69 19
-22.218496 0.729622 0.683369 34 139 34
6.163613 23.244506 -0.483661 34 139 34
0.527975 -23.599133 -0.522593 34 139 34
18.442090 22.983342 -0.851019 139 69 19
-11.293100 11.195574 -0.121139 139 69 19
-9.270910 17.004703 -0.678819 34 139 34
-4.863496 12.513024 0.328022 34 139 34
-7.174994 -20.580342 0.018081 139 69 19
0.430292 6.851252 -0.942044 34 139 34
-16.744684 8.025883 0.251356 139 69 19
12.294232 0.158644 0.061542 34 139 34
-15.483464 -3.886072 -0.584490 139 69 19
5.562769 -20.701009 -0.034880 139 69 19
-9.073548 -23.034950 -0.341631 34 139 34
18.099700 8.861810 0.106470 139 69 19
23.900656 8.124038 0.043482 139 69 19
3.062859 11.758873 -0.171310 139 69 19
-18.871872 22.554452 -0.489436 34 139 34
15.622383 10.939346 0.537230 139 69 19
-13.574902 0.549955 0.442044 34 139 34
-18.296400 11.638719 -0.101567 34 139 34
20.376923 -23.232021 0.394054 34 139 34
-2.055593 -15.549890 0.184327 34 139 34
20.325339 -14.841092 0.777674 139 69 19
12.528679 -7.280961 1.517825 34 139 34
-17.686058 -0.582116 -0.170586 139 69 19
-13.748937 16.687762 -0.107911 139 69 19
-6.320219 8.405993 0.516725 139 69 19
4.985818 -20.415374 -0.223850 139 69 19
16.308789 -8.566430 0.650202 139 69 19
23.127820 17.322136 -0.082966 34 139 34
18.621565 -8.138204 0.681627 34 139 34
3.874216 -19.071136 -0.136708 34 139 34
-22.940399 -1.311379 -0.085252 139 69 19
-19.594322 12.167818 0.480526 139 69 19
-16.840821 -22.137097 0.522926 139 69 19
-11.736955 21.433475 0.220289 34 139 34
-19.005070 -7.723579 0.738847 139 69 19
19.685676 13.927013 0.553315 139 69 19
11.031417 6.937212 0.430275 139 69 19
-9.976683 5.015953 0.409972 139 69 19
-22.144398 12.091824 -0.094562 34 139 34
5.447164 0.138614 0.704472 139 69 19
7.795590 -18.895811 0.201670 139 69 19
-19.142228 -20.501538 -0.295049 139 69 19
-12.700410 8.020872 0.124306 34 139 34
-2.397640 -21.871526 0.786772 139 69 19
6.623076 -8.672068 0.326725 34 139 34
-22.891476 -18.358517 -0.215722 139 69 19
5.772857 20.551256 -0.316394 139 69 19
-3.626445 16.403936 -0.703894 34 139 34
13.747022 23.475851 0.508740 139 69 19
-17.358125 -18.152017 0.342059 139 69 19
-13.574941 -15.925013 -0.106227 139 69 19
-14.418270 -16.002044 0.591960 139 69 19
9.511077 24.139094 -0.091552 139 69 19
-20.262736 4.882529 -0.586431 139 69 19
-19.087914 -12.986724 -0.539356 34 139 34
12.842407 3.633824 0.331260 34 139 34
13.367641 12.217582 0.011417 139 69 19
8.565780 9.951107 -0.604849 139 69 19
-19.655717 -16.053452 -0.320867 34 139 34
-5.337191 9.305538 -0.694159 34 139 34
-6.061424 17.673707 -0.122819 139 69 19
24.167510 14.632812 -0.143207 34 139 34
-23.450574 -4.494189 -0.475030 139 69 19
-0.421393 -21.907273 -0.344908 139 69 19
-8.929738 3.376139 -0.695147 139 69 19
9.849899 -1.990808 0.079218 34 139 34
14.164050 15.735420 -1.084820 139 69 19
-6.308781 2.351991 -0.400426 34 139 34
24.978924 11.330658 0.834277 139 69 19
20.263138 5.831398 -0.094055 34 139 34
0.541523 -21.593023 0.625405 34 139 34
22.834903 -12.642216 0.806740 139 69 19
-16.148492 -9.904614 -0.205008 34 139 34
8.512953 -16.870377 -0.511361 34 139 34
-11.043780 3.061606 -0.802461 139 69 19
-18.066711 13.573821 -0.705449 34 139 34
-2.209621 -21.700249 -0.391802 34 139 34
18.499646 -5.970595 0.120996 34 139 34
-20.331889 -11.061647 -0.116634 34 139 34
0.101312 -0.783950 0.828867 34 139 34
20.837811 -6.243330 -0.944655 34 139 34
-1.479522 -20.721411 -0.767178 139 69 19
-4.939058 -8.093430 0.136264 34 139 34
7.226330 -10.027652 1.081708 34 139 34
10.283933 12.338528 0.231488 34 139 34
-22.278325 10.350253 0.183815 34 139 34
13.542515 19.477954 0.499579 139 69 19
-6.696605 19.501994 -0.035395 139 69 19
7.308679 19.866959 -0.211811 34 139 34
-3.715911 -7.709064 0.266969 34 139 34
23.893569 16.018920 0.194039 34 139 34
16.327885 7.829963 -0.483353 34 139 34
-20.482655 23.018133 -0.296810 139 69 19
-8.663902 15.928356 -0.485320 34 139 34
22.221736 9.370359 -0.446768 139 69 19
17.189604 -2.171105 0.266902 34 139 34
15.657053 21.524636 -0.155676 139 69 19
-6.833551 4.930848 0.450852 34 139 34
-4.653564 -9.364085 -0.103883 139 69 19
17.948020 9.257986 -0.036198 139 69 19
-14.332308 -23.789408 -0.216440 34 139 34
-20.596986 22.206356 -0.060245 34 139 34
22.019632 -20.139001 0.765964 34 139 34
-12.771500 -22.967178 0.192721 139 69 19
19.285227 -15.039226 -0.253888 139 69 19
8.101941 -18.754931 -0.080112 139 69 19
-11.563935 5.902159 0.106295 34 139 34
21.160977 15.261496 -0.188630 139 69 19
7.337042 22.632652 0.150845 139 69 19
-13.325805 23.948736 0.401021 34 139 34
-22.386094 15.377616 -0.095740 139 69 19
-7.790792 13.102222 0.738565 139 69 19
11.867042 6.648759 -0.919639 139 69 19
4.118774 18.129161 -1.080309 34 139 34
3.339788 7.680547 -0.405499 34 139 34
-22.289581 20.834126 -0.207171 34 139 34
6.854606 2.515065 0.154785 34 139 34
4.686552 4.993943 -0.094360 34 139 34
-13.239941 -1.776242 0.559852 34 139 34
-16.531965 -2.445431 -0.007257 34 139 34
-24.008225 -20.435845 0.383335 34 139 34
-10.527845 22.743567 0.056645 139 69 19
-2.393039 -0.251293 -0.489080 139 69 19
2.844483 -24.958281 0.302301 34 139 34
-17.494862 14.972617 -0.345432 34 139 34
-8.230438 4.630077 0.747302 139 69 19
-22.172702 22.260755 0.214200 139 69 19
-17.809992 -12.978391 -1.132122 139 69 19
-19.229981 22.479883 0.191940 34 139 34
8.960771 -14.221092 0.285171 34 139 34
2.799088 -13.910019 -0.114063 139 69 19
6.926847 -13.516707 0.284499 34 139 34
-18.755579 -0.209547 0.264451 139 69 19
11.027819 -13.826229 0.060115 34 139 34
-21.001679 24.012868 0.333637 34 139 34
13.584816 6.798140 -0.076436 139 69 19
1.911144 -14.710032 0.799493 139 69 19
9.154348 14.909943 -0.064949 139 69 19
-24.331853 -0.573882 0.574500 139 69 19
-8.940450 -5.739100 -0.529281 34 139 34
16.809900 -6.590964 0.114305 34 139 34
-2.311242 -5.682843 0.427325 34 139 34
16.128506 6.894384 0.098405 139 69 19
-8.743777 16.213346 -0.359690 139 69 19
11.771035 4.605054 -1.098794 139 69 19
20.360832 7.979977 0.816233 34 139 34
-8.233887 -6.354168 0.598065 139 69 19
20.226065 -12.323040 0.475346 34 139 34
-15.052420 20.807253 0.136907 34 139 34
16.130459 19.196459 -0.199733 139 69 19
12.462694 -23.429033 0.245039 34 139 34
8.568326 18.970689 -0.000230 34 139 34
23.788317 12.275321 -0.319540 34 139 34
16.879294 -10.939871 0.035777 139 69 19
1.377955 -12.753612 0.525469 34 139 34
-4.526595 8.697495 0.766194 139 69 19
-2.905999 -14.786851 -0.610073 34 139 34
17.556974 0.344697 -0.033975 34 139 34
23.338641 11.299749 0.616023 139 69 19
-11.294784 -1.387946 -0.570571 139 69 19
-22.256603 -13.803009 -0.473060 139 69 19
17.879590 18.730965 0.109364 34 139 34
15.204884 -3.766567 0.150287 34 139 34
-1.297395 -2.873678 0.004485 139 69 19
-6.023438 -12.500007 0.843222 139 69 19
-18.573626 -0.513257 -0.134379 34 139 34
-4.146578 17.414383 0.128514 139 69 19
10.871159 -23.681602 -0.082860 139 69 19
21.440525 10.073874 -0.052458 139 69 19
-14.608942 -4.350307 0.390283 34 139 34
1.889291 6.066730 -0.528709 139 69 19
11.109591 -1.026202 -1.222145 34 139 34
-14.642258 -22.115121 -0.308313 139 69 19
7.269564 -12.989885 0.353352 139 69 19
-21.334088 21.509334 0.035523 34 139 34
-13.856846 -24.439565 0.251635 34 139 34
-14.146210 -18.777203 0.302579 139 69 19
14.535987 10.888422 0.540134 34 139 34
15.981634 -15.754029 -0.530601 34 139 34
-24.438977 -20.343649 -0.353907 34 139 34
-10.053287 23.267238 -0.058563 34 139 34
12.243013 -22.171199 0.511145 34 139 34
13.699470 -6.359405 1.310878 139 69 19
2.111398 -7.775151 0.574775 34 139 34
-12.743079 -0.970243 0.619826 34 139 34
-17.894596 13.831915 -0.119435 139 69 19
1.728055 6.912611 0.673748 34 139 34
23.836921 -5.765857 0.280702 139 69 19
-10.896606 -15.101290 0.963580 139 69 19
-9.533397 -13.699543 -0.228447 139 69 19
-11.508231 -11.629922 -0.631036 34 139 34
21.548571 -23.691873 -0.842632 34 139 34
-7.730163 7.023954 -0.127874 139 69 19
14.157169 -1.489549 -0.061943 139 69 19
-19.751348 -16.288177 0.435541 34 139 34
-13.742441 4.143156 0.369795 34 139 34
-22.650368 -23.284996 0.324549 34 139 34
-4.651706 -21.371790 0.231121 139 69 19
0.833543 1.798352 0.038521 139 69 19
-2.907429 2.046596 -0.623815 34 139 34
-4.099100 -14.112751 1.047152 34 139 34
-10.123030 16.067766 -0.493042 139 69 19
9.826173 6.036288 0.241890 139 69 19
21.110115 2.543844 0.105128 34 139 34
-8.864260 -10.245305 0.412090 34 139 34
-18.034212 5.685330 -0.639075 139 69 19
2.716654 22.483291 0.334010 34 139 34
4.558923 -18.752097 0.849072 34 139 34
24.546304 17.291583 0.276393 139 69 19
17.892924 20.052073 -0.104846 139 69 19
15.129125 6.499153 -0.172364 139 69 19
17.492817 -1.101590 -0.549829 139 69 19
-23.867173 16.752764 0.223380 139 69 19
15.587594 5.181898 -0.399795 34 139 34
18.903361 15.938732 0.508056 139 69 19
-16.931524 20.525895 0.603673 34 139 34
-3.245853 -24.153031 0.315330 139 69 19
-17.853923 -9.498841 0.337263 139 69 19
-16.425677 3.350112 -0.983398 34 139 34
-0.015820 9.820999 0.496429 34 139 34
17.235387 15.564552 -0.125036 139 69 19
-12.250161 23.775531 -0.889248 34 139 34
-3.913601 -22.705271 -0.117531 34 139 34
-0.587479 3.336731 0.455292 139 69 19
0.663777 0.860923 -0.005630 34 139 34
-18.437975 -2.568341 0.810640 34 139 34
-24.868068 9.028664 0.878348 34 139 34
-12.229421 -21.650094 -0.106813 139 69 19
-6.684693 24.421282 0.095731 139 69 19
18.334200 -16.900367 0.203544 34 139 34
-14.140670 -16.281799 0.216886 139 69 19
-9.145928 13.418685 -0.913482 139 69 19
-18.161225 20.786234 -0.143646 34 139 34
-3.202030 4.019541 0.903105 34 139 34
22.609752 4.696631 0.444308 34 139 34
14.509737 14.524820 -0.316276 34 139 34
-18.216551 -1.462297 0.523931 34 139 34
22.574345 -18.315087 -0.229465 139 69 19
21.573237 16.306523 -0.133700 139 69 19
7.869783 22.895662 -0.414127 34 139 34
14.045436 20.449434 -0.104674 139 69 19
-2.514706 6.475268 0.023378 139 69 19
-10.214588 11.321534 -0.980639 34 139 34
12.180605 -2.329934 0.168906 139 69 19
20.970580 -13.226130 0.134110 139 69 19
-19.351303 -10.164339 0.113372 34 139 34
-11.747289 5.391843 -0.292893 139 69 19
21.694360 4.643431 -0.144242 34 139 34
-21.440139 -24.116402 -0.614076 34 139 34
2.320154 8.200156 -0.632854 139 69 19
12.214072 -4.696610 -0.215644 139 69 19
-20.381460 1.825457 0.023018 34 139 34
-23.189391 -12.268892 -0.079395 139 69 19
5.715878 23.290282 -0.290913 34 139 34
-2.906639 22.715261 0.253380 139 69 19
20.642123 1.551520 0.130962 34 139 34
7.278248 4.067305 -0.131450 139 69 19
6.255374 17.820914 -0.319556 139 69 19
-22.976025 3.083247 0.753389 139 69 19
-6.500702 -14.731083 -0.345739 34 139 34
-16.129427 -12.826808 0.221443 34 139 34
0.310748 -8.913484 0.263367 139 69 19
-20.001375 1.395924 -0.833322 34 139 34
-23.871567 0.781866 0.387343 139 69 19
4.612103 20.169755 -0.645646 139 69 19
-23.366822 -11.869338 -0.220865 34 139 34
7.704061 -14.591666 -0.174120 139 69 19
-22.879989 2.845712 -0.773955 34 139 34
-3.284927 -0.817005 0.135466 139 69 19
23.404252 18.246689 0.535106 139 69 19
-22.811678 21.436363 -0.248820 139 69 19
-16.204265 7.062934 0.130755 34 139 34
-8.194605 18.149549 -0.681384 34 139 34
-16.640399 -5.358232 0.255500 34 139 34
-21.344870 -22.285389 -0.529279 34 139 34
22.963168 -13.896925 -0.106215 139 69 19
-11.328092 -22.829673 -0.660546 139 69 19
3.259127 14.178817 -0.328045 139 69 19
20.509443 -2.860298 0.431889 34 139 34
9.206655 -1.023791 0.434300 139 69 19
5.380370 14.853534 0.079865 34 139 34
-4.452698 -14.190448 -0.040445 139 69 19
-0.643267 16.153757 0.650663 34 139 34
11.509706 -7.176701 -0.740313 34 139 34
24.587364 -15.268345 -0.349586 139 69 19
9.375942 4.297804 -0.072393 34 139 34
7.046138 10.958334 0.694831 34 139 34
-22.252258 -20.206756 0.712201 139 69 19
-5.111958 -20.392082 0.695182 34 139 34
2.486511 4.739419 -0.294409 139 69 19
-7.675081 -13.046262 1.300935 34 139 34
-24.941527 15.416069 -0.407013 139 69 19
6.479138 11.701438 0.596091 139 69 19
3.920009 9.804767 -0.511044 34 139 34
-23.052314 16.079620 0.883860 139 69 19
20.420619 -4.089181 0.289564 34 139 34
1.469419 -13.502822 -0.148544 34 139 34
-2.911737 9.891955 0.061614 139 69 19
21.158692 19.888103 -0.543041 34 139 34
-1.741597 1.028746 -0.296737 139 69 19
-18.340531 9.110460 -0.230075 34 139 34
-23.023499 -16.776551 0.726270 139 69 19
-22.277434 -12.204759 -0.842280 139 69 19
14.135240 7.163672 -0.440855 34 139 34
12.897089 15.322563 -0.813606 139 69 19
7.696760 5.262089 0.013862 139 69 19
6.593901 15.747299 0.174008 34 139 34
8.728461 -20.530157 0.269323 34 139 34
-5.836852 8.089474 0.183177 139 69 19
-14.947591 3.717499 0.583573 34 139 34
19.686125 -3.559616 -0.253851 139 69 19
-17.937953 -4.619819 0.303438 139 69 19
17.054481 19.709902 -0.640370 139 69 19
-15.428018 -24.405391 -0.105139 34 139 34
-12.579971 0.488102 0.131349 34 139 34
-7.002482 5.370669 -0.845042 139 69 19
22.026800 -7.345957 -0.286587 139 69 19
24.428801 5.185021 0.198826 139 69 19
14.724100 -13.025088 0.267977 139 69 19
-14.478013 -0.946556 0.010991 139 69 19
-6.953167 -4.802311 -0.022151 34 139 34
-0.297427 -4.930470 0.014939 34 139 34
-16.385219 7.347936 0.421720 139 69 19
-13.132313 16.902040 -0.042580 34 139 34
24.701407 23.751539 -0.983113 139 69 19
-19.899679 24.554269 0.235007 34 139 34
-21.469211 -22.373448 -0.874965 139 69 19
8.840487 20.924090 0.065236 34 139 34
-15.408701 24.649746 0.106652 34 139 34
-5.113027 8.244936 0.116797 139 69 19
15.507361 -2.237118 0.701132 139 69 19
-13.334983 22.004264 0.233471 139 69 19
0.712081 11.270792 0.384698 34 139 34
-2.110367 -19.615894 -0.963525 139 69 19
-13.941500 -11.470226 -0.782570 34 139 34
-9.526442 20.313437 0.052544 139 69 19
-22.050475 -17.344112 0.228723 34 139 34
-3.648196 22.062833 -0.326170 34 139 34
9.377830 -3.860937 0.075283 139 69 19
13.215969 13.643796 -0.492573 34 139 34
18.245231 -9.885845 0.144855 34 139 34
7.316052 4.797873 -0.155653 139 69 19
10.247182 -23.270808 -0.993410 34 139 34
-23.299837 -1.493056 -0.219623 34 139 34
22.400201 19.798266 0.231647 139 69 19
22.975594 -17.439010 -0.029016 34 139 34
8.414974 17.214711 0.136210 139 69 19
22.950612 0.406910 0.462775 139 69 19
-0.245046 2.124621 0.257423 34 139 34
16.578706 -5.471308 -0.516833 34 139 34
15.430855 -15.584965 0.713331 34 139 34
24.154572 13.638572 -0.268513 34 139 34
-22.022953 -15.902738 0.059045 139 69 19
21.568618 3.703283 -0.038188 34 139 34
3.551274 -0.299645 -1.221740 139 69 19
-22.469699 18.794222 0.144588 139 69 19
-20.039353 4.696767 -1.039202 139 69 19
19.744380 13.131870 -0.318878 34 139 34
13.507321 19.051697 0.002193 139 69 19
-3.698502 -6.453915 -0.846732 34 139 34
5.041295 -14.841961 0.502086 34 139 34
-12.330180 21.786762 0.080825 139 69 19
-2.072506 9.919288 0.895857 34 139 34
-13.674578 -1.571556 -0.467125 34 139 34
-24.364072 -17.239282 -0.612019 139 69 19
3.062682 -12.708627 -0.281787 139 69 19
6.303945 7.727686 -0.211266 34 139 34
-14.298681 9.583966 -0.564893 34 139 34
1.831014 -3.003786 1.006311 139 69 19
23.910294 14.269235 -0.108370 139 69 19
-1.502126 -11.430949 0.846442 34 139 34
-16.514723 -1.390595 0.190413 139 69 19
-2.157155 -18.818713 0.859806 34 139 34
-6.296550 17.582674 -0.638900 139 69 19
6.672645 13.974722 0.403090 34 139 34
14.294986 -14.634751 0.141338 34 139 34
-12.896540 -6.743623 -0.718944 34 139 34
16.263187 -8.687490 -0.831658 139 69 19
0.654448 24.091443 0.366417 139 69 19
12.240219 -15.012391 0.611659 139 69 19
3.375486 -15.468115 -0.499096 34 139 34
-13.495746 -23.655352 0.388429 139 69 19
-12.738484 18.248234 0.193944 139 69 19
-20.610464 11.866323 -0.341164 34 139 34
2.769686 14.538661 -0.101309 34 139 34
21.336884 -12.150369 -0.275635 34 139 34
15.196482 9.257232 0.145277 34 139 34
-23.953706 -20.802337 -0.152122 34 139 34
16.297997 -13.834183 -0.707064 34 139 34
9.184803 -0.557961 0.561138 34 139 34
-7.857410 -19.205755 0.610880 34 139 34
4.187486 2.646726 -0.298089 139 69 19
8.989790 -18.744272 0.875738 34 139 34
16.510362 20.758841 -0.735963 34 139 34
11.684978 -16.182836 -0.648360 139 69 19
6.517253 -6.122024 -0.828824 34 139 34
15.869140 15.946579 0.199104 34 139 34
1.706533 -1.680091 0.067937 34 139 34
15.586306 -19.515301 0.402949 139 69 19
21.006791 -19.116561 0.502425 139 69 19
-6.962387 19.611664 -0.006591 34 139 34
0.415971 18.449502 -0.413704 139 69 19
-10.772266 -7.457381 1.138855 34 139 34
15.400201 1.750610 0.536961 139 69 19
-11.248913 6.667090 0.547046 34 139 34
0.563321 -19.192984 -0.270987 139 69 19
0.003423 12.552350 0.348916 139 69 19
4.117783 20.535927 0.565112 139 69 19
-10.134241 -11.018001 -0.179080 139 69 19
-24.483188 23.849770 -0.190940 139 69 19
-1.827497 -7.297193 0.142871 34 139 34
-18.980708 17.030308 0.206383 139 69 19
3.040061 8.565077 0.029102 139 69 19
19.921608 -7.379174 -0.158135 139 69 19
14.296436 22.590908 -0.286053 34 139 34
-3.321615 -9.853279 0.226357 34 139 34
-12.708494 23.668640 0.901195 139 69 19
-6.991542 -24.594539 -0.352786 139 69 19
9.913656 -5.539124 0.088364 34 139 34
-10.308016 -2.546557 -1.279624 139 69 19
16.956345 8.282846 1.271638 139 69 19
-23.271077 18.026739 -0.138576 34 139 34
-23.268913 -3.698654 -0.064253 34 139 34
-9.442294 23.265233 0.364809 139 69 19
21.742946 8.674069 -0.528928 34 139 34
7.541685 -18.708665 -0.332312 34 139 34
22.772238 -21.550964 0.109335 139 69 19
-1.183735 19.262844 -0.045676 139 69 19
0.988694 -4.927046 0.961780 34 139 34
10.744481 -12.064082 -0.101767 139 69 19
0.463226 8.001986 0.178708 34 139 34
-23.893784 5.148913 1.137820 34 139 34
-9.139980 -22.262054 0.497174 139 69 19
-12.861916 -3.333674 -0.565941 139 69 19
-6.325962 0.583215 0.121572 139 69 19
4.322515 -18.537185 0.250130 139 69 19
-12.515901 22.411559 -0.102427 34 139 34
-16.688232 -4.051664 -0.457292 139 69 19
23.496132 0.660607 -0.138374 34 139 34
17.326671 -15.678548 -0.201684 34 139 34
20.989406 -14.256425 -0.299224 139 69 19
-16.438083 16.745141 0.368654 34 139 34
2.037990 -24.657413 -0.270231 139 69 19
12.187087 16.415891 0.239094 34 139 34
-5.685411 -10.181759 -0.518688 139 69 19
-24.006546 20.946252 -0.302907 34 139 34
19.142345 5.342707 0.647422 34 139 34
4.957482 -17.455275 -0.507453 139 69 19
21.292183 15.774125 -0.822925 34 139 34
22.577106 18.928829 0.111648 139 69 19
-9.408796 3.396987 -0.312353 34 139 34
23.013912 -1.141676 0.343890 34 139 34
2.777648 4.219393 -0.198199 34 139 34
20.913584 -0.127934 0.555844 139 69 19
21.994769 4.197788 -0.194122 34 139 34
-13.000514 -23.416426 0.028309 139 69 19
-1.329132 19.837351 -0.313721 34 139 34
-13.909139 11.451929 -0.503084 139 69 19
8.987179 19.989566 0.040585 34 139 34
7.712121 -20.907544 0.572317 139 69 19
8.997477 -20.259821 0.356416 34 139 34
-22.603969 15.068505 -0.010859 139 69 19
21.286272 15.164468 0.159658 139 69 19
15.597330 -13.436871 -0.046752 139 69 19
21.021442 -11.414237 0.717120 34 139 34
-16.809200 -5.699702 0.487075 34 139 34
-5.049193 17.237867 -0.454689 34 139 34
-4.480863 20.564885 0.471156 139 69 19
-18.138096 2.991640 -0.203819 34 139 34
23.247761 11.741862 0.265142 139 69 19
-4.926881 -0.933028 -0.645445 139 69 19
-17.775435 -22.152534 0.821520 34 139 34
3.184067 -2.519931 -0.273839 139 69 19
22.214727 4.166013 -1.472033 139 69 19
16.984997 17.441128 0.038998 34 139 34
-12.088557 5.111729 0.423634 139 69 19
-4.274371 15.853250 0.892314 139 69 19
0.979003 -24.764365 -0.597694 34 139 34
1.440091 0.011598 0.972997 139 69 19
-21.727654 -23.757370 0.331750 139 69 19
11.348995 -8.575318 0.038246 139 69 19
-0.842306 22.865127 0.414685 34 139 34
3.882479 2.137617 0.107412 34 139 34
-9.413421 16.994986 -0.232458 139 69 19
14.730794 22.558822 0.945251 139 69 19
17.433283 22.925899 0.175193 139 69 19
-24.535270 14.628698 -0.186005 34 139 34
-15.753668 -17.184114 -0.226618 139 69 19
21.924746 23.512119 -0.368466 34 139 34
-12.198797 -2.505668 0.544677 34 139 34
3.126755 -2.536151 0.274283 139 69 19
-18.615826 -19.754383 0.630452 34 139 34
10.849111 -21.720361 0.733190 139 69 19
14.639987 12.953736 0.430436 139 69 19
-1.466054 -3.363855 0.076883 139 69 19
-22.878971 5.614563 -0.291524 139 69 19
15.304728 -7.633104 1.122017 139 69 19
14.510617 22.022691 -0.718397 139 69 19
15.676544 -24.559813 -0.176762 34 139 34
4.232775 1.859652 -0.354875 139 69 19
23.275688 0.865084 0.229923 139 69 19
-7.349447 14.143450 1.218692 139 69 19
21.831590 -18.493701 0.316801 139 69 19
5.923187 9.137840 -0.588162 139 69 19
-18.641809 -17.315964 -0.298054 34 139 34
13.047692 -16.460334 -0.088204 139 69 19
-11.703933 -18.104190 -0.558698 139 69 19
-11.253135 0.792451 -0.108640 34 139 34
17.343898 12.856715 0.260576 139 69 19
21.798069 -15.434857 1.087856 139 69 19
-7.166777 -14.262596 0.540133 34 139 34
12.184719 -4.587724 -0.176553 139 69 19
22.023231 21.203224 -0.042638 34 139 34
18.548635 -5.911298 0.961200 34 139 34
-7.299458 -18.829249 0.374694 139 69 19
5.641393 18.483316 0.766789 139 69 19
18.193903 -15.441225 0.561448 139 69 19
-17.028822 -6.196732 0.308938 139 69 19
3.757479 -9.664868 0.411981 34 139 34
3.779755 7.267126 0.137302 139 69 19
-0.633271 15.107348 -0.125666 34 139 34
3.835567 20.112592 -0.100273 34 139 34
-14.848304 -12.889936 -0.145604 34 139 34
-19.987791 -10.644990 0.479529 139 69 19
-2.740164 20.597198 0.549628 139 69 19
7.554493 3.735170 -0.053345 139 69 19
-4.465573 -3.248392 0.028792 139 69 19
-5.592422 -10.240067 0.601538 34 139 34
-16.160670 4.573257 -0.034475 139 69 19
16.476195 -23.093357 0.362867 34 139 34
-6.274276 2.856325 0.163632 34 139 34
-1.393852 -17.731361 0.392739 34 139 34
-9.224970 11.465343 -0.407206 139 69 19
-23.254375 23.096643 -0.171155 34 139 34
-1.046106 -12.129643 -0.285459 34 139 34
-1.992187 -17.458865 0.183062 139 69 19
11.734784 23.511634 -0.462186 139 69 19
-23.360510 -3.840301 0.104660 34 139 34
17.237384 -8.861204 -0.071101 139 69 19
-18.831347 -16.073558 -0.259239 139 69 19
-22.681638 4.211638 -0.558346 139 69 19
19.107825 18.348923 0.459924 34 139 34
-6.538087 -10.967419 -0.686422 139 69 19
-7.360943 -12.514982 -1.076560 139 69 19
23.347544 -8.362059 0.077885 34 139 34
-1.505854 6.956494 -0.058645 139 69 19
23.583289 12.654953 -0.531127 139 69 19
-1.245828 -19.134730 0.332975 139 69 19
-1.722632 6.747246 -1.056103 139 69 19
6.098247 -0.462203 0.190624 34 139 34
-8.754042 -7.260252 -0.269004 34 139 34
-12.725580 -6.535025 0.433570 34 139 34
-10.512427 7.707919 -0.920991 139 69 19
-24.114465 -18.157536 0.315958 34 139 34
7.900628 20.901661 0.295250 34 139 34
19.232522 -13.211209 -0.216215 34 139 34
-22.997692 -14.393284 0.680114 34 139 34
-8.338759 9.129013 0.180698 34 139 34
5.323396 -19.622967 -0.665232 34 139 34
10.001037 -7.940040 -0.982595 34 139 34
11.429345 -16.997884 -0.069917 139 69 19
-13.854850 -10.214596 0.304276 34 139 34
21.753794 15.246625 -0.530784 139 69 19
20.307426 8.526190 0.005199 139 69 19
19.162378 -17.597371 0.383430 139 69 19
-9.986398 6.635808 0.230917 139 69 19
6.643349 -12.278374 0.239127 34 139 34
9.218830 -18.088289 0.729362 139 69 19
-21.543738 -3.548948 0.411152 34 139 34
15.188922 14.784799 0.641106 34 139 34
24.147021 -2.998227 -0.568414 34 139 34
-16.059580 -23.808785 -0.100314 34 139 34
0.528980 15.595215 0.440035 139 69 19
-18.224130 14.149108 -0.553671 34 139 34
5.120811 -3.835908 -0.542352 34 139 34
-23.098920 4.714467 -1.214204 139 69 19
-12.682725 2.993127 -0.284854 34 139 34
-16.240012 -15.320010 0.400287 34 139 34
6.271587 -12.973709 -0.267331 34 139 34
-5.922535 -5.684470 -0.525750 139 69 19
-23.653181 -4.767961 -0.609018 34 139 34
-14.732401 -5.918286 -0.086568 34 139 34
17.902436 17.779570 0.266862 139 69 19
-19.711310 -22.614458 -0.503604 139 69 19
15.622678 14.860611 -0.709037 139 69 19
-8.346132 -8.803457 0.609866 139 69 19
-3.458092 14.313144 -0.560591 139 69 19
-15.157718 10.641047 -0.051782 139 69 19
-8.411538 21.889317 -0.746406 139 69 19
-5.077827 19.042440 -0.060580 139 69 19
12.623315 0.608710 0.145542 34 139 34
-13.767657 18.695227 0.127496 34 139 34
6.136831 -15.731147 -0.412778 139 69 19
2.000706 2.099748 1.450766 34 139 34
-23.736332 19.893023 -0.102973 139 69 19
10.472273 14.179450 0.253436 139 69 19
-13.010824 2.059433 -0.060327 139 69 19
-5.342472 0.328434 0.436257 139 69 19
24.545935 9.897859 -0.105022 34 139 34
23.897983 -0.310386 0.531657 34 139 34
-0.926102 -15.563659 -0.159584 139 69 19
-16.802700 -14.269434 0.557020 34 139 34
14.774333 -4.548462 -0.140201 34 139 34
5.655070 -4.540943 -0.414860 139 69 19
-23.851069 24.411441 -0.103771 139 69 19
9.778968 6.392936 -0.671092 139 69 19
2.894425 0.245955 1.542811 139 69 19
-11.327570 19.385874 -0.173394 139 69 19
-5.882249 14.215773 0.489156 34 139 34
11.763373 -3.255283 -0.327839 139 69 19
13.888609 -15.782401 0.536623 34 139 34
5.172067 -6.161602 -0.580835 139 69 19
17.560372 -4.050882 0.190433 34 139 34
-4.846086 23.693787 0.746302 34 139 34
-3.099959 -2.871739 0.168064 139 69 19
-14.424553 -4.449614 0.896547 34 139 34
24.402488 -13.582478 0.269723 34 139 34
7.531451 -13.215720 -0.759817 34 139 34
-20.194205 7.430994 -0.162356 139 69 19
-3.117879 -11.510901 0.593990 34 139 34
7.399448 22.238562 -0.764287 139 69 19
16.711253 8.440946 0.500125 139 69 19
-8.472318 16.463172 -0.059400 139 69 19
-6.614245 0.805251 0.646853 34 139 34
-6.651867 -18.214572 0.261904 139 69 19
-20.130189 -13.994272 -0.325779 34 139 34
17.381556 23.178426 -0.570587 34 139 34
-9.369121 -20.691514 -0.606041 139 69 19
-11.520849 -9.069755 -0.872736 139 69 19
-13.181485 1.306865 -0.025347 139 69 19
5.256716 18.520460 -0.354814 139 69 19
8.232517 -18.165348 0.491723 34 139 34
-19.972827 -2.868871 1.068727 34 139 34
3.542683 -14.836987 0.476012 139 69 19
3.163085 11.131909 -0.015135 139 69 19
19.031630 2.434178 -0.196982 34 139 34
9.343652 -7.297242 0.258345 34 139 34
-10.742242 -16.756964 0.201742 34 139 34
-1.304126 -3.617046 0.423602 34 139 34
-9.640034 -10.035931 0.924402 139 69 19
-21.140374 3.146014 0.478908 34 139 34
-9.714785 -6.522052 0.277099 34 139 34
-2.574776 -19.709958 0.982946 139 69 19
21.044290 -19.735895 0.713833 34 139 34
16.881623 -21.363047 0.433857 34 139 34
-1.934233 7.993865 0.507296 139 69 19
14.002097 -4.115823 -0.357759 139 69 19
4.712810 -10.869845 -0.391715 139 69 19
-20.458270 6.204045 0.500332 139 69 19
-22.099346 -14.721580 0.525443 34 139 34
-15.747569 -21.128252 -0.306120 139 69 19
-7.188433 9.306162 1.008282 139 69 19
-12.815345 19.154236 0.713618 34 139 34
15.814377 4.933170 0.427015 34 139 34
16.000650 -15.069390 -0.331374 139 69 19
-3.532163 -6.425467 -0.101802 139 69 19
-12.099684 -4.646288 -0.368097 139 69 19
-8.674098 14.133819 -0.482493 34 139 34
-5.742501 13.146428 -1.046957 34 139 34
-0.220480 -9.324406 -0.249848 34 139 34
17.079559 -19.894015 0.294276 34 139 34
10.644687 -17.541776 0.513540 139 69 19
-23.695518 23.284076 0.497225 34 139 34
-5.613128 1.768285 0.044669 139 69 19
10.690293 13.200570 0.263062 139 69 19
4.306611 23.110454 0.034339 34 139 34
-6.662302 -13.728731 1.183749 34 139 34
12.539347 3.275041 -0.220227 34 139 34
-4.774325 10.695944 0.556985 139 69 19
2.593868 5.015843 -0.437639 34 139 34
24.827930 -9.946528 -0.803196 34 139 34
-7.977407 6.017856 -0.096547 139 69 19
-14.378382 -13.126259 0.338225 139 69 19
4.366200 -3.829144 0.149206 139 69 19
9.839965 -2.916205 0.210856 34 139 34
-9.425749 -6.776509 0.318447 34 139 34
13.934556 -23.996738 0.106558 139 69 19
-22.709918 -14.337683 0.269353 34 139 34
5.331909 4.991811 0.245245 34 139 34
-19.322534 1.373341 -0.362867 34 139 34
-0.940342 16.494337 -0.361072 34 139 34
-23.595503 7.473407 -0.296199 139 69 19
-13.161148 -0.948773 0.406878 139 69 19
23.620424 10.544574 -0.470991 139 69 19
24.094602 -18.560934 -0.133632 139 69 19
3.143772 23.629130 -0.484869 34 139 34
-13.769977 -1.644368 0.796572 34 139 34
6.261328 3.291287 0.235763 139 69 19
4.757443 -21.775624 0.646410 139 69 19
-21.775486 7.966005 0.092160 34 139 34
19.196535 -20.572746 0.406936 34 139 34
-15.549205 -24.976559 0.811248 139 69 19
14.397775 -5.748516 -0.108435 34 139 34
23.103680 0.337006 -0.455490 139 69 19
4.832240 6.668573 0.216552 139 69 19
-23.283470 -18.595169 1.059815 34 139 34
-9.106518 1.217179 -0.145940 139 69 19
-9.693097 3.523289 -0.244335 34 139 34
6.696313 -0.277417 0.658077 139 69 19
-18.345272 19.530432 -0.408313 34 139 34
-8.937410 14.155384 0.545688 34 139 34
0.778495 15.934727 0.578403 34 139 34
15.267232 22.806380 -0.251161 34 139 34
3.333266 -18.142738 -0.282509 139 69 19
-15.866911 9.980564 -0.315583 34 139 34
-13.631714 23.747520 -0.320924 139 69 19
17.312156 -0.261848 -0.128019 34 139 34
5.812919 -17.003139 -0.404595 34 139 34
-11.919077 18.903777 -0.172674 139 69 19
18.282958 -18.705067 -0.432951 139 69 19
16.549786 -23.803735 -0.115799 34 139 34
-21.309285 -13.890500 1.015378 34 139 34
-23.603799 8.953515 -0.041355 34 139 34
-0.947182 -1.404762 0.194962 34 139 34
15.304148 13.581382 0.494447 34 139 34
3.666693 22.559996 0.350194 139 69 19
-18.396336 2.610220 -0.101627 34 139 34
-19.696471 20.034111 -0.029479 139 69 19
-13.018103 -20.831073 -0.315430 34 139 34
-8.659311 -4.024992 0.189375 139 69 19
-12.397122 -20.415205 0.080078 34 139 34
-22.698808 -10.127449 -0.312288 34 139 34
19.490145 -24.051817 0.195281 34 139 34
-5.501157 -20.038769 0.535923 34 139 34
13.103888 -15.163113 -0.060234 139 69 19
9.329773 -10.313462 -0.402186 34 139 34
4.626841 -9.788505 -0.325180 139 69 19
12.114788 -18.839861 0.756996 34 139 34
-7.320486 17.038666 0.882433 34 139 34
2.590708 -6.379574 -0.578699 34 139 34
-3.076464 9.636158 0.968322 139 69 19
-16.329781 -14.441266 0.115154 34 139 34
-4.215415 8.239120 -0.240285 34 139 34
-9.515048 4.527989 0.018419 139 69 19
16.027590 -5.190194 0.415441 34 139 34
4.468472 -6.602584 -0.194752 139 69 19
-20.225222 6.514240 -0.607321 139 69 19
0.676012 -2.240843 0.737031 139 69 19
12.019843 6.301506 -0.106433 34 139 34
15.089629 -2.809913 -0.157404 139 69 19
16.433100 -2.790596 -0.292349 139 69 19
-8.682139 -8.085359 0.531386 139 69 19
-19.050451 5.173129 -0.708216 139 69 19
-23.935125 5.698449 -0.704624 34 139 34
-16.568312 -14.708137 -0.436248 139 69 19
21.262369 23.389262 0.167195 139 69 19
12.888110 -13.564693 -0.038186 139 69 19
17.936716 1.470303 0.003489 139 69 19
24.508150 -13.586506 0.293617 34 139 34
-20.885151 -16.679552 0.070279 139 69 19
-12.604454 -4.661928 0.333825 139 69 19
4.410103 -11.456929 -0.033789 139 69 19
23.439096 -22.755907 0.040302 139 69 19
3.148628 14.438061 0.575007 34 139 34
-2.699883 7.983791 0.122649 34 139 34
-5.400650 -16.519234 1.007974 34 139 34
15.970602 11.464573 -0.188956 34 139 34
-2.417562 -16.861373 -0.290276 139 69 19
7.128946 22.290479 -0.425580 34 139 34
-6.748489 23.336993 -0.973124 34 139 34
-1.020083 0.516966 0.021354 34 139 34
-12.143394 21.054802 -0.571946 34 139 34
20.599455 -8.096555 -0.081545 34 139 34
6.520290 -3.996612 -0.554339 34 139 34
7.950697 12.388289 0.067278 34 139 34
-22.140508 -11.626750 -0.299871 34 139 34
4.034077 20.822291 0.503895 139 69 19
2.125736 -16.308549 0.751580 34 139 34
21.187602 -19.817158 -0.265895 34 139 34
15.644603 8.108824 0.456983 34 139 34
-15.451280 -0.851499 0.782724 34 139 34
-9.448135 -1.479617 -1.092898 34 139 34
0.016956 14.346359 -0.105703 139 69 19
-3.578608 -1.950302 -1.057858 139 69 19
0.966898 10.747001 -0.378769 139 69 19
2.570990 6.462211 -0.437531 139 69 19
-14.831582 -6.419487 -0.177654 34 139 34
-23.696026 3.776941 0.593637 34 139 34
-23.689357 -22.077158 -0.997211 139 69 19
-11.054474 17.528424 0.035704 139 69 19
20.023386 -11.594594 0.140931 34 139 34
11.817949 7.506039 1.033325 34 139 34
-8.496308 4.742707 0.340582 139 69 19
-9.399009 -19.619455 0.466186 34 139 34
-14.958392 3.354873 0.252065 34 139 34
-7.516576 12.749227 0.577719 139 69 19
19.336134 12.678441 -0.042473 34 139 34
-8.470347 -21.240859 -0.219629 139 69 19
-1.463008 -8.744771 0.015806 139 69 19
-13.331430 10.897691 0.773873 34 139 34
-6.310660 7.786489 1.105853 139 69 19
0.792098 -13.988787 0.045864 34 139 34
0.456531 8.610405 -0.602530 34 139 34
-11.857246 17.354337 -0.411015 139 69 19
20.412572 -3.173521 -0.406809 139 69 19
-11.960848 -12.000417 -0.408389 34 139 34
-23.990189 -1.935244 0.628342 139 69 19
1.191523 -3.267058 -0.617249 34 139 34
-15.206886 -22.523119 1.022321 34 139 34
1.256383 -15.472768 0.080110 34 139 34
18.024878 -18.024541 0.102876 34 139 34
-19.247814 2.741932 0.375298 34 139 34
-18.748965 -6.458114 -0.896076 139 69 19
-22.930437 5.592792 -0.631257 34 139 34
-24.611561 -9.841381 -0.250926 34 139 34
18.098667 2.852832 0.030391 34 139 34
9.523778 -11.734621 0.122385 139 69 19
10.617582 -3.906763 -0.507459 34 139 34
-20.070105 -9.740520 -0.108796 34 139 34
13.958662 -18.258686 -0.170960 139 69 19
16.377991 8.596875 0.602020 139 69 19
-1.776903 -24.123634 1.281031 34 139 34
4.204540 -1.768862 -0.741051 34 139 34
-11.257901 -13.518033 -0.861333 34 139 34
23.140972 1.163697 -0.442798 34 139 34
-13.681679 -15.028267 0.680365 139 69 19
14.014127 19.615331 -0.543212 34 139 34
3.429865 14.889686 0.960770 139 69 19
-3.669692 24.599499 -0.748922 34 139 34
-11.336008 -17.982169 0.136552 34 139 34
12.315093 -8.454903 0.299385 34 139 34
-11.870806 -20.632849 0.134491 139 69 19
20.125555 -1.011462 -0.405787 34 139 34
14.616788 24.673147 0.119334 34 139 34
-17.599006 1.583208 0.307389 139 69 19
-0.464708 19.051715 -0.411619 34 139 34
4.911658 -14.876400 -0.284949 139 69 19
-10.050454 -23.837133 -0.075481 139 69 19
-16.744025 -21.251115 -0.353242 139 69 19
-1.597966 8.136080 0.618400 139 69 19
-18.359120 -21.338843 -0.318849 139 69 19
20.417096 -19.803432 0.511449 139 69 19
-24.807957 -9.201168 -0.469734 34 139 34
-24.999627 16.991460 -0.096858 139 69 19
-8.638972 17.480614 -0.684468 139 69 19
-18.403712 -17.393050 1.148335 139 69 19
-3.793175 -11.810915 -0.476169 139 69 19
-7.205666 17.228192 -0.136891 34 139 34
-6.712194 7.742386 -0.524059 139 69 19
-20.022018 23.436584 0.341216 34 139 34
17.663681 20.763053 -0.011282 34 139 34
17.260784 20.293087 0.232982 139 69 19
9.211228 -21.494873 0.342500 34 139 34
-0.615259 -12.393378 0.190820 139 69 19
12.600570 -2.249038 0.213250 139 69 19
-12.462941 24.896842 0.932997 139 69 19
12.913939 -19.205963 -0.788391 34 139 34
6.148939 -4.138640 0.831178 34 139 34
-5.893630 10.886470 0.196608 139 69 19
-1.140911 -21.267750 1.047587 139 69 19
-13.198723 3.585476 -0.404867 34 139 34
20.499545 16.799862 -0.471691 139 69 19
7.822107 -24.959399 -0.910129 139 69 19
1.559414 15.888694 0.342302 34 139 34
1.227779 18.349840 0.040437 34 139 34
-16.569309 -16.807221 0.228695 34 139 34
11.783329 -6.730033 0.289284 34 139 34
-23.003850 -14.493419 -0.270477 139 69 19
-18.866235 -9.336700 0.623046 139 69 19
-16.105932 -17.954517 -0.210130 34 139 34
8.427645 -0.145489 0.006507 34 139 34
14.253568 -24.796921 0.013758 139 69 19
16.241932 5.571871 0.308665 139 69 19
2.780741 -5.728828 -0.164236 34 139 34
20.281390 21.413575 0.695686 34 139 34
8.484557 20.136176 0.247522 34 139 34
13.317458 12.638168 -0.855067 139 69 19
-8.423752 -4.500605 -0.150092 139 69 19
4.067020 -11.294026 -0.691157 34 139 34
11.730298 -14.045066 -0.478174 139 69 19
-17.608044 -1.805103 1.056203 139 69 19
-24.267144 23.139706 0.410383 139 69 19
-18.514252 12.250073 -0.643277 34 139 34
-4.650201 -5.411688 -0.900907 34 139 34
-8.813720 21.280026 -0.185274 139 69 19
-18.953755 -8.447953 -0.236110 139 69 19
17.642119 2.246673 0.116299 139 69 19
-20.492883 7.328523 0.501499 34 139 34
11.841467 -0.115939 -0.428480 139 69 19
-16.093998 13.204208 0.258038 139 69 19
3.600088 -8.767969 -0.129289 139 69 19
21.698151 15.507739 -0.241599 139 69 19
-20.881979 3.852698 0.673358 139 69 19
-6.419493 -22.672094 0.455272 139 69 19
7.662667 5.390579 -0.939562 139 69 19
-4.983440 3.399807 0.679702 139 69 19
10.985564 -0.594987 -0.243099 139 69 19
-14.625558 -9.669697 0.285478 34 139 34
-2.362110 13.042003 -0.326503 34 139 34
-2.149234 14.370726 0.173499 139 69 19
-18.929901 1.558588 0.992244 34 139 34
18.545654 -20.167186 -1.652094 139 69 19
15.390822 -15.840023 0.197221 34 139 34
24.106512 -21.172422 -0.023095 139 69 19
-12.497091 23.377655 -0.574094 139 69 19
-11.096816 6.889725 0.404100 139 69 19
13.317531 -3.207342 0.416943 34 139 34
-3.355280 -18.208315 -0.150944 139 69 19
-0.947874 10.864603 -0.050930 139 69 19
-21.772027 -15.001849 0.525610 139 69 19
21.681506 24.491429 -0.476807 139 69 19
18.836124 24.427013 0.645486 139 69 19
-21.543160 24.018713 1.124411 139 69 19
-6.759711 5.217533 -0.328304 139 69 19
-22.034431 -9.052566 -0.349103 139 69 19
-7.747507 0.404974 -0.205876 34 139 34
15.938677 -18.088723 0.068282 139 69 19
-21.236647 -8.005301 0.453725 139 69 19
-15.849750 -13.044178 -0.828040 139 69 19
-13.962890 -7.286721 0.132003 139 69 19
-5.455756 -16.521462 -0.271423 34 139 34
-17.604167 -10.151530 0.048772 139 69 19
20.016189 -14.045515 -0.085496 34 139 34
-23.452057 7.788671 -0.842754 34 139 34
1.491137 18.214771 1.426037 34 139 34
23.144334 17.386046 0.592785 34 139 34
14.809832 23.228754 -0.368006 139 69 19
-6.377738 -5.972262 -0.009587 34 139 34
-23.488648 21.087658 -0.167737 34 139 34
5.392546 7.499505 0.899835 139 69 19
7.967963 8.343751 -0.038722 34 139 34
9.934149 -19.329479 -1.211816 34 139 34
13.211723 17.738179 0.192136 139 69 19
-8.224471 -9.128886 -0.167356 139 69 19
-10.381982 5.445580 0.114773 34 139 34
-21.016956 22.757887 -0.253150 139 69 19
-9.617045 16.755680 0.454073 34 139 34
13.226875 -9.341089 -0.175639 34 139 34
-5.004304 19.746387 0.371906 34 139 34
23.367047 -4.833640 -0.196640 34 139 34
21.017471 8.117042 0.412852 34 139 34
-2.966601 1.128381 0.131640 34 139 34
-15.143515 -13.184149 -0.241154 139 69 19
3.575396 -13.234654 0.012997 139 69 19
-5.677996 -4.145783 0.199356 34 139 34
21.488896 22.629748 -0.123780 139 69 19
21.659931 -8.429174 0.354043 34 139 34
9.426266 21.396422 0.248168 139 69 19
4.525287 6.058129 0.748765 139 69 19
-4.764208 4.617687 0.420537 34 139 34
-10.382973 19.527946 0.420561 34 139 34
19.410063 13.323990 0.444650 34 139 34
-23.764459 16.983303 0.582258 34 139 34
-2.214339 4.318167 -0.188391 139 69 19
8.856410 -13.952060 0.761132 139 69 19
7.608143 5.922506 -0.190620 139 69 19
-6.205694 0.120601 -0.171540 139 69 19
-22.843073 -10.338578 -0.053570 34 139 34
-17.612704 -20.153383 0.374069 34 139 34
-13.917673 -4.538422 0.282248 34 139 34
-12.682297 18.155308 0.405605 34 139 34
-5.948408 5.737274 0.010828 34 139 34
-8.540291 0.696551 -0.426519 139 69 19
-9.787594 -13.727062 1.053783 139 69 19
19.687456 1.993768 0.076415 34 139 34
-21.806908 0.909841 -0.862504 34 139 34
-13.487832 -6.866841 -0.159539 34 139 34
3.987203 -6.362862 0.745638 34 139 34
-21.811260 22.406147 -0.828123 34 139 34
-4.562155 3.958191 -0.436114 34 139 34
-7.699635 -4.212480 0.023091 139 69 19
-5.354737 -12.617097 1.540250 139 69 19
20.741184 6.501494 0.235912 34 139 34
-20.965657 -13.273677 -0.151656 34 139 34
-2.433025 18.717951 0.939323 34 139 34
2.528377 20.791900 -0.077760 139 69 19
24.174132 15.996583 0.092504 139 69 19
-15.140134 0.030563 0.530849 139 69 19
24.738872 -24.769324 -0.034005 34 139 34
7.458800 21.822318 1.341755 34 139 34
-3.115273 -9.826690 0.468088 34 139 34
-9.370265 1.665690 0.405552 139 69 19
-13.243383 9.466849 0.300056 34 139 34
-11.306022 -0.884705 0.784871 34 139 34
-4.745059 -4.573345 0.138767 139 69 19
-16.780331 -19.249442 -0.419675 34 139 34
-9.403293 0.762794 0.617746 34 139 34
-18.806548 -5.734249 -0.673092 34 139 34
-10.520634 -14.548255 0.329389 34 139 34
23.856779 23.524688 0.050984 139 69 19
-19.710344 11.578194 0.330336 139 69 19
13.534416 16.367914 -1.348583 34 139 34
13.388363 -12.881258 -0.467755 34 139 34
5.020420 13.958009 0.116730 139 69 19
-15.146332 0.007847 0.669120 34 139 34
-20.981200 -11.311557 0.813181 139 69 19
24.079125 -19.997818 0.216072 34 139 34
21.992095 22.459674 -0.077460 34 139 34
2.687860 -10.309063 -1.190588 139 69 19
-2.834800 21.813712 0.669239 34 139 34
5.235951 -7.305217 0.081785 34 139 34
3.913764 3.623173 -1.044742 139 69 19
-21.548576 22.237982 0.648465 34 139 34
20.305644 1.080228 0.546542 139 69 19
-21.181924 16.171060 -0.081769 139 69 19
-12.833147 23.463131 -0.062303 34 139 34
-8.189840 21.632858 0.392207 34 139 34
0.892767 -23.936208 0.267902 139 69 19
-17.733714 -9.990984 0.022509 34 139 34
21.679668 2.457037 -0.396762 34 139 34
-13.231517 -24.753224 -0.950298 34 139 34
20.664317 0.671400 -0.260947 34 139 34
-0.031816 23.943332 -0.310465 139 69 19
-17.172666 13.773035 -0.130870 34 139 34
24.521793 24.737825 0.185304 139 69 19
8.924513 -8.339065 -0.530218 139 69 19
-10.630458 -15.410235 -0.484186 139 69 19
3.281071 5.142080 0.330984 34 139 34
-17.913734 -24.359946 0.432012 139 69 19
13.642551 -3.273765 -0.100553 139 69 19
4.145752 -9.978454 -0.766994 34 139 34
-18.453467 -0.068676 -1.262156 139 69 19
-10.845064 7.002533 0.282380 34 139 34
18.576700 -22.420938 -0.488934 34 139 34
10.279083 -14.387780 0.498093 139 69 19
5.856565 -2.699167 -0.989981 34 139 34
-15.967230 6.897200 -0.460018 139 69 19
20.663239 1.302416 0.016775 34 139 34
-2.393478 13.067647 -0.365584 139 69 19
-11.963140 -18.229798 0.051688 34 139 34
6.069152 9.591574 -0.503518 139 69 19
-18.941068 23.429212 0.158689 34 139 34
21.493810 5.654556 0.307079 139 69 19
11.344321 1.028683 -0.164026 34 139 34
-6.874854 23.259872 0.132068 34 139 34
11.466231 -18.736492 0.183411 139 69 19
14.104280 15.086574 0.498182 34 139 34
5.469832 -14.931568 0.149505 34 139 34
11.759534 24.764963 -0.478520 34 139 34
-8.802710 10.446666 -0.127172 34 139 34
-15.248248 -8.318849 0.563179 34 139 34
18.537674 -10.871714 -0.037674 34 139 34
-15.888499 -8.752277 -0.358587 34 139 34
-8.947747 20.571993 0.463333 34 139 34
10.879003 5.824865 0.267638 34 139 34
22.830936 -19.027413 -0.109568 34 139 34
6.446533 2.192432 0.191618 34 139 34
-2.223799 24.120914 -0.605477 139 69 19
-1.550382 16.349618 -0.479795 34 139 34
-5.529249 -19.540493 0.606770 34 139 34
-7.368442 4.271345 0.488455 34 139 34
5.510739 3.369658 -0.715028 34 139 34
24.451706 -4.413688 0.648170 139 69 19
6.603855 -10.341212 -0.326746 139 69 19
-8.879564 -6.326279 0.278836 139 69 19
6.617626 -3.587792 0.228347 34 139 34
2.710511 -16.942656 0.554464 139 69 19
-23.746514 -24.358239 0.124293 34 139 34
1.416412 18.641429 -0.014673 34 139 34
2.599502 -12.653742 -0.143819 34 139 34
23.633089 -13.714255 -0.299332 139 69 19
-14.125816 -15.217008 0.119469 139 69 19
-18.289600 20.005034 0.810114 34 139 34
-17.176652 -2.314426 0.016819 34 139 34
11.899499 15.721505 -0.602704 139 69 19
-12.190048 11.119954 0.645965 139 69 19
-18.182225 7.160046 -0.700768 34 139 34
16.775996 -3.578309 0.446835 139 69 19
-2.246994 -15.645139 -0.254202 139 69 19
-16.563666 -17.220615 -0.005543 34 139 34
20.316746 4.780963 -0.227011 139 69 19
1.662776 -0.843659 0.019083 34 139 34
5.736432 -20.694220 -0.047999 139 69 19
2.548074 -0.023433 -0.004439 34 139 34
-15.417174 12.920057 0.039061 34 139 34
-11.086889 4.156882 -0.581092 139 69 19
-9.681280 1.983783 -0.141512 139 69 19
19.674988 -4.467501 -2.210529 139 69 19
23.156989 -19.261547 -0.021907 139 69 19
9.694301 3.076521 0.706956 34 139 34
-8.267059 -11.772874 -1.149059 139 69 19
-4.913591 13.246035 -0.720761 34 139 34
17.861108 -9.141822 -0.497225 139 69 19
-0.016160 -15.041689 0.345515 34 139 34
7.075987 6.816658 0.125015 139 69 19
10.438020 -24.637295 0.929557 34 139 34
0.180145 -10.019877 0.203335 34 139 34
17.720515 -2.769109 -0.477115 139 69 19
0.825889 16.196694 0.057005 34 139 34
-10.327510 -20.496411 -0.083182 34 139 34
8.199231 7.279546 -1.194923 34 139 34
14.137598 20.435121 -0.292674 34 139 34
-7.799690 -17.398482 0.384957 34 139 34
10.713530 16.156712 -0.365120 34 139 34
-10.867622 14.955654 -1.396407 34 139 34
-15.176613 -10.832806 -0.053057 34 139 34
15.883442 1.101752 -0.727107 34 139 34
-3.350307 10.863831 -0.073762 34 139 34
22.212039 -6.635119 0.340323 139 69 19
7.098830 -0.598666 0.697198 34 139 34
11.969544 24.658808 -0.191173 34 139 34
9.055832 -5.306754 0.044580 139 69 19
9.590304 7.836259 0.129648 34 139 34
-14.407687 -1.875577 0.013459 139 69 19
15.549032 9.843519 -0.248438 34 139 34
1.121681 -3.710835 -0.252021 139 69 19
6.774691 -20.001379 0.011988 34 139 34
21.199512 20.289730 0.271032 139 69 19
7.899448 1.090602 -0.138672 34 139 34
24.681950 2.359335 -0.036180 139 69 19
9.594970 -21.886333 0.882356 139 69 19
-8.257589 -11.048416 0.944865 139 69 19
-3.862028 -21.590270 0.014831 34 139 34
21.314166 -17.705928 -0.132363 34 139 34
23.245065 1.237329 0.625193 139 69 19
6.031399 -21.534431 -0.049575 34 139 34
-10.427920 -3.632525 -0.166010 34 139 34
21.594472 11.546406 -0.221459 139 69 19
13.380358 12.146081 0.695725 139 69 19
-4.504876 0.435071 -0.620785 34 139 34
-20.026382 -0.255256 1.248503 139 69 19
-9.225523 6.688068 0.234485 34 139 34
0.626441 6.064250 -0.483039 139 69 19
-1.824871 -3.461454 0.770628 139 69 19
21.156614 24.556652 -1.164366 139 69 19
-16.787734 9.503221 0.902228 34 139 34
1.937791 -20.117260 -0.222162 34 139 34
-21.394396 5.775569 -0.584463 139 69 19
-19.001110 20.895416 -0.961290 34 139 34
1.488892 16.451648 0.022285 139 69 19
-5.640734 -21.652198 -0.171995 139 69 19
24.607120 -6.955104 -0.110372 34 139 34
-12.897062 -5.165293 -0.675853 34 139 34
-23.764018 1.330447 -0.643556 139 69 19
-11.275963 12.972264 -0.205898 34 139 34
-13.266480 12.438798 0.429639 34 139 34
8.900169 -20.006141 -0.448550 34 139 34
15.967015 -24.874183 0.078359 34 139 34
0.454179 -8.138271 -0.426268 139 69 19
2.232414 20.753738 -0.450288 34 139 34
9.437387 3.739741 -0.415480 34 139 34
4.285084 17.139869 -0.254598 139 69 19
21.249095 17.836648 -0.289931 34 139 34
23.010952 22.118557 0.144150 139 69 19
20.617260 13.245432 -0.273443 139 69 19
22.694648 -10.712317 0.099295 34 139 34
-5.573449 -15.364821 0.133890 34 139 34
-3.057793 -0.554304 0.493780 139 69 19
-6.516955 8.989801 0.859959 139 69 19
-21.151553 21.320805 -0.151297 139 69 19
-15.337746 11.435063 0.714669 139 69 19
-13.356000 -15.463373 0.183923 34 139 34
-12.566359 15.894847 -0.281313 34 139 34
17.266791 23.744792 -0.125069 34 139 34
-15.401952 -22.206773 -0.110857 34 139 34
5.365767 -24.471995 -0.645518 34 139 34
-19.995422 -17.690509 -0.427203 139 69 19
-13.630182 -21.100511 0.502638 34 139 34
-17.073119 -20.634416 -0.539389 34 139 34
-8.114378 -19.770467 0.333143 139 69 19
3.796823 -12.723661 0.701216 139 69 19
-13.371603 13.686892 0.108649 139 69 19
-3.624671 19.044094 0.098798 139 69 19
24.352095 -21.667625 -0.833611 139 69 19
-10.189039 10.373157 0.829692 139 69 19
-12.002183 14.883871 0.685254 139 69 19
22.953373 24.741044 -0.300061 34 139 34
-2.472474 -3.506244 -0.724143 139 69 19
-24.488535 -15.486496 0.491802 34 139 34
-10.435029 24.766852 -0.069656 34 139 34
-9.747054 -4.050420 -0.482509 139 69 19
1.392073 -22.376546 0.881270 34 139 34
20.082608 -20.472412 0.172515 139 69 19
-19.574297 19.212608 -0.612330 34 139 34
-8.963752 6.900352 0.087153 139 69 19
9.826267 -3.409110 0.165550 139 69 19
9.211518 4.021223 0.163562 34 139 34
-20.031839 0.096727 -0.314454 34 139 34
-6.542706 2.607379 0.540897 139 69 19
24.256169 22.142453 -0.316944 34 139 34
-1.611651 -18.917510 0.366095 139 69 19
17.927040 -24.348533 0.643117 34 139 34
-5.284079 0.804876 0.521493 139 69 19
-5.324010 -23.191372 -0.111532 34 139 34
17.692835 -17.737568 0.433165 139 69 19
14.089815 22.530642 -0.373869 34 139 34
15.132152 -19.390672 0.059819 34 139 34
20.058489 9.906402 0.080333 139 69 19
11.916083 -19.847534 1.163678 34 139 34
6.453821 3.136598 0.334007 139 69 19
-4.410612 -18.563762 0.223404 34 139 34
-10.703044 20.601027 -0.594631 34 139 34
-8.638871 -11.563602 -0.484331 139 69 19
-23.837974 -16.446267 -0.048033 139 69 19
19.600529 7.608630 0.016154 34 139 34
24.719966 22.552281 0.103569 34 139 34
13.014207 -9.330943 1.105154 34 139 34
-21.835876 11.390693 0.408042 139 69 19
12.542103 -24.729767 -0.172490 34 139 34
6.579641 -12.465852 -0.736293 34 139 34
-6.486220 7.930083 0.918878 139 69 19
4.159194 5.524379 -0.589222 34 139 34
-4.453834 19.172843 0.851111 34 139 34
15.870209 13.491709 -0.450982 34 139 34
18.714101 -21.907250 0.202527 139 69 19
24.757906 -0.594762 -0.207074 34 139 34
7.446958 -2.169257 0.317298 34 139 34
5.728492 -13.311802 -0.313973 139 69 19
-18.161546 -19.182999 -0.096156 34 139 34
16.418549 20.564212 -0.142202 34 139 34
15.207425 9.396892 -0.011068 139 69 19
-4.734987 -4.692590 -0.334069 34 139 34
15.557883 -2.129710 0.337921 139 69 19
15.133734 -23.571311 -0.483990 139 69 19
-12.283483 9.161985 0.361431 34 139 34
2.493304 -14.400973 0.581094 34 139 34
-13.545226 10.727652 -0.019673 139 69 19
1.629455 19.306066 0.406794 34 139 34
4.228704 -2.315752 0.090328 34 139 34
-18.265832 8.352358 1.100748 34 139 34
-16.160831 8.215373 -0.438708 34 139 34
-24.686174 -2.864751 0.111348 139 69 19
-16.237574 -15.948112 0.255505 139 69 19
-10.559559 -10.744043 0.375807 139 69 19
0.963559 -6.537483 0.657272 139 69 19
23.587904 -8.280513 -0.321643 139 69 19
-12.785133 -2.320442 0.593536 139 69 19
-13.587786 17.921514 0.309765 34 139 34
-4.695980 2.851651 0.786264 34 139 34
-24.932056 -0.630052 0.361242 34 139 34
-22.325868 -23.000705 0.083193 139 69 19
-10.319290 1.557098 0.115821 139 69 19
14.982668 -22.128525 0.770216 34 139 34
-9.404995 -7.091026 0.190035 139 69 19
-0.374351 20.523127 0.223444 34 139 34
0.898274 23.515993 -0.133610 34 139 34
-15.947271 -9.617171 0.440833 139 69 19
21.687854 -19.745953 -0.159045 139 69 19
-0.958577 9.799468 0.909323 34 139 34
-16.246066 -23.875640 0.213429 139 69 19
9.105461 -20.041474 -0.582444 34 139 34
15.623986 13.498986 0.563374 139 69 19
-7.634563 17.416101 -0.314690 139 69 19
-12.400682 19.932131 -0.581292 34 139 34
23.179257 23.431752 0.554165 34 139 34
-22.907697 -13.594119 0.215213 34 139 34
8.802850 21.049196 0.841023 34 139 34
7.498558 1.895410 0.233307 139 69 19
-12.612421 4.784701 0.202925 139 69 19
8.868730 6.811786 -1.452489 139 69 19
14.380829 10.120554 -0.083540 139 69 19
21.624107 -2.136567 0.053649 139 69 19
-9.513297 -13.703603 0.005849 34 139 34
-16.838983 6.374719 0.038179 139 69 19
10.172707 0.730131 -0.442615 34 139 34
-4.912883 24.437279 -0.413024 139 69 19
23.907439 19.004209 -0.218725 34 139 34
0.268676 -10.483328 -1.163802 34 139 34
12.306454 -4.809477 -0.471255 139 69 19
9.328879 7.738894 0.142257 139 69 19
-4.324791 -6.091700 -0.331198 34 139 34
-16.722334 -0.094335 -0.861491 34 139 34
-5.527650 -3.414490 -0.788544 34 139 34
15.394853 2.478275 -0.318233 139 69 19
1.974501 18.487070 -0.376102 139 69 19
19.949638 22.637384 -0.365502 139 69 19
-22.127060 23.101851 -0.579642 139 69 19
-17.049447 -4.908974 -0.355902 139 69 19
-17.203815 -23.083413 0.724054 34 139 34
-24.381249 17.636160 -0.473053 139 69 19
-22.607045 -3.927627 0.196949 139 69 19
-16.774101 9.208693 0.413045 34 139 34
16.752076 -24.794957 -0.403817 34 139 34
-17.453152 10.705185 0.185255 139 69 19
-14.341523 -11.927284 -0.413106 34 139 34
-17.861622 -24.645197 -0.185736 139 69 19
18.280474 24.211633 -0.123075 139 69 19
-2.347319 11.306996 0.099980 139 69 19
-6.182053 -21.047217 0.328481 34 139 34
20.400042 10.432683 1.091202 34 139 34
-9.031304 22.526768 -0.691136 139 69 19
21.695677 3.176922 -0.794466 34 139 34
4.574006 19.417616 -0.298214 139 69 19
5.509880 4.959017 -0.287796 34 139 34
-10.231346 -10.081018 -1.181961 34 139 34
-4.115025 -2.540233 -0.656937 139 69 19
13.200141 -17.795440 -0.982569 139 69 19
-6.631298 7.332650 0.486962 139 69 19
-10.657273 -14.095406 -0.403713 34 139 34
21.317461 1.121496 -0.428808 34 139 34
15.762647 5.929624 0.083514 34 139 34
-0.859045 9.353954 -0.513309 34 139 34
16.166270 -10.593355 0.311683 139 69 19
23.718985 -24.988495 0.658357 139 69 19
-20.997941 6.069418 -0.011745 34 139 34
-3.076828 -22.591215 -0.351831 34 139 34
15.611755 9.829368 0.218600 34 139 34
-3.040654 -17.118151 0.456626 34 139 34
-3.801379 -21.430091 -0.198430 34 139 34
21.204697 -22.016175 -0.049433 34 139 34
-5.602248 -13.031798 0.782757 139 69 19
11.465464 -11.700108 0.681559 34 139 34
4.166778 6.400701 -0.159614 139 69 19
13.943021 3.993616 0.308234 34 139 34
11.972317 -23.038111 0.554094 34 139 34
9.345162 6.214644 -0.201038 139 69 19
-23.028915 -23.298031 0.602017 139 69 19
-7.613065 -3.696699 -0.482973 34 139 34
9.306789 -9.235698 0.010421 139 69 19
14.131481 24.567958 -0.433993 139 69 19
10.663282 -8.904218 0.039771 139 69 19
2.228413 -11.205740 0.620828 139 69 19
4.558877 -16.736470 -0.465584 34 139 34
15.538067 -8.054794 -0.438902 34 139 34
18.747758 -7.949377 -0.011363 34 139 34
-1.993942 -1.572257 -0.451323 34 139 34
-14.243188 12.516165 -0.134825 139 69 19
-13.207990 11.625376 -0.287963 34 139 34
8.643788 19.758595 0.201315 139 69 19
24.440933 -0.697469 0.192693 34 139 34
-7.795611 -2.296685 -0.426548 139 69 19
-24.652180 15.396645 -0.332273 34 139 34
15.036858 -12.945019 0.175739 139 69 19
8.632847 -12.278542 -0.157093 34 139 34
13.718657 -20.812252 -0.180666 34 139 34
10.928581 4.904223 -0.220756 34 139 34
-1.157572 17.731114 0.494284 34 139 34
-16.421159 8.198676 -0.426887 139 69 19
-7.499342 -23.201792 0.456831 139 69 19
20.105004 -24.313904 0.937036 34 139 34
14.289200 -23.628663 0.055323 139 69 19
2.251487 12.930183 -0.529594 139 69 19
-5.799261 17.504449 -0.063690 139 69 19
-18.804746 13.874110 0.034829 34 139 34
-13.273671 1.084184 0.681336 139 69 19
14.613334 -9.265579 0.124629 34 139 34
21.253640 -20.958350 0.480169 34 139 34
10.497091 -7.267678 -0.380509 139 69 19
-13.846837 15.166046 0.059984 139 69 19
4.598137 2.626773 -0.021300 139 69 19
12.431526 16.658933 1.030170 34 139 34
17.717194 12.705901 -0.187217 34 139 34
23.331270 -13.599535 0.041848 34 139 34
15.806634 -11.486054 -0.566018 139 69 19
-15.012943 11.873341 0.358831 34 139 34
-22.437987 -7.322053 -0.275598 139 69 19
-18.324912 -22.225307 -0.043752 139 69 19
17.698054 15.131006 0.284862 139 69 19
-24.138687 -7.931389 -0.311182 34 139 34
-13.512341 -21.613012 0.944806 34 139 34
10.555442 0.621152 0.676025 34 139 34
-2.929969 -19.803552 -0.542032 139 69 19
-14.070204 -17.980595 -0.320585 139 69 19
-5.552881 15.376880 0.176224 34 139 34
6.828198 -1.630816 -0.151077 139 69 19
13.742624 6.151512 0.576524 139 69 19
-24.897500 -20.009758 -1.167053 34 139 34
24.469640 -18.249291 -0.499589 34 139 34
5.616174 -16.624716 -0.662372 139 69 19
-16.040384 -15.178729 0.069554 139 69 19
9.248890 -22.152541 -0.325623 34 139 34
-10.505521 -21.361100 -0.985381 34 139 34
-11.202327 -5.983428 -0.222628 139 69 19
17.339000 5.152844 -0.056056 34 139 34
14.552194 -2.980952 0.584235 34 139 34
0.761929 -20.482545 -0.194463 34 139 34
8.282530 1.766900 0.953074 34 139 34
-9.462108 -9.259111 0.645402 34 139 34
7.267160 -14.593274 0.251312 139 69 19
4.967200 11.265392 0.678487 34 139 34
-21.516740 -19.640189 -0.213004 34 139 34
2.652054 -5.215638 -0.312931 139 69 19
-2.834332 15.878836 -0.393494 139 69 19
-14.434764 2.040590 -0.475487 139 69 19
-8.106709 -18.394171 -0.260650 139 69 19
0.219487 -17.953672 0.219933 139 69 19
4.041234 13.374354 0.044998 139 69 19
1.805207 13.453306 -0.971984 34 139 34
-5.377911 -6.910897 1.031345 139 69 19
11.622673 -0.751087 0.250934 34 139 34
-20.664006 -1.655044 -0.725896 34 139 34
-15.713474 -17.819729 0.294344 139 69 19
2.506644 -22.074413 1.073115 34 139 34
2.890178 2.255628 1.109599 139 69 19
-17.842929 21.021856 0.189765 139 69 19
-18.341076 -18.606716 0.425895 34 139 34
-19.621681 18.412819 0.178009 34 139 34
-19.004651 -18.661015 0.659513 139 69 19
-17.203674 10.205519 0.353676 139 69 19
6.797805 18.773744 0.959676 139 69 19
23.365074 -14.481317 0.428636 34 139 34
1.714854 -21.332358 0.497661 139 69 19
-4.575084 22.478768 0.055842 34 139 34
-18.638102 23.543686 0.244593 34 139 34
-10.854656 17.794238 -0.323242 139 69 19
-4.623683 16.210780 -0.454967 139 69 19
15.612770 -8.290488 0.094207 34 139 34
11.136364 18.785371 0.457932 139 69 19
18.205969 -15.513616 0.144861 34 139 34
2.225891 23.469379 0.109101 139 69 19
-18.654751 13.404689 -0.071863 34 139 34
-0.737893 21.193660 -0.078578 139 69 19
-22.588190 -2.600461 -0.186217 34 139 34
17.327205 0.489075 0.151708 34 139 34
-18.093849 -2.194719 1.189590 139 69 19
-17.878908 -5.878835 -0.204657 139 69 19
-6.825692 -21.975669 0.352647 34 139 34
-22.644971 12.170484 0.114693 34 139 34
2.710525 -15.004439 0.045560 34 139 34
-6.252550 20.114036 0.673292 34 139 34
18.223788 -10.297980 -0.260980 34 139 34
-10.037143 10.581717 0.299656 139 69 19
17.385983 1.719803 0.816894 139 69 19
8.842505 18.691891 -0.259043 139 69 19
-8.369879 -13.805443 -0.632287 34 139 34
-20.255507 -15.986468 0.557430 34 139 34
7.055735 -19.099755 0.444048 34 139 34
-18.011073 24.911978 0.252875 34 139 34
-19.317253 20.429474 -0.503360 34 139 34
13.882183 -9.368385 0.290739 34 139 34
9.391428 -15.190819 0.393170 139 69 19
16.455323 -0.804927 -0.070025 139 69 19
14.775440 2.755619 -0.167549 34 139 34
-11.299052 -9.552736 -0.527351 139 69 19
1.236082 -21.662260 0.167174 139 69 19
-6.783038 7.289499 -0.681573 139 69 19
9.261789 -7.982472 -0.895767 34 139 34
6.798217 6.849368 -0.079961 34 139 34
-15.970210 24.006140 -0.579956 34 139 34
-1.748538 20.113494 -0.673843 34 139 34
8.710545 3.179521 -0.611687 34 139 34
23.784798 -20.024957 -0.086862 139 69 19
24.204133 -4.215529 0.055937 34 139 34
17.171935 -15.933736 -0.448814 139 69 19
-5.900792 16.220048 0.204394 139 69 19
6.589474 -1.411689 0.651032 34 139 34
1.536091 20.234947 -0.578793 34 139 34
15.029843 -20.825239 0.186322 139 69 19
-17.645218 7.934888 0.390962 34 139 34
12.964314 -4.943442 -1.080187 34 139 34
-14.364596 23.127322 0.718576 34 139 34
22.777609 20.606613 0.095822 139 69 19
-13.811254 -21.937050 0.433955 34 139 34
-15.959952 -24.903270 0.011603 139 69 19
24.146017 -14.825997 -0.802098 34 139 34
15.650449 -19.671586 -0.012856 139 69 19
16.788389 16.340542 -0.365455 34 139 34
-19.884122 1.538527 -0.566115 139 69 19
-9.276932 15.615432 -0.200602 139 69 19
-18.750393 4.692352 0.137773 34 139 34
16.789776 13.894577 -1.011071 139 69 19
-4.195387 -8.421397 -0.105623 34 139 34
-23.564949 1.518373 -0.218426 34 139 34
-14.224099 1.262145 0.516163 139 69 19
-24.542911 0.798507 -0.098220 139 69 19
10.309343 23.907578 0.194727 34 139 34
-21.992519 -6.544874 -0.067282 34 139 34
-6.035626 -18.055883 -0.641189 139 69 19
7.306499 -5.636213 1.125636 139 69 19
-2.708553 16.543611 -0.331404 139 69 19
-7.523513 24.700210 0.077914 139 69 19
-12.304827 -1.497984 0.455718 139 69 19
-15.077651 23.351832 1.416655 34 139 34
2.613446 -17.681894 -0.555212 34 139 34
-20.596820 16.868332 -0.240090 139 69 19
-1.180723 -21.603899 -0.700936 34 139 34
23.576446 -1.629325 1.295175 139 69 19
23.914179 -2.687652 0.256724 34 139 34
-24.244512 22.546065 -0.052492 139 69 19
-19.957441 21.888333 0.133659 34 139 34
24.944549 -21.253901 0.926262 139 69 19
-21.498163 15.401232 -0.538832 139 69 19
-21.529525 -23.576481 -0.050342 34 139 34
12.849873 -17.867067 -0.048444 34 139 34
-18.652210 11.364315 -0.089397 139 69 19
-19.981644 -16.149676 -0.365723 139 69 19
11.034623 14.180150 -0.889762 34 139 34
12.670724 8.292327 -0.419776 34 139 34
5.663883 9.442720 0.389561 139 69 19
16.540862 -6.274686 0.354593 34 139 34
-10.269420 12.044310 -0.999626 34 139 34
16.707434 15.629000 -0.029720 139 69 19
0.714764 3.862807 0.311894 34 139 34
-12.896882 -21.254238 -0.815953 139 69 19
-0.410236 21.454432 -1.075747 139 69 19
-13.922604 5.851881 -0.436466 34 139 34
13.129772 -18.385623 0.125071 139 69 19
17.497724 6.425390 0.837247 139 69 19
-14.101671 -13.090890 -0.546763 139 69 19
14.152197 22.971554 0.830063 34 139 34
-9.199795 22.236911 0.509344 34 139 34
8.466270 7.702656 0.278720 34 139 34
-24.889438 -24.907436 0.782054 34 139 34
-14.948753 12.141320 -0.234733 34 139 34
-24.609272 18.124786 0.106130 34 139 34
9.674888 20.668573 0.466836 139 69 19
16.024087 13.282021 0.060489 34 139 34
5.069800 17.051391 -0.039668 139 69 19
-18.583304 -3.599664 0.093424 139 69 19
-12.780624 1.624223 1.310908 34 139 34
2.896510 0.170429 -0.759341 139 69 19
-2.128290 -13.780755 0.368047 139 69 19
1.591338 24.749805 0.358100 139 69 19
0.456011 11.605763 1.105033 34 139 34
-14.527190 20.765994 -0.598991 34 139 34
-3.325988 -3.499232 1.122591 34 139 34
-15.794377 14.211637 0.927428 34 139 34
-19.148599 19.734209 0.035156 34 139 34
9.603166 -23.849759 -0.214228 34 139 34
-12.280127 -21.179298 -0.187417 139 69 19
17.233713 1.133934 0.855744 34 139 34
17.410713 -10.630552 0.809316 34 139 34
19.442117 1.587002 -0.003167 139 69 19
24.317424 -3.617092 -0.113997 139 69 19
-10.335541 -12.745152 -1.077001 34 139 34
-5.030529 9.535235 -0.078140 139 69 19
9.057620 15.415721 0.771307 34 139 34
-24.218567 -7.926321 -0.435189 139 69 19
-24.816278 7.199465 -0.129422 139 69 19
14.071114 2.503551 0.061520 139 69 19
7.641301 -22.243561 0.512326 139 69 19
-13.674568 -7.105110 -1.141097 139 69 19
-12.297177 21.278357 0.029138 139 69 19
-18.342745 15.835533 0.220380 139 69 19
-23.149236 -14.881586 1.062524 34 139 34
-3.850210 -11.844111 0.018883 34 139 34
-8.888664 13.837362 0.236997 139 69 19
-23.659924 8.363531 -0.119756 34 139 34
8.758377 6.641512 0.073473 139 69 19
0.553027 13.906148 -1.290846 34 139 34
8.743091 -1.878325 0.013375 139 69 19
11.342146 15.182539 -0.374595 34 139 34
-20.644410 -12.512402 -1.084531 34 139 34
-3.825549 -3.609785 0.255898 34 139 34
14.273744 -19.816731 -0.537120 34 139 34
-5.789876 -6.572997 -0.008529 34 139 34
7.725783 -20.348744 -0.331139 139 69 19
14.628872 16.366984 -0.975730 139 69 19
-2.079633 -8.217940 0.323200 34 139 34
-17.199666 21.878610 -0.140592 34 139 34
-7.779454 3.882282 0.460194 34 139 34
23.061840 6.558252 0.164855 34 139 34
11.973550 7.044224 0.250937 139 69 19
19.606663 -20.870638 -0.284582 34 139 34
-8.778993 12.544697 0.202138 139 69 19
-8.878321 24.492791 -0.146658 34 139 34
-11.750998 0.985377 -0.048091 139 69 19
11.179803 14.949683 0.381226 34 139 34
-24.592310 21.019116 0.480508 139 69 19
23.103454 7.911396 0.220675 34 139 34
-11.978591 -0.091280 1.114517 139 69 19
-1.936842 -19.269956 0.082315 139 69 19
10.301063 22.092782 0.258321 139 69 19
-8.381805 10.189507 0.230194 34 139 34
-16.579977 -8.265023 -0.192671 139 69 19
8.606468 4.446402 0.328330 34 139 34
-6.751723 10.434553 0.196915 34 139 34
0.236614 17.329134 0.086170 34 139 34
19.847646 -13.185161 -0.568971 139 69 19
4.110733 -21.868486 0.418294 139 69 19
1.806547 12.577835 -0.461085 34 139 34
-1.060463 -18.148386 0.168413 139 69 19
-9.859134 -14.966591 -0.678715 34 139 34
5.884616 -12.128537 -0.145744 34 139 34
20.026677 -23.999048 0.182209 34 139 34
-1.338604 0.256307 0.580523 34 139 34
15.733616 -18.457981 0.720056 34 139 34
3.442789 24.889749 -0.014312 139 69 19
-13.915605 10.709933 -0.293613 34 139 34
6.379219 24.285757 0.516520 34 139 34
-23.168850 -9.990657 -0.451989 34 139 34
9.369113 11.500895 0.044804 34 139 34
-16.712669 -12.884250 -0.166771 34 139 34
-14.935219 0.329603 -0.124771 34 139 34
20.165804 -12.695539 0.271518 34 139 34
0.146493 2.489109 0.200334 139 69 19
-7.629641 -6.345730 0.504536 139 69 19
23.634719 6.540897 -0.968807 139 69 19
22.878881 -22.786937 -0.155901 34 139 34
-1.006720 -0.256764 -0.014808 34 139 34
-0.039312 6.407939 -0.379788 34 139 34
-5.198589 -16.269065 0.226162 139 69 19
-2.681946 4.768336 0.806065 139 69 19
7.092606 4.887963 -0.163812 139 69 19
3.839884 15.049964 -0.203465 139 69 19
-1.669466 -18.018326 0.242789 34 139 34
-17.622732 -12.136230 0.002024 139 69 19
23.387338 0.125546 -0.039824 34 139 34
-0.588255 5.077009 0.081023 34 139 34
-21.344197 -3.384082 0.484282 139 69 19
-14.680750 -19.841309 0.029568 34 139 34
1.768237 0.716941 0.805786 139 69 19
-12.258862 13.847156 -0.901730 34 139 34
22.920168 5.827788 0.218088 139 69 19
14.563864 -2.512312 0.230284 139 69 19
-20.578852 -16.516766 0.386841 34 139 34
18.436622 -19.145512 1.502970 34 139 34
-5.361427 23.949802 0.382185 34 139 34
-4.926224 18.652896 -0.017988 34 139 34
4.779051 -10.331701 0.139612 139 69 19
1.677716 -1.082199 0.201633 139 69 19
21.063627 19.426796 -0.012561 34 139 34
9.986839 1.696783 -0.303853 34 139 34
7.231553 23.832052 -0.289170 34 139 34
15.475139 18.670851 -0.428843 139 69 19
-23.177929 14.651165 -0.385105 139 69 19
-7.816291 0.147200 -0.415944 34 139 34
24.459720 4.656565 -0.569605 139 69 19
21.618686 2.724407 -0.401396 139 69 19
6.450627 -12.626583 0.004709 34 139 34
22.751899 -18.643555 -1.075039 139 69 19
-22.803761 1.083186 -0.018034 34 139 34
-10.772647 0.298102 0.169451 34 139 34
-14.282629 16.701098 -0.129275 139 69 19
-5.858213 19.308193 0.068434 34 139 34
6.936058 14.098979 -0.189016 139 69 19
-17.229673 -9.495442 0.135776 34 139 34
-19.251322 23.830543 -1.223868 34 139 34
0.412226 17.577631 -0.128983 139 69 19
-6.395345 -12.707961 0.466265 139 69 19
-18.303314 -3.745178 -0.454577 34 139 34
6.951060 -2.507207 0.466289 139 69 19
15.795588 -19.028226 0.392633 139 69 19
2.858548 15.699754 -0.438927 34 139 34
-16.894035 13.990759 0.678872 139 69 19
-24.166923 -9.403330 0.006404 34 139 34
4.618153 -4.504757 0.408850 139 69 19
0.943335 17.719375 -0.735006 34 139 34
-1.268534 -19.441256 0.269638 34 139 34
-18.423113 -8.548048 0.200405 34 139 34
-8.862116 -2.514506 0.894161 139 69 19
20.773692 -1.223041 0.478060 139 69 19
0.693385 -10.875335 0.650638 34 139 34
3.737700 -5.608525 0.439503 34 139 34
-8.398013 -0.768184 -0.319210 139 69 19
-8.581715 -11.217352 0.032442 139 69 19
-11.018820 -22.576898 0.438656 34 139 34
12.898316 16.505827 -0.282150 139 69 19
9.983157 22.494755 -0.091819 34 139 34
-6.957731 -1.729322 -0.357939 34 139 34
9.778908 -14.374492 0.000257 139 69 19
-12.236271 7.327990 0.053712 34 139 34
24.664669 -23.478595 -0.109249 34 139 34
-24.851340 8.196553 -0.075237 34 139 34
15.191465 19.146593 0.150321 34 139 34
-24.874522 22.377451 0.114963 139 69 19
-17.728653 17.205859 -0.259548 139 69 19
4.012058 24.755670 -0.122470 139 69 19
3.842768 7.928165 0.245080 34 139 34
-17.163196 12.618312 -0.824606 34 139 34
-15.787912 7.447422 0.013195 139 69 19
-23.198598 0.463820 0.027451 139 69 19
1.526879 22.639327 -0.007317 34 139 34
-5.424262 2.369614 -0.624259 139 69 19
-9.889743 21.929031 -0.478708 139 69 19
-15.738075 -13.202094 -0.008359 34 139 34
-7.317169 -4.660339 0.214966 139 69 19
18.554455 15.930890 0.688904 34 139 34
17.664886 22.165859 -0.342801 34 139 34
-8.500628 3.261144 0.005291 139 69 19
21.700917 17.714936 -0.299565 34 139 34
3.192607 21.940865 -0.060710 34 139 34
19.813724 11.880441 -0.525691 139 69 19
14.734358 -20.339613 0.452519 34 139 34
0.099822 14.171073 0.786556 34 139 34
-7.890786 -5.738968 0.057539 34 139 34
5.781831 12.098098 -0.499738 34 139 34
8.715187 -14.594112 -0.571410 34 139 34
0.766909 -24.439190 0.273353 34 139 34
-23.728260 14.333694 -0.367926 139 69 19
-24.476106 -22.077269 0.086504 139 69 19
-15.375214 -5.886357 0.074901 34 139 34
-17.658797 18.586248 -0.007271 139 69 19
-8.627486 -10.998626 -0.821967 34 139 34
24.843839 24.553783 0.612649 139 69 19
-23.235802 -16.379970 -0.608167 34 139 34
-5.226283 -13.498437 -0.424347 139 69 19
15.746655 -2.679566 -0.403329 139 69 19
24.575648 -19.425057 -0.208482 139 69 19
0.771315 -21.343320 -0.439682 139 69 19
1.875090 -8.921079 0.201591 139 69 19
7.964350 -10.612260 0.446446 34 139 34
-22.885124 -12.950502 0.486978 139 69 19
13.732774 -14.555146 0.080455 139 69 19
7.905422 -20.396061 -0.699671 34 139 34
13.202669 -13.250578 -0.157702 34 139 34
-23.937174 -8.005731 -0.335369 34 139 34
13.547728 23.825092 -0.630962 34 139 34
10.180038 -17.731630 -0.222392 34 139 34
20.364782 5.690849 0.731567 34 139 34
-19.085349 17.405244 -0.490352 139 69 19
-24.767772 1.606632 0.618727 139 69 19
16.184578 21.788091 -0.114364 34 139 34
-12.643603 17.470926 0.146393 139 69 19
-13.360099 -13.731385 -0.238102 34 139 34
5.406359 -12.255012 -1.016329 139 69 19
19.269108 5.144089 -0.565882 139 69 19
-13.809674 7.018695 -0.605303 34 139 34
19.176368 23.824133 0.040292 139 69 19
-6.244666 7.110324 -0.737108 34 139 34
-10.029087 9.419557 -0.464126 139 69 19
-10.658737 -12.734435 0.651212 139 69 19
-6.129436 -19.387341 -0.384439 139 69 19
24.364708 -20.644100 0.534393 139 69 19
19.337824 11.491974 -0.432888 139 69 19
-10.037418 -11.207905 0.376718 34 139 34
4.800628 -13.939575 0.356680 34 139 34
-16.652280 7.530411 0.112714 34 139 34
-6.677869 -14.450240 1.091914 139 69 19
20.642097 0.492077 0.013158 34 139 34
13.551183 6.086574 0.244364 34 139 34
-0.092596 -12.772575 0.160394 34 139 34
-24.255651 -23.144747 -1.021590 139 69 19
-1.652568 9.703021 0.561837 34 139 34
15.652674 -8.938480 0.285209 34 139 34
-1.682402 -3.171456 0.219410 139 69 19
17.213313 11.943597 0.077233 139 69 19
-14.404245 -5.574939 0.507947 34 139 34
-21.970225 3.283699 0.179679 139 69 19
18.001328 6.088965 0.652721 34 139 34
11.170287 -15.869415 0.916006 139 69 19
9.929458 5.568559 0.020795 34 139 34
14.919439 4.513075 0.014833 139 69 19
-10.344620 8.649001 0.405804 139 69 19
-17.824168 4.311795 -0.667779 34 139 34
4.106718 5.273568 0.145572 34 139 34
18.188619 5.693881 0.282615 34 139 34
-13.702614 -24.235653 0.066041 139 69 19
15.639716 8.723397 0.577126 139 69 19
24.551911 -3.862707 0.091609 139 69 19
-9.221874 12.872842 -0.168941 139 69 19
-1.797665 12.033957 0.224606 139 69 19
13.058262 19.492189 -0.172559 139 69 19
-18.777525 -19.352056 0.442852 34 139 34
3.745696 -4.797501 0.134236 139 69 19
-3.758349 8.176278 0.105966 34 139 34
-4.119832 -0.362547 -0.459823 139 69 19
-20.738509 2.748673 -0.459882 139 69 19
-11.010759 -13.924334 -0.567441 34 139 34
8.659412 -10.087164 0.633737 34 139 34
-2.726943 -0.746862 0.769545 139 69 19
-19.834686 -11.068540 -0.407284 139 69 19
5.217437 24.537165 0.183515 139 69 19
20.583557 12.506081 -1.105984 34 139 34
0.637212 17.606151 0.025334 139 69 19
4.748491 -17.976426 -0.500013 34 139 34
-3.178644 -9.215680 0.260062 139 69 19
-24.115415 4.320815 0.091521 139 69 19
-17.782914 -17.956016 0.310760 139 69 19
0.708203 -19.292136 -0.118618 34 139 34
-3.805621 13.371058 -0.548751 34 139 34
16.808132 1.167764 -0.568472 34 139 34
18.224633 -11.601175 -0.546504 34 139 34
-17.016938 -12.588652 0.138388 34 139 34
1.294899 -10.454751 0.087705 139 69 19
-5.699264 19.105356 -0.072144 34 139 34
-20.062345 -14.136456 0.137583 34 139 34
-19.819216 6.451028 -0.305853 34 139 34
-6.014564 24.757751 -0.938431 139 69 19
0.170058 16.645176 -1.109652 139 69 19
-10.462367 18.120006 -0.223734 34 139 34
-12.828052 -15.066668 -0.059234 139 69 19
-11.847442 3.823740 -1.010685 34 139 34
-21.097337 19.253826 -0.229865 139 69 19
-20.556993 21.740855 -0.068709 139 69 19
6.648789 15.773265 -0.547129 139 69 19
-5.166473 -8.410433 -1.215222 34 139 34
-5.903235 -4.545025 -0.195806 34 139 34
4.920090 12.193304 -0.186044 34 139 34
0.073856 -6.142880 -0.200749 34 139 34
11.548851 -7.149398 -0.211333 139 69 19
-19.906645 0.833534 0.865583 34 139 34
11.445979 -14.955185 0.004091 34 139 34
-9.202362 -11.576526 -0.248535 34 139 34
-20.801737 11.712801 -0.129515 34 139 34
-23.483627 -1.053875 0.567426 139 69 19
6.043841 -22.223004 0.251000 34 139 34
11.727373 -19.330356 -0.830117 34 139 34
-7.201698 16.998709 -0.393937 139 69 19
14.993068 2.210655 0.140708 139 69 19
-7.555782 -2.650666 0.388824 34 139 34
6.799757 20.448419 0.059849 139 69 19
24.432666 -18.617973 0.253637 139 69 19
15.688616 -20.958706 -0.129269 139 69 19
-22.900660 4.497386 -0.356164 34 139 34
17.615287 -12.691150 -0.058222 34 139 34
-22.768690 -10.352036 0.292366 139 69 19
-9.246609 -18.197062 0.541241 34 139 34
8.247524 -8.107400 0.101990 139 69 19
4.061183 -5.822899 -0.234255 34 139 34
-2.998566 5.398571 -1.023184 139 69 19
3.861473 9.176177 0.296924 139 69 19
14.484929 -16.036786 0.616651 34 139 34
24.704005 -17.595836 0.054654 34 139 34
4.705160 1.341489 -0.451583 34 139 34
-11.981817 -4.789479 0.117859 139 69 19
24.848151 -9.858011 -0.970218 139 69 19
22.773803 -0.089035 -0.954140 139 69 19
-0.216549 -2.288710 0.050945 34 139 34
-20.553414 20.593127 0.108607 34 139 34
-15.233312 12.642456 0.100932 139 69 19
-18.197179 1.223149 -0.024020 139 69 19
20.996168 2.891503 0.050403 139 69 19
-19.239963 -10.070898 0.880798 34 139 34
-6.057123 -21.805516 0.551183 34 139 34
2.616772 -4.054383 -0.858740 34 139 34
-7.706642 -15.136849 -0.549293 34 139 34
-8.653331 17.929895 0.944991 34 139 34
-20.650381 -6.188151 -0.477357 139 69 19
13.683209 -5.794273 0.301581 139 69 19
1.824111 14.646451 -0.268488 34 139 34
-13.464912 -23.541523 0.332467 34 139 34
-2.654967 -13.499056 0.092890 34 139 34
-18.312887 -6.794160 0.169364 139 69 19
-19.940277 16.324261 -0.893788 34 139 34
-22.448080 -15.967645 -0.880712 34 139 34
-7.816138 -5.952779 -0.289780 139 69 19
-13.967669 -8.714753 -0.000291 139 69 19
-3.615203 -8.453838 0.026404 34 139 34
-16.178603 2.947833 -0.261440 34 139 34
21.711074 15.696536 0.150194 34 139 34
-22.615018 -22.760567 0.210242 139 69 19
0.479213 22.116433 0.070262 34 139 34
-3.164785 18.735815 0.712190 139 69 19
-15.875612 -3.590267 0.088661 34 139 34
10.442489 0.614140 -0.077321 34 139 34
3.667441 -5.823358 0.026132 139 69 19
7.956432 24.264750 0.225935 139 69 19
-1.769030 -18.551289 -0.111203 34 139 34
22.456577 10.908632 -0.131916 139 69 19
-9.606809 -1.823515 -0.710495 34 139 34
23.547058 16.873009 0.088167 139 69 19
-6.744621 19.762746 -0.210281 34 139 34
10.514303 1.258730 -0.032845 34 139 34
22.750629 -14.328106 -0.000595 139 69 19
19.659133 -15.604278 -0.620637 34 139 34
7.113645 5.587208 0.652102 34 139 34
18.943314 -1.536952 0.026617 139 69 19
4.773962 -2.643665 0.721277 34 139 34
6.413002 -21.970197 0.244977 34 139 34
-16.619659 12.014652 -0.529075 34 139 34
3.184768 -12.723047 0.276351 34 139 34
19.039769 -1.273515 -0.741115 34 139 34
-16.794493 -17.045411 0.344605 139 69 19
4.043033 -6.965438 -1.326257 34 139 34
-23.554259 -21.691737 0.351367 139 69 19
22.191645 21.320490 0.082070 139 69 19
1.631890 0.152501 0.143260 34 139 34
-14.742382 4.872596 -0.187501 139 69 19
17.503201 -8.817737 -0.628672 34 139 34
-4.710403 -8.959355 -0.028815 139 69 19
-6.723157 10.507777 -0.648859 34 139 34
-9.325822 -0.143182 -0.882000 34 139 34
-22.073179 -14.917256 0.176504 139 69 19
2.638771 4.993823 0.778271 34 139 34
-11.117726 -4.062795 -0.809067 34 139 34
-22.708040 -11.339148 -0.017105 139 69 19
-24.693520 -1.266921 -0.516757 34 139 34
-13.532025 -5.154362 0.211747 139 69 19
15.075278 -6.523308 -0.583072 34 139 34
-13.589808 7.723841 -0.460972 139 69 19
-5.665237 18.933567 -0.216297 139 69 19
9.831666 1.866249 -0.276929 139 69 19
-15.618996 22.581607 0.278485 34 139 34
5.956574 -1.706717 0.125003 139 69 19
-24.693775 -20.398512 0.839877 34 139 34
1.170464 4.907754 -0.445312 139 69 19
16.367742 -20.281162 0.172776 34 139 34
0.671633 24.864981 0.263496 139 69 19
-11.181250 13.812984 0.637028 139 69 19
-11.378954 17.424178 0.305497 34 139 34
24.112883 17.666880 -0.216426 34 139 34
22.848931 -22.564890 -1.099149 34 139 34
-11.380850 18.118107 0.137196 34 139 34
6.417274 23.381231 -0.131889 139 69 19
-9.434124 -24.620859 0.006751 34 139 34
17.708058 -8.242888 -0.104163 139 69 19
13.439924 -7.628476 0.021964 34 139 34
-13.027184 3.209468 -0.298769 34 139 34
5.774674 -13.817630 -0.485778 139 69 19
18.772857 10.291026 -0.264764 34 139 34
-14.996851 -2.693754 -0.029722 139 69 19
3.452944 -4.492259 -0.539588 139 69 19
-14.862726 23.892909 -0.140225 139 69 19
20.131392 -13.997600 -0.152356 139 69 19
14.073779 20.241167 -0.534841 34 139 34
-13.108759 -18.847198 0.245980 34 139 34
22.907666 3.072000 -0.322120 34 139 34
10.118172 -10.918248 -0.219193 139 69 19
15.310573 -11.279647 0.205132 139 69 19
7.966013 -18.926975 0.957259 34 139 34
0.290452 -1.810326 -0.514934 139 69 19
-19.768969 -7.100484 0.133903 139 69 19
-11.759998 16.450346 -0.774590 139 69 19
0.061668 -21.897925 -0.458301 34 139 34
1.157482 19.408805 -0.154679 139 69 19
-14.211579 -8.391779 0.370917 139 69 19
22.825818 -8.437093 0.440715 34 139 34
-7.755932 6.511510 -0.196071 139 69 19
16.012634 5.932194 1.046150 139 69 19
10.337232 -2.057130 -0.210586 139 69 19
1.265994 4.829269 0.192703 139 69 19
-2.482446 -17.169223 -0.031566 139 69 19
23.537569 -21.179539 0.289752 139 69 19
9.149790 13.577769 -0.200360 139 69 19
-22.688484 20.326119 0.321736 139 69 19
-14.465182 23.262016 0.126861 139 69 19
-3.251475 15.917914 0.145167 34 139 34
3.297052 14.083081 0.027390 34 139 34
15.801086 1.595023 0.137919 139 69 19
-2.263690 20.578678 -0.470640 139 69 19
3.518350 -1.607696 0.319049 34 139 34
-19.052328 14.311000 -0.291567 34 139 34
23.044557 6.547060 -0.137486 139 69 19
24.060513 16.130269 1.050717 139 69 19
3.973165 -4.540227 0.923178 34 139 34
19.538662 -2.909749 -0.242173 34 139 34
-15.888722 -20.447086 -0.170028 139 69 19
-18.349844 14.080637 0.182384 34 139 34
-3.747838 -23.554945 -0.798194 139 69 19
-1.525387 -20.982582 -0.093727 139 69 19
16.255427 2.171564 0.208292 34 139 34
7.379285 -22.560507 0.035117 34 139 34
23.095089 -17.198796 0.269625 139 69 19
6.917391 15.444568 0.381477 139 69 19
-15.875307 21.007272 -0.112466 139 69 19
14.807367 -23.872251 -0.255508 139 69 19
22.496053 16.991976 -0.521758 139 69 19
-21.065507 -5.763774 -0.000821 139 69 19
-1.235098 11.323829 -0.572753 34 139 34
-18.495432 -10.766480 1.212695 139 69 19
-8.227933 8.784412 1.081925 139 69 19
22.049051 21.328052 -0.468389 139 69 19
-4.407501 -1.862329 0.867529 34 139 34
21.400676 15.451905 0.249132 139 69 19
19.797795 -20.925810 -0.071315 34 139 34
-4.647466 -9.192831 -0.354721 139 69 19
2.609279 8.059051 -0.509286 139 69 19
16.247038 -11.384445 0.383691 139 69 19
6.295587 -24.084680 0.596880 34 139 34
-19.231676 17.708602 -0.199823 34 139 34
3.101269 9.250021 0.971712 34 139 34
24.587607 4.732164 0.388447 139 69 19
-12.190327 -11.981285 -0.231578 34 139 34
22.343065 22.165119 -0.124600 139 69 19
-22.596431 -1.626704 -0.396267 139 69 19
-4.592630 18.911316 -0.177665 139 69 19
-15.894783 20.961293 -0.109061 139 69 19
-15.131918 17.344329 -0.278471 139 69 19
11.322862 -10.834406 0.775958 139 69 19
6.197542 20.430932 0.035345 139 69 19
6.583700 -1.982601 -0.536387 34 139 34
16.281143 -1.880564 -0.668120 34 139 34
-22.704224 -12.665203 -0.449009 34 139 34
18.447884 7.478538 0.389731 34 139 34
3.272000 15.211398 -0.263566 34 139 34
-15.782538 8.973056 0.025955 139 69 19
9.160570 -20.003631 -0.630863 139 69 19
14.906559 16.022442 -0.413614 139 69 19
-23.819374 21.136715 0.208292 139 69 19
-2.299633 18.342959 -0.055358 139 69 19
-4.914278 7.675739 0.820781 139 69 19
-6.927554 -17.052762 -0.175573 34 139 34
-15.923240 -15.222154 0.889351 139 69 19
24.610090 -20.197581 -0.434772 34 139 34
-8.122980 -22.033937 0.217853 139 69 19
-12.511508 -13.871272 -0.073264 34 139 34
-23.303500 -3.795868 -0.345279 34 139 34
12.073132 14.804746 -0.419545 139 69 19
-24.324448 11.233707 0.242582 139 69 19
-0.536053 -23.347671 0.299834 34 139 34
10.961377 -11.821113 -0.399362 139 69 19
20.377091 -1.112433 0.402933 139 69 19
-9.903201 11.382783 0.048006 34 139 34
-22.674847 13.981207 0.117616 139 69 19
-16.800782 19.344610 0.504475 34 139 34
4.165809 -12.896259 -0.929143 34 139 34
21.868431 -4.878019 0.170416 139 69 19
5.565774 -3.775174 -0.756583 34 139 34
14.029603 2.598419 0.350691 139 69 19
1.786839 2.681495 -0.753519 34 139 34
-20.296114 9.852791 -0.388313 34 139 34
4.308970 6.145831 -0.444800 139 69 19
20.776146 22.650878 0.203520 139 69 19
18.018826 -10.725299 0.093572 34 139 34
-12.240239 -12.182401 -0.225506 139 69 19
-4.093583 -7.102598 0.389153 34 139 34
2.762301 -6.717413 -0.289985 34 139 34
-7.951428 4.244574 -0.526675 34 139 34
-20.765275 16.503823 0.886431 34 139 34
8.015660 -2.494289 1.164133 34 139 34
22.440628 23.447364 -0.323450 139 69 19
-6.054332 -7.291922 0.025285 139 69 19
-15.828615 -16.591827 0.187464 139 69 19
-23.552122 -23.441292 -0.839782 139 69 19
-12.360557 7.582779 0.687054 139 69 19
-5.445173 2.020574 -0.077825 34 139 34
6.177911 -0.789465 0.507867 139 69 19
11.763875 -13.564872 0.362421 34 139 34
-4.823158 -20.289266 -0.243313 34 139 34
-7.007351 -3.748465 0.444857 139 69 19
13.586258 14.015285 0.350797 34 139 34
-1.690251 -16.062086 1.247756 34 139 34
-13.606838 -12.645734 0.572067 34 139 34
16.805899 22.266322 -0.625876 139 69 19
17.237699 -19.225883 0.516859 34 139 34
23.539476 12.270739 -0.188232 34 139 34
1.807555 18.561690 0.258036 34 139 34
-8.300752 -11.870198 -0.248920 139 69 19
-6.966773 -2.875512 -0.114110 139 69 19
14.438177 -3.303385 -0.876824 139 69 19
6.322819 21.030409 -0.211107 139 69 19
-20.997996 2.265756 -0.624358 34 139 34
-1.271916 9.812027 0.317322 139 69 19
-13.806054 -1.621908 -0.992893 34 139 34
16.525228 9.874576 -1.006590 34 139 34
21.153764 21.101144 0.109449 34 139 34
1.297562 -5.908807 -1.065868 34 139 34
4.000615 -21.258947 0.573385 34 139 34
4.387107 -7.319233 0.032477 139 69 19
-11.774028 -3.111172 -0.162158 139 69 19
-17.208336 10.792323 -0.077375 34 139 34
19.809113 23.843650 0.962405 34 139 34
23.387208 -11.900323 -1.321145 34 139 34
-10.799182 9.692452 -0.494160 139 69 19
-3.806909 17.555366 -0.605099 34 139 34
4.903498 -3.267320 0.136556 139 69 19
-1.066992 7.497209 0.304794 34 139 34
-6.944295 6.977198 -1.111063 139 69 19
10.446986 -4.068135 -0.088999 139 69 19
14.351856 19.271823 -1.523076 34 139 34
-10.541818 -14.931037 0.423583 139 69 19
-22.546540 -1.908764 0.129980 34 139 34
-16.350328 -3.338799 0.045773 139 69 19
-12.454117 -4.672208 -0.286550 34 139 34
-11.954117 -18.509418 -0.624902 34 139 34
16.643590 -8.961380 -0.905812 34 139 34
-17.598507 -1.266554 0.182434 139 69 19
-24.274483 7.036093 -0.083111 139 69 19
-15.166421 15.562452 -0.230396 34 139 34
18.334498 3.751627 -0.981360 34 139 34
18.003510 17.468656 0.448189 34 139 34
2.992075 -3.717946 0.470533 139 69 19
-1.778538 16.444729 -0.608628 34 139 34
2.235951 -24.229157 -0.541239 34 139 34
-1.827864 4.861391 0.304450 139 69 19
21.898689 -19.680476 0.233245 34 139 34
12.093873 -12.811243 1.030186 34 139 34
18.034269 -11.116349 -0.039076 34 139 34
-6.358853 21.325606 0.508813 34 139 34
4.280925 8.805348 -0.169661 139 69 19
-1.331786 13.981710 -0.204589 139 69 19
15.500764 -15.409956 -0.136727 34 139 34
-20.211960 10.332563 -0.725480 139 69 19
21.391971 -15.972866 -0.165367 139 69 19
4.162462 -13.563322 -0.516266 34 139 34
7.442609 6.766078 0.562028 139 69 19
15.015743 -2.653860 -0.280640 34 139 34
21.303479 23.665020 -0.172525 139 69 19
-4.426782 -5.065284 -1.010661 139 69 19
-1.511325 17.220040 0.407833 34 139 34
-3.791186 18.630008 -0.140937 139 69 19
-6.870770 -8.810765 -0.257974 139 69 19
23.037905 6.202211 0.260183 139 69 19
2.293159 -4.038110 -0.340399 34 139 34
13.377472 -5.766470 0.560147 139 69 19
18.285017 -11.357307 0.958095 139 69 19
21.907084 -3.470878 -0.280423 139 69 19
-3.356433 22.781223 -0.104740 34 139 34
-12.042013 -5.971177 -0.110813 34 139 34
-0.365406 -0.816679 -0.040069 34 139 34
0.874102 20.774203 -0.068641 34 139 34
17.498997 14.168030 0.447825 139 69 19
-1.043264 -3.456948 -0.768851 34 139 34
7.886630 15.106076 -0.321569 139 69 19
-5.855970 -3.882675 -0.654014 139 69 19
8.649827 -6.757032 -0.591356 139 69 19
-11.151017 -15.650992 0.053227 139 69 19
15.737561 8.448416 -0.343139 34 139 34
23.801755 17.265950 -0.430096 139 69 19
7.786926 -20.126883 0.430055 34 139 34
8.199884 8.278768 -0.559007 34 139 34
-11.783057 14.591511 0.360417 34 139 34
-5.435755 -23.532466 0.776331 34 139 34
22.034425 12.494213 0.663233 34 139 34
-6.631240 24.110800 -0.318638 139 69 19
-20.135804 3.142575 0.881783 139 69 19
22.069841 -24.508424 0.501766 34 139 34
1.659607 -10.592537 0.597680 34 139 34
2.484790 -1.800874 -0.456622 34 139 34
-3.881103 20.070230 1.078520 139 69 19
-2.119203 -6.507222 -0.390478 34 139 34
24.493691 -16.696324 0.277637 139 69 19
2.457546 21.803086 0.589122 139 69 19
17.333341 -1.308673 0.884774 139 69 19
15.735545 13.719551 -1.287806 34 139 34
-7.691784 24.755037 0.357526 139 69 19
-9.693539 21.808737 -0.938268 139 69 19
3.600165 -20.655477 -0.381191 139 69 19
18.625118 -5.367738 0.806441 139 69 19
-17.973824 -8.412312 -0.194870 139 69 19
-19.015196 8.781099 0.124705 139 69 19
-12.007049 -21.365119 -0.231124 34 139 34
-5.005183 -23.378097 0.765633 139 69 19
-2.360611 10.677531 0.179700 139 69 19
-6.728944 4.249762 0.576790 34 139 34
13.344397 -15.483269 -0.053441 34 139 34
22.814310 -4.906287 -0.113542 34 139 34
6.196179 -20.954574 -0.163888 139 69 19
15.832146 13.226809 0.513868 34 139 34
5.751174 22.968740 0.332688 139 69 19
5.370292 -20.346102 -0.472970 139 69 19
20.853417 -0.535787 -0.347921 34 139 34
-16.569372 2.727309 0.290850 139 69 19
17.829058 2.958334 -0.609193 34 139 34
-8.365949 -20.597654 -0.285819 34 139 34
-8.344130 -2.748578 1.135376 139 69 19
19.843050 23.771687 -0.898392 139 69 19
24.945402 0.537459 0.139662 139 69 19
-2.421584 -21.441368 -0.163801 139 69 19
21.185130 -21.618201 0.089164 139 69 19
9.698331 -10.823538 -0.350470 139 69 19
24.108801 -10.145906 -0.522378 34 139 34
-23.334185 -17.420800 -0.790877 34 139 34
-12.416724 -9.974780 0.098251 34 139 34
24.277293 -9.341301 -0.215020 139 69 19
5.285439 24.518088 0.240096 34 139 34
-10.831524 24.481087 0.391532 34 139 34
22.448155 -15.436454 -0.184824 139 69 19
8.328974 18.907049 0.228139 139 69 19
-6.015837 24.249046 0.273806 139 69 19
24.132205 22.660145 0.006982 34 139 34
4.106225 17.147418 -0.377052 34 139 34
21.607387 -15.509148 -0.147298 139 69 19
-8.394609 -1.529085 -0.296555 139 69 19
-20.321153 17.650732 0.632471 34 139 34
-24.853550 -17.279932 -0.109074 139 69 19
-11.669082 22.234960 0.297361 34 139 34
-22.142417 7.339016 0.447155 34 139 34
-1.855928 17.131073 0.327612 34 139 34
-22.183172 1.972516 -0.257291 34 139 34
-18.012403 1.922321 -0.234717 139 69 19
-23.516021 -6.419357 -0.716628 34 139 34
-10.863376 1.170918 -0.652581 34 139 34
-0.370127 -9.874308 0.127952 34 139 34
-17.573867 -3.106229 -0.230396 34 139 34
23.866436 -3.401216 0.290143 139 69 19
-16.485755 3.711328 -0.003545 139 69 19
-9.456724 8.249208 -0.304568 34 139 34
-1.401648 -14.769312 -0.122467 139 69 19
-1.238775 10.309502 0.246899 34 139 34
2.794393 -22.377976 0.262448 34 139 34
12.270274 -8.968673 -0.024217 34 139 34
23.782533 -13.617950 -0.278133 34 139 34
-12.638286 -21.684598 0.440393 139 69 19
-14.250384 -4.180364 -0.141414 34 139 34
-5.735539 -13.836993 -0.238257 139 69 19
18.082987 -9.236866 -0.056358 139 69 19
14.689339 7.592795 0.421320 34 139 34
14.012071 -0.418902 -0.426921 139 69 19
24.398759 14.005546 0.386506 139 69 19
-12.572549 4.576240 -0.433763 139 69 19
-17.174615 23.299243 0.779921 139 69 19
-13.365748 10.669724 0.228385 139 69 19
-24.274632 21.454994 0.274044 34 139 34
-24.219108 15.951391 0.731864 34 139 34
-3.128983 -22.593138 -0.545719 139 69 19
-4.609875 24.099860 0.833378 139 69 19
-6.288275 -17.778176 0.855108 34 139 34
11.379668 19.635385 0.150655 34 139 34
18.701078 -9.196263 0.253454 139 69 19
-6.500478 11.682967 -0.039303 34 139 34
7.977580 12.435180 -0.366753 139 69 19
-23.503627 -9.296143 -1.325007 34 139 34
21.591043 10.256955 0.347932 139 69 19
-5.477016 -15.110784 -0.050429 139 69 19
0.255171 2.307282 -0.285666 34 139 34
-15.663900 21.374751 0.114681 139 69 19
-17.529159 3.629394 -0.363484 34 139 34
19.799683 5.415616 0.717064 139 69 19
-1.617013 15.553616 -0.690328 139 69 19
-1.506938 -23.444143 -0.140626 139 69 19
-20.653694 13.300324 0.100023 34 139 34
-10.020721 -6.472355 0.914932 139 69 19
16.214907 -9.413996 0.724243 34 139 34
-10.314594 13.147050 -0.088902 34 139 34
-15.083915 2.073957 -0.062591 34 139 34
1.207261 -7.514998 0.515483 139 69 19
-10.376843 0.783769 0.170533 139 69 19
-9.932762 -16.420973 0.417639 139 69 19
-9.154761 -23.842353 -0.442728 34 139 34
12.625007 -22.623206 -0.243689 34 139 34
-1.307994 5.077354 -0.291213 34 139 34
-20.942533 17.210584 1.296152 139 69 19
16.091236 -1.574329 0.285905 34 139 34
0.023802 -9.864378 0.956833 34 139 34
16.217245 22.695314 -0.552240 34 139 34
-12.899692 23.338676 -0.273879 34 139 34
7.903884 1.121221 -0.393842 34 139 34
13.967391 -9.284885 -0.528323 139 69 19
8.469668 10.362733 -0.089368 139 69 19
-4.401455 -18.962515 -0.007410 34 139 34
-14.853517 -2.053158 -0.534621 34 139 34
-5.954079 3.513067 -0.119265 139 69 19
14.013061 -5.670259 -0.056947 139 69 19
-10.461515 10.885299 0.709068 139 69 19
-1.894164 18.635917 -0.414159 139 69 19
-12.562269 -9.986821 0.527862 34 139 34
23.591328 -14.670930 0.101639 139 69 19
23.690928 -3.126214 0.011195 34 139 34
23.560875 8.727093 -0.894312 139 69 19
-0.709764 5.000294 0.120234 34 139 34
-9.925076 -4.630222 -0.188530 139 69 19
18.980712 -5.059920 -0.365390 34 139 34
12.954900 -11.444494 0.553915 139 69 19
-10.673427 23.568782 -0.466867 139 69 19
-19.422381 -4.748213 0.161145 34 139 34
-13.203685 0.888520 0.398188 34 139 34
-24.061054 -23.822520 0.209041 139 69 19
24.631721 -23.493964 1.163094 139 69 19
-7.100707 -15.967722 -0.603070 139 69 19
-5.478787 -13.928832 -0.752894 34 139 34
-18.967483 -13.591484 0.254709 139 69 19
3.317294 -6.824904 -0.538925 34 139 34
19.239190 8.234842 -0.139040 34 139 34
4.961467 -4.587721 -0.467553 139 69 19
-4.722205 4.635652 -0.405689 139 69 19
8.249145 -3.576984 -0.222030 139 69 19
17.258325 5.808625 -0.305281 139 69 19
13.008262 -18.435893 0.422116 34 139 34
-18.118976 23.912679 0.199589 139 69 19
22.402821 13.484080 0.470520 139 69 19
3.271839 -1.556683 -0.067420 139 69 19
24.797187 -23.834221 -0.154446 139 69 19
7.076514 20.253637 -0.389725 34 139 34
-3.868588 18.172777 -0.593625 34 139 34
-13.295345 23.349679 0.310713 139 69 19
20.989858 -23.539639 0.676140 34 139 34
-12.035938 -21.443027 -0.093124 34 139 34
-0.667031 -0.273917 0.554578 139 69 19
-20.593266 -16.533100 -0.473210 139 69 19
-4.307829 -12.186829 0.607505 34 139 34
-20.487711 -23.955366 -0.598571 34 139 34
-2.364909 9.668731 -0.014081 34 139 34
10.002554 3.503034 -0.361942 139 69 19
-16.332708 -20.577082 0.918657 34 139 34
3.944320 1.561803 0.442742 139 69 19
20.356038 13.320618 0.186905 34 139 34
-10.534453 3.468904 -0.284333 34 139 34
6.476949 -20.561380 -0.716732 34 139 34
4.270753 1.891046 0.371025 34 139 34
9.181776 2.190358 -0.094510 139 69 19
-6.618345 6.364721 0.052521 139 69 19
7.208834 6.836183 -0.355033 34 139 34
-5.554638 2.125775 -0.371889 34 139 34
18.872771 -8.215080 0.017711 139 69 19
-20.134216 23.340808 -0.094211 34 139 34
15.276079 22.821579 0.425475 34 139 34
12.259037 19.269109 0.050383 139 69 19
11.014700 8.043130 0.565591 34 139 34
5.569390 -21.073173 0.435257 139 69 19
12.465892 -21.445193 -0.582162 34 139 34
24.062413 10.960865 -0.035419 139 69 19
19.339043 13.146788 0.085506 34 139 34
-18.041616 3.987823 -0.832509 34 139 34
-21.819879 4.422054 -0.148592 139 69 19
7.367770 8.737254 0.245568 34 139 34
3.373040 11.424825 0.194032 139 69 19
21.851951 -19.379209 -0.306567 34 139 34
22.864508 -5.832245 -0.677036 34 139 34
4.673453 -14.664688 0.511089 34 139 34
-23.325824 -1.305478 0.209490 139 69 19
24.829279 17.030681 0.264993 139 69 19
19.072039 20.951544 0.237964 34 139 34
13.255254 10.711522 0.442510 34 139 34
12.920876 -13.700494 0.661080 34 139 34
8.917787 -7.538092 -0.116775 34 139 34
21.575175 8.996333 0.403321 139 69 19
16.804426 -12.578962 0.456855 34 139 34
1.469792 13.038837 -0.135263 34 139 34
19.793968 13.287349 -0.137568 34 139 34
-17.007292 11.604290 0.863212 139 69 19
2.551740 10.593926 0.346683 34 139 34
11.219613 14.648190 0.741710 139 69 19
-6.878134 -20.533539 -0.795685 34 139 34
4.844253 3.817590 0.177065 34 139 34
10.600048 -24.707958 -0.577912 34 139 34
-4.098971 -9.107530 0.587058 139 69 19
-10.333238 -8.538882 0.712036 34 139 34
-23.768404 1.693114 -0.293958 34 139 34
17.690636 19.172732 0.328576 34 139 34
-7.669216 22.242977 -0.521494 34 139 34
-15.642902 -2.396943 -0.116265 139 69 19
16.873692 3.831112 1.015140 139 69 19
-2.207998 -5.672242 0.190684 139 69 19
20.851790 -19.566379 -0.638471 34 139 34
-15.017948 2.260579 -0.465616 34 139 34
2.555199 3.144935 -0.369868 34 139 34
10.294717 -9.908966 0.050954 139 69 19
13.271432 4.372815 1.253397 139 69 19
21.778227 1.871270 0.044735 139 69 19
18.568316 -13.705324 0.610028 139 69 19
19.752988 17.348479 -0.563599 139 69 19
-4.164118 1.713509 0.323410 139 69 19
-4.052025 19.702178 0.122147 139 69 19
-8.841334 -6.217749 -0.142764 34 139 34
-9.890579 -24.895878 -0.162167 34 139 34
-19.322797 -7.745303 0.177816 139 69 19
-20.966754 21.156600 0.694977 139 69 19
8.785678 2.628198 0.014001 34 139 34
11.666530 -5.032099 -0.277506 34 139 34
-10.724959 3.947668 0.154149 139 69 19
10.676233 20.433483 -0.029468 34 139 34
3.679646 23.388158 0.020590 34 139 34
-12.621469 2.654848 -0.061935 139 69 19
-7.159896 19.834570 0.678960 139 69 19
9.656681 -9.411596 0.058532 139 69 19
19.604984 8.042751 0.369200 34 139 34
13.509700 -11.060628 -0.826816 34 139 34
7.253164 4.532584 0.776200 34 139 34
2.785793 -17.171518 -0.258706 34 139 34
-22.508513 -17.124166 -0.227040 139 69 19
13.384823 21.067660 -0.383610 139 69 19
4.472918 6.508010 -0.062979 139 69 19
-6.126250 5.833287 0.630702 139 69 19
-2.156328 0.021845 -0.082583 34 139 34
-2.491770 5.343824 -0.204021 34 139 34
-13.623771 10.175573 -0.314901 34 139 34
-4.264032 -8.078536 -0.285092 34 139 34
-8.223495 -19.832404 -0.258582 139 69 19
-6.280574 -13.357645 1.357662 34 139 34
-11.815322 20.954052 0.196463 139 69 19
10.309847 19.751397 0.018294 34 139 34
20.310017 -2.159781 -0.135286 34 139 34
2.079847 11.086055 -0.050858 34 139 34
-4.930587 1.410262 -1.362548 139 69 19
21.519195 -9.769828 -0.322887 139 69 19
-14.591134 2.500565 -0.074372 34 139 34
24.157603 -1.895234 0.278784 139 69 19
19.303951 4.594987 -0.090697 139 69 19
-11.786514 -3.999377 0.281079 34 139 34
14.853599 20.928435 1.030173 139 69 19
-9.899337 23.389918 0.294851 139 69 19
-0.574347 -5.749511 -0.502431 34 139 34
-6.260310 10.256115 -0.323504 139 69 19
7.577866 -4.062784 -0.384948 139 69 19
1.340544 8.509768 -0.467891 139 69 19
21.899356 -5.284556 0.213310 139 69 19
14.392421 0.346282 0.091339 34 139 34
19.111232 8.580001 -0.073959 139 69 19
-10.504145 -7.771441 0.422720 34 139 34
16.730535 2.685427 -0.452002 139 69 19
15.616512 -10.415098 0.077295 139 69 19
14.631856 4.042794 -0.845623 139 69 19
-12.919389 -4.464990 -0.079637 139 69 19
13.677996 12.991083 -0.354894 34 139 34
18.992491 -18.103197 -0.241162 34 139 34
-9.729374 4.875008 -0.687488 139 69 19
9.818958 -23.433791 0.121774 34 139 34
-18.195562 5.646731 -0.035214 139 69 19
6.010863 -14.264149 0.850115 139 69 19
24.089095 17.003196 -0.710271 34 139 34
5.483681 -4.524257 0.172568 139 69 19
-20.171657 17.828142 0.305691 139 69 19
-23.648413 14.429179 0.262061 139 69 19
20.444294 24.208956 0.038077 139 69 19
-19.508189 -8.890140 0.310069 34 139 34
-0.507147 18.649542 -0.199969 34 139 34
-2.680593 4.214631 0.421651 34 139 34
12.325734 -23.263563 -0.102670 34 139 34
-5.743790 -16.301890 0.180608 34 139 34
-3.903467 -2.957536 -0.680762 34 139 34
-16.434056 14.708812 -0.306461 34 139 34
-18.607721 14.647443 0.122816 34 139 34
19.289603 6.569278 0.512561 34 139 34
-24.876986 -13.461624 -0.536521 139 69 19
-10.886665 -16.063182 0.710513 34 139 34
22.890041 -8.660235 0.448856 139 69 19
-16.774059 11.813074 0.142816 139 69 19
12.252074 13.949120 -0.659414 139 69 19
-19.837651 -14.669072 0.141778 34 139 34
-17.869946 -12.999635 -1.107306 34 139 34
13.434751 -10.620519 -0.459883 34 139 34
-18.922457 10.717333 -0.134341 139 69 19
12.615885 9.341256 -0.173740 139 69 19
-19.262719 -21.213330 0.062706 139 69 19
-2.225295 6.539996 0.220697 34 139 34
6.041552 -20.863797 0.219545 139 69 19
-12.400798 23.824876 -0.317868 34 139 34
-17.784375 13.995002 -0.658761 139 69 19
11.504656 19.331266 -0.440787 139 69 19
16.882735 -9.520446 -0.872431 34 139 34
-6.318535 1.763057 -0.142589 34 139 34
4.916866 5.336033 0.366412 139 69 19
9.062385 15.308618 -0.129155 139 69 19
12.171920 -9.267679 -0.717355 34 139 34
-2.935683 -24.722222 0.451920 139 69 19
24.063732 9.421901 0.527091 139 69 19
-16.433859 -15.688657 -0.175959 139 69 19
2.844343 -24.224256 -0.267436 139 69 19
23.132694 20.990661 -0.236960 34 139 34
-22.187031 10.087413 0.011920 139 69 19
-24.987165 14.522493 0.154055 34 139 34
7.771454 -6.234583 0.057014 139 69 19
-5.565322 -2.710608 -0.032060 34 139 34
-9.635830 13.143566 -0.143956 34 139 34
-4.743593 22.392905 -1.056657 139 69 19
-13.082017 5.478724 -0.110698 34 139 34
22.498723 -11.170932 -0.183193 34 139 34
14.767712 -22.991074 0.736484 34 139 34
-24.120613 11.358323 0.461764 139 69 19
20.836048 20.344572 -0.013651 139 69 19
2.479450 2.535964 0.222711 139 69 19
-16.740918 8.810145 -0.016465 34 139 34
-4.969396 16.482548 -0.044360 34 139 34
-24.601947 -14.288207 -0.105296 34 139 34
6.568727 -16.780464 -0.217798 34 139 34
3.833035 23.100451 1.335153 139 69 19
-17.328648 0.293309 -0.771425 34 139 34
3.426075 -17.967700 -0.716126 139 69 19
-3.196720 7.441378 -1.517636 34 139 34
-9.835099 4.592547 -0.200583 139 69 19
22.426961 -13.280869 0.122745 34 139 34
-18.467547 -20.179826 -0.415359 34 139 34
-21.639713 9.312943 0.559827 139 69 19
-1.537921 0.648848 0.129694 139 69 19
14.225517 17.931406 -0.565706 34 139 34
2.134679 22.638849 0.039139 139 69 19
-15.518926 21.483191 0.449188 139 69 19
-19.721912 20.986686 -0.031445 34 139 34
6.046881 7.842412 -0.273816 34 139 34
-15.118889 1.344366 -0.199203 34 139 34
5.764487 -15.056871 -0.409920 34 139 34
3.956670 -20.757238 0.274198 34 139 34
-8.020026 -14.249237 0.695230 34 139 34
-15.349905 1.641097 -0.518480 34 139 34
-19.952602 0.376445 0.347376 139 69 19
-5.571221 -1.210538 0.507288 139 69 19
13.771930 -18.909335 -0.385075 34 139 34
-2.795165 17.331140 0.522037 139 69 19
-6.083261 -9.808906 0.153028 34 139 34
22.341660 23.940879 0.169602 139 69 19
9.391644 -10.968174 -0.165927 139 69 19
-11.833275 19.942472 -0.042340 34 139 34
6.760030 -10.549187 0.154421 139 69 19
3.663445 3.894786 -0.790611 34 139 34
-2.818488 4.139200 0.294984 34 139 34
-2.262247 20.338160 -0.248265 34 139 34
14.418939 -10.345232 0.085402 34 139 34
21.167158 6.447023 -0.178812 139 69 19
-24.013068 -24.773289 -0.059302 34 139 34
24.833436 -6.822207 0.607325 139 69 19
-18.574605 -14.233117 -0.684863 139 69 19
-9.731275 2.050551 -0.451960 34 139 34
-20.313758 -11.727952 0.030801 139 69 19
14.916593 6.232361 0.262217 139 69 19
-21.288823 13.642117 0.176370 34 139 34
15.425935 -16.285236 -0.140833 34 139 34
0.954369 -12.514908 0.091545 139 69 19
-6.128965 18.607888 -0.015322 34 139 34
-1.790967 4.664920 -0.360210 139 69 19
4.213214 -0.634877 0.971339 139 69 19
-21.861326 5.525113 -0.030901 139 69 19
11.861777 -20.492603 -0.236450 139 69 19
-15.820320 4.735016 -0.502328 139 69 19
16.404218 23.701218 0.090628 139 69 19
-8.253324 10.593891 -0.481887 139 69 19
-11.048970 22.151214 -0.167279 139 69 19
-22.561568 -2.624411 -0.228804 34 139 34
-5.800155 5.874838 1.052916 34 139 34
12.372596 -3.404669 0.646704 34 139 34
-14.159696 12.724129 -0.811178 139 69 19
-18.362801 -21.093619 0.703999 139 69 19
-20.598073 -12.664156 0.290092 139 69 19
23.971878 18.031309 0.208507 34 139 34
5.076182 -7.810813 0.949446 139 69 19
-7.113811 -4.528242 1.337948 34 139 34
-6.957551 -5.086746 -0.179099 139 69 19
-2.957920 -16.541528 0.015858 34 139 34
11.123541 -12.791540 0.734532 139 69 19
-6.624169 20.812284 0.660442 139 69 19
-16.764699 17.989559 0.451939 34 139 34
-24.681425 -15.292443 0.050489 139 69 19
22.350274 22.866406 -0.130050 139 69 19
5.328134 -16.780506 -0.294175 139 69 19
-5.780120 -5.172833 -0.716260 139 69 19
17.121177 -23.194734 0.512208 139 69 19
19.644082 -18.957266 0.106921 139 69 19
8.762997 9.389820 -0.820112 139 69 19
18.107507 23.695384 -0.348591 139 69 19
-23.846785 -16.707464 0.334502 34 139 34
10.697583 -15.551868 1.099654 34 139 34
-19.659551 -11.279029 -0.588383 139 69 19
-11.359670 11.199391 -0.544710 139 69 19
-4.719385 6.432667 0.518066 139 69 19
-19.634199 5.350170 -0.424215 139 69 19
-2.666725 -3.450017 0.115360 34 139 34
-4.841126 -10.562992 -0.486624 34 139 34
-3.344859 -0.984676 0.180488 34 139 34
-9.568319 -5.838782 -0.890542 34 139 34
20.525675 20.056184 -0.060659 34 139 34
10.530974 -13.691501 0.189456 34 139 34
19.786135 -13.123260 -0.705174 34 139 34
14.302849 22.267259 0.408622 34 139 34
9.471518 11.737039 0.237367 139 69 19
-15.253282 -10.496420 -0.704004 139 69 19
2.493008 9.956489 -0.543383 34 139 34
-16.830408 8.604225 0.251732 34 139 34
-5.576238 -3.542382 -0.305055 34 139 34
15.690495 -14.535390 -0.806390 34 139 34
0.634127 -16.876834 0.276023 139 69 19
-14.687047 -19.520563 -0.016425 139 69 19
-14.096649 -23.199603 0.757675 139 69 19
19.671233 -23.387098 0.364773 34 139 34
20.567680 2.502616 0.241338 34 139 34
20.940312 -20.886702 0.895041 34 139 34
19.221880 -7.271660 0.040583 139 69 19
-12.249278 -21.335712 -0.174627 34 139 34
-19.141751 12.685764 -0.282691 34 139 34
-13.188622 -17.318551 -0.523788 34 139 34
7.023149 6.515337 0.886740 139 69 19
-13.025860 3.098513 -0.736636 139 69 19
20.348222 -7.884642 -0.863574 139 69 19
13.020942 -17.830480 0.040424 139 69 19
-21.772326 10.805019 -0.345877 34 139 34
-18.162524 17.253208 -0.572007 139 69 19
15.523469 23.801919 -0.877953 34 139 34
-8.225892 19.970915 0.761804 34 139 34
-17.498353 -4.533366 -0.462067 139 69 19
23.474115 12.481187 -0.307989 139 69 19
-23.820065 -18.914296 -0.639793 34 139 34
-9.856024 -13.047339 -0.749081 34 139 34
-18.293096 6.431009 0.631180 139 69 19
-17.930008 3.703995 -0.529360 139 69 19
-11.569329 4.908028 -0.217246 34 139 34
-21.428453 -8.487977 -0.654844 34 139 34
-4.120584 -0.476894 -0.150786 139 69 19
7.240051 -15.020139 0.186480 34 139 34
-9.201830 1.945013 -0.719583 139 69 19
-0.307446 -7.892271 -0.907212 34 139 34
-19.860630 21.223758 0.755036 139 69 19
0.084247 -21.555518 0.211513 139 69 19
-23.516779 10.259514 0.583705 139 69 19
1.928203 -11.570435 -0.133913 139 69 19
-24.047231 -18.042258 0.163946 139 69 19
-22.261594 -7.174090 0.570884 34 139 34
-0.387636 -17.845678 -0.207044 34 139 34
19.319549 -17.600545 0.136537 139 69 19
-2.923505 16.177186 0.342997 139 69 19
6.771503 -24.770801 0.309207 34 139 34
-10.423641 9.515472 -0.803508 139 69 19
-13.951688 7.680167 -0.584968 34 139 34
13.038094 15.515305 1.180559 34 139 34
10.181172 12.943718 0.469093 139 69 19
-5.537160 -7.495800 0.747200 139 69 19
-2.453758 -21.365501 -0.309707 139 69 19
5.816019 10.832899 0.228830 34 139 34
4.612615 5.753645 -0.089880 139 69 19
14.033974 16.498317 0.121527 139 69 19
-18.287934 0.348262 -0.272269 139 69 19
-17.135753 -18.428052 -0.548135 34 139 34
-1.337304 -14.632179 -0.262272 139 69 19
-9.277847 -24.781095 0.124251 139 69 19
-1.366841 9.120020 0.193489 139 69 19
-1.802148 -2.186274 -0.602956 139 69 19
-3.249061 10.485809 0.228770 139 69 19
-11.280216 -2.555670 -0.181602 34 139 34
19.163070 -13.459084 0.687289 139 69 19
20.436990 19.978626 -0.711294 34 139 34
-1.671435 19.374067 -0.423518 139 69 19
-0.836383 -8.934516 -0.205856 34 139 34
24.936308 -13.164909 0.752114 139 69 19
-2.616841 -23.970708 0.997827 139 69 19
21.690626 -4.632132 -0.428428 139 69 19
19.004410 -9.478025 0.160406 34 139 34
15.802700 -2.471333 -0.206330 139 69 19
-0.023266 9.576206 0.963529 34 139 34
6.888556 3.653118 -0.097226 34 139 34
-22.420411 -19.435086 0.189343 139 69 19
1.459830 16.630232 -0.883958 34 139 34
19.120123 -6.396149 0.477585 34 139 34
-0.297904 3.246258 -0.322376 34 139 34
-12.300923 13.272258 -0.202445 34 139 34
10.408708 11.589803 -0.765649 34 139 34
-6.913795 -23.765131 0.661420 34 139 34
-11.780592 10.826686 -0.562543 139 69 19
-16.699262 -10.925142 -0.637981 139 69 19
16.463215 -10.789241 1.338670 34 139 34
-5.224056 4.446875 -0.019962 139 69 19
0.212427 -5.772914 0.066557 139 69 19
2.558973 14.672284 -0.350078 34 139 34
4.198195 8.620830 0.839187 34 139 34
-1.574113 10.097272 0.359312 139 69 19
-18.987736 15.216340 -0.433569 34 139 34
23.322041 1.971343 -1.022427 139 69 19
-19.984367 0.545336 -0.516020 139 69 19
9.326103 -1.952152 0.335854 139 69 19
12.065285 12.597051 -0.035614 34 139 34
6.642702 18.595778 0.158256 34 139 34
14.172891 -20.271568 0.707473 139 69 19
-11.663699 -8.325322 -0.345387 139 69 19
-6.649982 20.562228 -0.399495 34 139 34
0.178261 23.508928 -0.326715 139 69 19
9.976620 -11.892503 -0.083641 34 139 34
-2.231541 13.587937 -0.387274 34 139 34
12.083177 -7.133790 0.153645 34 139 34
-16.551338 0.159346 -0.429471 34 139 34
7.940625 16.367954 0.155328 34 139 34
-21.600147 -2.068699 0.488074 34 139 34
-1.240677 -12.529568 -0.514102 34 139 34
-10.279462 -7.470676 0.815421 34 139 34
3.855019 7.403042 -0.138991 139 69 19
-3.070755 9.244392 1.461216 139 69 19
-9.030256 16.290051 0.262073 139 69 19
-13.243883 -13.100172 0.456076 139 69 19
-21.200089 12.622780 0.548879 34 139 34
21.405887 -13.178964 -0.005103 34 139 34
-9.445026 0.559210 0.466403 34 139 34
-14.529137 19.365722 0.378565 139 69 19
14.574230 8.947194 0.009126 139 69 19
9.761281 22.700925 -0.750236 34 139 34
-3.137142 7.497056 0.561280 34 139 34
-13.545550 23.003665 -0.085909 34 139 34
-0.121515 17.682327 0.643481 34 139 34
-23.822750 21.941475 0.423953 34 139 34
-16.174550 9.972871 0.080972 139 69 19
-3.994712 -15.420049 -0.120290 139 69 19
-2.076769 10.593677 -0.409689 139 69 19
-13.109251 -10.848619 -0.645791 34 139 34
-1.447756 -0.990540 1.317748 139 69 19
-12.277747 22.581144 -0.235147 139 69 19
-9.080363 18.891030 -0.380836 139 69 19
0.062662 -23.401511 0.861085 34 139 34
8.898062 8.985203 -0.661221 34 139 34
6.993733 -2.973497 -0.117320 34 139 34
-18.894354 6.494351 0.136234 139 69 19
23.331009 -6.052695 -0.554079 34 139 34
3.084778 14.587808 -1.029710 139 69 19
-1.939604 -9.478523 -0.958146 34 139 34
15.484196 -18.221752 0.146363 34 139 34
3.220006 3.896069 0.028848 139 69 19
-20.984153 16.269925 0.346431 139 69 19
10.955478 19.372905 -0.521642 139 69 19
-17.477205 3.777992 -0.055333 34 139 34
3.083404 7.893583 0.257863 139 69 19
14.391354 0.234353 -0.037745 139 69 19
-22.773239 7.188084 0.389207 34 139 34
-10.152842 -9.223014 0.645202 139 69 19
-12.946009 23.228724 0.580458 34 139 34
-19.308817 -19.298192 0.209499 139 69 19
-10.313447 -10.583449 -0.176062 34 139 34
-11.013328 14.857055 -0.010595 139 69 19
-7.432635 12.775296 -0.278564 34 139 34
1.698298 13.781531 0.032055 139 69 19
16.307149 -7.005538 -0.312794 34 139 34
-10.283668 -23.717667 0.348812 139 69 19
-8.830980 -7.984243 -0.354432 139 69 19
-4.185005 -19.799969 -0.166415 139 69 19
-20.756639 -3.011020 0.552796 139 69 19
-11.582506 -14.623072 0.402522 34 139 34
11.484030 -5.146416 -0.433624 139 69 19
-8.149300 -5.765758 -1.000480 139 69 19
-22.207260 18.969440 0.957146 34 139 34
-3.644244 -12.248015 -1.279076 139 69 19
2.500071 8.258146 0.319533 139 69 19
6.552339 0.983965 0.260285 34 139 34
-11.685024 -9.753285 0.104030 139 69 19
-1.338994 18.491524 -0.467858 34 139 34
16.006641 14.646128 0.709626 139 69 19
-23.772881 -14.489290 0.079508 34 139 34
7.519314 0.472789 0.476233 139 69 19
8.692460 2.489082 -0.128684 34 139 34
-24.648568 14.981728 0.187242 139 69 19
-6.830314 7.898159 0.406769 139 69 19
-11.842263 -17.467233 0.070691 34 139 34
23.747542 1.370449 -0.871166 139 69 19
-14.284371 16.080766 -0.233125 34 139 34
-3.188796 -18.537553 -0.051148 139 69 19
0.826148 9.444891 -0.469732 34 139 34
-11.779481 -15.333360 -0.167992 139 69 19
5.372551 5.743685 -0.076006 139 69 19
-24.920276 7.924302 0.710242 139 69 19
-2.427902 6.022666 -0.017180 34 139 34
-14.804837 16.448832 -0.630774 139 69 19
-15.528253 -3.418000 0.489127 139 69 19
4.876703 22.018599 -0.152088 34 139 34
4.396903 9.615890 -1.219916 34 139 34
21.391577 0.871639 -0.798495 139 69 19
20.366669 3.999721 0.182988 34 139 34
-24.001029 -23.061645 -0.430019 34 139 34
-5.552786 5.538888 0.455289 139 69 19
-18.464386 -4.317073 0.351426 34 139 34
4.661266 18.092823 0.292299 34 139 34
-2.168690 -14.739366 -0.045193 139 69 19
15.399335 -14.559755 0.278722 34 139 34
19.175464 -3.900720 -0.440023 34 139 34
5.592544 -4.515243 0.396735 34 139 34
19.641755 2.406097 0.533011 34 139 34
-22.922074 -9.660111 0.480743 139 69 19
-7.719887 13.404129 -0.664608 34 139 34
-1.847267 -14.518827 0.597615 139 69 19
-17.569999 18.416656 0.246436 139 69 19
-11.450334 17.191991 -0.283169 34 139 34
23.708101 4.873500 -1.064739 34 139 34
-8.418177 -8.981780 -0.126333 139 69 19
3.826501 21.638367 0.389467 139 69 19
-18.797740 14.514042 0.002418 139 69 19
-10.737046 -1.544808 0.513033 34 139 34
-21.688299 1.910517 0.792917 139 69 19
17.790888 -0.458384 0.733671 139 69 19
-22.360918 20.849948 0.607657 139 69 19
-15.932563 -19.588177 0.228814 139 69 19
18.058962 20.303224 -0.434354 34 139 34
-16.618152 9.783064 0.304352 139 69 19
22.755006 20.078727 0.826163 34 139 34
12.910882 -11.737341 1.045553 34 139 34
-0.814073 -17.562041 0.589883 139 69 19
17.909190 -20.616909 0.532925 34 139 34
8.096867 -21.489674 -0.634572 34 139 34
23.778279 12.785984 -0.665728 34 139 34
-19.063955 21.300894 -0.513765 34 139 34
5.151688 23.841012 0.395588 139 69 19
11.371727 -24.702651 0.361924 34 139 34
-23.630199 4.062843 0.157663 34 139 34
23.986678 -11.790073 0.469130 139 69 19
-9.697336 18.227761 -1.029266 34 139 34
0.129555 -23.614226 0.046011 139 69 19
9.166554 3.957448 -0.347868 139 69 19
-14.865230 -18.559362 -0.603973 34 139 34
8.120124 -17.469044 0.064909 139 69 19
-18.416228 -24.881917 -0.534003 34 139 34
9.762619 -13.871129 -0.255261 34 139 34
-19.361438 5.763558 -0.980547 34 139 34
22.449446 10.983544 -0.334913 139 69 19
2.316490 -10.154008 0.695020 34 139 34
-18.978125 -20.279465 0.083783 34 139 34
5.730854 -7.168747 -0.180394 139 69 19
-8.374854 -13.846553 0.386584 139 69 19
9.143985 2.008242 -0.476258 139 69 19
-4.682395 -20.683650 0.117108 34 139 34
13.820875 -23.391443 0.371458 34 139 34
19.828954 -16.973291 0.503313 34 139 34
-4.413118 -8.166893 0.675955 139 69 19
-22.525348 3.087610 0.050615 139 69 19
8.483861 -6.677181 -0.297478 34 139 34
24.317192 -5.862500 0.309830 34 139 34
14.038322 19.804056 -0.070174 34 139 34
4.683092 -13.495815 0.095730 34 139 34
1.847259 -15.598870 0.471048 139 69 19
-7.483819 11.820848 0.445021 34 139 34
10.918214 16.093401 0.106872 34 139 34
-20.781847 -9.751796 0.788827 139 69 19
-11.211404 -12.856234 0.008357 139 69 19
-24.198151 -19.763453 -0.470049 139 69 19
-13.223222 18.341674 -0.158255 139 69 19
11.586113 -22.912902 0.222013 34 139 34
22.290610 0.911686 -0.829778 139 69 19
-22.683076 21.695124 -0.467494 34 139 34
-16.102103 -6.987346 0.617346 139 69 19
11.359814 11.988030 -0.208767 139 69 19
-9.389630 24.216911 0.668131 34 139 34
8.144906 -1.445451 -0.843834 34 139 34
-5.083228 -16.604680 -0.146370 34 139 34
21.687413 20.033331 0.162281 34 139 34
-6.095348 -12.023172 0.166928 34 139 34
22.559806 14.204873 0.378421 139 69 19
6.684423 -24.641987 0.156522 34 139 34
10.077371 17.059979 0.075413 34 139 34
21.363120 -14.142652 -0.290773 34 139 34
23.918107 -19.622336 -0.103467 139 69 19
11.328695 -8.273836 -0.202754 34 139 34
-14.086182 21.932672 -0.267801 34 139 34
-23.413878 -22.979795 0.059085 34 139 34
-3.694747 -20.058645 0.185543 34 139 34
-16.218906 -24.037985 -0.097784 34 139 34
-5.964117 -3.436084 0.125667 34 139 34
23.784276 -11.381700 -0.117083 34 139 34
-1.633712 6.154000 0.333920 34 139 34
4.219604 16.020299 0.003442 139 69 19
-5.669256 18.737073 0.451021 139 69 19
16.195510 -6.355880 -0.407665 139 69 19
9.127687 -24.132901 -0.708370 34 139 34
-2.899453 20.747610 -0.707495 139 69 19
23.414824 -17.193180 0.070425 139 69 19
-1.750519 7.770658 0.449788 139 69 19
3.349801 1.056950 -0.301135 34 139 34
-23.483665 15.837018 -0.348221 34 139 34
-8.816154 17.587733 -0.046022 34 139 34
0.633182 -16.128212 0.244476 34 139 34
18.752334 18.726261 -0.584753 34 139 34
-4.593614 -7.319713 -0.024617 139 69 19
18.853728 -24.075091 -0.088844 34 139 34
-18.069036 -10.342370 0.122829 34 139 34
4.817028 19.686026 -0.387529 139 69 19
-1.144795 8.189457 -0.293956 34 139 34
5.120065 -12.539623 0.331185 34 139 34
19.941996 13.694749 -0.529429 139 69 19
11.525912 13.352863 -0.140972 139 69 19
10.338286 24.587951 0.060953 139 69 19
4.293606 24.873503 0.250616 34 139 34
-8.536351 -1.849170 1.364436 34 139 34
0.556687 20.268534 0.287518 139 69 19
23.386198 6.517579 0.922101 34 139 34
-2.894864 6.092185 0.398041 139 69 19
-13.855374 -6.580469 0.629177 34 139 34
-4.625162 -1.151450 -0.167583 139 69 19
13.225399 -23.179622 0.330753 139 69 19
-13.559266 -3.169755 -0.217369 139 69 19
-5.639011 23.879738 0.119115 139 69 19
19.256685 23.189311 -0.356205 34 139 34
15.451620 10.977004 0.043131 139 69 19
20.219591 -6.880133 0.273217 34 139 34
9.552512 -12.144246 0.556081 34 139 34
10.234774 -23.769662 -0.430251 34 139 34
3.247261 -6.702180 0.382057 139 69 19
-6.482439 -20.816222 -0.534459 34 139 34
-2.743065 2.792708 0.670648 34 139 34
-1.997409 19.432539 0.581323 139 69 19
-11.605218 -23.213241 -0.944638 139 69 19
5.622623 -11.370044 -0.479045 34 139 34
12.969082 5.800317 0.294944 139 69 19
16.204534 -22.266604 0.118309 139 69 19
17.103130 7.086073 0.130819 139 69 19
-2.712750 -0.283253 -0.005889 139 69 19
-9.549803 5.103101 -0.334651 139 69 19
-10.546231 2.670414 0.010591 139 69 19
-0.651204 -22.172154 0.899824 34 139 34
-2.675630 -13.745198 0.531707 139 69 19
-17.716759 -18.930734 0.066640 139 69 19
20.366439 11.641519 0.640924 34 139 34
-20.797542 -22.043552 -0.451462 34 139 34
13.212784 -11.145818 0.300649 34 139 34
3.004054 9.350952 -0.384117 139 69 19
3.620597 13.505546 -0.447982 34 139 34
-2.973052 -23.098553 -0.554504 139 69 19
-6.072961 -14.214083 -0.443484 139 69 19
6.283721 -12.314388 -0.573064 139 69 19
1.777206 6.006191 -0.167578 34 139 34
-3.313104 1.242304 -0.294545 34 139 34
13.234976 23.496266 0.699477 34 139 34
19.846007 -11.467409 -0.394645 34 139 34
6.117021 8.846463 0.225458 139 69 19
14.379677 -11.884731 -0.505852 34 139 34
16.846046 6.069843 0.258884 139 69 19
-10.425326 -15.055846 -0.132091 34 139 34
23.046201 -24.963200 -0.007836 34 139 34
-18.577324 -8.212125 0.145944 139 69 19
-6.372157 19.459339 -0.078894 139 69 19
17.767504 17.247491 0.120009 139 69 19
20.070686 2.605530 0.439314 34 139 34
11.911284 23.925163 -0.062259 34 139 34
-4.904213 -0.823779 0.025725 139 69 19
-18.272088 9.352877 -0.460732 34 139 34
-24.134776 11.265704 0.617809 34 139 34
-23.254117 10.176223 -0.525833 34 139 34
3.781775 0.162415 0.129148 139 69 19
-10.169813 4.839557 0.403744 139 69 19
13.274894 20.269885 0.510940 139 69 19
23.337557 -11.459199 0.040766 34 139 34
-2.292311 16.390989 0.436511 34 139 34
-1.228876 -13.638706 0.700266 139 69 19
19.140853 19.541672 0.378379 34 139 34
-14.688683 15.096400 -0.534738 139 69 19
-1.267908 13.123741 -0.506985 34 139 34
-16.145832 -19.565247 -0.216762 139 69 19
-1.088536 6.172854 -0.903023 139 69 19
7.743448 3.815179 -0.200670 34 139 34
-4.748675 -19.550863 -0.231178 139 69 19
-21.731442 -22.395598 -0.176290 34 139 34
6.000483 -18.370573 -0.079186 139 69 19
1.564725 19.963647 0.117929 139 69 19
22.646653 -21.832034 0.294045 139 69 19
16.513450 0.454524 0.774695 139 69 19
-0.386806 11.712779 0.085816 34 139 34
-18.083738 9.938973 -0.119748 139 69 19
-4.370715 4.165855 0.775419 34 139 34
7.477415 11.755218 0.406672 34 139 34
5.502161 -17.249421 -0.061528 34 139 34
15.541680 -5.363186 0.977891 34 139 34
21.140830 16.053844 -0.722022 139 69 19
-5.365964 15.510411 -0.113555 139 69 19
20.294002 6.144535 -0.244204 139 69 19
20.517192 -13.288022 -0.354669 34 139 34
21.741889 13.811049 0.142018 139 69 19
21.098757 -18.690251 0.628646 139 69 19
17.740790 -17.044803 0.007863 34 139 34
-9.533078 -3.713919 -0.368064 34 139 34
-10.426806 -5.537720 -0.611913 139 69 19
-18.206383 13.395521 0.093569 139 69 19
2.264581 -8.739538 0.759284 139 69 19
0.326629 -10.730962 0.085714 34 139 34
18.402551 14.876239 -0.222509 139 69 19
-17.288011 -2.084222 0.546995 139 69 19
-17.376644 15.988470 0.406675 34 139 34
1.672232 -7.380740 0.090697 139 69 19
-3.200301 12.472252 -1.287021 139 69 19
21.808127 -1.468141 -1.065826 34 139 34
0.159484 -0.531031 -0.863155 34 139 34
7.175467 -21.240755 -0.755642 139 69 19
3.530794 -13.770281 -0.591144 139 69 19
12.532397 -15.332925 0.009250 139 69 19
-23.782540 19.607943 -0.844022 34 139 34
-3.283411 -19.043043 0.318650 34 139 34
17.740646 -15.484321 0.247008 139 69 19
19.067610 5.726418 0.640345 34 139 34
-1.235745 -21.749483 0.120591 139 69 19
9.243956 10.126140 0.597666 139 69 19
-0.390468 -5.619118 -0.597948 139 69 19
21.528459 4.298338 0.104149 139 69 19
11.073458 22.738405 0.511724 34 139 34
-19.638568 1.037729 0.379295 139 69 19
11.528895 24.039621 0.118327 34 139 34
-13.802629 20.828405 -0.058646 139 69 19
12.303050 -15.569242 -0.658702 34 139 34
-5.842123 -24.654576 -0.761020 139 69 19
-13.780017 5.656061 -0.641371 139 69 19
0.876239 0.975704 -0.041713 34 139 34
17.690483 -24.272834 0.072424 139 69 19
-0.537758 -11.455414 -0.186953 34 139 34
3.697691 4.117798 0.087164 139 69 19
24.087031 24.534744 1.328386 34 139 34
7.488007 -23.359309 -0.064449 34 139 34
-18.132915 -13.225095 0.323763 139 69 19
22.689876 -16.738897 0.121198 139 69 19
16.153690 -5.009058 -0.237655 34 139 34
12.317940 -9.260616 -0.953120 139 69 19
-0.655007 21.521351 -1.137243 139 69 19
12.064895 -11.743242 0.270205 139 69 19
11.517209 -19.024718 0.314224 34 139 34
1.618343 13.147677 0.096058 34 139 34
-4.889839 17.282494 1.051989 34 139 34
13.195099 18.967298 -0.088412 139 69 19
-13.146276 -20.583657 -0.628913 139 69 19
-11.984201 14.741534 0.795334 139 69 19
5.910871 -0.205278 -0.934237 139 69 19
10.279240 6.351105 0.545348 34 139 34
-19.147992 8.731333 -0.101861 139 69 19
0.173016 2.786695 0.256965 34 139 34
7.469660 -1.288774 0.133565 34 139 34
-0.337551 11.655823 -0.190480 34 139 34
-3.448350 -20.273541 -0.375014 34 139 34
1.110062 18.208300 -0.155338 34 139 34
-3.326723 5.922666 0.042262 34 139 34
-12.805011 7.956332 -0.231329 139 69 19
0.206621 -5.604345 -0.379618 139 69 19
17.357449 -15.551270 -0.178047 139 69 19
8.026706 -6.377796 -0.031588 34 139 34
-8.508533 -22.891000 0.533947 34 139 34
6.986133 4.207245 -0.353756 139 69 19
-22.889212 11.959872 -0.475668 139 69 19
-17.160293 10.712013 -0.150182 34 139 34
-21.281525 -16.657595 0.241634 34 139 34
-5.391087 -10.649823 -0.080013 139 69 19
21.908138 7.449228 0.172227 139 69 19
-5.251160 -4.168453 0.733844 139 69 19
-12.381888 2.116245 0.033264 34 139 34
-20.562950 -4.359446 -0.282698 139 69 19
-1.783266 -15.564822 0.262839 139 69 19
-8.266701 -14.372248 0.658020 139 69 19
20.488832 -4.787745 -0.412057 34 139 34
0.099561 -6.647282 1.126540 139 69 19
-13.002176 24.233152 -1.057796 34 139 34
-13.416934 0.628855 -0.152099 34 139 34
15.475738 -4.104135 -0.362330 34 139 34
-21.753686 -0.819964 -0.086903 139 69 19
-9.718903 -0.098429 -0.181265 139 69 19
-9.845164 -16.728391 -0.216895 139 69 19
-12.795296 23.835584 -0.473067 34 139 34
-9.657653 -21.495268 -0.226910 34 139 34
-14.849295 -1.782903 0.194739 34 139 34
-15.427019 9.824738 0.649403 139 69 19
-24.567743 6.939358 -0.297280 34 139 34
2.021846 -23.601881 -0.389981 139 69 19
-24.535843 9.346955 -0.604476 139 69 19
-17.630155 7.969338 -0.323744 34 139 34
-21.822448 6.718377 0.633998 34 139 34
6.131347 -23.763058 0.152186 34 139 34
20.685320 -24.861397 0.567396 139 69 19
-12.638281 -10.553523 -0.098249 139 69 19
-10.752281 9.174435 -0.371832 139 69 19
5.794650 -5.528063 0.527926 34 139 34
-15.871844 -11.259630 0.898877 139 69 19
-13.761375 -19.089078 0.399521 139 69 19
-14.227909 -1.265395 0.239968 139 69 19
-5.692976 -7.237169 0.894566 139 69 19
22.011555 -4.690025 -0.996795 34 139 34
8.285840 1.240749 0.764100 139 69 19
-16.446913 -16.149110 0.979534 34 139 34
-17.583470 -15.167470 0.391618 139 69 19
-21.098674 9.385071 0.737625 34 139 34
-8.559726 -19.673774 0.611522 34 139 34
1.338389 -6.905448 -0.331773 139 69 19
-15.835720 17.842406 -0.219097 34 139 34
-13.703282 2.212745 0.993721 139 69 19
-20.964161 4.618476 0.295327 139 69 19
18.178169 5.944090 0.722240 34 139 34
22.480565 15.890133 0.056127 139 69 19
19.044020 -9.422450 -0.447227 139 69 19
-4.153872 17.635893 -0.215636 34 139 34
8.707807 24.293124 -0.150022 34 139 34
1.857002 3.058912 -0.181435 34 139 34
13.666380 -19.426509 -0.173351 139 69 19
20.026074 3.734718 0.276515 139 69 19
9.612727 -4.107741 -0.020860 139 69 19
5.306205 -9.577935 -0.650111 139 69 19
-15.164287 -24.359067 -0.250094 34 139 34
0.998593 -9.098511 -0.911159 139 69 19
-2.584579 -0.211681 -0.083583 139 69 19
11.080729 19.945824 0.401141 139 69 19
-13.224077 -6.228848 0.567736 139 69 19
11.592770 22.182818 -1.284907 139 69 19
19.629003 9.613491 0.516204 139 69 19
24.958276 6.746449 0.522168 139 69 19
-11.871951 23.673314 -1.338291 34 139 34
-1.288600 24.417314 0.301689 139 69 19
20.341592 -17.222730 -1.070429 34 139 34
-8.982269 22.970936 -0.396108 139 69 19
-9.183829 -18.771562 0.598837 34 139 34
6.016949 6.834603 -0.931384 139 69 19
5.969797 21.810126 -1.139934 139 69 19
-18.182164 -18.863728 0.212501 34 139 34
-15.614102 -13.535050 -0.240304 34 139 34
-23.577026 -7.684159 -0.189198 34 139 34
-21.629373 -6.863023 0.595774 34 139 34
-8.578977 -24.509349 -0.294545 34 139 34
-3.399459 -7.418339 0.022164 139 69 19
-14.452895 8.403305 -0.029869 34 139 34
-15.074578 -21.462549 0.485932 139 69 19
-14.050838 4.007637 0.386156 34 139 34
17.841618 -16.436441 -0.534029 139 69 19
-20.345338 -1.134853 -0.506462 34 139 34
-21.239450 -23.888690 -0.512363 139 69 19
17.478449 -5.458415 -0.724408 139 69 19
-1.388166 -14.941882 -0.871057 34 139 34
9.902355 -20.521872 -0.385633 139 69 19
-0.543798 -5.787899 -0.050042 139 69 19
-17.115304 -0.221318 -0.472354 139 69 19
-19.920384 7.280221 0.173811 139 69 19
7.329399 -11.274510 0.527805 139 69 19
10.565392 -19.437991 0.631927 139 69 19
-11.903130 23.935786 -0.388428 139 69 19
-21.538718 9.931876 -0.657844 34 139 34
0.432657 -1.590683 0.218078 139 69 19
-24.045024 -9.995146 0.520074 139 69 19
17.043614 23.306417 -0.357935 34 139 34
-21.333263 15.710303 -0.492477 34 139 34
9.480400 -5.822833 0.409322 139 69 19
16.458918 19.018169 0.381434 139 69 19
-19.248986 0.349296 0.263952 34 139 34
-4.539930 9.849792 0.096504 139 69 19
8.604629 23.604066 -0.903952 34 139 34
-2.421621 4.948722 0.145842 139 69 19
5.447687 3.956854 -0.295492 139 69 19
11.624647 21.313784 -0.112958 34 139 34
7.960217 5.052192 -0.425145 34 139 34
-12.532259 -23.912257 -0.479314 139 69 19
-16.347653 15.802654 0.417750 34 139 34
-16.384856 4.825947 -0.788679 139 69 19
14.071969 18.495053 0.224196 139 69 19
5.134445 -2.181983 -0.078420 139 69 19
-18.219167 15.342874 0.291878 139 69 19
-0.980396 -17.018471 -0.168408 139 69 19
2.277560 19.987971 -0.439920 34 139 34
-21.170444 -2.881037 -0.543064 139 69 19
-2.156131 15.678852 -0.715870 139 69 19
-17.210356 8.457352 0.764244 34 139 34
-5.246157 19.637413 0.605451 34 139 34
13.365851 -17.381667 -0.192857 34 139 34
-12.129639 -17.905241 -0.799997 139 69 19
23.310671 11.658759 1.076633 139 69 19
-6.317914 -22.041097 -0.678878 34 139 34
9.240853 -8.934776 0.865903 139 69 19
-20.765541 2.145264 -0.103868 34 139 34
-11.954117 -10.078452 0.813068 34 139 34
23.232176 20.245643 -0.394039 34 139 34
4.313493 -12.597770 -0.364025 34 139 34
8.637049 3.126261 -0.207536 139 69 19
17.454535 -14.394787 -0.789625 34 139 34
-22.057808 18.290027 -1.180937 139 69 19
-8.204299 22.574556 -0.104406 139 69 19
-18.009551 0.613817 0.661365 34 139 34
-0.715326 5.856840 0.205629 139 69 19
19.834290 7.757219 0.598326 139 69 19
-15.876742 -14.848034 -0.526433 139 69 19
17.683792 12.956441 0.016258 139 69 19
0.187104 -20.811008 0.198414 34 139 34
5.079890 -2.440277 -0.350727 34 139 34
15.812586 11.992120 -0.415669 34 139 34
6.052991 4.658601 0.107986 34 139 34
-24.234855 -3.517945 -0.343579 139 69 19
12.639556 8.319166 0.513448 34 139 34
22.444654 5.430253 -0.079157 34 139 34
-12.533542 15.500799 -0.208053 34 139 34
24.708343 23.036153 -0.778585 139 69 19
16.405186 -21.965470 -0.397407 139 69 19
-4.469227 -13.462102 0.528744 139 69 19
18.785355 -0.592616 0.608869 34 139 34
15.423309 21.918656 0.165680 139 69 19
-22.578955 -13.939076 0.274889 34 139 34
17.378973 -21.555509 -0.277828 139 69 19
9.540995 7.968528 0.035647 34 139 34
12.036752 7.868600 -0.219049 139 69 19
20.203007 22.270137 -0.652397 139 69 19
5.516780 -6.692931 0.877697 139 69 19
6.379008 0.756937 -0.542044 34 139 34
21.473091 -10.911391 0.495520 34 139 34
-15.721605 -19.924755 0.370853 139 69 19
-0.076101 11.913499 0.409890 34 139 34
15.170958 20.301961 -0.547586 139 69 19
16.109849 -3.621425 0.072695 139 69 19
-5.110335 -10.641644 0.066033 139 69 19
-11.365238 -4.957744 -0.339589 34 139 34
-14.663710 -24.735024 0.292879 34 139 34
-6.214209 10.444778 0.604975 139 69 19
-11.892667 -0.897217 -0.027315 139 69 19
17.500386 -18.150159 0.234869 34 139 34
21.596725 1.842170 -0.100398 139 69 19
-3.029715 -21.507140 -0.192160 139 69 19
-18.359032 4.246429 -1.053490 34 139 34
-24.404000 -18.451293 -0.960226 34 139 34
23.403052 -2.201331 -0.588330 139 69 19
-20.070182 1.361336 -0.108439 34 139 34
13.747075 -7.294494 0.672674 139 69 19
14.491867 -7.688906 0.463798 34 139 34
6.522184 -18.277406 0.126087 34 139 34
-15.894219 -1.351120 1.490814 139 69 19
-17.785413 -15.092212 0.743889 139 69 19
-8.036898 -16.577218 0.166481 34 139 34
2.072201 14.881774 -0.134356 139 69 19
4.733352 -8.304623 0.118920 139 69 19
3.058112 15.059434 -0.123703 34 139 34
23.182542 -6.640261 -0.488306 34 139 34
5.235890 22.401018 0.013324 34 139 34
-11.977737 3.931433 0.126109 34 139 34
-3.784261 15.908143 -0.059499 34 139 34
4.050520 7.855881 0.561029 34 139 34
3.362196 24.777938 -0.300211 34 139 34
-8.817213 -13.546518 0.610524 34 139 34
-10.900774 20.675388 -0.373254 34 139 34
-11.213703 17.708448 -0.800545 34 139 34
6.377522 -7.724590 -0.495985 139 69 19
-7.396385 9.427002 0.800843 139 69 19
0.365581 9.614781 0.911182 139 69 19
-18.277448 -9.937104 1.168290 139 69 19
-9.542008 -9.534030 -0.173426 34 139 34
-10.078984 23.387012 0.189996 139 69 19
-6.914728 1.348756 0.120851 139 69 19
11.223515 2.940915 0.909765 34 139 34
-5.654242 10.686749 0.133229 139 69 19
14.660661 -6.618355 0.464126 34 139 34
-6.044099 -21.459039 -0.221961 34 139 34
9.021412 20.621088 -0.394515 34 139 34
-15.642262 16.636371 0.237164 34 139 34
23.713413 -8.338042 -0.604666 34 139 34
4.534051 -8.172708 0.614792 34 139 34
-5.713196 -15.868002 0.833760 34 139 34
22.266289 0.804399 -0.071913 34 139 34
-19.137202 -21.140689 0.245509 34 139 34
20.052566 -2.255173 1.005995 139 69 19
-10.965376 -10.356751 -0.288742 34 139 34
-4.439251 -6.345537 -0.243081 139 69 19
-6.832707 -6.454092 -0.143044 34 139 34
5.206664 21.846434 -0.559533 139 69 19
-5.824084 11.843519 0.123307 34 139 34
1.005053 4.293785 -0.046229 139 69 19
8.677595 20.670046 -0.695195 34 139 34
-1.142274 17.198219 -0.790978 34 139 34
-9.965802 -20.543571 0.711086 139 69 19
16.239165 -3.786717 0.316359 139 69 19
8.993423 23.095305 -0.546793 139 69 19
-16.941204 8.725340 -0.211853 139 69 19
-21.836720 -6.301774 -0.385820 139 69 19
16.964074 14.473183 -0.459211 34 139 34
-23.848915 7.894939 -0.308659 34 139 34
-14.341229 -17.022926 -0.195931 34 139 34
-18.229314 -2.147375 -0.221996 139 69 19
7.571959 -9.742137 -0.586444 139 69 19
14.685695 19.031654 0.158831 139 69 19
14.537029 6.984548 0.569224 34 139 34
-20.800589 -18.712862 0.273979 139 69 19
6.651901 16.972799 0.099307 34 139 34
-1.507919 -22.086228 -0.143391 139 69 19
-15.848352 23.604442 0.590891 139 69 19
-10.212476 -5.022368 0.410106 139 69 19
13.973488 0.292802 -0.728488 139 69 19
18.881990 24.207588 -0.300344 139 69 19
16.240908 -19.684294 0.697337 139 69 19
-11.090861 9.954038 0.636734 139 69 19
-20.623154 -6.735804 -0.231738 34 139 34
-4.820350 0.955483 0.381177 139 69 19
14.234576 -15.066458 0.377670 139 69 19
-18.617420 22.445261 -0.387410 139 69 19
4.866295 -20.205045 0.376382 34 139 34
-15.815082 -24.697430 -0.326003 139 69 19
11.721729 24.605224 -0.440319 34 139 34
15.524048 -5.791502 0.200039 34 139 34
-14.612787 8.566946 0.451875 139 69 19
11.187023 -15.380717 -0.047867 34 139 34
-6.460257 -4.606195 0.092231 34 139 34
15.771080 0.780152 -0.369492 139 69 19
11.771525 -7.277648 -1.023042 139 69 19
-1.285843 7.095960 -0.197700 34 139 34
18.897825 -3.302801 -1.136478 139 69 19
-3.817683 -16.210737 1.097759 139 69 19
-3.325293 4.311290 0.193995 34 139 34
-16.594781 17.419915 0.164199 34 139 34
11.431209 14.211643 -0.045151 34 139 34
7.863443 10.470041 -0.364050 34 139 34
-5.832006 12.842970 -0.034254 139 69 19
17.333736 -5.647835 -0.378767 139 69 19
-20.749635 14.576186 -0.727819 139 69 19
22.857484 9.989039 0.514700 139 69 19
18.842503 -18.667836 0.178151 139 69 19
23.213723 11.970530 0.395714 34 139 34
-14.432253 -6.339445 -0.085824 34 139 34
5.411521 -22.854197 0.165302 139 69 19
-18.486125 11.887923 -0.147076 139 69 19
23.378447 -1.964904 0.223866 139 69 19
12.161350 -4.070197 -0.476831 139 69 19
-20.892150 -23.186824 0.497107 34 139 34
11.086077 -5.732423 0.339331 34 139 34
-3.850385 -22.468311 -0.463624 139 69 19
-6.795965 10.446849 0.650816 34 139 34
-24.980143 -1.613160 0.000836 34 139 34
2.528432 15.300544 0.157089 34 139 34
-24.363092 -9.454936 0.130477 34 139 34
18.938852 -13.744520 0.003891 139 69 19
-11.054300 23.782409 -0.167592 139 69 19
-4.641128 -2.496151 1.326459 139 69 19
15.507104 -7.312248 0.059255 139 69 19
-18.252901 13.623611 0.196260 34 139 34
17.456435 23.541092 0.198082 139 69 19
-22.761565 0.731263 -0.153488 34 139 34
1.782510 -10.484515 0.956340 139 69 19
-13.289485 21.379081 -0.011179 139 69 19
14.561593 -11.414795 0.146713 139 69 19
3.724097 19.088920 -0.558147 34 139 34
-16.402658 22.976441 0.306367 34 139 34
-12.324609 -11.289010 0.322507 139 69 19
-6.456210 10.991811 -1.534456 139 69 19
22.481538 -19.396546 -0.742060 34 139 34
-1.099549 23.374252 -0.225012 34 139 34
20.910518 -6.334613 -0.148323 139 69 19
16.938729 -18.252402 -0.458547 139 69 19
-3.957881 -12.754808 0.032857 139 69 19
-7.403126 -6.986473 -0.080035 139 69 19
-12.242898 2.257814 0.076928 139 69 19
-21.504578 5.505403 -0.398853 139 69 19
-11.723913 3.165495 -0.143670 139 69 19
-4.660596 7.177893 -0.521935 34 139 34
12.193410 -15.246040 -0.116831 139 69 19
-18.163778 -0.495884 0.535886 34 139 34
24.076635 -23.897163 -0.445951 34 139 34
18.697150 15.491109 0.506762 139 69 19
22.966464 21.886144 0.574574 34 139 34
-10.197022 -15.829185 0.047762 139 69 19
-18.611697 -12.433526 0.647620 34 139 34
-21.842748 3.460169 -0.245948 139 69 19
-24.238282 14.915987 0.364564 34 139 34
-16.568612 -11.354918 0.012382 34 139 34
-24.369410 16.550042 0.180003 139 69 19
4.666335 18.039681 0.328484 34 139 34
18.160101 11.200409 -0.449774 34 139 34
-17.772015 -18.697270 -0.950903 139 69 19
0.624641 24.971817 0.794736 34 139 34
7.024146 22.256384 -0.020164 139 69 19
11.829078 7.851189 -0.182162 34 139 34
4.478368 -16.778828 -0.626611 139 69 19
1.458713 2.696537 -0.124833 34 139 34
13.981163 9.046983 0.272668 139 69 19
2.675330 -12.392705 0.028955 34 139 34
-0.187445 2.212685 0.782152 139 69 19
-22.223675 -16.533673 0.118084 34 139 34
-21.455018 -16.877942 -0.510389 34 139 34
12.492109 -17.902091 0.690721 139 69 19
-12.943589 21.179331 -0.050636 139 69 19
-9.932301 21.454575 0.202166 139 69 19
22.137309 23.057276 -0.397618 139 69 19
-22.992847 -20.403544 0.267694 139 69 19
1.763284 -1.426879 0.192918 34 139 34
-0.930836 -20.782343 0.260824 34 139 34
-12.095965 -1.266355 -0.388762 34 139 34
18.472204 21.407379 -0.282210 139 69 19
-13.215442 -20.082923 -0.175794 34 139 34
-22.912064 -19.677236 -0.247934 34 139 34
21.661193 10.079131 -0.202772 139 69 19
-20.399523 -10.151431 -0.127535 139 69 19
-8.569373 -1.444201 -0.170469 139 69 19
-24.473840 -16.781503 0.076378 139 69 19
-11.265739 -13.931429 0.516973 139 69 19
-19.954676 15.170471 0.856077 139 69 19
-22.964312 1.966777 -0.235880 139 69 19
19.802618 -22.412711 0.706302 34 139 34
-23.837322 15.150486 0.677450 34 139 34
-8.033324 -21.434774 -0.178925 139 69 19
6.478287 -1.330889 0.356835 139 69 19
1.389394 -10.708867 -0.013858 139 69 19
-16.623370 -4.997968 -0.340622 34 139 34
-22.748335 -11.201202 -0.806503 139 69 19
-12.858448 19.737250 -0.149673 34 139 34
14.317019 22.583636 0.386775 139 69 19
24.938609 -7.267513 0.282325 34 139 34
-24.081874 1.530960 -0.026573 34 139 34
-22.053334 11.742202 -0.616996 139 69 19
-24.359331 23.303570 0.332801 34 139 34
23.362146 21.414961 0.055742 139 69 19
-24.893605 13.440798 1.030223 34 139 34
19.522883 -3.238437 -0.413024 139 69 19
-15.397006 21.637465 0.284175 139 69 19
2.290278 8.801426 0.125996 139 69 19
22.948002 -22.770745 -0.099875 139 69 19
10.719484 16.423543 0.210625 139 69 19
19.496116 -19.790148 -0.245409 34 139 34
21.287647 -6.529034 0.339052 34 139 34
-14.447084 -19.323309 -0.346290 139 69 19
4.972391 -14.725631 -0.469226 139 69 19
-14.430649 12.572411 0.067300 34 139 34
19.724636 8.824580 -0.038827 139 69 19
9.237292 20.379470 0.026113 139 69 19
0.594640 24.667935 -0.191974 139 69 19
-13.282088 0.576869 -0.699317 139 69 19
-4.771713 7.732778 0.421214 34 139 34
-15.174658 -8.690731 0.268574 139 69 19
11.119802 6.384588 0.610718 34 139 34
-6.732387 16.257076 -0.151189 34 139 34
-8.426289 -16.840644 0.002948 34 139 34
4.481698 8.055540 -0.122740 34 139 34
-18.489091 5.036569 0.136988 34 139 34
-15.786564 9.989461 -0.391499 34 139 34
16.543132 -21.879785 0.091818 139 69 19
-2.830542 6.229614 0.166853 34 139 34
-20.819785 -16.877497 -0.719108 34 139 34
-23.575302 -22.101976 0.062089 139 69 19
24.173440 3.929924 0.065415 34 139 34
-0.378698 -8.859285 0.710384 34 139 34
23.936830 -9.046570 -0.436888 139 69 19
19.222485 -20.139323 0.622497 139 69 19
-8.807292 8.124166 -0.615954 139 69 19
17.273417 14.845739 0.162440 34 139 34
-2.496063 -6.248458 -0.442288 139 69 19
22.104240 10.687989 -0.021321 34 139 34
-16.559059 -5.571776 -0.392182 139 69 19
8.888230 -15.112828 -0.009176 139 69 19
-6.715274 8.587209 -0.329268 139 69 19
20.304516 9.688518 0.036265 139 69 19
21.639711 -21.103566 0.572138 139 69 19
8.975646 -22.051718 -0.095733 34 139 34
-5.757305 22.214834 -0.693149 34 139 34
1.968602 -14.367149 0.071056 34 139 34
6.448092 -20.616538 0.715594 34 139 34
-6.161263 -9.335398 -0.423762 139 69 19
7.078524 -24.245755 0.473479 34 139 34
9.235466 10.317116 0.507520 139 69 19
15.569450 -9.082110 -0.390267 139 69 19
10.210661 0.924287 0.144365 34 139 34
-1.519306 24.183494 0.132257 34 139 34
-5.016458 24.777480 -0.715317 34 139 34
-8.646663 -5.095130 0.473887 34 139 34
-6.439571 20.925771 0.602081 34 139 34
-22.090134 20.639443 -0.024646 139 69 19
-5.151186 1.096052 0.491243 34 139 34
19.677550 15.041600 0.466942 34 139 34
-16.458683 -9.342129 -0.126119 139 69 19
-24.102879 24.773334 -0.342355 139 69 19
-17.549041 3.378752 -0.123954 139 69 19
17.681651 -15.328920 0.315826 34 139 34
-0.892167 20.947452 -0.394412 139 69 19
14.029172 4.808266 -0.005348 139 69 19
-10.980663 23.407639 -0.879388 34 139 34
24.762822 -7.331427 0.374561 34 139 34
-3.819305 18.020932 0.855603 34 139 34
-2.597944 -0.278813 -1.271875 139 69 19
-21.616052 14.125357 0.306926 139 69 19
14.878371 -16.832723 -0.056720 139 69 19
6.096286 -11.314532 -0.072846 34 139 34
-13.016959 7.675943 -0.842091 34 139 34
15.278408 15.061302 -0.040637 139 69 19
0.598795 -10.339307 -0.559974 139 69 19
13.934735 -12.776610 0.000388 139 69 19
20.431596 16.728927 -0.311391 139 69 19
9.638413 -4.341972 0.195694 139 69 19
-12.303079 -6.574650 -0.216380 139 69 19
-23.917426 11.977908 -0.260343 34 139 34
-17.699546 -10.387532 -0.150296 139 69 19
-24.608217 22.212245 1.283089 139 69 19
21.364101 0.228712 0.111697 139 69 19
11.450016 10.273445 0.519362 34 139 34
3.075521 9.117362 0.479939 139 69 19
6.174629 21.088514 0.782596 34 139 34
-14.045709 0.936412 0.447886 34 139 34
3.528801 20.060343 0.098942 139 69 19
5.231749 6.502984 -0.570866 34 139 34
-20.699364 -9.432284 0.095062 139 69 19
-17.397539 1.411651 0.036654 34 139 34
-14.287066 -7.651864 0.282717 139 69 19
13.263153 -20.219391 0.572183 139 69 19
18.334277 20.010270 -0.273402 139 69 19
-19.947133 -4.966173 -0.661046 34 139 34
7.108302 3.650343 0.645442 139 69 19
-3.569494 -20.299884 0.571967 139 69 19
-15.268412 5.156590 -0.193454 139 69 19
5.260783 20.788806 0.093581 139 69 19
-17.266162 -5.829862 0.121999 139 69 19
8.342770 6.921105 0.744816 139 69 19
13.715294 4.002268 -0.401349 34 139 34
14.566682 -11.384674 -0.058659 34 139 34
-4.748279 -19.385683 -0.167401 34 139 34
-7.535527 -19.890789 -0.411360 34 139 34
19.745301 10.534763 0.776066 139 69 19
14.891504 14.543297 -0.912006 34 139 34
-16.408269 8.069085 1.230793 34 139 34
-2.994700 8.736678 -0.518306 34 139 34
-20.615847 -13.090052 0.397026 139 69 19
-14.318492 5.661490 -0.473907 139 69 19
3.248181 -10.004724 -0.503238 139 69 19
-15.907923 -10.945014 -1.218914 139 69 19
7.176247 19.699206 -0.529565 139 69 19
-13.650943 6.911810 -0.224385 34 139 34
-22.243143 -15.416446 -0.559746 34 139 34
-13.093762 3.537453 0.364140 139 69 19
3.597376 -21.794129 -0.470524 139 69 19
18.357336 14.551496 0.348456 139 69 19
-19.828857 20.249618 -0.104682 34 139 34
-6.478124 -13.226791 0.288054 34 139 34
-3.333772 10.271689 0.844153 34 139 34
-18.445371 14.915136 0.675920 139 69 19
-2.782261 -6.113331 0.419719 34 139 34
-21.603138 19.952203 -0.232983 34 139 34
22.371559 -22.033041 -0.946129 34 139 34
-0.766718 14.271995 0.451365 139 69 19
-4.772642 -0.884227 -0.531884 139 69 19
23.278970 19.418934 -0.786586 34 139 34
-13.258610 -23.562458 -0.599332 34 139 34
3.577585 -11.617549 -0.136645 34 139 34
-21.155167 15.716070 0.043557 34 139 34
-16.355990 -18.996467 -0.891477 139 69 19
-19.478467 8.107406 0.145706 34 139 34
-23.940975 -0.045211 0.317240 139 69 19
-22.219904 -3.938622 -0.024591 34 139 34
-10.753273 -1.253700 -0.182090 34 139 34
-24.770253 3.959795 -0.280983 139 69 19
11.411361 -7.337827 -0.274604 139 69 19
22.808162 8.959742 -0.171405 34 139 34
5.743059 1.499207 0.776155 34 139 34
10.346583 5.472451 0.223162 139 69 19
-24.984367 -23.195672 -0.789934 34 139 34
19.958719 -15.254612 -0.523367 139 69 19
-1.452870 -18.348983 -0.061321 34 139 34
-12.094494 3.477665 -0.750416 34 139 34
11.966732 -20.413604 0.210105 139 69 19
10.205685 20.429646 -0.057944 34 139 34
-0.702170 4.004778 -0.073032 34 139 34
-16.942863 -7.848346 -0.236860 139 69 19
-16.178165 14.089005 0.325435 139 69 19
13.216818 18.224639 -0.055762 34 139 34
-22.911590 -9.223569 -0.065307 139 69 19
3.484960 24.098906 0.983432 139 69 19
-2.443443 8.983751 1.252946 34 139 34
22.249725 17.910269 -0.167524 139 69 19
-8.842289 -7.240829 0.508736 34 139 34
-0.528402 -4.896200 -0.541349 139 69 19
9.210675 -6.192710 -0.092113 139 69 19
-18.483338 0.867508 0.291791 34 139 34
14.709908 -22.262539 0.411304 34 139 34
-21.688183 17.484806 -0.223259 34 139 34
4.971471 -5.323598 0.462686 34 139 34
-1.943068 5.406611 0.030882 139 69 19
14.656849 21.416219 -0.938095 139 69 19
2.833695 -10.327369 1.091188 139 69 19
9.817550 13.653891 0.059853 34 139 34
-1.758094 -5.087635 0.117066 34 139 34
-19.340315 -2.457819 -0.051596 34 139 34
9.518774 -3.866238 -0.319589 34 139 34
-0.472676 12.243703 -0.044104 139 69 19
14.877347 -3.435991 -0.488201 139 69 19
5.904587 -14.298670 -0.619246 139 69 19
-0.948455 15.434589 -0.106267 139 69 19
4.483394 7.853528 -0.117585 139 69 19
17.623356 -10.984472 -0.156015 34 139 34
-16.248109 -0.710436 -0.313394 34 139 34
11.227885 23.886330 1.107875 34 139 34
-1.600675 -4.664820 0.713618 139 69 19
3.818129 -2.756913 -0.195122 139 69 19
-15.303956 -18.454400 0.419693 139 69 19
-16.913159 6.119899 0.939493 34 139 34
18.516744 -7.999549 -0.218711 34 139 34
16.852447 0.480262 -0.193288 139 69 19
2.943759 -17.012706 -0.176314 34 139 34
21.582305 -19.116643 0.142323 139 69 19
19.765918 -14.252239 0.694935 139 69 19
-22.189018 18.746721 -0.510413 139 69 19
14.526882 -3.810648 0.131625 34 139 34
6.756032 3.399637 0.098467 139 69 19
6.724902 -17.010009 0.206840 139 69 19
-12.341111 11.316174 -0.068590 34 139 34
-19.989265 1.907212 -0.514980 34 139 34
-13.780517 -10.595532 -0.045162 34 139 34
5.934335 23.790008 -0.821501 139 69 19
-17.403168 6.144259 0.583753 34 139 34
-13.958665 -16.817589 -0.488729 139 69 19
1.426057 -20.883737 -0.063921 139 69 19
6.246273 -8.811364 0.187455 139 69 19
6.825917 -9.996215 -0.009763 34 139 34
20.921420 0.255974 0.269263 139 69 19
3.523362 22.907517 0.109129 34 139 34
19.051113 1.744361 0.057070 139 69 19
-24.046017 21.746373 -0.050792 34 139 34
5.820564 -14.641220 0.033002 139 69 19
-4.608498 -16.705767 -0.261540 139 69 19
-6.217225 -10.758976 0.347976 139 69 19
-15.571308 13.192498 -0.691570 34 139 34
24.713674 -15.838424 0.461689 34 139 34
-24.487568 -3.245630 -0.056156 139 69 19
-14.525042 19.302424 1.435916 34 139 34
-1.482932 3.741661 -0.567986 34 139 34
18.551887 -6.851062 0.214143 139 69 19
10.309532 14.340525 0.564081 139 69 19
-20.197718 15.043839 0.195221 34 139 34
-9.625859 10.963265 -0.843265 139 69 19
-17.973813 3.058383 0.848070 139 69 19
-12.987799 -7.611576 -0.401676 139 69 19
4.569414 -17.023585 0.213766 34 139 34
-0.521509 21.980429 -0.230908 139 69 19
12.808842 19.782629 0.454671 34 139 34
-7.540702 -20.711546 0.123163 34 139 34
21.481833 -15.397889 1.244501 139 69 19
10.464349 0.017974 -1.035881 139 69 19
11.365741 23.317503 -0.518698 139 69 19
0.426903 2.354462 0.349304 34 139 34
-9.621090 0.884902 0.363510 139 69 19
-5.112044 22.842429 -0.288243 34 139 34
-2.474501 -16.060139 -0.328458 34 139 34
-9.897402 15.734261 0.317238 139 69 19
-17.600696 -17.512780 -0.562895 34 139 34
-10.386327 -12.176833 -0.649784 139 69 19
-18.415669 -23.626115 -1.176799 34 139 34
5.278452 11.801092 -0.062285 139 69 19
-12.269406 15.910837 0.733611 139 69 19
-21.734971 -24.587153 -0.797111 139 69 19
-11.795888 -7.043563 -0.719422 34 139 34
-20.865734 -6.219808 0.403457 139 69 19
-18.436462 -24.624411 -0.574104 139 69 19
-16.952784 0.847173 0.531478 34 139 34
-16.585584 -7.353576 0.507413 34 139 34
-2.096056 10.245139 -0.092897 139 69 19
8.568140 -9.261621 -0.035137 34 139 34
12.767903 13.480689 0.002063 139 69 19
2.926959 8.300589 -0.636790 139 69 19
24.139520 6.341735 -0.013491 139 69 19
7.866768 -13.077365 0.056417 34 139 34
13.626694 -14.749152 -0.008279 34 139 34
14.716883 14.186526 -0.222537 139 69 19
-18.004305 9.689633 -0.211250 139 69 19
1.319117 -8.080830 -0.366566 139 69 19
19.061862 -4.823240 -0.844228 34 139 34
14.574807 19.702780 0.680403 139 69 19
1.073253 -11.714619 -0.034073 139 69 19
-14.904815 14.883795 0.399306 139 69 19
5.567701 21.761338 0.014827 34 139 34
-16.662486 -1.769840 0.345101 139 69 19
13.639948 -10.293682 0.285845 139 69 19
7.083292 -5.915009 0.703628 34 139 34
14.886519 19.398870 -0.223699 34 139 34
2.348575 -21.861664 0.616755 139 69 19
-9.046194 -4.324647 -0.420221 34 139 34
13.493645 -12.788306 -0.697488 34 139 34
12.129383 16.453631 0.197918 34 139 34
-8.755897 -9.823743 -0.479055 34 139 34
-23.674698 -10.458528 0.324433 34 139 34
-1.875970 13.374811 0.440055 34 139 34
-7.331811 -3.427313 0.776833 34 139 34
7.032904 -22.875602 -0.015646 34 139 34
11.354787 -12.800690 0.240200 34 139 34
-12.088564 22.770261 1.273998 34 139 34
8.245169 -23.606312 0.593911 139 69 19
9.257283 -7.680394 -0.042467 34 139 34
17.153146 10.674987 -0.642877 139 69 19
-17.595601 18.040149 0.222450 34 139 34
-8.432240 -1.287500 -0.552471 139 69 19
-1.404477 -4.950294 0.681020 139 69 19
10.416995 -20.422854 0.299143 139 69 19
13.337497 -19.580237 -0.230350 139 69 19
16.746667 22.841794 -0.147113 34 139 34
19.259750 -23.820382 -0.250313 34 139 34
2.482015 7.588498 0.601760 34 139 34
2.212093 16.158925 0.617350 139 69 19
-0.676283 -0.645760 -0.871333 34 139 34
14.179879 -9.985956 0.179764 34 139 34
20.281113 -11.274895 -0.625798 139 69 19
-7.163871 -17.237340 -0.464015 139 69 19
-0.393372 -20.957652 -1.046964 139 69 19
-9.498270 -8.171380 0.255402 34 139 34
6.575276 0.902497 0.432431 139 69 19
11.934277 4.039868 0.521797 34 139 34
8.702628 -6.825398 -0.323106 34 139 34
16.000777 -8.599601 0.730539 34 139 34
-14.584716 9.190122 0.552471 34 139 34
1.983640 12.555576 0.290954 139 69 19
5.326899 15.164470 0.327105 34 139 34
20.804670 7.859348 0.175972 139 69 19
1.465261 -1.109005 -0.105654 139 69 19
-13.885671 -5.087017 -0.168349 139 69 19
9.576988 20.320159 -0.955015 139 69 19
22.027302 22.602005 0.318447 139 69 19
-3.223310 -4.674179 -0.004725 139 69 19
5.195806 24.242516 -1.245779 139 69 19
-24.984195 -23.593135 0.150580 139 69 19
5.996357 -17.247985 0.192997 139 69 19
-19.894031 0.481542 -0.120167 34 139 34
-4.165165 -16.438459 -0.045819 139 69 19
3.654181 -4.913109 -0.402618 34 139 34
-7.737958 3.572571 -0.515637 34 139 34
9.934749 -4.989676 0.453683 139 69 19
10.286871 -12.541265 0.275377 34 139 34
-7.040120 -14.311402 0.279302 139 69 19
0.820167 12.969704 -0.546767 139 69 19
14.970068 -24.506639 -0.127459 139 69 19
14.653196 -3.008087 0.356595 34 139 34
-14.804136 2.752923 -0.302549 34 139 34
-4.565397 24.575002 -0.513984 34 139 34
4.772086 -16.890068 -0.429186 139 69 19
-22.787565 -17.255279 0.745833 34 139 34
11.433092 -6.728080 1.384371 34 139 34
-19.192723 19.868153 -0.250880 139 69 19
4.594404 9.655769 -0.849714 139 69 19
-16.518987 8.841336 0.653338 34 139 34
-10.001685 10.560062 -0.033581 34 139 34
-19.109250 14.754538 -0.096160 139 69 19
-5.048016 0.348103 0.058605 34 139 34
-7.342437 12.295164 0.008262 139 69 19
23.306154 20.161902 0.628605 139 69 19
2.385195 -4.230736 0.382405 34 139 34
-3.557323 19.580602 0.716048 139 69 19
11.443173 -12.790633 1.288567 34 139 34
15.076380 19.688382 0.870358 34 139 34
-6.966279 -14.477538 0.236355 34 139 34
3.614070 -22.893087 -0.006851 139 69 19
12.645834 10.074869 -0.286021 34 139 34
20.616339 -6.437216 -0.680496 34 139 34
8.068804 4.293035 -0.553765 34 139 34
-20.342800 -12.073034 -0.541059 34 139 34
-2.122729 1.599803 -0.379926 139 69 19
-10.270058 5.321477 -0.078123 139 69 19
-18.086859 -3.606672 0.496904 139 69 19
-18.912947 -0.090950 -0.375873 34 139 34
-3.865701 16.936623 0.224678 139 69 19
10.772847 -23.928286 1.054519 139 69 19
12.467895 -11.173652 0.353464 139 69 19
-5.083154 14.286500 0.650648 34 139 34
24.004941 10.298182 1.056885 34 139 34
-22.062891 7.072609 -0.004473 139 69 19
16.409862 17.263721 -0.982548 139 69 19
16.118985 -20.655480 -0.069693 139 69 19
-3.819217 -24.970924 0.057827 139 69 19
5.980663 2.363777 0.002901 139 69 19
21.059322 22.945833 -0.762786 139 69 19
5.673111 23.611707 -0.491492 139 69 19
-5.198761 3.040207 -0.552630 139 69 19
19.338966 20.083177 0.374462 34 139 34
19.018135 22.228985 -1.123938 139 69 19
-8.667405 6.976961 0.113175 139 69 19
22.669370 9.258916 0.110169 139 69 19
15.272021 19.995383 0.317648 34 139 34
-12.878698 -24.797706 -0.633789 34 139 34
20.575199 0.592731 -0.419951 139 69 19
-1.203804 -19.699649 0.750772 34 139 34
-6.935087 11.254702 0.300694 139 69 19
24.460468 -24.155214 -0.517624 34 139 34
-5.032386 -19.918420 -0.225394 34 139 34
-10.790702 -19.327244 -0.564047 34 139 34
-22.727230 -0.577055 -0.764030 139 69 19
-24.250678 -21.784311 -0.383525 139 69 19
4.969815 -18.217332 -0.297979 139 69 19
13.097232 -2.177281 -0.125139 34 139 34
-1.181018 -5.468310 -0.238049 34 139 34
-10.342701 -22.884507 0.139745 34 139 34
12.400559 -8.046576 -0.030136 34 139 34
-16.007729 9.701606 -0.598773 34 139 34
7.575751 -13.314529 -0.738737 139 69 19
1.830416 -19.310402 -0.214970 34 139 34
-13.066141 14.213684 -1.304809 139 69 19
-7.188080 -1.985599 0.831180 34 139 34
5.196212 -7.591103 -0.918397 139 69 19
-22.950858 -6.065710 -0.312132 139 69 19
-16.021971 -0.288045 -0.358647 139 69 19
22.101390 23.958573 -1.082170 139 69 19
15.695965 14.714265 -0.551601 139 69 19
-8.976154 7.909121 0.451249 34 139 34
-21.554075 -17.539206 0.494205 34 139 34
-5.978105 -11.738616 0.649693 34 139 34
-6.984094 -15.634750 0.432489 139 69 19
16.475048 -8.266216 -0.340395 34 139 34
-10.857810 -7.570786 0.160321 34 139 34
12.230802 -10.344970 -0.426594 34 139 34
22.859283 15.603575 -0.354309 139 69 19
11.992559 17.939155 -0.658143 34 139 34
8.541538 -16.022696 -0.463545 34 139 34
-3.281579 21.035880 0.479448 139 69 19
1.877838 4.885020 -0.395756 139 69 19
21.776066 -9.864344 -0.564602 139 69 19
23.680574 -8.865981 -0.298736 139 69 19
16.299259 9.040873 0.458162 34 139 34
-6.071929 -18.147408 0.907043 34 139 34
-17.398354 18.909347 0.447139 34 139 34
-6.097748 -7.349162 -0.070028 34 139 34
16.375783 23.567322 -0.285403 139 69 19
-19.273322 4.196858 -0.077005 34 139 34
-8.368776 -10.099616 0.351946 139 69 19
10.280809 2.146837 0.517834 34 139 34
18.300753 -12.953571 -0.084385 34 139 34
5.097865 -8.425224 -0.465310 139 69 19
-9.391415 10.013731 0.155790 34 139 34
-13.057865 -9.633325 -0.471802 139 69 19
-21.069117 -0.253607 0.283213 139 69 19
-16.345635 1.559904 -0.254017 34 139 34
7.856076 9.678677 -0.436625 139 69 19
-6.746802 14.771527 -0.509536 34 139 34
-15.436682 -18.593363 0.389145 139 69 19
-2.610388 24.250285 0.059243 34 139 34
-3.423554 3.037816 0.135801 34 139 34
-12.671717 0.322344 0.367982 34 139 34
-17.414608 22.620716 0.110783 34 139 34
-4.916728 13.857841 0.356777 34 139 34
14.364453 -9.582470 -0.762178 34 139 34
7.740767 2.677304 0.637377 139 69 19
-17.039108 7.738131 -0.608739 139 69 19
17.219611 10.713895 -0.569474 34 139 34
-18.652524 20.132771 0.878403 34 139 34
-23.287610 2.557669 -0.321344 139 69 19
3.861136 8.783855 -0.569769 34 139 34
23.410266 -22.424719 0.255153 139 69 19
13.748019 -14.917587 0.436087 139 69 19
6.792486 -1.303145 -0.187025 139 69 19
-6.779430 -8.996839 0.392790 34 139 34
15.407689 10.997939 -0.225017 139 69 19
-20.644089 -2.780374 -0.498838 139 69 19
-23.564509 -1.373563 -0.638050 139 69 19
-7.062840 -21.738250 0.022798 34 139 34
-1.782590 10.982093 0.459851 139 69 19
8.078666 20.538878 -0.344485 34 139 34
8.598454 15.834434 0.004705 34 139 34
9.192226 10.406037 -0.317076 34 139 34
23.415020 17.646204 0.075283 139 69 19
-21.960521 24.926408 -0.406351 34 139 34
14.321311 1.481865 0.859793 139 69 19
-23.372369 -11.845968 -0.494483 34 139 34
14.209598 -21.395312 0.417333 139 69 19
-9.046743 3.325790 0.175828 34 139 34
13.226048 13.445592 -0.371715 34 139 34
-7.484824 13.806278 0.671201 34 139 34
-24.520672 -6.781236 -0.863966 34 139 34
8.992193 22.476175 -0.001341 139 69 19
15.330036 -7.789912 -1.067998 34 139 34
11.850642 16.351863 1.010456 34 139 34
-10.990319 12.915746 -0.356850 34 139 34
-21.844045 -21.550226 0.345065 34 139 34
-1.923178 2.680637 0.652474 139 69 19
1.159523 0.969905 -0.402662 139 69 19
-11.949680 15.660476 0.249123 139 69 19
-4.808814 11.036959 0.802848 139 69 19
4.854226 -19.198243 -0.028309 34 139 34
-10.336327 -11.698004 -0.606755 34 139 34
-1.793098 2.552691 -0.504141 139 69 19
3.523852 11.772917 0.655654 34 139 34
9.105877 -0.518926 -0.123847 34 139 34
11.018722 -18.006137 -0.524036 34 139 34
-21.555710 -22.846601 0.396981 34 139 34
-22.179028 -5.358901 0.017530 34 139 34
2.079641 10.241752 -0.097972 34 139 34
-21.158341 13.537612 0.386205 139 69 19
-15.197659 24.677939 0.385626 139 69 19
-19.600611 -8.275842 -0.286713 34 139 34
3.302940 21.634419 -0.455359 34 139 34
-12.507290 -0.567591 -0.329007 139 69 19
-3.656813 -9.642368 0.435692 34 139 34
-23.240241 -23.116001 -0.143488 139 69 19
-5.662207 -1.017243 -0.280754 139 69 19
-19.972917 4.632341 -0.033753 34 139 34
-14.991959 -5.167263 0.783058 34 139 34
15.827339 19.719793 -0.811606 34 139 34
-20.844371 -7.300902 0.086860 139 69 19
-23.449755 -19.470945 -0.159711 139 69 19
3.296047 8.779552 0.057654 34 139 34
3.645125 12.560039 -0.655759 34 139 34
2.654485 24.462449 -0.287764 34 139 34
15.459214 21.865591 -0.666798 34 139 34
13.787297 9.097421 0.804264 34 139 34
-14.852090 -5.233787 0.175360 139 69 19
6.295832 19.392795 0.205680 34 139 34
-21.707723 5.843512 0.240233 34 139 34
7.752009 23.518584 -0.636677 34 139 34
12.254329 -7.844409 0.469357 139 69 19
-18.921507 9.076806 -0.366653 139 69 19
5.624484 -19.584474 0.129652 34 139 34
-20.051023 18.743485 0.696419 34 139 34
-0.596425 -8.125626 -0.196199 34 139 34
-16.658769 13.579557 -0.061425 34 139 34
14.233410 22.452404 0.593098 34 139 34
-23.958122 7.577190 0.547702 139 69 19
-17.818725 -22.390485 -0.616985 139 69 19
3.905515 16.139207 1.107332 34 139 34
-18.257502 11.501245 -0.469500 139 69 19
-1.185205 -12.348090 0.219036 139 69 19
-18.751572 -7.952587 -0.145559 139 69 19
-11.144643 -18.231792 -0.491070 34 139 34
5.126765 -18.519762 0.092148 139 69 19
3.903568 1.433134 0.736260 34 139 34
-1.913263 10.720848 0.146936 139 69 19
18.363874 19.817714 -0.122448 34 139 34
-21.321271 22.254711 0.223935 34 139 34
-21.053579 -17.582241 -0.777845 34 139 34
-20.845268 7.052937 0.339382 34 139 34
-1.291678 17.029226 -0.430172 139 69 19
10.664797 -0.308941 -0.219445 139 69 19
-19.545313 6.390014 -0.527817 34 139 34
-19.135348 13.068666 0.262745 139 69 19
-9.804081 17.822977 -1.425862 139 69 19
-16.762658 20.215225 0.422079 34 139 34
24.624943 -7.803545 0.143762 34 139 34
-8.941635 14.081848 -0.405922 34 139 34
18.687961 -8.187629 -0.769938 34 139 34
-10.345045 7.474015 -0.962960 139 69 19
1.941182 8.138468 0.465644 34 139 34
-23.720335 -22.210690 -0.202111 139 69 19
1.134319 23.337323 0.372098 34 139 34
-17.073015 24.021904 -0.272619 34 139 34
21.839532 5.773319 -0.245121 139 69 19
-8.623328 13.755749 0.200768 139 69 19
17.067231 8.545001 -0.296553 139 69 19
-17.158502 -13.790031 -0.060949 34 139 34
-15.065805 10.526245 -0.588423 139 69 19
2.379209 -21.139872 0.313287 34 139 34
18.353295 -23.883817 -0.235217 139 69 19
-9.658287 11.528580 -0.490469 139 69 19
-9.215330 24.231452 -0.892705 139 69 19
19.103632 9.177443 0.620829 34 139 34
7.922875 1.860550 0.490528 34 139 34
14.661444 -13.056821 -0.245628 34 139 34
11.461777 15.102669 0.601948 34 139 34
-24.413959 12.472525 -0.161757 34 139 34
19.676492 6.145245 0.357296 34 139 34
-4.771370 -11.425697 1.003966 34 139 34
14.412903 3.471604 0.194234 139 69 19
20.717614 6.188615 0.197703 34 139 34
11.249883 -23.496268 -0.045137 139 69 19
3.263101 -11.427071 -0.064304 34 139 34
-17.975725 -9.139086 -0.410461 139 69 19
-7.177572 -20.212604 -0.674124 34 139 34
10.919489 -12.951319 0.640940 34 139 34
-3.744278 -15.130858 0.297383 139 69 19
-9.766751 6.985327 0.349292 139 69 19
23.761757 -8.487713 -0.218443 139 69 19
-19.791456 1.142275 -0.366305 139 69 19
11.615195 15.531866 -0.571337 34 139 34
8.282988 8.806176 1.093065 139 69 19
14.347597 10.400616 -0.066248 139 69 19
9.880778 20.355963 0.661223 34 139 34
-24.389088 11.741379 0.027890 34 139 34
-18.477508 -12.328405 -0.126079 139 69 19
-12.788935 24.444006 -0.512828 139 69 19
13.637149 17.041044 0.032401 34 139 34
-7.949902 1.468063 0.979515 139 69 19
-4.548769 3.412617 0.907864 34 139 34
-17.945326 14.804724 -0.916776 34 139 34
22.519167 22.590324 0.243355 139 69 19
23.324665 10.443457 0.519238 139 69 19
-12.904200 12.804735 0.357737 34 139 34
-9.076219 8.307460 -0.265251 139 69 19
-15.080581 9.381680 -0.305070 34 139 34
3.534956 -3.688772 -0.649196 34 139 34
-0.521818 -15.761576 0.236874 139 69 19
18.987088 -19.894170 0.256126 34 139 34
9.235082 -0.561657 0.345413 34 139 34
-21.736131 -6.147724 -0.068240 139 69 19
16.794351 -22.677857 0.137312 34 139 34
14.694583 -9.534576 -0.016654 139 69 19
-23.208396 4.940959 0.060583 34 139 34
-12.827839 -24.535012 -0.413167 139 69 19
21.188622 -5.712643 -0.654706 139 69 19
-13.621315 4.815948 -0.684343 139 69 19
3.234664 8.809965 0.347256 139 69 19
-20.772680 18.260613 0.330393 139 69 19
-15.018335 5.602375 -0.450376 34 139 34
-2.542293 0.578576 0.531372 34 139 34
11.665611 -16.342318 -0.032865 139 69 19
11.766136 9.498429 -0.447712 139 69 19
17.406713 19.839841 -1.071213 34 139 34
0.211070 -9.601044 -0.114167 139 69 19
-5.946927 -22.469242 0.368819 34 139 34
21.054642 -7.781134 -0.135449 34 139 34
-17.805090 24.033279 0.785214 139 69 19
18.129921 -3.152457 -1.050441 139 69 19
11.611633 -12.202767 0.379638 139 69 19
-9.052850 -16.092815 0.225185 139 69 19
0.434381 20.311106 0.050477 139 69 19
3.801301 12.575795 -0.201258 34 139 34
-7.987668 -2.074969 0.463112 34 139 34
-16.970992 24.628093 0.082894 139 69 19
19.079373 9.126266 0.201959 34 139 34
-7.628599 -9.386240 0.011613 34 139 34
5.106326 -18.971360 -0.154604 34 139 34
11.980855 14.588631 0.191302 139 69 19
3.344278 -5.888813 -0.718659 34 139 34
-9.041230 -23.461810 -0.222741 34 139 34
-1.537165 19.161097 0.668603 139 69 19
0.643795 4.049557 0.272935 139 69 19
-20.614957 13.392742 -0.305902 34 139 34
5.921082 -16.547669 0.157568 139 69 19
4.271506 -17.446851 -0.690003 34 139 34
-17.668321 -2.908595 -0.854218 34 139 34
4.404879 -6.239266 -1.396175 139 69 19
0.645415 7.349989 0.205338 34 139 34
-21.208630 15.574887 -0.313804 139 69 19
2.062679 -24.626178 0.921209 34 139 34
-19.591477 -1.421950 -0.746249 34 139 34
19.378433 8.800033 0.679797 34 139 34
-13.819418 4.897577 -0.278320 139 69 19
23.671191 -6.023221 0.384767 34 139 34
17.478113 -7.460106 0.273572 34 139 34
-11.948593 6.301373 -1.157042 34 139 34
22.432108 -0.717929 -0.492035 34 139 34
17.169398 14.921131 0.625881 34 139 34
-17.205361 -14.357942 0.353057 139 69 19
-23.967886 3.286877 -0.136001 34 139 34
19.921733 7.479979 -0.267884 34 139 34
21.770910 13.220250 0.299123 139 69 19
-11.098925 -10.497130 0.754646 139 69 19
18.641054 -1.968989 -0.151334 34 139 34
-1.295893 15.774176 -0.292348 34 139 34
22.932713 16.226356 -0.972332 139 69 19
22.457735 -17.378447 0.003807 34 139 34
-23.472052 -24.495571 -0.604969 139 69 19
7.663914 16.187984 -0.642451 34 139 34
1.333532 18.943665 -0.021351 34 139 34
20.114793 18.914585 -0.063169 34 139 34
-13.936400 -5.412510 0.501541 139 69 19
7.223464 10.969029 0.479637 139 69 19
21.587279 19.087189 0.339118 139 69 19
22.477054 21.416881 0.453776 139 69 19
16.219846 -3.581939 0.236916 34 139 34
12.340699 -16.960591 0.527842 139 69 19
-4.126896 -0.955962 0.371852 139 69 19
11.614626 -7.872707 -0.996960 34 139 34
7.485603 -14.166684 0.517411 34 139 34
18.402545 8.994499 0.608514 139 69 19
-7.661585 16.861699 0.733878 34 139 34
-16.055461 15.600551 0.192152 34 139 34
-18.723987 -19.465344 0.651599 139 69 19
3.266831 24.089292 -0.020769 139 69 19
1.024972 16.147482 1.517360 34 139 34
4.500929 7.205015 -0.359183 34 139 34
-16.720506 7.269056 -0.238484 139 69 19
-11.607732 -7.936441 0.494450 139 69 19
-6.793523 23.313685 0.339571 34 139 34
2.564208 -18.299841 0.435858 34 139 34
8.595360 16.411933 -0.201703 139 69 19
-24.050875 19.190564 0.630553 34 139 34
13.822659 -12.759579 0.314633 139 69 19
-9.568834 -7.224554 -0.078084 139 69 19
1.533787 20.373834 0.857310 34 139 34
23.254719 -6.323180 -0.051348 139 69 19
15.940882 -13.349993 -0.081756 34 139 34
-24.764877 -5.668543 0.303705 34 139 34
11.663724 22.596099 0.400516 139 69 19
7.941644 -19.883332 0.326478 34 139 34
20.121768 2.008013 0.071304 34 139 34
19.312713 12.647958 0.734561 34 139 34
16.947445 21.648974 -0.849685 139 69 19
12.283585 -20.219201 -0.129542 34 139 34
23.111250 9.918941 0.077341 139 69 19
-9.378616 -12.548532 -0.658181 34 139 34
-3.154169 -6.554216 0.145445 34 139 34
13.057719 -10.595490 -0.462941 34 139 34
-22.175095 -20.764087 0.413822 34 139 34
2.569268 -6.378067 -0.160613 139 69 19
17.329738 -10.429661 0.127484 139 69 19
-0.195209 -9.516351 -0.174110 34 139 34
-1.519734 -15.234799 0.447470 34 139 34
24.729214 4.381464 -0.425133 139 69 19
15.309046 -8.946189 -0.111320 34 139 34
18.934207 20.351312 0.113751 139 69 19
21.690002 -20.135588 0.944372 34 139 34
13.901514 -23.236972 -0.389883 34 139 34
-18.215466 24.866274 0.475679 34 139 34
8.280095 -23.860616 0.949464 34 139 34
-16.264472 -7.744777 0.514627 139 69 19
-8.957996 -6.446063 0.684851 139 69 19
-5.180589 -4.034719 0.324614 139 69 19
-5.464336 1.152122 0.772367 34 139 34
6.694416 19.745503 -0.033875 139 69 19
3.154051 1.671748 -0.115192 34 139 34
-8.031931 1.757833 0.433743 139 69 19
-12.898354 2.509680 0.766590 34 139 34
17.287797 -14.533350 -0.534174 139 69 19
23.035311 20.114827 -0.263231 139 69 19
23.333243 24.219202 0.123437 34 139 34
11.145936 13.603424 0.195426 139 69 19
11.086733 -21.701361 -0.488903 139 69 19
-11.643370 -0.385291 -0.146857 139 69 19
19.685447 -2.128516 -0.046713 139 69 19
6.473662 -0.930004 -0.184967 34 139 34
4.017035 0.220841 -0.524003 139 69 19
5.583869 -6.415489 -0.226980 34 139 34
-17.063413 22.446369 0.193446 34 139 34
-20.990864 -7.690195 -0.427834 139 69 19
-13.352891 3.112717 -0.374392 34 139 34
-9.211560 -10.248426 -0.052338 139 69 19
-24.166959 16.427212 -0.653699 34 139 34
-14.391561 -19.693265 0.523778 139 69 19
-8.646045 -3.702731 0.303250 34 139 34
-13.675680 9.439193 -0.645803 34 139 34
5.707413 12.214789 -0.398701 34 139 34
-4.801862 -12.322966 -0.143227 34 139 34
-0.381701 4.739129 0.734729 34 139 34
13.856500 -5.265765 0.147940 139 69 19
-3.927570 20.215402 -0.102513 34 139 34
12.401987 6.271119 0.203306 139 69 19
-12.107700 -0.216064 -0.594338 139 69 19
-23.625878 7.418726 0.066187 34 139 34
-2.871952 -22.163796 0.647764 139 69 19
-17.244054 -4.167471 0.007066 139 69 19
17.218961 -17.120748 0.150952 139 69 19
24.791861 -2.391059 0.431720 34 139 34
-16.179072 6.283827 -0.055114 34 139 34
-13.279363 -14.989665 -0.322478 34 139 34
-17.396212 21.995349 -0.335368 34 139 34
12.620774 -7.392934 0.028209 139 69 19
24.954186 -13.242351 0.287719 34 139 34
16.659988 9.957508 -0.641649 34 139 34
-17.093045 3.198434 -0.103495 34 139 34
4.374585 -0.839964 0.039688 139 69 19
11.520561 0.773479 -0.525793 139 69 19
-1.878116 -23.485939 0.155903 34 139 34
-24.603773 11.537267 0.471117 139 69 19
20.328429 -20.466112 0.340924 34 139 34
15.531485 6.245841 1.101542 34 139 34
12.328294 5.863593 -0.161440 34 139 34
-16.884116 1.889504 0.668516 34 139 34
-5.938213 17.900012 -0.761628 34 139 34
0.879486 8.779396 0.483380 139 69 19
2.333920 0.840324 0.379103 34 139 34
-6.410006 -4.882515 -0.441855 139 69 19
22.730763 6.739922 0.034680 34 139 34
-24.565492 0.972204 -0.336674 34 139 34
23.011956 7.082827 0.328528 34 139 34
8.854769 18.133299 -0.203917 34 139 34
20.316790 10.375659 0.228941 139 69 19
-5.066665 -3.939567 0.757983 139 69 19
-24.778921 -16.439806 -0.026847 34 139 34
8.034591 1.198598 -0.786145 139 69 19
-8.783091 24.900329 0.122605 139 69 19
5.207796 -11.700064 0.013284 139 69 19
-19.775149 -15.727056 0.236564 34 139 34
3.607820 14.299510 -0.118611 139 69 19
2.261166 23.565698 -0.320887 139 69 19
1.905005 -21.608058 0.077920 139 69 19
22.748939 -20.509684 -1.058244 34 139 34
10.741652 3.233863 0.256991 139 69 19
10.211949 18.852063 1.142750 139 69 19
-15.349097 2.360740 1.195502 34 139 34
15.859123 22.298295 -0.147471 34 139 34
-16.078241 -12.986614 0.034376 34 139 34
21.477327 2.744646 -0.503155 139 69 19
16.393601 -7.800461 -0.504739 34 139 34
-7.513317 -14.879687 0.129247 34 139 34
13.288662 0.530050 0.037425 34 139 34
-5.949539 -15.205513 0.245863 139 69 19
8.103216 5.926705 0.466496 139 69 19
-2.247779 -16.870392 0.234526 34 139 34
0.473814 10.946850 -0.214251 139 69 19
-8.014166 1.180015 0.303320 34 139 34
-13.853733 -14.237060 0.843113 139 69 19
22.368479 -6.924621 -0.274474 34 139 34
-7.407270 -2.947398 -1.025237 34 139 34
20.152382 12.013911 -0.102191 34 139 34
17.846876 9.528923 -0.355978 139 69 19
-9.359017 -16.872548 0.038001 34 139 34
3.299228 -16.387963 -0.498805 139 69 19
-19.039244 -7.033791 0.120627 34 139 34
-15.983904 19.413586 0.829997 34 139 34
-10.613668 0.639075 0.514457 139 69 19
-11.783167 16.735779 0.093750 34 139 34
13.072770 19.272264 -0.225781 34 139 34
-22.315700 -16.886243 0.158448 34 139 34
-1.192626 -5.738038 -0.817600 139 69 19
19.569365 -15.871136 -0.353576 34 139 34
7.339717 -19.696022 0.497337 139 69 19
-13.444583 -8.509406 -0.590508 34 139 34
-22.443861 20.738201 -0.663815 139 69 19
5.259661 -19.479576 0.243291 34 139 34
-18.468162 14.101331 0.823615 34 139 34
-23.454560 23.779228 0.392957 139 69 19
-1.959231 -14.609437 0.432568 139 69 19
21.953573 -3.284738 -0.320673 139 69 19
2.511126 -12.552528 -0.297278 139 69 19
-6.629501 0.096166 -0.145428 139 69 19
2.970559 -17.505561 0.148209 34 139 34
14.718944 -2.726002 0.897973 139 69 19
10.491037 -6.327035 -0.378678 139 69 19
13.774290 -13.388948 0.428531 34 139 34
-11.969478 -15.610332 -0.143921 139 69 19
-19.961151 -4.685865 -0.359355 139 69 19
-17.359268 10.457672 -0.232447 139 69 19
-10.307973 2.945659 -0.107950 139 69 19
-12.863581 -15.768357 -0.062998 34 139 34
-12.575757 10.033411 1.006600 34 139 34
-5.417493 3.746101 -0.332210 139 69 19
1.015142 4.404597 0.029668 139 69 19
18.353978 2.576978 0.218447 34 139 34
2.811230 15.287778 0.204752 139 69 19
-8.112253 24.777099 -0.027293 139 69 19
21.029556 -1.199517 -0.377604 34 139 34
7.047389 -24.660128 0.662645 139 69 19
-18.625084 -11.211093 -0.149978 34 139 34
15.984919 -20.158247 0.557601 34 139 34
-10.658735 13.975379 -0.352605 34 139 34
-10.290138 12.673275 0.175425 34 139 34
4.075975 16.264113 -0.116002 34 139 34
-12.060035 12.825243 0.145005 34 139 34
-7.816867 -19.727655 0.684952 34 139 34
-20.791719 -2.451653 0.593098 139 69 19
-21.479460 7.442797 -0.518121 139 69 19
24.452923 3.610971 -0.142834 34 139 34
-3.734590 -8.517243 -0.716175 139 69 19
4.974318 18.227943 0.653175 139 69 19
8.869783 9.454941 -0.141739 139 69 19
-20.183530 11.614636 0.044238 139 69 19
15.380962 21.923201 -0.589589 34 139 34
-20.659582 -3.209506 0.491888 34 139 34
19.910187 8.825940 -0.212390 34 139 34
-14.723063 13.007586 -0.112588 139 69 19
8.196389 -24.575077 0.698920 139 69 19
-5.156054 -5.574560 0.049847 34 139 34
-9.379744 -24.612075 0.477725 139 69 19
-2.589659 8.173810 0.052942 34 139 34
-5.618918 -8.939180 -0.261360 139 69 19
15.465185 16.926396 0.155580 139 69 19
20.366179 -23.681170 -0.116021 34 139 34
-16.366735 -10.092929 -0.189426 139 69 19
-2.761233 20.651693 0.542920 34 139 34
-18.538375 -21.794180 0.033653 139 69 19
-7.285050 8.190251 -0.412590 34 139 34
-16.944658 -1.508343 0.423515 34 139 34
-17.849048 23.601436 -0.487143 34 139 34
-1.149444 -10.928337 -0.137018 34 139 34
16.688854 -16.508934 0.003102 34 139 34
-15.505578 4.457180 0.421331 139 69 19
16.915698 -14.792233 0.469211 139 69 19
24.228472 -1.850394 0.997773 139 69 19
-22.166852 -16.186359 0.330737 139 69 19
19.227217 -4.052934 0.212242 34 139 34
3.259650 20.718570 -0.803265 139 69 19
-8.362054 -21.994384 -0.081621 34 139 34
-9.975182 -8.094631 0.143133 139 69 19
0.924772 11.706300 -0.730000 139 69 19
-7.405180 -10.433228 0.119912 34 139 34
-15.440592 12.074875 -0.258803 34 139 34
-23.907682 -19.591480 -0.806437 34 139 34
-3.868122 -6.584696 -0.866763 34 139 34
21.586651 -19.138531 0.324009 139 69 19
12.664739 23.587585 0.545611 139 69 19
-17.491712 -6.682346 0.230677 34 139 34
-22.937800 -1.798246 0.476424 34 139 34
6.879672 -6.987521 -0.175894 34 139 34
-7.624877 -15.388454 -0.228469 34 139 34
-20.378239 -14.390429 0.126462 139 69 19
-8.849187 -6.684385 -0.289577 139 69 19
-16.466042 -22.197127 -0.305317 139 69 19
0.803508 -15.428587 0.500933 34 139 34
-2.018970 -24.811167 0.726851 34 139 34
-11.206679 18.404907 -0.304420 139 69 19
-3.679702 11.009110 0.384942 34 139 34
3.353073 -10.744457 -0.638069 34 139 34
-18.147869 9.309215 -0.253937 139 69 19
17.889646 15.589250 0.273078 34 139 34
-20.324879 -9.657498 -0.860009 34 139 34
-22.694086 19.835176 0.449769 34 139 34
-9.510107 0.454535 -0.942380 139 69 19
12.241335 -19.995198 -0.185548 34 139 34
-3.357156 8.942018 1.010421 34 139 34
-13.694810 -12.765437 0.011928 34 139 34
-12.611272 21.836261 0.198028 139 69 19
-22.471695 -21.634843 -0.940008 139 69 19
9.760443 -21.800508 0.052511 34 139 34
20.536028 22.058068 0.408809 139 69 19
6.904887 -2.577076 0.593410 139 69 19
17.776493 -0.571391 0.330334 34 139 34
15.088502 -18.504527 0.412324 34 139 34
-3.510326 -9.071632 0.286305 139 69 19
23.204314 11.456546 -0.638694 34 139 34
6.990040 13.425710 0.060169 34 139 34
22.868577 -11.389604 0.944536 34 139 34
18.091431 10.861634 -0.601795 139 69 19
5.363148 -8.382804 -0.497233 139 69 19
-18.393172 0.304584 -0.667692 34 139 34
23.104666 24.882331 -0.044565 34 139 34
1.017698 3.237279 -0.385633 139 69 19
-23.134553 -23.214841 0.270571 34 139 34
2.490314 2.562692 0.051333 34 139 34
1.661210 10.649194 -0.087164 139 69 19
8.570377 -4.168980 0.252201 139 69 19
-13.494626 12.262034 -0.348540 34 139 34
6.851538 -11.435861 0.359829 34 139 34
-17.120107 2.130212 0.043433 139 69 19
3.302620 4.214630 -0.130676 34 139 34
-19.264834 -6.269734 0.413166 34 139 34
15.403044 2.884632 0.319389 34 139 34
12.791751 8.166147 -0.081661 139 69 19
24.665502 -18.660654 0.718028 34 139 34
1.483351 -1.778611 -0.483424 139 69 19
-22.254422 8.681804 0.289756 139 69 19
18.749675 12.886950 0.218417 139 69 19
-0.348846 22.233258 -0.065355 139 69 19
19.431023 -15.566740 -0.896874 139 69 19
-24.250808 17.074235 -0.771136 34 139 34
-3.214382 9.694231 -0.488680 139 69 19
-3.530921 10.152103 -0.932072 139 69 19
7.193894 -21.443378 0.110396 34 139 34
22.437016 0.530123 -0.374306 34 139 34
-10.398765 -0.041219 -0.866616 34 139 34
-14.143009 -20.310275 0.088887 139 69 19
-24.860810 -17.037956 -0.388538 34 139 34
-18.352383 -10.876341 0.709405 34 139 34
-17.723665 -23.936700 -0.632786 139 69 19
-12.415996 -23.644828 0.377049 139 69 19
-18.684052 11.316692 -0.376417 34 139 34
4.289617 6.741157 0.107004 34 139 34
-21.364575 7.390900 -0.101938 139 69 19
-18.337599 -4.457639 0.329647 139 69 19
24.112191 -1.558280 -0.038966 139 69 19
-10.661818 -2.448274 -0.132325 139 69 19
20.817290 23.305433 0.330761 34 139 34
7.137357 2.779259 0.199730 139 69 19
13.277584 -21.797212 0.180402 34 139 34
-3.494805 -11.558539 -0.363902 139 69 19
-10.426444 3.594155 -0.121845 139 69 19
3.020878 -16.637487 -0.691422 139 69 19
13.531278 -20.095472 0.336260 139 69 19
15.707868 -18.463519 0.795736 139 69 19
20.892918 14.296607 0.190292 34 139 34
-20.468980 -15.969043 -0.020808 139 69 19
-22.416525 -24.095666 -0.832471 139 69 19
-9.847440 -11.725060 -0.891034 139 69 19
0.107108 0.813698 0.369666 139 69 19
20.844248 9.522038 -0.478003 34 139 34
15.762376 -5.039415 0.039099 34 139 34
-14.447698 12.896130 -0.189370 34 139 34
-11.652264 7.951473 0.358224 139 69 19
-22.053700 21.539115 0.121004 139 69 19
1.121396 -21.240273 1.225759 34 139 34
-14.656992 6.051853 0.075288 139 69 19
15.881231 -8.510847 0.273804 139 69 19
-24.114501 -9.869206 0.393460 139 69 19
-2.781226 21.574581 0.027346 34 139 34
-5.693955 16.453498 -0.394647 34 139 34
-3.926538 -18.382966 -0.011349 34 139 34
-14.533877 -14.481436 -0.477659 34 139 34
5.242313 -22.460403 -0.109584 139 69 19
24.963753 19.341711 0.432641 139 69 19
-0.590667 -4.397094 -1.122311 34 139 34
12.003133 -19.426882 0.265639 34 139 34
-22.309638 18.889757 0.395740 139 69 19
-16.196529 5.636954 0.000722 139 69 19
4.004792 -1.621378 0.825414 139 69 19
9.549674 -14.651488 -0.504814 34 139 34
-15.837231 23.142063 0.204157 139 69 19
-13.810249 -23.960855 0.502003 139 69 19
8.241662 4.687908 -0.174031 34 139 34
-20.398517 -0.122674 -0.147503 139 69 19
20.189388 -15.596802 0.640622 34 139 34
-10.383046 -13.686951 0.335121 34 139 34
-8.244321 -5.169417 -0.676167 139 69 19
-15.581272 19.621577 0.329584 139 69 19
17.213212 20.353152 -0.221673 34 139 34
-8.777273 14.672367 -1.007154 34 139 34
-9.342503 6.813761 0.070848 139 69 19
-6.820496 -17.541951 0.587187 139 69 19
-24.064838 21.279757 0.545311 34 139 34
0.036328 3.915724 0.552220 34 139 34
5.648483 -21.344470 0.389645 139 69 19
15.208945 -20.993453 0.751122 139 69 19
-3.077811 0.813739 -0.146208 139 69 19
9.152570 17.520048 -0.817694 34 139 34
20.977761 -21.473334 0.424631 139 69 19
-24.531776 7.910794 0.084400 34 139 34
18.256644 -5.037353 0.727320 139 69 19
-15.165082 5.442638 0.990656 34 139 34
-21.817045 -8.606862 -0.065957 34 139 34
12.465916 -13.295555 0.293103 34 139 34
16.808796 21.331226 -0.141671 34 139 34
-6.365441 8.820724 -0.950266 34 139 34
-17.786914 -0.580359 -0.201733 139 69 19
17.893926 -13.613037 0.879736 139 69 19
18.716817 -7.946638 -0.882441 139 69 19
-23.051166 -11.369886 0.704455 34 139 34
-10.682642 -18.263663 0.397605 34 139 34
8.732560 -21.281835 -0.125795 139 69 19
2.947068 -5.842630 0.496782 34 139 34
-23.529011 10.268168 -0.313904 34 139 34
4.241172 -0.095320 -0.298551 34 139 34
-20.163051 -13.417427 -0.724628 139 69 19
7.092485 7.698105 0.279172 34 139 34
-22.874486 -1.468171 0.707253 139 69 19
20.798625 1.972690 0.921442 34 139 34
10.064515 23.683183 -0.328751 139 69 19
18.051829 3.571984 0.677443 139 69 19
19.161077 5.079400 1.064725 34 139 34
-9.048631 -15.460527 -0.041886 139 69 19
14.261458 -3.831759 -0.082113 34 139 34
5.951268 -15.084860 -0.006330 139 69 19
-13.560550 -16.582360 -0.636274 139 69 19
-2.084234 7.065180 -0.472698 139 69 19
20.126070 7.455923 0.336169 34 139 34
-13.129616 -3.691667 0.092728 34 139 34
-11.263538 0.368662 -0.515185 34 139 34
-14.687176 -9.878402 -0.028247 139 69 19
12.779366 -16.331035 0.321094 34 139 34
1.132614 24.649137 -0.769230 34 139 34
14.731565 22.591132 0.860272 34 139 34
-24.337314 -20.991722 0.168611 34 139 34
-10.635456 -2.604573 -0.426113 139 69 19
6.148858 11.394292 -0.204445 139 69 19
17.478478 -7.969238 0.419765 139 69 19
-23.933348 -10.690850 -0.062453 34 139 34
22.192576 -8.374045 0.003760 34 139 34
-24.289579 2.378485 -0.328578 139 69 19
4.048577 -14.464056 0.707288 34 139 34
-7.568598 23.433710 0.270540 139 69 19
-16.785805 -21.668479 -0.059823 34 139 34
-0.944292 -18.114273 -0.467737 139 69 19
2.605225 -16.579168 0.623944 34 139 34
-13.140875 -4.760950 0.096410 34 139 34
10.775981 20.774822 -0.341602 139 69 19
-13.389754 -13.460091 0.259950 34 139 34
-16.015527 -19.669108 -0.158736 139 69 19
-1.959319 -7.908940 -0.304714 34 139 34
-22.696808 19.735535 0.675684 34 139 34
1.771294 -24.850451 -0.236494 34 139 34
19.561775 10.171312 0.090303 139 69 19
-2.085703 -20.615203 0.686759 34 139 34
-9.159828 12.875445 0.020184 139 69 19
-4.153803 -20.021912 -0.611871 139 69 19
14.404242 -18.406049 -0.228716 139 69 19
6.065787 16.197385 0.344177 139 69 19
9.701147 15.913768 -0.445665 139 69 19
-8.477757 -7.186096 0.055090 34 139 34
-8.746577 18.249667 -0.444261 34 139 34
0.140525 -16.297843 0.268492 139 69 19
-9.286871 -14.886714 -0.148970 34 139 34
-17.493953 -12.799676 0.169874 34 139 34
-14.643986 14.004107 -0.287505 139 69 19
-9.528920 -7.718604 -0.631692 139 69 19
-8.770487 13.229054 0.437605 34 139 34
11.716770 -5.956472 0.601562 34 139 34
19.334475 22.241946 0.621497 34 139 34
1.702072 -12.572639 -0.245058 34 139 34
10.998290 -4.503576 0.558306 139 69 19
21.755884 -6.693101 0.416015 34 139 34
-23.082466 -11.795004 -0.944265 139 69 19
22.722656 6.218223 -0.729958 34 139 34
-7.300622 10.168655 0.651735 139 69 19
19.664520 -3.808429 -0.016659 34 139 34
18.454157 -23.965429 0.574471 34 139 34
2.196766 -8.217014 0.702073 34 139 34
-14.353432 16.937735 -0.035826 34 139 34
4.482554 -14.108691 -0.046589 139 69 19
2.421189 -7.372082 -0.213305 34 139 34
-10.945369 21.653011 0.161892 34 139 34
21.181014 -8.185357 0.819267 139 69 19
-21.697870 7.776547 -0.241284 139 69 19
-23.363703 5.753539 0.906466 34 139 34
-9.008565 -15.243513 0.265184 139 69 19
15.989222 2.870234 -0.286907 139 69 19
-21.006933 6.346618 -0.333704 34 139 34
14.838172 18.464530 0.510624 34 139 34
3.085239 -10.975613 -0.147665 139 69 19
-2.626913 -13.299526 -0.115541 34 139 34
-5.210341 10.557360 0.232444 34 139 34
23.133151 20.970398 0.027899 34 139 34
-1.534518 16.404737 -0.303866 34 139 34
-6.016429 -18.602031 0.885095 34 139 34
16.687239 -4.320509 -0.146191 139 69 19
6.187020 -20.162664 -0.609523 139 69 19
4.934477 21.879419 -0.561311 139 69 19
-21.097509 -8.046719 0.706250 139 69 19
4.769890 16.767214 0.153419 139 69 19
9.813869 -8.634338 0.950364 34 139 34
-10.410416 6.864193 -0.059007 139 69 19
23.460871 6.306887 0.701439 139 69 19
23.444177 11.643804 -0.029686 34 139 34
3.849142 13.639519 -0.477845 139 69 19
-21.619929 -13.333114 -0.429301 139 69 19
19.606931 4.170660 0.452201 139 69 19
-4.400729 -5.950115 -0.378636 139 69 19
-20.716919 -10.302991 0.310107 34 139 34
-15.392788 9.999988 -0.317953 139 69 19
1.017029 9.628450 -0.164304 139 69 19
18.597790 15.905242 -0.072223 34 139 34
-22.899794 6.299252 -0.239143 34 139 34
-1.716799 10.807297 -0.800553 139 69 19
7.808013 23.403344 1.205262 34 139 34
6.953591 22.381015 -0.121339 34 139 34
-12.423310 -18.160889 -0.525589 34 139 34
5.228406 19.776138 -0.208172 34 139 34
18.516089 -23.018139 -0.310007 34 139 34
-5.887951 12.815767 0.172827 34 139 34
-15.196216 -5.468759 -0.308367 34 139 34
-4.382404 2.773064 -0.531728 139 69 19
-13.713177 -14.568145 -0.053657 34 139 34
-19.394746 3.454318 -0.635063 139 69 19
-5.120605 19.158925 -0.805216 139 69 19
3.454204 -5.690226 -0.014450 139 69 19
14.831424 15.052243 -0.279892 139 69 19
20.482952 -24.855401 -0.392382 34 139 34
4.178369 -13.846992 0.406496 139 69 19
10.470213 -17.730221 0.875986 34 139 34
-7.376546 22.113803 0.436506 139 69 19
3.961613 16.376881 -0.073635 139 69 19
-14.319687 8.565898 0.268176 34 139 34
-13.627521 -13.955061 -0.002247 34 139 34
-21.278411 4.736050 -0.367715 139 69 19
-9.755855 -22.524129 0.417683 34 139 34
11.895779 -19.910665 0.177281 34 139 34
0.432189 -23.713921 -0.316816 139 69 19
-18.877311 14.379393 0.005940 34 139 34
15.971750 -12.873837 0.731257 34 139 34
-20.257462 -20.526569 -0.078531 139 69 19
-17.321271 -13.021333 0.410996 34 139 34
-22.992589 15.521226 -0.516092 139 69 19
-16.693088 16.551335 0.649917 34 139 34
17.087158 -0.102084 -0.010940 34 139 34
7.859595 -11.003238 -0.486254 34 139 34
-23.154614 -10.309766 -0.587521 34 139 34
-0.523897 8.394300 0.002339 34 139 34
0.094492 5.248106 -0.393174 34 139 34
15.279511 -1.089687 0.504379 34 139 34
9.644875 8.302711 0.634418 34 139 34
13.737644 -21.714111 0.020134 139 69 19
11.001541 10.046951 -0.200517 139 69 19
14.590084 -19.915302 -0.164255 139 69 19
-12.156686 -18.029125 0.190939 139 69 19
17.675407 -6.962011 0.066740 34 139 34
-17.850051 -6.474799 0.056574 139 69 19
4.439508 17.857392 0.066004 139 69 19
-18.068927 -6.261298 -1.284052 139 69 19
17.355266 -4.201978 -0.616952 34 139 34
-6.735818 -13.986249 0.104965 139 69 19
-3.336287 19.313592 0.418243 34 139 34
8.541551 -18.525737 -0.504316 34 139 34
-19.083190 10.308924 -0.254433 139 69 19
4.394722 17.032616 0.561723 139 69 19
-6.052941 10.975820 0.134964 139 69 19
-15.902757 -7.637674 0.604032 34 139 34
-3.667877 -3.482047 0.685892 139 69 19
-6.161070 1.234633 0.213821 34 139 34
24.492183 1.561860 0.197838 34 139 34
1.278253 16.851665 0.282333 139 69 19
-17.239493 15.749161 -0.054833 139 69 19
-22.236474 -22.270762 -0.382378 34 139 34
9.636658 10.953053 -0.390389 139 69 19
-1.093639 1.567332 0.708918 139 69 19
-0.526767 24.780679 -1.028120 139 69 19
-2.193998 -18.943879 0.351785 139 69 19
-6.290065 16.750336 0.983105 34 139 34
-17.184939 7.907869 0.569330 34 139 34
-0.450786 3.003893 0.543561 34 139 34
16.404442 6.545253 0.655492 34 139 34
-8.225658 7.519620 -0.000035 34 139 34
3.468364 5.955810 0.052923 139 69 19
12.522704 21.267974 -0.474142 34 139 34
-9.867216 17.811513 -0.361941 139 69 19
2.301538 -4.764345 0.798773 34 139 34
-2.406577 -10.184274 0.150291 139 69 19
19.755557 7.559055 -0.353974 34 139 34
17.377473 16.995855 -0.609740 139 69 19
15.613956 -19.358738 0.535865 139 69 19
-13.463645 20.323475 -0.083064 34 139 34
-0.910397 -20.057544 -0.337146 34 139 34
-21.600867 -7.445376 -0.364871 139 69 19
2.521498 6.901477 -0.024477 139 69 19
-22.563753 -20.736171 0.326116 139 69 19
9.574997 -20.948879 -0.330741 34 139 34
21.576348 -0.308528 0.697111 34 139 34
-15.017218 -14.943201 0.575084 139 69 19
20.700268 13.417144 0.173403 139 69 19
-13.155789 24.414045 0.062975 139 69 19
-15.392382 15.802690 0.404886 34 139 34
-11.340253 -19.906654 -0.141728 34 139 34
-2.530222 -18.401631 -0.620028 139 69 19
12.065981 -20.153385 -0.140825 139 69 19
13.633244 13.630763 0.625530 139 69 19
9.263055 4.727578 0.728451 139 69 19
-0.893150 -19.999573 -0.375346 139 69 19
3.600893 -11.959878 -0.222043 34 139 34
5.745443 3.676700 0.846285 139 69 19
-2.501500 4.510044 -1.081537 139 69 19
17.435994 -13.005517 0.016463 139 69 19
-4.005050 19.604059 0.763334 34 139 34
2.803361 -16.725762 -0.111101 139 69 19
8.596159 -18.292401 -0.792850 34 139 34
7.701803 21.212839 -0.370879 139 69 19
15.455889 -8.137574 0.145947 139 69 19
-9.734471 14.467428 0.187583 139 69 19
-8.028368 -11.725247 0.034480 139 69 19
24.846947 13.070415 -0.273054 139 69 19
-10.539127 11.808347 -0.462238 34 139 34
5.702747 -13.717132 0.151456 34 139 34
-8.629214 -7.813064 -0.035438 34 139 34
23.291685 15.585836 0.740998 139 69 19
-1.346924 11.528906 0.226257 34 139 34
3.879985 -3.647419 0.523801 34 139 34
-6.657610 -21.917009 -0.286634 34 139 34
14.434938 -7.778822 0.417738 34 139 34
-9.074830 -13.912881 -0.458881 34 139 34
-8.586003 -5.273750 -0.237951 34 139 34
-10.804326 -4.845404 -0.126545 34 139 34
1.271248 18.540734 -0.327918 34 139 34
16.934093 2.609051 -0.374921 139 69 19
-16.146026 3.704432 0.031869 34 139 34
1.026833 7.740941 -0.352613 34 139 34
20.135235 8.589549 -0.085524 34 139 34
-12.240741 -5.649229 -0.504151 34 139 34
-20.655002 -23.206423 0.514773 34 139 34
-24.998181 -18.996177 -0.576845 139 69 19
3.831825 0.337547 -0.189443 139 69 19
1.374174 -16.895282 -0.394219 139 69 19
6.298818 21.396222 -0.169734 139 69 19
9.744323 -17.146877 -0.912640 34 139 34
-21.266541 -16.319223 -0.133907 139 69 19
-21.244994 4.899461 -0.255727 139 69 19
-6.142282 -4.415162 -0.427837 139 69 19
15.451592 -6.819219 0.337532 139 69 19
-9.552388 10.000966 0.170087 139 69 19
-18.586836 6.576682 0.330978 139 69 19
3.352553 -6.935759 0.640744 34 139 34
6.268399 -18.292310 -0.063728 139 69 19
9.127822 -17.744979 0.226576 139 69 19
-8.931794 -9.085536 0.137005 34 139 34
-20.166918 -8.576888 0.085699 139 69 19
-17.057808 -18.234235 -0.206504 34 139 34
-11.981132 -2.744823 -0.447230 34 139 34
-17.113591 -12.998078 -0.289986 139 69 19
-13.501499 15.053993 0.334527 139 69 19
-10.252535 16.509304 -0.474925 34 139 34
23.299232 -20.075834 -0.531587 139 69 19
-24.820168 -0.827045 0.114860 34 139 34
-3.395300 -4.774481 -0.025925 34 139 34
-22.879344 8.380552 -0.019201 139 69 19
-2.374276 7.876738 -0.269783 34 139 34
-17.421655 -13.891512 -0.001708 34 139 34
-20.205442 3.375952 -0.359327 139 69 19
18.560044 -7.446032 -0.385664 139 69 19
-6.562496 14.779701 0.049770 139 69 19
-5.311889 -23.583593 0.380836 139 69 19
-9.265274 23.093476 -0.219666 34 139 34
-16.629549 -5.923645 -0.391530 139 69 19
13.000963 18.387843 0.603567 139 69 19
15.411213 4.588512 -0.831809 139 69 19
-11.675838 0.147045 -0.469316 34 139 34
-6.555907 -3.193828 0.741295 34 139 34
2.203644 11.915868 -0.433193 34 139 34
24.946081 -20.121851 -0.137643 139 69 19
-10.934009 13.643565 -0.453482 139 69 19
19.680366 10.536468 -0.298442 139 69 19
-14.995200 21.641697 0.342930 139 69 19
6.345726 -2.396137 -0.256990 139 69 19
-20.750600 16.585951 0.843577 139 69 19
6.832976 13.006404 0.364850 34 139 34
18.281195 12.874943 -0.775515 139 69 19
-4.044392 12.774161 0.336339 34 139 34
-13.575379 17.373588 -0.427116 139 69 19
8.612649 24.281064 0.235809 139 69 19
-0.144916 24.044047 -0.333980 34 139 34
19.896889 14.604590 -0.596324 34 139 34
18.404564 11.813245 0.051641 34 139 34
-24.277919 -24.748971 -0.127162 139 69 19
-22.741336 3.535992 -0.876959 34 139 34
23.826687 2.291215 0.539205 34 139 34
3.506379 -20.959795 -0.240696 34 139 34
-0.112706 -3.835318 0.211653 34 139 34
4.297283 4.286943 0.597970 139 69 19
-1.413292 -20.025120 0.452921 34 139 34
-18.976947 -2.905002 0.227036 34 139 34
-2.608081 7.084032 -0.388707 34 139 34
9.778837 -18.289897 0.090645 34 139 34
15.499027 6.576904 0.001908 139 69 19
15.598587 -15.311268 1.113692 139 69 19
20.164532 24.841305 -0.458737 34 139 34
-22.411460 -12.036489 0.113101 139 69 19
16.174380 -11.736575 -0.042753 34 139 34
21.141692 -18.069100 -0.032047 139 69 19
15.193997 -24.637194 0.393871 34 139 34
-14.638040 11.478601 -0.058489 34 139 34
-8.208287 0.791328 -0.012479 34 139 34
11.981728 -22.002108 0.234776 34 139 34
-12.127278 12.213480 0.463350 139 69 19
-20.170900 -16.961199 0.062967 139 69 19
-13.426698 19.780585 0.009521 139 69 19
24.143584 7.313767 0.411637 139 69 19
12.247804 16.685652 0.015840 139 69 19
-2.192238 -22.814328 -1.312108 139 69 19
22.034816 -16.690955 -0.364597 139 69 19
-3.821846 -8.631312 0.651125 34 139 34
-8.866079 -17.328296 -0.115164 139 69 19
0.737184 7.330018 1.219843 34 139 34
-15.481686 0.180620 -0.859206 34 139 34
-5.631407 -0.367667 0.408444 139 69 19
-1.586288 -22.342327 -0.414980 34 139 34
-7.305677 -17.758957 -0.809257 139 69 19
1.537005 -20.542391 0.357072 34 139 34
0.539669 -14.268425 0.087847 139 69 19
1.177870 -19.735889 0.782014 139 69 19
-21.874654 6.519480 -0.568512 34 139 34
-10.174887 1.426845 -0.338527 34 139 34
14.668769 9.602061 0.043940 139 69 19
0.994351 -18.898212 0.896723 139 69 19
12.862996 -14.073093 0.359080 34 139 34
-3.550425 -15.566795 0.424729 139 69 19
-10.203720 7.786011 0.155552 139 69 19
-9.259793 5.747452 -0.764597 139 69 19
-3.505447 3.984482 0.637593 34 139 34
7.480803 6.183201 0.397740 139 69 19
-6.252217 -20.069986 -0.673956 34 139 34
-5.163803 5.423125 0.238002 139 69 19
-21.312628 -10.524212 -0.408768 34 139 34
11.259084 11.929596 -0.536749 139 69 19
2.043612 10.845857 -0.001255 139 69 19
-0.867828 -24.299343 -0.378563 139 69 19
-12.601777 -4.412717 -0.120706 139 69 19
17.100098 24.085821 -0.373556 34 139 34
21.125656 13.408628 1.005555 139 69 19
24.696925 11.821888 0.340085 34 139 34
24.395736 11.812796 0.168771 34 139 34
-22.301579 5.709911 0.952824 139 69 19
17.129426 -18.115750 0.366297 139 69 19
0.423549 -15.844980 -0.864521 34 139 34
-19.524145 -8.860239 -0.023727 34 139 34
-5.932287 -13.819995 -0.303984 34 139 34
-19.869722 16.946708 0.325453 139 69 19
17.305928 23.088967 1.362044 139 69 19
20.820974 24.609261 -0.554304 34 139 34
5.166433 24.614680 -0.788423 34 139 34
-13.731922 -9.186617 -0.370612 34 139 34
16.625902 -15.445689 0.161780 139 69 19
-2.896316 -3.522946 0.231933 34 139 34
-23.433945 22.258013 -0.358889 34 139 34
16.766698 15.830769 -0.499155 34 139 34
1.340377 8.992645 -0.024888 34 139 34
5.358993 8.957229 0.189756 34 139 34
-15.815801 -5.791003 0.463028 139 69 19
-11.197332 -4.182587 0.251287 139 69 19
-11.888037 -22.531442 0.304646 139 69 19
1.464526 -1.774922 0.229692 34 139 34
-16.821240 -19.621113 -0.485407 139 69 19
16.318547 22.639072 -0.613262 34 139 34
-15.395023 -12.130981 -0.040063 139 69 19
18.837845 9.383896 0.928761 139 69 19
10.578030 -2.050514 0.030227 34 139 34
16.681218 2.660761 0.119418 34 139 34
-19.648966 -21.529042 -0.237024 34 139 34
-7.393335 -8.785185 0.132788 34 139 34
-11.642616 -22.664991 -0.226507 34 139 34
24.771712 23.320475 0.275638 34 139 34
0.743807 -22.753412 0.524253 139 69 19
17.578821 -16.074442 -0.142742 139 69 19
-8.911725 -18.284034 0.275378 34 139 34
-7.568652 17.701819 0.045250 34 139 34
5.551811 5.709295 -0.276065 139 69 19
18.659658 -12.600556 -0.142386 34 139 34
-5.166449 -18.990196 0.122285 139 69 19
5.800995 -11.638497 -0.095526 139 69 19
-10.202594 13.710829 -0.279009 34 139 34
16.426467 -19.655277 0.105034 34 139 34
-21.241696 -16.047341 0.288441 34 139 34
24.079756 4.779587 -0.501258 34 139 34
16.563504 -13.636262 0.053820 34 139 34
-14.658170 6.200901 0.846850 139 69 19
-16.731030 -11.132620 0.273612 34 139 34
-8.734731 14.592385 -0.499854 139 69 19
-5.793007 14.895389 -0.216734 139 69 19
4.714087 -21.612983 -0.135432 139 69 19
-18.456966 2.551583 -0.047243 139 69 19
-3.045705 17.905224 -0.246709 139 69 19
-16.972551 15.017989 0.422306 139 69 19
0.051554 14.703328 -0.597505 139 69 19
19.905082 -8.193498 0.320966 34 139 34
21.275685 3.913527 0.463594 139 69 19
-21.120013 24.676859 0.198143 139 69 19
-12.062299 6.340574 0.569415 139 69 19
-10.033282 24.266412 -0.366455 34 139 34
-12.576139 -6.276673 0.236942 139 69 19
-14.960523 5.671040 -0.019409 34 139 34
11.682183 -10.284431 1.040159 34 139 34
21.080064 12.106517 0.398879 139 69 19
-9.960857 -12.708559 0.373891 139 69 19
19.893798 -21.068638 -0.186671 34 139 34
20.903046 -16.316701 -0.368550 34 139 34
-1.479060 -21.545230 0.204222 139 69 19
-18.968379 6.739853 0.891186 139 69 19
-0.401221 -17.341494 -0.410991 34 139 34
15.081848 -21.038959 0.075264 139 69 19
-12.127819 12.802840 0.080872 34 139 34
-14.531619 11.054262 1.040040 34 139 34
0.027668 5.078155 -0.407204 34 139 34
-16.162607 -0.041710 -0.422926 139 69 19
-6.866920 5.896093 -0.550534 139 69 19
18.144519 24.461069 0.461720 139 69 19
-8.989501 20.895836 0.426625 34 139 34
-13.543358 -3.278221 -0.285615 139 69 19
-18.936052 23.236051 -0.423965 139 69 19
2.681134 12.586341 -0.552038 139 69 19
24.819049 -11.692923 -0.502639 139 69 19
-15.868754 0.757274 -0.640418 139 69 19
5.290482 19.859521 0.283862 139 69 19
3.872136 3.465208 -0.002238 139 69 19
-5.230377 6.056181 0.095792 139 69 19
22.106852 1.411841 -0.023100 139 69 19
-2.284144 -2.376972 0.275456 34 139 34
6.829009 4.332544 0.327096 139 69 19
3.538019 19.209157 -0.218080 139 69 19
6.745532 -7.274755 -0.162782 139 69 19
-5.094234 6.156998 0.413854 139 69 19
-17.239810 -3.256850 0.091864 34 139 34
-21.995106 3.428657 0.431992 139 69 19
-15.633474 -23.102508 -0.965503 34 139 34
-14.314345 -2.129646 -0.931727 34 139 34
-9.354580 -13.666538 -0.384306 139 69 19
8.306675 24.296452 -0.474042 34 139 34
17.794533 -14.426198 -0.384554 139 69 19
-11.365081 20.573586 0.203934 34 139 34
-19.760710 -19.038625 -0.828693 139 69 19
-18.725423 -17.545337 0.069556 34 139 34
-4.660572 -6.332481 -0.741005 34 139 34
7.791431 4.872695 -0.097474 139 69 19
11.986631 -22.856994 0.570260 34 139 34
7.660583 13.229546 0.031562 34 139 34
4.698829 -10.226614 0.123960 34 139 34
-13.472508 -12.177213 -0.338296 139 69 19
0.550905 -10.291782 -0.296008 139 69 19
13.662576 -14.263558 0.010951 34 139 34
11.341379 10.267835 0.194913 139 69 19
-4.447731 -2.816323 -0.188488 34 139 34
-15.065106 2.672396 0.538109 34 139 34
12.769883 1.920320 -0.021131 34 139 34
21.803150 13.396964 -0.122824 139 69 19
11.650692 -20.324158 0.513750 34 139 34
-12.364981 -14.281070 -0.319090 34 139 34
-12.713696 5.435022 -0.205043 34 139 34
20.479248 10.359727 -0.055871 34 139 34
21.080881 5.463771 -0.237979 139 69 19
-23.391787 -0.771282 -0.943067 139 69 19
8.594111 -14.490289 -0.351221 139 69 19
7.414340 -16.624954 -0.082899 139 69 19
23.050605 -5.279450 0.675720 139 69 19
19.943877 -2.804495 0.310449 34 139 34
12.507061 9.951011 -0.033557 34 139 34
9.853760 5.849730 0.129412 139 69 19
-23.981826 11.153933 -0.099921 34 139 34
-23.856510 -9.292627 0.066015 139 69 19
20.054761 5.306517 -0.382361 34 139 34
-2.880006 -10.865839 0.423527 34 139 34
-3.197018 4.150561 -0.965442 139 69 19
21.958881 -6.351419 1.088611 34 139 34
-4.071448 21.647126 -0.136485 139 69 19
7.881978 -12.103684 -0.588557 34 139 34
-16.638751 -21.654011 0.608394 34 139 34
-5.834535 -8.579304 -0.376150 139 69 19
-12.670858 15.460697 1.195139 34 139 34
-1.234195 -17.708830 -0.398203 139 69 19
13.500067 -15.104007 0.053823 139 69 19
1.766021 15.835148 0.669428 139 69 19
-1.929067 22.255627 -0.251869 139 69 19
-20.194263 16.440981 -0.576952 34 139 34
-4.431616 -4.533949 -0.065794 34 139 34
16.528677 3.671912 1.394797 139 69 19
6.931670 -6.427604 0.786886 139 69 19
18.103778 -22.327727 0.120913 139 69 19
-7.291919 -12.167775 -0.702398 34 139 34
2.524170 -4.195840 0.091839 139 69 19
-20.600847 6.771818 1.308602 34 139 34
-13.404678 -5.267296 -0.332012 139 69 19
3.363693 -1.530927 0.308181 34 139 34
6.686740 -5.028972 -0.027210 34 139 34
1.636874 20.450892 -0.214015 34 139 34
-7.207550 11.551536 0.442026 139 69 19
17.707360 3.144183 0.402672 34 139 34
8.372680 -7.415137 -0.331023 139 69 19
3.920303 21.043803 -0.021714 139 69 19
17.862835 -10.000464 0.328133 139 69 19
5.256792 12.979369 -0.523930 139 69 19
-22.036205 10.442671 0.116639 139 69 19
14.123231 22.608706 -0.081228 34 139 34
10.891160 -1.459943 -0.264642 34 139 34
-0.398050 -22.929526 -0.696748 34 139 34
-9.873490 16.116815 -0.798806 34 139 34
-12.327914 -17.714437 -0.013604 139 69 19
-9.322790 -9.833864 -0.357211 139 69 19
-7.453571 16.050244 0.041221 139 69 19
-23.700304 -20.093787 0.290532 139 69 19
-2.494995 22.117683 1.287961 34 139 34
-9.360100 22.088752 -0.455836 34 139 34
-16.816755 -22.979153 0.132875 139 69 19
19.239560 22.432492 -0.909497 139 69 19
-20.683031 22.710749 -0.674584 34 139 34
-14.951589 -12.564759 0.871160 34 139 34
3.831143 -3.816075 0.063894 34 139 34
6.990154 0.976685 0.409542 34 139 34
-11.379769 20.742683 -0.477236 139 69 19
-3.071774 17.393547 0.686767 139 69 19
2.018488 -14.975076 0.399799 139 69 19
-17.993001 -23.664548 -0.359073 34 139 34
0.252340 13.782585 0.431183 139 69 19
-2.255247 24.196564 -0.550968 34 139 34
-1.188310 2.763565 -0.276097 139 69 19
24.291268 19.646390 0.917056 34 139 34
1.363274 14.106564 -0.014692 34 139 34
0.163437 -5.760010 -0.340649 139 69 19
10.804500 23.510763 0.645437 139 69 19
14.881670 9.988213 -0.944603 139 69 19
12.465440 -3.905069 0.383053 139 69 19
-18.508965 22.243175 -0.703579 139 69 19
12.124247 4.758630 -0.289437 139 69 19
15.991359 23.129053 0.333046 139 69 19
-4.516537 -6.577137 0.171911 139 69 19
-14.281768 -14.119558 -0.341613 34 139 34
-20.931947 1.486518 -0.053062 139 69 19
-3.011510 13.041305 -0.119301 34 139 34
16.873389 -23.576841 -0.340292 34 139 34
-14.966530 13.930866 0.085035 139 69 19
4.914895 18.203215 -0.345046 139 69 19
1.457197 -13.565218 -0.335654 34 139 34
1.904529 -17.758631 1.027128 139 69 19
-23.840068 1.209915 0.713009 34 139 34
-23.656716 9.911703 -0.316799 34 139 34
-0.075548 9.338450 0.094058 34 139 34
-7.760271 -11.132573 0.015705 34 139 34
-5.539419 0.083972 1.315730 34 139 34
-2.895084 -22.232470 -0.503859 34 139 34
-4.333638 17.221197 0.456595 34 139 34
-14.460147 -9.467784 1.010360 139 69 19
14.418560 -6.699630 0.416683 34 139 34
-20.116896 -17.451074 -1.743969 34 139 34
-21.250816 19.007017 -1.159625 139 69 19
-24.755156 -10.559484 0.019623 139 69 19
-2.654856 20.737263 -0.615611 139 69 19
-20.791184 7.533702 0.444517 139 69 19
-16.269084 22.424805 0.506606 139 69 19
-19.817895 8.853987 0.367786 139 69 19
-1.763266 21.138319 0.389577 34 139 34
7.645152 2.230706 1.004603 139 69 19
0.244614 9.669638 0.857777 34 139 34
-2.394523 -22.016720 0.766251 139 69 19
-2.416239 9.140008 -0.714903 34 139 34
-9.946722 -11.597063 0.124437 34 139 34
-22.534608 0.131666 0.751191 34 139 34
-8.302989 -18.839932 0.419464 34 139 34
21.252551 -3.690692 1.121785 34 139 34
-21.677604 16.854911 0.359682 34 139 34
12.926856 10.616335 0.071798 34 139 34
16.691666 1.838833 0.751624 139 69 19
-22.517592 -4.003961 -0.721238 139 69 19
5.616615 3.025012 0.522100 139 69 19
-17.629246 -12.146937 1.122160 34 139 34
-2.963273 -13.075727 -0.117916 34 139 34
15.616250 -6.714951 -0.312277 139 69 19
14.007836 8.804387 0.223837 34 139 34
13.829406 -16.540775 0.308882 34 139 34
-3.238877 -6.438753 -0.075196 34 139 34
-19.835645 7.327898 0.416821 139 69 19
7.338867 1.261362 0.064775 34 139 34
21.252398 20.810887 0.724260 34 139 34
17.377395 -14.532256 -0.434288 139 69 19
13.615951 -7.119720 0.284004 34 139 34
-12.345947 6.820482 -0.198952 139 69 19
-13.178814 -21.589197 -0.269334 34 139 34
2.918287 20.120730 0.462853 139 69 19
-4.161642 9.174100 0.735085 139 69 19
7.099145 11.374169 -0.090349 34 139 34
4.530430 -5.050760 -0.363824 139 69 19
8.638640 16.402309 0.267387 139 69 19
20.236337 21.104354 0.096072 139 69 19
21.463405 -1.405150 0.628146 139 69 19
12.642212 11.534463 0.354445 34 139 34
-3.378335 17.499604 0.254353 34 139 34
-12.509787 1.867650 0.394562 139 69 19
-2.881290 -17.621431 0.306442 34 139 34
-21.834658 -22.161029 0.072955 34 139 34
-16.851385 -6.996690 1.011136 139 69 19
7.994106 10.668633 -0.310788 139 69 19
19.202159 -4.968865 0.150963 139 69 19
-18.638058 15.906049 -0.440496 139 69 19
17.213984 2.151958 0.124719 139 69 19
-18.471711 -24.414305 -0.978364 139 69 19
9.992982 -13.722542 0.224019 34 139 34
21.218505 1.528775 -0.681325 34 139 34
17.496185 3.266786 -0.064581 34 139 34
19.581169 -14.617030 0.384181 34 139 34
-0.644039 -17.868679 -0.064313 139 69 19
-10.516572 -12.034206 0.127896 139 69 19
6.311160 -23.313594 0.303509 139 69 19
9.214062 -4.714332 0.506997 34 139 34
8.725468 -24.996935 -0.044033 139 69 19
8.369604 -18.891182 -0.010992 34 139 34
-2.597218 -18.827928 0.060771 34 139 34
6.662777 19.612337 -0.668496 139 69 19
10.833748 17.052984 0.106240 34 139 34
-14.888123 23.407867 -0.487383 139 69 19
22.183197 -11.926748 0.596918 34 139 34
-19.948304 1.456961 -0.109108 34 139 34
-12.087021 5.937073 1.038747 139 69 19
-18.137292 -13.277298 0.473159 139 69 19
11.801983 9.841702 0.536722 34 139 34
-19.534187 -0.583818 -0.848552 34 139 34
-8.622788 -16.347130 0.093015 34 139 34
22.709995 4.316671 -0.048405 34 139 34
16.567574 18.011952 -0.919367 34 139 34
9.286061 14.907018 0.588334 34 139 34
1.183772 -10.650380 -0.209995 139 69 19
-20.553822 -10.361035 -0.185881 34 139 34
16.597686 -21.214926 0.090192 139 69 19
17.826752 -14.968609 0.075252 34 139 34
1.016951 -3.018886 -0.623716 139 69 19
11.118526 18.541618 -0.040019 34 139 34
3.802777 22.625570 -0.419953 34 139 34
-7.768057 21.093643 1.085002 34 139 34
-11.900612 -2.543980 -0.204050 139 69 19
-3.753572 -16.174675 0.521240 34 139 34
18.630788 19.600438 -0.786035 139 69 19
23.325969 -7.571481 -0.280554 34 139 34
18.569263 7.154757 -0.923328 34 139 34
5.219642 11.489228 0.683808 139 69 19
5.272733 -11.511256 0.460496 139 69 19
-4.590230 -19.548801 -0.032434 139 69 19
15.636068 -2.548882 -0.567631 139 69 19
-18.177908 -12.833627 -0.125010 34 139 34
-16.507482 -1.312175 0.000198 34 139 34
-14.078271 -7.746987 -0.352079 34 139 34
-5.578889 -20.251651 -0.072999 139 69 19
14.510592 -16.680867 0.929802 34 139 34
15.767230 5.967639 0.556753 34 139 34
-19.165197 -5.792709 -0.131501 139 69 19
-5.696811 18.402530 -0.690073 34 139 34
-15.984097 -17.629639 0.054011 34 139 34
-17.116185 -13.802569 -0.591181 34 139 34
-9.794628 2.682863 -0.006806 139 69 19
1.313565 -22.252993 0.802490 139 69 19
-23.903173 -20.252698 0.287530 34 139 34
-17.432788 -13.518619 -0.738466 34 139 34
7.138716 3.109156 0.182588 139 69 19
6.922304 -11.723057 -0.993990 34 139 34
15.388519 3.197106 0.039964 139 69 19
9.516437 -3.159387 0.003485 139 69 19
-0.935389 -1.991337 0.086185 139 69 19
9.591879 13.334733 1.075949 34 139 34
-9.941719 -24.627105 0.125956 34 139 34
17.655681 -6.873951 0.345153 139 69 19
-23.810478 -10.371073 0.014500 34 139 34
-6.312987 18.343785 0.245891 139 69 19
0.828716 10.359702 -0.595382 139 69 19
-5.573730 10.515184 -0.068762 139 69 19
-8.511223 6.303940 -0.540102 139 69 19
-4.792261 -18.217084 -0.688182 139 69 19
11.374386 -8.935842 -0.469448 34 139 34
23.094198 2.297780 -0.365755 139 69 19
6.242844 3.836124 -0.412000 139 69 19
-14.749640 4.847783 0.327446 34 139 34
22.232816 13.538219 -0.909839 34 139 34
-9.439907 -19.203785 -0.386870 139 69 19
4.477491 -23.388230 0.371742 139 69 19
-0.165417 -19.134754 0.323604 139 69 19
-15.030464 14.096267 -0.109727 34 139 34
-21.079389 -15.274322 0.121886 34 139 34
-17.618024 -5.345420 -0.206356 34 139 34
-21.720430 -16.808859 0.089131 139 69 19
-23.784638 -11.318665 -0.280930 139 69 19
19.483963 2.312343 0.241568 139 69 19
10.950998 -13.524144 -0.146400 34 139 34
2.648208 1.131459 -0.630454 34 139 34
18.767570 -23.538256 0.207116 34 139 34
15.729659 -11.273697 0.576865 34 139 34
11.238338 -16.037926 -0.161352 34 139 34
-7.703676 -10.285736 0.304163 139 69 19
14.053027 -24.376991 -0.279280 139 69 19
10.688384 -23.741536 -0.143068 34 139 34
8.098813 -8.970049 -0.195307 139 69 19
-24.248414 -10.696667 -0.774382 34 139 34
9.410225 24.422629 -0.614566 139 69 19
-8.375060 15.492943 -0.464133 139 69 19
-1.293935 20.826664 0.465742 34 139 34
12.244444 22.977968 -0.392434 139 69 19
-3.364671 7.117159 -0.566672 139 69 19
24.686259 -15.295797 -0.186532 139 69 19
18.892040 -9.258437 -0.407565 34 139 34
0.397555 -7.491717 -0.817652 34 139 34
-17.563034 24.748032 -0.438670 139 69 19
12.411250 -18.657126 -0.313126 34 139 34
24.464336 11.974437 0.580270 139 69 19
-18.262198 1.087819 0.024406 34 139 34
10.686965 -19.524500 0.598171 34 139 34
14.904132 -3.779797 -0.280378 34 139 34
12.966150 1.723756 0.564125 34 139 34
-11.848568 20.518740 0.434744 139 69 19
5.687600 -19.409987 -0.535597 34 139 34
19.011249 -2.560672 -0.195332 34 139 34
10.322147 -19.679267 -0.805577 34 139 34
13.586954 13.836156 -0.163697 34 139 34
9.746053 6.978283 0.581133 139 69 19
-18.924232 0.179986 -0.398646 139 69 19
1.120369 9.882930 -0.105986 139 69 19
7.751379 0.374760 0.009856 34 139 34
2.441839 24.569283 0.095524 34 139 34
23.260997 -14.638459 -0.102764 139 69 19
4.105624 -2.798660 0.768754 139 69 19
-4.642255 -0.242510 -0.214515 139 69 19
24.131906 9.439335 1.152164 34 139 34
-6.346256 2.592066 -0.243799 34 139 34
18.619926 11.952099 -1.211296 34 139 34
2.057810 11.526903 0.016654 34 139 34
18.472913 -6.318444 -0.050302 34 139 34
12.579956 -18.825919 -0.503973 34 139 34
-6.870557 9.458509 0.282704 139 69 19
-22.030340 1.429076 -0.558844 34 139 34
-2.330676 15.389945 -0.330257 139 69 19
-18.530529 20.250818 0.479601 34 139 34
-16.427093 -22.916595 -0.351246 34 139 34
-24.238253 -14.454695 -0.058998 34 139 34
10.323353 8.128127 0.043610 139 69 19
17.265812 22.703241 0.462405 34 139 34
-2.749753 24.085820 0.273072 34 139 34
-19.788081 11.367087 -0.851060 139 69 19
-24.558541 -13.382756 0.182287 139 69 19
-19.096306 -15.201732 0.208846 34 139 34
23.069539 -23.993653 -0.033127 139 69 19
-14.388594 7.031112 0.646217 139 69 19
2.254033 -24.498733 -0.469401 34 139 34
24.331136 9.204193 -0.056497 34 139 34
15.412860 0.796728 -0.213159 139 69 19
-3.350235 -14.831819 -0.250568 34 139 34
-0.360362 -5.874542 0.640538 139 69 19
-21.049099 -22.048886 -0.163500 139 69 19
17.562997 15.164674 -0.441404 139 69 19
-24.905151 6.914047 0.909079 34 139 34
-21.776590 23.813405 0.116340 34 139 34
-0.772566 -11.618351 0.007773 139 69 19
-20.340549 -19.848300 -0.891175 34 139 34
-24.499073 -1.471502 -0.095217 139 69 19
11.790966 -5.306490 0.248845 139 69 19
8.186049 -16.849594 0.011093 139 69 19
-2.266254 -1.387515 -0.715253 139 69 19
-4.752693 22.567120 -0.012194 34 139 34
5.757181 -11.215703 0.242710 34 139 34
-0.036584 -1.641204 -0.212671 34 139 34
-20.333055 -3.196064 0.152304 139 69 19
12.617446 -14.531309 -0.034949 139 69 19
3.390439 8.070424 0.399195 139 69 19
20.235513 -19.454789 -0.883226 34 139 34
3.551727 -20.386886 0.189715 34 139 34
0.651793 -12.143974 -0.435147 139 69 19
-14.633371 -1.575050 0.723946 139 69 19
0.103783 -4.033073 0.261277 139 69 19
13.383560 -17.155334 1.494392 139 69 19
2.954629 -7.247095 0.019383 139 69 19
-4.720422 5.272745 -0.074830 34 139 34
-22.032428 7.414419 1.003278 139 69 19
1.491379 -19.793609 -0.368208 34 139 34
-0.809740 22.333062 -0.522417 139 69 19
-14.340783 -15.721796 -1.339981 34 139 34
-22.602104 -18.932610 0.531610 34 139 34
9.470359 -13.368402 0.377373 34 139 34
-0.022317 3.150787 0.518610 34 139 34
13.735861 -3.862902 -0.426490 139 69 19
13.598609 4.422783 -0.281818 34 139 34
-7.528987 -21.628076 -0.525986 34 139 34
-0.866481 10.322009 0.155162 34 139 34
-18.830469 24.668597 0.524270 139 69 19
-4.978646 20.021431 -0.199948 34 139 34
-19.328484 13.654789 -0.040083 34 139 34
12.518038 -12.074220 0.338551 34 139 34
-0.962706 -6.876444 -0.746273 34 139 34
-16.097689 -23.957651 0.369218 34 139 34
-17.955387 17.083333 0.441466 139 69 19
7.603305 16.047551 0.243894 139 69 19
5.148019 -24.803263 -0.410512 34 139 34
11.432496 19.807156 0.064829 139 69 19
18.195832 -17.734711 -0.254686 34 139 34
-8.603248 -16.277247 -0.419301 139 69 19
-0.770007 -5.016187 -0.155974 139 69 19
14.285506 -22.893535 0.331856 34 139 34
-16.604126 -3.666843 0.477433 139 69 19
-13.808225 2.544862 -0.231052 34 139 34
19.280294 -24.869250 -0.089541 34 139 34
3.116696 -10.083504 -0.584079 139 69 19
-19.771372 -13.028412 0.013804 34 139 34
19.393742 7.000830 0.103476 139 69 19
-14.581248 13.194270 0.800184 34 139 34
20.060028 8.153617 0.183732 139 69 19
-0.029166 -15.774281 0.720484 34 139 34
-19.579246 12.759231 -0.503384 34 139 34
-17.301198 21.945371 -0.468330 34 139 34
-10.979345 9.912445 0.129648 139 69 19
2.028574 -17.227543 -0.098254 34 139 34
-2.622918 -13.443875 -0.147534 139 69 19
-9.104114 16.056695 0.177828 34 139 34
6.378686 8.637708 0.336108 34 139 34
-22.096562 -5.975488 -0.534065 34 139 34
-23.676557 -9.982733 -0.335974 139 69 19
-7.561422 -2.261102 -0.064834 34 139 34
23.348001 8.595406 0.322689 139 69 19
0.881058 11.204827 0.262426 139 69 19
-11.861802 3.284655 -0.057343 139 69 19
1.370070 8.557225 0.253774 34 139 34
24.717313 4.977843 -0.210090 34 139 34
7.498427 4.520533 0.450144 34 139 34
21.495663 -17.538754 0.156185 34 139 34
23.586629 9.977399 0.462335 34 139 34
5.173157 -22.924459 -0.156948 139 69 19
11.775292 -0.929970 -0.040353 34 139 34
19.522029 -6.338652 -0.018150 34 139 34
-7.908608 -23.137311 0.375265 34 139 34
5.583271 -5.048772 0.963365 34 139 34
11.381145 23.257191 -0.006433 139 69 19
18.662520 -13.317174 0.800778 139 69 19
-23.613032 19.518570 0.308179 139 69 19
-10.120235 -15.581151 -0.267101 34 139 34
-23.026254 -18.180205 0.090308 34 139 34
-14.853085 12.475468 0.831023 139 69 19
-20.285219 23.264124 -0.036060 139 69 19
-2.412636 -15.986344 0.199589 139 69 19
-10.172047 16.159604 -0.668774 139 69 19
2.021418 17.234733 0.386826 34 139 34
-11.532071 -24.923295 0.429968 34 139 34
-9.822029 16.628812 1.112702 34 139 34
-2.014271 -12.588308 -0.264786 34 139 34
5.834252 23.507074 -0.087829 139 69 19
23.156950 23.367135 0.414955 139 69 19
14.809351 -2.320669 0.110086 139 69 19
-14.057067 2.314262 -0.363464 139 69 19
-13.560282 15.622646 0.015943 34 139 34
-16.154801 -15.738864 -0.317294 139 69 19
-16.047675 -13.052006 0.581531 34 139 34
-16.569126 18.885384 0.096068 139 69 19
8.839895 9.415381 -0.197116 139 69 19
1.240545 -10.423408 0.077183 34 139 34
12.769374 8.236279 -0.178422 139 69 19
-24.039812 -21.916367 -0.254912 139 69 19
20.273795 11.246330 -0.945879 139 69 19
16.446837 -10.868849 -0.437204 139 69 19
-15.578018 -18.710860 0.348977 139 69 19
-11.729939 -9.565666 0.531936 139 69 19
16.654775 23.072290 -0.578244 34 139 34
5.001622 -23.148014 -0.347406 34 139 34
-21.139974 20.877727 -0.216423 139 69 19
8.922729 -13.245059 -0.342902 139 69 19
-23.944793 18.624689 -0.649308 139 69 19
17.637083 -4.540128 -0.400725 34 139 34
5.343849 22.747885 0.739240 139 69 19
22.068783 13.713598 -0.144316 34 139 34
11.612272 9.095550 0.267594 34 139 34
-14.191526 -9.419778 -0.358991 139 69 19
6.441514 3.740570 -0.039274 34 139 34
11.587269 10.787588 0.029622 34 139 34
-20.652978 -12.356987 0.069750 34 139 34
6.874855 15.084614 0.000516 34 139 34
-21.848266 17.728002 -0.025831 34 139 34
10.636272 6.240004 -0.175514 139 69 19
-5.317703 4.904953 -0.288282 34 139 34
10.079005 -1.073772 -0.530136 139 69 19
-3.995133 11.409647 0.247905 139 69 19
-20.389007 -13.988087 -0.257922 34 139 34
16.540174 11.682664 -0.422258 34 139 34
-14.988286 -18.789068 0.407864 139 69 19
4.718134 -0.241047 -0.242179 34 139 34
-19.421192 4.820007 0.900257 139 69 19
-7.336891 0.463282 -0.422824 139 69 19
-13.935330 -21.709910 -0.198813 139 69 19
-13.480965 -14.893462 0.342191 34 139 34
17.787809 -22.326664 0.574246 34 139 34
-6.346422 -7.310319 0.537309 34 139 34
1.256146 -5.232175 0.067861 34 139 34
-9.720401 -5.215354 -0.137841 139 69 19
13.447888 7.506378 0.473386 34 139 34
-6.773231 -8.785330 0.708069 139 69 19
21.659457 -9.126999 -0.255315 34 139 34
-24.171524 -14.330504 0.147712 139 69 19
-8.779373 17.681880 -0.024881 139 69 19
-10.613503 14.255755 -0.243873 34 139 34
5.287005 -22.784523 -0.002660 139 69 19
22.772845 -1.860143 0.295250 34 139 34
24.675811 6.864922 0.081959 34 139 34
-7.451251 -0.534855 0.428569 34 139 34
-16.093828 -18.048297 -0.594397 34 139 34
-20.891288 1.394344 0.217521 139 69 19
22.862817 22.717161 -0.024043 139 69 19
-14.792200 2.055847 -0.415368 34 139 34
6.096364 -17.400119 -0.193284 139 69 19
20.041811 7.825238 -0.488238 139 69 19
8.953877 -7.019189 0.611269 139 69 19
8.811733 -11.251773 0.088706 34 139 34
20.929869 -4.324758 0.603428 139 69 19
-5.340861 -7.211425 -0.474602 139 69 19
-9.954435 22.783849 -0.204964 139 69 19
-10.438702 -2.801124 0.397486 139 69 19
-8.794273 -21.464479 -0.575263 139 69 19
-13.210197 14.489361 -0.081261 139 69 19
5.736650 20.741253 0.063422 34 139 34
-6.607925 22.155613 0.370806 139 69 19
-2.203844 12.329819 -0.041884 139 69 19
-4.005710 1.998475 -0.578700 139 69 19
-0.065768 -18.944264 0.057391 139 69 19
7.584386 -20.867073 0.178517 34 139 34
14.495969 -24.511145 -0.795422 139 69 19
11.805893 21.535881 -0.655461 139 69 19
-8.435056 -10.334148 -0.370522 34 139 34
-5.284122 -21.478371 0.747591 139 69 19
-19.691359 -7.647354 0.228967 34 139 34
-11.780020 0.856149 0.325930 34 139 34
-23.776524 12.098987 0.066163 34 139 34
-19.201313 3.538016 0.318171 34 139 34
16.011544 15.488114 0.433173 34 139 34
21.221186 -8.999339 -0.125902 34 139 34
-16.691976 19.898403 -0.756500 34 139 34
6.890644 24.837232 -0.950735 139 69 19
-15.821816 21.993890 0.282665 139 69 19
-8.198831 0.769265 0.335875 139 69 19
2.290662 -2.165368 -0.103220 139 69 19
15.255835 -14.235757 0.694301 139 69 19
12.162325 12.008350 -0.188908 34 139 34
16.236606 10.858664 -0.158645 139 69 19
4.299779 -11.068504 -0.480543 34 139 34
-10.681339 3.531095 0.074947 34 139 34
-20.355831 -19.168167 -0.476465 34 139 34
14.892748 5.549411 -0.521208 139 69 19
20.236439 6.065662 0.776767 139 69 19
-10.113539 19.438418 0.569727 139 69 19
11.789499 1.878552 -0.407899 139 69 19
11.505487 -16.363557 -0.753276 139 69 19
-19.972856 -20.428266 -0.495775 34 139 34
0.146055 -15.943728 -0.636336 34 139 34
16.276086 -11.297290 -0.791527 34 139 34
24.775067 11.947265 0.721510 139 69 19
4.221881 -5.344219 -0.553499 139 69 19
22.672101 -12.097576 -0.392641 34 139 34
-15.241758 19.788690 0.610502 34 139 34
1.816267 -3.982485 0.487951 139 69 19
-11.516892 14.728586 0.524191 139 69 19
14.546836 -15.610351 -0.869104 139 69 19
-7.445332 18.747418 0.155850 139 69 19
19.122827 22.765006 -0.499125 139 69 19
18.298254 -6.149316 -0.456882 139 69 19
23.335369 -19.954696 0.046033 34 139 34
7.503485 -12.756108 0.165214 139 69 19
4.403676 11.633838 -0.393084 34 139 34
23.121339 -9.054905 -0.066791 139 69 19
-22.443110 6.446655 -0.039499 34 139 34
-8.907918 2.046427 -0.291593 139 69 19
-1.041801 20.232662 -0.137351 139 69 19
-0.872269 9.219178 -0.288746 139 69 19
-20.886561 2.520982 0.193763 34 139 34
-13.903752 24.393932 0.461177 34 139 34
-19.332488 -16.092532 0.887507 34 139 34
-3.565190 4.037855 -0.180100 139 69 19
-4.070578 -14.797558 -0.559307 139 69 19
-6.124751 -9.001162 -0.205441 34 139 34
18.530268 -7.529167 0.207569 34 139 34
21.726496 -18.214732 0.404292 139 69 19
-14.180224 -7.898769 0.294989 139 69 19
-21.096289 15.064940 -1.058609 34 139 34
23.944488 -5.464887 -0.169990 139 69 19
-18.887029 -7.535690 -0.279381 139 69 19
-15.525283 -9.442554 0.103293 139 69 19
-16.296747 -10.544779 0.635116 139 69 19
-21.002830 -22.933600 0.245157 139 69 19
-1.175915 2.276499 0.799871 34 139 34
-3.540356 6.719316 0.010987 139 69 19
13.884197 -15.037708 -0.104830 139 69 19
1.294593 -23.608271 0.349811 139 69 19
9.313743 5.092779 0.052303 34 139 34
14.367745 15.058250 0.259247 34 139 34
-2.739446 16.737264 0.382957 34 139 34
-7.023811 5.581882 0.617716 34 139 34
6.426495 -15.677249 -0.777635 34 139 34
-0.110022 1.924860 0.937884 139 69 19
12.243186 -7.196320 0.301743 139 69 19
-2.674570 -19.547571 0.093340 34 139 34
-12.170144 9.760380 0.007109 34 139 34
-16.169344 11.800086 0.083240 139 69 19
18.454525 -5.705474 0.282920 34 139 34
3.883912 2.925060 -0.188396 139 69 19
-3.832053 -1.302424 0.808664 139 69 19
-24.199330 -7.427620 -0.245628 139 69 19
-1.680159 -15.165469 0.608251 34 139 34
-8.171968 -16.196962 -0.811222 139 69 19
19.546734 15.161684 0.846777 34 139 34
24.759105 -5.494899 -0.303780 139 69 19
-22.426237 -24.580091 -0.084551 139 69 19
-4.242316 2.330715 -0.133501 139 69 19
-23.284802 -21.348777 -0.997592 34 139 34
0.685224 -12.555366 0.446123 139 69 19
5.304328 -17.245825 0.352637 34 139 34
-0.069986 1.397269 -0.977055 139 69 19
-16.307941 -13.272718 0.020706 34 139 34
-24.403902 12.460996 -0.126186 139 69 19
-14.504966 2.626424 0.643488 139 69 19
-0.845425 22.880747 -0.474405 139 69 19
1.131969 -5.075204 -1.164403 139 69 19
-10.317229 -19.934426 -0.394609 139 69 19
-13.696076 -16.036289 0.366234 139 69 19
2.981216 -22.753417 0.098385 139 69 19
-15.042604 -23.029662 0.717247 139 69 19
5.478924 -0.539660 -0.147842 139 69 19
-12.519744 -8.988480 0.651532 34 139 34
-21.296397 15.829506 -0.263049 34 139 34
22.724874 4.571073 0.275431 139 69 19
17.298966 -10.081132 0.149226 139 69 19
-14.392198 -22.551994 0.022757 34 139 34
-23.431825 22.248528 0.306636 139 69 19
-21.955847 -5.050709 -0.638948 34 139 34
3.261412 -9.084074 -0.127195 34 139 34
-20.391111 4.404719 0.114134 34 139 34
-19.094453 15.254409 -0.724567 34 139 34
-1.787468 8.408070 0.314320 139 69 19
-0.631147 7.712910 0.495154 139 69 19
5.126025 13.323983 -0.713242 139 69 19
20.355597 -9.105368 -0.350091 34 139 34
-20.319638 -8.302253 0.115674 139 69 19
16.423679 0.109603 0.236550 139 69 19
-12.793438 0.740529 0.363896 34 139 34
-11.005510 -5.768907 0.169894 139 69 19
9.212101 -3.464277 0.090495 139 69 19
-9.575374 -18.156166 -0.301136 139 69 19
10.411427 -0.072229 -0.058178 139 69 19
-8.897311 -17.418841 -0.422671 34 139 34
-1.892344 15.970368 0.013056 139 69 19
7.890077 -7.178035 0.249566 139 69 19
-14.707232 13.733737 0.060056 139 69 19
5.767996 -14.440928 -0.823911 34 139 34
24.801490 14.501088 0.029642 139 69 19
19.124430 -24.187175 0.082783 139 69 19
24.335465 -23.527050 -0.221728 34 139 34
6.857598 -8.020083 0.092045 139 69 19
21.797074 4.671583 0.047575 34 139 34
-6.909574 4.557398 -0.594788 34 139 34
-2.193703 -15.565591 -0.424062 34 139 34
-9.173161 24.460035 -0.128624 34 139 34
22.054113 20.537702 0.091523 34 139 34
14.413054 17.020427 0.385943 34 139 34
-8.996769 10.549559 0.174325 139 69 19
10.161452 23.011190 -0.365585 139 69 19
-18.851250 -10.465557 0.696984 34 139 34
23.493566 18.095260 0.132693 34 139 34
7.833660 10.500470 -0.660037 34 139 34
20.962720 6.783474 0.254924 139 69 19
-24.572249 21.462904 0.177978 34 139 34
15.046407 13.182589 0.413018 34 139 34
10.932957 -8.731381 0.031887 139 69 19
14.990034 -0.292100 0.292833 34 139 34
-16.500874 17.762648 -0.377253 34 139 34
-15.625250 -8.388142 -0.431497 34 139 34
6.638192 14.207259 -0.114494 34 139 34
-0.174789 -12.933786 -0.175226 34 139 34
4.385205 -14.131294 -0.370349 34 139 34
22.948126 -9.896945 -0.062345 139 69 19
-19.239636 -24.137069 -1.176821 139 69 19
-4.429185 13.766303 0.192404 34 139 34
10.758146 18.241181 -0.235950 34 139 34
10.018633 22.458466 0.466379 139 69 19
-0.587412 -12.187987 -0.032047 34 139 34
-17.422893 -10.927816 -0.653934 34 139 34
1.925481 17.384780 0.573498 139 69 19
6.155523 16.284208 0.477296 34 139 34
10.326940 -11.166247 0.041118 139 69 19
-4.483493 -12.804066 -0.335257 139 69 19
-22.111158 17.278885 -0.601169 34 139 34
2.637570 3.489768 -0.273165 139 69 19
0.025351 -7.548440 -0.253344 34 139 34
-12.992962 0.296909 -0.027536 34 139 34
-0.453588 20.485560 0.180939 139 69 19
-5.845913 -11.800613 -0.208500 34 139 34
-16.017366 21.865441 -0.877224 34 139 34
-19.933221 -8.181650 -0.641974 34 139 34
-11.787041 23.404062 -0.313875 139 69 19
-23.515464 -13.036897 0.103913 139 69 19
12.314310 -20.113608 0.062836 139 69 19
6.570202 -24.732251 -0.041922 139 69 19
3.147138 -18.112476 0.904565 139 69 19
-15.472961 -0.942229 0.094735 139 69 19
-6.452959 -21.074313 -0.233294 34 139 34
16.376991 -14.097496 0.611583 139 69 19
16.447524 -10.570253 -0.170641 34 139 34
2.169958 2.190094 -0.069684 34 139 34
-6.156535 -8.677884 0.842599 34 139 34
22.855513 3.459038 -0.058597 139 69 19
17.886123 -1.313881 -0.181748 34 139 34
-5.963262 -22.997052 -0.234545 34 139 34
16.515697 -4.826484 -0.210764 139 69 19
-3.977390 -16.644886 0.065292 139 69 19
0.510417 -8.041903 0.118255 34 139 34
-18.617401 -2.326224 -0.543219 34 139 34
-19.562479 -1.910878 0.417801 34 139 34
-13.558996 2.961769 0.811826 139 69 19
-15.433167 7.168922 -0.507255 34 139 34
18.813902 -9.094521 0.068280 139 69 19
-11.616966 23.727128 0.177797 139 69 19
7.121499 -10.774294 -0.723250 34 139 34
-8.497714 -7.098624 -0.100227 34 139 34
-13.932167 0.645064 0.643073 139 69 19
1.522387 11.377596 0.068163 34 139 34
13.977705 -2.180430 0.288943 34 139 34
17.022414 -6.892667 0.559305 139 69 19
-11.154684 -16.999870 -0.485447 34 139 34
20.254364 14.681388 -0.625835 139 69 19
10.386352 3.725772 0.255962 139 69 19
-21.266175 9.424304 0.215712 139 69 19
-6.886040 16.984312 0.701548 139 69 19
-13.074215 -19.509562 0.330185 139 69 19
-23.567436 14.408285 -0.702915 34 139 34
-6.630905 -14.948839 0.573681 139 69 19
10.401440 -0.598334 0.593413 34 139 34
5.979576 -6.828356 0.035922 139 69 19
18.571663 19.539938 -0.527801 34 139 34
1.377996 21.170030 0.331882 139 69 19
0.811248 -8.543242 0.125861 139 69 19
-8.925901 19.988211 0.238770 34 139 34
14.104621 -21.282187 -0.228403 139 69 19
24.145784 23.033525 0.396731 139 69 19
-2.264218 -4.713954 -0.834053 34 139 34
-24.095052 20.681672 -0.337640 139 69 19
20.266617 -0.891682 0.079952 139 69 19
-11.507310 -14.163545 0.415756 34 139 34
-10.231648 3.608257 -0.466652 139 69 19
6.325744 -10.848845 -0.140446 139 69 19
-5.283764 6.376251 0.025362 139 69 19
16.737612 -14.659296 0.080216 34 139 34
12.554939 16.377176 -0.392064 34 139 34
0.445929 9.720580 0.189282 34 139 34
-20.788705 -19.491051 0.533461 34 139 34
-16.435103 21.823219 -0.192665 139 69 19
-18.366917 17.130508 -0.557865 139 69 19
13.215518 -7.362689 -0.246382 139 69 19
-14.506314 18.560595 0.952028 139 69 19
-18.309721 22.890410 -0.488052 34 139 34
-1.710496 4.510459 -0.565184 139 69 19
20.188133 0.115399 -0.260242 34 139 34
17.994635 -0.725641 -0.670701 34 139 34
8.012456 -2.061914 0.367913 34 139 34
6.489357 -4.595699 -0.120474 34 139 34
14.328803 13.578453 -0.302184 139 69 19
-15.380049 7.785706 0.578016 139 69 19
-16.872164 13.953695 0.343877 34 139 34
-24.009988 -10.830164 0.433684 34 139 34
8.244974 17.563073 0.199814 34 139 34
-10.996020 12.301968 0.396604 34 139 34
19.262851 -13.837704 0.362611 139 69 19
11.946130 19.892498 1.263661 139 69 19
-10.314329 16.857524 0.066912 34 139 34
10.507065 15.537337 -0.500921 139 69 19
-9.784958 4.875811 -0.349732 139 69 19
-21.387800 9.237338 -1.089764 139 69 19
-4.721016 -21.592657 -0.338145 139 69 19
4.398802 -10.661822 -0.229569 34 139 34
1.557418 9.046960 0.349954 139 69 19
-10.543094 -16.165247 -0.568256 139 69 19
21.577510 -1.058842 -0.179198 139 69 19
-5.760681 1.295520 0.503022 139 69 19
7.054264 21.938819 -0.776093 34 139 34
-2.500295 -7.843904 -0.575809 139 69 19
-11.344580 -5.720178 -0.011698 34 139 34
-23.148146 -3.053045 -0.524413 34 139 34
-0.360441 -13.000587 0.144782 139 69 19
23.678455 -13.096093 -0.420012 139 69 19
4.190274 10.565881 -0.598792 34 139 34
20.804448 -20.447379 -0.361404 139 69 19
-12.380902 -15.408325 0.692119 34 139 34
-14.899539 -23.716787 -0.283990 34 139 34
16.991523 -16.558680 0.141196 34 139 34
-7.383951 23.470437 0.240990 139 69 19
0.898452 6.277283 -0.373040 34 139 34
-17.452950 -23.775737 -0.983136 139 69 19
-21.330781 -17.042471 -0.728939 139 69 19
-9.140872 17.974905 -0.039541 34 139 34
-4.517215 -6.814600 0.865910 139 69 19
12.106757 24.986707 -0.135021 34 139 34
-16.130726 1.909653 -0.334990 139 69 19
-2.222956 -0.846642 0.467222 139 69 19
-12.671749 9.543360 0.098424 139 69 19
16.788560 19.861382 0.734278 34 139 34
19.368441 -23.208480 0.281130 139 69 19
15.698491 22.829645 0.816567 139 69 19
-22.631812 -9.339810 0.445415 139 69 19
19.176336 19.324592 0.309654 34 139 34
15.505691 14.838034 0.694534 34 139 34
9.842345 6.028450 0.586126 34 139 34
-10.522156 23.222026 -0.624680 34 139 34
-24.188907 -13.924978 0.437505 34 139 34
-13.728075 23.388407 0.364288 139 69 19
23.117983 -8.605726 0.215542 139 69 19
21.870172 17.255770 0.210854 139 69 19
13.510308 22.311886 -0.536342 34 139 34
-20.035376 3.776647 0.198754 34 139 34
-2.103132 -6.815075 -0.394257 34 139 34
-7.940158 -24.837860 0.022575 139 69 19
-17.505077 -24.487508 0.507443 34 139 34
-5.791961 -4.625644 0.621605 34 139 34
5.415114 -24.862486 -0.689815 139 69 19
14.896931 -21.467510 0.189352 34 139 34
21.194071 10.499787 0.119304 139 69 19
8.837600 -2.118012 0.843764 34 139 34
-21.634337 6.869408 0.431583 34 139 34
10.305209 -0.241426 0.498285 139 69 19
7.267283 -11.991526 -0.069510 34 139 34
-24.425107 -10.990488 -0.074501 34 139 34
24.849053 21.459076 0.156450 34 139 34
-4.684337 -8.223979 -0.103717 139 69 19
10.615769 -13.723849 1.075940 34 139 34
-24.575866 17.763404 0.327638 34 139 34
-17.328311 -23.345106 0.370562 139 69 19
19.556903 12.088701 -0.292749 139 69 19
-15.283833 4.959565 0.187951 34 139 34
17.073535 0.348696 -0.271674 139 69 19
-20.268143 7.744396 0.174379 139 69 19
3.622962 2.951291 -0.309186 34 139 34
17.244110 -21.982169 0.794077 139 69 19
7.927096 -12.614980 0.024159 139 69 19
-13.309760 22.168089 0.339461 34 139 34
10.640983 20.451774 -0.240387 34 139 34
-22.270742 -2.229700 -0.731547 139 69 19
4.600920 -13.239189 0.131773 139 69 19
18.695798 17.351393 0.463243 139 69 19
-10.538279 10.632529 0.011069 139 69 19
-3.986071 6.490521 -0.448698 139 69 19
-1.544893 -21.184543 0.406756 139 69 19
-0.789031 -16.626422 -0.566037 34 139 34
12.015852 8.252610 -0.192302 139 69 19
15.973651 10.534129 0.541302 139 69 19
4.919510 -1.518769 -0.145489 34 139 34
-9.088121 -12.402579 0.053266 139 69 19
-21.561355 -7.386859 -0.252489 139 69 19
0.737169 -12.859772 -1.196063 139 69 19
24.344477 6.248038 -0.256869 139 69 19
19.409367 1.135135 0.682042 34 139 34
-22.906834 9.789132 0.167410 139 69 19
7.107820 19.915193 0.057043 34 139 34
21.171882 21.042893 -0.268316 139 69 19
11.199236 15.071928 -0.666776 34 139 34
16.063268 12.697378 -0.455992 34 139 34
-12.395682 -6.843160 0.429423 139 69 19
1.177977 -24.714423 0.498380 34 139 34
15.697313 -14.931299 -0.216147 139 69 19
-24.226882 -0.956579 0.615110 34 139 34
23.362250 17.141069 0.357490 139 69 19
-10.083791 -19.894701 -0.751030 139 69 19
0.464042 -0.678716 -1.002907 139 69 19
-8.433577 13.083352 0.621408 139 69 19
-8.860043 -9.539739 -0.084252 139 69 19
-0.476035 22.896784 0.115609 34 139 34
6.123093 -5.225031 0.253866 139 69 19
-15.184644 4.812223 0.937643 34 139 34
24.319136 -13.631631 -0.342733 139 69 19
18.543964 24.722660 -0.035738 34 139 34
-11.532097 2.855314 -0.004347 139 69 19
-15.778950 21.622517 -0.731359 34 139 34
-16.670488 -8.536799 -1.532157 139 69 19
2.691000 17.982262 0.089898 34 139 34
-4.455527 11.359437 -0.187553 34 139 34
16.838316 -7.792571 0.603921 34 139 34
-13.662888 -5.943988 -0.302161 34 139 34
21.375373 23.715952 -0.266180 34 139 34
20.119856 0.643120 -0.055625 34 139 34
-4.502781 14.433752 -0.063225 34 139 34
24.283550 18.752024 0.523542 34 139 34
-5.350271 8.941061 -0.143633 139 69 19
-9.493936 -5.155731 -0.139636 139 69 19
19.609238 5.488398 0.712983 139 69 19
-12.173828 17.813283 0.125967 34 139 34
-15.582710 6.596781 0.719976 34 139 34
15.859099 -9.178559 -0.100475 34 139 34
12.624277 16.232362 -0.498590 34 139 34
0.196453 -9.409193 0.461433 139 69 19
21.039892 21.809357 0.954813 139 69 19
16.867456 19.033108 -0.479202 34 139 34
18.629259 -11.328517 -0.360551 139 69 19
-3.707137 -21.893147 0.317616 139 69 19
19.644850 -18.227059 -0.438663 34 139 34
4.359700 -6.532966 0.535517 34 139 34
20.979097 -6.612309 0.483757 139 69 19
-14.574595 8.022334 0.638300 139 69 19
20.949948 22.944964 0.372751 139 69 19
21.837757 22.413407 0.082858 34 139 34
-24.607561 3.305508 -0.202401 139 69 19
18.680168 3.547124 0.462113 139 69 19
15.377700 2.613842 0.297443 34 139 34
3.162604 -4.721048 0.738228 34 139 34
11.339657 12.090293 0.540513 139 69 19
-22.558380 -16.226390 0.239142 139 69 19
14.110358 8.660610 0.435260 34 139 34
-12.064324 13.794260 -0.627442 139 69 19
20.067621 -8.206593 -0.435110 34 139 34
7.738505 9.335382 0.770403 34 139 34
-16.930096 -11.766965 -0.659435 34 139 34
-1.230612 21.219414 0.067581 139 69 19
-6.130047 -16.641089 0.345893 34 139 34
-16.014839 -23.774006 0.024002 34 139 34
18.977517 -21.377914 -0.224011 34 139 34
16.582308 -9.891881 -0.675382 34 139 34
-6.270189 9.591362 -0.203194 34 139 34
-22.396966 6.567640 0.174276 34 139 34
1.694005 18.506665 -0.141100 34 139 34
15.671576 17.033396 0.033182 34 139 34
8.311427 0.528389 -0.020245 139 69 19
-10.191176 17.115095 0.248252 139 69 19
16.978913 -13.957545 0.938337 34 139 34
18.900739 24.564836 -0.432757 34 139 34
4.320864 -7.399806 -0.265309 34 139 34
2.565380 3.518246 0.545318 139 69 19
-15.527244 22.078398 -0.118388 139 69 19
-15.106781 23.861583 0.023073 139 69 19
-8.142435 19.366309 0.228584 139 69 19
-18.723546 -15.824037 0.492746 139 69 19
15.718512 9.938962 0.954831 139 69 19
-13.713912 -2.307643 -0.409380 34 139 34
6.043045 -12.185375 0.162716 34 139 34
21.684503 9.985733 -0.516223 34 139 34
14.261600 14.348911 0.281093 34 139 34
11.625017 -11.206977 -0.402573 34 139 34
11.222145 20.123494 0.419249 139 69 19
-23.672552 14.135749 -0.150715 139 69 19
-5.278827 13.846330 -0.234811 34 139 34
-2.968812 12.587228 -0.312344 139 69 19
-22.629510 6.172424 -0.065731 139 69 19
17.217881 22.158547 0.366849 139 69 19
19.373889 -10.284928 0.072669 139 69 19
-1.389543 15.320567 0.554341 139 69 19
0.667085 -21.191122 0.012121 139 69 19
-1.154747 6.811941 0.331575 34 139 34
13.388434 -7.932224 -0.189198 34 139 34
-10.400851 -19.964887 -0.665693 34 139 34
1.489005 7.025037 -0.487886 34 139 34
17.544457 -18.086932 -0.962345 139 69 19
-12.001760 13.547852 -0.234661 139 69 19
6.712150 -9.009470 0.317504 34 139 34
-3.915502 3.543285 -0.040613 34 139 34
-20.160729 -18.474100 -0.173175 139 69 19
24.569238 24.591574 0.485086 139 69 19
-16.737862 6.579208 0.520735 139 69 19
-23.873478 3.028619 0.156351 34 139 34
-18.289389 3.751879 -0.204434 139 69 19
7.199420 -14.004298 -0.366071 139 69 19
-3.822153 15.769797 0.240712 139 69 19
22.490122 10.643720 0.236821 34 139 34
10.416837 -0.635342 0.459062 34 139 34
1.610222 -18.335222 -0.456482 139 69 19
21.350857 11.234036 -0.421818 139 69 19
3.613716 17.724353 0.160862 139 69 19
-0.253414 -22.788495 0.989390 139 69 19
-21.649235 5.872185 -0.162498 139 69 19
5.902242 -6.135332 -0.416651 139 69 19
-10.764468 -5.948321 0.165747 34 139 34
-13.116847 -13.917437 0.414813 139 69 19
6.690638 0.140527 0.166820 34 139 34
-8.384091 7.243892 0.340343 139 69 19
-3.214016 21.926915 0.086499 139 69 19
-13.690831 -7.533026 -0.703337 139 69 19
-15.135465 22.228693 -0.231542 139 69 19
4.951300 -2.608133 -0.478163 139 69 19
2.930435 14.690781 0.018917 34 139 34
4.111596 -12.600711 0.302087 34 139 34
-0.297152 -12.438232 0.093530 139 69 19
-0.906940 15.269963 -0.322216 34 139 34
9.906409 1.154268 -1.423527 139 69 19
0.298744 -0.104087 0.059164 139 69 19
6.238232 6.798467 -0.073010 34 139 34
15.209741 6.945651 -0.116658 34 139 34
-2.603152 -0.990082 0.124578 34 139 34
-7.858878 -22.390260 0.287398 139 69 19
8.916593 -22.912270 -0.156585 139 69 19
12.402059 1.702120 -0.235185 139 69 19
-16.374716 15.730198 -0.009348 34 139 34
-16.489701 -15.851421 0.390164 139 69 19
-17.616837 0.858655 0.403139 34 139 34
-15.150555 -6.704871 1.116118 139 69 19
-13.247506 4.627465 -0.551937 34 139 34
1.552666 -16.083763 0.382449 34 139 34
-13.676539 17.074922 0.210148 139 69 19
-19.596312 -4.765202 0.201178 139 69 19
14.632059 1.812628 0.407360 34 139 34
-7.642582 -1.331627 -0.091490 34 139 34
11.764470 -3.987882 -0.583421 34 139 34
17.467663 -18.310065 0.251946 139 69 19
-16.851164 -1.910494 0.291938 139 69 19
14.464646 -3.264124 0.515676 34 139 34
15.154317 15.895558 0.039532 34 139 34
-20.268329 -24.780159 -0.342908 139 69 19
-23.847204 -15.239425 -0.363963 139 69 19
-7.909742 3.940519 0.322156 34 139 34
-2.677377 -0.366146 0.330987 139 69 19
-6.730715 13.473567 0.797798 34 139 34
-10.740513 -10.463937 -0.851238 34 139 34
5.819626 13.216616 -0.421071 139 69 19
-19.364441 -16.059954 -0.388266 139 69 19
-4.385049 -15.737930 -0.444151 34 139 34
-11.719069 -0.209686 -0.021450 34 139 34
-14.938285 17.669020 0.334902 34 139 34
15.935981 12.904291 0.811395 34 139 34
10.875464 -10.138135 0.663826 34 139 34
1.431160 -20.944712 -0.185033 139 69 19
-3.254332 1.305599 0.027027 34 139 34
24.972878 -18.375920 0.275253 34 139 34
5.563727 8.158466 0.447491 34 139 34
24.524054 9.006375 0.626970 34 139 34
10.088896 14.891856 -0.007797 139 69 19
5.012872 -23.764620 0.149263 34 139 34
-21.537548 10.241015 0.224396 139 69 19
-6.350940 -23.562640 0.106562 139 69 19
3.751639 -19.934119 0.289634 139 69 19
-14.277306 19.581652 -0.722468 139 69 19
17.656624 1.332411 -0.680432 139 69 19
21.168824 16.661778 -0.015029 34 139 34
2.462629 -8.682396 -0.167265 34 139 34
-1.091405 -11.824429 0.207721 34 139 34
12.146517 19.571756 -0.557481 34 139 34
11.029799 1.516942 -0.097018 139 69 19
24.830668 21.281731 0.142892 34 139 34
-16.373806 -9.382613 -0.199012 34 139 34
14.469800 -13.907707 -0.406633 34 139 34
3.031287 23.967365 -0.081172 34 139 34
6.346728 -3.999961 0.014582 139 69 19
-12.243969 3.706607 0.608304 34 139 34
-1.551972 2.189912 -0.044677 34 139 34
-9.617933 -19.936841 0.205982 34 139 34
24.637385 -21.120776 -0.057458 34 139 34
16.519043 19.931881 -0.034205 139 69 19
-17.319182 -10.677501 0.260609 139 69 19
13.426920 5.296174 -0.684725 34 139 34
-21.595327 9.927576 0.184577 34 139 34
-24.242595 15.105733 0.554304 34 139 34
-12.257681 -10.071884 -1.302459 34 139 34
-15.591563 -3.519056 0.007857 139 69 19
3.980950 14.938745 0.287829 34 139 34
24.917641 3.257449 0.646182 34 139 34
-13.582614 5.495146 0.113232 34 139 34
14.398564 7.800063 0.180165 34 139 34
20.769376 13.482551 -0.004140 34 139 34
-10.474218 6.853593 -0.223901 139 69 19
-1.964854 2.264278 -0.152602 139 69 19
12.023356 15.276515 0.136163 139 69 19
10.108887 11.777902 0.088636 34 139 34
-14.132403 -6.849582 -0.027499 34 139 34
-3.376893 22.308453 -0.078436 34 139 34
14.741919 -19.644624 -0.749309 139 69 19
5.803492 12.123494 0.577388 139 69 19
-20.634188 8.668828 0.164221 34 139 34
-17.929687 -6.818155 0.138523 34 139 34
22.587614 -10.962652 -0.092430 139 69 19
-9.651156 -1.423423 -0.196750 34 139 34
14.202680 -7.746091 -0.467658 34 139 34
-21.627286 1.417039 0.888726 34 139 34
-13.365951 -12.850228 -0.339557 34 139 34
18.895522 6.703128 -1.023621 34 139 34
-16.266461 23.088162 0.316240 139 69 19
11.080075 -4.695738 0.369987 139 69 19
20.631523 -22.958926 -0.256724 139 69 19
13.343539 -7.756121 0.818044 34 139 34
-24.305238 -8.421328 0.272884 34 139 34
-17.748729 -13.384531 -0.087034 139 69 19
24.709728 20.244575 -0.183947 34 139 34
16.349435 -8.000839 -0.893533 139 69 19
-22.716483 3.360459 0.466623 34 139 34
21.619073 -10.967756 0.168771 139 69 19
21.077245 -21.166447 0.542187 139 69 19
-4.964586 10.058888 0.518701 34 139 34
3.168804 -1.852063 -0.344914 139 69 19
8.677209 -13.630426 -0.827530 34 139 34
-14.327567 0.681450 -0.039893 34 139 34
-6.214364 4.148441 -0.223279 139 69 19
-4.785986 -6.207224 0.418142 34 139 34
12.375192 -23.688593 0.282680 139 69 19
13.759660 15.995856 0.369392 34 139 34
3.589307 24.679374 -0.751464 139 69 19
6.665923 17.985398 -0.155262 139 69 19
8.540647 6.687675 -0.724830 34 139 34
-0.413217 13.602148 1.018249 139 69 19
-16.374043 -15.260345 0.751858 34 139 34
-16.618847 -16.934691 0.062463 34 139 34
-15.439525 -6.837515 0.160118 139 69 19
-4.840019 -21.130388 0.166956 139 69 19
13.862567 13.732197 -0.767595 34 139 34
12.459604 10.899989 -0.894467 139 69 19
-24.473830 -12.920565 -0.133916 139 69 19
7.424689 -6.330511 -0.357568 34 139 34
18.423869 16.251796 -0.316175 34 139 34
4.315116 6.120445 -0.434052 34 139 34
8.064558 12.072209 0.613857 139 69 19
-2.959497 9.629857 -0.365980 139 69 19
10.152517 0.942043 0.431456 139 69 19
21.013596 19.503192 -0.118035 139 69 19
-6.944955 -21.782611 0.171570 34 139 34
16.337116 -20.668397 -0.510986 34 139 34
-24.774393 13.686163 0.893158 34 139 34
-17.772408 14.231530 1.471953 34 139 34
-23.195291 1.472764 -0.669110 139 69 19
15.855828 -20.595541 0.170854 139 69 19
-4.310070 -18.540012 0.612791 139 69 19
16.469843 -21.395940 -0.036036 139 69 19
20.653667 2.412002 -0.128691 34 139 34
12.343927 20.025050 -0.364523 34 139 34
-14.337529 13.253503 0.082685 34 139 34
17.337591 13.972069 -0.830298 34 139 34
-10.994982 -23.953379 -0.281351 34 139 34
2.252334 -11.432102 -0.810530 34 139 34
-13.084829 0.888366 -0.199802 139 69 19
15.256607 -23.726879 -0.197736 139 69 19
-18.132010 11.711369 0.125400 34 139 34
-16.798364 -5.404244 0.137623 139 69 19
6.145740 8.907971 0.575384 34 139 34
23.430361 19.829790 -0.005154 139 69 19
0.267561 -12.883354 -0.303570 139 69 19
-15.798664 -5.872464 0.030241 139 69 19
-11.099048 -15.734357 -0.651478 139 69 19
-24.868986 -17.957953 0.619421 34 139 34
-21.189887 -17.975667 0.339282 34 139 34
2.527127 13.054881 0.743005 139 69 19
21.289749 -21.541153 0.587376 139 69 19
20.969989 -18.543866 -0.049657 139 69 19
-16.940288 13.168162 -0.314683 139 69 19
-10.218421 13.383390 -0.026979 139 69 19
2.562740 -16.417672 0.508764 139 69 19
22.010383 12.363005 -0.436833 139 69 19
-7.811199 -6.276609 1.169019 139 69 19
9.516956 -20.060839 -0.463146 34 139 34
-16.282971 -19.983487 -0.031521 34 139 34
9.569684 23.202868 0.452897 139 69 19
-11.446214 17.038809 0.510600 34 139 34
-6.132805 9.144300 -0.595166 34 139 34
21.421132 18.535040 -0.292033 139 69 19
-18.741441 12.122142 0.416952 139 69 19
0.482720 5.326765 -0.283884 34 139 34
18.224453 -11.888828 0.027017 34 139 34
-19.464701 -14.385322 0.725398 139 69 19
10.917453 13.858123 0.326082 34 139 34
-18.419096 -11.624743 -0.265965 139 69 19
7.201722 4.373543 0.109143 139 69 19
-7.547327 3.399848 1.132338 139 69 19
23.307293 -24.781276 0.237349 139 69 19
6.563708 -21.245451 0.071782 34 139 34
21.891399 -19.377934 0.039307 34 139 34
-18.784935 19.259669 -0.309085 34 139 34
17.184635 13.135645 0.561102 139 69 19
9.626731 -2.121729 -0.503919 139 69 19
-9.186409 24.569443 -0.205080 34 139 34
-12.512198 -2.883539 0.099158 139 69 19
6.113483 19.026574 0.206166 34 139 34
-22.876893 19.047954 -0.451787 139 69 19
-7.579182 16.423086 -0.638901 139 69 19
8.013774 24.627388 -0.439545 34 139 34
-2.336940 -17.831406 -0.251989 34 139 34
17.717478 0.784015 -0.473275 139 69 19
-5.471389 -1.466356 0.414669 34 139 34
13.316556 -11.927919 -0.006392 139 69 19
2.238846 -0.169220 -0.313592 34 139 34
-22.197940 -3.766353 -0.198715 34 139 34
-21.791857 21.199433 -0.881999 34 139 34
8.689805 -14.207963 0.798374 34 139 34
13.588405 23.525882 -0.250993 139 69 19
2.201280 11.080747 0.109195 139 69 19
-3.054789 -15.733901 0.096881 34 139 34
-13.710501 11.879295 0.964455 34 139 34
1.310793 -10.913761 -0.173476 139 69 19
-0.836465 -15.855466 0.496184 34 139 34
-13.767150 12.233769 -0.542236 139 69 19
17.515315 -17.906028 -0.234985 139 69 19
11.561093 3.530562 -0.117126 34 139 34
23.075006 21.823717 -0.030772 34 139 34
-18.669513 -9.612288 0.041953 139 69 19
-21.841485 -21.866728 -0.735363 34 139 34
-23.045340 4.036828 0.493568 34 139 34
3.950232 0.408833 0.240528 139 69 19
19.086334 -14.380062 -0.750039 34 139 34
-22.081036 -22.889541 -0.400867 34 139 34
-16.931909 11.146342 0.714208 139 69 19
-14.239609 -16.394896 -0.148320 34 139 34
14.227578 2.919023 -0.121063 34 139 34
-16.084496 -7.847006 0.060424 34 139 34
-5.925984 2.361213 0.464056 139 69 19
19.978869 -2.216168 0.206752 34 139 34
-3.564364 -19.230824 -0.259002 139 69 19
5.015447 4.605938 -0.967584 34 139 34
8.357662 22.214080 0.391603 139 69 19
22.150145 4.481830 -0.481993 34 139 34
-16.682050 0.452649 -0.542438 34 139 34
-14.221567 -9.243572 -0.344091 139 69 19
-6.130935 -23.910791 0.103373 139 69 19
-3.383213 -11.179906 -1.645279 139 69 19
-15.041022 4.568302 0.512899 34 139 34
-3.143721 7.172918 -0.098335 139 69 19
-1.206731 17.882528 -0.455652 139 69 19
-6.647415 8.218771 -0.161011 139 69 19
11.824980 20.343763 0.304445 139 69 19
-5.981111 -20.658884 1.065907 34 139 34
18.799480 -8.827293 0.217733 139 69 19
-6.802883 -17.264131 0.966633 34 139 34
-6.745572 -23.153317 0.659193 34 139 34
-13.236968 15.425064 -0.206045 139 69 19
8.077848 12.170483 -0.421612 139 69 19
-13.427924 -19.694021 -0.500793 139 69 19
23.779763 19.786383 -0.375218 34 139 34
-3.559434 -16.802679 0.726375 34 139 34
-13.492127 -24.275604 -0.048407 34 139 34
15.332450 23.965459 -0.341024 139 69 19
5.583135 -9.894147 0.313878 34 139 34
4.734929 0.606981 -0.505368 34 139 34
21.396610 -0.747776 1.107854 34 139 34
20.570990 -0.660324 -0.097421 34 139 34
-16.513301 14.708899 -0.562170 139 69 19
-6.040031 9.065583 0.071643 139 69 19
-6.462158 1.361098 0.320745 139 69 19
18.708174 -0.341540 0.733838 34 139 34
-5.925427 4.523583 0.321052 34 139 34
7.670637 13.940740 -0.703295 139 69 19
19.132765 13.921657 0.448890 34 139 34
-22.687585 -10.351131 -0.126417 139 69 19
-6.764207 20.950486 0.313481 34 139 34
1.901149 15.519564 0.567932 139 69 19
-24.482575 12.569245 0.285601 139 69 19
7.159190 -23.649999 -0.075778 139 69 19
0.087114 1.409330 -0.273980 34 139 34
-11.946727 17.244104 -0.151806 34 139 34
18.379012 15.496345 -0.047164 34 139 34
11.012731 -10.212832 -0.549061 139 69 19
16.044038 7.768298 0.690792 34 139 34
1.753284 -9.581386 0.321145 139 69 19
21.013462 -7.017041 0.698110 139 69 19
-5.101239 21.727811 1.172775 139 69 19
-19.859341 -6.343943 -0.169730 139 69 19
5.865200 2.391694 -0.493021 139 69 19
-24.404525 2.253450 -0.670834 34 139 34
14.650030 -6.745779 -0.529435 34 139 34
15.804060 24.799239 -0.245947 34 139 34
23.222620 19.478130 0.267246 34 139 34
-2.425355 -3.459113 0.385984 139 69 19
-20.623483 6.790128 -0.478068 34 139 34
15.559174 -3.014999 -0.085585 139 69 19
-19.757622 -1.772317 -0.571207 139 69 19
19.910435 8.253784 -0.350014 34 139 34
19.995237 11.865627 0.902345 34 139 34
3.193597 -11.841334 0.336546 34 139 34
-9.537849 -14.439983 0.062157 139 69 19
15.313826 -16.276753 -0.281321 34 139 34
13.999599 -4.298635 -0.610975 139 69 19
-22.310229 6.170710 -0.122934 34 139 34
1.377283 2.294196 0.069780 139 69 19
-13.458021 8.007170 1.073938 34 139 34
4.899313 -20.564743 0.377069 34 139 34
-20.372098 16.357450 0.188000 34 139 34
18.365052 -7.114676 0.435814 34 139 34
20.585435 -13.122858 1.096857 139 69 19
-5.213814 -19.037761 0.295955 34 139 34
13.412863 -3.463418 0.039869 34 139 34
-2.365857 5.485582 0.802580 139 69 19
-6.420183 -23.435867 0.795382 139 69 19
-19.686577 -22.976469 -0.072935 139 69 19
18.044367 -3.030481 0.679122 34 139 34
24.808848 3.716935 -0.013695 34 139 34
-12.827436 -6.109251 0.114632 34 139 34
20.979548 -5.755382 0.305213 34 139 34
-11.002482 -10.304507 0.456477 139 69 19
21.807407 17.783677 0.514520 139 69 19
-18.927160 16.798865 -0.193646 34 139 34
10.990039 17.186735 -0.743154 139 69 19
6.396555 15.515903 0.557128 34 139 34
-18.035055 14.544335 0.004898 34 139 34
-8.881679 -6.830993 -0.002342 34 139 34
10.053157 -3.908167 0.590741 139 69 19
-21.371755 -13.842114 -0.644571 139 69 19
-21.688642 22.392942 -0.070031 34 139 34
1.957278 12.529880 -1.035335 34 139 34
-7.283191 -6.374349 0.284139 139 69 19
-21.749248 -10.181958 0.019891 34 139 34
-16.294838 -11.598820 0.396535 139 69 19
20.318131 -8.887021 -0.017565 139 69 19
9.831772 3.410777 -0.305236 34 139 34
-15.187271 -14.469709 0.362232 34 139 34
14.069775 0.686886 -0.326322 34 139 34
20.681133 15.867810 0.064126 34 139 34
-21.866962 13.231003 0.024169 34 139 34
13.877318 -6.564937 -0.431840 34 139 34
0.836391 -0.897299 -0.012046 34 139 34
-4.786577 -11.210411 -0.345854 34 139 34
17.397540 16.906713 -0.961109 34 139 34
16.902997 -14.668783 0.773318 34 139 34
-13.078970 6.983547 0.643252 139 69 19
13.279017 -22.268209 0.062921 34 139 34
-2.453205 6.078727 0.161901 139 69 19
21.566249 -21.305657 -0.210370 139 69 19
5.350576 14.066562 -0.433634 34 139 34
-1.087849 -23.178445 -0.735776 139 69 19
11.703311 6.847380 0.481580 139 69 19
19.333983 14.693641 0.694187 34 139 34
-15.314269 -3.766515 -0.166519 34 139 34
6.944675 -9.048948 -0.122137 34 139 34
17.265853 -6.617392 0.568461 34 139 34
-4.627548 0.926242 0.276027 139 69 19
-16.540485 -9.320597 0.597676 34 139 34
2.049990 8.545330 0.031421 34 139 34
-11.649917 -1.912585 -0.252157 34 139 34
10.406641 -10.937645 0.193061 34 139 34
-4.392461 -19.854093 -0.364195 34 139 34
-24.637040 -17.873623 0.189097 34 139 34
23.839406 14.919086 0.005157 139 69 19
-0.984773 17.492881 -0.605663 34 139 34
15.314680 5.599390 -0.720991 139 69 19
12.047421 -17.216890 -0.014701 139 69 19
-2.954288 19.541786 -0.243153 34 139 34
-24.661985 -7.598427 0.509038 34 139 34
0.832555 -24.451550 -0.292878 34 139 34
20.398979 -1.054626 0.380909 139 69 19
-1.998012 16.523509 0.019333 34 139 34
4.558370 -23.069443 -0.461278 34 139 34
20.140639 -2.153622 0.342684 139 69 19
-16.584420 22.277684 0.383058 139 69 19
13.565917 -2.389406 0.068096 139 69 19
-3.646990 3.741826 -0.271500 139 69 19
-16.725257 -4.993734 0.248610 139 69 19
10.996260 11.280958 0.000109 34 139 34
-21.321098 -23.355632 0.250402 139 69 19
-6.295000 -0.975436 -0.150870 139 69 19
-12.531976 -18.165724 0.241885 34 139 34
-23.289902 16.271817 0.306251 139 69 19
15.423749 6.863647 0.522013 34 139 34
3.469397 -14.503696 0.575287 34 139 34
21.785576 15.655136 -0.666994 34 139 34
-11.669418 -14.822889 -0.160300 34 139 34
-0.447742 -20.922667 -0.455296 34 139 34
-23.356764 13.918951 -0.346283 34 139 34
-14.178094 -8.516603 -0.310593 139 69 19
-12.293375 -8.721870 -0.155662 34 139 34
21.267176 -10.069649 0.034540 139 69 19
22.623658 1.581447 -0.196340 34 139 34
13.516776 12.054675 -0.536837 139 69 19
20.499699 -4.228653 0.080789 139 69 19
13.097215 -16.803852 -0.475145 34 139 34
14.527029 4.066416 -0.119177 139 69 19
6.931115 -8.314679 0.261787 139 69 19
16.203070 -17.992332 -0.165096 34 139 34
6.479901 -12.021089 0.292433 139 69 19
-21.697984 11.371061 0.619000 139 69 19
7.957262 -21.420660 -0.284531 34 139 34
12.463640 -11.455742 -0.561994 34 139 34
24.369082 -19.389641 0.316150 139 69 19
-0.055416 16.334883 -0.002426 34 139 34
21.843536 22.915557 -0.190855 34 139 34
-1.036837 14.117461 0.740178 34 139 34
-21.813506 -23.644322 -0.087847 34 139 34
12.506745 -2.578861 0.078401 34 139 34
1.060458 -24.907297 0.840959 139 69 19
-19.781696 -10.316780 -0.422044 34 139 34
8.351386 -15.831264 0.013937 139 69 19
-21.836209 -21.988440 0.331965 139 69 19
-17.855931 12.022794 0.187531 139 69 19
21.745445 7.418169 0.716428 34 139 34
0.646503 -2.886024 -0.462152 34 139 34
-3.232193 21.103238 0.639464 34 139 34
-1.177978 8.885398 -0.462160 139 69 19
-13.410547 17.778018 0.059485 139 69 19
6.072537 10.053863 -0.169266 139 69 19
16.210596 -9.439680 -0.015092 139 69 19
0.478034 -2.663425 -0.229448 34 139 34
-8.213147 11.856943 -1.002895 34 139 34
3.153033 9.183225 0.247671 139 69 19
4.045348 9.730639 -0.230363 139 69 19
21.896233 -22.377962 -0.389340 139 69 19
13.508373 5.481700 0.401027 34 139 34
24.264275 2.227799 -0.872805 139 69 19
-3.909257 -21.542841 0.660981 139 69 19
13.232515 23.580312 0.454823 139 69 19
1.610680 14.071082 0.283692 139 69 19
10.332734 15.997138 0.479125 34 139 34
24.760578 22.785189 -0.968492 34 139 34
19.455056 -17.932795 0.147778 34 139 34
-5.595276 -9.676408 0.215011 34 139 34
-6.145679 3.430294 -0.008702 139 69 19
9.448233 9.587956 -0.451941 34 139 34
4.609918 -0.429843 0.774230 34 139 34
14.106832 12.471469 -0.066345 34 139 34
22.356410 -12.571478 0.483592 139 69 19
-0.415520 5.936627 1.172065 139 69 19
-3.509372 -12.919330 -0.070622 34 139 34
9.423462 13.651259 -1.142400 139 69 19
-14.722524 9.221602 -0.098206 139 69 19
14.627302 4.183829 -0.723074 34 139 34
4.066170 -4.555001 0.328629 139 69 19
10.081761 -22.679530 0.200292 139 69 19
-24.089689 -5.234981 -0.420204 139 69 19
-17.691052 22.553154 0.465069 139 69 19
-13.765232 -17.684569 -0.069874 34 139 34
-14.285588 17.398310 0.560886 139 69 19
-8.698636 -9.149979 0.575989 139 69 19
-0.271423 -15.045898 0.611773 34 139 34
-6.049031 24.090400 0.585242 34 139 34
9.483659 -1.573946 -1.071041 34 139 34
-20.547967 22.636165 0.008605 139 69 19
-14.167266 -5.652484 -0.585169 34 139 34
-15.438612 -16.007412 -1.292977 34 139 34
-7.970303 4.095493 -1.424187 139 69 19
18.399824 -13.617411 0.330588 139 69 19
-0.512080 -18.254209 -0.213581 139 69 19
12.147678 -1.654550 0.024908 34 139 34
14.646070 21.980900 -0.364144 34 139 34
4.343335 3.610749 -0.630691 34 139 34
-3.383538 -17.615218 1.136149 139 69 19
-24.712750 -7.672449 0.587059 34 139 34
9.098342 19.208754 -0.284183 34 139 34
4.768130 15.713659 0.720234 139 69 19
22.078439 8.588498 -0.163682 34 139 34
-24.425691 11.404996 -0.957564 139 69 19
24.010561 -0.456843 -0.107836 34 139 34
-8.343315 11.100677 0.013986 139 69 19
12.529917 -18.632473 -0.524985 34 139 34
-17.991164 -20.577719 0.031041 139 69 19
-11.791961 13.923185 -0.444980 34 139 34
-5.269211 -24.115007 -0.016695 139 69 19
-6.059922 -16.463496 0.862761 34 139 34
-12.074247 17.190169 0.126495 34 139 34
-9.014833 3.247505 -0.093865 139 69 19
-19.921134 -3.531703 -0.499802 34 139 34
-23.692500 -7.274183 0.357612 139 69 19
-0.358997 -11.382353 0.429010 34 139 34
0.631776 3.457584 0.623186 34 139 34
22.071231 -14.306289 -0.401770 139 69 19
13.027569 7.942570 -0.077149 34 139 34
14.070889 3.219900 0.125469 34 139 34
-10.230385 18.285368 0.360451 139 69 19
-20.239472 23.490738 -0.900651 34 139 34
22.814852 7.860027 0.667787 139 69 19
-6.850719 1.838865 0.332277 139 69 19
23.694833 -16.619810 0.893674 34 139 34
17.133862 -23.204284 -0.497203 34 139 34
-8.374343 1.205796 0.581796 139 69 19
-10.640985 -24.570325 0.223393 34 139 34
-23.329190 1.992938 -0.102611 34 139 34
22.068967 4.645028 0.247102 139 69 19
-21.448728 7.992190 -0.227068 34 139 34
-8.892822 14.853336 0.162484 34 139 34
17.482877 -3.203419 -0.259291 34 139 34
1.794560 17.493056 0.167414 139 69 19
-15.175709 -6.190903 1.088976 139 69 19
12.872305 -4.678134 -0.336487 34 139 34
12.691290 -19.485026 -0.911056 34 139 34
-21.319331 6.402998 -0.614381 34 139 34
-22.152037 -11.993683 0.287607 139 69 19
-23.367434 16.920172 -0.828800 34 139 34
0.980618 14.611943 0.061916 34 139 34
-12.188443 -4.251428 -0.040519 139 69 19
21.721654 1.346314 -0.646581 139 69 19
-17.751053 -4.031703 0.176615 34 139 34
-22.154741 -8.165898 1.002165 139 69 19
-15.810944 -17.365761 -0.779946 34 139 34
-9.865898 18.660236 0.367205 34 139 34
20.498164 7.565493 -0.175062 34 139 34
-16.264760 17.164212 0.119823 34 139 34
-15.248699 23.284360 -1.579949 34 139 34
-18.047094 -16.399790 0.086047 34 139 34
12.356199 -10.050529 1.025185 139 69 19
1.037267 18.521999 -0.738642 34 139 34
-7.057843 3.505427 0.215860 139 69 19
8.238825 21.525902 0.273572 34 139 34
-23.820832 24.899049 -0.194937 34 139 34
-21.418056 23.768551 0.732494 139 69 19
-21.812423 -17.294441 0.459292 139 69 19
19.639621 24.824048 -0.820310 139 69 19
-6.976817 11.071349 0.371754 139 69 19
15.006272 -16.610147 0.557790 34 139 34
-16.257769 -7.676291 -0.088020 34 139 34
-0.710601 0.672966 0.796595 139 69 19
-6.705355 3.529889 -0.027823 34 139 34
4.086140 5.936108 0.599358 34 139 34
-14.264180 -19.079332 -0.290546 34 139 34
-10.724840 -20.385440 0.455313 139 69 19
7.847766 -0.354502 -0.107820 34 139 34
-14.394271 -19.515503 0.579553 34 139 34
1.626478 18.974716 -0.479911 139 69 19
-1.723492 22.309598 0.282428 34 139 34
16.498191 21.350860 -0.211755 139 69 19
1.991205 4.697458 0.447150 34 139 34
6.759454 -22.586103 -0.402670 139 69 19
5.578279 -24.337702 -0.343347 34 139 34
-15.146259 11.499975 -0.084201 139 69 19
-9.803826 12.833362 -0.361031 34 139 34
20.015932 -21.687407 -0.028325 139 69 19
-11.880582 14.465035 -0.360396 139 69 19
-9.134591 21.161640 -1.068826 34 139 34
-12.377432 12.107546 0.443621 34 139 34
6.010818 20.357650 -0.370237 34 139 34
15.929280 11.937595 -0.044733 34 139 34
23.115468 14.578675 0.252391 34 139 34
4.689790 8.224591 0.276526 139 69 19
-18.656573 24.484050 -0.623835 34 139 34
13.756041 -3.496626 0.856138 34 139 34
-1.526808 1.444966 0.445964 34 139 34
-7.539279 4.618841 -0.098403 139 69 19
-20.210722 21.995284 1.005442 139 69 19
23.780574 -22.778460 -0.101561 139 69 19
15.725252 -0.264776 0.666865 139 69 19
-13.878296 4.961306 -0.138870 34 139 34
6.642932 -8.300749 0.688408 34 139 34
-4.690967 21.943497 -0.767118 139 69 19
6.627135 -17.961278 -0.842791 34 139 34
-13.298720 -14.772475 0.235361 139 69 19
-22.658453 15.429043 0.010855 139 69 19
4.033059 17.460525 -0.496886 139 69 19
-12.350922 20.620002 -0.821123 34 139 34
-13.418174 -21.903270 0.257455 139 69 19
5.489250 -14.113917 -0.367422 34 139 34
1.053885 -11.821222 -0.579255 34 139 34
7.917330 23.986039 0.388571 139 69 19
-4.930132 0.653961 0.075283 139 69 19
-14.170731 22.532323 0.462012 139 69 19
-7.780463 -5.497802 0.204791 139 69 19
-23.539541 -2.641708 -0.256688 34 139 34
-23.935858 21.288003 -0.425604 139 69 19
13.241968 17.019350 0.084851 139 69 19
0.181267 23.772518 -0.135082 139 69 19
20.477514 11.376266 0.556242 139 69 19
12.054661 21.937612 -0.073331 34 139 34
-22.954134 0.112319 0.337871 139 69 19
-24.870402 7.423120 -0.804197 34 139 34
20.090913 1.320851 0.612609 34 139 34
12.860518 -21.237168 0.053570 139 69 19
-21.241793 -22.172337 0.136999 34 139 34
21.326920 -21.171905 0.434226 34 139 34
7.204923 1.212960 0.514591 34 139 34
16.980991 9.956962 0.193784 139 69 19
-8.180245 -10.491610 0.216893 139 69 19
-24.107177 23.056522 0.089085 139 69 19
-13.694110 5.586941 0.008758 139 69 19
23.350316 18.471170 1.578242 34 139 34
-19.513739 12.926254 -0.307239 139 69 19
14.725001 6.466859 0.077263 139 69 19
-20.862640 -6.241952 -0.423328 139 69 19
21.693913 9.159197 0.377418 139 69 19
2.228623 -16.809323 -0.091467 139 69 19
10.198796 -3.361817 0.981115 139 69 19
-3.761013 24.327938 0.530022 34 139 34
5.938654 -4.576425 -0.482064 34 139 34
2.477870 23.662207 -0.622919 34 139 34
-13.193851 -5.268667 -0.711739 34 139 34
-12.557938 8.659436 0.187176 34 139 34
24.999864 2.096118 -0.322898 34 139 34
6.756960 -16.232486 -0.105388 34 139 34
17.281601 6.942699 -0.195073 34 139 34
10.533664 -1.687076 -0.115114 139 69 19
-5.857326 -0.166486 -0.167421 34 139 34
13.667473 14.724948 0.438932 34 139 34
17.989009 4.308547 -0.725438 34 139 34
-8.465129 -4.275757 0.518180 139 69 19
23.040037 -7.723973 0.573641 34 139 34
11.740297 -23.706330 -0.464903 139 69 19
3.424842 4.711998 -0.315278 139 69 19
5.048788 -13.590424 0.081668 139 69 19
-8.957687 0.611414 0.323476 34 139 34
-19.153115 -12.093318 -0.773254 139 69 19
11.733948 9.234201 0.092887 139 69 19
-15.699760 -16.650172 0.067445 139 69 19
8.470344 -18.374192 0.581199 34 139 34
10.672298 4.064425 -0.057679 139 69 19
20.484601 19.919897 0.342323 34 139 34
-17.803817 1.041952 0.075823 34 139 34
-22.131777 8.841274 0.386003 34 139 34
4.438525 -4.463011 -0.648725 34 139 34
21.236031 9.839110 -1.018552 139 69 19
-1.301728 2.247980 -0.522991 34 139 34
-19.327619 2.398667 -0.096124 34 139 34
-22.381119 -17.030498 -0.963711 34 139 34
22.750350 0.668857 0.101576 34 139 34
19.346365 -22.486070 0.840895 139 69 19
12.497899 13.549130 -0.514604 34 139 34
-23.000004 8.754808 0.625698 34 139 34
-15.646742 -12.458811 0.910728 34 139 34
20.991499 -18.762341 -0.143192 139 69 19
21.607911 -21.479275 0.164827 139 69 19
1.280742 16.296565 -0.189424 34 139 34
21.297033 -16.167438 -1.324361 139 69 19
-11.450537 -16.298814 0.031738 34 139 34
6.161485 -14.308896 0.179666 34 139 34
10.872782 -0.450652 0.786887 139 69 19
13.972065 -19.104594 -0.027346 139 69 19
23.465019 -7.954099 -0.194616 139 69 19
3.842449 -1.585824 0.605792 139 69 19
20.482375 -17.602984 0.820476 139 69 19
18.473544 10.883070 -1.027600 139 69 19
24.320882 9.614736 0.191308 34 139 34
-12.454760 19.384701 0.288885 139 69 19
5.321417 -20.491387 0.601665 34 139 34
-19.667550 10.236844 -0.344040 34 139 34
9.607372 11.577885 -0.359839 34 139 34
-13.136152 8.606589 0.052146 139 69 19
-14.616123 1.349752 0.397609 139 69 19
5.204441 -7.439995 -0.618840 34 139 34
21.854882 0.708899 0.105349 34 139 34
-3.060384 -20.319808 -0.152467 139 69 19
-0.993677 24.690458 -0.613754 139 69 19
3.389083 23.161263 0.572939 139 69 19
16.125648 11.752451 0.083039 34 139 34
-11.063703 12.277342 1.374964 139 69 19
3.867879 5.488824 0.289430 139 69 19
19.890182 -10.006255 0.538748 139 69 19
-8.225957 6.423798 -1.502694 139 69 19
11.780671 -12.325450 0.829555 34 139 34
-1.315741 -14.035479 0.775413 34 139 34
11.817654 -1.599519 0.149814 34 139 34
-22.410001 -23.162090 -0.528241 34 139 34
19.210600 0.130352 -0.136333 34 139 34
22.621435 12.175729 -0.177593 139 69 19
-3.536308 13.423648 -0.611441 34 139 34
-14.267436 14.930245 0.124041 139 69 19
-2.158864 3.496847 0.250134 34 139 34
21.216333 5.884428 0.562317 34 139 34
17.128940 -17.586272 -0.425519 139 69 19
5.019308 21.816303 0.785653 139 69 19
15.453831 3.879191 -0.143420 139 69 19
3.644267 19.618917 0.376329 139 69 19
-0.551926 3.528423 -0.303980 34 139 34
2.589665 -20.688938 -0.028786 34 139 34
-17.890155 9.286648 0.065095 139 69 19
24.706799 -13.867931 0.357344 139 69 19
24.664964 -1.058859 -0.413724 139 69 19
-11.341157 17.897580 0.542143 139 69 19
-24.473265 -22.028745 -0.078213 139 69 19
6.390323 -14.017508 -0.139149 34 139 34
-1.673076 11.045218 -0.071440 139 69 19
6.029544 -6.274814 0.053636 34 139 34
2.486089 5.100848 0.108824 34 139 34
-8.412665 -5.938394 -0.238472 139 69 19
0.681326 14.691337 -0.417450 139 69 19
-14.570358 -9.120186 -0.229733 139 69 19
-12.165570 13.015905 -0.842946 139 69 19
-0.872356 18.801985 0.406845 139 69 19
-6.339597 -9.104059 -0.703080 34 139 34
23.117026 11.106581 -0.398076 139 69 19
13.057557 -6.056320 0.065391 34 139 34
18.731860 -1.514785 -0.425702 139 69 19
-18.046429 -20.393663 -0.077947 139 69 19
-22.004925 -2.033637 -0.991730 34 139 34
-11.916584 3.011246 -0.230085 34 139 34
-21.640617 -22.214825 -0.017458 139 69 19
11.990708 12.836221 -0.449328 139 69 19
23.217249 11.983634 -0.151723 139 69 19
11.292288 18.766349 -0.211646 139 69 19
-11.426173 -8.990612 0.201833 34 139 34
14.502802 -17.284706 0.697512 139 69 19
0.364514 10.090279 0.626144 139 69 19
-1.443063 4.407700 1.001879 139 69 19
20.707182 6.186232 -0.049278 139 69 19
-1.051707 24.614892 -0.446881 34 139 34
-9.207344 -5.319710 -0.222812 139 69 19
-4.793499 -14.714944 -0.541801 34 139 34
23.338561 18.637506 0.156700 139 69 19
-20.230321 -23.347824 0.525666 139 69 19
-5.024780 23.552806 0.503887 139 69 19
-4.617660 -20.706916 0.482174 34 139 34
15.532343 -19.642982 -1.007934 139 69 19
-0.823168 -18.530556 0.553436 34 139 34
-19.137636 -13.060640 -0.004297 139 69 19
-0.351716 -24.996906 -0.563544 139 69 19
-16.722063 -9.952389 -0.230831 34 139 34
24.755471 19.234822 1.668337 34 139 34
12.830031 -2.616859 -0.225721 34 139 34
-23.367013 -13.210069 0.586044 139 69 19
-3.006574 -19.402921 0.543837 139 69 19
-0.546489 3.233701 0.180738 139 69 19
-15.420689 10.742608 0.665843 34 139 34
-18.706382 23.521042 -0.029358 139 69 19
13.122342 24.801311 -0.159062 34 139 34
7.012021 5.484258 -0.088743 34 139 34
17.511555 -22.670664 0.293924 34 139 34
0.513599 -10.919455 0.329112 34 139 34
4.491288 -14.676753 0.300332 34 139 34
-7.281631 16.259447 0.571186 34 139 34
-21.823251 -17.547945 0.480035 34 139 34
8.423810 -19.925602 -0.526231 34 139 34
-19.763677 16.399811 -0.008305 139 69 19
-2.801758 -1.477885 -0.641502 34 139 34
-8.091692 -12.423498 0.167810 34 139 34
-7.017590 18.783552 -0.771275 139 69 19
6.663463 23.259051 -0.153319 139 69 19
-12.320127 10.398118 0.391751 139 69 19
2.757436 20.818203 0.452155 34 139 34
-6.558835 5.072698 0.602736 139 69 19
-23.293906 8.753317 0.210092 139 69 19
-24.840526 11.087013 0.102232 34 139 34
-9.894394 -17.787223 1.153732 34 139 34
-3.147676 -18.962643 -0.789636 139 69 19
-13.118984 -1.701742 -0.317618 34 139 34
-14.724796 0.755414 -0.513700 139 69 19
4.266755 12.734785 0.805139 139 69 19
-10.957826 -1.150252 -0.066015 139 69 19
9.757903 -8.251693 0.544536 139 69 19
7.109874 -16.130409 0.713676 34 139 34
2.231554 -12.859379 0.772772 34 139 34
-12.351919 -20.524425 -0.099053 139 69 19
-13.219997 12.963709 -0.191788 139 69 19
10.441513 -14.881790 -0.282371 139 69 19
0.407103 -3.413162 -0.140313 34 139 34
0.976634 -0.774624 -0.015463 139 69 19
-12.907286 1.176389 -0.028337 34 139 34
19.808319 18.738179 0.182153 34 139 34
2.589503 7.912898 -0.164423 34 139 34
-8.578574 19.052099 0.796531 34 139 34
18.966678 -20.418623 -0.919356 139 69 19
2.232280 -13.627198 0.107815 34 139 34
-16.421994 13.110688 0.262981 139 69 19
-15.357908 11.429697 -0.329121 34 139 34
13.945731 23.250897 0.153078 139 69 19
13.127679 1.957541 -0.669392 34 139 34
-16.565427 15.841061 -0.451947 34 139 34
10.698707 -19.974953 -0.131428 34 139 34
-21.202188 16.996792 0.030900 34 139 34
11.637631 -5.051885 -0.844859 34 139 34
-11.917805 -5.529055 -0.090831 34 139 34
20.809728 3.253150 0.239124 34 139 34
6.690253 6.745469 -0.275946 139 69 19
-10.808258 -22.163167 -0.795977 139 69 19
-20.984704 -19.395478 -0.127977 34 139 34
6.346761 -10.579404 -0.756734 139 69 19
-3.180628 -14.428203 -0.787660 139 69 19
18.035981 16.834567 -0.224369 139 69 19
1.692507 -24.550390 0.040060 34 139 34
1.375639 -13.059570 0.128254 139 69 19
18.396928 -1.556706 -0.460213 139 69 19
-6.441380 -14.706915 -0.505912 139 69 19
-19.165383 -5.153231 0.108225 34 139 34
-1.630162 23.767290 -0.696029 34 139 34
-18.537524 -17.778360 -0.377510 34 139 34
19.935698 -6.223440 -0.232059 34 139 34
-14.605659 9.950970 -0.067046 139 69 19
-12.636700 -17.194743 0.741399 139 69 19
0.308189 4.711135 -0.535410 34 139 34
15.400735 13.739560 -0.679658 34 139 34
-2.894849 -21.564296 -0.526735 34 139 34
2.089236 -10.674176 0.294147 34 139 34
-14.775900 -16.732018 0.021060 139 69 19
-6.751944 8.955032 0.455838 34 139 34
17.114432 10.086763 0.368529 34 139 34
5.798324 -10.190740 0.128082 34 139 34
-23.957668 -15.436832 -0.445679 139 69 19
-23.530100 22.142538 1.131239 139 69 19
24.023075 -21.804490 1.296683 139 69 19
-20.365737 -22.587566 0.047998 34 139 34
23.176356 15.942552 0.497231 34 139 34
-16.481855 -16.112967 0.409506 34 139 34
-4.958010 -9.006897 0.130406 34 139 34
-3.548631 2.396760 0.147950 34 139 34
-15.219404 -24.827839 -0.139940 139 69 19
-8.763284 22.737736 -0.520709 139 69 19
6.194328 11.970267 1.133083 139 69 19
12.477563 -24.433895 0.446161 139 69 19
22.359645 -16.413739 0.077836 34 139 34
-21.568072 13.590656 0.265593 139 69 19
13.061601 -22.907251 0.345372 34 139 34
10.968693 -0.894076 0.442842 139 69 19
-15.074587 18.874300 -0.442879 34 139 34
17.683891 -24.864629 0.794722 139 69 19
24.743097 -7.188084 0.699837 34 139 34
-17.564366 9.504500 0.475275 34 139 34
19.762315 -14.235040 0.946104 34 139 34
-16.197115 21.750948 0.279177 139 69 19
18.018852 18.458388 -0.928477 34 139 34
19.190257 0.118448 -0.581355 34 139 34
18.300842 15.737179 0.152771 139 69 19
2.969470 24.140389 0.300050 34 139 34
-1.120863 -3.788509 -0.135102 139 69 19
2.973708 -1.777509 0.214399 34 139 34
-24.164567 21.942562 -0.799193 139 69 19
-12.364177 -5.283742 -0.368053 34 139 34
20.499502 11.235051 -0.299607 139 69 19
-9.568665 -17.429557 -0.060160 34 139 34
20.246047 -3.370592 0.206350 139 69 19
21.706867 17.307950 0.625181 34 139 34
20.614044 24.532085 0.522890 139 69 19
10.419664 -22.620119 0.859423 34 139 34
-18.188812 9.712831 -0.155511 34 139 34
-7.672253 -1.698792 0.473223 139 69 19
24.864527 -9.141097 -0.361213 139 69 19
8.777275 -19.487399 0.985769 139 69 19
2.534393 7.739558 -0.843933 139 69 19
2.008196 -21.064733 0.014939 34 139 34
-16.800246 -7.758148 0.002884 139 69 19
-8.161402 -21.301540 -0.477454 139 69 19
-19.259802 -23.722595 -1.037649 34 139 34
2.345958 8.247101 0.923418 139 69 19
2.066967 8.831184 -0.387364 34 139 34
3.826718 -9.789764 0.250089 34 139 34
5.660843 -7.374910 0.368765 139 69 19
7.317658 -14.343981 0.163898 34 139 34
19.491609 -3.512617 -0.517696 34 139 34
21.261219 -20.673917 1.127843 34 139 34
-19.329053 24.652263 -0.178186 139 69 19
8.511231 17.290376 -0.795734 139 69 19
-5.206548 -0.136535 -0.918222 139 69 19
-10.803498 -3.387072 -1.238179 34 139 34
-7.571001 -15.767573 0.663060 139 69 19
22.050378 -24.850035 -0.277696 139 69 19
17.385977 -11.568750 -0.581011 34 139 34
-4.610251 24.151363 -0.149631 34 139 34
23.139711 -7.565157 0.180296 139 69 19
11.143877 -18.607377 -0.169079 34 139 34
-23.027515 2.260566 0.297799 139 69 19
-13.712568 19.118431 -0.466074 139 69 19
5.166790 -6.024792 -0.196866 34 139 34
-14.480032 -20.302688 0.544557 139 69 19
-8.906799 -22.227207 -0.250395 139 69 19
-19.236406 18.755086 0.638052 139 69 19
9.715738 18.822874 0.480620 139 69 19
-19.653418 -23.424401 -0.351040 139 69 19
-24.781494 -17.382149 -0.125404 34 139 34
3.170601 -16.989400 -1.226579 139 69 19
-11.699978 1.960847 -0.171889 139 69 19
-11.130185 -15.650389 0.754402 139 69 19
0.370177 9.536594 -0.510591 34 139 34
-6.403864 -24.582712 -0.530045 139 69 19
-5.977366 24.010087 -0.063493 139 69 19
-0.280030 18.339829 -0.471231 139 69 19
3.339505 -18.828360 0.583409 34 139 34
-11.815198 23.635374 -0.058422 139 69 19
7.462519 -2.012314 0.980695 34 139 34
-17.713911 21.594239 0.887622 34 139 34
19.511328 -2.877111 0.081135 34 139 34
8.247039 9.492674 0.179137 34 139 34
-11.755443 8.097436 0.673281 139 69 19
3.326248 7.066275 -0.060222 139 69 19
19.924611 -3.280006 -0.332779 34 139 34
-4.200432 12.545252 -0.447885 139 69 19
6.389473 -7.074772 0.600647 34 139 34
-11.863825 -4.479200 -0.012005 139 69 19
-19.205548 24.562079 0.143871 34 139 34
-2.023100 16.458075 0.459002 34 139 34
13.756636 4.063803 -0.644043 139 69 19
16.162223 23.866507 -0.433140 139 69 19
20.133867 9.721049 0.630586 139 69 19
10.442981 14.585786 -0.202095 139 69 19
10.556813 -22.941705 0.325181 139 69 19
13.679758 -1.947256 -0.681378 139 69 19
-14.670982 12.006186 -0.185482 34 139 34
-9.760323 13.247818 -0.046711 34 139 34
-8.604239 19.686449 0.152761 34 139 34
6.254656 12.011493 -0.126909 139 69 19
14.047390 -15.392289 -0.914488 139 69 19
15.064602 4.095198 0.767503 139 69 19
-13.540253 -0.039534 -0.627383 34 139 34
-1.880477 -19.992372 0.062460 34 139 34
10.772178 9.112317 0.303652 139 69 19
-1.555451 1.032078 0.000135 139 69 19
7.122052 -4.662968 0.890315 34 139 34
12.008290 -21.658873 0.187917 34 139 34
-3.908533 -0.474131 0.622815 139 69 19
0.222085 -23.133664 0.125028 34 139 34
-3.817186 3.995991 0.220966 139 69 19
12.989170 15.572152 1.317814 34 139 34
-15.661551 14.690170 0.222909 139 69 19
-4.151826 20.460584 -0.228870 139 69 19
-8.162283 6.347149 -0.191574 34 139 34
-9.952706 14.167794 0.208813 139 69 19
7.647431 -23.189150 0.967135 34 139 34
3.870551 24.637125 0.014897 139 69 19
24.464231 19.642897 -0.497509 34 139 34
-6.829178 -24.075859 -0.594546 34 139 34
18.697387 -9.324602 0.381702 139 69 19
-21.404767 -14.946620 -0.414823 34 139 34
1.933238 -15.312939 0.741279 139 69 19
-4.903705 5.391946 -0.312861 139 69 19
3.435593 -15.051698 -0.442529 139 69 19
-13.370419 1.997847 -0.162441 139 69 19
3.610704 -11.385064 0.263118 139 69 19
11.645713 -23.126725 -0.391024 139 69 19
-15.047926 9.753143 0.164858 34 139 34
-5.743780 -15.587978 0.111377 139 69 19
-20.884483 -22.585091 -0.617905 34 139 34
11.242336 23.573851 -0.420409 139 69 19
6.975558 -3.477600 -0.045592 34 139 34
-15.802032 -14.463286 -0.636897 34 139 34
19.490105 -2.504130 -0.200886 139 69 19
-14.042197 3.075012 -0.467015 34 139 34
17.335149 -20.332267 -0.095531 34 139 34
-17.063202 -17.833735 -0.402709 34 139 34
-18.558391 -13.298052 0.651676 34 139 34
-5.014828 13.485363 -0.163362 139 69 19
-14.241295 18.253111 -0.586395 34 139 34
-10.260596 -5.409187 0.060068 139 69 19
-4.100509 -18.023860 -0.581203 34 139 34
7.569139 5.348467 0.124749 34 139 34
-20.194426 0.003072 0.714083 34 139 34
-20.605157 -0.356448 0.378255 139 69 19
-23.187825 -3.578312 -0.512291 34 139 34
14.449147 5.279570 0.297581 139 69 19
17.674233 2.117139 0.407053 34 139 34
-21.454152 5.488264 -0.828790 34 139 34
-24.916379 -0.794822 0.032980 139 69 19
23.946891 -20.282726 0.493197 139 69 19
-17.776364 23.063036 0.292547 34 139 34
-14.306338 3.040920 -0.317815 34 139 34
-21.289030 13.577702 0.596774 34 139 34
-23.147334 -0.365175 0.557153 34 139 34
18.482765 18.203900 -0.425514 34 139 34
-11.173186 17.510592 0.334189 34 139 34
9.468284 17.398508 0.099637 34 139 34
-11.005050 8.177493 0.212633 139 69 19
-19.639598 18.809062 -0.284285 139 69 19
-7.246276 -18.555103 0.739083 34 139 34
8.633510 -15.218236 0.393475 139 69 19
-16.549824 10.492353 -0.628636 139 69 19
-13.842212 24.142992 0.414656 139 69 19
-22.962373 1.293535 -0.502281 34 139 34
10.523741 12.553286 0.649873 34 139 34
-3.699054 24.243595 -0.418354 34 139 34
21.891260 15.703630 0.654219 34 139 34
-3.221464 18.951511 -0.470108 139 69 19
-14.792993 -2.057940 -0.119056 139 69 19
-24.964205 -17.839826 -0.226241 34 139 34
13.919592 -14.537836 -0.085345 139 69 19
-10.321391 -24.759283 -0.342972 34 139 34
-18.834920 -20.301959 0.016411 139 69 19
-4.503636 14.963461 0.870173 139 69 19
-17.457261 20.549912 0.564360 139 69 19
14.504711 -24.115862 -0.038940 139 69 19
21.682475 11.404402 -0.812072 139 69 19
18.309169 -22.938779 0.520413 139 69 19
-16.585212 -14.483945 -0.656890 139 69 19
17.909987 -3.207677 0.192840 34 139 34
-9.627500 -11.417166 -0.704092 139 69 19
15.448520 -11.255707 0.091375 139 69 19
-12.270266 9.432900 0.503989 139 69 19
-14.769287 -17.982704 -0.208458 34 139 34
11.119403 -8.080564 0.910724 139 69 19
-14.313557 -17.103581 -0.336989 139 69 19
-10.695987 2.744608 -0.308491 139 69 19
5.752745 6.308851 -0.502863 139 69 19
-17.087132 22.876605 -0.072291 139 69 19
-1.558604 16.239174 -1.024984 34 139 34
13.678093 3.024183 0.310820 34 139 34
10.927182 -14.221415 0.502537 34 139 34
-3.235295 12.187253 -0.497131 34 139 34
-10.917860 -20.045454 0.260612 139 69 19
-3.288718 6.778487 0.313478 34 139 34
13.832605 -18.367058 -0.537781 139 69 19
-18.913876 -1.378151 0.604744 139 69 19
-4.596775 8.167034 0.505293 139 69 19
5.436621 20.487364 0.449121 139 69 19
17.479754 -23.301452 0.135876 34 139 34
0.265899 11.250034 -0.146137 34 139 34
14.581164 16.868140 -0.104322 34 139 34
-6.907851 20.824329 0.132930 139 69 19
-8.566605 -8.231751 -0.911289 139 69 19
0.280384 24.608047 -0.167565 34 139 34
16.433794 9.697248 -0.283007 139 69 19
-22.926999 7.207260 0.814114 34 139 34
-4.098813 14.069276 -0.080621 34 139 34
2.695463 -15.042333 0.403681 34 139 34
-1.880051 -10.714061 -0.026600 34 139 34
-9.605086 -15.355763 -0.781558 34 139 34
-10.817948 5.814837 1.199073 139 69 19
2.015373 -11.419941 0.210348 34 139 34
7.225615 -18.227553 0.295551 34 139 34
6.910652 24.576878 -0.306327 139 69 19
-21.753358 2.305618 -0.673103 34 139 34
-23.199761 9.495553 0.178753 139 69 19
-10.511499 24.637029 0.445905 34 139 34
6.302294 5.355080 -0.495272 34 139 34
0.616487 3.250017 0.889224 139 69 19
-8.890832 -24.054165 -0.294980 139 69 19
-7.078631 21.752046 -0.210043 139 69 19
-17.790549 13.506201 0.137056 34 139 34
-5.144910 11.559231 0.383358 34 139 34
-5.810974 -8.603956 -0.872688 34 139 34
21.412780 -22.444276 -1.106382 139 69 19
14.078309 -22.759022 -0.224074 34 139 34
-20.994062 -17.321859 -0.242521 139 69 19
-19.758578 16.196023 -0.404851 34 139 34
6.829980 4.472475 -1.133465 139 69 19
12.720014 -20.954202 0.051626 34 139 34
20.527592 -4.535064 0.059544 139 69 19
-11.299539 -19.804463 0.114337 139 69 19
18.119798 -23.527009 -0.478089 139 69 19
11.615036 7.218696 0.160031 139 69 19
-22.622799 -6.630167 0.639098 139 69 19
6.545937 -16.880456 0.640549 34 139 34
23.516930 4.391789 -0.090325 139 69 19
-9.653732 4.441826 -0.258233 34 139 34
-13.396462 -22.378442 0.405271 139 69 19
-21.968685 -8.604884 -0.015884 139 69 19
-12.957562 11.109869 0.002704 34 139 34
18.042964 -7.321899 0.789575 34 139 34
-16.700270 -7.060843 0.342383 139 69 19
-21.214636 -16.552471 0.854235 139 69 19
-4.356636 -7.944296 -0.015643 34 139 34
-9.677491 21.729450 0.002739 34 139 34
8.573295 23.472117 -0.292307 139 69 19
-1.734522 -9.972826 -0.886525 34 139 34
2.061209 -20.235028 0.338562 139 69 19
18.234787 -24.261669 0.002160 34 139 34
-13.540448 -19.113899 0.632605 139 69 19
4.183371 10.191821 1.092255 34 139 34
6.163293 -5.288204 -0.553144 139 69 19
-6.813332 -8.030043 0.079452 34 139 34
0.924946 -6.300157 -0.633848 34 139 34
-22.057892 20.445238 -0.538826 34 139 34
-11.697194 16.380196 -0.530731 34 139 34
-3.967922 -1.301230 -0.231177 139 69 19
-10.869868 -3.858966 0.372947 139 69 19
-6.201674 16.480576 -0.586640 139 69 19
-17.224225 -3.208309 -0.057485 139 69 19
-7.464539 -4.778782 0.723387 139 69 19
6.039136 -20.278788 0.414842 34 139 34
10.641227 5.563417 -0.755189 139 69 19
-20.383887 -20.402643 0.129831 34 139 34
-5.855805 17.788718 0.158626 139 69 19
6.416295 9.755878 0.126157 139 69 19
-22.787320 20.635252 0.356318 34 139 34
7.246843 -8.303447 0.726718 34 139 34
-22.521392 23.595963 -1.154500 34 139 34
-19.586367 11.440537 -0.947931 34 139 34
11.345853 -23.213115 -0.166853 34 139 34
-6.181168 -22.512928 -0.399858 139 69 19
-14.260735 -10.047232 0.718616 139 69 19
-24.498860 2.274745 -0.987502 139 69 19
4.540177 5.072453 0.029758 139 69 19
20.143143 -12.397220 0.491533 139 69 19
-4.936683 -15.605068 -0.224550 139 69 19
-15.778876 21.698089 1.040886 139 69 19
-13.861047 -19.496539 -0.227485 34 139 34
20.570915 -6.366152 -0.088405 139 69 19
17.828057 -11.148725 -0.060607 34 139 34
19.575003 9.543409 -0.268153 34 139 34
18.949364 -4.876926 0.010391 34 139 34
23.945762 14.593159 -0.957207 34 139 34
-15.893595 11.483484 0.036493 139 69 19
-8.608312 -9.943647 -0.480751 34 139 34
-3.201771 11.058332 -0.605808 139 69 19
-20.945885 -10.716694 -0.941428 34 139 34
-23.622792 9.983198 0.696755 139 69 19
19.959881 8.567941 0.079716 139 69 19
-1.443646 15.889776 0.714653 139 69 19
7.519902 -12.351332 -0.111504 139 69 19
18.249352 -3.110895 0.788470 34 139 34
-19.190834 10.589925 -0.139440 139 69 19
9.765255 -12.207933 0.506481 34 139 34
16.138024 -23.143850 -0.232197 139 69 19
-1.830247 -13.433207 0.892830 34 139 34
2.602817 20.506390 0.093704 139 69 19
-19.874347 17.851334 -0.769025 139 69 19
-12.152006 7.332234 -0.520506 34 139 34
11.689338 17.158041 -0.085187 34 139 34
5.163816 -11.935290 -0.218894 139 69 19
-20.197060 9.416972 0.241003 34 139 34
22.442824 21.748181 0.705755 139 69 19
14.940774 -24.986290 -0.294196 139 69 19
-13.528954 -14.875434 0.920324 34 139 34
10.269838 -5.571895 0.128326 139 69 19
-16.143771 21.478994 -0.402000 139 69 19
-20.370912 -8.248607 0.067577 34 139 34
-15.932778 -14.782113 0.679650 34 139 34
23.506231 8.105260 -0.267142 34 139 34
-20.590915 -12.410210 -0.027997 34 139 34
24.064708 10.457768 0.473430 139 69 19
-17.775557 -1.522068 0.171913 34 139 34
-6.195892 -5.497703 -0.269973 139 69 19
15.940726 7.790369 -0.603498 34 139 34
23.068900 4.229475 0.660911 139 69 19
1.579378 -10.561883 -0.309674 34 139 34
2.890696 -6.461737 0.173104 34 139 34
-6.578760 -10.274822 0.719968 139 69 19
21.683859 -17.359419 -0.009536 34 139 34
-20.230086 20.041897 -0.294700 34 139 34
5.142315 12.527112 -0.195721 139 69 19
19.050678 -18.987723 -0.213211 34 139 34
-4.241557 -3.057410 -0.065148 139 69 19
-10.633035 20.750386 0.488941 139 69 19
-8.420250 -4.309537 -0.182097 139 69 19
-12.638889 -23.420176 0.306134 34 139 34
-8.333600 16.481151 -0.304099 34 139 34
10.359669 -5.782739 -0.363536 139 69 19
7.528244 8.575555 0.655560 139 69 19
19.382461 13.295901 0.289875 34 139 34
-8.838127 -0.828056 -0.432555 139 69 19
1.144436 -0.197429 0.230658 139 69 19
-9.284970 14.098086 -0.077371 139 69 19
12.142814 16.872217 0.385237 34 139 34
8.635180 7.167689 0.041157 34 139 34
-24.616792 -21.784145 -0.859177 34 139 34
-16.271097 -3.811846 -0.472907 139 69 19
-0.128595 -10.329890 -0.128742 139 69 19
-3.244291 0.718660 0.063595 139 69 19
11.070657 -10.530446 0.267798 139 69 19
21.008645 13.430187 -0.468028 139 69 19
-24.266712 -20.982846 0.203694 139 69 19
-18.518630 6.749513 -0.339061 139 69 19
0.059523 6.612099 -0.758311 34 139 34
9.593599 18.380184 0.271825 139 69 19
-18.291372 -22.291563 0.552650 34 139 34
22.141530 -13.111099 0.237600 139 69 19
18.261645 16.502355 -0.178783 139 69 19
2.498570 -9.367558 -0.436882 34 139 34
20.551142 -11.817487 -1.122282 139 69 19
7.228985 8.652555 0.002970 139 69 19
-11.747394 19.105196 -0.791772 139 69 19
21.287257 -10.055231 0.283127 34 139 34
-7.031001 13.760227 0.338125 34 139 34
15.499299 6.956556 0.419151 139 69 19
19.080115 -8.273164 -0.127207 34 139 34
-15.203143 4.282321 0.651354 34 139 34
-0.978889 -11.801662 -0.153326 139 69 19
18.560367 -9.656321 0.129021 139 69 19
22.689134 4.410358 0.394369 34 139 34
-21.494669 -4.082822 0.101258 139 69 19
-0.533319 2.372968 -0.407047 139 69 19
-21.336163 -22.183656 0.145928 139 69 19
-15.480705 13.990590 0.279810 139 69 19
13.918993 8.655894 -0.636366 139 69 19
-12.984149 5.076887 -0.812078 34 139 34
-22.763676 23.175751 0.415369 139 69 19
1.325413 1.153246 0.444464 34 139 34
11.760939 18.648331 0.103773 34 139 34
-2.982216 -23.301333 -0.243886 139 69 19
14.721298 -10.867532 -0.138176 34 139 34
7.236207 2.485416 -0.166453 139 69 19
-7.312239 12.021449 -0.421202 34 139 34
-20.860361 14.715810 0.186184 139 69 19
-15.740852 -3.644100 0.058527 34 139 34
23.110112 -18.058798 0.161407 34 139 34
-17.751633 -18.775023 -0.086290 34 139 34
-8.198266 -12.737148 -0.272300 34 139 34
-12.062176 8.265424 0.413567 34 139 34
-1.910663 -3.349546 -0.092540 34 139 34
13.463106 -12.419579 -0.244730 139 69 19
-22.489802 10.730354 -0.001381 34 139 34
5.628955 -14.822892 0.762796 34 139 34
-6.145991 -3.205800 0.043541 139 69 19
-18.000726 14.992645 1.151013 139 69 19
-3.767047 20.982012 -0.089733 139 69 19
-6.720748 -21.340167 -0.148141 34 139 34
-16.186265 17.681677 0.888288 139 69 19
-17.182593 12.474628 0.098356 139 69 19
4.195272 21.397464 -0.049977 139 69 19
23.305542 -10.852415 0.405215 139 69 19
21.622708 -14.363907 -0.144503 139 69 19
1.206527 19.226116 -0.787548 139 69 19
-20.341664 -20.380979 -0.260995 139 69 19
9.499340 6.648930 -0.423293 34 139 34
-6.772185 -22.915997 0.631202 139 69 19
-21.649129 21.080467 0.552803 139 69 19
10.524734 -17.141438 0.326432 34 139 34
23.189689 16.948112 -0.409873 139 69 19
-7.315921 -22.868452 0.188747 34 139 34
3.336742 -8.472433 0.127513 34 139 34
21.940751 5.597578 -0.171316 34 139 34
13.922630 -6.922278 0.009609 34 139 34
-0.247996 22.714395 -0.606843 34 139 34
8.290043 -1.101992 -0.608671 139 69 19
3.900424 6.372876 -0.368212 34 139 34
-9.020707 15.920949 0.012262 139 69 19
-12.259725 15.281664 0.713284 139 69 19
19.091045 -6.329424 -0.095484 139 69 19
-4.128117 -5.856920 0.489700 34 139 34
-17.237938 -4.688212 0.272186 34 139 34
20.563046 19.938079 0.784634 34 139 34
-22.152591 -0.843911 0.107592 34 139 34
-8.354356 0.335179 -0.270262 139 69 19
14.291806 -5.822179 -0.255693 34 139 34
20.488328 -0.226330 -0.381676 139 69 19
-2.572162 11.165218 0.614793 139 69 19
-12.419182 19.591310 -0.004546 139 69 19
9.385697 23.665072 -0.535818 34 139 34
-21.084426 -15.093984 0.029433 139 69 19
13.065590 -17.318206 -0.430422 139 69 19
-13.400910 5.608041 -0.099719 139 69 19
21.250304 2.516609 0.360963 139 69 19
20.688494 12.971302 -0.001430 139 69 19
7.022209 18.044275 0.214800 34 139 34
1.316255 8.205204 0.012265 139 69 19
10.591423 12.566458 -0.924349 139 69 19
-12.932083 0.963503 0.520743 139 69 19
24.803008 3.523624 0.302153 139 69 19
-4.731618 -23.383025 -0.076595 139 69 19
-10.835152 -14.072915 -0.790651 34 139 34
-23.590902 -15.433735 -0.324398 139 69 19
-23.751900 -9.097853 -0.062731 139 69 19
-11.118948 5.446335 1.219550 139 69 19
-4.858630 -1.328657 -0.739787 34 139 34
-24.567993 7.398988 0.823363 34 139 34
23.754625 4.023325 -0.133799 34 139 34
11.550678 -23.556520 -0.121699 34 139 34
4.937259 3.517743 0.202943 34 139 34
-4.278758 -16.578156 -0.797815 139 69 19
17.329328 7.575964 0.363809 34 139 34
-10.730081 -3.806937 0.457636 139 69 19
-4.086283 15.448750 -0.299621 34 139 34
10.175726 2.610127 0.298860 139 69 19
3.256286 9.672685 0.090756 139 69 19
1.711550 -5.443829 0.789323 34 139 34
10.964793 4.554929 0.096539 34 139 34
6.291813 16.022833 0.203001 139 69 19
-24.017793 -18.253337 -0.365179 139 69 19
-0.800937 -23.340036 -0.929980 139 69 19
-15.454280 -2.871443 -0.482597 34 139 34
12.531512 -24.383892 -0.846134 34 139 34
-2.486981 -15.071486 1.011013 139 69 19
-8.296615 -20.675836 -0.649571 34 139 34
-1.441253 -19.860209 0.027101 34 139 34
-17.194205 20.060952 -0.158725 139 69 19
-14.092551 0.279241 -0.431840 139 69 19
0.459757 3.944883 0.204791 139 69 19
-2.545698 -18.476503 -0.765266 139 69 19
16.647233 6.857740 0.044346 34 139 34
-7.592368 11.449248 0.048430 139 69 19
0.404710 17.301520 -0.364299 34 139 34
-2.916621 -21.822916 -0.004288 139 69 19
6.830924 21.313658 -0.258269 34 139 34
-20.852439 10.238501 1.055106 139 69 19
-9.216862 1.059134 -0.755679 34 139 34
-9.414224 15.093907 -0.536769 139 69 19
23.738448 8.723799 -0.144344 139 69 19
19.245907 -18.993140 -0.742612 34 139 34
9.608926 -0.382148 -0.551187 139 69 19
-23.798757 -0.656765 -0.422478 34 139 34
-17.550350 20.516444 0.987088 34 139 34
-9.545478 7.209871 0.002180 139 69 19
-4.008656 -20.090307 0.042639 139 69 19
13.960867 4.645531 0.125304 34 139 34
17.280239 -17.452841 1.186587 139 69 19
23.791728 21.980994 0.150158 139 69 19
-3.882275 -18.964411 -0.420638 139 69 19
-13.536853 9.872499 0.008693 34 139 34
14.507214 22.926842 -0.240456 34 139 34
-9.991125 17.398110 0.209588 34 139 34
-14.684235 5.755211 0.388913 139 69 19
-0.921031 20.171100 -0.532629 139 69 19
16.536854 22.038523 -0.271312 139 69 19
-7.763374 -12.325879 -0.225418 34 139 34
19.828934 13.013796 -0.177224 34 139 34
-4.252826 21.520287 -0.678035 139 69 19
17.552608 9.894350 -0.284126 34 139 34
-20.497721 -21.558128 -0.096761 139 69 19
-4.797658 -11.062478 -0.290399 139 69 19
-22.410487 22.523314 -0.403231 139 69 19
8.809014 6.194483 -0.531775 34 139 34
5.882553 23.010529 1.279788 139 69 19
-24.438002 -22.335827 -0.276411 139 69 19
-2.223716 13.573498 0.761177 139 69 19
-12.261425 18.139431 -0.310466 34 139 34
-17.689882 16.234744 0.232519 34 139 34
15.245939 -20.281325 -1.015352 139 69 19
-10.511764 -21.538632 -0.084289 139 69 19
-15.541660 7.961258 0.100313 34 139 34
17.334379 -5.422052 0.148245 139 69 19
-20.439212 -19.211647 -1.001368 34 139 34
-8.291880 15.081766 0.685368 34 139 34
-7.509409 -22.877314 -0.029786 34 139 34
17.766700 9.613934 -0.290244 34 139 34
-6.593343 0.956327 0.202138 34 139 34
1.190054 -9.517629 -0.548867 139 69 19
15.483973 5.649448 0.576243 139 69 19
9.193469 -0.781294 0.016623 139 69 19
7.712502 12.416120 0.588115 139 69 19
22.835339 -19.623721 0.675029 34 139 34
-1.757557 -16.746364 0.342909 139 69 19
-14.089926 23.108203 0.340600 139 69 19
-13.877447 -19.022149 -0.675044 139 69 19
4.440452 14.417914 -0.698513 34 139 34
12.965925 14.609649 -0.664892 139 69 19
-20.759181 7.427801 -0.617635 139 69 19
-17.542675 6.407201 0.142244 139 69 19
5.817684 10.460193 0.589067 34 139 34
24.152780 -2.300159 0.014357 34 139 34
-17.142479 -9.990852 0.103561 34 139 34
2.288913 14.059162 0.450803 34 139 34
9.634884 15.569813 -0.609984 34 139 34
-1.560160 -18.538501 -0.749886 139 69 19
-22.352829 -9.929335 -0.098175 34 139 34
13.484646 -7.383130 -0.184062 139 69 19
24.345425 13.538141 0.088356 34 139 34
-4.991674 -9.878135 0.385884 34 139 34
-6.003351 -17.027202 0.257234 34 139 34
-12.207471 -23.146514 0.603989 139 69 19
-1.622603 12.046320 -0.200920 34 139 34
8.378443 7.587278 0.366601 34 139 34
9.511488 -4.696481 1.099180 139 69 19
-1.985332 4.069755 -0.767448 139 69 19
-17.526465 -15.860479 0.671861 34 139 34
5.303828 1.182275 0.161002 34 139 34
-24.037906 21.817049 -0.295557 139 69 19
-23.347205 9.058139 -0.026966 34 139 34
21.568009 2.593454 -0.174403 34 139 34
-11.509215 -18.336973 -0.722919 34 139 34
1.129657 -3.990173 -0.183301 34 139 34
5.220927 -0.999121 0.963775 34 139 34
6.085425 -18.084622 -0.407620 139 69 19
-16.397495 17.322079 -0.559917 34 139 34
15.578296 22.041448 0.270907 34 139 34
15.815239 16.298698 -0.276690 139 69 19
-10.537698 2.328982 0.230275 139 69 19
23.324992 0.385832 0.322162 34 139 34
5.750790 -13.496385 0.041202 34 139 34
-3.661931 13.869327 -0.488492 34 139 34
1.824140 -16.530971 0.105393 34 139 34
-11.123750 -9.486695 -0.576693 139 69 19
-1.254759 -1.937446 0.152174 139 69 19
5.617604 -15.781186 0.260113 139 69 19
15.591204 22.136643 0.506765 34 139 34
11.508995 -19.785643 -0.822941 139 69 19
11.120481 -15.773377 -0.401628 34 139 34
-9.803017 10.042543 0.013687 34 139 34
10.961923 17.693429 -0.734329 34 139 34
-12.486434 -21.791591 -0.954694 139 69 19
-4.489338 2.907916 -0.651584 34 139 34
-0.304492 22.053058 -0.296960 139 69 19
8.420731 -13.378296 0.552287 139 69 19
-20.681894 -18.768559 -0.832527 139 69 19
-0.037748 -15.723672 -0.434668 139 69 19
1.571433 -8.878353 0.380768 139 69 19
8.580985 -3.218245 -0.450463 34 139 34
11.822935 -14.158753 0.133541 34 139 34
3.148854 -6.495698 -0.035192 34 139 34
11.833212 -0.920303 0.407064 34 139 34
21.910478 24.373331 -0.822977 34 139 34
-3.713122 -16.266352 0.535032 139 69 19
12.229063 -14.316144 -0.882272 139 69 19
-6.036354 6.873080 -0.259343 139 69 19
-15.469333 -18.377531 -0.059699 34 139 34
17.043622 -4.186120 -0.013751 34 139 34
-0.385550 1.017213 -0.701904 139 69 19
-4.255267 -7.180205 -0.149671 34 139 34
-15.600904 -1.607859 -0.241276 34 139 34
12.403784 -17.755798 0.407395 139 69 19
-4.883252 18.693097 -0.499826 139 69 19
12.164482 8.716791 0.956952 139 69 19
-16.905759 0.818285 -0.396774 139 69 19
-15.894240 22.240623 -0.191522 139 69 19
-1.878463 -12.834642 0.917291 34 139 34
20.822449 5.840454 0.008748 34 139 34
0.533878 -7.029264 0.144120 139 69 19
23.543055 -14.106148 -1.333967 34 139 34
2.319332 -17.596701 0.055085 34 139 34
3.500544 -3.884091 0.608341 139 69 19
24.336811 17.424282 0.562999 139 69 19
20.948022 18.562464 -0.332807 34 139 34
7.123088 18.139620 0.151023 139 69 19
-18.114269 -17.812597 0.315604 139 69 19
16.984369 11.107861 -0.286249 34 139 34
-15.190023 24.879093 -0.258430 139 69 19
16.789712 -8.858386 0.438895 139 69 19
2.707094 -4.614491 -0.772928 34 139 34
-1.056997 -10.926293 -0.204181 34 139 34
-18.990033 -3.764906 -0.277710 139 69 19
15.909660 7.242286 -0.619848 34 139 34
17.828928 3.101553 -0.536114 139 69 19
16.659325 -24.927353 -0.234906 34 139 34
-0.952888 17.035269 -0.059252 34 139 34
16.771646 9.776099 0.000164 139 69 19
-17.448577 -14.773030 -0.745747 34 139 34
-16.879944 20.368548 0.976027 139 69 19
22.417372 -19.387216 0.437404 139 69 19
-23.248175 -22.919355 0.295908 139 69 19
-23.069643 1.980347 0.701352 34 139 34
-2.723066 7.378133 0.313973 34 139 34
17.168062 -23.994747 -0.536351 139 69 19
-0.179551 0.326894 0.249722 34 139 34
0.835844 14.891285 0.635285 34 139 34
-9.999332 0.021978 0.612091 34 139 34
1.144803 -15.508896 -0.441225 34 139 34
-19.057809 20.046740 0.700274 34 139 34
-9.596991 -20.613432 0.153926 139 69 19
8.194778 -8.252032 -0.101532 139 69 19
-7.561173 -10.301288 -0.295634 139 69 19
-11.930505 -21.388307 0.888610 139 69 19
6.412264 1.475844 -0.175338 139 69 19
22.111960 -17.712332 0.048639 139 69 19
-16.400216 -6.235091 0.134602 139 69 19
11.561090 6.880797 -0.997010 34 139 34
-13.171946 -13.715648 0.062085 34 139 34
3.442758 9.662164 -0.168271 139 69 19
7.884837 -5.605645 -0.535136 139 69 19
12.354982 9.730875 -0.040862 34 139 34
17.739595 12.980389 0.303376 139 69 19
22.284266 16.324725 -0.083584 34 139 34
-9.782725 -11.113377 0.073356 139 69 19
-7.735991 -0.322167 -1.156964 34 139 34
12.652441 -20.292569 0.696982 34 139 34
23.872258 -15.908052 -0.194888 34 139 34
-13.266335 -22.596079 -0.108871 34 139 34
-10.514526 -7.753965 -0.046772 139 69 19
-23.208744 1.283342 0.577773 139 69 19
1.941233 -5.741259 0.339312 34 139 34
-5.614371 20.829878 0.361863 34 139 34
-6.226126 24.066939 0.590306 139 69 19
-2.143010 15.497952 0.339536 34 139 34
-22.337979 -4.461463 -0.827102 34 139 34
14.009977 -11.105193 0.366857 139 69 19
21.625020 3.629683 -0.470138 34 139 34
12.645197 -12.227840 -0.357980 34 139 34
2.684797 -6.279023 0.326460 34 139 34
-19.230959 19.657767 0.152888 139 69 19
20.844818 -16.856740 0.363526 139 69 19
-8.738117 -7.725436 -0.545348 34 139 34
-9.767180 12.843828 -0.800713 34 139 34
-20.129240 -13.024183 -0.592095 139 69 19
-24.594746 11.469597 0.490481 34 139 34
2.952709 -22.206470 -0.219092 34 139 34
-23.915824 3.024605 0.086937 34 139 34
-17.121673 -19.843984 0.083150 139 69 19
-16.168487 9.354285 0.676812 34 139 34
18.378023 -21.004414 0.273292 34 139 34
-17.464174 5.453676 0.072888 139 69 19
-18.741960 17.357768 0.064465 34 139 34
-10.757544 22.592282 0.207009 139 69 19
-16.598712 19.942440 -0.430881 34 139 34
-1.439275 -17.842366 -0.359778 34 139 34
-1.546716 22.160192 0.049231 139 69 19
20.456083 -15.260016 -0.260774 34 139 34
13.947353 -9.510208 0.805886 139 69 19
18.681062 15.228899 -0.206204 139 69 19
-2.795708 -14.631186 -0.173291 34 139 34
-20.224029 -10.296174 -0.196834 139 69 19
-17.532764 23.165618 0.037111 139 69 19
-14.361346 -10.420377 0.469659 139 69 19
16.264117 1.234560 -0.812813 139 69 19
-4.542076 22.681373 0.690339 34 139 34
-16.987076 13.983012 0.029224 34 139 34
12.370388 4.317529 -0.129267 139 69 19
21.223417 19.145825 0.701871 139 69 19
10.575860 19.529443 0.229852 34 139 34
-17.220831 -0.495424 0.220529 139 69 19
-7.072376 -5.815775 0.276046 139 69 19
-4.997058 -6.213887 -0.156456 139 69 19
6.433825 -17.617690 0.376012 139 69 19
-13.159524 8.274041 0.810940 34 139 34
16.667811 19.494595 -0.506585 139 69 19
21.771872 11.795564 0.243642 34 139 34
-23.682540 -5.227784 -0.026036 139 69 19
10.341374 -0.189354 0.238970 34 139 34
-17.183435 10.817863 -0.485357 139 69 19
18.339936 0.569771 0.666033 34 139 34
-17.063662 1.937159 0.392908 34 139 34
-11.481711 20.543138 0.120765 34 139 34
-14.337721 -13.183260 0.536437 34 139 34
-15.207398 -16.593915 0.486847 34 139 34
8.939633 21.085114 1.349866 139 69 19
15.490446 21.154122 -0.433102 139 69 19
15.819637 -9.427957 -0.572610 34 139 34
-4.631720 22.714955 -0.447770 34 139 34
24.315491 23.028749 -0.838536 34 139 34
1.957449 -13.317249 0.434461 34 139 34
0.434228 19.755374 0.335048 34 139 34
6.752802 9.826741 0.313532 34 139 34
11.761753 -10.358208 -0.916614 34 139 34
-1.634752 4.222871 0.367884 34 139 34
-23.161585 -8.932327 0.043614 139 69 19
-20.231043 -11.953254 -0.389759 34 139 34
-0.858817 23.969869 0.795806 34 139 34
13.213307 12.336792 0.176415 34 139 34
-14.275867 -3.403717 -0.060549 34 139 34
-11.710630 -5.094478 0.203757 34 139 34
4.309978 -24.962804 -0.920748 139 69 19
-12.152491 -20.924621 -0.318187 34 139 34
-19.115728 14.852247 -0.123345 34 139 34
0.958258 0.228454 -0.561418 34 139 34
-13.140029 17.219411 0.156806 139 69 19
-12.780983 -24.699203 -0.605886 34 139 34
-15.796411 -1.973282 0.090783 34 139 34
-16.506418 7.374548 -0.652137 139 69 19
-14.673579 -12.970259 0.761225 34 139 34
-7.684958 -21.014035 0.786741 139 69 19
21.141959 -13.459091 0.204807 34 139 34
14.876793 15.873192 -0.218215 139 69 19
11.579292 -6.293823 0.733617 139 69 19
-4.570174 -10.822203 0.517538 34 139 34
-21.698190 -23.150337 0.428628 139 69 19
-16.182245 4.906036 0.097324 34 139 34
-24.727904 0.022882 -0.508667 139 69 19
24.853290 5.125359 0.778427 34 139 34
-5.947688 -10.071105 0.319741 34 139 34
-24.332930 1.660894 -0.266697 139 69 19
19.768989 13.499066 0.456020 139 69 19
16.134456 8.371231 0.093401 139 69 19
12.032618 19.129990 -0.293558 139 69 19
-17.643205 14.767802 -0.131792 34 139 34
20.450760 4.200089 0.493371 139 69 19
19.929635 9.066779 -0.550432 34 139 34
3.904248 -2.978165 0.324847 139 69 19
-7.368758 -24.911532 0.352579 139 69 19
-10.276865 -23.822789 0.329829 34 139 34
2.089105 -9.041341 0.337737 139 69 19
10.483473 -13.536890 -0.199781 139 69 19
7.970245 -21.204310 1.293645 34 139 34
21.462062 22.225172 0.229311 139 69 19
11.799185 8.424052 0.916397 34 139 34
14.241164 -4.369253 -0.391547 139 69 19
17.060926 2.097165 0.793335 139 69 19
1.266888 -11.316711 -0.084185 34 139 34
-5.706488 -22.619686 0.026666 139 69 19
19.266051 15.306828 -0.794267 34 139 34
-24.769334 13.720841 0.025664 139 69 19
-24.829630 20.050215 -0.194581 34 139 34
8.266774 3.972518 0.407068 139 69 19
6.788488 7.971884 -0.457050 139 69 19
-19.757692 6.768957 0.273449 34 139 34
22.018372 -11.511357 -0.046725 34 139 34
2.981481 15.611000 0.209203 139 69 19
24.525894 24.329190 0.436938 34 139 34
-12.958334 -13.958957 -0.049786 34 139 34
-10.721391 -9.179672 -0.065225 139 69 19
4.876831 -24.443936 0.609570 34 139 34
10.295160 13.579194 -0.114768 34 139 34
-13.551136 6.868709 0.155897 34 139 34
-7.351405 9.445452 0.033414 34 139 34
-3.644550 -10.947936 0.717318 139 69 19
-2.546536 -9.950522 0.099312 139 69 19
6.175342 -13.074042 0.341058 34 139 34
-6.026079 -24.425118 1.024744 34 139 34
-4.124577 -21.913502 0.269332 34 139 34
16.228826 17.928002 -1.092250 34 139 34
-3.913591 7.812277 0.568690 34 139 34
-11.655299 -8.330994 0.317266 139 69 19
-20.199226 -23.238720 0.134348 34 139 34
-18.206645 15.832152 -1.014249 139 69 19
20.704270 6.659511 0.202783 139 69 19
1.907805 -10.085725 0.404755 34 139 34
21.196813 17.683343 -0.055577 34 139 34
21.886913 -0.871580 0.266117 34 139 34
-8.795333 -23.860604 -1.650280 34 139 34
-14.331149 -17.244536 0.979797 139 69 19
0.415054 18.123032 0.611890 34 139 34
8.415227 -18.227736 -0.065825 139 69 19
-21.919171 19.657121 -0.022245 34 139 34
-2.090381 -4.318109 0.092433 34 139 34
4.099519 10.984501 -0.106585 139 69 19
16.258567 -22.804773 -0.025210 34 139 34
-24.241981 -18.451541 -0.129737 139 69 19
-12.056529 -2.588745 -0.302771 34 139 34
-11.519101 23.972507 -0.351791 34 139 34
-1.273197 -3.968397 0.188010 34 139 34
18.107548 7.576210 0.220328 139 69 19
24.460534 21.639869 -0.033322 139 69 19
17.496747 -4.706230 -0.238725 34 139 34
-0.162772 -23.791416 0.302418 34 139 34
-0.280997 -2.631548 0.429872 139 69 19
-0.593231 -1.582284 -0.260778 139 69 19
-12.049334 1.730713 0.047228 139 69 19
-24.492802 1.722342 -0.262767 34 139 34
-2.698042 -23.978002 -0.512425 34 139 34
9.552788 1.404301 0.308693 139 69 19
15.957100 -23.800074 0.004039 34 139 34
8.997122 -9.778442 -0.700204 139 69 19
22.193433 -15.670121 -0.420257 139 69 19
21.490716 -19.009080 0.095453 139 69 19
-11.732408 1.861536 0.581658 139 69 19
4.099113 13.372599 -0.019050 34 139 34
24.898912 -0.141824 -0.180773 34 139 34
9.853200 -21.248526 -0.279020 139 69 19
23.018265 15.401636 0.159347 34 139 34
2.110247 -3.091948 -0.222129 34 139 34
-22.227204 8.569596 -0.190753 139 69 19
-14.741063 23.585022 -0.664502 139 69 19
-17.762144 -3.337854 0.108456 139 69 19
24.299221 -7.673340 0.329612 139 69 19
4.442188 16.629451 -0.572163 34 139 34
22.610119 -3.870137 -0.730505 139 69 19
-8.297600 -1.725802 0.006679 139 69 19
12.833213 -9.955630 0.775507 139 69 19
15.994639 12.283425 -0.155105 139 69 19
21.049370 -14.506623 0.124957 34 139 34
-16.247071 10.156069 0.369750 139 69 19
-14.142717 14.632902 0.583010 139 69 19
-8.165520 24.762397 -0.395834 139 69 19
2.170767 -11.780184 -0.572501 139 69 19
20.342369 -17.295187 -0.608876 139 69 19
-20.063576 2.515603 -0.216643 139 69 19
11.746733 -1.387306 0.457145 139 69 19
-22.566734 4.988492 0.051760 34 139 34
-5.099662 -1.608403 0.912054 139 69 19
-20.969958 -15.132808 0.395100 34 139 34
-13.524750 5.607189 -0.034703 34 139 34
-7.479717 -3.012817 -0.208215 139 69 19
-6.327346 -5.482995 -0.409836 34 139 34
-1.105553 22.923502 -0.521823 34 139 34
-16.793315 10.305026 1.071983 34 139 34
21.778322 -20.726359 -0.119789 139 69 19
-14.112744 -23.965562 0.800550 139 69 19
13.607356 -24.456194 -1.112765 139 69 19
-7.454994 -7.649244 -0.515899 34 139 34
-22.646934 11.399618 -0.284183 139 69 19
-17.080593 -20.966075 -0.342820 139 69 19
-21.208768 14.396354 0.279167 139 69 19
0.786541 -9.380601 0.513457 34 139 34
-8.241433 -7.367235 0.693475 34 139 34
4.756087 -12.022155 0.639086 139 69 19
-8.364340 -17.431377 -0.293106 34 139 34
-24.113224 3.813054 0.017011 139 69 19
-18.243594 18.763993 -0.628478 34 139 34
-5.952626 23.931749 0.490663 34 139 34
10.441760 6.674756 -0.531630 139 69 19
20.099905 -9.472494 -0.654887 139 69 19
10.772274 7.831334 -0.495047 139 69 19
-2.473308 10.715703 -0.343626 34 139 34
8.948253 12.254001 0.020948 139 69 19
-8.247046 -18.047675 0.888026 139 69 19
-12.932481 24.389825 -0.643641 139 69 19
8.695775 19.265408 0.207263 34 139 34
-21.501147 -7.902540 -0.625070 139 69 19
10.645957 18.128934 0.750770 139 69 19
16.272145 15.099849 -0.496288 34 139 34
9.418129 13.689815 -0.230982 34 139 34
23.695241 -15.509258 0.150427 34 139 34
0.012698 -11.025817 0.095141 139 69 19
-8.625506 9.634623 -0.493868 139 69 19
-15.999418 -24.156800 1.078801 34 139 34
21.028168 21.369336 0.602694 34 139 34
21.831865 -8.680018 -0.426803 34 139 34
18.807607 -14.436177 0.529615 139 69 19
9.320887 -16.659674 -0.532822 34 139 34
-3.236077 6.525168 0.002838 139 69 19
11.006585 8.544201 0.392545 34 139 34
-3.378690 6.472471 0.253593 34 139 34
5.160500 17.586734 -0.516144 139 69 19
-21.230115 -24.021053 -0.584925 139 69 19
22.343526 -4.783302 -0.117885 34 139 34
14.826240 3.215776 -0.805039 139 69 19
3.840929 4.355400 0.054839 34 139 34
-19.919949 -0.450605 0.423847 139 69 19
-21.775171 5.649263 -0.004445 139 69 19
7.404105 23.226037 -0.219045 34 139 34
15.484819 -14.314193 0.251202 34 139 34
-0.347105 -18.292799 0.633327 139 69 19
5.214566 -8.342484 0.714490 34 139 34
24.538644 14.762726 -0.422429 34 139 34
21.671643 10.885780 -0.151939 139 69 19
-6.840718 7.468705 -0.492400 34 139 34
14.407285 5.104065 -0.234399 34 139 34
-6.476374 -18.732162 -0.309083 139 69 19
18.480730 16.284095 0.053444 139 69 19
8.943807 -16.127005 0.409870 34 139 34
-8.067893 13.565250 -0.589037 139 69 19
10.605219 10.082107 0.287890 34 139 34
-0.307735 20.139096 0.573071 139 69 19
-3.735647 -9.320081 -0.224748 34 139 34
-21.438772 19.945756 -0.405902 34 139 34
9.515780 4.603854 0.313175 139 69 19
4.565954 22.765865 -0.263854 34 139 34
9.922119 13.231119 -0.081605 139 69 19
-24.091868 15.607515 1.674181 34 139 34
8.102265 -10.073922 -0.770314 34 139 34
11.618600 13.561554 -0.123063 139 69 19
5.452289 4.053056 0.900188 139 69 19
-7.683739 -16.124892 -0.169311 139 69 19
22.812645 8.647843 0.641438 34 139 34
4.626235 22.988759 0.528210 139 69 19
-1.673832 1.597543 -0.147075 34 139 34
-17.951556 -11.762901 -0.753001 34 139 34
-2.266261 19.193643 0.809811 34 139 34
-10.311222 10.529257 0.849731 34 139 34
20.798960 -1.802873 -0.603323 34 139 34
2.632270 24.370080 -0.313193 34 139 34
15.777800 -13.771595 0.813729 34 139 34
1.929715 -15.584672 0.610053 34 139 34
8.214535 5.509111 -0.062179 34 139 34
-10.775013 -19.232334 0.163498 34 139 34
15.277650 8.308279 0.369609 139 69 19
3.783624 -1.121650 0.328169 34 139 34
-20.803470 18.846718 0.102683 34 139 34
4.298271 -11.480817 0.063889 34 139 34
14.293377 22.116468 -1.245220 139 69 19
-20.356326 -20.868251 -0.500723 139 69 19
-22.587821 17.450103 0.183022 34 139 34
-7.582124 5.168886 -0.789690 139 69 19
-22.582532 24.876410 -0.175910 34 139 34
-7.526434 16.289098 -0.538558 34 139 34
18.075531 19.636706 0.074888 139 69 19
13.259411 8.555771 -0.121313 34 139 34
-0.440887 23.735262 0.738591 139 69 19
-8.159404 -21.308057 -0.792165 139 69 19
9.840975 -18.426988 0.079235 34 139 34
-0.072460 12.435024 0.464719 34 139 34
-8.117659 10.958839 0.373563 34 139 34
-10.990951 -7.596054 -0.031980 139 69 19
-6.242435 -11.648905 0.481432 34 139 34
4.050954 1.981669 0.438769 139 69 19
-3.494211 -19.447471 -0.122907 34 139 34
5.430579 2.818737 0.806765 34 139 34
4.235869 -6.362572 -0.046692 34 139 34
9.506073 19.902356 0.714701 139 69 19
-10.092876 -3.224320 0.131156 139 69 19
-1.702242 11.160174 0.230370 34 139 34
-21.926784 3.909453 1.337311 34 139 34
24.478214 -19.528606 -0.259119 139 69 19
-1.111488 5.881975 -0.110743 139 69 19
2.256317 -1.959291 0.232854 139 69 19
-21.741958 -5.114689 -0.044992 34 139 34
13.866982 -15.107544 -0.030029 139 69 19
13.212054 -18.260241 -0.160974 34 139 34
7.094818 21.363407 0.125119 139 69 19
5.348400 21.493900 0.902566 34 139 34
-9.686208 -23.148141 0.598863 34 139 34
-9.662448 3.156555 0.831090 139 69 19
14.857858 -1.847699 -1.244485 34 139 34
23.798253 -8.107496 0.334626 139 69 19
-6.848991 8.176026 -0.323490 139 69 19
20.801205 19.290712 -0.138031 34 139 34
2.381620 -23.318331 -0.213226 34 139 34
11.317378 -10.672717 0.688168 139 69 19
15.661894 -15.390843 -0.203603 34 139 34
-4.058749 19.706674 -0.723874 34 139 34
9.391402 3.308015 0.122008 34 139 34
-16.553969 -7.451186 -0.543304 34 139 34
-5.595881 -14.361448 -0.445634 139 69 19
-13.060537 22.062127 -0.010991 34 139 34
21.450456 19.337233 0.043921 139 69 19
-2.656976 11.384703 0.047319 34 139 34
-1.869803 -10.526519 -0.163634 34 139 34
22.543478 0.629580 -0.657495 139 69 19
16.011785 -23.328922 0.063362 139 69 19
-15.114040 -3.171965 -0.416547 139 69 19
24.433500 12.965701 0.530645 139 69 19
-23.078453 14.480813 0.185945 34 139 34
-7.932443 0.392786 0.463204 34 139 34
-18.581875 -16.270801 0.219774 139 69 19
-16.127176 2.684965 -1.059276 139 69 19
11.235598 13.326988 -0.197985 34 139 34
-8.725679 0.942949 -0.076535 139 69 19
20.964969 -15.561122 -0.004129 34 139 34
-0.953309 -9.145147 -0.738488 34 139 34
-10.387744 -0.701855 -0.295179 34 139 34
-0.912372 -15.163338 0.269418 139 69 19
18.686651 12.131407 0.415398 139 69 19
-18.104786 -2.043030 -0.115370 34 139 34
-14.501085 1.984716 -0.589161 34 139 34
-3.200925 24.462320 0.041636 34 139 34
-16.726493 -24.249177 0.481572 34 139 34
-1.127850 -16.567834 -0.344903 139 69 19
-4.345407 -14.902676 0.715117 139 69 19
-5.472466 3.698219 -0.362045 139 69 19
21.607147 -7.306337 -0.320122 139 69 19
24.163820 11.855131 -0.443400 139 69 19
-0.771464 19.798654 1.177629 34 139 34
9.264034 -14.712677 -0.143854 139 69 19
2.454124 -8.427712 -0.989029 139 69 19
19.177875 24.465044 -0.554285 139 69 19
18.479143 19.089488 0.150543 139 69 19
0.316910 -23.784390 0.128461 139 69 19
-23.784636 7.584046 0.203205 34 139 34
-6.876730 0.686011 0.000254 34 139 34
-6.478069 -5.599702 -0.591553 139 69 19
16.688422 4.388596 -0.314083 34 139 34
19.953452 -10.456944 -0.013551 34 139 34
-24.485311 21.793752 -0.305490 139 69 19
24.854510 -2.823775 0.159576 34 139 34
8.387284 11.595181 0.039098 34 139 34
-0.546851 -12.202038 -0.108136 139 69 19
23.812692 16.306896 -0.031497 34 139 34
24.583524 19.312384 -0.714422 139 69 19
-15.681417 -21.944418 0.412530 34 139 34
4.449022 8.991738 -0.481205 139 69 19
10.244158 24.814256 0.345893 139 69 19
12.223091 6.684259 0.199844 34 139 34
23.807963 -9.405281 0.108207 139 69 19
15.722059 -18.574238 -0.427955 34 139 34
12.217114 -8.324169 -0.370995 34 139 34
23.303021 22.923445 -0.113614 34 139 34
-10.001192 -20.163417 0.088984 34 139 34
-23.912998 -9.860351 0.522861 139 69 19
-8.297098 9.243216 -0.099642 34 139 34
-22.126335 -3.399541 -1.006210 34 139 34
8.366002 -19.634308 0.250387 34 139 34
19.846337 -22.447486 -0.284037 139 69 19
6.334582 19.592752 0.023718 34 139 34
-17.776631 24.301488 0.513976 139 69 19
10.475839 22.975177 -0.594491 139 69 19
-1.574766 -20.782317 0.173048 139 69 19
15.346871 19.128591 0.544712 34 139 34
12.009624 -23.274055 -0.868403 34 139 34
14.719236 18.268134 -0.407148 34 139 34
15.392567 -3.016080 -0.333026 139 69 19
5.418686 -6.500810 -0.838703 34 139 34
-13.306934 -9.581362 0.299356 34 139 34
22.210766 8.455541 0.766590 34 139 34
-15.546948 18.536574 0.069261 34 139 34
7.359197 -23.490447 0.140056 139 69 19
-18.947293 23.586776 0.547052 139 69 19
5.456934 -17.682980 0.016923 34 139 34
21.316287 0.645286 -0.589677 139 69 19
24.748579 -22.097919 0.306586 139 69 19
24.479867 16.232029 -0.115299 34 139 34
6.317938 16.136295 -0.037922 139 69 19
-22.347950 15.024769 0.211684 34 139 34
-14.607235 -19.590164 -0.382045 34 139 34
17.307605 21.686320 -0.426294 34 139 34
17.205766 -8.859665 -0.562617 34 139 34
14.442577 -1.347517 0.240421 34 139 34
3.948110 -11.468308 0.133208 34 139 34
-21.781201 -5.721777 0.428325 139 69 19
16.978997 -8.944013 -0.896436 139 69 19
10.825944 -7.843963 -0.247124 139 69 19
14.459497 -5.785141 -0.536881 139 69 19
-19.115925 16.999696 1.243588 34 139 34
-21.188670 -7.803002 -0.086951 34 139 34
-24.135982 -12.046025 0.727236 34 139 34
-24.052118 15.835381 1.274561 34 139 34
11.925428 4.087038 0.450021 139 69 19
23.277614 16.209872 0.535972 34 139 34
13.104531 -19.935474 -0.458306 139 69 19
2.893389 4.741205 0.051975 34 139 34
21.630027 -1.801180 -0.044572 139 69 19
-10.781641 -3.982068 0.400567 139 69 19
-11.894650 -3.480567 0.168964 139 69 19
4.710003 3.183137 -0.486686 34 139 34
19.588818 16.512137 -0.620318 139 69 19
-18.666941 23.391533 0.675009 139 69 19
-17.106652 16.203298 0.711083 139 69 19
12.258438 -18.659083 0.299770 34 139 34
-9.332966 -3.586175 0.117015 139 69 19
-16.029754 3.116972 -0.200595 139 69 19
-13.591646 4.731798 0.129233 34 139 34
-1.158521 2.270461 0.207850 139 69 19
21.727170 18.954475 0.009863 139 69 19
21.126711 2.820690 0.507823 139 69 19
-23.860552 11.839521 0.217699 34 139 34
-7.893166 15.053928 -0.139083 139 69 19
-21.666060 11.354607 -0.268255 139 69 19
-16.608262 3.970503 -0.163034 139 69 19
-2.747375 -14.705643 0.068134 34 139 34
-1.563021 11.287590 -0.048098 139 69 19
6.158685 10.766390 0.552999 139 69 19
22.426686 -10.872230 0.870320 34 139 34
-6.395934 18.127772 0.821588 34 139 34
14.524826 14.917683 -0.183478 34 139 34
1.891569 -2.457596 0.694185 34 139 34
-21.996074 10.639589 -0.321548 34 139 34
-10.678212 8.889797 -0.108687 34 139 34
3.434992 -16.168075 -0.097653 34 139 34
14.006486 -9.156700 0.618885 139 69 19
15.937120 -23.784526 0.219894 139 69 19
-1.280317 6.322567 0.329711 139 69 19
6.485787 5.050073 -0.049263 34 139 34
19.928243 14.557484 -0.047265 34 139 34
-12.234991 7.390879 0.260259 139 69 19
-4.248204 8.179493 -0.547266 34 139 34
-17.189746 -14.895701 -0.036426 34 139 34
20.063384 1.646038 0.058898 139 69 19
-16.259230 17.873746 0.464968 139 69 19
-9.109551 -16.788195 -0.243546 139 69 19
-12.000274 15.641431 0.384571 34 139 34
-10.549199 -19.910897 -0.001742 139 69 19
-18.305097 2.391021 0.833265 139 69 19
-13.427839 0.482562 -0.228717 34 139 34
11.495657 20.867244 -0.086784 139 69 19
9.854857 -12.036002 -0.064729 34 139 34
-11.302410 18.394305 -0.234511 34 139 34
24.551394 -4.131467 0.098180 34 139 34
15.924968 -3.673403 0.018125 139 69 19
-9.921336 -13.271325 -0.118006 139 69 19
0.969772 -17.894407 -0.581384 139 69 19
-16.393899 -13.085165 0.830648 34 139 34
17.457612 -8.932388 0.229663 34 139 34
16.087260 -2.817150 0.240574 139 69 19
6.758668 -1.278291 -0.013889 34 139 34
21.251724 -4.348307 -0.244053 34 139 34
0.399361 21.124303 -0.405271 34 139 34
16.255910 -10.487744 0.272351 139 69 19
16.811840 23.458000 0.194582 34 139 34
7.623286 -3.165923 -0.262480 139 69 19
-1.148532 0.881970 -0.536645 139 69 19
8.984703 -9.288105 -0.491284 34 139 34
12.587127 24.728861 0.456433 139 69 19
2.911468 7.002177 0.320951 34 139 34
-17.576940 23.112329 -0.697428 34 139 34
-18.261272 -9.343339 -0.228540 139 69 19
-4.902664 1.146039 0.183347 139 69 19
-18.589940 -7.303369 -0.182875 139 69 19
-8.778860 16.805479 0.456486 139 69 19
14.540510 24.263663 0.239055 34 139 34
-9.826871 9.822869 1.029810 34 139 34
5.347358 20.350233 0.264967 34 139 34
13.386103 2.732754 -0.535280 139 69 19
19.811899 -11.091305 -0.175060 139 69 19
-5.876774 2.452083 -0.527971 34 139 34
-14.196156 0.394809 -0.415591 34 139 34
-0.964900 -3.146436 -0.871062 139 69 19
19.114475 4.765640 0.232047 34 139 34
14.779823 -5.853050 0.529665 139 69 19
-21.887922 17.668932 -0.399452 139 69 19
9.714157 1.864738 0.304304 139 69 19
21.819676 14.062288 -0.463832 34 139 34
-1.762743 22.468215 0.421571 34 139 34
18.505621 10.784717 -0.936408 139 69 19
-9.651975 -9.599249 -0.372248 139 69 19
-21.157927 -22.656623 -0.451345 139 69 19
16.225497 16.369315 -0.301375 139 69 19
6.229747 19.512344 -0.540922 139 69 19
-16.286737 7.468822 0.022814 139 69 19
-17.172741 -8.313572 -0.307502 34 139 34
22.358290 9.222312 0.035764 139 69 19
23.350352 24.051069 -0.270927 34 139 34
-22.109670 -11.253744 0.074723 139 69 19
23.988832 -22.617801 -0.214714 34 139 34
8.418192 17.911218 0.799215 139 69 19
-2.475983 20.389239 0.024588 34 139 34
21.659065 -12.097198 0.561579 34 139 34
6.463380 -10.794949 -0.648777 34 139 34
8.960021 16.573204 0.308174 139 69 19
18.325657 19.957133 -0.201337 139 69 19
-24.792498 -17.291404 -0.083043 139 69 19
-9.426446 6.720993 -1.056894 34 139 34
-23.410209 4.103778 -0.015094 34 139 34
-0.387224 1.038454 0.567741 139 69 19
8.145089 -13.651073 0.345135 34 139 34
-9.257804 -2.046140 -0.244205 139 69 19
19.393846 15.112728 -0.673567 139 69 19
10.960928 3.211729 -0.851814 34 139 34
8.152040 -14.681364 0.626439 34 139 34
-9.124541 -5.142797 0.160197 139 69 19
22.341587 -11.573400 -0.464277 139 69 19
-17.708633 -2.570972 -0.104923 139 69 19
2.784115 9.263232 -0.860719 139 69 19
-2.938265 -12.110330 -1.138995 139 69 19
-0.980453 20.951679 0.146577 34 139 34
-2.380765 -6.215224 0.175462 34 139 34
13.551237 -15.266074 -0.643022 34 139 34
-12.415173 9.560205 0.227997 139 69 19
-11.383411 -7.111596 -0.120869 139 69 19
24.687018 -7.522403 0.171495 139 69 19
-22.715836 -2.813279 -0.690427 139 69 19
3.619689 -21.713492 -0.392954 34 139 34
12.702146 1.300638 0.372063 34 139 34
-13.286069 13.998647 -0.491280 34 139 34
23.421456 2.764022 0.536291 139 69 19
-9.871564 15.986780 -0.143860 139 69 19
-24.342498 -19.511592 -0.670641 139 69 19
-22.651819 -14.849156 1.064528 139 69 19
5.675179 2.778228 1.046635 34 139 34
1.452066 3.171704 0.430062 34 139 34
-7.613811 -8.825313 -0.759071 34 139 34
-14.221042 -23.156868 0.317815 34 139 34
14.468815 1.870286 0.664694 139 69 19
-7.577089 21.872761 -0.416730 34 139 34
6.129471 -6.818778 0.067954 139 69 19
-0.022288 -16.086133 -1.155390 139 69 19
15.176942 16.916085 0.086533 139 69 19
-4.325433 -17.762454 0.111920 34 139 34
-9.921051 -24.915234 0.368888 139 69 19
12.516316 -8.619457 0.327540 34 139 34
-20.906304 8.146820 -0.204379 34 139 34
-4.125358 24.271900 -0.057583 139 69 19
-17.786395 18.613784 0.310343 139 69 19
12.190008 -13.106710 0.744992 139 69 19
12.101557 22.237547 -0.432945 139 69 19
5.020195 17.342602 -0.489307 34 139 34
6.513217 -1.155661 -0.016729 139 69 19
5.769307 -13.739737 0.495718 34 139 34
19.281541 -19.864437 -0.252399 139 69 19
16.991308 17.639864 -0.562863 139 69 19
-23.083476 -15.928863 0.002309 34 139 34
-6.972388 -5.351653 -0.316208 34 139 34
14.992083 1.449125 0.517802 34 139 34
-0.457963 23.605181 -1.236123 139 69 19
13.707801 1.959287 -0.444216 34 139 34
-8.239634 -22.567103 0.132490 34 139 34
-19.865136 8.972435 -0.269406 34 139 34
-11.817408 -2.818119 0.225926 139 69 19
10.157070 -11.928210 0.529982 139 69 19
16.818561 -0.524528 -0.112357 139 69 19
-2.440226 -15.096716 -0.074646 139 69 19
5.165343 -5.863807 0.216325 34 139 34
-10.333448 -7.482549 -0.038382 139 69 19
-24.626820 -4.971617 0.565494 139 69 19
-7.668937 -6.270747 -0.324616 34 139 34
-2.497803 -13.626698 0.138471 139 69 19
17.768710 1.736419 0.022031 139 69 19
5.892289 -22.818739 0.558194 139 69 19
1.417716 -22.810642 0.639034 139 69 19
11.311856 -18.218601 -0.078927 34 139 34
-12.917613 -1.158304 1.508579 139 69 19
2.882294 0.419258 -0.500928 34 139 34
-6.653758 -6.162113 0.634878 34 139 34
8.360513 12.714370 0.445935 139 69 19
-22.651881 13.465832 0.296660 34 139 34
6.917911 -11.355379 0.371874 34 139 34
9.145230 -15.551478 0.512183 139 69 19
20.910750 22.848142 -0.137425 139 69 19
18.773908 14.232852 -0.771287 139 69 19
-23.165979 -16.399726 -0.073942 34 139 34
-6.902079 18.239345 0.130116 139 69 19
11.288223 -15.492166 0.301289 139 69 19
7.965711 18.597294 0.590615 139 69 19
12.740782 15.119656 0.242488 139 69 19
16.436837 4.306883 0.224381 34 139 34
11.822977 24.717688 -0.380896 139 69 19
24.036393 18.772761 -0.157657 34 139 34
0.342887 24.456945 -0.592437 139 69 19
-0.735401 15.152905 -0.044874 34 139 34
5.960362 7.184300 0.327518 139 69 19
-4.711395 20.155548 -0.688346 139 69 19
18.070186 -5.851554 -0.483130 34 139 34
-18.801839 -10.533529 -0.663490 34 139 34
24.644461 -23.288903 0.023811 139 69 19
24.997021 2.380590 -0.351282 139 69 19
0.091608 15.490745 0.178388 139 69 19
-3.602756 4.760946 0.226436 34 139 34
-0.837628 11.779224 -0.219171 139 69 19
21.956904 8.899425 0.958141 139 69 19
8.492668 24.218553 -0.037496 34 139 34
6.247445 0.184660 0.493687 34 139 34
-7.339971 20.563518 0.279124 139 69 19
-18.000301 20.150182 0.919002 139 69 19
12.591840 3.308321 -0.119930 34 139 34
15.232890 5.545089 -0.373111 139 69 19
-16.559554 -8.652232 -0.137622 139 69 19
-16.101583 -18.363353 0.086360 139 69 19
-19.723821 1.267414 -0.356626 34 139 34
-22.067494 -2.870894 -0.057876 34 139 34
11.738828 16.646710 -0.515130 139 69 19
-23.371295 -24.476247 -0.093785 139 69 19
-2.933039 -4.229895 -0.967401 139 69 19
-17.711034 -21.128210 0.020605 139 69 19
-5.900740 23.754416 -0.234512 34 139 34
23.345747 19.100823 -1.062773 34 139 34
-20.860601 2.883624 0.697812 34 139 34
12.418143 -12.917416 -0.074863 139 69 19
-21.401643 -10.033849 0.239320 139 69 19
12.775363 -6.638606 0.245625 34 139 34
16.665855 -1.144245 0.902984 139 69 19
24.249425 -0.435086 -0.077049 139 69 19
-6.966366 -10.617947 -0.369016 34 139 34
-21.135570 -20.163456 0.369391 139 69 19
19.924400 9.067800 0.421064 34 139 34
4.107875 18.818287 -0.646413 34 139 34
8.371502 -2.424070 -0.332948 139 69 19
-1.343995 -3.726673 0.019200 34 139 34
-2.101786 -2.108376 -0.982621 139 69 19
-5.899638 -10.536666 -0.806831 139 69 19
14.959364 -22.034348 0.294787 139 69 19
-19.070201 9.228446 -0.597254 139 69 19
22.892253 12.571212 -0.423574 34 139 34
14.896504 20.016188 0.228751 139 69 19
-15.370882 -19.445735 0.326420 139 69 19
6.931611 14.117851 -0.074255 34 139 34
-24.800391 13.944193 0.165870 139 69 19
3.603630 0.085691 -0.116057 139 69 19
8.928928 17.286350 0.240113 139 69 19
5.027440 1.030898 0.117942 34 139 34
12.525830 19.002088 1.712586 139 69 19
10.638095 11.456049 -0.068675 139 69 19
-17.308650 11.352349 -0.270549 139 69 19
9.938868 18.348184 0.339025 139 69 19
8.979665 -18.392959 0.107649 139 69 19
22.394002 -11.909501 -0.748467 34 139 34
0.208528 10.385159 -0.149216 34 139 34
-20.330455 18.798981 0.247104 34 139 34
4.752115 18.237179 0.482253 139 69 19
-4.473670 -2.527424 -0.395543 139 69 19
12.033194 1.068529 0.339192 139 69 19
3.170523 -10.660640 0.269631 139 69 19
-9.307905 8.346763 -1.059523 34 139 34
-16.328165 11.703926 -0.242916 34 139 34
-9.969031 21.699103 0.988297 139 69 19
-17.480598 8.367047 -0.762058 34 139 34
-10.538633 -15.831747 0.403484 34 139 34
-4.429479 -10.948609 0.112651 34 139 34
8.478880 -8.778204 -0.455092 34 139 34
3.284623 2.363020 -0.135804 139 69 19
-11.537378 -4.967219 0.163400 34 139 34
10.244213 -7.999180 0.149286 139 69 19
7.460995 -17.074991 -0.369376 34 139 34
-15.905746 -2.375701 0.770382 139 69 19
-6.691334 -11.812193 -0.927016 34 139 34
-1.003541 -7.113173 0.099666 34 139 34
18.486918 24.967469 0.669072 34 139 34
-8.182933 -19.240167 -0.139526 34 139 34
14.608954 20.720346 -0.924349 34 139 34
-13.346379 11.353318 -0.186252 34 139 34
14.169139 21.604275 -0.220283 139 69 19
-11.002352 -21.390012 0.337503 139 69 19
17.937782 9.719803 0.158811 34 139 34
-13.380148 24.421068 0.370011 34 139 34
-18.498771 16.855678 -0.304128 34 139 34
-14.234966 -9.230135 0.240689 139 69 19
10.694187 0.678171 0.012954 34 139 34
-6.043148 13.858474 0.413038 139 69 19
-13.469970 0.199433 0.541593 139 69 19
23.865672 22.185310 0.419996 139 69 19
-4.093833 20.428150 0.492224 139 69 19
-5.654104 -20.163000 -0.440823 34 139 34
3.835556 7.040885 -0.046484 34 139 34
-24.160980 21.439240 0.066684 34 139 34
-9.662084 -7.205689 0.692220 139 69 19
22.518887 -17.497140 0.264208 139 69 19
4.075629 1.295519 -0.326846 34 139 34
-2.981550 -3.575390 0.884709 139 69 19
12.583480 -21.262021 0.016382 139 69 19
5.613701 -1.484085 0.851893 139 69 19
18.307316 2.286151 0.407636 139 69 19
19.770158 -8.767246 -0.285687 34 139 34
2.282595 16.057252 0.989732 34 139 34
19.731598 13.658318 0.571722 34 139 34
8.697623 -14.968178 0.348317 34 139 34
-20.023280 4.970362 0.306434 34 139 34
-15.723929 8.980531 -0.364935 34 139 34
-14.482093 9.556055 0.061681 139 69 19
17.949202 19.135678 -0.225953 34 139 34
18.521408 12.218444 0.380132 34 139 34
-2.007324 -24.113795 -0.440545 34 139 34
2.466595 -23.760821 0.098000 139 69 19
-0.683085 4.649672 0.112970 139 69 19
-12.210071 12.192510 -0.401096 139 69 19
-14.895854 23.978760 0.360081 139 69 19
-7.440386 18.168273 0.162874 139 69 19
-20.255253 5.774496 0.102782 34 139 34
9.056725 -8.572333 0.159326 34 139 34
10.651362 23.384405 0.258004 34 139 34
1.464719 1.726952 0.590299 34 139 34
6.676396 -2.425735 0.727644 34 139 34
-23.195264 12.154381 -0.595325 34 139 34
-17.767910 -12.321735 -0.582272 34 139 34
19.605417 21.799732 0.332881 139 69 19
18.669369 11.731123 -0.434155 139 69 19
-11.493419 -17.498421 0.315529 139 69 19
-0.342630 4.845306 -0.549055 34 139 34
-6.618433 -5.720330 -0.212018 139 69 19
20.796310 -6.867773 0.413293 139 69 19
-20.662213 -14.963588 -0.534164 34 139 34
-17.057700 -0.213483 -0.103905 34 139 34
5.768072 19.537104 -0.207917 139 69 19
12.226694 17.259177 -0.429620 139 69 19
-11.374956 9.241627 -0.270578 34 139 34
-3.621614 -18.101846 -0.045864 34 139 34
-1.957277 10.575626 1.233560 139 69 19
24.464616 10.567772 -0.202062 139 69 19
3.704488 -10.112575 -0.781929 139 69 19
5.451587 2.478231 -0.194399 139 69 19
24.286633 -17.529758 -0.695885 139 69 19
15.747403 20.028816 0.067922 34 139 34
21.620796 -12.911000 1.211156 34 139 34
-4.423126 -19.596484 -0.201052 34 139 34
23.482679 -9.848074 0.030514 139 69 19
0.208537 20.682461 -0.291687 139 69 19
21.725618 4.662607 -0.058736 139 69 19
8.019890 11.389211 -0.051677 139 69 19
8.174848 -2.918657 -0.430653 139 69 19
18.204914 24.270136 -0.406170 139 69 19
-12.681834 -19.574355 -0.025958 34 139 34
8.931608 23.322392 -0.503574 34 139 34
-3.057946 3.685784 -0.437181 34 139 34
-19.666192 24.027799 -0.452136 139 69 19
-22.215796 8.889416 -0.378062 34 139 34
10.531632 13.956878 0.881856 139 69 19
4.482633 -21.794355 0.570994 139 69 19
-17.659948 13.506171 0.234027 139 69 19
-21.622554 8.211111 0.411584 139 69 19
-24.088756 -21.425865 -0.041023 34 139 34
-1.929651 0.251650 0.094336 34 139 34
-14.815521 14.487251 -0.160171 139 69 19
19.267469 14.913629 0.083817 139 69 19
24.625976 8.611156 -0.078036 139 69 19
-11.271942 -8.641482 0.573934 34 139 34
-24.227805 8.332932 0.116571 34 139 34
-7.328710 -21.353123 0.235788 139 69 19
-3.918797 -6.729236 -0.718218 34 139 34
-15.504777 9.298218 0.049388 34 139 34
-5.350585 -0.890573 0.507801 34 139 34
22.542488 -7.802166 -1.007412 34 139 34
-24.813808 16.032116 -0.453905 139 69 19
-17.831769 -0.411815 0.635586 34 139 34
18.894304 15.804918 -0.485752 34 139 34
-2.719142 7.222834 -0.251380 34 139 34
-7.486736 23.217692 0.481232 139 69 19
-24.889294 1.158821 1.453076 34 139 34
21.579893 12.701305 -0.755368 139 69 19
-16.628904 18.091763 0.276910 34 139 34
5.554975 3.512978 0.377330 139 69 19
2.238651 -18.268950 -0.340729 34 139 34
3.403977 24.638843 0.193690 34 139 34
24.616657 0.311755 0.192752 34 139 34
-5.298610 5.848045 0.416693 34 139 34
4.678309 -9.256012 0.615567 34 139 34
-5.050637 20.628890 -0.984048 34 139 34
-15.813674 14.177229 0.119558 34 139 34
13.964212 -15.699347 0.216578 139 69 19
3.346804 20.157398 0.364379 34 139 34
9.059199 23.354164 0.725122 34 139 34
-1.295699 17.947479 -0.210357 139 69 19
8.431985 2.748919 0.570049 34 139 34
-3.445999 0.701227 0.162718 34 139 34
-14.716974 -8.324780 0.012711 139 69 19
-23.932556 -14.790628 0.299795 34 139 34
10.153119 19.697467 0.023110 34 139 34
20.795945 24.746696 0.136810 139 69 19
-10.488674 -11.964025 -0.080879 139 69 19
24.331499 11.514598 0.116478 139 69 19
24.434454 5.196357 0.571045 34 139 34
-0.835290 14.317970 -0.486950 34 139 34
10.172931 -16.966157 0.439426 34 139 34
-7.382588 -14.327047 1.255002 34 139 34
9.612000 -18.008295 0.700072 139 69 19
-18.092685 -13.965395 0.607453 34 139 34
16.496224 4.201963 -0.627645 139 69 19
-4.763563 -18.761027 -0.031677 34 139 34
13.860762 7.529915 1.001822 139 69 19
17.008369 7.041738 -0.151632 139 69 19
-19.464844 -1.940654 0.049772 139 69 19
7.407380 17.055021 -0.164999 139 69 19
9.473099 20.869133 0.293194 34 139 34
-4.806181 -11.456316 0.101197 34 139 34
12.073552 14.724608 -0.153362 139 69 19
-18.716015 9.859362 0.075389 34 139 34
-19.612502 -16.701753 -0.019782 139 69 19
24.947278 7.796005 -0.784652 139 69 19
-13.629787 17.811818 0.098656 34 139 34
4.560754 -9.166548 -0.047317 139 69 19
21.198305 21.667370 0.087072 139 69 19
3.781772 -3.525256 0.124297 139 69 19
9.886894 8.689952 0.657867 139 69 19
17.833117 -19.633233 0.466364 139 69 19
0.616845 -10.742297 0.388179 34 139 34
-5.023188 4.105890 0.021152 34 139 34
-6.712598 3.795172 -0.927926 34 139 34
-1.455107 24.815834 -0.529935 139 69 19
22.823315 21.306707 0.711983 139 69 19
23.944516 -19.790263 1.274576 34 139 34
17.923429 -1.393411 0.271797 139 69 19
-2.072918 -21.199265 0.446268 34 139 34
11.277905 -1.415003 -0.422386 139 69 19
3.596862 -22.098828 0.494494 34 139 34
-4.987479 -13.006748 0.798750 34 139 34
-24.226961 6.352197 0.433125 34 139 34
-11.951684 -13.033778 -0.460387 139 69 19
-9.403414 7.736312 -0.632408 139 69 19
-17.058340 -14.498414 -0.347856 34 139 34
3.734344 -6.735886 0.167318 139 69 19
6.253871 -7.396901 0.510942 34 139 34
15.587009 -6.670086 -0.150130 139 69 19
-4.499465 -22.221476 -0.117108 139 69 19
24.435390 -14.020777 -0.089895 34 139 34
4.559929 3.943975 -0.099402 139 69 19
15.219918 -7.956501 0.401414 34 139 34
23.970973 -23.153911 0.004461 139 69 19
7.471583 -13.479066 -1.347843 34 139 34
-3.122684 -1.188265 0.986311 139 69 19
4.100684 6.377049 -0.512878 139 69 19
18.697568 -2.024535 0.018789 139 69 19
8.750265 7.282941 0.159791 34 139 34
-14.304895 -4.732445 0.261518 34 139 34
-14.688285 -3.666196 -0.105140 34 139 34
-2.553873 -12.073834 -0.261027 34 139 34
22.263987 -21.089596 0.237544 34 139 34
16.410874 -20.176288 0.021896 139 69 19
-15.098555 2.438279 0.222287 139 69 19
14.424697 0.373147 0.397765 34 139 34
-6.498555 0.368193 1.141398 139 69 19
-15.216281 -18.564229 -0.366007 139 69 19
-15.959497 4.745889 0.054882 139 69 19
6.728411 11.956506 -0.538517 34 139 34
10.064079 -9.920756 -0.283963 34 139 34
-24.291380 16.737205 -0.311526 139 69 19
-20.167910 23.057046 -0.724798 139 69 19
13.359647 4.531983 0.661412 139 69 19
-6.405035 22.585401 -0.621840 34 139 34
5.175262 -19.619385 -0.167078 139 69 19
-1.062470 10.237459 0.512850 34 139 34
-2.330037 10.709383 -0.128176 139 69 19
-12.146366 -22.727725 0.067706 139 69 19
-9.443908 22.052661 0.406519 139 69 19
-4.912426 12.924305 -0.389540 34 139 34
-12.065020 16.148929 0.365451 34 139 34
-9.019109 -6.045649 -0.092168 139 69 19
-10.616752 13.343331 0.226085 139 69 19
-2.599301 -9.465946 0.570085 34 139 34
-4.220560 -9.794941 0.076534 139 69 19
-19.638330 9.023471 -0.376848 34 139 34
4.316690 -17.858943 -0.697104 34 139 34
21.267494 -21.734158 -0.010169 34 139 34
23.654705 9.715950 -0.485108 139 69 19
-9.472351 7.986062 -0.054043 139 69 19
-20.681323 20.330463 0.324229 139 69 19
19.067510 -2.151745 -0.584234 34 139 34
7.084205 14.803404 -0.611955 139 69 19
-18.337266 -9.519871 -0.211811 34 139 34
18.374058 -0.850235 -0.195374 34 139 34
12.124391 -12.891994 -0.097481 34 139 34
-7.048898 -10.406455 0.917986 34 139 34
10.985327 -11.663813 -1.168029 139 69 19
-23.361077 16.792665 -0.026143 139 69 19
23.548819 -15.786810 0.988369 139 69 19
1.189733 22.644164 0.311439 139 69 19
-3.772542 -17.999525 -0.599534 139 69 19
-12.424375 -18.418118 -0.036735 139 69 19
-15.716027 13.101965 -0.576510 34 139 34
1.718805 -5.213646 0.543176 34 139 34
13.478226 10.614329 0.096037 34 139 34
-20.129928 -20.218295 -1.317809 139 69 19
10.394590 0.183158 -0.122784 139 69 19
-5.145667 -17.504997 0.316702 34 139 34
20.190495 4.018776 0.753233 139 69 19
12.082314 6.384582 -0.157360 34 139 34
14.817955 -22.183672 -0.088831 139 69 19
-5.814450 23.318622 0.558644 139 69 19
1.329277 7.048462 -0.066597 34 139 34
10.922461 -2.291073 -0.667760 34 139 34
-3.580940 2.647225 0.406262 139 69 19
12.464470 5.550914 0.288139 139 69 19
8.599875 3.883829 0.813495 139 69 19
5.216289 22.799449 -0.232240 34 139 34
15.937778 -20.531826 -0.428013 139 69 19
-14.880338 -7.025146 0.259156 139 69 19
10.744913 -2.447081 -0.417628 34 139 34
-18.660296 11.658953 0.374802 139 69 19
5.378557 -18.482855 0.341704 139 69 19
1.189877 12.771054 -0.338170 139 69 19
-18.264664 -4.011614 -0.192690 34 139 34
12.378821 19.692494 -0.143225 34 139 34
-7.340130 -10.985773 0.022320 139 69 19
24.041621 -13.659196 -0.153602 34 139 34
12.090005 -10.990099 0.188262 139 69 19
24.436998 -5.496874 0.185326 34 139 34
24.006140 12.190813 0.112751 139 69 19
-18.522253 -1.884654 -0.277387 34 139 34
-10.720420 -8.257740 0.345677 139 69 19
-4.931376 13.101526 0.163947 139 69 19
-17.355402 15.869800 -0.286757 139 69 19
5.553370 -23.278190 -0.782307 34 139 34
4.419859 21.223293 -0.122400 139 69 19
8.148291 6.206863 0.134538 139 69 19
-13.354898 -20.151289 0.722836 34 139 34
-16.726711 6.127242 -0.055261 34 139 34
20.591811 -15.880305 0.478106 34 139 34
-1.090774 10.320393 -0.914697 139 69 19
1.843620 22.521514 0.520499 139 69 19
19.577705 -3.953998 -0.450334 139 69 19
10.795628 10.377523 0.791297 139 69 19
-9.627810 11.564152 0.006731 34 139 34
-9.557180 -11.510012 0.009691 139 69 19
23.242818 9.915992 0.839319 139 69 19
-6.895273 16.680244 -0.817035 139 69 19
22.660079 -14.530319 -0.128331 139 69 19
-19.196846 8.655148 -0.486976 34 139 34
-21.476653 16.421256 -0.166907 139 69 19
4.309926 4.710130 -0.624623 34 139 34
-9.032451 -4.542255 -0.791531 34 139 34
-15.476069 23.059378 0.352546 139 69 19
12.849903 1.896674 -0.595190 139 69 19
2.859007 15.146822 0.090280 34 139 34
-6.609762 -18.010357 0.593214 139 69 19
-0.745681 19.899953 -0.780501 34 139 34
22.976020 15.182280 0.187784 139 69 19
18.216957 21.166384 0.141065 139 69 19
-24.445843 -3.997844 -0.871260 139 69 19
-22.730541 -14.364530 0.981929 139 69 19
17.545452 -5.162509 -0.615376 139 69 19
24.830431 1.797621 -0.276159 34 139 34
6.791608 -10.516724 -0.370914 139 69 19
-15.759339 -20.354818 -1.028532 139 69 19
1.836751 15.670689 0.015406 139 69 19
-12.355399 -15.936375 -0.806514 139 69 19
-3.090481 -2.400499 0.341692 139 69 19
9.295872 -14.861301 -0.036231 139 69 19
14.273505 21.935717 0.287467 139 69 19
3.795792 -24.743923 0.621561 139 69 19
-13.858897 -0.586680 -0.051655 139 69 19
-5.448916 18.987257 -0.656834 34 139 34
13.911417 16.239972 -0.191657 139 69 19
-8.613209 23.977971 0.752949 139 69 19
-8.993410 23.306184 -0.366702 34 139 34
20.731097 -11.878247 -0.424419 34 139 34
-9.769954 18.068510 0.745770 139 69 19
-8.084357 -20.110486 -0.689665 139 69 19
13.135390 17.548573 -0.270964 139 69 19
-23.891522 -18.881485 -0.650378 139 69 19
15.470111 -17.607252 -0.385641 139 69 19
15.513300 14.497850 -0.483644 139 69 19
3.465649 -10.436927 0.284318 34 139 34
-2.364206 -5.025504 1.299213 34 139 34
-23.478685 -10.190422 0.227415 34 139 34
14.195474 -19.278088 0.097772 34 139 34
14.790809 -20.647192 0.105011 34 139 34
1.581180 6.558061 -0.095687 34 139 34
-16.151074 9.462296 0.022610 34 139 34
-7.037986 17.490486 0.272075 139 69 19
-21.304636 5.382276 0.173461 139 69 19
5.498863 -0.855235 0.158977 34 139 34
-11.184621 -21.474286 -0.140154 34 139 34
20.104815 -0.140455 0.582846 34 139 34
21.812075 8.148617 0.153696 34 139 34
-24.921354 22.858935 -0.102417 139 69 19
17.165354 -1.919081 0.515791 34 139 34
-1.882411 -9.387429 0.185909 34 139 34
10.928393 18.702009 -0.163148 139 69 19
0.313296 -17.651571 -0.243549 34 139 34
-20.926475 -10.294167 0.206014 139 69 19
-23.223168 0.683312 -0.726645 139 69 19
-6.424524 7.574576 -1.043477 139 69 19
-11.639816 14.381060 0.280498 34 139 34
20.718673 0.635786 -0.170151 139 69 19
-15.732330 1.590507 -0.414873 139 69 19
-16.869854 -20.042584 0.793956 34 139 34
21.297944 3.642317 0.463631 34 139 34
-3.623913 20.757474 -0.387048 34 139 34
8.264399 -5.679051 -1.027788 34 139 34
-18.011770 24.005119 0.092904 34 139 34
23.043367 0.316195 -0.157016 34 139 34
3.075056 20.383021 0.445242 139 69 19
-1.079100 -20.426169 0.159873 139 69 19
0.499377 -9.111001 -0.089130 139 69 19
-16.122174 -9.861630 0.257117 34 139 34
18.654176 10.941566 -0.555399 34 139 34
20.408330 -13.502573 -0.108439 34 139 34
-10.713485 18.817008 0.312988 139 69 19
10.382480 -4.539664 -0.850726 139 69 19
18.513899 -9.488911 -0.041125 139 69 19
21.655792 -10.574541 -0.156761 139 69 19
5.450774 10.737786 0.180033 139 69 19
19.222347 21.200020 0.365962 34 139 34
-2.691468 0.024666 -0.062814 139 69 19
-10.781257 -21.212190 0.203895 139 69 19
-15.951985 -18.379916 0.052636 34 139 34
9.808440 -18.478918 0.571866 34 139 34
-0.838194 7.061412 -0.939495 139 69 19
8.911392 -4.228855 0.472769 34 139 34
12.107733 11.075076 0.153154 139 69 19
10.106334 -16.298748 0.186560 139 69 19
4.301983 23.027763 -0.560748 139 69 19
10.130062 -20.215511 -0.438978 34 139 34
3.660360 -0.809735 0.378926 139 69 19
11.857657 -19.785874 -0.724518 139 69 19
20.963388 -22.366341 -0.900962 139 69 19
8.919931 -8.495176 0.202522 139 69 19
-17.158636 22.027349 0.377760 34 139 34
-15.609768 -22.079820 -0.822553 139 69 19
-16.022012 17.648871 -0.145181 34 139 34
-8.709193 -4.363975 -0.006652 34 139 34
-2.317487 1.961338 0.142862 139 69 19
-14.460465 -2.477629 -0.356553 34 139 34
-14.454482 -24.135967 0.149326 34 139 34
-10.618852 22.683076 0.575938 34 139 34
-1.045028 -2.394625 0.408335 139 69 19
10.575508 -11.387211 0.410754 34 139 34
-11.682945 10.341905 -0.403502 34 139 34
-13.849087 3.308954 0.689774 34 139 34
5.193633 24.823564 1.037305 34 139 34
4.331380 -15.857537 -0.103439 139 69 19
4.351538 3.278146 0.300432 34 139 34
1.246859 -19.797703 0.099989 139 69 19
1.728790 -22.470398 -0.106573 139 69 19
17.535528 -19.185313 -0.922488 34 139 34
-7.013997 0.551470 -0.548745 139 69 19
-23.551983 -22.695346 -0.633167 139 69 19
2.005265 -2.172279 -0.081554 139 69 19
-21.294672 15.815523 0.426277 139 69 19
-20.852752 -16.908960 -0.291702 139 69 19
-0.488300 15.743220 0.309280 139 69 19
-7.082650 -20.326134 -0.076333 34 139 34
12.214995 17.937329 0.024346 34 139 34
-3.405785 -8.188629 0.399377 34 139 34
-20.128247 -11.596274 0.319427 139 69 19
18.896635 0.906534 -0.283660 34 139 34
9.388954 -1.584439 0.448040 139 69 19
-15.432097 17.878776 0.553584 139 69 19
14.875774 16.829878 0.137420 139 69 19
3.599922 2.754114 0.639020 139 69 19
-19.551092 -7.135293 0.677749 139 69 19
17.526039 -13.026814 -0.130024 139 69 19
11.268402 -13.973408 0.292124 34 139 34
-18.327001 4.173689 -0.358697 34 139 34
23.937214 -2.284876 -0.609539 139 69 19
16.332510 9.647572 -0.879246 139 69 19
1.354463 12.450003 0.216190 139 69 19
-18.312153 -22.275672 -0.253372 139 69 19
-1.368257 -11.298059 -0.909215 34 139 34
10.110974 8.217331 0.989820 34 139 34
-22.015641 -6.519704 -0.789625 139 69 19
-7.734175 15.417130 1.110478 34 139 34
-6.880442 21.068726 -1.171879 139 69 19
-20.586566 -13.239447 -0.120982 34 139 34
-7.291277 -11.917117 0.908656 34 139 34
6.262337 -18.737137 -0.490494 139 69 19
17.643572 18.820766 -0.124509 34 139 34
-1.804742 -0.288449 0.649507 139 69 19
-4.079658 -15.778045 0.173706 34 139 34
-9.356114 -21.484454 -0.896636 34 139 34
-21.275809 15.112374 -0.956140 34 139 34
-20.116308 -11.703236 -0.357554 34 139 34
0.893952 -4.450706 -0.388125 139 69 19
12.494606 18.413749 0.006658 34 139 34
22.932372 19.718799 0.226492 139 69 19
-2.343049 -20.463268 -0.092003 34 139 34
18.839400 -18.897897 0.907519 139 69 19
-3.695236 21.906791 0.414391 139 69 19
-11.731607 -16.030116 -0.409992 139 69 19
-3.371206 23.605566 -0.090085 139 69 19
5.156327 -23.285780 0.005421 34 139 34
11.391552 -9.257961 0.332918 139 69 19
-13.139466 -6.474992 0.257597 139 69 19
-9.966952 -6.791232 -0.989474 139 69 19
-11.446314 -22.720784 -0.627993 139 69 19
-6.466616 -10.156171 0.518083 34 139 34
20.444694 -14.806974 -0.249308 34 139 34
-15.079851 18.433885 -0.399478 34 139 34
-24.516125 -16.109471 0.624578 34 139 34
15.414554 22.408954 0.400844 139 69 19
-4.583608 -14.678706 -0.490822 34 139 34
10.597446 -8.008245 -0.089091 139 69 19
0.562548 -5.002634 0.028173 139 69 19
-18.096095 -2.070233 0.842272 139 69 19
23.634769 -10.346883 -0.613165 139 69 19
3.287959 -1.126199 0.157602 139 69 19
-24.657410 -8.862660 -0.073909 139 69 19
-2.940399 -2.819864 0.339879 34 139 34
9.103929 0.197500 0.067999 139 69 19
21.829489 -7.662452 0.070145 139 69 19
-18.537516 -1.672395 -0.266070 139 69 19
1.254660 16.346421 -0.531042 34 139 34
-21.466885 -1.040525 0.223295 139 69 19
-11.802029 -5.958089 -0.582644 139 69 19
6.838378 -8.981078 -0.343660 139 69 19
-21.909880 -8.197324 0.422972 139 69 19
18.952213 -16.849430 0.136599 34 139 34
-3.110867 4.376812 0.101492 139 69 19
-5.369214 15.218358 -0.442677 139 69 19
16.647081 17.635785 0.265772 139 69 19
-4.721606 -11.775011 -0.715849 34 139 34
12.587264 14.003800 -0.995112 139 69 19
4.438768 -14.152401 0.368374 139 69 19
-13.564750 -11.426097 0.290529 139 69 19
-2.050575 18.034176 0.959013 34 139 34
0.015265 -5.816181 -0.410915 139 69 19
5.164254 24.596533 -0.730210 34 139 34
-6.083670 -23.963852 -0.301947 34 139 34
15.326556 6.166748 -0.490947 139 69 19
-21.589595 0.644835 -0.706628 34 139 34
9.908008 5.085297 -0.950199 34 139 34
17.349075 3.678098 0.492299 34 139 34
-13.548931 16.631031 -0.315490 139 69 19
-10.787709 -8.820540 0.724424 139 69 19
-3.063986 -14.711869 -0.567805 139 69 19
-15.636477 -22.735786 -0.380341 34 139 34
-6.266868 -13.661393 0.164732 34 139 34
-5.636208 23.606792 -0.773931 139 69 19
-22.925623 6.618915 0.152935 139 69 19
-14.065795 -11.360684 -1.545480 139 69 19
-16.668436 11.074107 -0.997947 34 139 34
-22.586214 7.304630 -0.432513 34 139 34
2.547320 -19.250074 0.109277 34 139 34
-13.154792 -7.477107 0.055550 34 139 34
3.763336 11.009736 0.200635 34 139 34
-23.874362 16.136519 0.219763 139 69 19
-14.529646 10.807971 0.761485 34 139 34
8.370915 -2.030674 -0.099868 34 139 34
-24.200921 -7.853178 0.371167 34 139 34
17.840797 15.191826 1.109619 139 69 19
-2.987754 0.411359 0.172061 34 139 34
-12.714866 -3.203632 0.042892 139 69 19
-10.500547 -12.696651 -0.253069 34 139 34
-3.084101 -21.975208 -0.348138 34 139 34
-9.560778 -5.945661 0.467120 139 69 19
-15.231983 13.976278 0.530228 34 139 34
-13.224342 -1.461290 0.046067 139 69 19
20.650561 -3.540615 -0.315427 139 69 19
1.212744 17.885701 0.054994 34 139 34
-14.817957 -17.033544 0.235275 139 69 19
-6.626803 -6.761778 0.962094 139 69 19
17.812214 10.728616 -0.597937 34 139 34
-9.311989 -6.305530 -0.440732 139 69 19
22.957267 15.157631 -0.781069 34 139 34
-12.884549 0.423938 -0.432949 139 69 19
22.989924 -17.305117 -0.710144 34 139 34
-22.739101 -15.540370 0.218486 34 139 34
15.845837 12.606233 -0.129017 139 69 19
-17.287603 24.952607 -0.607223 34 139 34
-21.950172 14.975906 -0.018620 139 69 19
8.834433 21.075418 -0.399466 34 139 34
-18.570015 2.321518 0.140964 139 69 19
7.427378 12.657730 -0.225502 139 69 19
8.706321 17.268492 0.182995 139 69 19
-3.162778 12.505349 -0.928462 139 69 19
20.557577 -13.395237 -0.106877 34 139 34
-4.428346 6.311705 -0.155240 34 139 34
-2.077263 -0.215029 0.719241 34 139 34
6.194245 -0.814160 -0.149046 139 69 19
-8.378504 -17.938036 -0.154448 139 69 19
-8.925865 24.133381 -0.094029 139 69 19
-0.063243 11.209621 -0.015051 139 69 19
-4.303955 9.860421 0.240151 34 139 34
12.775890 -15.364296 0.460640 139 69 19
-7.827302 12.638868 0.151812 34 139 34
11.580083 -16.319520 0.446328 139 69 19
0.917198 6.229743 0.095285 139 69 19
-21.977188 7.136076 0.845855 34 139 34
10.078407 24.277729 -0.609888 34 139 34
-12.630800 14.485481 0.383796 139 69 19
-2.446565 1.823474 0.412995 34 139 34
3.902804 -6.239820 -0.665390 34 139 34
-0.852116 -15.635002 1.078404 139 69 19
-0.364211 24.417143 1.123614 34 139 34
-6.283211 4.199801 0.218047 139 69 19
22.146247 -21.887192 0.748802 34 139 34
5.396660 12.270802 -0.622325 34 139 34
5.214621 14.849210 0.815995 34 139 34
-22.498209 16.507552 0.147996 139 69 19
8.664660 4.660111 0.077277 34 139 34
-14.610624 18.521465 1.522009 34 139 34
-4.436227 -23.469636 0.189350 34 139 34
-17.614563 -1.427451 -0.131107 139 69 19
-2.888196 0.570497 -0.080442 139 69 19
14.935719 -23.346030 0.348108 139 69 19
-5.113602 -7.660205 -0.060986 139 69 19
-4.727182 -1.368526 -0.245803 34 139 34
-19.253339 14.180438 -0.020053 139 69 19
-14.912999 -16.296463 -0.124735 34 139 34
3.996024 -15.311167 -0.464947 34 139 34
-0.456014 0.060604 0.442306 34 139 34
22.082497 -9.913005 1.559997 34 139 34
-18.579906 22.595287 -0.148864 139 69 19
-0.685473 -15.618672 0.655131 34 139 34
-21.093786 20.171808 0.541767 139 69 19
16.044727 24.179159 0.010771 34 139 34
-21.537749 -15.971710 0.653431 34 139 34
-11.678280 19.978271 0.139189 139 69 19
-4.998742 -14.063982 0.344653 34 139 34
9.654673 -9.083229 0.290178 34 139 34
14.630957 24.167193 0.216984 139 69 19
-14.308078 -4.681740 -0.407194 34 139 34
9.214176 0.262812 -0.889751 34 139 34
-17.645512 18.006340 0.295731 139 69 19
-19.847101 -0.808289 0.674481 34 139 34
-17.110451 -20.875021 -0.269259 139 69 19
1.842142 -11.494262 -0.340657 139 69 19
-3.556841 11.925416 0.001073 34 139 34
11.888377 6.973581 -0.149082 139 69 19
11.652444 17.386364 0.002907 139 69 19
-5.077020 -21.734538 0.837905 139 69 19
4.455125 -10.992070 0.461697 34 139 34
18.227921 -18.433787 0.413878 139 69 19
-20.372812 -10.665804 0.080776 34 139 34
-17.111636 -13.766545 -0.150651 139 69 19
-5.755522 -19.587463 -0.057289 34 139 34
20.839957 -6.683015 -0.034187 139 69 19
23.961717 -22.242745 -0.169566 34 139 34
9.698876 16.188284 -0.355983 139 69 19
15.290215 -0.916214 0.206264 139 69 19
0.595804 -4.836876 -0.356599 34 139 34
12.468420 10.275550 0.405616 34 139 34
3.956581 3.987711 0.326435 34 139 34
-2.658789 -5.064418 -0.280947 34 139 34
0.791126 23.896872 -0.266529 34 139 34
14.239104 1.584579 -0.245981 139 69 19
1.374485 7.322742 1.226961 139 69 19
9.628350 12.579714 -0.151399 34 139 34
17.575026 -19.368039 -0.000152 139 69 19
17.756269 -9.119669 -0.122822 139 69 19
-23.526916 -23.259780 -0.330788 34 139 34
16.260934 14.897542 0.188804 34 139 34
24.935805 -14.209168 0.444377 34 139 34
16.636685 11.013226 0.263355 139 69 19
6.093738 -2.032933 0.838518 139 69 19
2.091111 -9.767512 -0.778666 139 69 19
21.043330 -7.622287 -0.602683 34 139 34
5.702020 12.578844 0.414803 139 69 19
-7.607910 -5.615835 -0.674308 34 139 34
15.983235 22.297289 -0.364697 34 139 34
7.836350 -23.726217 -0.032858 34 139 34
-22.803347 -14.128526 -0.978600 139 69 19
20.508006 -2.230685 -0.830763 139 69 19
7.135600 18.510787 0.423667 34 139 34
-0.647553 21.488143 1.061564 34 139 34
8.730656 -14.576956 -0.873662 34 139 34
-2.269614 4.742738 0.365691 139 69 19
0.747199 -3.617767 0.406593 139 69 19
4.714512 -24.638563 -0.643197 34 139 34
-3.781768 16.039613 0.345928 34 139 34
-11.629383 24.539995 0.134650 139 69 19
-6.913330 18.004911 0.579128 34 139 34
-9.846654 -20.936655 0.184537 34 139 34
-10.705423 -2.068873 0.260374 139 69 19
-13.220541 2.805277 0.996669 139 69 19
-12.156723 -8.562044 0.674413 34 139 34
-18.664577 -16.518474 -0.770558 139 69 19
-11.100729 8.060649 0.081462 34 139 34
-5.923775 3.390929 0.102679 139 69 19
-24.941391 23.411277 -0.688567 34 139 34
-4.677264 17.891929 -0.705256 139 69 19
-6.137922 1.407710 0.339869 139 69 19
-7.355159 23.758251 0.535176 139 69 19
-20.917962 5.878856 0.758045 139 69 19
6.763945 -23.311443 0.158904 34 139 34
-18.370383 18.644532 0.664084 34 139 34
-7.352901 -12.462690 -0.849884 34 139 34
-22.242189 -12.129495 -0.520354 139 69 19
13.182181 18.129740 0.501429 139 69 19
-20.540032 23.661905 -0.333027 139 69 19
10.436158 -10.437522 -0.861861 34 139 34
-20.482863 -23.626127 -0.627827 139 69 19
1.866396 20.582438 -1.061051 34 139 34
-13.753516 20.004538 -0.243991 34 139 34
21.943891 -18.846158 -0.021445 139 69 19
0.362286 -14.482959 -0.295900 34 139 34
19.508440 7.586743 0.432641 139 69 19
-22.307694 -17.420865 0.116029 139 69 19
15.362594 19.246625 -1.130372 139 69 19
-1.032156 10.832354 -0.029494 34 139 34
10.802950 -14.247070 0.355488 34 139 34
10.986257 12.987874 -0.418575 139 69 19
-4.009927 -16.371433 0.387720 139 69 19
-0.575733 5.773838 1.271964 139 69 19
-20.085670 17.057459 -0.072748 139 69 19
1.783830 -17.462676 -1.158171 139 69 19
-1.036819 -16.676644 -0.558141 34 139 34
-3.524374 23.437623 -0.324970 34 139 34
10.862173 -1.393331 0.814058 139 69 19
24.615001 -6.040616 0.549044 139 69 19
10.353875 -23.586169 -0.697935 34 139 34
17.490250 -17.723889 -0.071682 34 139 34
-17.885037 12.485334 -0.716671 139 69 19
3.785101 14.268811 -0.363152 34 139 34
0.098976 -6.097568 -0.051363 139 69 19
9.721090 -16.995260 0.341849 34 139 34
-10.725252 -1.466557 -0.182208 139 69 19
-14.790751 -11.890461 0.228578 34 139 34
3.574638 -13.806829 0.796713 34 139 34
7.662621 -2.038750 -0.385798 139 69 19
6.512986 -21.706208 -0.757849 34 139 34
-9.969679 -0.851775 0.213004 139 69 19
21.824220 -6.959977 -0.554228 34 139 34
-8.955425 -13.286210 -0.280210 34 139 34
14.020490 -15.675958 -1.048204 34 139 34
11.163373 10.956099 0.190510 139 69 19
5.825630 -9.041511 0.564027 34 139 34
-15.090820 -14.967251 -0.607093 139 69 19
-2.331092 13.450692 -0.104262 139 69 19
0.417733 13.886739 -0.663742 34 139 34
-16.857614 1.791170 0.185537 139 69 19
21.807407 8.408453 -0.403575 139 69 19
-21.172764 -11.348357 0.511068 139 69 19
6.464785 -2.769207 0.001945 34 139 34
19.144204 -17.564814 -0.331100 139 69 19
16.026137 -12.773660 -0.674999 139 69 19
-9.994828 15.701271 -0.103424 139 69 19
7.339672 -0.677828 0.879730 34 139 34
16.907128 -15.195574 -0.343728 34 139 34
-14.401901 -4.159022 -0.000780 34 139 34
-21.349868 18.777068 0.617032 139 69 19
2.244142 2.913460 -1.704033 34 139 34
-18.410942 -9.524374 -0.388597 34 139 34
8.048260 -10.073770 0.687643 34 139 34
9.652863 -8.755891 0.580979 139 69 19
-2.406822 -0.763658 0.245447 34 139 34
3.567629 -23.323507 -0.615886 139 69 19
13.986163 -0.962685 0.091947 139 69 19
-20.335596 -7.509955 0.406529 139 69 19
12.887648 -19.721235 -0.515057 139 69 19
7.550664 -11.421861 -0.693959 139 69 19
-19.914450 -4.534461 0.468020 139 69 19
9.531307 -22.390687 0.412169 139 69 19
24.064521 -16.591565 0.088532 34 139 34
-10.007153 18.948924 -0.457954 34 139 34
-17.296907 0.506168 -0.551135 139 69 19
2.720949 12.939189 -0.358520 34 139 34
11.864804 -21.458167 -0.467744 34 139 34
8.178896 -5.477260 -0.239964 34 139 34
8.802450 -4.784666 0.758763 139 69 19
-18.772487 -12.844635 0.001991 34 139 34
-14.869695 -7.717657 -0.311704 139 69 19
-14.651423 3.723860 -0.460979 139 69 19
-20.098830 -2.725659 -0.303249 139 69 19
19.951123 -0.916397 -0.996782 34 139 34
7.461706 -16.432712 -0.047656 139 69 19
22.683109 20.458531 -0.427333 34 139 34
3.157832 -23.418625 0.949757 139 69 19
13.927596 -5.862367 -0.079444 34 139 34
-6.783309 8.741387 1.252021 34 139 34
-8.731064 -24.091389 -0.297396 139 69 19
8.248047 12.997080 -0.129840 34 139 34
-3.749580 4.023805 -0.038025 34 139 34
-6.065545 -22.373766 0.036400 139 69 19
-11.008196 -20.441069 0.288681 139 69 19
-12.503126 -22.511260 -0.513033 34 139 34
-23.616802 16.596657 -0.046556 139 69 19
-2.479585 -9.610993 -0.147717 139 69 19
-2.877241 -10.948105 0.440046 139 69 19
-19.688603 -5.733920 0.243585 139 69 19
-18.385288 5.713277 0.070263 34 139 34
10.462805 -20.943153 0.305610 139 69 19
-4.099178 15.380479 0.277435 139 69 19
-2.506658 11.926547 0.707332 139 69 19
19.667752 -16.497966 0.201669 34 139 34
3.865534 6.356331 -0.021708 139 69 19
-10.693915 -19.042641 0.056157 34 139 34
-14.556127 7.934243 -0.399795 34 139 34
-21.680147 -2.136846 0.345897 139 69 19
-17.519425 -3.730801 0.447204 34 139 34
6.991561 -3.241193 -0.216490 139 69 19
-6.008349 11.735926 0.695695 34 139 34
3.325924 21.934173 0.337707 34 139 34
-14.506780 10.976799 -0.254438 139 69 19
-16.196368 -22.374031 -0.224174 139 69 19
-21.520383 -13.974232 0.654324 34 139 34
-6.866570 -20.004339 -0.608883 139 69 19
-13.884395 -14.465044 0.683171 34 139 34
9.758851 24.465628 0.269369 139 69 19
2.650100 22.122977 -0.087219 34 139 34
14.781471 -21.432171 1.323020 34 139 34
15.523679 16.217509 0.491432 139 69 19
21.562684 13.411748 -0.005034 34 139 34
-21.355428 -3.764228 -0.752953 139 69 19
24.357755 -10.550871 -0.564632 34 139 34
19.233408 -16.512421 -0.543094 139 69 19
21.546271 -7.548873 -0.025357 139 69 19
-4.614142 2.356564 -0.178233 139 69 19
-11.298167 -3.242562 0.452856 34 139 34
0.151469 6.402305 0.422828 34 139 34
5.110083 13.869628 0.094018 139 69 19
-3.440327 -2.875705 0.169020 139 69 19
-13.909856 -15.320773 -0.350144 139 69 19
16.021394 -23.704626 -0.237548 139 69 19
16.087798 -8.932392 0.010170 34 139 34
6.812054 -15.266386 0.212002 34 139 34
11.550729 -6.602393 0.125798 139 69 19
-20.300929 -5.229392 -0.077772 139 69 19
22.295257 3.212840 0.294665 139 69 19
18.998796 6.312070 0.104382 139 69 19
-6.131015 1.014694 -0.357051 34 139 34
21.715997 -17.991628 -0.036037 34 139 34
15.827683 -5.088050 0.174378 34 139 34
-10.856104 13.883372 0.720165 34 139 34
13.944427 -24.437120 0.792155 139 69 19
-1.949311 4.870800 -0.094406 34 139 34
-10.885812 -11.278329 -0.696772 139 69 19
-23.047235 -5.410852 0.142646 34 139 34
15.306990 -3.608240 -0.003012 139 69 19
2.535599 -20.686802 -0.233128 139 69 19
3.390609 5.649662 -0.397566 139 69 19
14.030205 14.527726 -0.680168 34 139 34
-13.384470 19.886159 1.111969 34 139 34
-3.207925 23.553090 -0.401380 139 69 19
20.825157 -14.479927 0.453583 34 139 34
-12.375750 0.446408 0.414705 34 139 34
1.399503 -11.077795 0.621279 139 69 19
-12.836951 -5.321113 0.260561 34 139 34
-12.842615 5.952914 0.112490 34 139 34
-2.073874 -14.120074 0.410644 139 69 19
1.343808 14.712482 -0.137789 139 69 19
-0.909390 22.986391 -0.008282 139 69 19
-1.738999 23.218367 0.290931 139 69 19
-6.423279 18.281965 0.147356 139 69 19
-0.338412 -6.556930 -0.325273 34 139 34
-14.094825 1.839893 0.160259 34 139 34
12.619440 -1.996704 -0.989399 34 139 34
-6.948137 8.000431 0.114940 139 69 19
8.387829 -8.959623 0.810676 139 69 19
-21.945741 -2.919835 0.716519 139 69 19
2.291404 1.865606 -0.334985 34 139 34
1.364548 -23.984670 -0.110843 139 69 19
17.722561 -15.757478 0.387249 139 69 19
-10.730676 14.594896 -0.952199 34 139 34
-9.924132 4.052040 0.225113 139 69 19
-21.952458 5.352309 0.705658 139 69 19
11.424896 4.613531 -0.235331 139 69 19
7.386702 8.249525 -0.837619 34 139 34
16.684554 8.381854 -0.381951 34 139 34
-16.358145 -4.212460 -0.496877 34 139 34
-15.731511 -13.002803 -0.259563 139 69 19
7.258486 -2.367706 0.355594 34 139 34
16.011409 9.909873 -0.084371 139 69 19
-18.373450 -13.187216 -0.565665 139 69 19
3.968655 7.226014 0.054325 139 69 19
-9.191378 -4.887738 -0.547945 34 139 34
-7.057866 2.969469 0.271525 34 139 34
22.841304 20.579480 1.059292 139 69 19
-20.140816 0.992896 0.705830 139 69 19
3.319967 13.243365 -0.213837 139 69 19
9.057189 -20.396579 -0.165183 34 139 34
-16.771887 -6.303706 -0.071304 139 69 19
18.889103 -19.809278 0.032545 139 69 19
8.710498 13.157016 -0.305265 34 139 34
8.628241 -6.134597 0.197902 34 139 34
-10.295914 -24.306291 -0.202772 34 139 34
15.756164 -13.474761 -0.784160 34 139 34
-16.178474 -8.332035 0.391913 139 69 19
9.454259 -10.371124 -0.458999 139 69 19
7.239822 -6.445878 0.468549 34 139 34
22.172662 -2.718991 -0.736824 34 139 34
-16.509677 5.558976 -0.031131 34 139 34
-14.108121 13.285392 0.111527 34 139 34
3.776277 -1.458299 1.494990 34 139 34
2.575070 -24.493461 -0.194596 139 69 19
11.868424 -23.138708 -0.517415 139 69 19
24.000691 10.883077 0.126187 139 69 19
11.723796 20.743313 -0.091560 139 69 19
-1.134740 -11.688338 -0.615134 34 139 34
20.393051 -16.611667 -0.287306 34 139 34
-23.366244 23.586574 -0.596501 139 69 19
9.323379 24.394038 -0.336882 139 69 19
18.047443 4.628346 0.509910 139 69 19
-23.676246 5.441830 -0.280125 34 139 34
7.313905 -12.517630 0.868006 139 69 19
14.441011 -9.445160 -0.481330 139 69 19
13.141413 13.530937 0.220623 139 69 19
-18.655248 -3.868911 0.680658 139 69 19
-8.532719 -19.097384 -0.509110 34 139 34
23.207995 -9.828545 0.206104 34 139 34
-15.794612 -2.093435 -0.444717 139 69 19
20.291528 12.996794 -0.013161 34 139 34
18.977550 10.244945 0.858870 139 69 19
-10.122636 12.001690 -0.148889 34 139 34
-2.311202 -22.704333 -0.341494 34 139 34
4.816857 0.795216 -0.010697 139 69 19
12.847440 -0.407165 -0.656847 139 69 19
-4.881637 -24.610889 0.284890 139 69 19
7.146511 -11.665214 -0.615898 34 139 34
-10.199769 11.862271 0.798296 34 139 34
-2.754831 -8.579916 -0.200630 34 139 34
3.440361 8.747701 0.726099 139 69 19
-6.542083 14.976011 0.365185 34 139 34
5.872376 19.420719 0.472883 139 69 19
-19.052919 -3.494471 -0.140035 34 139 34
23.372596 5.390826 -0.535511 139 69 19
-23.655619 14.589884 0.186332 139 69 19
6.008664 -16.788060 0.085025 139 69 19
13.521489 -17.266785 0.122581 139 69 19
-23.885582 23.339697 0.584064 139 69 19
-0.038089 5.348789 0.478191 34 139 34
24.859521 -1.079146 -0.179819 34 139 34
-2.336387 13.330473 0.816413 139 69 19
-11.286182 -13.374465 0.085742 139 69 19
11.366623 -20.865084 -0.204160 139 69 19
7.057278 -9.454202 -0.070477 139 69 19
-17.281818 13.453722 0.797369 34 139 34
9.863479 -24.582571 -0.424072 34 139 34
10.343287 12.613634 0.187530 139 69 19
10.278173 -11.642215 0.885383 139 69 19
16.171784 -17.621636 0.842023 34 139 34
-8.937341 -5.024921 0.748214 34 139 34
19.384140 -14.412848 -0.510961 139 69 19
3.831966 7.104012 -0.564758 34 139 34
-11.044049 4.701730 0.616203 139 69 19
-15.711225 -20.272390 0.095015 139 69 19
21.571714 20.960529 0.056575 34 139 34
17.539905 10.437830 -0.611560 34 139 34
2.434407 6.589729 0.045918 139 69 19
-3.895648 15.519862 0.218958 139 69 19
-12.337338 -0.391788 -0.074581 139 69 19
18.037273 -14.230463 0.530076 139 69 19
5.426353 11.349356 -0.401942 34 139 34
-4.723693 -0.221301 -0.005046 139 69 19
-0.688286 -3.627318 0.023889 139 69 19
-16.879845 18.307565 -0.486498 139 69 19
-2.359288 -15.500032 -0.127121 34 139 34
-15.112021 -3.058483 -0.221613 139 69 19
18.363847 -0.379177 0.088102 139 69 19
20.581917 18.145073 -0.448883 34 139 34
19.843723 2.423338 -0.329856 34 139 34
-16.655082 -8.523791 0.423794 34 139 34
6.220948 14.146174 -0.194689 139 69 19
18.143671 -13.362043 -0.465114 34 139 34
21.734579 -15.820600 -0.082422 139 69 19
17.461913 5.396448 -0.228593 34 139 34
2.864258 2.432974 0.551622 34 139 34
1.520765 -3.032797 0.069887 139 69 19
15.893701 2.630890 -0.714757 34 139 34
-23.570720 -21.396687 0.765439 139 69 19
-20.067435 -21.412278 -0.144678 34 139 34
-14.257793 -24.302400 -0.023840 34 139 34
-3.934069 -14.997625 -0.211125 34 139 34
15.388820 -18.262052 -0.157370 139 69 19
-13.295172 -2.570889 -0.635085 34 139 34
1.086835 0.461184 -0.003724 139 69 19
13.313756 -13.694637 -0.159684 34 139 34
5.145336 -4.261753 0.319170 139 69 19
5.772391 17.058625 0.313655 34 139 34
2.859194 2.614055 -0.011263 34 139 34
5.189023 1.013007 0.092675 34 139 34
11.024867 -22.822572 0.488559 139 69 19
-10.791556 17.137062 0.105594 139 69 19
-23.619363 -19.948227 -0.009662 34 139 34
18.700043 -18.826601 0.546546 34 139 34
21.423264 -20.492805 0.397253 139 69 19
-18.559925 22.186221 -0.369197 139 69 19
15.402984 -4.334009 0.252621 34 139 34
-3.395110 -18.456689 -0.463171 139 69 19
18.707133 -10.829061 -0.054476 139 69 19
-15.572866 -17.616159 0.644794 139 69 19
-18.389195 8.606921 -0.008354 139 69 19
18.670102 12.727887 0.996405 34 139 34
23.742927 16.899008 -0.091023 34 139 34
22.145733 3.496272 -0.250992 139 69 19
-18.958068 -3.961297 0.268305 139 69 19
-13.117856 -19.063301 -0.161823 139 69 19
-6.004340 -3.420677 0.143947 34 139 34
-10.880291 -7.749450 -0.223611 34 139 34
-20.110133 -17.078833 0.336460 139 69 19
6.121525 1.057250 -0.727962 139 69 19
-17.210183 -14.411175 -0.193647 139 69 19
-14.031058 21.712877 0.909125 139 69 19
5.123797 -21.547389 -0.532604 139 69 19
14.548735 -0.816591 -0.499191 34 139 34
-21.002111 8.471514 -0.420082 139 69 19
15.814211 -14.678605 -0.033159 34 139 34
13.112195 7.457881 0.708471 34 139 34
2.512430 -3.393617 -0.375271 34 139 34
8.553272 5.342997 -0.517202 34 139 34
-12.608276 2.646939 -0.159722 139 69 19
19.582866 1.073152 -0.204315 34 139 34
0.982575 19.070644 -0.819384 34 139 34
22.794961 24.598976 0.221873 34 139 34
21.619056 23.116150 -0.375196 34 139 34
23.437670 -22.271968 0.403199 139 69 19
6.227952 -8.109253 1.257486 139 69 19
-20.160670 -1.377020 -0.234738 34 139 34
-12.855115 -15.981858 0.023375 34 139 34
-14.133513 -18.325220 0.412989 139 69 19
-5.666619 -4.779066 0.782447 34 139 34
4.022609 -22.277094 0.073963 139 69 19
5.735713 0.857954 0.385950 34 139 34
-18.504225 -11.093842 0.132368 34 139 34
18.608742 0.965310 0.361561 34 139 34
1.159669 -15.724132 0.839868 34 139 34
13.172615 -19.039814 0.005435 139 69 19
-18.628617 24.687559 -1.163052 34 139 34
-19.047031 15.325679 -0.430214 34 139 34
-9.609187 -7.033178 0.736185 34 139 34
22.852605 -2.326090 -0.145705 34 139 34
-5.444839 -14.391035 0.092372 34 139 34
9.366262 23.358300 -0.652246 139 69 19
-11.889790 23.129168 0.457306 139 69 19
-7.708539 9.506080 0.001526 139 69 19
13.969776 -7.101866 -0.368019 34 139 34
-2.361651 19.833787 -0.334781 139 69 19
1.150198 18.881430 0.270914 139 69 19
-19.419065 -11.803307 0.737395 139 69 19
19.663130 -21.171924 1.388809 34 139 34
0.445989 -4.263863 0.318526 139 69 19
16.670477 13.711780 0.225995 139 69 19
-1.404882 17.624732 -0.226168 139 69 19
1.022743 15.059483 0.460702 139 69 19
12.689271 8.649853 0.401925 139 69 19
15.737835 -2.780961 0.172831 34 139 34
13.207275 2.732791 0.189176 34 139 34
11.455016 17.114923 -0.229107 34 139 34
-20.747269 12.904659 -0.035475 139 69 19
-1.059294 -8.227851 0.838377 34 139 34
-1.072344 1.551888 0.444595 34 139 34
15.379380 20.532267 -0.233040 34 139 34
-12.815708 17.689802 0.136299 139 69 19
8.706249 11.206459 0.751893 34 139 34
15.096843 17.114792 -1.018514 34 139 34
16.593740 -1.236119 -0.454585 34 139 34
24.378726 24.915860 0.277750 34 139 34
14.473245 24.440710 -0.370636 34 139 34
-15.871132 -0.196878 -0.496483 34 139 34
-15.462907 22.305121 0.274631 139 69 19
-4.947416 -22.662639 -1.208080 34 139 34
-16.452272 -9.151729 -0.402068 34 139 34
15.334421 -18.036378 -0.428127 139 69 19
22.117603 -23.447897 -0.463703 34 139 34
-13.417052 19.923506 -0.171344 139 69 19
23.715005 0.830865 0.519317 139 69 19
5.029632 8.473932 0.106755 139 69 19
14.781391 12.720235 -0.256652 34 139 34
-22.589429 -7.649613 0.057634 139 69 19
-0.608814 13.612816 0.269471 139 69 19
-23.992357 -5.521679 1.237973 34 139 34
21.782201 19.431298 0.051214 139 69 19
-7.523300 -14.829612 -0.357763 34 139 34
11.078353 -17.383747 0.996069 34 139 34
-13.281095 -17.233170 0.311752 34 139 34
22.683751 0.247163 -0.081250 139 69 19
-11.375035 -23.886713 -1.078337 139 69 19
-24.061022 8.370132 0.302279 139 69 19
-24.915521 12.214340 -0.345215 139 69 19
-2.033532 -11.594694 -0.255025 34 139 34
4.307750 11.329235 1.237268 34 139 34
-1.042142 20.388025 -0.437316 34 139 34
0.901740 -15.321228 0.453481 139 69 19
-10.680728 -11.224347 -0.048533 34 139 34
-22.108636 12.966392 -0.089145 34 139 34
-16.254840 8.511128 -0.303319 34 139 34
-2.457859 3.596832 0.362514 139 69 19
-3.098548 -21.639988 0.343399 34 139 34
-3.178855 -18.683609 0.374304 34 139 34
-2.809738 12.837979 0.459040 139 69 19
-10.109000 17.378897 0.320887 34 139 34
20.864033 -17.832574 -0.372867 139 69 19
-5.468194 4.712926 0.489665 139 69 19
-5.580491 13.882989 0.492075 34 139 34
-24.300971 -10.448468 0.738249 139 69 19
5.770613 -12.251455 -0.229205 34 139 34
6.388258 -19.960559 -0.774644 139 69 19
-24.317301 20.995407 -0.853158 34 139 34
11.177727 -4.563681 -0.403317 139 69 19
-14.513759 21.720725 0.043520 34 139 34
7.320675 -23.244681 -0.078903 139 69 19
16.675287 19.919040 -0.754287 34 139 34
-19.785284 -19.681372 -0.514927 34 139 34
-10.259067 15.013228 0.132206 139 69 19
8.257832 2.022177 -0.155881 34 139 34
-0.138519 -18.164015 0.171868 34 139 34
13.274316 18.050373 0.016993 34 139 34
-10.358561 8.229284 -0.073754 34 139 34
-0.659499 5.108858 -0.088937 34 139 34
-7.193906 -3.138752 0.525792 34 139 34
6.628883 -16.147257 0.079678 139 69 19
-10.695732 1.295611 -0.526730 139 69 19
-7.613872 3.065721 0.352175 139 69 19
-8.222164 0.335602 0.484871 34 139 34
1.139366 -15.792378 0.276711 34 139 34
-13.169906 17.820866 -0.689336 139 69 19
13.731852 -9.346869 0.400592 139 69 19
-8.233352 18.567609 0.132110 34 139 34
-6.975930 -15.970477 -0.369572 139 69 19
24.349858 24.168513 -0.136756 139 69 19
2.283295 -11.712838 0.332057 34 139 34
15.764391 -18.307341 0.450773 34 139 34
5.924979 15.275012 0.143776 139 69 19
-10.855739 15.956776 -0.116037 139 69 19
13.047636 4.040501 -0.133433 34 139 34
-22.753312 -0.957214 0.836126 139 69 19
-21.992127 -20.572118 0.199626 34 139 34
-23.840334 24.219258 1.261244 139 69 19
6.278270 -12.668292 1.102782 34 139 34
24.212794 4.615756 0.088949 139 69 19
-8.747870 17.257576 0.015835 139 69 19
19.083719 -2.582146 -0.468052 139 69 19
17.769708 -14.401071 -0.301310 34 139 34
8.184720 13.613146 0.008223 34 139 34
-21.500976 -1.650497 -0.256304 139 69 19
-12.992113 16.012508 0.796251 139 69 19
20.125301 -3.761933 0.013100 34 139 34
-5.170398 20.945849 0.371906 139 69 19
-15.545080 -7.441587 0.213000 34 139 34
17.255468 -19.939723 -0.157318 139 69 19
5.856370 -3.635915 0.123651 34 139 34
0.414579 13.956044 0.091901 139 69 19
8.976234 -11.265130 0.123541 139 69 19
20.089403 15.807997 -0.654477 139 69 19
5.897344 14.314330 0.400069 34 139 34
10.852381 19.066885 -0.053246 34 139 34
-8.205983 16.809842 0.178747 34 139 34
17.481512 -8.117496 0.723399 139 69 19
-21.704549 -4.195749 0.165028 139 69 19
-15.035255 -18.902288 -0.040132 139 69 19
-2.226950 23.608177 -0.325979 139 69 19
-9.352342 -19.800577 -0.883464 139 69 19
14.620261 14.132033 0.026162 34 139 34
5.967639 17.454754 -0.620764 34 139 34
15.433227 -23.427553 -0.013960 139 69 19
21.859067 1.451440 -0.802031 139 69 19
7.642942 -1.636500 0.364297 139 69 19
-10.924897 -4.555851 0.155923 34 139 34
-7.021721 -20.444942 -0.087321 139 69 19
-0.835149 19.599744 0.079040 139 69 19
2.507056 -22.628148 1.022817 139 69 19
19.243126 18.130268 0.019058 139 69 19
-8.509870 -1.541547 -0.535329 139 69 19
14.028459 10.983332 0.462557 139 69 19
1.609533 8.729862 -0.236591 34 139 34
-16.944680 -9.689043 -0.014882 34 139 34
6.996418 8.296967 -0.387029 139 69 19
-24.693357 5.791836 0.083539 34 139 34
13.918804 2.168241 -0.107161 139 69 19
11.996674 21.033500 0.310983 34 139 34
17.071953 -13.897471 0.710865 139 69 19
19.665806 17.006356 0.062148 139 69 19
3.329585 21.378645 0.985835 139 69 19
9.753708 -8.379147 0.480756 34 139 34
15.538429 -2.147365 -0.991499 34 139 34
-7.740365 17.654405 -0.639644 34 139 34
-4.351798 -9.576676 0.000237 34 139 34
-22.604665 3.821896 0.409371 34 139 34
23.301577 -4.499541 -0.631665 34 139 34
-19.174284 14.801308 0.563047 34 139 34
6.989902 -8.008016 0.107413 139 69 19
-2.893372 -19.596484 -0.385917 34 139 34
6.920290 -7.852775 -0.464951 139 69 19
3.853369 21.821582 0.370937 139 69 19
1.738546 -24.166424 -0.719599 34 139 34
0.754722 11.642826 -0.184441 139 69 19
9.814685 -13.329124 -0.988789 139 69 19
5.210914 -19.810654 -0.483876 139 69 19
4.790818 10.348042 -0.280304 34 139 34
10.592494 22.519532 -0.556175 34 139 34
-2.191168 -20.186569 -0.402203 34 139 34
8.304413 23.364806 -0.168046 34 139 34
-23.728257 16.798827 0.283257 34 139 34
-6.442778 -6.253744 -0.762242 34 139 34
-11.661309 -13.043932 1.149082 34 139 34
-1.707167 -0.100327 0.811153 139 69 19
15.821782 9.332537 -0.833148 34 139 34
7.981826 -15.337555 -0.026167 139 69 19
-16.964832 -8.316832 -0.022519 34 139 34
9.346178 -8.902228 0.205981 34 139 34
10.049351 0.383917 -0.026338 34 139 34
0.693730 -8.934494 0.071308 139 69 19
-11.455547 -20.947552 0.093407 139 69 19
-19.033296 16.513774 1.080878 34 139 34
2.597772 -1.590042 -0.212661 34 139 34
12.127227 -16.394522 0.035105 139 69 19
-0.915481 -17.112959 0.320316 139 69 19
24.317552 -23.768047 -0.376964 34 139 34
-14.486720 -21.578010 -0.107737 139 69 19
2.305293 -14.378361 0.606313 34 139 34
5.269715 24.464867 0.493379 139 69 19
-17.890723 -20.592376 0.186618 34 139 34
-10.519332 -2.415484 0.142182 139 69 19
16.032774 -11.513495 0.094558 139 69 19
1.835033 16.389859 -0.495783 139 69 19
19.840014 15.529881 0.045606 34 139 34
7.026856 -20.272002 -0.934165 34 139 34
17.723545 7.551223 0.805567 139 69 19
-7.307498 -14.460333 -0.150835 139 69 19
-15.634580 -2.827557 0.197650 34 139 34
19.414991 -18.139884 -0.375782 34 139 34
22.529005 2.764993 0.137566 139 69 19
12.652037 11.857584 0.041789 139 69 19
-16.181247 16.201517 0.420230 139 69 19
-22.197594 -22.157383 0.116399 34 139 34
-12.727187 -19.789884 0.506276 34 139 34
-5.287892 6.168980 -0.108517 34 139 34
21.976515 14.295921 0.664150 34 139 34
-14.136148 -5.450511 -0.680882 139 69 19
-18.682225 -9.120512 0.756611 139 69 19
-9.887845 20.774516 -0.195447 34 139 34
12.057317 -3.044871 0.089018 139 69 19
6.143656 -16.490626 -0.260898 139 69 19
-11.516720 24.670224 -0.103327 34 139 34
6.462846 24.309557 -0.111530 139 69 19
19.032349 -16.621289 -0.149883 139 69 19
15.442759 20.398542 -0.286084 34 139 34
-0.009031 22.704320 0.095276 139 69 19
22.020118 13.856276 -0.136480 139 69 19
17.903024 -14.408334 0.105850 34 139 34
8.008973 20.144191 0.376207 139 69 19
11.941389 10.700540 -0.434201 34 139 34
6.848396 17.344360 0.127775 139 69 19
8.440254 -9.608438 0.203320 139 69 19
-15.468875 -4.083334 -0.314069 139 69 19
-6.520552 -2.389114 0.091579 139 69 19
-23.314440 -6.582420 -1.499538 34 139 34
-20.258316 -16.699136 -0.253571 34 139 34
17.929659 14.164928 0.332527 34 139 34
-1.465781 3.431839 -0.488271 139 69 19
19.615767 -21.750091 -0.218717 34 139 34
-18.825939 -19.265618 -1.152192 34 139 34
13.746001 8.462819 -0.106184 34 139 34
-24.839979 5.974433 -0.790166 34 139 34
-11.562315 -11.813237 -0.488090 139 69 19
-10.833057 3.257720 0.840497 139 69 19
-18.921333 23.176237 0.669415 34 139 34
-2.432832 0.402192 0.193032 139 69 19
-7.473795 13.446007 0.645708 34 139 34
-14.791020 8.230556 -0.250787 139 69 19
19.592168 6.342485 0.473430 139 69 19
16.017106 8.917090 -0.559781 34 139 34
18.435602 0.389273 -0.327648 34 139 34
12.619743 -17.445640 -0.791774 34 139 34
-5.120278 3.204194 0.318142 139 69 19
-21.930520 14.084498 -0.228869 139 69 19
-13.308879 14.899250 -0.383100 34 139 34
-24.472127 17.572245 -1.011401 139 69 19
-6.573559 -0.361114 -0.660744 139 69 19
8.076956 17.761684 0.131937 139 69 19
-18.276678 16.459194 0.479264 34 139 34
-0.857902 -24.780917 -0.371482 139 69 19
-13.422301 14.307820 -0.163556 139 69 19
20.682524 16.369947 -0.630479 139 69 19
22.389759 -5.475066 0.487699 34 139 34
1.494789 -20.493956 0.326356 139 69 19
-20.109286 1.869075 -0.549298 34 139 34
7.020517 -12.052592 0.704786 34 139 34
-16.119461 3.506967 -0.530803 34 139 34
7.117795 -14.946169 -0.056596 139 69 19
10.617757 -23.708398 -0.677109 139 69 19
20.736159 15.678112 0.026789 139 69 19
-1.485981 4.816528 -1.479971 139 69 19
-21.673016 -18.800741 0.356986 139 69 19
-17.147040 -2.428649 -0.092762 139 69 19
-2.740251 -6.780194 0.655673 34 139 34
6.210345 5.267001 -0.856546 34 139 34
3.353980 1.233316 0.286887 139 69 19
-5.030050 -15.516587 -0.123394 139 69 19
-19.224979 11.103162 0.203939 34 139 34
24.349999 7.463780 -0.126670 34 139 34
24.221913 9.712790 0.674395 34 139 34
11.483978 -1.621778 0.125446 139 69 19
6.767615 19.067250 0.318837 34 139 34
18.126384 -8.382954 0.461187 34 139 34
-6.605129 -19.455971 -0.861913 34 139 34
24.433021 -17.337116 -0.181386 139 69 19
15.835044 4.106847 1.027559 139 69 19
-7.546875 -1.999318 0.117029 34 139 34
12.661855 -10.879050 -0.349244 34 139 34
2.258563 8.999368 0.323597 34 139 34
-0.648711 22.617475 -0.017512 34 139 34
-12.484056 15.567343 0.356557 139 69 19
3.018877 13.680891 0.756890 139 69 19
-22.023924 9.345431 0.131754 139 69 19
9.273493 13.739335 -0.213674 139 69 19
-6.531668 14.822748 0.101021 34 139 34
-11.109520 14.967003 -0.162546 34 139 34
-2.787471 3.407113 0.396966 34 139 34
24.091038 17.034089 -0.054964 139 69 19
-2.291849 -23.016920 -0.136550 34 139 34
17.723690 8.074942 0.701890 139 69 19
23.388196 14.699643 0.206823 34 139 34
18.987697 -1.926927 0.061984 139 69 19
0.851359 -12.710511 0.273506 34 139 34
12.181491 21.553595 0.307192 34 139 34
-4.068818 -1.167708 0.678048 34 139 34
-17.408173 -10.605826 -0.503981 139 69 19
17.087176 19.335099 0.641511 34 139 34
4.452965 9.542993 0.284550 139 69 19
21.476797 22.555200 0.880320 34 139 34
1.715107 -13.280308 -0.153242 139 69 19
11.657367 -4.858725 0.855261 34 139 34
-4.004946 -7.415174 0.980568 139 69 19
10.074454 16.972085 -0.447814 139 69 19
2.287360 -21.928446 0.939172 139 69 19
1.027340 -10.931812 -0.132216 139 69 19
-10.289393 -13.652963 0.264269 139 69 19
-22.984925 -11.937133 0.167343 34 139 34
-9.958639 -18.070846 -0.365527 139 69 19
-21.817957 13.206797 0.667534 139 69 19
24.928840 7.632054 -0.262867 34 139 34
0.176095 -8.448926 0.364468 34 139 34
-7.555669 0.177149 -0.120815 139 69 19
9.854712 -10.131740 -0.334181 139 69 19
17.489741 -0.522989 -1.095732 34 139 34
4.273900 22.211231 -0.359892 34 139 34
-11.432737 -7.479993 -0.799751 139 69 19
16.339363 -0.946966 0.359516 34 139 34
-16.238522 -13.987679 0.285415 139 69 19
-15.865910 -9.410598 0.030749 139 69 19
-11.055150 7.449000 -1.095457 139 69 19
24.572432 -18.263430 -0.206290 34 139 34
-6.909062 -18.665870 -0.013838 139 69 19
6.653022 -7.000933 0.239957 139 69 19
-20.336789 -12.047951 0.144447 139 69 19
-20.636620 21.233150 -0.125839 34 139 34
24.529613 -4.314413 0.119213 139 69 19
16.485456 -8.181156 -0.333354 139 69 19
13.779933 0.089608 0.023118 34 139 34
4.451621 -3.366237 0.260891 139 69 19
-23.419411 12.305815 0.036033 139 69 19
0.720105 -19.408992 -0.340641 139 69 19
-24.217902 -17.259612 -0.266554 139 69 19
-24.969408 4.569697 -0.197836 34 139 34
6.921826 19.187436 0.383902 34 139 34
9.868507 9.804703 -0.644669 139 69 19
-14.586435 -1.933161 -0.378856 139 69 19
15.371443 2.473945 -0.401545 139 69 19
2.023850 -15.617007 0.298869 34 139 34
4.040483 -14.101229 0.198007 139 69 19
-6.511269 -13.069984 1.096108 34 139 34
-23.602652 15.934763 -0.118768 139 69 19
3.110487 16.315185 0.008549 34 139 34
9.543590 19.137947 -0.069093 34 139 34
-24.778553 -22.115770 -1.154984 34 139 34
1.533272 12.510047 -0.303812 139 69 19
9.229030 12.678303 0.240208 139 69 19
11.656227 21.700996 0.600649 34 139 34
-5.169852 9.583905 -0.041527 139 69 19
13.087496 14.195795 -0.530118 139 69 19
-7.669370 -24.237003 0.807860 34 139 34
9.118826 3.713025 -0.059732 34 139 34
-13.376760 -1.391765 -0.088504 139 69 19
-9.932739 -9.613388 -0.594786 34 139 34
-0.957168 0.551528 0.439810 139 69 19
-18.322634 -1.796579 -1.920577 139 69 19
11.349629 -12.776699 0.024606 139 69 19
1.375396 -24.106475 0.307538 34 139 34
1.952235 -19.656745 -0.481420 139 69 19
-24.665521 -7.913068 -0.420708 139 69 19
-12.162990 21.716158 -0.508629 34 139 34
2.227865 -18.670934 -0.784632 34 139 34
1.757996 -21.243623 0.310878 34 139 34
6.689501 -14.737535 -0.368478 34 139 34
5.950536 -22.140392 -0.001230 34 139 34
-22.082908 -22.810571 -0.566716 139 69 19
11.589070 13.800656 0.334208 34 139 34
-0.756258 11.717018 0.359697 139 69 19
2.413063 13.928222 -0.127126 34 139 34
-8.631639 -2.800591 0.412725 34 139 34
-17.930776 -20.630285 -0.358183 34 139 34
-0.067573 -1.225596 0.091964 34 139 34
17.212293 -13.739673 -0.919071 139 69 19
16.679693 -5.798127 -0.556995 34 139 34
-7.176924 10.532831 -0.338237 34 139 34
-6.533306 17.159144 -0.553445 34 139 34
3.010377 -21.417462 0.226784 34 139 34
-24.870355 7.013513 0.558717 34 139 34
-15.335396 -23.716492 -0.381877 34 139 34
11.192636 -22.258955 -0.383016 34 139 34
8.694327 -8.678468 -0.511035 139 69 19
23.391239 5.263566 -0.179450 34 139 34
3.042947 15.772542 -0.042846 34 139 34
-7.883696 -20.776589 0.613836 34 139 34
6.809256 -11.933826 0.293909 34 139 34
5.738241 9.662719 0.471538 34 139 34
3.736549 22.061417 0.313683 139 69 19
12.381836 -0.380335 -0.042053 139 69 19
9.848000 -23.920029 -0.731699 139 69 19
22.193741 9.321054 -0.417697 34 139 34
-22.461538 -2.994452 0.977791 139 69 19
-9.166014 -11.264143 -0.397627 34 139 34
-1.839685 10.735534 -0.965077 139 69 19
-10.596772 10.403349 0.046231 139 69 19
15.222887 12.046494 -0.658516 34 139 34
3.624997 0.282868 0.249693 34 139 34
-16.183042 23.028405 -0.073537 139 69 19
-10.594712 0.551166 0.351874 34 139 34
24.454319 24.187909 -0.287976 139 69 19
18.065686 -4.633537 0.132319 34 139 34
-18.304389 7.844333 0.342071 34 139 34
8.671368 2.980753 -0.434290 139 69 19
-3.193677 -10.255209 -0.324067 139 69 19
23.636706 -20.376804 -0.212151 139 69 19
18.730319 -5.079008 -0.393476 139 69 19
21.895690 -8.478104 0.061152 34 139 34
-0.472941 11.608191 -0.397668 34 139 34
10.412192 5.937493 0.422895 34 139 34
1.266631 -8.914850 -0.028033 34 139 34
-21.407517 -13.513333 0.369638 139 69 19
-4.674291 -8.925009 0.816353 139 69 19
-1.870617 21.311676 0.396103 139 69 19
3.128972 -13.612264 -0.090505 34 139 34
14.051826 0.279720 0.143814 34 139 34
2.166285 5.781683 -0.283271 139 69 19
10.966121 -23.788072 1.370937 139 69 19
17.364202 -21.663784 0.137237 34 139 34
24.499192 -12.817913 -0.134611 139 69 19
-3.443482 -23.349722 -0.106377 34 139 34
-4.333041 -0.396994 -0.212388 34 139 34
18.517100 12.886427 -0.697402 34 139 34
2.573976 -7.058865 -0.093308 34 139 34
23.091363 -13.601268 -0.120689 34 139 34
17.244849 3.607689 0.957273 139 69 19
5.372866 -23.938599 0.169878 139 69 19
-7.056920 -13.872242 0.410431 34 139 34
4.086076 21.395956 -0.427425 139 69 19
-17.721629 -21.928171 -0.070043 34 139 34
-9.419353 12.101279 0.509558 139 69 19
-11.071599 -11.760141 -0.664302 139 69 19
4.984386 -17.578574 0.587702 34 139 34
-20.904949 -1.779880 -0.627067 139 69 19
16.280561 -16.460722 -0.074588 34 139 34
16.986224 -1.616829 -0.060977 139 69 19
-12.979107 -12.507221 0.672224 34 139 34
15.048069 16.244472 -0.245963 139 69 19
-13.120236 -5.345473 0.722525 139 69 19
3.406112 24.362747 0.284443 34 139 34
10.769397 0.588290 -0.020070 139 69 19
14.023028 12.576600 0.242493 139 69 19
-12.013575 14.730029 -0.350474 139 69 19
15.695251 12.429872 -0.386389 34 139 34
-20.843468 12.920637 0.061506 139 69 19
-6.401964 -2.621369 -0.420975 139 69 19
-0.469410 -2.362399 0.165837 34 139 34
-4.760380 -14.888689 -0.485689 139 69 19
-20.434147 -13.001905 0.909093 139 69 19
6.906634 -9.381668 0.503515 34 139 34
-3.029673 -9.351435 0.102404 139 69 19
10.365769 13.949593 0.581451 139 69 19
-22.549178 -23.800988 0.629433 139 69 19
24.976635 2.159961 -0.120233 139 69 19
-11.767897 -13.830811 -0.256779 34 139 34
13.730226 21.499076 0.179699 34 139 34
-23.996843 -15.991564 0.041876 34 139 34
-20.967383 -2.593092 -0.537483 34 139 34
20.319052 -14.401168 -0.693661 34 139 34
-19.179441 -4.299094 -0.216109 139 69 19
23.994841 6.391747 -0.405075 139 69 19
-12.668582 -23.856639 -0.205465 139 69 19
0.634103 21.767300 0.043295 139 69 19
14.314271 19.991380 -0.465880 139 69 19
17.942114 -14.039305 -0.550115 139 69 19
0.204019 5.896986 0.444836 139 69 19
1.391628 6.149280 -0.397562 34 139 34
17.423204 -17.107601 0.300656 139 69 19
23.573156 22.914663 0.677761 139 69 19
9.315636 18.244979 0.351731 34 139 34
-15.894167 14.607155 0.035540 139 69 19
2.191192 -5.029626 -0.721344 34 139 34
1.708704 -23.331460 -1.278991 34 139 34
-17.433045 -8.448553 0.551950 34 139 34
10.472296 -12.702063 0.654136 139 69 19
14.450372 -20.178720 0.402305 34 139 34
-5.390824 4.996379 0.381434 139 69 19
-20.086724 5.762934 0.717872 34 139 34
-20.991083 -9.540172 -0.109132 139 69 19
15.727619 7.300105 -0.457713 139 69 19
16.694794 22.747052 -0.400640 34 139 34
-4.333192 16.748841 0.060742 139 69 19
5.662889 -13.050085 -0.021538 139 69 19
-8.126668 1.744468 -0.192369 34 139 34
12.497269 3.115647 -0.479900 139 69 19
11.926276 -24.159215 0.452220 139 69 19
23.207523 3.552668 0.066986 139 69 19
3.893773 18.685490 0.371626 139 69 19
23.803439 -0.206825 -0.043646 34 139 34
-8.941603 -4.577149 -0.237321 34 139 34
14.026466 24.628861 0.532825 34 139 34
2.126983 17.910026 -0.700699 34 139 34
-20.780587 -22.136392 -0.014089 34 139 34
12.528035 -4.316681 -0.020513 34 139 34
17.743331 8.821161 -0.183378 34 139 34
-19.696547 -22.288398 0.640367 34 139 34
15.329087 10.896404 0.121228 34 139 34
-9.070346 -23.464806 -0.148327 139 69 19
21.827218 16.376317 -0.282666 34 139 34
-5.389939 -8.287064 0.169303 139 69 19
7.183091 3.615837 1.217854 139 69 19
-1.509898 -14.983681 -0.184991 34 139 34
-23.792617 16.207186 -0.893631 34 139 34
-7.797490 16.198345 -0.091566 139 69 19
24.777865 22.252746 -0.189783 34 139 34
-24.529332 -7.221428 0.308090 139 69 19
-0.835423 -3.982360 -0.539185 34 139 34
-0.071442 19.208166 -0.291445 34 139 34
14.072855 -15.392008 0.178594 139 69 19
23.913024 -22.414162 0.688661 139 69 19
18.460630 -7.999738 -0.347649 139 69 19
-10.967212 -10.929847 0.063138 34 139 34
18.780780 4.350551 0.316198 139 69 19
5.763607 17.364942 -0.300893 139 69 19
19.640406 2.706445 0.476390 139 69 19
0.207204 -6.409859 0.395029 139 69 19
-19.323052 -20.602109 1.093882 34 139 34
-4.502958 -18.670539 0.423004 34 139 34
-13.910311 -9.838130 0.025312 139 69 19
8.739964 12.577942 -0.673989 34 139 34
21.856816 -13.087524 0.106101 34 139 34
5.638064 -15.779619 0.491004 139 69 19
-11.537108 -9.142243 0.665508 34 139 34
-2.315648 -17.823162 -0.716349 139 69 19
-22.196285 7.344096 -0.071553 139 69 19
-15.043222 -14.775227 0.191516 34 139 34
-20.261466 12.316821 0.472094 139 69 19
-18.329302 -20.892848 0.026680 34 139 34
-5.850017 11.858854 0.667408 139 69 19
-22.982701 13.720275 -0.147839 139 69 19
-22.015087 -11.970817 1.037571 34 139 34
-23.249932 2.948985 -0.658359 139 69 19
3.874573 -15.307805 0.190418 139 69 19
22.787395 -24.592017 -0.290947 139 69 19
18.290750 -18.046913 -0.133831 139 69 19
0.163983 24.858877 0.276083 139 69 19
-7.318274 12.149269 -0.035068 34 139 34
14.778910 -13.479396 0.339039 139 69 19
4.661167 -0.281752 0.105594 34 139 34
1.080628 12.718375 -0.305197 139 69 19
24.690902 -4.588466 -0.503721 34 139 34
20.584741 -2.341754 0.609831 139 69 19
-5.265491 -9.214509 -0.013100 34 139 34
19.342076 5.684810 -0.316932 139 69 19
-24.726890 -17.641259 0.929524 34 139 34
2.641254 -6.534413 0.216738 34 139 34
-12.813073 14.645275 0.217000 34 139 34
-8.267830 13.267862 0.582325 139 69 19
4.407927 -23.223723 1.366122 34 139 34
4.606883 17.942181 0.027526 139 69 19
3.760747 -0.080483 -0.125759 139 69 19
9.904437 -18.984319 0.207863 34 139 34
-21.394383 -13.087913 -0.344307 139 69 19
14.028132 21.442978 -0.446443 34 139 34
-5.618141 -12.567263 0.076446 139 69 19
19.560300 -12.056610 0.058073 34 139 34
12.603791 5.190873 0.016360 139 69 19
-22.162833 -21.531335 0.606066 34 139 34
-2.400121 7.473407 -0.014836 34 139 34
-21.175431 -12.640352 -0.047526 139 69 19
6.612541 21.530077 -0.513995 34 139 34
-12.541721 17.900743 0.286724 34 139 34
22.544760 -5.201006 -0.411597 139 69 19
-7.041362 -11.870038 0.541174 34 139 34
-16.696278 23.756764 0.439831 34 139 34
2.606221 -23.435692 -0.071500 34 139 34
-23.645084 13.855013 -0.243626 34 139 34
-10.801680 13.496862 -0.277310 139 69 19
-2.133398 15.049891 0.582275 139 69 19
-7.995108 -2.628212 0.164021 34 139 34
18.162634 -2.183891 0.501247 139 69 19
-20.707103 10.439549 -0.522326 34 139 34
13.220366 7.612225 -0.432379 34 139 34
-1.003936 -16.252132 -0.588161 139 69 19
-2.494750 24.770844 -0.065019 139 69 19
-8.098191 -0.516693 0.210695 34 139 34
24.143771 8.970595 -0.031720 139 69 19
-5.139839 21.948963 -0.247939 139 69 19
-6.273973 3.228855 0.231355 34 139 34
-19.859589 -24.361749 -1.137507 34 139 34
15.773966 -12.590354 -0.285526 34 139 34
13.321829 17.972519 0.286131 139 69 19
20.950845 12.386285 0.689635 34 139 34
-19.811391 -17.136889 -0.385255 34 139 34
-9.010703 13.358627 0.308023 34 139 34
0.143909 4.878513 0.256473 34 139 34
-15.975458 21.467334 -0.740892 34 139 34
-22.027115 -24.778518 0.603709 34 139 34
5.786875 19.457554 -0.036814 139 69 19
-9.645614 5.695440 0.151579 139 69 19
-24.412923 12.830714 0.613655 34 139 34
8.410288 9.817036 -0.520864 34 139 34
-7.660787 6.347124 0.134018 139 69 19
24.574940 -3.899810 0.228418 34 139 34
-18.829591 -4.240465 0.211121 34 139 34
-10.942588 6.903297 0.445434 139 69 19
1.646979 13.601165 -0.865563 34 139 34
-12.363669 20.718642 0.053509 139 69 19
0.891532 -11.146097 0.341637 139 69 19
7.394969 -2.722716 -0.089928 139 69 19
7.667216 14.152432 0.391737 34 139 34
13.457490 -6.262045 -0.561586 34 139 34
19.536639 -15.411063 0.683238 139 69 19
-23.362108 -3.438083 -0.775761 34 139 34
-14.136224 12.238068 -0.262829 34 139 34
3.067456 21.652581 -0.398741 139 69 19
-20.711585 8.280732 0.543165 139 69 19
-12.291559 20.397752 -0.488397 139 69 19
13.885866 9.277134 0.602627 139 69 19
-24.147252 -19.313183 0.609777 139 69 19
-9.405554 12.403908 0.039565 34 139 34
-0.368037 -11.187487 0.337143 34 139 34
22.902315 6.222334 0.334453 139 69 19
-21.673490 5.019291 -0.523513 34 139 34
-14.077492 19.432716 0.975870 139 69 19
-14.189060 -12.115407 0.121137 139 69 19
-15.986385 -16.947076 -0.083229 139 69 19
-6.464265 0.414200 -0.021083 139 69 19
-2.471261 13.930687 0.423000 34 139 34
-6.588568 14.785043 0.178648 34 139 34
2.785929 -19.599337 0.022846 139 69 19
15.663795 -1.123840 -0.296696 34 139 34
17.658319 20.137396 -0.011237 34 139 34
7.221443 -24.096266 -0.427918 139 69 19
17.060406 -0.524807 0.298973 34 139 34
24.278908 -16.436892 -0.091249 34 139 34
-13.836381 -10.661338 0.102794 34 139 34
-21.894547 -2.268099 0.252080 34 139 34
-10.020615 24.269319 -0.304787 34 139 34
10.656667 19.972597 0.465169 139 69 19
15.458361 8.743237 0.092451 34 139 34
-6.326176 0.892568 -0.421430 139 69 19
-21.709766 5.068124 0.335772 34 139 34
8.379919 3.967435 -0.103348 139 69 19
-24.042916 -18.348034 0.093785 139 69 19
7.779615 -18.307690 -0.017990 34 139 34
-9.543067 11.542423 -0.334056 139 69 19
18.786823 -7.525185 -0.046155 34 139 34
-22.394596 -7.695103 -1.315625 139 69 19
13.484151 -9.890685 0.767147 34 139 34
8.695017 -17.784388 0.132480 34 139 34
-6.430700 -6.427967 0.012914 34 139 34
-16.961534 -11.374254 0.146480 139 69 19
6.060989 -4.710036 -0.984377 34 139 34
-20.060526 7.545130 -0.119851 139 69 19
21.539371 19.154343 0.029035 139 69 19
23.368995 15.564714 -0.832265 34 139 34
-9.081338 -20.218136 0.121542 34 139 34
10.283424 -10.682638 0.727329 139 69 19
19.400830 -8.541196 -0.572648 34 139 34
-7.492312 16.558505 0.670113 139 69 19
-20.167221 4.707596 0.096220 34 139 34
-21.126280 24.124657 0.759901 139 69 19
-17.026458 -11.708979 0.414902 139 69 19
-4.312072 20.941927 0.086709 139 69 19
14.597050 -5.805064 -0.195963 139 69 19
-1.024695 -22.101140 -1.002045 34 139 34
17.496397 22.502906 -0.252667 34 139 34
-11.701009 -19.873213 -0.136895 139 69 19
-24.229629 8.315652 0.231384 139 69 19
-6.359229 18.019165 -0.316876 34 139 34
0.289808 7.190576 -0.140882 139 69 19
15.998559 -22.562498 -0.077979 139 69 19
19.585589 -16.468052 -0.297305 139 69 19
-2.318037 -20.503840 0.570005 139 69 19
-21.559979 -16.699864 -0.178953 139 69 19
8.165504 -21.683853 -0.668672 139 69 19
4.768783 6.718349 -0.242604 34 139 34
-17.857757 22.679876 -0.655836 34 139 34
-21.768963 15.014980 0.171155 139 69 19
-9.730224 -20.006908 0.533515 139 69 19
-19.445717 16.609557 0.086350 34 139 34
1.968007 10.993370 -0.406787 34 139 34
-10.902295 -6.813840 -0.250925 139 69 19
8.444977 19.623188 0.388200 139 69 19
-6.729493 -22.253339 0.259585 34 139 34
-16.642526 20.056433 -0.436663 34 139 34
-4.857955 -5.758004 0.244429 139 69 19
9.718800 -3.848673 -0.088620 139 69 19
-13.797884 -18.953911 -0.733797 34 139 34
9.610634 24.515371 -0.805756 34 139 34
-3.707506 8.439228 0.009203 139 69 19
1.051935 5.743188 0.347533 139 69 19
16.865393 22.737749 -1.071435 139 69 19
11.512463 -21.675007 0.129364 34 139 34
-5.905986 -2.543689 -0.112564 34 139 34
20.566198 -6.388000 0.044982 34 139 34
-10.088649 -4.837483 -0.412631 34 139 34
12.643716 7.270283 -0.298158 34 139 34
-3.542616 -5.667629 -0.112339 34 139 34
-18.928797 15.462387 -0.507167 139 69 19
16.517231 -15.523401 -0.203674 34 139 34
-0.088989 16.987824 -0.370319 139 69 19
-9.935226 -24.646637 -0.470824 139 69 19
-22.587482 -8.525191 -0.149853 34 139 34
11.946615 21.928706 0.228006 139 69 19
-15.196873 14.051312 0.339469 34 139 34
12.160071 -8.970492 0.037652 139 69 19
-12.507064 13.541490 0.058794 139 69 19
24.087429 23.468153 0.374465 139 69 19
-6.241417 23.087845 -0.322412 139 69 19
19.842779 -3.773737 0.675440 34 139 34
11.184397 -19.909630 0.287143 139 69 19
-18.392859 8.408848 0.187143 34 139 34
-11.960605 -5.456148 0.192966 139 69 19
15.950098 21.933687 0.417227 34 139 34
-21.352771 -4.926238 -1.027407 139 69 19
-12.791574 -20.155739 -0.251561 34 139 34
-6.534131 6.844672 0.738767 139 69 19
6.321302 -12.628621 0.025797 139 69 19
1.975998 20.786221 0.037347 139 69 19
-9.940020 -24.421666 0.472238 139 69 19
-13.006202 -15.499056 -0.584470 139 69 19
13.440090 7.211096 0.444334 139 69 19
20.924455 -8.005095 0.595587 34 139 34
17.283092 24.162326 0.012518 34 139 34
-13.416452 21.905030 -0.164296 34 139 34
-11.865257 16.143525 0.105378 139 69 19
11.871647 22.451583 -0.106813 34 139 34
0.915061 -2.399468 0.278274 139 69 19
12.966620 -1.438214 -0.059102 34 139 34
7.554905 -10.107216 0.673479 34 139 34
6.442847 -21.212079 0.408150 34 139 34
-23.886133 -20.083040 -0.928937 34 139 34
-1.998731 9.657016 0.258086 139 69 19
-24.755966 -13.967591 0.616261 34 139 34
-14.468981 21.268683 -0.635836 34 139 34
-12.780223 3.050384 -0.781466 34 139 34
14.074231 1.600269 0.290356 34 139 34
-20.296369 13.037684 -0.349271 34 139 34
13.727234 0.491922 -0.465454 34 139 34
17.172419 9.760774 -0.789871 34 139 34
23.376748 -17.624860 -0.181915 34 139 34
21.002202 -6.222440 -0.092268 139 69 19
10.781884 4.556190 -0.067702 34 139 34
-1.085727 -10.409866 -0.218383 34 139 34
-17.054614 14.754407 -0.091171 139 69 19
20.169914 -23.483768 -0.146544 34 139 34
10.963395 -11.619628 0.643813 34 139 34
-18.438852 3.330397 0.219093 34 139 34
-7.332054 22.485999 -0.395314 34 139 34
-23.496640 4.237548 1.444608 34 139 34
-18.297876 -4.361167 -0.522806 139 69 19
-24.022709 -21.210623 -0.905229 34 139 34
-1.543484 3.727151 -0.831425 139 69 19
-9.586197 13.469177 0.280405 34 139 34
2.545510 9.481893 -0.557594 139 69 19
9.178747 -19.972983 0.359838 34 139 34
-9.194382 20.751550 -0.804580 34 139 34
-20.781050 -22.028726 0.827256 139 69 19
-19.682876 -21.241790 0.389288 34 139 34
-21.602447 19.258353 -0.167263 34 139 34
4.416428 -24.482369 -0.649254 34 139 34
3.346995 -15.392651 0.612470 34 139 34
-5.108734 -19.473526 0.008167 139 69 19
-22.617001 -0.398091 0.639404 34 139 34
-20.531980 9.334529 0.212798 34 139 34
6.441786 19.203884 0.687073 139 69 19
-14.694414 14.667931 0.491248 34 139 34
-2.829716 19.082750 0.074359 139 69 19
9.784391 15.152134 0.217986 34 139 34
-21.563714 6.652091 0.121427 34 139 34
4.637268 3.338645 -0.244299 34 139 34
-17.743076 -0.287785 -0.133759 139 69 19
9.395297 16.146137 -0.160797 139 69 19
-8.435238 -2.493426 -0.444601 34 139 34
-3.841599 -15.345871 0.615382 139 69 19
-23.012440 23.323560 -0.371444 34 139 34
19.642963 -19.598388 0.265670 139 69 19
7.738511 -18.813449 -0.161705 139 69 19
-6.752416 -15.415165 -0.222166 34 139 34
0.448777 -17.968641 -0.601132 139 69 19
-17.804793 -8.408485 -1.031201 34 139 34
21.977873 7.295681 0.236416 34 139 34
16.879808 -3.534873 0.397056 139 69 19
-11.864525 15.232078 -0.158245 34 139 34
5.767329 22.118869 -0.411299 139 69 19
10.473116 3.349652 0.251982 34 139 34
-14.284197 -21.795017 0.665718 139 69 19
14.310776 -1.999072 0.056357 139 69 19
18.299201 0.111630 -0.584450 139 69 19
-7.128263 11.923326 0.072644 34 139 34
-19.747466 15.434652 1.186663 34 139 34
-7.041286 4.056953 -0.198237 139 69 19
13.018159 -22.251229 -0.284357 139 69 19
13.086347 -8.851321 -0.045958 34 139 34
15.152462 21.343334 0.598419 34 139 34
2.036755 -8.864492 -0.142865 139 69 19
-18.632548 -2.082358 -0.802504 34 139 34
1.728337 -8.226421 -0.879532 34 139 34
3.970537 11.739357 0.178480 139 69 19
-13.204128 -1.737259 -0.077967 139 69 19
19.147175 -17.471039 -0.000225 34 139 34
-21.985542 -18.427652 0.695773 34 139 34
22.407425 -4.002635 0.173069 139 69 19
-13.289359 3.445074 -0.125938 34 139 34
-20.980562 -7.208244 0.980625 34 139 34
-2.406993 -10.962968 0.194676 34 139 34
-1.293541 13.476625 0.071104 139 69 19
4.646404 -22.535887 -0.583870 139 69 19
9.076516 -13.528371 -0.436442 139 69 19
-23.079347 -5.936462 -0.032822 139 69 19
24.151233 -0.367382 -0.495354 34 139 34
11.160074 15.818416 -0.363736 139 69 19
-14.382573 5.464520 -1.496016 34 139 34
-2.721593 -3.914603 -0.722032 34 139 34
13.550137 21.235144 0.241224 139 69 19
10.827028 9.706931 0.744972 34 139 34
9.858716 2.562591 -0.046439 34 139 34
-13.603526 15.799444 -0.649091 139 69 19
-0.795129 -11.836645 0.273994 139 69 19
12.391218 16.290897 -0.626874 34 139 34
12.055952 -13.235102 -0.165691 139 69 19
-8.056566 21.378770 -0.108114 34 139 34
15.232624 0.478381 0.240967 34 139 34
-10.984173 5.668787 -0.189604 139 69 19
8.218104 -8.807383 -0.490230 139 69 19
-6.871245 5.211824 0.672718 139 69 19
-3.747826 19.489673 0.171487 139 69 19
-8.540376 -9.156115 0.089862 139 69 19
-5.332040 19.919268 -0.067886 139 69 19
8.581671 4.871497 0.525592 139 69 19
-18.936430 12.250507 0.120991 34 139 34
-9.048597 22.529582 0.219094 34 139 34
-15.078683 21.367752 -0.684937 139 69 19
7.432005 6.433048 -0.537017 139 69 19
-13.710329 24.732221 0.842145 139 69 19
-8.157340 16.582532 -0.398189 139 69 19
5.390384 6.351425 -0.432731 34 139 34
12.484951 24.572228 -0.418795 34 139 34
-13.387070 -1.643471 0.535863 34 139 34
8.610259 22.970972 0.382678 34 139 34
-21.854821 7.921259 0.788694 34 139 34
-24.876723 0.997240 -0.203543 139 69 19
6.360538 2.463576 -0.560722 139 69 19
12.700890 -16.381215 -0.616164 139 69 19
-23.088638 8.816908 -0.462648 139 69 19
-12.799569 -0.398633 -0.846270 34 139 34
3.386544 7.308521 0.130057 139 69 19
-13.815373 -1.794422 0.201799 34 139 34
-10.950657 21.558258 1.227307 139 69 19
20.415469 20.797996 0.948751 139 69 19
-4.451891 -22.205988 0.139464 34 139 34
-4.614157 -12.713208 0.460457 34 139 34
15.493326 -20.990175 -0.111813 34 139 34
22.277105 11.439290 -0.292476 34 139 34
5.511701 -10.602284 -0.289886 139 69 19
-21.884127 -13.964423 0.299358 34 139 34
-6.051048 14.265209 0.009125 139 69 19
7.224110 19.663285 0.274109 34 139 34
9.814158 -12.995248 -0.325409 34 139 34
16.203038 2.646028 -0.850098 139 69 19
0.312179 -0.669773 -0.699549 34 139 34
-16.193905 11.869649 -0.386862 34 139 34
-22.951225 -18.079554 -0.418595 139 69 19
-14.623749 2.794105 0.008056 139 69 19
-14.425023 17.338903 0.447117 34 139 34
0.359493 -5.674624 -0.007305 34 139 34
-20.846947 21.657716 0.105535 34 139 34
-4.339484 -22.393262 0.257081 34 139 34
-20.510637 0.717208 -0.774258 34 139 34
-2.980644 6.569244 -0.109944 139 69 19
6.415400 -7.672659 -0.423863 34 139 34
-15.870897 -2.566597 -0.219044 139 69 19
17.377254 15.139683 -0.631474 139 69 19
-8.440729 17.180356 0.771398 34 139 34
-6.649238 2.704951 -0.867587 34 139 34
-15.986097 19.263415 0.498792 139 69 19
11.990072 -2.559591 0.282525 139 69 19
-4.605545 -10.259131 0.184520 139 69 19
-13.258871 8.387695 0.487867 139 69 19
-6.184613 -0.051574 -0.810131 139 69 19
5.041295 10.452922 -0.489896 34 139 34
-8.496927 11.343048 -0.290926 34 139 34
-11.843194 -19.604543 0.366417 139 69 19
7.730500 8.042865 0.289038 34 139 34
-19.173463 -19.513481 0.583565 34 139 34
-10.751109 -18.571521 0.935511 34 139 34
16.964863 9.681234 -0.569854 34 139 34
0.435945 20.255021 -0.306001 139 69 19
-12.874512 14.517491 -0.288685 139 69 19
15.657703 -14.572797 -0.263871 139 69 19
-3.968459 17.769970 0.303027 139 69 19
15.575224 -1.640980 -0.000114 139 69 19
-9.856813 -21.003269 0.269320 34 139 34
20.643522 -1.495387 -0.259157 34 139 34
3.647432 15.449518 0.090437 139 69 19
5.830974 15.688955 -0.265049 139 69 19
-2.185823 7.236058 0.033196 139 69 19
4.676240 -17.333648 -0.240294 34 139 34
-12.230451 -15.955324 0.103253 139 69 19
-4.750344 15.346255 -0.781865 34 139 34
23.605225 -19.159149 -0.373900 139 69 19
-4.739885 -22.926438 -0.169449 139 69 19
-1.057826 3.295116 -0.651538 139 69 19
-5.172748 4.176535 -1.062405 139 69 19
-17.702492 -5.654857 -0.042201 139 69 19
-4.598076 0.970460 0.748457 139 69 19
11.812261 -14.045709 -0.432855 139 69 19
-21.934459 10.291375 -0.014594 34 139 34
2.701726 4.285555 0.117219 34 139 34
-15.273646 16.469112 0.352620 139 69 19
10.783951 6.030390 0.323488 34 139 34
20.090999 -12.334783 0.164574 34 139 34
-13.823285 -21.706417 -0.283070 34 139 34
21.271864 3.500982 0.630256 34 139 34
-18.356734 -21.115521 -0.975494 139 69 19
-12.664138 -10.539004 -0.784255 139 69 19
9.109836 12.041836 -0.400201 139 69 19
20.712411 1.457134 -0.916692 34 139 34
19.571278 5.415919 -0.225043 139 69 19
-19.461029 -12.769800 0.161074 139 69 19
9.857437 1.382554 -0.622852 139 69 19
-9.895874 4.765706 -0.074731 139 69 19
-4.762451 20.236849 0.691013 139 69 19
-19.768251 11.566282 -0.023471 34 139 34
-11.437546 1.690016 0.348351 139 69 19
21.836450 17.208952 -1.023895 139 69 19
-15.018849 12.313313 -0.486527 34 139 34
-4.395182 -22.143658 0.443624 34 139 34
18.470126 -1.766640 -0.033400 34 139 34
-2.643331 -2.273181 -0.309639 34 139 34
13.155065 -13.002231 0.657188 34 139 34
9.998475 0.002174 0.036131 139 69 19
12.550474 -4.302753 0.040302 139 69 19
18.542491 -18.927092 -0.602098 34 139 34
-16.403503 22.218896 0.363228 34 139 34
-19.962251 21.005477 -0.330832 139 69 19
12.251969 11.681877 0.257375 139 69 19
-14.873699 -12.030489 -0.344409 34 139 34
14.364119 21.856669 0.890638 34 139 34
-6.505673 15.136039 0.387802 34 139 34
-12.511067 -8.003325 -0.610329 34 139 34
19.682519 2.566136 0.270498 139 69 19
9.716059 -8.573981 -0.029360 139 69 19
21.523737 2.027038 0.523075 34 139 34
14.699947 -2.823011 -0.267423 139 69 19
-13.776048 20.137377 -0.560719 139 69 19
12.257142 19.869150 0.146994 34 139 34
9.158615 -0.804962 -0.102569 139 69 19
9.216155 -15.000989 0.709335 34 139 34
15.858232 -23.000186 0.069338 34 139 34
-1.549928 4.145545 -0.399172 34 139 34
2.022388 3.009700 -0.362263 139 69 19
-16.138303 -16.972714 -0.695727 34 139 34
-23.707624 -22.689309 -0.693058 139 69 19
-18.343437 3.906942 -0.008154 139 69 19
8.952753 14.377291 0.083175 139 69 19
5.697863 22.405706 0.921280 34 139 34
5.647546 -11.083143 0.714059 139 69 19
-5.739866 -23.677128 -0.862095 139 69 19
10.589261 6.942675 1.170491 34 139 34
-9.444327 17.669040 -0.640598 34 139 34
-20.198175 22.303474 0.866344 34 139 34
-21.627167 -12.264853 0.091257 34 139 34
11.630077 17.756471 -0.146614 139 69 19
24.821607 22.685243 -0.284088 139 69 19
5.459999 4.391882 -0.616973 139 69 19
-6.936211 -20.616971 -0.530917 139 69 19
6.739957 11.727592 0.192800 34 139 34
11.713365 -4.934493 -0.645266 34 139 34
2.657133 24.450850 -0.012567 34 139 34
-8.730674 -0.695624 0.649388 139 69 19
14.218856 -5.955412 0.842561 34 139 34
13.869391 17.286432 -0.292574 139 69 19
-12.479214 11.093662 -0.128799 34 139 34
4.514925 0.642582 0.050637 139 69 19
-16.390384 -16.362297 -0.134209 139 69 19
2.995396 -17.200468 0.088250 34 139 34
-22.281005 18.844458 0.034433 139 69 19
11.641038 9.842597 -0.506007 34 139 34
-12.121323 -4.772862 0.949087 139 69 19
-8.296861 16.532432 -0.120939 34 139 34
-20.198343 -6.753133 0.460759 139 69 19
6.376734 9.052697 -0.231462 34 139 34
-11.570923 -10.262992 0.222470 34 139 34
-16.534610 -12.867395 -0.218703 34 139 34
-6.922415 -23.150030 0.622981 34 139 34
7.231827 -12.684004 0.448181 34 139 34
6.576292 20.220753 0.534540 34 139 34
-10.633627 16.365763 -0.101662 34 139 34
2.170251 -23.247048 -0.170135 139 69 19
-24.947902 2.801778 -0.553191 34 139 34
-16.481602 1.661164 -0.536533 139 69 19
-22.351243 -3.261129 0.212334 139 69 19
-18.744376 -16.113034 0.149381 34 139 34
-16.732562 9.574400 -0.207945 34 139 34
-18.556992 24.116027 -0.024179 34 139 34
-18.106781 -10.565758 0.698458 139 69 19
-15.407676 22.751053 0.353488 34 139 34
18.497977 7.706122 0.568139 34 139 34
13.853648 -7.555888 1.035891 139 69 19
4.563539 -14.252287 -0.363961 139 69 19
11.173389 20.223463 -0.425144 34 139 34
-1.385010 22.796953 0.196761 139 69 19
21.506020 1.460623 0.238565 139 69 19
-15.752636 0.635362 0.300983 34 139 34
12.291745 -23.729857 0.382588 139 69 19
9.745378 -15.986297 -0.553259 34 139 34
23.359326 6.771904 1.006278 139 69 19
-6.250540 -14.116840 0.987886 139 69 19
-6.861536 -11.552272 -0.191396 139 69 19
24.677950 -0.941923 0.162636 34 139 34
-19.215150 11.725017 0.341391 34 139 34
23.768819 18.778071 0.064341 139 69 19
17.076087 -14.374432 -0.314044 34 139 34
1.011832 24.509379 -0.052181 139 69 19
20.555598 24.986330 -0.063716 139 69 19
-24.147621 11.356784 -0.523313 34 139 34
10.230161 15.438542 0.318137 139 69 19
-18.785281 -4.358380 -0.268937 34 139 34
-11.200988 -13.050212 0.277091 139 69 19
-3.952618 -20.157656 0.224490 139 69 19
-22.802033 5.815716 -0.729648 139 69 19
9.372855 -6.124587 0.122266 139 69 19
-6.230385 -15.943634 -0.606692 139 69 19
-1.752190 -9.150447 -0.513865 34 139 34
4.448256 6.712808 0.945196 34 139 34
-20.039379 -18.955608 0.542226 34 139 34
18.381076 -22.850641 -0.076850 139 69 19
18.262777 16.926785 0.241861 34 139 34
-0.736988 24.461286 0.604029 139 69 19
9.144695 15.975811 -0.340309 139 69 19
-8.463337 -14.266823 0.227788 34 139 34
19.778819 -10.669741 -0.172655 34 139 34
4.060082 10.538771 0.154427 139 69 19
-22.825294 12.073569 -0.302883 139 69 19
-3.294109 4.784164 1.140286 34 139 34
-14.355500 15.172699 -0.786810 34 139 34
-10.715918 -6.389805 0.306009 139 69 19
-24.290068 16.154649 -0.865506 139 69 19
18.899545 3.166305 -0.075270 34 139 34
19.884679 -18.181220 0.960723 34 139 34
7.228198 7.928936 -0.475478 139 69 19
-17.047531 -13.067177 -0.569014 34 139 34
21.667746 -3.891930 -0.071485 34 139 34
-24.347998 -16.448280 -0.925053 34 139 34
-2.716605 -22.019420 -0.411995 34 139 34
2.629595 22.101741 0.069253 34 139 34
13.798510 -21.067834 -0.535470 34 139 34
-23.493837 -22.804112 -0.059545 139 69 19
18.036116 9.760281 -0.302970 34 139 34
-23.570446 17.373421 -0.085394 34 139 34
20.038481 -15.425178 -0.276176 139 69 19
-0.187403 8.708979 1.193009 34 139 34
-16.226190 6.993552 0.244188 34 139 34
-0.109773 24.568086 0.620012 139 69 19
0.230222 19.003073 0.031073 34 139 34
1.151389 -19.807692 0.676306 139 69 19
21.203132 21.256607 0.663143 34 139 34
3.470375 17.254823 0.165423 139 69 19
1.155724 7.626519 0.203692 34 139 34
-17.440210 12.467923 0.546638 139 69 19
-3.292927 -15.400356 -0.977330 34 139 34
10.100857 0.667190 -0.993050 139 69 19
14.125914 23.068425 -0.101413 139 69 19
-13.376270 -15.404782 0.109575 34 139 34
14.620311 -10.791867 -0.453454 34 139 34
-9.552366 9.891891 0.802044 34 139 34
-12.505238 23.916192 0.233258 34 139 34
8.122863 20.439110 0.489185 34 139 34
-3.129110 21.465080 -0.245954 34 139 34
-16.193254 14.738288 -0.329420 34 139 34
-21.599079 4.221266 -0.322779 139 69 19
6.026411 -14.328903 -0.054621 139 69 19
-17.996588 1.084519 0.881603 139 69 19
13.221191 -11.489672 -0.511085 34 139 34
15.013092 -21.267358 0.610186 139 69 19
-19.644003 -1.041077 -0.427518 34 139 34
-17.516900 -10.016005 -0.528999 34 139 34
14.964351 -9.556932 0.215754 139 69 19
8.194058 -14.755178 -0.164689 139 69 19
3.244534 -23.606636 -0.092846 139 69 19
14.259855 -5.924304 0.107533 139 69 19
-23.353778 15.887172 0.078208 139 69 19
-7.282353 18.345126 0.218441 34 139 34
-12.602710 23.625595 -0.342246 34 139 34
-13.148480 -23.888832 -0.095714 139 69 19
-19.357243 -24.508085 -0.464874 34 139 34
-17.998584 -6.508916 -0.420393 34 139 34
-11.344353 -15.038191 -0.090864 139 69 19
-9.852604 6.590218 -0.052801 139 69 19
-13.796548 0.271699 -0.148612 139 69 19
23.635958 4.599463 0.170751 139 69 19
-12.011646 -10.987385 0.072563 34 139 34
-13.673223 -9.051554 0.264044 34 139 34
-3.783689 0.163325 0.080073 139 69 19
11.578145 -1.314428 0.447924 34 139 34
5.375919 19.216484 0.350424 34 139 34
-9.607922 5.490561 0.176131 139 69 19
18.724815 24.285124 -0.200127 34 139 34
-9.927998 -14.497063 0.938029 34 139 34
19.202937 20.581155 -0.425129 34 139 34
-15.647001 24.453029 0.386237 139 69 19
-24.541538 -16.935630 -0.325514 139 69 19
19.747992 7.651770 0.699684 34 139 34
17.321853 20.077372 0.827398 139 69 19
-9.041311 10.274461 0.682257 34 139 34
8.790998 19.269256 0.066754 34 139 34
24.926545 -13.819099 0.402008 139 69 19
17.634705 2.021197 0.401782 139 69 19
-23.685959 4.973342 0.857386 34 139 34
0.484072 -14.637734 0.103026 34 139 34
-20.273227 -13.421971 0.387207 34 139 34
-22.849608 -1.394497 0.015414 34 139 34
17.851355 19.046226 0.027093 34 139 34
2.890727 -8.749102 0.402011 34 139 34
-15.266031 -24.260115 0.445031 139 69 19
-20.633549 12.299183 -0.399484 34 139 34
-10.601739 3.089607 -0.539323 34 139 34
-1.724748 -23.039648 0.403924 34 139 34
8.537605 15.447711 -0.891662 139 69 19
15.680500 19.473032 0.163546 139 69 19
-6.887010 -0.185586 -0.377140 34 139 34
2.796107 19.695507 -1.117121 34 139 34
-16.849344 -13.657340 1.063140 139 69 19
1.160856 12.335034 -0.893706 139 69 19
22.543227 16.412457 0.624840 139 69 19
3.113824 -16.145455 1.198764 34 139 34
13.677081 8.246047 0.998315 34 139 34
-15.741477 -21.983326 -0.722080 139 69 19
7.869942 7.805668 0.649302 34 139 34
3.826925 23.945921 -0.331083 34 139 34
-11.789222 19.175853 0.677288 34 139 34
-2.327525 -21.976226 1.086949 139 69 19
1.448970 -2.781416 0.816632 34 139 34
-10.429820 -6.904251 -0.418038 34 139 34
-11.920999 -4.734754 -0.210772 34 139 34
18.206237 16.282502 0.828082 139 69 19
-0.474061 -11.099736 0.121158 34 139 34
4.394863 19.049468 0.009357 139 69 19
-16.267846 3.132702 0.094889 34 139 34
-24.452185 -23.025947 0.109378 139 69 19
15.951856 18.775935 -0.510212 34 139 34
21.198414 -5.212008 1.056029 139 69 19
-14.301424 -19.104185 -0.235205 34 139 34
20.810279 11.652249 0.190986 34 139 34
8.298021 -9.767022 -0.109020 139 69 19
8.975627 -14.694887 -0.631379 139 69 19
-10.365620 -6.232614 0.379973 139 69 19
-12.735047 15.564563 -0.639534 34 139 34
2.798421 -22.916598 0.174185 34 139 34
23.200229 2.926351 -0.087312 139 69 19
-8.833277 24.825892 0.289899 139 69 19
4.384104 -16.151842 0.770001 34 139 34
-18.126392 -8.116239 0.539270 34 139 34
20.615141 6.514242 0.178011 34 139 34
1.924160 19.784358 -0.194601 34 139 34
-7.502753 -2.675598 0.085171 139 69 19
5.739539 9.363729 0.390583 139 69 19
-18.900225 -1.847079 0.136360 139 69 19
21.222465 -7.708249 -1.126931 34 139 34
14.501072 11.123853 -0.602187 139 69 19
21.339598 9.072064 0.463177 34 139 34
17.684452 -13.881708 -0.910922 139 69 19
-0.029689 -13.067078 -0.716648 34 139 34
16.437524 -0.440335 -0.018337 34 139 34
-8.989214 19.027216 -0.134421 34 139 34
20.698734 -1.811680 -0.667044 34 139 34
4.614610 10.973424 -0.488189 139 69 19
-6.147848 0.204058 0.513548 34 139 34
2.516836 4.155728 -0.097376 34 139 34
-1.452120 19.502042 0.463861 139 69 19
9.345382 -15.266693 0.322141 34 139 34
16.127344 18.331193 -0.276326 139 69 19
-23.296137 -10.642001 -0.387323 34 139 34
-14.040481 -23.339538 0.256086 34 139 34
-24.638138 5.851048 0.371503 34 139 34
-11.384805 -13.845659 -0.911926 139 69 19
-10.340106 -21.366735 -0.095581 34 139 34
-22.493223 14.189937 -0.196459 34 139 34
0.328170 22.958487 0.474492 139 69 19
1.334392 18.521887 0.062944 139 69 19
-7.812505 -11.892939 0.054953 139 69 19
15.120096 -20.269548 0.014819 34 139 34
-4.093892 7.621620 0.878855 139 69 19
23.854210 -24.470025 -1.139180 34 139 34
-13.243005 20.754745 0.401172 139 69 19
15.968947 5.436897 0.511264 139 69 19
0.549788 -3.395082 -0.074390 139 69 19
-23.249327 -5.792516 -0.632726 34 139 34
12.813707 17.352846 -0.016564 34 139 34
1.487520 -6.714647 0.727296 139 69 19
12.237900 8.133794 -0.524424 34 139 34
-19.937008 -0.306859 0.279565 139 69 19
-16.576975 7.473525 -0.010256 34 139 34
7.038176 -16.935479 0.460003 139 69 19
3.291002 7.666535 0.465623 139 69 19
-13.264859 -4.528776 -0.357243 34 139 34
24.291499 1.542126 -0.453537 34 139 34
-22.091455 20.264500 0.045636 139 69 19
3.035392 9.360435 0.304734 139 69 19
-2.664172 -13.697235 -0.280310 139 69 19
20.164918 17.553963 -0.087595 139 69 19
-13.703772 20.954091 -0.272545 139 69 19
16.121651 13.419119 0.208399 34 139 34
-1.701267 7.404571 0.884851 139 69 19
18.371133 18.102865 0.645425 139 69 19
-4.194288 0.299919 -0.913909 139 69 19
22.037843 -4.885000 -0.100181 34 139 34
7.242650 18.571138 0.319957 139 69 19
19.631373 6.325805 0.738632 34 139 34
-3.619402 19.143755 0.227712 34 139 34
2.136752 -14.112080 0.429830 34 139 34
5.550784 7.835027 -0.610814 139 69 19
-17.774622 16.023670 0.738404 34 139 34
15.034751 -11.409946 0.268469 139 69 19
-11.405664 -9.449564 0.482044 34 139 34
4.106901 -0.008808 0.858005 34 139 34
-17.418678 -14.879324 -0.431242 34 139 34
9.725727 18.639834 0.321745 34 139 34
15.843038 -3.403250 0.684613 139 69 19
21.433360 3.588474 0.700655 34 139 34
21.977184 11.737267 -0.791740 34 139 34
-4.375961 18.439757 -0.221297 34 139 34
7.476644 6.330716 -0.092792 139 69 19
-8.147844 -8.006333 -0.026094 34 139 34
19.071087 -14.425083 -0.005481 34 139 34
-1.370512 3.141773 0.421379 34 139 34
-16.354515 -19.537008 -0.173991 139 69 19
24.162551 0.828363 0.420250 34 139 34
23.470116 12.980145 0.005140 139 69 19
-1.160190 20.450755 -0.511292 34 139 34
-14.580883 -21.058801 0.411571 34 139 34
7.762607 -10.041998 -0.110726 139 69 19
13.987107 -3.493935 0.073433 34 139 34
-17.486100 3.920108 -0.032937 139 69 19
-6.786452 24.218567 0.081503 34 139 34
-23.825241 3.274782 -1.027336 34 139 34
8.532795 21.263612 -0.502912 139 69 19
17.794729 -17.284814 0.218446 34 139 34
-11.316203 8.398938 0.185556 139 69 19
-15.630160 -12.060121 0.299578 34 139 34
-19.395530 -17.156201 -0.038449 34 139 34
8.845571 0.267031 0.924394 34 139 34
-4.354026 -4.963673 -0.072174 139 69 19
11.641270 19.427398 0.332342 139 69 19
-10.267628 -17.022808 0.862305 34 139 34
3.660400 8.966428 0.563126 34 139 34
-22.473006 6.690113 -0.420396 139 69 19
-2.787423 16.647077 0.170283 139 69 19
5.082519 15.877922 0.244937 34 139 34
-9.877798 17.022844 -0.001739 34 139 34
20.269205 7.457436 -0.574684 34 139 34
-13.526014 -7.381173 0.282745 34 139 34
17.508349 10.366043 -0.163681 34 139 34
17.509012 16.833667 0.666472 139 69 19
24.911307 15.787341 0.054922 34 139 34
-8.894384 9.084729 -0.668635 34 139 34
8.821213 16.171602 0.713766 139 69 19
-23.455251 -7.997330 0.021197 34 139 34
13.921230 -3.947653 0.786737 139 69 19
-0.948526 -8.096300 -0.401859 139 69 19
13.595361 -13.466826 0.475945 139 69 19
22.923772 -22.855571 0.659084 139 69 19
-10.901404 -24.887153 -0.044920 139 69 19
5.590774 5.107598 -0.389067 139 69 19
-9.402218 -8.046968 -0.958437 34 139 34
6.828223 8.732679 -0.513648 139 69 19
-5.947208 12.739845 0.328339 139 69 19
13.688067 -23.122910 0.090446 139 69 19
12.373139 14.296579 -0.259529 139 69 19
-24.901683 -23.049460 0.558891 34 139 34
-14.350168 -0.270453 -0.000143 139 69 19
-14.459599 -3.725759 -0.529569 139 69 19
-17.900955 12.498341 -0.119054 139 69 19
22.906441 3.772931 -0.444425 34 139 34
-1.669355 24.396090 -0.286739 34 139 34
22.896008 -13.479833 0.197117 34 139 34
24.432602 14.107410 0.356428 139 69 19
-23.083981 19.291594 0.459295 139 69 19
21.907494 14.546273 -0.129413 34 139 34
2.533278 -18.697908 0.150260 139 69 19
-5.508129 -22.694031 0.806201 34 139 34
8.760104 16.505810 0.047803 139 69 19
6.050652 -22.921930 0.314918 139 69 19
15.872066 -0.424576 0.418650 139 69 19
1.074133 -24.157240 -0.003370 139 69 19
-22.298588 -6.923205 1.071555 139 69 19
-10.070505 -9.223827 0.147033 34 139 34
17.039607 -11.770072 1.078028 139 69 19
13.153945 7.307081 -0.777001 139 69 19
20.406664 -0.054707 0.063799 139 69 19
-11.283984 -12.821627 0.493341 139 69 19
18.478816 20.492468 0.922740 139 69 19
-10.475367 -18.693386 -0.136373 34 139 34
-15.641410 3.434789 -0.781782 139 69 19
3.628077 24.931306 -0.809325 34 139 34
-7.748071 -7.720512 0.593908 34 139 34
-13.963127 -19.631676 -0.171541 34 139 34
-1.699383 -15.594737 0.392409 34 139 34
12.546915 9.585269 0.176100 34 139 34
-0.626835 -9.579165 -0.720710 139 69 19
-1.915950 7.506980 0.158857 139 69 19
3.324308 12.291179 0.494143 34 139 34
-5.162011 15.247196 0.024113 139 69 19
1.389349 -4.280126 0.319019 139 69 19
-19.770340 4.610654 0.047148 139 69 19
-24.524083 -1.907111 0.905852 34 139 34
23.600515 -14.681615 -0.434331 139 69 19
-21.875448 -2.882546 -0.014379 34 139 34
21.503558 9.293545 -0.364221 34 139 34
-10.316137 -0.014871 0.270888 34 139 34
18.316379 -4.717206 -0.642295 139 69 19
-7.797025 22.348430 -0.499155 34 139 34
-23.636339 -16.214207 -0.231541 34 139 34
-4.985596 10.506986 -0.764679 139 69 19
-3.237864 5.165375 -0.701520 34 139 34
-18.518631 -24.604820 0.410731 139 69 19
-8.774844 -9.864519 0.443373 34 139 34
-16.447358 -1.979075 -0.213252 139 69 19
-2.384948 -18.229265 -0.868834 34 139 34
-8.703379 15.861553 -0.566148 139 69 19
23.468932 -24.635107 -0.176907 139 69 19
13.696048 -2.112633 0.242696 34 139 34
-20.350887 -10.263209 -0.649255 139 69 19
7.867047 8.388723 0.094263 139 69 19
8.248452 -14.475858 0.200512 139 69 19
-4.109106 -17.036260 -0.908093 139 69 19
11.179479 -11.947025 -0.252973 34 139 34
17.301566 15.991986 0.294424 34 139 34
7.478682 -11.339260 0.101460 139 69 19
-15.450858 -3.871542 -0.605362 34 139 34
0.505673 5.379201 0.363350 34 139 34
14.300101 17.573389 0.080054 34 139 34
-17.174879 0.613217 -0.677549 34 139 34
6.438185 -12.787061 -0.142735 34 139 34
-11.360256 19.990953 -0.593071 34 139 34
9.387315 1.066219 -0.117830 34 139 34
1.646170 23.937019 -0.444647 139 69 19
4.245668 18.631860 0.577161 139 69 19
-2.184914 -15.261142 -0.843651 34 139 34
-21.774654 -5.689502 -0.044204 34 139 34
13.791878 -9.477023 0.056045 34 139 34
-7.610683 1.468586 -0.013372 139 69 19
-7.431220 24.145715 0.449301 34 139 34
21.186382 19.742336 -0.560581 139 69 19
0.015812 22.867909 -0.117127 34 139 34
-20.936322 -11.530686 0.431923 139 69 19
-10.560800 0.270072 -0.241673 34 139 34
13.381981 17.319673 -0.048862 139 69 19
22.207752 -21.982324 0.370167 139 69 19
22.956867 7.895900 -0.106846 34 139 34
0.576171 -8.318894 0.291722 34 139 34
-14.701096 2.703230 0.181047 139 69 19
-24.614634 8.071199 0.066711 139 69 19
16.288876 11.179894 -0.008572 34 139 34
21.901631 15.694869 0.099033 34 139 34
-13.448061 -4.776213 -0.506997 139 69 19
-9.399806 15.915618 0.583212 34 139 34
-5.087419 20.048272 0.016181 139 69 19
13.279719 3.931648 0.200397 34 139 34
8.538565 1.728103 0.046710 139 69 19
15.551099 -19.569338 0.247072 139 69 19
-14.559187 11.402928 -0.782661 139 69 19
11.718975 -23.455575 0.409600 34 139 34
14.821315 5.649862 0.121217 139 69 19
7.777396 -13.585843 0.547258 34 139 34
5.453822 24.722832 -0.300814 139 69 19
-2.645441 12.152274 -0.633087 139 69 19
11.849195 -22.709255 0.241678 34 139 34
18.055224 -13.838797 0.924477 34 139 34
-24.546834 -19.201802 0.236539 34 139 34
-19.529218 -9.269896 -0.658194 139 69 19
-13.870429 17.617846 -0.295127 34 139 34
15.710821 11.632769 -0.356221 139 69 19
-10.396253 16.353421 -0.456654 139 69 19
-0.247866 -17.963095 -0.212721 139 69 19
11.759337 16.990570 -0.392796 34 139 34
11.169714 -11.948755 0.249366 34 139 34
19.254950 0.613442 -0.444510 34 139 34
7.288349 -9.644738 0.215471 139 69 19
5.012233 1.135739 0.020699 34 139 34
-4.387461 6.777571 0.433853 34 139 34
-14.044637 3.265261 0.090176 34 139 34
-14.301218 16.758688 0.129260 34 139 34
19.324337 23.999790 -0.273213 139 69 19
-15.070626 3.089711 -0.194255 139 69 19
5.863294 12.269597 -0.024212 139 69 19
24.267076 24.224784 0.355053 139 69 19
-3.643908 7.410321 -0.011907 139 69 19
-1.425507 -1.462718 -0.345779 139 69 19
6.511074 -3.894886 -0.359765 34 139 34
9.516996 -19.728600 -0.059304 34 139 34
5.811925 14.682050 0.035456 34 139 34
17.016726 -24.815817 -0.003991 34 139 34
-24.375363 4.107467 -0.850807 34 139 34
-3.559982 13.410347 -0.272070 34 139 34
-11.967809 11.801557 0.258481 139 69 19
-19.260962 1.772563 -0.333661 139 69 19
0.915277 2.563245 -0.208216 34 139 34
17.623684 5.508066 -0.981450 34 139 34
-3.902373 -9.353309 1.131290 139 69 19
-12.010754 2.919216 -0.163859 34 139 34
-17.103496 -14.218541 -0.497420 139 69 19
-1.033398 13.659066 0.210578 34 139 34
11.713229 9.270977 -0.080486 34 139 34
11.418477 10.894109 0.100007 139 69 19
-6.198693 -14.324610 -0.173341 139 69 19
-10.929520 6.703542 -0.526439 139 69 19
-2.234146 2.111658 -1.188184 34 139 34
-15.895202 4.853514 0.400511 34 139 34
3.826478 20.926215 -0.620939 34 139 34
5.665757 -0.605403 0.423263 34 139 34
6.506137 9.582249 0.243290 139 69 19
9.530238 13.187271 -0.367291 139 69 19
-8.649746 -15.923032 0.091960 34 139 34
20.718810 11.144779 -0.219886 139 69 19
0.781074 22.346030 -0.438478 34 139 34
19.970024 13.370773 -0.111830 34 139 34
-17.415474 11.164086 -0.565490 34 139 34
17.123339 12.447428 -0.771311 139 69 19
20.906895 -2.993723 0.636657 34 139 34
2.337547 19.341647 -0.065728 34 139 34
-5.979552 -13.981474 -0.196167 139 69 19
-18.640108 2.399556 0.438105 139 69 19
-10.182236 14.096778 0.461762 139 69 19
6.964915 -20.850279 0.192109 139 69 19
23.749190 -4.817835 -0.557210 139 69 19
-21.416652 -14.133236 -0.120660 34 139 34
-15.208334 -18.911540 -0.374193 34 139 34
11.917671 -23.463932 -0.919805 34 139 34
3.593977 -4.738330 0.141854 139 69 19
-9.107421 -3.341936 0.486596 34 139 34
-20.088161 -12.324328 0.516048 34 139 34
21.061655 15.717922 -0.196673 139 69 19
-19.885093 -18.386757 0.197232 34 139 34
-15.904111 -23.773981 0.500795 34 139 34
8.992094 24.537714 -0.372796 139 69 19
22.764455 -12.829836 -0.920771 139 69 19
2.770005 6.935304 0.514283 139 69 19
16.268555 24.216635 1.133655 34 139 34
11.956530 -9.940056 -0.126975 34 139 34
20.190352 23.877247 -0.405420 34 139 34
4.281144 -16.902378 0.297021 34 139 34
14.268514 -15.710453 0.203246 139 69 19
17.608150 -15.677523 -0.641801 34 139 34
7.790013 4.882822 0.764901 139 69 19
-7.051808 22.421832 -0.244131 34 139 34
-24.488888 -15.262054 0.258723 34 139 34
-3.451783 24.730142 -0.227235 139 69 19
4.191065 14.201921 0.734122 139 69 19
20.874001 17.771296 -0.471954 139 69 19
7.815442 0.119372 0.892700 139 69 19
-10.396458 -7.058447 0.239878 34 139 34
8.808484 24.505673 -0.283972 34 139 34
-15.311639 13.548789 -1.112323 139 69 19
-16.988442 -17.689980 0.252313 34 139 34
-5.975904 -23.027954 0.224190 139 69 19
-15.880451 19.721573 -0.628035 139 69 19
16.349188 -4.568011 0.218063 139 69 19
16.081070 7.315111 0.305887 139 69 19
0.785746 11.385782 -0.037020 139 69 19
1.549714 -11.474127 -0.880875 139 69 19
-5.416175 19.913630 -0.221348 34 139 34
10.280585 20.861355 -0.455036 34 139 34
-17.305285 -5.410099 -0.521576 34 139 34
-21.487876 15.545918 -0.070182 139 69 19
-21.650967 -19.713219 -0.418945 34 139 34
13.021474 21.343570 0.415038 139 69 19
3.967528 19.658304 -0.969694 139 69 19
-16.523140 13.674034 0.072112 34 139 34
12.065000 -12.876994 0.014123 139 69 19
-4.083509 -1.582213 -0.018176 34 139 34
-7.549703 21.419883 0.353856 34 139 34
9.431784 -16.715950 0.496384 34 139 34
12.933957 22.432253 -0.721931 34 139 34
9.901675 -5.404503 0.705251 34 139 34
-14.692187 1.311488 0.509770 139 69 19
-6.785852 10.385444 0.043623 34 139 34
13.383884 19.205189 -0.237181 34 139 34
-4.794061 7.186982 -0.745534 34 139 34
-19.346934 15.903823 -0.484773 139 69 19
-17.961916 9.894415 1.362767 139 69 19
13.033304 -15.235994 0.072339 34 139 34
7.461548 11.999965 0.641966 139 69 19
11.449613 20.875386 0.180937 139 69 19
9.147470 11.727058 0.384898 139 69 19
-5.104327 -11.450457 0.301439 34 139 34
-11.319068 21.554732 -0.401675 139 69 19
13.103613 -10.310913 -0.168967 34 139 34
-1.219170 3.708117 0.275468 139 69 19
5.607013 2.612801 -0.247415 139 69 19
17.738487 8.840493 -0.106328 34 139 34
-4.809857 14.802000 -0.046932 139 69 19
-9.295157 -0.341850 -0.017210 139 69 19
-24.401780 -20.385486 0.406730 34 139 34
7.959217 -1.354069 -0.360701 139 69 19
-18.275646 7.351490 -1.320213 139 69 19
-16.706537 4.573557 -0.042790 34 139 34
1.789029 5.186109 0.151824 34 139 34
-4.499140 -23.461138 0.638533 34 139 34
4.754816 -0.545396 0.960845 34 139 34
-5.592863 17.398402 0.060131 139 69 19
-2.018729 -13.533372 -0.520000 139 69 19
17.554954 4.293025 0.095487 139 69 19
1.221242 -10.633425 -0.496679 139 69 19
16.224905 -1.418731 -0.720233 34 139 34
8.598126 15.023712 0.210748 139 69 19
16.968771 -20.746350 0.631844 34 139 34
15.376749 -2.360257 -0.232116 139 69 19
-21.528679 -0.188549 0.019983 139 69 19
23.800655 -11.810376 -0.383098 139 69 19
-22.435581 -2.310263 -0.285148 34 139 34
10.539096 -17.455998 0.393791 139 69 19
9.411936 4.763336 1.051913 34 139 34
-17.276332 -7.605251 -0.598711 34 139 34
18.818215 2.614942 0.369547 139 69 19
-19.832824 2.183285 -0.678848 139 69 19
14.546037 24.874386 0.719383 139 69 19
-0.974113 -17.148940 -0.297114 34 139 34
-18.148176 -2.821673 -1.020929 139 69 19
-3.274936 15.577210 0.801388 139 69 19
9.437762 -2.459950 0.186177 139 69 19
-13.821847 6.131774 -0.042456 34 139 34
23.488788 20.079859 0.704619 139 69 19
-4.931359 -21.824654 0.698788 34 139 34
8.720363 -23.630106 -0.455790 139 69 19
-3.253268 -11.338055 -0.257694 139 69 19
22.098517 -14.071861 0.441463 139 69 19
-13.309311 7.876481 -0.750673 139 69 19
-5.159625 -2.530188 -0.902848 139 69 19
12.832438 -23.828547 -0.414802 34 139 34
-7.732456 0.739551 -0.168822 139 69 19
16.022941 2.892570 -0.155153 34 139 34
-2.981037 -18.587803 0.040184 139 69 19
18.491379 -21.439966 0.229340 139 69 19
-11.849584 -1.764540 0.421358 34 139 34
-1.637446 -2.849852 0.201816 34 139 34
-21.574438 -24.292299 0.470005 34 139 34
-17.645093 -7.824058 0.590414 34 139 34
-24.541037 -5.960673 -0.192687 139 69 19
4.664464 -6.476517 -0.473939 139 69 19
18.350398 2.020116 0.080128 139 69 19
-14.991287 13.327052 -0.178715 139 69 19
-5.452078 23.479475 0.338784 139 69 19
-23.638242 -3.099794 -0.298805 139 69 19
8.973533 21.016676 -0.168489 34 139 34
12.897648 -4.846110 0.342531 34 139 34
-16.936722 22.603124 0.134521 139 69 19
22.984639 15.744572 -0.017345 139 69 19
14.202242 19.446027 0.341053 34 139 34
13.591768 -1.393721 0.723274 34 139 34
-8.082338 14.390445 -0.137631 34 139 34
-13.618410 -24.889034 1.079654 34 139 34
23.530231 -5.905121 0.291453 34 139 34
11.994913 -3.243453 0.286774 139 69 19
6.072243 7.892457 -0.840277 34 139 34
-17.499270 20.948898 -0.704041 34 139 34
7.761076 -20.151433 -0.190125 139 69 19
0.623899 6.771006 -0.065737 139 69 19
2.277258 2.271771 -0.948462 34 139 34
4.139613 -14.815406 0.970239 34 139 34
-2.173776 -23.774483 -0.212646 139 69 19
-11.332306 21.836098 0.439187 34 139 34
18.348990 -18.365252 -0.290372 139 69 19
-2.455690 8.749374 -0.410365 34 139 34
3.250122 -17.458002 -0.756948 139 69 19
1.255754 14.894230 -0.185571 34 139 34
8.514619 -16.146186 0.492246 139 69 19
14.076240 -3.874191 0.133143 139 69 19
-19.270536 -14.191878 0.527235 139 69 19
-24.468908 18.279963 -0.264712 34 139 34
-16.649836 19.364975 -0.410121 139 69 19
17.924158 -5.721418 -0.018752 34 139 34
-18.613546 -13.591306 0.594793 34 139 34
-3.173062 -18.799664 1.166259 139 69 19
-16.663944 -7.259625 -0.167763 34 139 34
18.680053 -17.793736 0.040612 34 139 34
-24.001464 -3.576819 0.003736 139 69 19
11.223868 6.002677 -0.257088 139 69 19
-14.921402 -9.755756 0.225060 34 139 34
-9.037571 -21.183064 0.078677 34 139 34
-1.786066 -2.405399 0.315883 34 139 34
16.959469 13.429628 -0.419676 139 69 19
-4.772902 4.426959 0.782896 139 69 19
1.033751 14.739816 0.373964 34 139 34
-14.118777 -4.034950 0.213575 34 139 34
-6.115771 16.458451 -0.100065 34 139 34
13.500197 -0.847313 -0.208012 139 69 19
-4.649029 14.923928 -0.127064 34 139 34
3.198179 15.488415 -0.772916 34 139 34
-15.087023 -13.639463 -0.707743 34 139 34
-3.941325 6.941709 -0.136855 139 69 19
-16.476519 -3.164446 0.236499 34 139 34
14.032644 9.069210 0.669467 34 139 34
8.130115 6.850169 -0.378737 139 69 19
2.886437 -5.828530 -0.694058 34 139 34
6.865381 9.548293 0.685901 34 139 34
-21.665290 -14.551646 0.258884 34 139 34
23.226112 -4.992187 0.576508 34 139 34
10.920476 -6.637619 0.183318 139 69 19
24.682999 -8.323065 -0.849771 139 69 19
12.673453 -18.624115 -0.195900 34 139 34
-5.392240 -13.939306 -0.424012 139 69 19
-20.269143 19.838493 0.208755 34 139 34
9.378952 13.806223 -0.518374 34 139 34
-1.944041 0.158840 0.736792 34 139 34
-6.179332 14.569695 -1.005791 34 139 34
-8.225337 10.956129 0.243817 34 139 34
-7.709549 -16.619712 0.318247 139 69 19
-1.364268 -20.331687 0.466903 139 69 19
-21.512233 -13.739265 -1.803503 139 69 19
20.510568 -19.157979 -0.392467 139 69 19
-24.643856 -3.736015 0.784285 34 139 34
-11.773667 -0.714205 0.581520 139 69 19
-2.933974 -22.036875 0.465693 139 69 19
23.597605 -1.781235 -0.829261 139 69 19
-6.112013 17.357996 -0.388843 34 139 34
-21.630605 13.822957 0.110709 34 139 34
23.948252 24.175023 0.721284 34 139 34
-19.200204 -11.039222 -0.579230 139 69 19
20.785225 -10.331042 0.335776 139 69 19
-4.810321 22.825143 -0.238211 139 69 19
-9.279755 10.330565 0.033630 139 69 19
17.993432 9.551327 0.131767 34 139 34
7.376634 23.497047 -0.649309 139 69 19
15.931778 15.064412 -0.619298 139 69 19
4.563511 14.255807 -0.062012 139 69 19
-0.977585 12.640314 0.358552 34 139 34
1.486154 0.716348 0.415253 139 69 19
4.784302 20.578442 -0.260231 34 139 34
1.860262 -1.643108 -0.689530 139 69 19
18.231854 -4.048411 -0.051282 34 139 34
-10.215160 -18.676696 0.259405 139 69 19
-12.382043 9.418337 -0.645836 139 69 19
10.398576 -3.066162 -0.060478 139 69 19
-18.172865 22.326614 0.501889 139 69 19
6.173924 -22.869584 0.138789 139 69 19
-23.689594 21.157483 1.193954 34 139 34
-15.621400 14.326715 0.681854 139 69 19
-15.036532 4.892004 0.558882 139 69 19
-3.508606 1.660093 -0.060263 139 69 19
0.803242 17.829281 -0.093793 139 69 19
13.236361 0.592866 0.109895 34 139 34
-20.221565 -10.843319 0.224082 34 139 34
-12.332106 -0.822754 0.457982 139 69 19
4.007400 16.117453 0.052499 34 139 34
11.381416 -6.659352 -0.406674 34 139 34
-13.046842 -15.445491 -0.473637 139 69 19
19.416682 2.914627 -1.028762 139 69 19
-24.184552 -5.577445 0.358396 34 139 34
15.844263 4.578175 0.517629 34 139 34
21.114008 7.025909 -0.801008 34 139 34
14.262291 0.451542 -0.240737 34 139 34
-8.405709 -8.794772 -0.172092 139 69 19
-17.433010 -9.142029 0.053874 34 139 34
-14.951201 18.628924 0.893516 139 69 19
-17.487572 -21.253313 -0.428039 139 69 19
-5.728909 3.566772 -0.048509 139 69 19
20.529963 -0.994276 0.289267 139 69 19
22.241402 -24.088592 -0.780457 139 69 19
16.730427 -2.645618 -0.136821 34 139 34
2.316406 5.648539 0.536263 139 69 19
18.682863 17.402154 -0.494181 139 69 19
9.076704 -6.504375 -0.021919 34 139 34
18.507448 -0.516492 0.230484 139 69 19
22.660943 -0.770280 0.129059 34 139 34
12.407963 -8.720787 0.150782 34 139 34
6.449599 -14.387335 0.582793 139 69 19
-9.620248 -20.810158 -0.756914 34 139 34
-0.959044 -16.179688 -0.222136 34 139 34
-6.874986 10.880966 -0.212047 34 139 34
9.465054 -18.667099 0.504476 139 69 19
-22.803946 14.330239 -0.969523 34 139 34
-10.300894 -4.926315 0.019356 34 139 34
18.645423 -6.817734 -0.374230 139 69 19
-23.091514 -7.844776 -0.351357 34 139 34
9.889682 -14.409731 -0.350875 34 139 34
11.996440 18.560445 -0.373973 139 69 19
-17.775081 -22.862259 0.666164 139 69 19
-19.965745 1.319207 0.437243 34 139 34
2.597172 4.024894 0.102783 139 69 19
9.413519 -5.058600 -0.409271 139 69 19
-20.089715 17.586960 0.386601 34 139 34
-8.595662 24.171923 -0.067460 34 139 34
21.244338 9.602657 0.208565 34 139 34
2.023242 -20.837550 0.256203 34 139 34
-9.337639 9.126151 -0.125843 139 69 19
-0.795847 22.251811 -0.069730 34 139 34
19.506936 -10.188047 -0.023563 34 139 34
12.470984 -10.768849 -0.680366 34 139 34
-18.144568 14.297055 0.162588 139 69 19
10.439150 -9.140996 -0.566431 34 139 34
-22.464873 10.174554 0.620182 34 139 34
1.435946 14.981375 -0.850698 34 139 34
18.201238 -20.228264 0.017075 139 69 19
-7.518360 -1.566627 -0.134472 139 69 19
22.124001 -15.109056 -0.245447 139 69 19
20.858970 -24.507887 0.430388 34 139 34
-1.133139 -21.768022 -0.192999 34 139 34
-19.562028 -1.304421 0.150591 34 139 34
-10.127779 7.470401 -0.590514 139 69 19
-18.789541 -10.098930 -0.299396 139 69 19
-18.849017 -4.200616 0.750006 139 69 19
-24.530127 19.496668 0.047002 34 139 34
9.413478 2.132270 0.247778 34 139 34
5.270762 -16.983281 -0.311155 34 139 34
24.227375 4.421452 0.951970 139 69 19
12.811190 5.379579 -0.577086 34 139 34
3.969232 -3.597158 -0.233160 139 69 19
17.540553 -3.753763 0.064076 139 69 19
14.765500 10.900819 -0.370706 139 69 19
-12.802560 21.576011 0.512125 34 139 34
12.573547 -14.377090 0.456236 139 69 19
-18.307092 7.460812 -0.214551 34 139 34
0.804519 20.768557 1.023692 34 139 34
-4.194377 22.126797 0.104027 34 139 34
3.306528 -15.958775 0.021083 34 139 34
-24.689495 18.774150 0.314106 139 69 19
1.862407 4.137912 -0.008387 139 69 19
3.333782 -20.327650 0.509292 34 139 34
-14.960793 -21.480670 -0.504091 34 139 34
20.659348 10.811296 -0.644798 34 139 34
-11.997052 22.870283 0.158903 139 69 19
14.168648 -21.030416 0.026732 34 139 34
-5.813678 -16.817792 -0.045048 139 69 19
7.363366 -0.908502 0.760967 34 139 34
-2.225895 -15.314674 -0.648207 34 139 34
-8.756215 22.184921 -0.156003 34 139 34
24.513433 -1.817170 -0.063343 139 69 19
4.000686 -3.636449 0.663416 139 69 19
9.177833 -0.251690 -0.731660 139 69 19
24.481722 -18.197233 0.370360 34 139 34
-22.161316 3.688614 -0.004401 34 139 34
14.266387 10.556376 0.081475 139 69 19
-21.926197 -21.276684 -0.198905 139 69 19
9.944475 -2.638778 0.716607 139 69 19
22.729961 -18.720425 -0.158900 34 139 34
-7.227408 -8.295256 -0.696442 139 69 19
16.239670 21.743196 0.107716 34 139 34
12.758671 10.888146 0.193542 139 69 19
-19.962114 3.606432 -0.591389 139 69 19
17.218547 5.374774 -0.617031 34 139 34
-1.427938 20.486351 -0.511762 34 139 34
23.993477 -8.752477 0.072837 34 139 34
4.496268 22.995125 -0.098029 139 69 19
-7.512970 -16.642533 -0.776693 139 69 19
6.555114 -20.211352 1.213759 34 139 34
-11.731078 -7.255297 -0.156203 139 69 19
-12.622789 -7.205784 -0.170857 139 69 19
19.290785 5.146523 0.306190 139 69 19
9.852422 -23.467100 -0.089989 139 69 19
8.335653 6.669710 -0.316086 139 69 19
-8.592202 11.939594 0.158794 139 69 19
-11.395276 20.215269 0.576983 139 69 19
-19.928955 -2.218651 -0.243721 34 139 34
15.784707 5.726637 -0.350317 139 69 19
21.370724 -21.584969 -0.714861 139 69 19
24.319196 -9.212745 -0.847163 34 139 34
20.905673 7.395186 -0.965231 34 139 34
4.276509 5.672556 0.065446 139 69 19
-0.150628 -19.599697 -0.538239 34 139 34
-13.174652 7.505365 -0.225404 139 69 19
23.773677 9.933500 -0.399465 34 139 34
-24.395934 1.372217 -0.527797 34 139 34
-19.971161 -3.370899 -0.431893 34 139 34
10.194055 5.287251 0.472758 34 139 34
-7.332681 -24.718003 0.155279 34 139 34
19.204018 13.277505 -0.354885 139 69 19
9.959401 20.199096 0.238113 34 139 34
-22.103399 -0.421350 0.519949 139 69 19
-5.772797 20.706523 0.456774 34 139 34
22.448114 -15.546118 0.435441 34 139 34
-20.642575 19.342127 -0.479101 34 139 34
-2.987025 23.384107 0.154880 139 69 19
-20.324568 -21.179498 -0.646605 139 69 19
-2.652880 17.148585 0.651207 34 139 34
-14.611807 -15.529742 -0.142739 34 139 34
14.595787 22.623838 0.457848 34 139 34
-11.820705 10.549869 0.132025 139 69 19
23.091203 1.501087 0.266932 139 69 19
-20.935212 15.114329 0.829023 34 139 34
-14.265036 19.811372 -0.009737 34 139 34
10.855024 -23.070504 -0.896238 139 69 19
-9.250331 -17.429137 0.153611 34 139 34
-22.731788 -0.109886 -0.574074 139 69 19
-14.770919 24.322953 -0.203843 34 139 34
-16.047366 12.918283 0.215822 34 139 34
11.045641 10.992764 0.109837 139 69 19
3.237377 -14.268605 0.182288 34 139 34
7.856481 15.200305 -0.038336 139 69 19
-10.309780 -22.765302 -0.070318 139 69 19
-1.230361 9.245311 10.824904 128 128 128
-0.007672 11.245190 0.064313 128 128 128
1.056684 12.154608 5.362716 178 34 34
-1.684459 10.382835 0.035581 128 128 128
-2.056179 11.320470 5.446307 178 34 34
0.374733 10.704758 7.237375 128 128 128
-2.135363 10.563058 9.438395 128 128 128
-0.360938 11.883701 2.356716 178 34 34
-0.526827 11.253697 4.011305 128 128 128
-0.375144 8.605798 3.260436 128 128 128
-2.087346 9.864658 1.515196 128 128 128
-2.327253 10.279259 4.126703 128 128 128
-0.876731 11.184910 6.575820 128 128 128
0.720425 9.379677 1.789147 128 128 128
-0.964174 13.224652 7.538075 128 128 128
1.472263 11.775486 10.819871 128 128 128
-0.103751 9.470270 0.497497 178 34 34
0.906131 12.908327 9.693668 128 128 128
1.698383 12.643411 0.193383 128 128 128
-0.221171 9.625350 3.376422 128 128 128
1.140305 9.158369 1.573166 178 34 34
-2.485186 11.144717 1.764101 128 128 128
-2.281370 9.774822 5.427770 128 128 128
-0.605081 9.982550 7.910865 178 34 34
-1.336263 13.106450 7.555709 128 128 128
-0.595572 9.088930 7.247448 128 128 128
-1.340620 13.392567 9.295320 128 128 128
0.706007 11.878550 8.655594 128 128 128
-0.752488 9.166987 0.662869 178 34 34
0.867453 13.120892 6.926245 178 34 34
1.326333 9.933974 5.171478 178 34 34
0.361547 9.261999 1.306076 128 128 128
-2.198960 9.979084 6.234635 128 128 128
-0.175059 12.783330 7.363826 178 34 34
1.590443 10.160786 1.347000 128 128 128
0.964227 9.793583 0.996300 128 128 128
0.941343 12.585237 1.967681 128 128 128
-2.499823 10.419273 1.952199 128 128 128
1.646469 13.490651 4.459575 128 128 128
-1.329755 12.874692 9.506648 178 34 34
1.381439 11.328014 2.297671 178 34 34
1.521844 11.004211 4.596838 128 128 128
-2.396583 11.643342 0.029553 128 128 128
0.050932 13.698072 7.078565 178 34 34
1.277389 12.750835 8.505418 128 128 128
-0.873210 11.676540 3.797073 128 128 128
0.714024 9.807615 0.296311 128 128 128
-0.998869 11.431326 0.190540 128 128 128
-0.014295 12.564678 9.880314 128 128 128
-0.992524 8.530205 5.480872 128 128 128
1.846128 12.248907 6.454331 128 128 128
1.639294 12.985880 0.084206 128 128 128
1.781781 9.819814 2.095983 128 128 128
0.813764 10.364198 2.938281 128 128 128
-2.495932 8.715528 2.099308 128 128 128
1.576955 13.465230 2.136605 128 128 128
0.145742 8.755626 5.059649 178 34 34
1.519139 11.761108 0.802752 128 128 128
1.827427 13.648569 6.964687 128 128 128
0.979137 13.119340 10.254922 128 128 128
0.219614 9.220498 5.203966 128 128 128
-1.935680 8.610051 5.185387 128 128 128
-0.713703 10.430186 8.303332 128 128 128
0.466940 10.255514 7.589743 128 128 128
1.013623 8.340749 8.955253 128 128 128
-1.453302 12.683497 3.523030 128 128 128
-0.611484 9.472818 8.993357 128 128 128
1.177845 10.053782 5.204514 128 128 128
0.395854 11.063056 3.285842 128 128 128
1.541428 10.550130 4.191539 128 128 128
-1.079664 8.438998 8.254943 128 128 128
-0.858085 10.697339 4.832899 128 128 128
-1.122523 13.370376 10.097535 128 128 128
-1.309267 9.824101 9.282511 128 128 128
0.478098 10.881620 3.641744 128 128 128
-1.115044 13.557172 10.320331 128 128 128
-2.128604 9.348042 3.812576 178 34 34
1.610321 9.566352 9.584693 178 34 34
1.018142 12.515159 10.102307 128 128 128
-0.616110 8.579395 6.982372 128 128 128
-0.097868 12.321824 0.992000 178 34 34
-0.546914 12.155604 1.815731 178 34 34
-0.427677 12.591471 4.215679 128 128 128
0.396343 9.075094 3.922411 128 128 128
0.749454 11.520239 2.892667 128 128 128
1.420801 11.851676 4.390691 128 128 128
-0.229192 9.481801 2.422782 128 128 128
1.140199 10.150286 4.433754 178 34 34
1.726400 10.848444 10.265670 178 34 34
-0.967981 12.317170 9.977231 128 128 128
-2.277007 11.843951 9.808124 128 128 128
-2.140682 10.903495 5.445108 128 128 128
-0.868059 8.592576 6.613677 178 34 34
0.217137 11.740366 7.188096 128 128 128
1.025613 10.302879 10.249742 178 34 34
0.685802 8.335851 10.458265 128 128 128
-0.626973 8.449111 7.701876 178 34 34
-1.471070 9.272188 7.281997 128 128 128
0.895631 8.965194 5.095378 128 128 128
-0.169839 12.812382 6.035499 128 128 128
-1.490223 10.568242 4.908199 178 34 34
0.266736 9.395880 4.498188 128 128 128
-1.599860 8.946933 2.888804 128 128 128
-0.685295 10.175305 2.982538 128 128 128
-0.419211 8.367007 4.035328 128 128 128
-0.014764 10.403609 1.369958 128 128 128
1.117265 11.669409 7.056866 178 34 34
-1.283513 9.724664 0.574662 178 34 34
-1.973736 10.940029 9.789887 178 34 34
0.671887 10.069446 4.128767 128 128 128
-0.044742 12.459920 9.890786 178 34 34
-1.841271 13.610351 2.115265 178 34 34
-2.143602 9.831069 10.476855 128 128 128
1.940534 10.379874 4.068794 128 128 128
-0.921312 12.407422 6.657603 128 128 128
-0.252797 8.533026 9.770919 178 34 34
0.998289 12.559716 4.951610 178 34 34
0.880250 11.176897 1.177997 178 34 34
-2.426430 9.745931 1.790648 128 128 128
0.731952 13.325695 3.424950 128 128 128
1.664954 11.597843 5.200121 178 34 34
0.031989 10.931644 3.994973 178 34 34
0.621279 9.430969 6.777321 178 34 34
-1.795806 9.958289 2.972164 128 128 128
-0.538790 9.651576 2.953418 128 128 128
-0.300771 9.673516 6.585011 128 128 128
-1.423291 11.775424 5.672798 128 128 128
-0.719524 11.610466 1.440840 128 128 128
-0.047526 11.231609 10.705250 128 128 128
-1.807710 11.961155 5.911867 128 128 128
-1.312993 10.690942 7.733309 128 128 128
-1.526736 11.343495 7.337937 178 34 34
-2.317927 11.258557 2.046416 128 128 128
-1.591747 8.567834 10.864242 128 128 128
-1.930602 9.875793 3.910590 178 34 34
0.416698 13.438258 1.354769 128 128 128
-2.294847 10.366448 10.073076 128 128 128
-0.697653 13.122568 10.875768 128 128 128
1.326294 8.581837 3.134011 178 34 34
0.692500 9.580627 9.878865 128 128 128
2.031254 12.724904 4.103259 128 128 128
1.546105 8.390776 4.993994 178 34 34
1.941965 12.227080 8.256435 128 128 128
-2.096274 11.673484 9.054371 178 34 34
-1.802668 11.116891 3.829139 178 34 34
1.436242 10.297872 8.467558 128 128 128
-0.341078 8.523103 1.518416 128 128 128
-2.155901 13.556098 1.841602 128 128 128
-1.666830 11.486141 6.143585 128 128 128
-1.933576 9.095467 9.549442 128 128 128
-1.599899 9.353635 9.397603 128 128 128
-0.570573 11.674626 5.515793 128 128 128
-0.463203 9.576858 1.283561 178 34 34
-1.604035 13.572758 3.155806 128 128 128
-2.433006 8.969372 4.303480 128 128 128
0.391461 13.104485 8.623336 128 128 128
0.537611 9.400760 8.528660 128 128 128
0.408510 10.041963 4.693510 128 128 128
-2.310542 11.549675 10.438063 128 128 128
0.718972 9.647285 3.604217 128 128 128
-1.119011 11.368826 5.755317 178 34 34
-0.940179 8.571123 8.833377 128 128 128
0.447309 12.775176 7.119291 128 128 128
1.207587 10.677114 0.275514 178 34 34
1.327738 8.547801 3.335385 178 34 34
1.816691 13.211660 1.591987 178 34 34
1.003405 12.964110 0.897551 128 128 128
1.806771 13.080218 4.390049 128 128 128
-2.117206 11.335799 3.514419 178 34 34
1.192489 12.223265 2.508709 128 128 128
-0.539266 11.993184 2.682367 128 128 128
-0.561168 12.800760 9.197527 178 34 34
-0.638948 9.393369 1.267388 128 128 128
-1.320549 10.435236 6.758321 128 128 128
-0.385015 12.705783 7.981079 128 128 128
1.421398 10.341161 7.790719 178 34 34
-1.549416 11.359630 2.466785 128 128 128
0.675357 11.776058 9.416914 128 128 128
0.017948 11.480005 7.590166 178 34 34
1.490229 12.898898 2.292915 128 128 128
-0.679441 10.893980 10.788878 128 128 128
-2.329103 11.527598 5.924598 128 128 128
-1.179542 11.601193 1.235919 128 128 128
-0.764613 11.765816 6.936076 178 34 34
-0.567345 10.891281 2.765132 178 34 34
-2.203055 10.063546 6.197184 128 128 128
-1.031246 10.505067 9.223497 128 128 128
-1.895179 11.890783 0.792528 178 34 34
1.464359 12.996745 8.782466 128 128 128
1.128757 12.246135 4.517551 128 128 128
-0.696049 10.678062 7.681474 128 128 128
-1.780216 10.278327 5.470784 178 34 34
-2.376533 10.402514 8.147828 178 34 34
1.354525 13.090722 5.396051 128 128 128
-1.399906 12.526303 1.649553 128 128 128
1.953010 9.903482 10.815478 178 34 34
0.812129 8.574877 7.806417 178 34 34
1.411225 11.781782 10.874697 128 128 128
0.231409 11.730501 3.468301 128 128 128
-2.033309 12.057047 6.485319 128 128 128
0.245230 11.393346 9.333053 128 128 128
0.136044 8.801533 3.353899 128 128 128
0.355907 9.191540 6.545170 178 34 34
-0.249987 13.588792 0.418068 128 128 128
-1.379368 8.950337 9.289951 128 128 128
1.365154 8.818826 3.491111 128 128 128
-2.501813 9.312657 7.968743 128 128 128
1.338722 13.577627 9.283924 128 128 128
1.598816 13.272417 6.289184 128 128 128
1.500210 13.034457 9.125279 128 128 128
-1.646819 13.042804 0.186925 128 128 128
-1.203032 8.464287 4.871791 128 128 128
-0.234631 12.358002 7.480307 128 128 128
-0.175155 10.390491 2.140457 128 128 128
-1.045902 13.320467 10.288527 128 128 128
0.640615 9.329881 8.390938 128 128 128
0.506727 12.003173 10.126797 128 128 128
-0.596023 10.207710 6.851286 128 128 128
-0.008430 9.887306 9.371822 178 34 34
1.339447 9.037036 10.619968 178 34 34
-0.291910 8.697270 9.694370 128 128 128
1.752390 8.533289 4.435035 128 128 128
-0.958902 13.123084 4.387104 128 128 128
-0.301688 12.498796 10.256527 178 34 34
1.133386 10.224323 8.711735 128 128 128
-0.541786 10.296779 7.309997 128 128 128
-1.377853 8.885284 10.226124 178 34 34
-1.336150 8.737522 0.023025 128 128 128
1.786665 13.221218 0.090289 178 34 34
1.055312 10.798624 0.189061 128 128 128
1.173199 9.026123 1.878923 128 128 128
-2.440971 8.418941 1.086608 178 34 34
-1.858393 13.068729 7.920086 128 128 128
-0.421815 10.053335 9.666978 128 128 128
1.450890 13.270269 1.250030 128 128 128
-0.037477 11.098642 7.211253 178 34 34
-1.843418 12.012646 7.623912 128 128 128
-0.656305 10.407794 2.890762 128 128 128
-0.246915 9.284314 4.048982 128 128 128
-1.293765 8.574351 10.577960 178 34 34
-2.450250 12.331990 10.465836 178 34 34
0.800814 10.663812 9.415423 128 128 128
0.524247 8.721428 3.150613 128 128 128
1.910496 12.942691 1.056516 128 128 128
0.287900 12.370024 3.265682 128 128 128
-0.834499 9.517517 6.234214 178 34 34
0.641750 13.714738 4.369491 178 34 34
-2.164092 13.673075 2.982277 128 128 128
0.001471 10.928247 4.241668 178 34 34
0.450816 9.701889 0.248991 128 128 128
-0.570435 8.918018 8.776043 178 34 34
-0.634349 8.468252 5.480128 128 128 128
1.495419 12.977949 7.536634 128 128 128
-2.262266 13.014105 3.814829 128 128 128
-1.054004 13.333752 9.240264 128 128 128
1.151046 9.932497 8.353133 128 128 128
1.266962 11.663799 2.352018 178 34 34
1.472925 9.235872 8.446067 178 34 34
1.604184 13.293613 2.138189 128 128 128
0.297221 8.848170 7.376375 128 128 128
1.600048 10.285688 1.445135 128 128 128
0.512808 8.403786 10.843174 128 128 128
-2.015459 10.969133 0.205411 178 34 34
-1.315353 10.185242 6.721489 128 128 128
0.304576 13.554425 10.460490 128 128 128
1.070028 11.468250 8.506274 128 128 128
-0.797332 11.412060 10.176836 128 128 128
-0.824377 8.490356 1.224656 128 128 128
-0.417449 10.902461 2.322571 128 128 128
1.196690 12.306793 1.331735 128 128 128
0.370250 9.341016 10.014088 178 34 34
-0.526522 11.629224 2.897229 128 128 128
0.412073 10.537672 8.038028 128 128 128
-0.323508 13.526004 10.012398 128 128 128
-1.337620 12.396782 1.693732 178 34 34
0.399978 11.921353 9.897873 128 128 128
-1.495652 9.574252 10.131169 178 34 34
-1.292681 9.431371 7.833481 178 34 34
0.370852 13.369655 10.733236 128 128 128
-0.770857 13.518152 5.912129 128 128 128
1.227232 10.122303 4.397307 128 128 128
0.666591 8.717276 10.324682 178 34 34
-2.229472 10.121935 4.906965 128 128 128
0.358154 8.939878 1.882683 178 34 34
-1.721608 10.165176 3.537283 178 34 34
0.292074 9.830791 7.032561 128 128 128
-1.952813 13.611748 6.379551 178 34 34
-0.461880 10.379938 3.724498 128 128 128
-1.835999 12.933904 0.128146 128 128 128
0.425422 11.012264 8.787066 128 128 128
1.249412 11.556091 0.333722 128 128 128
-0.009591 8.374159 10.395063 128 128 128
0.363754 10.599786 2.796382 128 128 128
-1.825883 12.358549 5.184071 128 128 128
0.520197 11.298351 4.595487 128 128 128
0.551347 10.518173 2.217427 178 34 34
1.046312 9.243118 0.423918 128 128 128
0.956489 10.658631 1.677988 128 128 128
-2.196889 13.071767 3.752243 178 34 34
1.996261 9.890183 9.434020 128 128 128
-0.043270 8.352453 0.803169 128 128 128
1.862685 9.756867 3.031241 178 34 34
0.910506 9.102782 4.481549 128 128 128
0.657974 10.119329 8.402497 128 128 128
-0.937102 12.231706 7.987897 178 34 34
1.643731 12.156755 2.953652 128 128 128
0.683053 10.517641 1.134274 178 34 34
2.059375 11.824344 1.541595 178 34 34
-0.102550 13.633909 3.855909 178 34 34
-1.282363 8.886529 0.966288 128 128 128
-2.025519 9.909541 3.994607 128 128 128
-1.036512 12.807168 2.289175 128 128 128
-0.739711 13.568874 0.553434 178 34 34
-0.126042 10.941700 7.017972 128 128 128
-0.238844 10.800526 7.818626 128 128 128
-0.558546 12.900037 2.226266 178 34 34
1.711938 12.740330 10.928088 128 128 128
0.112455 10.642502 3.028301 128 128 128
1.292429 10.253525 2.871956 178 34 34
-0.073829 9.074726 8.824034 128 128 128
1.045498 8.470090 2.060057 128 128 128
-0.316933 10.823035 5.334533 178 34 34
0.464619 9.878742 5.708950 128 128 128
1.335729 8.762149 2.839428 128 128 128
0.771356 10.783794 2.458583 178 34 34
-0.209997 11.808810 4.868881 128 128 128
0.104040 10.786115 6.656494 128 128 128
0.561676 10.241115 9.323427 178 34 34
-0.710670 11.861555 2.600066 178 34 34
1.499382 8.807891 6.971460 128 128 128
0.036589 9.901745 4.043538 128 128 128
0.074040 10.226845 5.984375 128 128 128
-1.887340 9.677825 4.891804 128 128 128
1.847757 11.831295 7.359419 178 34 34
2.016273 9.631910 1.201674 128 128 128
0.491403 12.343210 9.804671 128 128 128
-1.804923 12.471615 7.391018 128 128 128
-2.403334 11.721864 8.694026 128 128 128
-1.180817 11.923551 5.274177 128 128 128
1.379056 9.456617 8.978658 178 34 34
0.162190 12.389567 9.477470 128 128 128
-2.134705 12.711861 3.504282 128 128 128
-2.388213 11.566452 4.659609 178 34 34
-0.086268 10.951268 5.190643 128 128 128
-2.023035 11.950478 10.688844 128 128 128
-0.057091 9.344446 2.076559 178 34 34
-1.449013 11.297664 10.339661 128 128 128
-0.646333 10.017580 8.209011 178 34 34
0.571859 11.697007 1.779960 178 34 34
1.358853 12.015530 1.996092 178 34 34
1.784404 8.370554 0.619942 128 128 128
-0.276271 9.510748 7.245616 178 34 34
1.956434 13.637115 7.651124 128 128 128
-0.392096 9.737735 3.587606 128 128 128
1.868826 8.900584 6.901294 128 128 128
-1.001309 12.963631 4.754011 128 128 128
0.953450 10.080037 6.102245 178 34 34
1.078174 10.963123 3.183221 178 34 34
-1.610901 12.449277 1.419962 128 128 128
1.475590 12.295637 6.246589 128 128 128
-1.357525 12.795648 7.230749 128 128 128
-0.136668 11.484490 1.862030 128 128 128
-0.184850 10.971688 1.779172 178 34 34
0.284915 12.701175 3.437709 128 128 128
-0.864685 9.499848 7.194218 128 128 128
0.818862 12.293477 3.494920 128 128 128
1.134621 8.992197 9.908559 128 128 128
0.789303 8.609885 5.414249 178 34 34
0.605199 10.161824 10.273716 178 34 34
-1.245315 12.634103 0.266985 178 34 34
0.040306 12.367676 5.390325 178 34 34
-1.743235 12.992605 1.716701 128 128 128
-0.753113 11.072279 3.889207 178 34 34
-0.251704 11.690269 10.840412 128 128 128
0.730519 10.343794 4.292860 128 128 128
-1.463578 9.659715 8.684357 128 128 128
-0.311285 8.418884 5.051750 128 128 128
-0.668299 9.029144 10.658269 128 128 128
-0.764940 13.709166 5.378536 178 34 34
0.831318 8.965926 5.714519 128 128 128
1.176601 10.723900 10.381013 128 128 128
0.258798 13.372407 6.173279 128 128 128
-1.721168 11.660907 8.229434 128 128 128
-2.193158 12.989494 10.021965 178 34 34
-1.252013 10.852262 1.894705 128 128 128
-1.099960 8.919526 3.652558 178 34 34
1.096728 9.246421 9.017555 128 128 128
-0.791140 9.658003 3.426800 128 128 128
1.076331 11.696778 10.778603 128 128 128
1.847244 13.337343 10.166968 128 128 128
1.783767 13.236069 6.902566 128 128 128
-2.185198 12.929586 9.430465 178 34 34
-1.669999 10.041930 1.630797 128 128 128
-0.270619 10.493788 10.568175 128 128 128
0.571560 11.454544 3.166041 128 128 128
-1.584234 8.720483 4.674100 178 34 34
-1.613488 9.863040 4.983862 128 128 128
1.405503 12.466633 6.368845 128 128 128
0.288205 12.385974 0.342264 128 128 128
0.796432 10.346244 4.546739 178 34 34
0.859350 13.308614 4.661350 128 128 128
-1.151714 9.374269 2.882673 128 128 128
0.069230 11.618413 10.383923 128 128 128
0.878155 8.473907 1.287254 178 34 34
1.767218 9.223038 6.524206 178 34 34
-0.759818 10.228396 6.576662 128 128 128
0.659122 9.357584 1.241597 128 128 128
-1.483505 10.020428 10.785678 128 128 128
2.030962 13.448047 9.970013 128 128 128
0.999935 10.008335 0.653112 128 128 128
-2.038207 9.754334 9.082553 178 34 34
0.908587 9.234786 1.743596 128 128 128
0.211470 12.541939 1.092268 128 128 128
-0.048186 9.647761 7.210023 128 128 128
1.444223 9.001527 6.957544 178 34 34
1.732578 12.549978 1.304346 128 128 128
0.549623 13.209993 1.278613 178 34 34
1.800849 13.535457 7.856885 178 34 34
-1.809818 10.050395 3.404082 128 128 128
-1.896331 8.390324 4.643964 128 128 128
-2.027216 8.769216 6.278062 128 128 128
-1.006605 12.117699 0.338628 178 34 34
-0.828551 9.173878 3.470773 178 34 34
-1.185182 11.728894 9.668283 128 128 128
-0.640814 12.138686 1.206760 128 128 128
-0.833497 11.426243 7.908129 128 128 128
1.462671 8.925395 7.100596 178 34 34
-1.654667 12.213299 3.773396 128 128 128
-0.692193 9.564104 8.975146 128 128 128
2.046618 13.061348 9.516185 128 128 128
-1.740923 13.121042 9.072585 178 34 34
-0.006417 12.970650 5.410508 128 128 128
1.500844 10.845496 0.223507 178 34 34
0.891424 13.078628 3.180017 128 128 128
-2.200689 11.712982 8.433790 128 128 128
1.613164 8.866291 1.672731 128 128 128
-2.045434 8.902740 0.150914 178 34 34
1.206277 13.257605 6.950188 128 128 128
0.402612 8.884479 10.516192 128 128 128
0.942781 11.165227 8.418298 128 128 128
-1.701516 13.291750 4.654356 128 128 128
-0.613416 12.197604 5.863823 128 128 128
1.017167 12.250688 4.531661 178 34 34
0.138486 9.347962 8.121906 128 128 128
0.954903 9.114456 3.648177 178 34 34
1.713203 12.901200 3.095916 128 128 128
-1.041640 9.344320 10.200143 178 34 34
0.863648 8.953733 3.788783 128 128 128
-2.153327 13.002423 9.480812 128 128 128
-1.777663 10.709133 6.000482 128 128 128
1.571806 13.077590 4.770923 128 128 128
1.727369 11.398059 2.416852 128 128 128
0.241078 9.430580 8.765580 178 34 34
1.919999 12.357063 1.722323 128 128 128
-1.580590 13.597886 1.136205 128 128 128
0.128788 8.533838 7.145367 128 128 128
0.939915 9.497739 5.914500 128 128 128
0.165603 9.080609 4.804618 128 128 128
-1.323962 9.580673 4.303195 178 34 34
-0.581319 13.077728 5.652923 128 128 128
0.886789 8.904877 8.695276 128 128 128
0.947687 8.565946 5.645716 128 128 128
-2.378432 13.662011 8.317024 128 128 128
-0.446250 13.333924 8.569611 178 34 34
-0.751618 12.863519 8.590760 178 34 34
1.735788 8.748141 6.948064 178 34 34
-1.732457 8.498615 4.003642 128 128 128
0.915632 10.830922 5.901868 128 128 128
-1.768083 10.108977 2.195937 178 34 34
-2.349131 12.226373 7.482598 128 128 128
1.392216 12.275048 3.955980 128 128 128
0.681751 9.621485 9.253269 128 128 128
-2.089985 11.682910 3.018193 128 128 128
-2.310026 11.381476 2.163253 128 128 128
1.544263 10.478325 4.975172 128 128 128
0.818689 10.344167 0.375951 178 34 34
-0.072995 11.707746 5.172429 128 128 128
1.092098 10.375590 3.177304 178 34 34
0.292640 10.398324 8.424418 128 128 128
-1.029493 12.818197 10.177275 178 34 34
-1.294290 9.880955 9.880352 128 128 128
-2.331823 8.743369 2.987712 178 34 34
0.445020 12.381657 2.214597 128 128 128
1.138046 9.304002 0.551034 128 128 128
1.479780 9.321281 7.836872 128 128 128
1.843795 13.156770 3.441604 128 128 128
1.633634 13.375662 7.872035 128 128 128
-1.753905 10.022470 5.086742 128 128 128
1.026962 9.050280 3.096058 128 128 128
-2.432127 13.671840 7.996302 178 34 34
-1.522075 9.404130 4.478149 128 128 128
-2.035975 10.921071 10.296955 178 34 34
-0.702674 10.155295 6.858253 178 34 34
-2.240875 11.683365 9.580781 128 128 128
-2.120776 13.146068 6.653034 178 34 34
-2.458236 11.741306 4.828368 128 128 128
0.043142 12.357653 6.979659 128 128 128
-2.350469 13.406147 6.770029 128 128 128
1.376921 9.105168 10.317045 128 128 128
-1.924986 9.007010 9.643462 128 128 128
1.844622 13.227900 4.141390 128 128 128
0.029180 12.658450 6.596560 178 34 34
1.056998 10.818722 5.276771 178 34 34
0.195333 11.679795 1.062793 128 128 128
1.904384 9.142299 10.030273 128 128 128
-1.804359 10.960976 1.789191 128 128 128
1.386132 8.718355 0.524551 128 128 128
-1.678297 9.477546 8.177324 128 128 128
-2.429006 12.675726 7.012109 128 128 128
-0.126887 12.695753 1.999288 128 128 128
-2.262265 8.865304 4.981692 178 34 34
-1.893226 12.509144 5.168827 178 34 34
0.714666 9.962222 9.192486 128 128 128
-1.421893 11.229769 2.497449 128 128 128
0.860204 13.122182 2.401371 128 128 128
1.336227 11.323356 3.027413 128 128 128
1.465399 10.362472 0.655176 178 34 34
0.001468 8.373342 1.037119 128 128 128
-2.220542 10.722161 4.174194 178 34 34
1.881385 11.837903 10.081017 178 34 34
0.347429 9.993617 1.851203 128 128 128
1.091796 9.703524 7.582994 178 34 34
-0.147924 9.592918 8.670309 128 128 128
-2.420927 10.004985 0.337745 128 128 128
0.373428 9.718603 7.783834 178 34 34
-0.148633 11.612810 3.212732 128 128 128
-2.164848 13.584678 1.380647 128 128 128
-1.634324 8.699323 2.543517 128 128 128
0.505483 9.104891 6.611743 128 128 128
-1.773789 13.380701 1.732024 128 128 128
1.993113 11.475801 5.011204 128 128 128
-1.868691 8.892360 7.522602 178 34 34
1.838507 12.680091 2.180528 128 128 128
-0.419925 13.038114 5.619413 128 128 128
0.954632 11.765498 1.485120 128 128 128
-1.136144 12.357108 1.642743 128 128 128
0.694643 11.552203 7.999926 128 128 128
-1.471099 9.776687 7.605457 128 128 128
-2.291273 9.374254 4.932421 128 128 128
-0.565258 13.246508 8.902397 128 128 128
-1.317811 9.682241 7.620896 128 128 128
0.147862 10.835901 7.662971 178 34 34
1.982765 12.693928 10.676326 128 128 128
-0.197840 9.877227 9.976655 178 34 34
-0.239585 8.471116 4.089289 128 128 128
1.545433 13.473560 3.795581 128 128 128
-1.996015 12.022508 7.844202 178 34 34
1.596625 10.581911 4.597698 128 128 128
-0.245379 9.103516 2.745396 128 128 128
-1.884352 13.570284 1.019890 128 128 128
-1.905904 9.412369 1.414972 128 128 128
-2.101676 12.821400 4.204888 178 34 34
1.515160 8.923873 5.739539 128 128 128
1.002226 10.272545 0.676279 178 34 34
0.823633 10.387645 8.606211 178 34 34
1.814870 10.982316 6.129357 178 34 34
1.660045 10.590252 2.001719 178 34 34
-0.978450 8.976884 5.461244 128 128 128
1.831203 13.658769 0.248705 128 128 128
0.804300 13.391009 4.088398 128 128 128
-1.390328 8.440116 6.688767 128 128 128
-1.613603 12.044296 1.863664 178 34 34
0.003623 13.649522 0.638328 128 128 128
-1.458350 10.739483 8.719919 128 128 128
-1.972914 10.040256 9.659548 128 128 128
-1.083771 9.228850 0.772613 128 128 128
-2.320299 8.894806 8.473805 178 34 34
0.379954 9.099112 2.997209 128 128 128
0.706299 11.206979 8.423889 128 128 128
1.970760 13.060272 6.611122 178 34 34
0.355537 13.525449 2.457062 128 128 128
0.510637 10.325165 5.632838 128 128 128
-1.610403 10.829783 4.796837 128 128 128
-1.549241 11.266748 8.515768 178 34 34
-2.268721 9.013901 1.848304 128 128 128
-2.163238 11.086484 8.568474 128 128 128
-1.348166 10.762384 7.641019 178 34 34
1.640447 13.628852 1.795435 128 128 128
-2.292505 11.902018 4.277212 178 34 34
-1.189983 13.231227 9.131797 128 128 128
-0.514522 13.162675 2.185205 128 128 128
1.449661 10.103241 10.010234 128 128 128
1.040900 9.613667 10.370073 128 128 128
1.773524 10.144606 8.135079 128 128 128
-1.649793 9.450944 2.596624 128 128 128
-2.009779 10.202570 8.585044 178 34 34
0.093290 12.877601 4.183754 128 128 128
1.200522 8.627635 5.654768 128 128 128
-1.092908 8.726999 7.636566 128 128 128
0.133198 12.420062 8.892838 178 34 34
-0.892041 9.955014 10.022903 128 128 128
0.745324 8.961720 7.187787 128 128 128
-2.081491 9.640390 2.614919 128 128 128
-2.473857 10.731989 8.984396 128 128 128
-0.725854 12.276301 8.186653 178 34 34
-1.600109 8.510604 9.241264 128 128 128
0.727805 11.404322 5.304151 178 34 34
1.827693 10.238469 4.582980 128 128 128
-2.017146 8.824684 0.375523 128 128 128
-0.117471 10.129243 2.019509 128 128 128
-1.260078 10.042877 1.650342 128 128 128
-0.253850 9.861680 0.446986 128 128 128
-0.741272 10.281027 7.792203 128 128 128
-2.065952 9.433669 10.023630 128 128 128
-2.271888 8.637691 10.101766 128 128 128
-1.152101 8.386270 8.419960 128 128 128
0.507278 11.522981 7.665027 128 128 128
-1.018728 12.678221 0.143497 128 128 128
1.596791 12.549250 0.534502 178 34 34
-1.651879 9.553087 6.770999 128 128 128
0.793085 8.550385 7.379634 128 128 128
-1.612232 13.034232 8.043944 178 34 34
0.104789 12.211931 8.161613 128 128 128
-0.899617 10.087603 7.048025 128 128 128
0.444909 12.311557 5.819877 128 128 128
-2.270000 9.253424 1.526791 128 128 128
-1.102694 12.026407 4.569183 128 128 128
-2.326209 8.601287 0.348183 128 128 128
-1.761402 12.013717 3.656242 178 34 34
-0.567431 11.466215 9.676867 178 34 34
-2.452495 11.162652 1.730288 128 128 128
1.220009 8.811336 3.123189 128 128 128
-1.653251 11.947264 1.385252 128 128 128
-0.415943 10.375552 2.663277 128 128 128
-0.751371 9.708644 10.455783 178 34 34
-1.964174 12.679876 5.138187 178 34 34
-0.028480 11.302087 0.093940 178 34 34
0.162440 11.321522 5.497839 178 34 34
-0.247081 9.174897 2.325180 128 128 128
1.229389 13.629909 5.463041 128 128 128
0.663207 9.803202 5.042682 178 34 34
0.398689 10.981590 9.519905 128 128 128
1.080903 8.463044 5.293624 128 128 128
1.233477 13.445648 5.430757 178 34 34
0.539846 9.146941 6.893681 128 128 128
1.606107 11.823775 8.991455 178 34 34
0.766699 13.408681 6.430660 128 128 128
-1.120037 13.584129 8.525840 178 34 34
0.902159 10.120927 4.986014 128 128 128
-0.439724 9.796319 9.249913 178 34 34
-0.985358 9.464491 10.725185 128 128 128
-1.514942 12.335205 9.397541 178 34 34
0.912445 11.921396 8.541890 128 128 128
-0.297191 8.758513 5.719265 128 128 128
1.718096 11.754269 1.588200 178 34 34
0.536238 10.172975 1.656605 128 128 128
-0.452363 12.628949 3.901381 128 128 128
-1.802507 13.499659 8.039487 128 128 128
0.657641 9.856093 2.326337 178 34 34
-0.431630 10.797557 6.473772 128 128 128
-1.689667 10.128414 0.131238 128 128 128
1.272025 11.327958 7.886315 178 34 34
0.115271 9.436713 8.432101 128 128 128
-0.991703 13.326886 6.707671 128 128 128
0.427073 13.296813 8.774975 128 128 128
0.650657 8.556030 9.673991 178 34 34
-1.065633 13.513064 0.023674 128 128 128
0.196318 9.461800 6.730600 128 128 128
-2.244400 12.035537 4.154867 128 128 128
-1.571402 10.718564 10.629467 128 128 128
0.005657 11.782093 4.811991 178 34 34
0.618537 11.500665 3.294526 128 128 128
1.709847 9.383816 8.836498 128 128 128
0.741246 11.245253 2.369104 128 128 128
-1.130870 11.818544 8.569477 178 34 34
-1.027062 10.220293 5.747720 128 128 128
1.601652 13.168648 8.887647 178 34 34
-2.485822 11.568599 2.075668 128 128 128
-1.475830 11.910888 8.136830 178 34 34
-1.971746 10.933487 1.242120 178 34 34
1.832901 11.360629 1.168581 128 128 128
2.006417 11.718569 0.012897 128 128 128
1.253790 9.521037 4.255941 128 128 128
0.783288 11.094124 10.724159 128 128 128
-1.339978 8.847822 3.180028 128 128 128
0.432422 11.501359 6.193340 128 128 128
0.142805 10.947911 3.699216 178 34 34
-0.663083 12.389150 9.997171 128 128 128
-2.105290 11.817825 4.884380 128 128 128
0.418696 10.874466 9.912387 128 128 128
0.186286 9.127669 6.962192 128 128 128
-0.527086 10.328399 2.631087 128 128 128
-2.292415 12.975792 1.503323 128 128 128
0.911204 12.290226 10.553457 178 34 34
-2.251437 10.095951 5.206680 128 128 128
0.324924 11.875391 9.314539 178 34 34
0.843982 10.300649 1.945133 178 34 34
0.167051 11.426169 4.824783 128 128 128
1.351376 12.727030 4.009429 128 128 128
-0.913675 13.655983 9.559081 128 128 128
0.050829 11.828190 0.058732 128 128 128
-1.195938 12.025543 4.327980 128 128 128
-0.956346 8.485866 4.221792 128 128 128
1.529435 12.119357 8.076603 128 128 128
-1.381864 9.480057 8.845116 128 128 128
-1.045324 10.853223 3.187697 128 128 128
-1.299906 8.929846 6.956945 128 128 128
1.961129 10.569604 8.970778 128 128 128
1.082899 11.275680 1.353091 128 128 128
-2.157554 12.490559 4.933926 128 128 128
-1.561533 10.934914 1.783093 128 128 128
0.390603 12.787973 1.490754 128 128 128
1.386029 10.451491 6.797899 128 128 128
-0.835085 9.490135 10.484108 178 34 34
-1.033258 11.619928 7.145548 128 128 128
-0.600553 11.910447 1.041040 178 34 34
1.668073 12.657317 5.228010 178 34 34
-1.831358 8.404300 2.115961 128 128 128
0.324787 9.440150 6.972041 128 128 128
-1.602546 11.014983 9.406241 178 34 34
1.407489 8.950839 3.419135 128 128 128
-2.239423 11.337635 9.091143 128 128 128
-0.946885 9.790839 0.346294 128 128 128
1.238055 9.222102 8.663272 178 34 34
-0.105541 10.107988 0.116404 178 34 34
1.280944 10.723332 6.887712 128 128 128
0.889540 9.806645 8.309846 128 128 128
-1.159715 11.081475 4.959960 128 128 128
-0.927105 10.222472 3.262854 128 128 128
1.997507 12.885683 4.450841 128 128 128
-0.433895 8.779949 7.194964 128 128 128
-0.287575 11.878006 5.284736 128 128 128
-2.439034 9.174103 8.587608 128 128 128
-2.138546 11.243353 7.231528 178 34 34
-0.467346 8.753521 5.856113 128 128 128
-1.663973 11.800319 9.370483 178 34 34
-1.147674 8.527473 5.753162 178 34 34
-0.090611 11.323014 2.256097 128 128 128
-2.371655 9.012854 8.736508 128 128 128
0.368601 8.376586 2.046623 128 128 128
-1.048094 11.861494 10.771276 128 128 128
1.684674 12.924270 3.551122 128 128 128
0.482566 9.748545 6.854173 178 34 34
-0.506138 13.328314 8.701309 128 128 128
-0.893893 10.896848 0.231828 178 34 34
-1.662576 12.158503 3.920405 178 34 34
1.283112 11.892082 10.230763 128 128 128
0.300729 8.817732 3.729944 128 128 128
-2.119641 10.557597 8.941119 128 128 128
1.618075 9.069928 1.940741 128 128 128
0.816350 12.733443 7.026117 128 128 128
-1.726961 9.396025 8.198111 128 128 128
-1.117645 13.358496 10.168337 178 34 34
0.150654 8.801263 9.598293 178 34 34
-1.693140 10.370150 10.458395 178 34 34
-0.234224 11.613588 2.417056 178 34 34
-1.913628 9.475061 0.351066 128 128 128
0.768829 11.258156 9.292575 128 128 128
-0.269252 9.447333 3.982345 128 128 128
-0.656070 10.784753 0.201079 128 128 128
-0.919727 13.310111 2.667973 128 128 128
-0.165008 10.597250 0.764537 128 128 128
-1.522534 9.343287 3.977376 178 34 34
0.689150 12.235919 0.311003 128 128 128
-1.505949 9.660211 10.339553 128 128 128
-1.503960 11.010738 9.173239 178 34 34
-0.734327 12.885504 6.598305 178 34 34
-0.946920 13.696235 9.929204 128 128 128
-2.148178 12.357852 2.089611 128 128 128
-2.207569 10.306346 6.626042 128 128 128
-1.474504 9.136246 9.767321 128 128 128
-0.558041 13.170935 7.921029 128 128 128
-0.032916 9.544568 5.061751 128 128 128
0.526473 9.734904 0.622992 128 128 128
0.802606 11.318522 7.200491 128 128 128
0.533585 11.234718 2.449671 128 128 128
-0.830293 13.333449 10.908244 178 34 34
0.545069 9.546904 1.592494 128 128 128
0.300162 9.446547 1.457963 128 128 128
-1.350683 8.818250 3.526895 128 128 128
0.316079 9.828539 5.912726 128 128 128
0.308814 12.563929 5.519349 128 128 128
-2.203598 12.186987 3.507608 128 128 128
2.024585 9.651921 2.206904 128 128 128
-2.265345 8.631595 8.568440 128 128 128
0.469880 13.558264 9.916146 128 128 128
1.218169 13.668942 0.551389 178 34 34
-0.760605 12.309925 5.359384 128 128 128
1.263593 9.404537 4.694494 128 128 128
0.362413 11.852702 6.598486 178 34 34
-0.724699 13.218828 10.517996 128 128 128
-2.018043 10.041076 0.925382 128 128 128
1.338908 10.954820 4.078282 128 128 128
1.875241 11.627312 2.443052 128 128 128
-0.495786 11.502488 6.668973 178 34 34
1.762834 13.606105 1.611260 128 128 128
0.917325 11.641725 0.243366 128 128 128
-0.241779 8.882726 4.927326 178 34 34
1.547717 8.487537 8.845194 178 34 34
-2.375483 12.000135 8.678068 178 34 34
1.293310 10.363291 0.930173 128 128 128
-1.341300 9.268612 9.688800 128 128 128
-0.437586 12.054710 4.417307 128 128 128
1.050293 12.046231 9.341764 128 128 128
0.253748 11.294082 2.881296 128 128 128
-0.494891 8.573334 9.938402 178 34 34
-2.079398 10.195335 9.003012 128 128 128
1.254347 11.613162 5.392119 128 128 128
0.290495 12.029776 1.208456 128 128 128
0.701035 9.845083 8.977740 178 34 34
-0.386760 11.332720 9.207307 128 128 128
-2.160088 9.414213 8.329566 128 128 128
-0.802351 9.772444 8.711623 178 34 34
-0.446986 8.512567 8.617637 128 128 128
-1.959582 11.193222 0.679143 128 128 128
1.712479 10.510348 9.255069 128 128 128
1.725446 12.763555 4.755919 128 128 128
-0.900123 13.262978 3.174089 178 34 34
-1.583907 13.451517 9.480614 178 34 34
-0.552983 11.088470 6.389293 178 34 34
-1.820628 9.258268 5.707891 128 128 128
-0.065739 12.367137 0.042396 128 128 128
-1.423384 8.500495 10.161322 128 128 128
1.138150 9.454950 9.849903 178 34 34
-1.360105 10.109548 7.846057 178 34 34
-0.193852 12.216563 9.459888 128 128 128
1.278139 9.259615 1.870826 178 34 34
0.078695 8.876964 5.791620 128 128 128
0.214952 11.089268 1.307499 178 34 34
-2.471021 11.402881 10.797001 128 128 128
-0.646369 8.856005 2.944866 128 128 128
-1.692564 10.282439 6.166158 128 128 128
-0.122216 9.575292 10.415969 128 128 128
0.440818 12.157746 1.132312 128 128 128
1.270564 8.899009 8.761282 128 128 128
0.137865 12.741991 0.714924 128 128 128
1.839037 9.848487 0.875190 128 128 128
2.008778 8.612099 8.439137 178 34 34
-1.672771 10.762755 8.770817 128 128 128
1.127763 12.311048 4.269913 128 128 128
0.192616 11.802008 4.183808 128 128 128
-1.416638 9.751615 4.045022 128 128 128
-1.388846 13.299027 5.409419 128 128 128
-1.846143 8.942047 2.670920 128 128 128
-0.942703 9.873679 5.169655 128 128 128
0.559558 10.152828 5.972518 128 128 128
0.263595 12.573097 7.837500 128 128 128
-0.360312 10.414944 9.771577 178 34 34
1.876368 13.490353 1.053908 128 128 128
0.719578 10.620866 6.273969 178 34 34
-2.291285 12.223963 2.740053 128 128 128
-1.039875 9.979050 4.065827 128 128 128
1.012849 12.364506 0.677910 128 128 128
0.449737 9.377002 6.028713 128 128 128
1.894748 12.760818 7.549657 128 128 128
-1.707310 12.567384 10.092372 128 128 128
0.583689 10.173602 3.151925 128 128 128
-0.924428 11.282252 5.220457 128 128 128
-0.328134 9.680601 2.168420 128 128 128
1.492967 8.467623 7.295998 128 128 128
-1.826036 8.979685 0.098061 128 128 128
1.070281 10.600990 4.183021 178 34 34
-0.599702 10.867199 4.324763 178 34 34
-1.014044 11.567430 8.858676 128 128 128
1.562574 9.363019 6.903103 128 128 128
0.725462 13.300735 1.722729 128 128 128
1.734727 12.138390 9.418799 178 34 34
-2.230402 10.050215 7.433163 128 128 128
0.571742 9.417816 4.763450 128 128 128
0.274276 12.010898 10.840020 178 34 34
-1.443015 11.937125 2.968771 128 128 128
1.865280 9.264360 6.262250 128 128 128
-0.681519 8.457425 0.033690 178 34 34
-2.004401 11.312799 9.012544 128 128 128
0.005758 10.942953 9.356515 128 128 128
0.389612 13.235352 9.681170 128 128 128
1.169427 12.351781 9.794003 128 128 128
1.880600 13.238858 10.276060 178 34 34
1.968510 12.062045 5.428369 128 128 128
0.121534 11.305848 6.564155 128 128 128
-1.123321 10.707613 10.364576 128 128 128
-2.384216 9.561230 4.349752 178 34 34
-0.762651 12.394668 8.592960 128 128 128
-1.856544 10.425854 4.683258 178 34 34
-0.963415 10.167258 1.287729 128 128 128
0.084405 8.513109 3.718159 128 128 128
-1.777830 11.158184 0.223625 178 34 34
-0.613122 11.306410 6.444023 128 128 128
1.811104 9.602442 6.726760 128 128 128
2.047654 13.006265 2.261465 128 128 128
0.355077 8.387634 1.352271 128 128 128
-1.758378 8.459999 10.923625 178 34 34
0.032337 11.327272 5.934290 178 34 34
-0.557387 8.458294 2.448970 178 34 34
-1.776197 8.658532 7.355714 128 128 128
-1.446879 12.215071 2.673411 178 34 34
-1.405600 11.958514 6.669009 128 128 128
1.675367 10.793120 0.717903 128 128 128
0.443568 11.039972 6.874766 128 128 128
0.289190 9.652602 9.244803 128 128 128
1.775695 9.091561 0.575430 178 34 34
0.360959 10.832177 9.370386 128 128 128
1.359176 13.595329 5.615191 128 128 128
-2.157037 9.314678 5.628248 128 128 128
-1.363284 13.488679 0.488964 178 34 34
-2.477790 13.522412 10.302847 128 128 128
-2.444005 8.913363 8.331765 128 128 128
0.965669 11.474159 1.472192 178 34 34
0.580037 12.138006 9.140916 178 34 34
-2.317418 11.022633 0.617691 178 34 34
0.636423 -14.869140 1.666613 178 34 34
2.862349 -14.270528 5.444721 178 34 34
4.435941 -15.539257 1.196718 128 128 128
4.164331 -13.196220 7.114460 128 128 128
5.091659 -16.178939 2.168358 178 34 34
3.153176 -13.177986 2.957718 128 128 128
2.951776 -15.653931 5.565388 178 34 34
0.835255 -15.087408 7.098010 128 128 128
1.222329 -15.603455 1.879504 178 34 34
-1.135832 -14.117160 0.184509 128 128 128
0.636330 -15.399050 3.529434 128 128 128
2.505470 -14.719170 2.402508 178 34 34
3.762433 -14.893468 0.050894 128 128 128
1.835373 -14.281238 7.511736 128 128 128
-0.693036 -14.310488 7.602560 128 128 128
4.464732 -13.358318 0.736294 128 128 128
3.737986 -16.147521 7.333950 128 128 128
4.861824 -15.531921 4.805955 128 128 128
4.583528 -14.142667 5.136599 128 128 128
4.497224 -14.733178 0.848815 128 128 128
3.233074 -13.489638 6.134551 128 128 128
4.580896 -14.444355 3.690905 128 128 128
2.738480 -14.350425 0.109039 128 128 128
3.856023 -13.322345 0.188377 178 34 34
3.008618 -13.340578 7.098290 178 34 34
2.106057 -13.394970 7.014365 128 128 128
4.670621 -15.856544 5.523320 128 128 128
2.912254 -15.372445 0.026248 128 128 128
3.792729 -15.597660 3.274154 178 34 34
1.219590 -15.182577 1.557564 128 128 128
1.849876 -14.680749 1.134753 128 128 128
2.171403 -15.925115 7.384860 128 128 128
1.937380 -15.064875 2.838533 128 128 128
-0.063142 -15.113439 3.040681 128 128 128
3.801847 -14.336909 7.246800 178 34 34
-1.039558 -13.217678 4.590014 178 34 34
1.662916 -13.967449 1.665252 178 34 34
0.135903 -13.464841 5.860875 128 128 128
1.028510 -16.076130 6.460627 178 34 34
-0.117231 -15.299767 5.649601 128 128 128
-0.470050 -14.507009 1.121344 128 128 128
0.136165 -13.358193 3.473763 128 128 128
4.828292 -15.317757 0.542326 128 128 128
-0.071213 -15.341553 1.845948 178 34 34
4.349783 -13.431749 6.748247 178 34 34
0.062986 -15.034187 5.582907 178 34 34
4.736525 -15.473997 6.966063 128 128 128
2.716201 -16.100174 3.427948 128 128 128
3.131420 -13.526968 3.198201 128 128 128
2.653133 -15.536221 4.481761 178 34 34
1.952261 -16.187052 3.985763 128 128 128
4.999504 -16.229634 4.408096 128 128 128
-1.044474 -14.197536 3.208648 178 34 34
3.950585 -13.363006 3.011285 128 128 128
3.416376 -13.751516 2.184497 128 128 128
0.780426 -14.897581 5.131602 128 128 128
-0.690369 -14.138001 5.306268 178 34 34
3.189676 -14.135256 6.081629 178 34 34
1.603049 -14.407551 4.105811 128 128 128
1.396290 -14.600603 1.189393 178 34 34
1.091437 -13.892848 3.143266 128 128 128
4.110359 -15.165007 2.270916 178 34 34
5.083219 -15.315016 0.753577 178 34 34
1.900230 -13.833710 0.814208 128 128 128
1.584593 -13.453318 2.840760 128 128 128
1.140103 -15.961510 6.566858 178 34 34
0.622903 -16.112892 7.889803 128 128 128
2.637663 -13.341279 5.746599 128 128 128
1.330715 -14.470519 5.198896 178 34 34
4.314170 -15.353596 4.489034 178 34 34
0.404268 -14.328964 5.739472 128 128 128
4.949611 -13.696366 7.833127 128 128 128
2.071583 -15.014604 3.440418 128 128 128
1.897387 -14.205593 1.767973 178 34 34
0.052256 -15.700149 2.549084 178 34 34
3.059520 -14.292435 2.556735 178 34 34
2.239737 -13.462727 4.605824 128 128 128
2.216708 -13.950324 4.635869 128 128 128
5.302228 -15.565503 0.949338 178 34 34
-0.425077 -16.089715 5.630842 128 128 128
2.092511 -13.224137 3.009968 128 128 128
0.568408 -13.449476 4.391952 128 128 128
-0.794286 -15.815992 3.548018 178 34 34
5.011269 -13.745176 6.560006 128 128 128
-0.401827 -13.487520 2.251756 178 34 34
3.920705 -16.208748 1.642399 128 128 128
-0.417214 -16.071776 0.651222 128 128 128
1.526185 -15.045809 2.273593 178 34 34
2.922552 -14.032320 2.150081 128 128 128
0.329910 -16.094445 1.731614 128 128 128
0.757540 -14.052085 6.726905 128 128 128
4.310059 -14.756908 3.073292 128 128 128
2.378632 -15.826744 0.148871 128 128 128
2.599386 -14.418440 4.354793 128 128 128
0.783619 -13.742229 3.086311 128 128 128
5.401790 -13.621675 1.439203 128 128 128
2.395586 -15.600988 1.021284 128 128 128
1.474494 -15.246980 1.568749 178 34 34
0.654815 -15.570828 1.814425 178 34 34
-1.074214 -14.796856 0.224839 178 34 34
0.315434 -13.908041 7.903438 178 34 34
4.568870 -16.094295 1.319120 128 128 128
5.376955 -15.560925 2.676551 178 34 34
-0.049420 -15.979643 7.609727 128 128 128
-1.011234 -14.370574 4.639416 128 128 128
1.878966 -14.188125 3.419283 128 128 128
2.185543 -15.878586 3.357160 128 128 128
3.109724 -13.786318 4.370480 178 34 34
-0.350950 -13.996614 0.679191 128 128 128
1.101642 -16.225164 4.730745 178 34 34
0.953026 -15.365297 2.539422 128 128 128
3.254832 -14.175877 2.034894 178 34 34
2.402944 -14.794499 4.437402 128 128 128
3.336219 -14.672006 1.764049 128 128 128
-0.191539 -15.118540 4.651631 128 128 128
3.271015 -15.868411 4.398342 178 34 34
3.939189 -15.407781 1.358224 128 128 128
4.261050 -13.798782 6.375105 128 128 128
-0.922300 -15.578463 4.532674 128 128 128
2.815535 -14.325426 2.003619 178 34 34
1.059684 -14.007842 4.217865 128 128 128
1.877054 -14.308515 1.866187 178 34 34
3.088964 -15.908307 7.370463 128 128 128
2.232825 -14.569482 3.149205 178 34 34
2.476242 -14.774188 2.207358 178 34 34
0.740196 -13.337035 7.293832 128 128 128
3.392424 -15.795909 2.561232 178 34 34
-0.702594 -14.736047 1.468057 128 128 128
3.698821 -14.938259 2.865262 128 128 128
-0.830362 -14.240357 0.386331 128 128 128
4.208128 -13.928777 1.674119 128 128 128
-1.069590 -13.431679 5.671176 178 34 34
4.729644 -14.305540 3.187716 178 34 34
3.931482 -13.326477 0.958540 128 128 128
2.533811 -13.439004 6.573617 128 128 128
4.681278 -13.713705 6.418494 128 128 128
2.495587 -14.675743 4.280221 178 34 34
1.225386 -15.628955 5.685290 128 128 128
1.232758 -15.588495 5.973073 128 128 128
-1.029075 -13.898459 4.878200 178 34 34
1.988501 -14.895203 4.893547 128 128 128
1.540186 -15.238354 2.990802 128 128 128
-0.435794 -14.035353 0.684040 128 128 128
4.224436 -13.284860 0.758432 128 128 128
3.349658 -15.219080 7.783644 128 128 128
5.188021 -13.482096 7.620848 128 128 128
-0.522180 -13.449712 7.151979 128 128 128
4.874568 -15.236725 6.787120 128 128 128
3.920624 -13.512956 3.808648 128 128 128
-0.186665 -15.009050 5.033143 128 128 128
3.363174 -13.641655 3.155249 128 128 128
3.856926 -14.611203 1.496242 178 34 34
-0.949950 -13.899376 4.724043 128 128 128
2.004554 -13.442786 7.624104 128 128 128
2.929868 -14.850139 5.242907 128 128 128
3.313000 -14.403078 3.857633 178 34 34
3.538869 -14.363586 4.980317 128 128 128
2.747790 -15.010748 6.392218 128 128 128
4.649384 -13.716170 7.442415 128 128 128
4.581778 -14.163880 3.644019 128 128 128
-0.404705 -16.183056 0.734843 128 128 128
4.587361 -15.814701 3.031094 178 34 34
0.317778 -15.456360 7.784844 128 128 128
-0.937970 -13.712862 7.524186 178 34 34
1.993728 -13.261609 4.965447 178 34 34
2.280029 -14.585584 5.476836 178 34 34
2.960186 -13.740313 4.411008 128 128 128
1.381923 -16.046038 5.777359 128 128 128
5.404073 -14.758147 4.895689 128 128 128
5.369688 -15.049567 3.845670 178 34 34
4.140671 -16.002631 7.618506 178 34 34
2.200463 -14.883028 7.588616 128 128 128
3.458602 -16.230478 4.398867 178 34 34
0.842321 -15.075630 4.138413 128 128 128
0.524009 -15.854495 6.810045 128 128 128
1.618522 -13.950142 2.335815 178 34 34
1.365665 -16.247005 5.286787 128 128 128
1.945044 -13.259808 7.740256 128 128 128
4.833216 -15.562801 7.493037 178 34 34
2.702633 -14.324498 3.825931 128 128 128
1.513055 -13.314269 7.049050 128 128 128
5.257117 -13.277844 5.698455 178 34 34
1.242916 -14.238493 6.193925 178 34 34
5.224743 -16.008345 2.321574 128 128 128
-0.575931 -15.393239 6.816919 128 128 128
2.316925 -15.862155 5.737641 128 128 128
1.044900 -13.974214 7.868066 128 128 128
-0.433446 -14.211157 2.193336 128 128 128
0.715791 -14.469431 0.161230 128 128 128
4.855556 -15.907090 5.550323 178 34 34
4.463179 -15.377796 6.019242 128 128 128
0.208619 -15.590216 4.326992 128 128 128
3.458702 -13.741433 4.313162 128 128 128
-0.967268 -13.858735 5.618221 178 34 34
-0.631066 -16.171499 7.536068 128 128 128
1.064639 -16.253379 5.720212 128 128 128
-0.058033 -15.089266 3.055370 128 128 128
0.049587 -13.366806 4.648514 128 128 128
5.095145 -13.324576 5.928551 128 128 128
5.014249 -15.045109 5.899430 128 128 128
1.154993 -14.444096 0.836131 128 128 128
5.137619 -15.402127 4.008960 128 128 128
0.113941 -15.266468 4.094903 128 128 128
0.123874 -14.501327 7.876604 128 128 128
-0.990779 -15.566483 3.297550 128 128 128
0.288697 -15.867460 3.780140 128 128 128
1.509627 -15.832210 5.924172 128 128 128
0.910320 -15.260847 1.684473 128 128 128
-0.544731 -13.773126 1.154262 128 128 128
2.155206 -13.216393 1.923365 128 128 128
1.395323 -13.627233 4.832434 128 128 128
5.312616 -13.770970 7.884063 128 128 128
0.322574 -15.210072 6.053293 128 128 128
2.506152 -13.858976 6.593388 178 34 34
-1.153158 -15.528035 5.381745 128 128 128
5.129190 -15.685292 6.629536 178 34 34
1.541129 -15.641277 5.145479 178 34 34
3.755957 -15.318833 5.484331 128 128 128
3.339196 -15.512407 2.907086 128 128 128
4.359603 -15.144925 1.087336 128 128 128
3.151439 -14.037791 6.081411 128 128 128
1.114476 -15.939962 4.781306 128 128 128
1.736143 -14.828737 3.832324 128 128 128
2.085705 -13.249433 0.491536 128 128 128
4.550202 -13.995617 2.832893 178 34 34
-0.772010 -15.426424 4.984836 128 128 128
0.146221 -13.291617 6.834491 128 128 128
1.265177 -14.622659 6.998885 128 128 128
0.491955 -14.638246 0.505842 178 34 34
-0.252805 -14.515316 6.234410 128 128 128
1.224840 -13.542392 6.089829 178 34 34
4.093050 -14.363037 7.956956 128 128 128
1.730226 -13.184423 4.986637 128 128 128
-0.423517 -14.101398 2.812616 178 34 34
0.855704 -16.140285 6.671193 178 34 34
3.669730 -16.092654 7.703800 178 34 34
4.889422 -15.759888 5.411850 178 34 34
5.057066 -16.190272 6.719653 128 128 128
-1.029023 -13.635497 3.385560 128 128 128
3.421646 -14.369387 7.588975 178 34 34
4.034907 -14.920873 5.690402 178 34 34
5.274184 -14.856035 4.181114 178 34 34
1.651033 -14.787478 3.123506 178 34 34
2.882045 -15.636694 7.902214 128 128 128
2.525896 -15.909047 0.074304 128 128 128
-0.281421 -15.576904 3.616634 128 128 128
1.893099 -14.488245 3.555172 128 128 128
-0.348496 -13.243145 3.445710 128 128 128
2.666896 -15.549251 5.146506 178 34 34
0.691751 -15.857205 3.503215 128 128 128
0.238727 -16.033726 6.311586 128 128 128
0.504982 -13.821875 0.058926 128 128 128
2.705254 -16.046377 6.864574 128 128 128
4.963682 -14.243977 2.696850 128 128 128
4.464698 -13.885835 3.675323 178 34 34
-0.323811 -15.257721 4.910925 128 128 128
1.771674 -15.499537 3.914493 128 128 128
0.833107 -13.716423 1.962067 128 128 128
3.404285 -16.070637 6.697323 178 34 34
4.405243 -14.961493 3.252401 128 128 128
3.418972 -13.942340 4.899313 128 128 128
4.066913 -13.879051 4.957632 178 34 34
-0.782301 -15.999004 5.182554 128 128 128
3.849590 -15.820136 5.675136 128 128 128
1.094202 -15.256300 3.841250 128 128 128
5.200064 -14.072457 4.792633 178 34 34
1.610364 -13.932287 3.015268 128 128 128
-0.001885 -15.837325 0.470701 128 128 128
5.299804 -14.020879 4.397661 178 34 34
-0.322071 -15.750271 3.614324 128 128 128
2.763963 -14.058598 2.555017 178 34 34
2.221237 -13.817763 3.336662 178 34 34
3.585563 -15.838573 4.864326 128 128 128
3.129784 -15.349848 6.845367 128 128 128
2.040426 -16.003432 7.617724 178 34 34
-0.045784 -15.412467 5.423009 128 128 128
0.371911 -13.298273 7.043377 178 34 34
2.823871 -14.876514 0.683055 178 34 34
5.228576 -13.632863 7.550084 178 34 34
-0.710342 -13.651834 1.679862 128 128 128
4.301038 -13.988045 6.600514 178 34 34
0.665267 -15.195105 5.262453 128 128 128
1.196375 -15.088261 1.057159 128 128 128
3.810458 -16.101773 6.656201 128 128 128
3.545204 -13.578516 4.342893 128 128 128
4.307125 -13.574970 4.046165 128 128 128
0.314494 -15.796487 6.417355 128 128 128
2.775609 -14.746797 7.339370 178 34 34
-0.913400 -15.737888 4.612651 128 128 128
5.245358 -14.124585 0.022654 128 128 128
1.421592 -14.698279 3.929500 128 128 128
1.540047 -15.374367 3.580641 128 128 128
3.421983 -13.451358 7.297109 128 128 128
3.501446 -15.167427 6.991937 128 128 128
-0.900818 -13.582876 6.143033 128 128 128
0.518046 -13.898706 5.881492 128 128 128
2.266259 -14.184553 4.455837 178 34 34
2.632840 -13.731649 2.909773 128 128 128
4.323045 -14.523809 0.143460 128 128 128
0.228648 -13.473992 1.455826 128 128 128
1.923597 -13.947002 6.614981 128 128 128
2.940278 -14.805215 7.440303 128 128 128
2.461002 -13.859200 3.751824 178 34 34
-0.765460 -14.566708 2.791432 178 34 34
-0.840250 -13.688645 0.988273 178 34 34
5.207132 -14.831574 2.344474 128 128 128
3.043381 -15.614641 5.103398 178 34 34
3.659401 -13.666297 0.509887 128 128 128
4.240686 -14.153513 4.787736 128 128 128
2.045945 -14.566132 4.653944 178 34 34
2.995525 -15.146588 2.608419 178 34 34
4.319517 -16.094441 2.331098 128 128 128
4.964012 -15.826951 5.051787 128 128 128
1.847454 -13.641130 3.886974 128 128 128
-0.282865 -13.762634 3.644045 128 128 128
-0.947215 -15.328810 5.888237 128 128 128
1.850365 -15.072736 2.805046 178 34 34
3.136828 -16.136699 1.460721 128 128 128
4.835639 -13.177723 4.604548 128 128 128
2.370947 -13.476899 1.079954 178 34 34
1.055688 -13.886478 0.918925 128 128 128
-0.386662 -15.178097 1.483122 128 128 128
-0.239938 -16.114732 6.072079 128 128 128
-0.784434 -14.510201 1.776322 178 34 34
4.342458 -13.886068 2.505529 178 34 34
-0.159975 -13.636004 7.920577 128 128 128
-0.574882 -14.074227 5.136262 128 128 128
0.067841 -14.754726 2.883692 128 128 128
3.725383 -15.496720 1.803389 128 128 128
2.747804 -14.881952 7.076485 128 128 128
2.193607 -15.312730 6.862476 128 128 128
0.558955 -16.247996 6.300914 128 128 128
2.971685 -15.685526 0.225220 128 128 128
3.109234 -14.003233 4.203370 128 128 128
4.548058 -16.050069 0.638015 178 34 34
1.411719 -13.477341 0.389404 128 128 128
1.506172 -14.145447 6.475752 178 34 34
2.085803 -15.177137 3.206788 178 34 34
2.307296 -15.079074 5.942491 128 128 128
1.939217 -14.177361 6.153488 128 128 128
4.580925 -14.400612 6.422273 128 128 128
3.572782 -14.685767 4.071350 128 128 128
4.288780 -13.859569 7.322603 128 128 128
0.128933 -15.132784 5.079402 128 128 128
3.161384 -15.410641 6.784966 128 128 128
2.692018 -15.813649 2.824199 128 128 128
0.738315 -14.699833 5.368602 128 128 128
-0.015957 -15.203308 7.209029 128 128 128
3.537307 -16.241184 1.147248 128 128 128
3.952306 -14.130391 7.961601 128 128 128
5.041143 -14.639342 7.188472 128 128 128
5.247847 -15.363266 4.965203 128 128 128
4.562984 -14.694837 5.314474 128 128 128
-0.722343 -15.822261 0.584172 128 128 128
1.234613 -15.639276 4.646451 128 128 128
3.512803 -13.841657 5.716917 128 128 128
4.553516 -14.046638 3.292174 128 128 128
-0.706770 -15.639121 5.841076 178 34 34
1.780464 -15.732982 7.007720 178 34 34
1.019969 -16.084829 6.272859 178 34 34
4.497549 -14.714216 0.898195 178 34 34
5.254653 -13.440070 1.026190 128 128 128
1.726442 -14.777209 3.266791 128 128 128
4.710459 -13.829282 2.776320 128 128 128
4.593672 -15.339467 3.600512 178 34 34
4.923953 -13.774414 4.552843 178 34 34
0.537659 -15.615231 0.067217 178 34 34
4.152984 -14.361179 1.286342 128 128 128
3.189641 -13.820942 7.472815 178 34 34
4.444168 -14.942858 3.859055 128 128 128
4.252919 -13.573709 4.544466 128 128 128
5.271795 -16.035439 0.058062 128 128 128
4.741484 -14.753807 3.888315 128 128 128
1.922687 -15.513008 6.811003 128 128 128
2.372869 -15.724796 3.022272 178 34 34
3.842634 -14.916509 7.612936 178 34 34
3.027391 -13.815712 7.435041 178 34 34
3.256725 -14.821950 1.550765 128 128 128
0.598324 -14.340030 3.504403 128 128 128
-0.195539 -14.564427 0.889870 128 128 128
1.442068 -15.472546 7.141395 128 128 128
3.187146 -15.554143 2.885460 128 128 128
-0.428682 -13.739944 5.077735 128 128 128
1.371175 -15.576053 1.933235 178 34 34
2.136120 -16.048357 4.052707 128 128 128
0.874004 -15.855338 1.699698 128 128 128
1.744500 -13.878610 3.735719 128 128 128
3.110787 -13.407599 4.470476 128 128 128
4.411936 -13.318649 0.985006 128 128 128
3.681493 -14.632882 1.779426 128 128 128
2.694764 -14.443449 2.815098 178 34 34
3.959890 -13.515648 0.498041 128 128 128
1.815422 -15.236579 3.499305 178 34 34
3.110837 -14.873866 3.022314 178 34 34
1.756667 -13.603503 3.250907 128 128 128
0.066001 -15.919470 2.354203 128 128 128
2.159723 -13.611023 2.904929 128 128 128
-0.678010 -15.053691 5.800543 128 128 128
-0.811401 -15.441477 0.652425 128 128 128
-0.498496 -14.938554 5.543212 128 128 128
-0.017497 -13.763960 6.215080 128 128 128
1.369251 -15.893097 3.832551 128 128 128
4.622329 -14.206399 2.797042 128 128 128
0.633416 -15.006318 6.719079 128 128 128
4.300867 -15.866780 6.031409 128 128 128
5.117726 -15.235977 3.230972 178 34 34
1.153540 -13.775491 4.072320 128 128 128
0.918553 -15.752455 0.117289 128 128 128
2.360716 -13.483153 2.945269 178 34 34
4.971318 -14.584609 5.846426 178 34 34
-0.247205 -15.602267 7.263348 128 128 128
1.484106 -16.016289 2.575137 128 128 128
5.271618 -14.841937 3.804493 128 128 128
2.074477 -15.347124 3.352905 178 34 34
1.308081 -13.928267 1.171280 178 34 34
-0.228985 -13.775328 5.622185 128 128 128
2.147912 -13.275710 0.617086 128 128 128
-0.210405 -13.344375 4.306012 128 128 128
1.362573 -15.106368 2.214384 178 34 34
2.350400 -14.350529 1.990138 178 34 34
1.160184 -14.425466 5.482926 128 128 128
3.012847 -15.464174 3.254971 128 128 128
-0.019172 -14.782454 4.571737 128 128 128
4.766710 -13.477597 4.184536 178 34 34
-0.146532 -15.039056 1.034428 128 128 128
1.037052 -14.468786 3.600935 128 128 128
-0.624721 -14.751638 2.463749 128 128 128
0.800192 -14.327396 1.279723 128 128 128
3.919162 -13.386266 0.146703 178 34 34
-0.445648 -14.997682 2.025417 128 128 128
0.223004 -15.080420 4.483011 178 34 34
-0.280627 -16.068411 4.733969 128 128 128
0.052707 -14.927930 3.942827 128 128 128
0.828585 -15.535048 7.348493 128 128 128
1.275958 -16.202626 0.697814 178 34 34
1.155795 -15.615479 2.243614 128 128 128
-0.785186 -16.147906 4.601380 178 34 34
0.570351 -14.071471 7.112965 178 34 34
1.740377 -14.036472 4.619094 128 128 128
-0.447031 -14.279099 3.096641 128 128 128
0.379048 -15.201466 2.004518 128 128 128
2.752380 -14.363511 5.637909 128 128 128
2.871873 -13.776077 3.635453 128 128 128
2.972398 -16.071544 3.605911 128 128 128
3.488191 -16.244057 0.720289 128 128 128
-0.415308 -13.252151 3.869082 178 34 34
0.619256 -13.853121 1.686505 128 128 128
-0.177563 -13.602426 6.571362 178 34 34
2.059484 -14.349686 3.703243 128 128 128
-0.173698 -14.918934 6.843223 128 128 128
4.524719 -13.270205 4.371550 128 128 128
0.278830 -13.538972 7.152089 128 128 128
0.018970 -15.518098 5.319591 178 34 34
3.966496 -15.054818 5.926453 128 128 128
4.912943 -16.235021 6.044532 128 128 128
3.952644 -13.670831 7.062664 128 128 128
2.805404 -15.596139 2.083959 128 128 128
-0.156367 -13.610194 1.853958 128 128 128
0.109850 -13.752178 5.328721 128 128 128
2.709311 -15.907996 3.745286 128 128 128
5.169603 -13.773915 2.378832 128 128 128
0.928905 -15.152663 2.210216 128 128 128
0.970811 -14.783867 2.760805 128 128 128
-0.158633 -15.952575 7.693640 178 34 34
-0.299506 -13.792221 5.162281 178 34 34
0.025643 -14.491158 5.709076 128 128 128
4.696628 -14.182645 5.846646 128 128 128
5.134739 -14.187062 4.228009 178 34 34
4.031375 -13.614940 0.470129 128 128 128
0.218650 -15.616431 6.981003 128 128 128
1.936513 -13.537699 0.147948 128 128 128
0.445441 -15.704225 1.012645 178 34 34
2.373177 -13.994065 7.567017 178 34 34
-0.369615 -15.988449 7.607286 128 128 128
0.793739 -13.962261 2.554129 128 128 128
3.677347 -16.238524 6.841587 178 34 34
2.405730 -15.509615 1.894109 178 34 34
1.129534 -14.387358 0.288749 128 128 128
3.173887 -16.150036 1.328408 128 128 128
2.033314 -15.193043 3.088511 178 34 34
2.866985 -15.001008 2.316684 128 128 128
2.040616 -14.990865 5.606112 128 128 128
0.180105 -15.593251 3.754695 178 34 34
-0.683916 -14.728172 6.743158 128 128 128
1.812431 -15.773665 5.913796 128 128 128
5.295214 -15.802606 7.022956 178 34 34
0.964239 -14.950825 1.776337 128 128 128
5.279937 -14.826546 1.370856 178 34 34
3.471572 -13.633167 3.155725 128 128 128
1.318075 -14.318251 0.445639 128 128 128
0.461542 -14.338524 3.918515 178 34 34
0.497757 -13.537482 1.661715 128 128 128
3.721192 -16.187262 3.496871 128 128 128
2.641039 -13.442749 2.295906 128 128 128
4.126137 -15.830262 7.372079 128 128 128
-0.136653 -13.604450 6.433106 128 128 128
3.470263 -14.446379 6.833025 178 34 34
2.458803 -13.966904 3.938470 178 34 34
1.184640 -15.330036 3.537907 128 128 128
3.732987 -13.471471 0.150210 128 128 128
-0.751454 -15.622198 4.192755 128 128 128
3.583592 -13.799930 3.705230 128 128 128
2.520316 -16.024186 5.932869 128 128 128
1.246925 -15.768546 0.298400 128 128 128
-1.054625 -16.176775 5.363195 128 128 128
1.299254 -13.494978 2.908680 178 34 34
4.851931 -13.608731 1.883200 128 128 128
3.398198 -13.961039 7.594202 128 128 128
1.050506 -14.831278 3.188881 128 128 128
1.930623 -16.071719 3.771640 128 128 128
5.142082 -14.301911 6.225742 128 128 128
4.162984 -14.509695 4.840586 128 128 128
3.568352 -15.057398 5.249952 128 128 128
2.106839 -15.646860 0.956986 128 128 128
2.357136 -15.443201 1.098431 128 128 128
-0.927120 -16.055184 2.265055 128 128 128
4.798579 -13.884661 5.293728 128 128 128
3.510598 -14.127241 6.932035 178 34 34
0.965812 -15.000167 7.380485 128 128 128
0.626877 -16.252216 3.319161 128 128 128
0.130604 -15.622375 6.418636 128 128 128
3.226293 -15.842053 2.345864 128 128 128
-0.355808 -15.949604 2.793481 128 128 128
1.848708 -14.759106 4.680350 128 128 128
1.270501 -15.934192 3.921460 178 34 34
3.717262 -13.783968 3.089250 178 34 34
-0.292223 -15.698402 4.686204 178 34 34
2.816327 -13.202789 0.899750 128 128 128
4.548339 -16.194434 4.141172 128 128 128
1.012455 -13.846131 5.143683 178 34 34
1.500598 -13.562106 5.627746 128 128 128
0.111755 -13.506031 0.936201 128 128 128
0.908619 -13.642828 3.842844 128 128 128
-1.067299 -15.439512 5.306401 128 128 128
0.680062 -14.129650 4.323499 128 128 128
3.091461 -15.846462 2.444481 128 128 128
2.382460 -14.820469 0.328920 128 128 128
-0.460000 -13.413229 1.222138 128 128 128
3.654810 -15.670731 1.553935 178 34 34
2.632143 -14.063025 7.277700 128 128 128
2.835803 -13.572717 3.212745 178 34 34
-0.446523 -14.533715 6.078345 128 128 128
3.026122 -15.391672 1.378547 128 128 128
2.570490 -14.829991 6.037659 128 128 128
2.949075 -14.671153 3.828747 128 128 128
2.865299 -16.126403 7.180185 128 128 128
3.008470 -14.107499 0.232390 128 128 128
2.500581 -14.314842 4.869335 178 34 34
2.114481 -13.998446 6.523916 128 128 128
5.165687 -13.730745 0.807248 128 128 128
1.653207 -16.118998 6.667437 128 128 128
2.646860 -13.663125 4.452977 128 128 128
2.026414 -14.292871 6.630321 178 34 34
-0.526314 -13.696458 5.349789 128 128 128
1.048744 -15.974829 0.390007 128 128 128
1.347494 -15.872501 4.340249 128 128 128
4.118208 -14.027890 1.892819 178 34 34
-0.623137 -14.351267 7.948397 178 34 34
4.065738 -13.535657 0.307514 128 128 128
0.968943 -13.937753 3.227813 128 128 128
2.018877 -14.479560 6.598647 128 128 128
2.543837 -16.097678 6.756710 128 128 128
4.731371 -15.700676 4.373621 178 34 34
3.332466 -14.539704 1.022201 128 128 128
1.229197 -14.362542 0.245886 128 128 128
4.698666 -15.735944 3.243078 128 128 128
-1.010313 -14.292734 2.101452 128 128 128
-0.444043 -14.385995 7.282289 178 34 34
4.999541 -14.660049 3.082115 128 128 128
-0.907752 -14.855629 4.226595 178 34 34
5.362433 -15.480041 6.953639 128 128 128
1.198016 -15.134435 1.778973 128 128 128
4.594363 -13.791039 6.898574 178 34 34
4.175361 -14.610556 4.682149 128 128 128
4.268706 -13.995331 1.243779 128 128 128
1.195094 -15.903986 5.250000 128 128 128
-0.612609 -16.124329 6.280819 128 128 128
3.417065 -13.767708 0.230739 128 128 128
3.604894 -14.800328 2.417003 128 128 128
2.427155 -15.885743 1.469840 128 128 128
4.432392 -13.292792 0.437659 128 128 128
4.468555 -13.738110 6.647377 178 34 34
-0.846062 -15.592336 4.796674 128 128 128
3.639583 -13.424371 0.681410 128 128 128
2.933481 -14.241490 2.537584 128 128 128
-0.654448 -15.688320 6.373573 178 34 34
4.593101 -13.363870 0.474872 178 34 34
0.726505 -13.629010 3.572180 128 128 128
5.096076 -13.769182 7.561721 128 128 128
1.251957 -13.949427 7.213975 178 34 34
2.871213 -14.353636 7.904906 128 128 128
2.126142 -14.092214 4.660696 128 128 128
1.355940 -16.000605 4.891838 128 128 128
-0.149218 -14.102321 4.028220 178 34 34
2.681950 -13.666137 2.752075 178 34 34
2.506291 -15.491404 5.006491 128 128 128
4.530564 -15.238183 3.240622 128 128 128
1.074311 -16.008313 3.449961 128 128 128
2.610773 -14.487633 1.927722 128 128 128
4.808678 -13.699037 4.046778 178 34 34
0.696270 -13.263626 7.453551 128 128 128
-0.573761 -15.679629 7.296759 128 128 128
2.793586 -15.035770 5.885221 128 128 128
3.166394 -15.813286 2.838387 128 128 128
2.189068 -15.678755 1.894066 128 128 128
4.292298 -14.173013 3.319516 128 128 128
0.916259 -13.233111 2.230585 178 34 34
2.557056 -16.198113 1.132732 178 34 34
1.220368 -15.457401 0.852610 178 34 34
-0.531233 -15.761221 4.622217 178 34 34
1.135036 -15.805467 2.387573 128 128 128
0.948454 -15.283937 6.037864 128 128 128
3.017479 -15.956139 2.680371 178 34 34
2.212663 -15.240720 3.766744 128 128 128
0.250817 -15.109229 6.629243 128 128 128
3.299007 -15.983483 4.417943 128 128 128
4.588035 -14.847252 7.867884 178 34 34
1.213326 -15.315978 1.930893 178 34 34
2.283369 -14.162455 7.324772 128 128 128
0.686655 -13.736821 0.289926 128 128 128
-0.743314 -14.298453 2.683951 128 128 128
4.444537 -14.046530 2.919214 128 128 128
-0.626693 -15.206850 0.787934 178 34 34
3.589381 -15.183563 0.360563 178 34 34
3.561374 -15.206728 2.176503 178 34 34
2.097225 -14.487238 6.495329 178 34 34
-0.863186 -14.756288 4.965490 128 128 128
5.306393 -14.107339 6.235224 178 34 34
-0.994659 -13.672830 7.332743 128 128 128
1.674697 -15.469984 5.415971 128 128 128
1.702761 -16.005014 6.597623 128 128 128
2.334772 -14.730262 0.660380 128 128 128
0.122202 -15.806569 5.856796 178 34 34
-0.940582 -16.031011 3.939294 128 128 128
4.969295 -15.979589 2.235286 128 128 128
3.851293 -13.700449 1.509355 128 128 128
3.910528 -16.019086 4.984451 178 34 34
-0.062327 -14.253858 6.421362 128 128 128
2.971752 -14.563591 2.295626 128 128 128
2.391483 -16.192702 3.787421 128 128 128
2.848271 -14.942256 1.487232 128 128 128
0.814404 -13.376982 3.899531 178 34 34
1.359634 -15.328611 7.107055 128 128 128
-0.928625 -15.856345 5.164716 128 128 128
3.996421 -14.118276 4.370015 128 128 128
1.445613 -13.755509 6.828413 128 128 128
-0.594665 -13.356459 3.107607 178 34 34
1.197609 -14.032874 6.250185 128 128 128
-0.893885 -15.186538 5.213227 128 128 128
3.931669 -13.484080 4.301645 128 128 128
1.581870 -15.744186 7.041252 128 128 128
0.766830 -14.503377 6.529204 128 128 128
3.299719 -13.282838 6.332490 128 128 128
4.113006 -15.131866 1.104327 128 128 128
4.550115 -15.538512 4.345200 128 128 128
0.589028 -15.158851 6.324197 128 128 128
1.181295 -15.432705 2.590824 178 34 34
2.836918 -16.130156 5.929823 128 128 128
3.301284 -15.913807 5.410033 128 128 128
2.420514 -15.287725 6.646768 128 128 128
2.012639 -14.216444 3.504500 178 34 34
0.516182 -14.482104 5.588536 128 128 128
1.676493 -13.907279 7.782149 128 128 128
2.707000 -15.302526 5.981404 178 34 34
1.779689 -15.965063 0.096458 128 128 128
3.811742 -16.203114 2.955212 128 128 128
2.157132 -15.476567 7.631403 128 128 128
-0.932487 -15.186661 2.732565 128 128 128
1.069159 -13.271696 4.893545 128 128 128
0.327634 -14.419223 6.142091 178 34 34
2.200695 -15.212045 3.680318 178 34 34
0.252991 -13.649987 7.330804 128 128 128
4.800746 -13.290118 6.576467 178 34 34
2.684512 -13.416494 0.219740 178 34 34
5.280631 -15.251503 7.495299 128 128 128
0.357206 -14.369140 6.018680 178 34 34
3.342237 -15.130038 3.375450 128 128 128
0.461395 -15.044964 4.951283 128 128 128
3.575228 -13.564520 4.149218 178 34 34
4.717141 -14.709953 0.571159 128 128 128
4.586949 -14.304789 4.319644 128 128 128
0.038431 -14.843963 0.581285 178 34 34
1.507061 -15.186467 2.091366 128 128 128
2.508886 -16.020663 0.110700 128 128 128
5.145914 -14.638478 4.030022 128 128 128
3.864075 -15.225771 4.949848 178 34 34
2.527727 -14.123310 4.414877 178 34 34
-0.533702 -15.417383 5.619536 128 128 128
4.033619 -14.761566 7.007987 128 128 128
2.341340 -14.563428 4.524438 128 128 128
0.249691 -14.409636 1.784602 128 128 128
-0.664014 -14.090518 2.051967 178 34 34
2.977663 -14.938374 2.710936 178 34 34
5.263011 -13.989251 5.346340 128 128 128
4.806924 -13.824140 2.610578 128 128 128
2.726524 -16.073547 2.812926 128 128 128
4.490694 -13.330303 3.937133 128 128 128
1.525717 -13.167543 3.901729 178 34 34
1.664303 -16.208086 5.737718 128 128 128
3.925252 -15.177693 5.047506 178 34 34
4.482877 -14.267144 1.639409 178 34 34
4.884217 -13.746554 3.542198 128 128 128
-0.769142 -13.339012 1.779958 128 128 128
3.355106 -14.464743 2.201915 178 34 34
-0.674595 -15.487864 5.569811 128 128 128
4.231726 -13.688282 1.442472 128 128 128
2.481034 -15.935480 2.567635 178 34 34
2.696680 -15.048375 2.932068 128 128 128
2.855852 -15.838619 5.264759 128 128 128
1.939445 -14.589945 3.509303 128 128 128
4.610127 -13.597587 0.780630 178 34 34
5.014457 -13.456510 2.710686 128 128 128
1.017759 -15.811635 5.038261 128 128 128
4.723726 -13.621050 7.126602 178 34 34
0.142732 -13.644051 3.969788 128 128 128
4.235751 -13.375065 2.499292 128 128 128
3.872404 -13.446614 3.433007 128 128 128
2.368760 -14.502149 6.930657 178 34 34
-0.684026 -16.111650 0.459092 178 34 34
1.418069 -14.299880 7.632218 128 128 128
-0.505689 -14.998227 6.791061 128 128 128
-0.939324 -14.089869 6.554720 178 34 34
2.079474 -13.263407 2.275219 128 128 128
-0.773814 -13.818365 2.517200 128 128 128
-0.249270 -14.802276 4.119017 128 128 128
0.809811 -14.206746 1.875018 128 128 128
3.162610 -13.191780 1.215074 128 128 128
-0.718038 -13.826626 7.749641 128 128 128
3.929336 -15.010971 0.532677 128 128 128
3.217261 -15.250865 1.983679 128 128 128
4.072662 -16.064489 4.724747 128 128 128
5.280030 -13.800081 4.914135 128 128 128
3.754913 -14.027790 7.560361 178 34 34
0.709054 -13.908811 3.984039 178 34 34
3.945715 -16.084878 1.806682 128 128 128
1.661418 -15.714412 3.420195 128 128 128
-0.262997 -15.618482 5.516163 128 128 128
1.007020 -14.975881 2.524725 128 128 128
2.090036 -14.464255 5.802309 178 34 34
1.498821 -14.507523 0.488405 178 34 34
1.296730 -15.823222 1.601381 128 128 128
0.817074 -13.169343 5.739053 128 128 128
4.594642 -13.517976 2.229679 178 34 34
0.086992 -15.804060 5.834173 128 128 128
4.815295 -16.033102 4.002645 128 128 128
5.151393 -13.950599 2.411363 128 128 128
2.291662 -14.485281 1.926057 128 128 128
4.993507 -13.687635 0.627697 128 128 128
4.338685 -13.477633 1.173969 128 128 128
3.681166 -14.026505 5.820166 178 34 34
0.986381 -13.279254 4.252449 128 128 128
1.210452 -15.393545 7.330526 128 128 128
3.365584 -15.843078 4.342340 128 128 128
2.576732 -15.347363 7.059319 128 128 128
0.510530 -14.801099 3.877673 178 34 34
1.749112 -13.204345 6.659762 178 34 34
2.517305 -16.005585 1.589774 128 128 128
-1.078467 -14.173507 2.482115 128 128 128
-0.104517 -15.109029 3.140917 128 128 128
2.469664 -13.585367 2.847703 128 128 128
2.611412 -14.956922 5.776592 128 128 128
0.779847 -15.760069 5.214174 128 128 128
-0.658109 -14.995505 1.788457 128 128 128
1.357831 -14.205729 0.935993 128 128 128
2.417092 -13.175119 5.737693 128 128 128
1.891976 -13.814904 1.153895 178 34 34
0.389446 -13.427059 1.919046 128 128 128
3.026271 -15.495835 7.640078 128 128 128
3.759910 -14.947660 4.088480 128 128 128
1.391105 -15.161876 3.760866 128 128 128
5.239456 -14.934196 2.987868 128 128 128
1.459993 -13.521348 1.609967 128 128 128
-0.637182 -13.271334 4.291698 128 128 128
1.410529 -14.102253 4.665989 128 128 128
0.981354 -14.505534 5.109134 178 34 34
5.119680 -13.686389 3.648008 178 34 34
4.067615 -16.163104 5.237016 128 128 128
4.020203 -15.977765 5.033772 128 128 128
0.770100 -14.334336 1.014764 128 128 128
-0.889894 -13.884311 2.768713 128 128 128
-0.066785 -15.919276 0.799480 128 128 128
1.969650 -15.235619 2.429690 178 34 34
0.794796 -16.011714 0.358332 178 34 34
1.390444 -13.876632 1.419854 128 128 128
0.933523 -15.581753 0.956492 128 128 128
1.650774 -16.193608 2.802796 128 128 128
4.587127 -14.041708 3.013446 128 128 128
-0.685151 -15.728920 5.512348 178 34 34
1.214868 -16.110600 0.752608 128 128 128
4.043315 -14.954054 4.208126 178 34 34
3.531628 -16.114914 0.368138 128 128 128
-0.974460 -13.604076 6.244578 128 128 128
0.250711 -14.260727 1.165492 178 34 34
0.039784 -15.498505 6.638472 178 34 34
0.951324 -14.168677 7.620163 128 128 128
3.786239 -14.706256 4.346230 128 128 128
-0.380987 -15.856090 5.258950 128 128 128
-0.901890 -15.082820 0.920311 178 34 34
1.165473 -13.218934 1.694360 128 128 128
-1.057342 -13.874054 1.814163 128 128 128
2.585773 -14.963473 1.490980 128 128 128
5.137257 -16.078331 1.888930 178 34 34
0.085602 -15.945104 2.376305 128 128 128
0.956561 -14.924103 4.242953 178 34 34
-0.473491 -14.120856 6.069268 128 128 128
0.796010 -16.235744 6.551018 178 34 34
2.353114 -14.460643 7.595631 128 128 128
2.948831 -15.332552 3.187594 128 128 128
1.045079 -15.112888 6.913832 128 128 128
0.240013 -15.145946 7.729628 178 34 34
4.571040 -15.454052 4.560811 128 128 128
4.657932 -14.259305 4.073979 128 128 128
-0.872252 -15.248183 7.718367 128 128 128
3.266311 -13.308186 1.238108 128 128 128
3.645935 -14.807309 4.252886 128 128 128
5.262452 -16.192758 4.094847 128 128 128
2.933244 -13.174389 6.672621 128 128 128
4.029428 -13.880273 2.379063 128 128 128
0.333084 -13.396626 3.505915 128 128 128
1.727379 -14.599653 7.017201 128 128 128
4.307235 -13.330285 5.253244 128 128 128
-0.825555 -16.070971 0.940594 128 128 128
-0.509448 -16.006125 4.559305 128 128 128
0.710431 -16.024433 6.507339 178 34 34
3.374784 -14.386013 6.948164 128 128 128
1.339147 -15.256637 6.873394 128 128 128
4.945252 -14.209864 2.316329 128 128 128
-0.917643 -15.837528 4.151228 128 128 128
2.487705 -14.638530 3.785263 128 128 128
-0.368940 -16.233320 5.781648 128 128 128
1.347601 -13.805966 4.818280 128 128 128
0.408300 -15.201647 6.604042 178 34 34
4.075455 -14.242601 4.255695 128 128 128
3.834497 -14.866887 1.747015 178 34 34
0.076773 -15.403987 6.184840 178 34 34
-0.636150 -16.201862 3.059641 178 34 34
3.770028 -13.349617 7.469443 128 128 128
1.770845 -13.757909 0.853501 178 34 34
0.859596 -14.720410 4.001999 128 128 128
1.059276 -14.289829 2.578364 178 34 34
-1.100380 -14.716743 2.433712 128 128 128
1.248096 -15.002392 1.991541 128 128 128
0.816475 -13.466940 6.245420 128 128 128
-0.943527 -14.314520 2.135128 128 128 128
2.152924 -15.023567 6.680036 128 128 128
1.967271 -14.109230 2.243453 128 128 128
-1.121026 -13.863688 0.167321 128 128 128
0.110553 -14.139922 4.162949 128 128 128
1.855625 -15.161859 3.566787 178 34 34
3.697734 -15.614734 6.220946 178 34 34
1.207554 -15.293905 6.702530 178 34 34
-0.367536 -14.514656 5.737750 128 128 128
5.198780 -14.003184 4.354816 128 128 128
0.446284 -13.660540 5.302200 128 128 128
1.530010 -14.320709 3.506327 128 128 128
-0.895879 -13.666127 0.404371 178 34 34
0.029393 -14.385565 6.100492 128 128 128
0.559142 -15.756038 4.592634 128 128 128
3.387424 -14.018735 7.952229 128 128 128
3.436537 -15.496788 0.968214 128 128 128
-0.001901 -14.932554 6.472832 128 128 128
5.002471 -15.536863 4.266868 128 128 128
2.286968 -15.331927 1.563402 178 34 34
3.601549 -15.589351 4.066039 128 128 128
2.121254 -16.195213 5.486878 128 128 128
2.499649 -15.770161 6.486010 178 34 34
-0.983057 -14.327909 0.126061 128 128 128
2.844230 -14.154772 0.442483 128 128 128
4.942593 -15.603112 1.778744 128 128 128
-0.672277 -14.620820 3.838338 178 34 34
0.488940 -15.177676 0.073910 178 34 34
1.166792 -13.335432 5.852906 128 128 128
3.341659 -14.943482 6.587371 128 128 128
-1.036859 -15.008625 3.628487 178 34 34
5.144099 -14.118484 3.568448 128 128 128
2.933742 -14.497804 2.640198 128 128 128
1.538895 -15.423645 1.765263 178 34 34
4.543351 -15.815432 7.415284 128 128 128
2.148614 -15.293647 2.449526 128 128 128
-0.922828 -15.353328 2.521111 128 128 128
4.080665 -14.616433 3.730723 128 128 128
2.454006 -13.692878 1.167559 128 128 128
3.747587 -13.396913 4.548053 178 34 34
3.729897 -15.228955 3.396538 128 128 128
-0.050421 -13.587821 2.730205 128 128 128
1.160749 -16.239080 2.286534 128 128 128
1.228126 -15.586255 7.631480 178 34 34
1.422384 -16.077103 6.629116 128 128 128
-0.327474 -15.117554 6.138245 128 128 128
1.892630 -15.941711 2.946103 128 128 128
5.326797 -14.985020 6.159418 178 34 34
2.962127 -13.827376 4.876418 128 128 128
5.149313 -15.026562 3.844825 128 128 128
2.081252 -13.573830 5.704750 178 34 34
3.736516 -14.232546 5.062931 128 128 128
3.129164 -13.728341 1.864772 128 128 128
2.873688 -15.490760 7.674953 128 128 128
2.120369 -14.672318 6.519210 178 34 34
-1.124995 -16.234408 4.771442 178 34 34
2.251067 -15.652262 7.946109 128 128 128
11.322685 -17.422325 7.722955 128 128 128
15.989128 -14.837601 9.568198 178 34 34
13.293674 -15.217271 8.668705 128 128 128
12.202149 -13.351230 2.807932 128 128 128
15.264560 -13.794257 9.574004 128 128 128
14.701546 -15.297968 9.028361 128 128 128
14.353589 -16.398666 12.389280 128 128 128
14.511291 -12.068440 11.791966 128 128 128
12.558994 -17.759018 0.042448 128 128 128
14.852834 -15.412937 10.056021 128 128 128
13.953171 -14.014071 8.197907 128 128 128
15.771709 -16.051487 10.783210 128 128 128
14.296770 -16.971282 7.545059 178 34 34
11.869171 -13.315506 6.494512 128 128 128
12.702790 -15.866556 10.600029 128 128 128
13.339417 -14.313282 2.924859 178 34 34
15.136020 -14.153878 9.572028 128 128 128
13.022219 -12.267444 9.300654 128 128 128
11.984751 -15.154090 7.461341 178 34 34
15.953339 -13.620263 0.929602 128 128 128
12.954589 -13.380679 2.220748 128 128 128
11.182181 -13.149572 12.128737 128 128 128
12.819862 -11.843260 11.069810 128 128 128
10.631985 -15.545335 12.390283 128 128 128
11.452013 -15.808702 3.040407 128 128 128
16.239214 -16.296992 6.161318 128 128 128
13.939424 -11.859071 13.927600 128 128 128
16.209414 -12.679695 6.100515 128 128 128
13.571930 -14.159557 3.703352 128 128 128
12.421313 -15.376808 12.312614 128 128 128
16.030560 -14.286083 6.047451 128 128 128
12.374951 -17.512383 10.921353 128 128 128
14.918276 -13.416271 0.534776 128 128 128
14.650965 -15.605492 1.259690 128 128 128
11.115142 -16.633450 6.165230 128 128 128
12.249039 -13.833323 11.264403 178 34 34
14.199826 -17.271905 7.419025 128 128 128
15.226235 -12.290770 4.472641 128 128 128
16.162782 -14.514058 7.678237 128 128 128
12.647381 -15.209885 12.376407 178 34 34
11.668046 -14.276592 11.468175 128 128 128
12.022708 -14.455967 3.853491 128 128 128
14.912294 -15.060919 2.174972 178 34 34
13.223498 -17.597578 9.067270 128 128 128
13.157387 -14.587529 2.268310 128 128 128
14.947993 -15.650545 12.562862 128 128 128
11.026608 -13.745716 4.463263 128 128 128
14.978764 -15.226179 13.205743 128 128 128
14.092426 -14.214470 7.144429 178 34 34
11.986392 -17.845284 1.342091 178 34 34
12.443583 -12.131935 1.998513 128 128 128
16.288850 -15.952448 13.760332 128 128 128
12.822681 -14.095997 9.893006 128 128 128
13.396482 -17.457465 9.922610 128 128 128
14.667458 -12.144972 13.797137 178 34 34
11.426104 -15.678065 11.869475 128 128 128
11.287633 -12.729878 2.014041 178 34 34
12.282664 -11.721344 6.820263 128 128 128
15.887841 -16.855873 12.978659 178 34 34
14.616579 -18.219707 5.795259 128 128 128
15.483403 -14.245378 8.804270 128 128 128
14.856747 -16.619473 8.654190 128 128 128
11.709103 -12.366818 7.592507 128 128 128
15.177834 -13.398826 5.974038 178 34 34
14.696824 -17.622049 6.214621 128 128 128
10.971870 -17.220179 7.828158 128 128 128
13.737276 -12.704514 8.147324 128 128 128
13.009415 -11.876345 0.979704 178 34 34
14.885574 -11.709201 1.643620 128 128 128
15.557571 -13.158827 3.225759 128 128 128
13.644204 -12.841043 5.019163 128 128 128
14.855197 -15.719283 6.252843 128 128 128
12.117199 -16.283440 1.424048 128 128 128
16.198066 -12.304150 6.751199 178 34 34
11.988358 -13.028418 6.271071 128 128 128
15.249579 -17.905137 6.357323 178 34 34
14.674418 -12.324073 4.967995 128 128 128
15.654428 -15.984527 6.445478 178 34 34
11.314779 -16.509239 8.172280 128 128 128
10.528289 -14.684562 12.174849 128 128 128
15.482563 -18.113244 1.939252 128 128 128
13.008599 -15.497345 2.068388 128 128 128
13.340787 -17.404496 13.379519 178 34 34
11.925299 -15.992808 12.187617 128 128 128
15.053561 -16.291469 5.017039 128 128 128
12.131565 -12.285342 0.675724 128 128 128
11.224799 -16.493932 11.718187 178 34 34
13.011377 -16.498525 1.978724 128 128 128
16.375139 -15.400954 5.096880 178 34 34
12.888902 -16.609671 0.818856 128 128 128
14.728126 -14.068452 11.486451 178 34 34
13.307498 -11.990396 2.801584 128 128 128
12.327944 -11.857319 10.516480 128 128 128
14.972249 -12.678590 11.509834 128 128 128
15.945869 -13.781501 11.015929 178 34 34
13.545087 -16.002650 6.415132 128 128 128
10.766905 -16.053001 2.862108 128 128 128
14.933355 -15.080276 11.509586 178 34 34
16.182795 -16.669212 0.999748 128 128 128
13.282613 -16.686850 12.008501 178 34 34
16.286536 -17.630284 12.644369 178 34 34
14.245656 -13.245492 7.726084 128 128 128
14.442403 -15.572084 12.161384 128 128 128
16.344362 -12.547812 10.709366 128 128 128
15.036036 -17.440267 4.693999 128 128 128
13.417196 -16.016517 2.072098 128 128 128
11.608049 -15.362881 3.042824 128 128 128
15.840808 -17.832183 0.119063 178 34 34
12.369800 -17.691293 13.668422 128 128 128
14.996446 -12.018037 9.423703 128 128 128
12.263647 -12.930832 1.386464 128 128 128
15.342354 -11.835098 7.965701 128 128 128
13.246955 -17.829761 6.513015 128 128 128
10.861608 -13.551065 6.244280 178 34 34
14.900460 -11.667101 13.708164 178 34 34
14.592480 -16.744901 1.788838 178 34 34
12.985345 -16.355392 2.031802 178 34 34
11.123968 -16.679868 10.020397 128 128 128
12.391198 -16.567027 9.113199 178 34 34
13.673485 -13.877877 13.517617 128 128 128
13.259376 -13.104824 9.822494 128 128 128
15.922346 -12.401119 7.429295 128 128 128
16.245982 -16.809738 7.718741 128 128 128
12.970534 -18.173664 13.693129 128 128 128
10.657114 -14.053022 1.450489 128 128 128
10.794115 -16.063385 0.173362 128 128 128
11.929594 -12.965273 10.642734 128 128 128
13.556971 -14.394950 4.791943 128 128 128
10.744599 -15.930710 7.099520 128 128 128
11.464516 -12.220432 6.447164 128 128 128
14.129275 -17.881770 1.860321 128 128 128
11.477627 -13.496688 12.870781 178 34 34
16.265573 -13.882518 7.842558 128 128 128
12.411913 -18.015832 0.285923 128 128 128
15.015096 -12.370624 2.325419 178 34 34
11.371453 -11.918517 10.389896 128 128 128
14.699110 -17.839442 11.991039 178 34 34
12.834274 -12.871359 4.285104 128 128 128
10.978484 -17.319891 3.247883 128 128 128
10.512941 -13.022563 12.876978 128 128 128
16.112193 -12.467529 0.926634 178 34 34
11.121830 -18.056449 2.655912 128 128 128
10.875814 -16.087980 1.072292 128 128 128
12.249732 -12.278468 6.449519 128 128 128
15.327656 -13.401562 2.178883 128 128 128
11.568922 -17.249617 12.049648 178 34 34
13.568126 -17.962877 0.087172 128 128 128
12.922288 -15.918301 9.350580 128 128 128
14.832282 -12.354826 10.638640 178 34 34
10.776175 -13.550417 13.318852 128 128 128
11.540100 -13.065145 9.037276 128 128 128
10.742765 -14.238832 1.179655 128 128 128
15.561535 -12.144348 7.655111 128 128 128
13.494178 -16.150196 5.261145 128 128 128
14.890977 -15.706250 6.030365 128 128 128
14.763507 -13.962176 6.560691 128 128 128
13.036923 -17.003304 3.123033 128 128 128
13.830947 -16.628307 6.331029 178 34 34
14.431070 -17.589349 8.720851 128 128 128
11.244846 -11.783276 5.913373 128 128 128
14.855829 -14.232391 11.103838 178 34 34
12.158217 -12.477711 12.101545 128 128 128
10.901636 -17.300256 9.028945 128 128 128
14.463843 -11.801558 8.823959 128 128 128
13.189618 -14.520973 3.829625 178 34 34
13.718438 -11.810997 7.666235 128 128 128
15.106277 -12.394468 8.810821 128 128 128
15.006842 -13.881707 7.468189 178 34 34
13.795734 -17.606997 0.222847 128 128 128
10.986447 -11.702608 8.200990 178 34 34
13.763431 -15.563490 7.561810 128 128 128
15.915960 -16.129489 1.385154 128 128 128
11.939940 -11.672121 0.007249 128 128 128
13.638281 -12.979344 10.886512 128 128 128
10.720267 -14.065308 9.974869 128 128 128
14.468804 -12.760500 3.379360 128 128 128
13.225659 -13.072994 6.678927 128 128 128
16.007720 -14.071936 6.134253 178 34 34
15.637810 -12.849255 2.874382 128 128 128
10.797142 -12.051157 4.321263 128 128 128
16.251099 -14.507940 4.243908 128 128 128
12.470253 -16.982628 7.215375 128 128 128
11.467465 -11.892813 10.013235 128 128 128
15.105761 -15.109317 3.870679 128 128 128
14.302006 -12.443550 9.109627 128 128 128
16.333344 -11.824539 6.962648 128 128 128
15.669144 -18.165937 6.146449 178 34 34
12.146839 -13.339641 6.399595 128 128 128
14.701809 -13.436075 12.789876 128 128 128
15.878783 -15.944520 4.202327 178 34 34
14.610581 -13.243070 10.424215 128 128 128
10.919445 -12.868210 12.250533 178 34 34
14.109386 -12.208681 11.678230 128 128 128
12.062845 -13.868873 12.355867 128 128 128
11.354071 -12.394210 12.604261 178 34 34
14.734372 -13.062501 1.420110 128 128 128
13.560084 -14.675413 6.254917 178 34 34
14.987314 -14.343331 2.227054 128 128 128
13.148559 -14.932207 0.084932 128 128 128
13.551990 -16.596337 2.911962 128 128 128
11.518890 -13.221695 11.334142 178 34 34
14.374322 -14.494680 10.655076 128 128 128
15.133306 -14.062192 11.663408 128 128 128
11.881308 -17.884655 0.131212 128 128 128
11.869096 -16.107172 5.309854 128 128 128
14.538471 -11.693881 5.644829 128 128 128
11.339426 -11.972804 0.999206 128 128 128
13.008526 -15.020741 8.283938 128 128 128
12.268643 -16.183782 9.999502 178 34 34
10.862944 -12.844465 10.844099 178 34 34
11.584665 -18.136801 8.214785 128 128 128
11.045528 -12.393995 4.577704 128 128 128
15.000324 -12.210859 12.387378 128 128 128
12.709274 -14.780484 12.742536 128 128 128
13.061638 -13.739175 5.017197 128 128 128
15.489585 -12.354112 5.611516 178 34 34
10.753528 -13.295059 13.568996 178 34 34
15.752528 -16.522982 13.247899 128 128 128
14.535574 -14.327297 8.611490 128 128 128
14.086703 -16.901122 12.239221 178 34 34
16.161836 -17.134285 3.321042 178 34 34
15.861061 -13.292867 10.758750 178 34 34
10.701847 -17.879128 10.937324 128 128 128
16.262950 -15.137944 13.873729 128 128 128
15.351803 -15.874743 3.796163 128 128 128
12.541406 -14.640681 3.483945 178 34 34
14.065647 -13.456355 2.304152 128 128 128
10.644440 -12.310893 13.723761 128 128 128
11.419329 -17.368885 0.274868 128 128 128
12.391343 -16.905365 2.969336 128 128 128
16.379077 -15.494385 4.867921 128 128 128
11.015082 -16.440543 13.555727 178 34 34
15.909139 -13.545240 7.425640 128 128 128
15.199349 -13.587347 6.795104 178 34 34
11.387767 -12.465438 3.767609 128 128 128
11.915298 -16.643584 5.131581 178 34 34
12.770041 -12.955181 7.221266 128 128 128
10.970875 -15.737164 8.250767 128 128 128
14.937624 -12.741446 6.150841 178 34 34
12.398802 -14.905657 11.120715 128 128 128
10.984513 -17.147601 12.786777 178 34 34
15.678679 -13.224473 4.552297 178 34 34
13.772455 -12.802048 2.875636 178 34 34
15.881037 -16.538491 10.493453 128 128 128
15.147949 -13.153842 6.496560 128 128 128
13.533411 -13.686050 7.137432 128 128 128
16.003132 -13.045345 1.596096 128 128 128
15.957107 -16.893832 1.727698 178 34 34
14.176132 -15.346852 10.935330 128 128 128
14.540717 -17.908067 13.335283 128 128 128
12.199838 -12.965598 3.006952 178 34 34
15.741794 -11.813212 5.146674 178 34 34
12.553725 -16.059366 5.179833 128 128 128
12.010076 -12.612738 7.307798 178 34 34
11.163518 -16.350665 13.455910 128 128 128
15.419086 -12.478113 10.266155 178 34 34
10.675868 -12.651195 8.899447 128 128 128
14.165785 -16.946376 12.619949 128 128 128
14.500244 -12.458927 0.356262 178 34 34
13.696861 -15.674347 13.903770 128 128 128
13.262632 -16.885275 8.882010 128 128 128
14.358946 -17.389942 10.957718 128 128 128
16.229215 -16.201303 8.492614 178 34 34
12.579368 -11.998101 0.937671 128 128 128
13.946437 -14.174446 9.308367 128 128 128
13.015999 -17.176542 3.842872 128 128 128
12.589430 -15.337434 7.985914 128 128 128
13.166157 -17.820127 3.991649 128 128 128
16.368916 -17.861953 13.315757 128 128 128
12.818931 -13.950103 6.722912 178 34 34
15.983186 -17.582443 3.068448 178 34 34
11.985878 -14.727464 9.535061 128 128 128
14.744258 -15.708084 9.243510 128 128 128
15.821222 -18.149176 7.385383 128 128 128
13.913756 -13.123273 8.515441 128 128 128
11.251149 -15.637994 6.228140 128 128 128
13.926611 -16.823748 9.416913 128 128 128
12.078846 -15.965579 4.283712 178 34 34
12.794778 -12.976396 4.978552 128 128 128
10.527005 -17.094171 6.411651 178 34 34
12.861147 -13.242611 7.067283 128 128 128
13.863371 -11.962258 4.947990 128 128 128
10.945979 -15.064438 0.222335 128 128 128
15.845543 -16.653791 10.873342 178 34 34
16.391008 -17.687275 10.107221 178 34 34
11.386926 -16.380280 8.903470 128 128 128
12.659345 -14.608770 6.352588 128 128 128
14.347018 -17.136717 8.395937 128 128 128
14.828500 -13.159460 6.458901 128 128 128
15.157269 -12.927832 12.281529 128 128 128
11.301482 -15.888369 4.267816 178 34 34
15.559626 -12.340531 6.820531 128 128 128
15.454184 -14.628306 3.566929 178 34 34
11.355791 -11.870630 11.352149 128 128 128
10.963782 -16.183007 10.297005 128 128 128
15.655648 -15.283846 8.985961 128 128 128
15.294005 -14.492681 6.207359 128 128 128
15.806564 -12.097405 0.658904 178 34 34
15.212920 -17.310367 0.685669 128 128 128
14.715854 -16.026849 1.511255 128 128 128
13.624222 -13.239179 1.521841 128 128 128
14.539074 -13.550543 7.552580 178 34 34
11.599784 -15.033110 5.328301 128 128 128
14.968172 -11.766893 10.541591 178 34 34
10.678649 -12.169794 8.032495 128 128 128
14.655356 -16.664800 2.213055 128 128 128
15.597855 -15.297739 9.663727 128 128 128
14.157057 -15.069137 12.712491 178 34 34
15.509323 -15.051505 7.774228 178 34 34
11.094534 -16.542866 0.915433 178 34 34
16.319631 -15.410364 0.032360 128 128 128
12.633457 -17.828388 13.318912 128 128 128
16.141250 -13.061011 1.351618 178 34 34
16.190967 -13.336682 5.946015 128 128 128
14.075253 -15.994007 3.621507 128 128 128
10.694875 -12.629429 9.864121 128 128 128
13.256328 -13.084310 9.136096 128 128 128
16.059796 -13.398156 4.064351 128 128 128
13.268507 -17.202084 1.146133 128 128 128
13.923353 -17.513280 2.722793 128 128 128
15.890756 -12.651790 2.076825 178 34 34
13.909173 -15.123174 8.395149 178 34 34
12.454629 -18.030157 13.716584 128 128 128
16.119979 -15.597727 12.925349 128 128 128
13.298725 -13.612231 7.352796 128 128 128
14.260029 -16.818631 11.817904 128 128 128
14.080788 -12.437687 4.051939 128 128 128
12.569868 -12.522750 12.141340 128 128 128
12.232349 -15.479532 0.646511 128 128 128
14.505978 -14.624392 8.222253 128 128 128
14.003744 -13.010221 0.606157 128 128 128
15.627180 -14.599230 11.360488 128 128 128
11.875951 -16.747449 9.822211 128 128 128
12.034835 -13.614223 6.323843 128 128 128
11.424230 -17.181645 3.004201 128 128 128
13.527589 -11.829511 5.445226 128 128 128
11.651318 -11.991691 3.154691 178 34 34
11.448684 -15.972283 7.727205 128 128 128
14.475974 -15.539037 8.484177 128 128 128
14.412320 -17.887186 2.263267 128 128 128
14.235453 -12.683521 12.479342 178 34 34
12.439621 -16.420662 4.901983 128 128 128
12.719954 -15.154359 6.651698 128 128 128
12.037587 -14.105096 6.319469 128 128 128
15.817728 -14.270848 5.027058 178 34 34
15.718705 -16.484222 8.267365 128 128 128
15.215437 -15.291456 8.367707 128 128 128
11.569813 -16.632692 9.090379 128 128 128
16.217950 -13.716578 12.147235 128 128 128
12.988754 -12.221515 9.242373 128 128 128
11.054816 -16.466707 8.521221 128 128 128
12.999000 -11.852807 9.277143 178 34 34
12.660367 -14.142606 2.859994 178 34 34
15.444390 -16.237952 5.149700 128 128 128
15.386219 -14.784007 12.871873 178 34 34
15.973975 -16.699190 0.277143 128 128 128
13.892014 -11.941773 5.777048 178 34 34
16.400249 -18.203763 6.331298 178 34 34
16.140602 -12.409801 1.431000 178 34 34
10.533395 -15.716708 10.085669 178 34 34
12.242210 -17.761444 13.946038 128 128 128
11.722050 -15.106717 7.482315 178 34 34
16.227728 -16.971663 0.701994 128 128 128
15.305599 -14.856992 4.422608 128 128 128
14.667891 -15.731788 8.199982 128 128 128
10.528480 -11.718141 6.465631 128 128 128
11.860974 -17.659131 1.654068 128 128 128
12.532334 -15.765850 5.426401 178 34 34
15.084037 -17.976265 13.554273 128 128 128
10.925364 -14.554845 12.060208 178 34 34
10.514522 -15.666196 3.949276 128 128 128
11.074907 -15.536151 12.011972 128 128 128
13.660763 -12.781611 0.068552 178 34 34
15.423599 -16.012925 13.667028 128 128 128
14.707763 -13.510804 10.510186 128 128 128
13.290828 -15.149592 1.383723 128 128 128
15.367897 -12.851638 1.927532 178 34 34
15.047626 -15.358025 12.352466 178 34 34
11.458623 -15.253587 5.939999 178 34 34
14.838291 -14.538746 12.826135 128 128 128
10.569165 -14.142472 10.529822 128 128 128
12.271367 -12.078540 0.618959 128 128 128
15.365488 -16.377129 7.478486 178 34 34
11.977191 -13.340378 3.302694 128 128 128
15.022499 -16.364572 0.350859 128 128 128
13.721060 -18.164281 10.818442 128 128 128
14.705152 -14.619464 13.896375 128 128 128
13.176035 -18.167376 12.914511 128 128 128
11.079311 -12.788381 5.968283 178 34 34
10.973356 -14.502836 10.063264 128 128 128
11.079567 -13.927546 1.159430 178 34 34
11.373974 -14.041166 1.793168 178 34 34
14.873210 -16.231973 12.268135 128 128 128
13.563387 -15.635650 1.960871 128 128 128
13.398172 -17.963121 10.029398 128 128 128
12.369541 -14.482068 11.576937 128 128 128
13.803125 -13.506833 7.049670 178 34 34
12.224299 -16.717210 6.660705 128 128 128
13.157018 -12.742244 1.432323 178 34 34
14.260131 -17.353077 9.912219 178 34 34
13.930042 -18.187180 7.799623 178 34 34
14.592188 -13.654440 5.187098 128 128 128
14.747765 -12.708477 10.693189 128 128 128
12.642110 -13.408232 5.617174 178 34 34
10.996149 -14.558749 11.288341 128 128 128
16.082037 -15.252811 1.173494 128 128 128
12.790443 -14.330155 12.828086 128 128 128
13.367064 -17.125162 4.998574 128 128 128
10.780551 -17.883098 12.205635 178 34 34
12.175026 -13.206112 7.345269 128 128 128
15.372406 -17.482434 7.832842 128 128 128
14.881135 -13.221965 13.226247 128 128 128
13.152281 -13.359946 11.138866 178 34 34
12.541840 -12.674215 12.366878 128 128 128
15.243702 -14.926812 12.275410 178 34 34
11.810654 -13.766828 1.383700 128 128 128
11.911203 -16.570964 9.174769 128 128 128
13.761603 -17.494412 7.623819 128 128 128
14.401324 -17.717234 7.709440 128 128 128
14.157818 -17.325518 8.929103 128 128 128
13.645299 -13.697919 6.445332 128 128 128
11.897703 -14.952434 4.846091 178 34 34
10.569526 -15.798543 1.025078 128 128 128
16.150196 -17.455009 4.042553 128 128 128
15.765536 -17.206452 7.761589 128 128 128
15.150545 -15.835171 8.902581 128 128 128
12.239794 -14.682296 1.230249 178 34 34
16.251978 -14.628507 13.707145 128 128 128
12.862302 -14.913448 6.704240 128 128 128
12.192930 -12.637496 1.638181 128 128 128
15.495649 -12.221658 12.946877 128 128 128
16.217386 -13.013802 11.451210 178 34 34
14.547940 -17.171845 12.069135 128 128 128
16.234719 -17.099556 4.367927 178 34 34
12.188958 -12.311079 12.493298 128 128 128
12.276757 -17.313867 13.533612 128 128 128
13.876648 -16.941792 12.854776 178 34 34
10.684089 -15.756405 8.760054 178 34 34
13.384290 -14.393062 7.573524 128 128 128
12.536314 -13.451672 9.831156 128 128 128
11.493266 -15.404363 12.894010 128 128 128
15.551069 -14.001835 10.967481 128 128 128
14.265932 -12.771613 9.803704 178 34 34
10.609582 -15.968143 6.057587 128 128 128
12.500227 -17.558817 8.060829 128 128 128
14.643271 -12.442020 4.135673 128 128 128
16.097972 -14.974344 2.422323 178 34 34
10.750817 -12.832281 13.626742 128 128 128
15.157796 -15.606981 5.044163 178 34 34
15.632611 -16.354603 6.831171 128 128 128
11.476100 -13.719885 4.973245 128 128 128
14.206817 -16.771557 5.497404 128 128 128
14.203773 -15.514998 10.124585 128 128 128
13.363901 -15.787869 13.399758 128 128 128
11.593485 -17.555946 4.554559 178 34 34
11.221010 -12.623433 0.364597 178 34 34
14.997079 -12.009731 2.265040 128 128 128
12.941029 -14.256803 5.743805 128 128 128
12.047114 -11.811514 4.858085 178 34 34
11.100729 -14.290014 13.411133 128 128 128
15.271039 -12.038870 2.949413 128 128 128
14.565053 -12.011858 1.039561 128 128 128
14.027415 -13.322701 6.749634 128 128 128
15.906237 -14.890457 4.986523 128 128 128
10.536807 -16.912250 6.895524 128 128 128
15.173217 -15.719375 4.459344 128 128 128
10.849398 -11.758272 8.933719 128 128 128
15.705477 -16.862172 0.082407 128 128 128
15.724802 -16.491817 8.969919 178 34 34
11.153105 -16.871760 11.720690 178 34 34
14.343121 -14.006639 6.095757 128 128 128
12.809053 -15.015786 8.138670 128 128 128
14.526192 -13.641528 3.061808 128 128 128
13.042497 -14.213320 8.653938 178 34 34
12.646639 -16.457428 1.936820 128 128 128
14.068875 -14.634499 6.938606 178 34 34
14.388854 -15.965404 12.043907 178 34 34
10.695236 -16.222325 8.286967 128 128 128
14.217932 -14.466808 9.639751 128 128 128
11.988033 -14.671145 11.624538 128 128 128
10.578458 -13.845734 7.808380 128 128 128
14.421236 -16.379370 8.676407 178 34 34
11.745092 -14.621991 1.993921 128 128 128
12.812146 -14.902943 2.391172 128 128 128
15.846518 -14.992586 4.582969 178 34 34
16.130892 -14.444196 11.717481 128 128 128
14.630670 -17.753140 3.338805 128 128 128
13.922310 -17.261171 1.830216 128 128 128
11.461077 -17.354827 11.645469 128 128 128
15.972466 -16.071343 3.220825 178 34 34
15.740841 -15.314625 6.110733 128 128 128
12.822794 -13.702595 11.589088 178 34 34
12.053715 -18.087330 7.878285 178 34 34
15.578728 -11.888321 13.578945 128 128 128
10.826039 -16.480129 13.384811 128 128 128
11.091475 -17.040420 13.479649 128 128 128
14.919275 -16.404645 3.942478 128 128 128
15.123197 -14.178692 1.061284 128 128 128
15.179255 -15.058737 12.596318 128 128 128
11.262903 -14.801643 13.530822 178 34 34
13.002183 -12.094967 13.702144 128 128 128
10.985555 -16.411053 6.890174 178 34 34
15.825170 -12.860998 11.124118 128 128 128
11.547927 -13.241791 13.732672 128 128 128
13.107492 -14.730335 9.699632 128 128 128
14.512201 -15.517781 9.058397 128 128 128
13.825384 -17.497747 12.401136 128 128 128
16.312722 -18.122241 3.657074 178 34 34
15.553439 -16.476423 9.977164 128 128 128
12.365386 -15.966664 10.137948 178 34 34
10.519143 -11.887297 1.195396 178 34 34
15.157402 -11.689340 6.008315 128 128 128
11.011987 -11.740027 13.604935 128 128 128
14.072582 -14.807462 0.085466 128 128 128
10.835302 -13.752249 9.523508 178 34 34
14.090778 -13.823213 2.893664 128 128 128
13.761255 -16.331173 13.065060 128 128 128
11.158963 -14.027455 1.282384 128 128 128
16.306566 -16.837749 8.859567 128 128 128
14.416803 -17.552433 12.849320 178 34 34
15.669626 -14.660369 5.700868 128 128 128
14.701825 -17.239770 11.449291 128 128 128
12.329602 -14.054530 1.339223 178 34 34
15.296023 -15.036624 1.593096 178 34 34
12.090740 -15.461433 0.911295 178 34 34
12.330278 -18.204852 6.878263 178 34 34
11.743334 -16.562697 6.614806 128 128 128
13.585089 -16.731186 3.494304 128 128 128
13.919183 -12.139399 13.441355 128 128 128
10.694031 -12.838589 2.008616 128 128 128
12.276831 -16.949571 1.581974 128 128 128
10.561330 -18.004500 2.359128 128 128 128
11.198274 -16.304477 13.380424 128 128 128
14.164209 -12.725701 9.643361 178 34 34
13.124892 -12.495425 4.400730 128 128 128
11.948208 -14.098786 5.976350 178 34 34
11.918228 -16.611297 0.632329 128 128 128
14.487515 -16.681288 13.355163 128 128 128
15.348709 -13.695783 0.975108 128 128 128
16.192527 -15.696148 0.435523 128 128 128
13.233404 -17.024358 8.409821 178 34 34
12.496906 -11.814533 9.630064 128 128 128
12.786241 -15.407034 2.222104 128 128 128
15.518500 -16.500232 5.158956 128 128 128
14.106334 -14.771661 3.350135 128 128 128
12.084378 -16.560955 0.017042 128 128 128
10.972738 -15.791832 12.248902 178 34 34
10.929587 -12.229753 0.654169 128 128 128
13.559795 -12.791103 13.256233 128 128 128
11.614281 -17.839705 12.111343 128 128 128
14.306285 -12.410497 2.644717 128 128 128
16.112912 -15.448572 2.031398 128 128 128
13.189832 -15.541517 4.492132 178 34 34
13.742764 -12.146296 12.013722 128 128 128
14.306782 -16.701067 3.568250 128 128 128
14.251600 -16.542204 4.119759 128 128 128
14.422514 -16.602282 10.190017 128 128 128
14.195332 -18.168497 6.600972 178 34 34
10.923779 -14.195053 5.492996 128 128 128
14.952217 -12.477954 7.158439 178 34 34
11.984517 -12.158444 7.962274 178 34 34
11.463932 -15.948332 7.364904 128 128 128
14.610042 -12.086404 10.895644 128 128 128
15.014716 -13.993830 3.983961 128 128 128
16.164463 -14.516532 5.081327 178 34 34
12.112218 -12.335610 10.475899 128 128 128
14.500780 -12.223898 12.353350 128 128 128
15.261213 -14.451612 8.574501 128 128 128
13.358404 -14.294799 3.642183 128 128 128
13.678232 -17.127610 2.079041 128 128 128
13.978414 -15.683448 6.074093 178 34 34
16.248265 -16.193529 4.123998 128 128 128
11.138926 -12.589353 4.144810 178 34 34
11.318393 -17.049560 5.429323 128 128 128
14.994705 -14.128125 11.048887 178 34 34
14.057963 -17.429755 12.000392 128 128 128
12.344165 -14.842506 5.163539 178 34 34
13.722100 -12.360487 4.915292 128 128 128
11.834418 -15.672312 10.752617 178 34 34
13.237491 -15.137703 9.711774 128 128 128
14.757998 -15.964758 3.482533 128 128 128
12.581421 -17.521958 4.398120 128 128 128
15.761722 -14.866108 10.627325 128 128 128
14.434542 -17.679287 0.192147 128 128 128
11.789413 -14.313936 4.371162 128 128 128
12.707432 -14.690174 3.800970 178 34 34
10.642118 -17.525536 11.790711 178 34 34
15.071878 -15.846916 6.385972 178 34 34
10.682332 -12.871580 10.961701 128 128 128
13.753144 -17.783282 4.607428 128 128 128
14.145965 -12.919736 10.857593 128 128 128
16.038430 -12.028307 1.192081 178 34 34
15.461976 -13.594315 2.089598 128 128 128
15.386298 -15.416710 13.089734 128 128 128
12.108698 -15.052908 7.352577 128 128 128
16.414074 -18.012664 0.679887 178 34 34
13.363329 -13.397914 11.924181 128 128 128
11.057625 -17.891889 12.064346 128 128 128
13.676721 -15.916195 9.661137 178 34 34
16.026891 -15.857888 3.285229 128 128 128
10.609553 -13.952330 1.801427 178 34 34
12.046553 -11.928706 7.784374 178 34 34
12.662190 -13.682941 1.391654 128 128 128
13.289538 -15.720588 4.051411 128 128 128
14.381512 -16.933043 11.612985 178 34 34
14.056570 -14.326354 11.503010 128 128 128
12.130707 -13.172338 12.559493 128 128 128
11.834418 -11.679014 4.598165 128 128 128
12.966486 -15.901569 7.086342 128 128 128
13.976821 -15.111818 8.184330 128 128 128
14.654066 -13.847477 11.063097 128 128 128
13.300562 -16.160328 5.470534 178 34 34
11.422651 -15.263402 6.837770 178 34 34
10.997035 -15.530198 10.485694 178 34 34
14.275849 -12.112367 13.717523 128 128 128
14.488017 -12.148251 11.722202 128 128 128
12.035751 -13.520238 9.485515 128 128 128
11.811233 -13.209778 2.646001 128 128 128
12.942896 -15.553047 2.893471 128 128 128
16.367523 -12.419516 8.483508 178 34 34
13.494489 -12.642237 5.993924 128 128 128
11.358487 -17.263056 7.975010 128 128 128
10.590587 -14.882323 8.170887 128 128 128
11.796647 -12.906593 7.235022 178 34 34
11.167799 -15.110482 5.488879 178 34 34
12.387859 -17.516149 9.241376 128 128 128
15.462662 -12.839185 7.616346 178 34 34
16.297458 -12.163870 8.175104 128 128 128
12.749655 -17.256562 3.147396 178 34 34
16.324785 -12.953423 11.414690 128 128 128
12.654850 -16.732888 3.855515 128 128 128
10.534133 -12.922233 12.353785 128 128 128
12.175991 -17.439111 10.253871 128 128 128
15.375127 -17.143705 12.820562 178 34 34
14.963917 -15.272166 12.303701 178 34 34
12.453500 -16.543343 1.302687 128 128 128
14.542799 -12.513125 7.638793 178 34 34
14.499748 -16.823628 10.032284 178 34 34
11.959484 -15.117659 9.017515 128 128 128
14.337232 -18.104349 5.126631 128 128 128
13.637968 -16.447987 6.425595 128 128 128
14.358899 -13.802749 2.297776 128 128 128
15.377035 -13.864850 5.851759 128 128 128
16.009283 -13.830154 2.783537 128 128 128
16.098684 -17.109875 8.577443 128 128 128
13.904817 -12.365851 13.762041 178 34 34
11.817424 -18.159413 8.275681 128 128 128
14.915996 -16.865365 11.914605 128 128 128
13.457922 -16.200584 13.441412 178 34 34
11.341131 -16.171815 7.895970 178 34 34
14.053259 -13.264738 12.341344 128 128 128
14.411385 -11.721490 2.356703 178 34 34
14.841590 -15.366781 6.904755 128 128 128
16.403655 -12.554633 8.461629 128 128 128
11.046018 -12.527221 5.296368 128 128 128
16.250944 -16.345247 5.536926 178 34 34
11.457205 -13.532125 9.459829 128 128 128
14.502390 -12.641548 10.897212 128 128 128
13.470539 -12.237936 13.127370 178 34 34
10.858488 -14.563705 2.203335 128 128 128
13.401969 -11.809090 1.477060 128 128 128
11.220802 -13.070315 8.527855 128 128 128
13.491109 -12.882141 8.892027 128 128 128
15.275268 -14.352542 4.418917 128 128 128
12.454230 -15.156064 8.296261 178 34 34
16.307152 -15.110153 11.381289 178 34 34
12.396648 -17.380406 8.013127 128 128 128
13.211821 -17.561306 11.549888 128 128 128
10.972540 -12.210358 6.285889 128 128 128
14.847866 -13.826517 2.968831 128 128 128
16.289807 -13.687283 10.196775 128 128 128
13.510763 -15.432317 12.328817 128 128 128
12.484333 -15.301799 2.754130 178 34 34
12.981139 -16.521415 9.121745 128 128 128
10.692598 -12.228098 10.663979 178 34 34
12.408758 -16.432435 10.136406 128 128 128
12.369672 -17.329935 12.980489 128 128 128
14.126688 -15.522596 2.681224 178 34 34
15.727690 -15.364369 11.997998 128 128 128
14.968258 -17.730986 5.529284 178 34 34
10.871263 -17.953849 9.626985 128 128 128
12.353039 -14.436278 4.120633 128 128 128
16.244501 -15.504167 8.506280 128 128 128
16.359299 -14.980577 9.949201 128 128 128
10.820813 -17.851435 9.493454 128 128 128
14.048522 -17.352652 8.832252 128 128 128
11.065943 -12.448300 11.952281 128 128 128
16.151264 -17.599223 6.127315 178 34 34
15.343628 -12.433395 8.425886 178 34 34
14.178726 -14.373922 11.155622 178 34 34
11.047288 -17.345354 13.854228 128 128 128
14.378205 -11.984754 12.766167 128 128 128
10.890908 -17.680705 8.379158 128 128 128
13.524961 -17.715190 11.903933 128 128 128
13.206301 -14.154035 13.051475 128 128 128
10.585394 -12.427242 3.053627 178 34 34
16.122184 -11.678546 12.262131 128 128 128
11.808158 -16.278789 3.057301 178 34 34
13.058662 -18.131707 9.453647 128 128 128
16.305270 -12.649900 7.904594 178 34 34
11.334790 -16.096075 2.796593 128 128 128
15.318500 -18.005005 1.725693 128 128 128
13.004406 -17.241240 4.405912 128 128 128
14.852037 -14.731230 8.763872 128 128 128
12.774566 -15.167089 2.038828 178 34 34
11.627877 -15.035999 2.342597 128 128 128
12.393127 -14.656018 6.584101 128 128 128
10.819302 -13.708284 8.397569 128 128 128
13.344041 -12.712178 5.741327 178 34 34
11.060821 -12.450538 2.490670 128 128 128
11.221330 -11.770850 13.852761 128 128 128
15.180666 -16.884247 11.057126 178 34 34
15.629588 -16.994788 0.126111 128 128 128
14.813092 -18.116971 0.528110 178 34 34
15.714374 -16.576325 8.372595 128 128 128
11.038673 -16.955998 2.017603 178 34 34
14.111523 -13.231109 3.301029 178 34 34
12.376733 -17.812931 9.173480 178 34 34
11.450658 -16.485109 2.224627 178 34 34
11.002285 -17.863829 4.181696 128 128 128
14.081659 -14.688922 6.825808 128 128 128
10.520737 -13.720578 13.773274 178 34 34
13.387041 -16.694060 12.867335 128 128 128
13.255480 -15.869715 12.909346 128 128 128
15.898540 -12.862213 6.531162 128 128 128
12.175095 -15.287059 7.262174 128 128 128
16.276194 -15.169690 9.133768 178 34 34
15.542673 -14.079059 1.633531 128 128 128
12.796868 -17.436772 7.919346 178 34 34
13.228981 -14.393997 8.106829 128 128 128
12.318346 -16.997961 10.734410 178 34 34
11.950729 -16.391343 0.582918 128 128 128
14.327322 -17.364195 9.729206 178 34 34
10.632286 -16.485576 5.422529 128 128 128
11.495378 -13.034974 0.519919 128 128 128
12.473420 -12.809224 6.926615 128 128 128
15.427851 -14.002540 4.464191 128 128 128
11.554159 -17.503759 3.236781 128 128 128
14.277359 -15.667708 8.747655 128 128 128
14.065208 -14.639307 12.701468 128 128 128
14.589007 -17.588753 11.151507 178 34 34
14.721734 -13.786269 7.900424 128 128 128
14.125574 -16.232751 8.175249 128 128 128
12.235811 -12.246781 6.374609 128 128 128
11.774622 -14.273558 5.254100 128 128 128
14.551071 -17.487939 5.365668 128 128 128
13.414979 -18.150141 8.494619 128 128 128
14.496384 -13.426936 6.874055 128 128 128
11.948357 -14.417614 5.971259 128 128 128
12.802170 -15.854866 12.935458 128 128 128
11.953832 -12.107752 10.070968 178 34 34
14.948864 -14.009576 0.121160 128 128 128
13.968780 -16.076684 2.035366 128 128 128
10.890292 -14.928235 11.289954 128 128 128
16.235927 -14.528405 9.378999 178 34 34
13.577244 -13.790631 10.627970 128 128 128
10.747522 -17.694864 11.908545 128 128 128
12.400772 -16.211460 3.150399 128 128 128
11.239415 -18.216228 8.614988 178 34 34
14.137448 -13.538206 13.735627 128 128 128
15.175870 -13.389769 3.248287 128 128 128
13.187648 -18.054495 0.151239 128 128 128
15.100242 -14.825075 10.009002 128 128 128
10.851821 -17.135059 11.011978 178 34 34
15.801260 -15.293374 8.470005 178 34 34
14.483902 -13.361063 6.791316 128 128 128
13.498762 -12.998981 4.254927 128 128 128
14.414124 -12.942684 7.922915 128 128 128
12.625825 -13.093867 3.674051 128 128 128
10.731180 -14.377756 1.365506 128 128 128
14.295103 -15.703107 12.595759 178 34 34
12.797338 -16.012533 8.140144 128 128 128
15.488220 -12.950813 12.312569 128 128 128
14.909758 -15.317481 6.159792 128 128 128
14.169091 -14.534610 12.562936 128 128 128
13.903297 -12.934271 1.368973 128 128 128
15.444955 -15.514099 5.378985 128 128 128
14.622652 -15.808813 12.960879 128 128 128
12.685883 -16.266445 5.616817 128 128 128
11.791658 -17.730053 10.696227 178 34 34
14.564976 -14.447682 12.751781 128 128 128
15.061965 -16.019962 3.933009 178 34 34
15.087885 -12.741999 10.192150 128 128 128
15.977387 -11.686896 13.343649 128 128 128
13.138926 -13.211596 2.021435 128 128 128
13.366404 -13.600740 11.549770 128 128 128
10.888557 -12.164618 13.855313 128 128 128
11.753845 -14.659967 8.973035 128 128 128
13.655093 -17.329893 8.671715 128 128 128
13.534664 -18.199820 1.926847 128 128 128
11.017515 -12.801967 8.419017 128 128 128
11.052178 -15.117631 13.154986 178 34 34
13.717381 -12.409738 13.445750 128 128 128
14.321969 -16.594211 3.633279 128 128 128
15.061958 -18.042644 1.696591 128 128 128
14.274911 -15.839116 8.734976 128 128 128
12.715298 -15.254110 1.417692 178 34 34
16.030727 -17.428456 7.722003 178 34 34
14.426218 -12.752795 0.425123 178 34 34
14.203499 -13.848826 11.292301 128 128 128
12.416959 -13.143098 12.374125 128 128 128
15.145599 -17.830142 11.095517 178 34 34
15.888706 -11.696122 7.534994 178 34 34
15.696939 -18.186401 7.652485 128 128 128
10.722670 -11.835792 5.672989 128 128 128
11.387862 -15.863257 5.025698 128 128 128
13.682776 -13.364005 6.255068 128 128 128
16.062602 -14.108428 0.499840 128 128 128
14.660819 -14.919684 11.845114 128 128 128
11.848893 -15.407422 8.681710 178 34 34
10.702047 -17.185459 6.014322 178 34 34
11.293529 -15.052564 2.809685 128 128 128
15.088138 -13.034203 7.395449 128 128 128
13.084670 -16.726765 13.768870 128 128 128
12.511542 -11.692356 2.990177 128 128 128
15.928887 -12.734030 1.613184 128 128 128
11.563070 -14.034590 11.207661 178 34 34
15.180745 -11.899421 12.227300 178 34 34
10.777334 -12.868525 9.102104 128 128 128
13.934006 -13.122667 12.391272 128 128 128
14.458072 -13.770754 0.683163 128 128 128
14.929675 -15.094078 8.789281 128 128 128
15.100621 -16.982508 9.809377 128 128 128
10.799232 -16.500851 8.383409 178 34 34
12.249853 -16.041220 11.290881 128 128 128
11.877285 -12.498040 0.623533 128 128 128
13.769414 -16.782841 8.894800 178 34 34
13.941935 -17.306749 5.005047 128 128 128
12.297169 -17.631042 11.300840 128 128 128
10.746477 -17.242598 6.528879 128 128 128
12.348509 -12.030440 12.142249 128 128 128
15.511001 -11.838628 2.540681 128 128 128
11.946346 -12.859328 3.324311 178 34 34
12.188406 -12.275595 13.218060 128 128 128
12.280808 -11.916579 8.550943 128 128 128
16.127999 -12.555171 8.973563 178 34 34
16.133810 -14.305815 2.716185 178 34 34
13.391153 -12.893570 0.685358 128 128 128
15.929809 -14.365084 7.141560 128 128 128
10.890010 -15.631691 1.967565 128 128 128
13.010766 -15.645304 12.134932 178 34 34
15.807361 -13.825999 3.984876 128 128 128
13.251125 -11.781592 11.202546 128 128 128
13.951829 -16.252644 2.797189 178 34 34
11.226605 -17.727669 4.613242 178 34 34
10.546744 -16.370626 0.872900 128 128 128
12.790276 -17.819058 13.679216 128 128 128
14.482578 -14.064931 10.419744 178 34 34
11.334131 -15.383122 7.258696 178 34 34
14.783500 -13.788742 7.941760 128 128 128
15.890274 -12.348196 7.587012 128 128 128
11.128826 -13.102956 8.981007 128 128 128
11.177085 -16.314968 7.370234 178 34 34
14.771411 -14.122027 6.252803 128 128 128
15.086886 -16.960233 8.726488 128 128 128
11.600855 -14.831878 2.007928 128 128 128
16.048026 -17.125924 12.840345 128 128 128
10.841253 -14.412792 4.607499 178 34 34
11.724292 -12.882901 6.463071 178 34 34
15.740612 -13.552154 3.278335 178 34 34
13.190745 -17.297920 11.483506 128 128 128
15.947194 -13.465703 2.600221 128 128 128
13.504116 -12.570071 3.547753 178 34 34
11.942747 -12.546319 4.127305 128 128 128
11.069771 -15.988516 0.439887 128 128 128
12.198766 -16.361349 9.001788 178 34 34
14.527503 -12.794915 13.696604 128 128 128
16.321237 -13.367768 4.105762 178 34 34
12.061619 -14.994622 7.442603 178 34 34
14.416923 -14.020242 8.864261 128 128 128
14.419033 -13.253617 8.942015 178 34 34
12.023243 -12.828177 7.499497 128 128 128
10.956402 -16.620747 0.789133 128 128 128
13.925169 -11.909704 0.709184 178 34 34
11.946324 -14.223171 4.062989 178 34 34
16.029167 -12.100463 3.588220 128 128 128
15.905195 -15.468265 4.884598 128 128 128
12.700003 -16.603449 9.571081 178 34 34
12.776775 -16.722746 3.256413 178 34 34
10.979502 -12.862784 2.334712 128 128 128
14.341024 -12.001242 3.623573 128 128 128
13.310380 -13.698845 11.259134 178 34 34
15.892606 -17.159251 9.832525 128 128 128
14.698269 -16.113917 11.707527 128 128 128
13.898888 -16.193583 5.880809 178 34 34
15.035938 -12.007196 10.769005 178 34 34
14.802635 -15.041678 4.606207 128 128 128
11.213857 -17.883263 1.254323 178 34 34
13.726320 -17.674037 13.360338 128 128 128
12.939305 -16.421354 0.644267 178 34 34
13.279442 -13.436936 1.042963 128 128 128
13.026978 -16.096737 10.552979 128 128 128
14.069228 -14.788713 8.845909 128 128 128
12.676909 -15.373075 8.243250 128 128 128
12.908495 -13.869249 0.056776 178 34 34
10.752367 -13.349381 5.032695 128 128 128
10.648445 -12.762711 4.015086 128 128 128
12.348837 -12.313340 2.894391 178 34 34
13.145007 -13.945974 10.891904 128 128 128
15.932602 -13.791063 7.521118 128 128 128
-1.495068 15.045312 6.246255 128 128 128
-5.764708 13.490278 7.602549 128 128 128
-4.250510 13.501250 9.281175 128 128 128
-3.512581 15.524226 5.004436 128 128 128
-7.243297 13.183057 0.400222 128 128 128
-3.320864 12.694658 10.982858 128 128 128
-4.139660 12.222488 12.704130 128 128 128
-2.905099 12.319708 6.754992 128 128 128
-7.204131 11.997182 5.598640 128 128 128
-5.281346 14.225162 7.373047 128 128 128
-3.846541 14.972728 10.491299 178 34 34
-2.891163 12.330275 9.895293 128 128 128
-5.731985 11.763295 8.785610 178 34 34
-5.042310 11.974552 3.978742 178 34 34
-2.708243 11.737219 1.838414 128 128 128
-4.882150 13.007389 5.608831 178 34 34
-4.492247 12.588205 1.889125 128 128 128
-6.745175 14.136631 1.286878 128 128 128
-4.237952 13.110350 12.651085 128 128 128
-3.510637 15.040199 1.826234 128 128 128
-6.705069 15.169658 11.434740 128 128 128
-1.620635 14.972971 1.127211 128 128 128
-6.715585 15.794981 6.193520 178 34 34
-3.442526 14.991238 10.877672 178 34 34
-7.111165 15.252655 7.535313 128 128 128
-5.627015 13.133112 9.045941 128 128 128
-1.487243 15.067159 11.089445 128 128 128
-7.267271 15.100264 12.099600 128 128 128
-1.741448 14.120324 4.456822 128 128 128
-1.619092 14.037502 0.814855 178 34 34
-4.926668 13.670960 12.619074 128 128 128
-5.778253 13.929481 10.804090 128 128 128
-6.233451 13.553169 7.634521 178 34 34
-7.432377 15.892199 2.467271 178 34 34
-3.269412 12.117723 5.546728 128 128 128
-6.771578 15.331999 9.859847 178 34 34
-1.425715 14.810259 8.862955 128 128 128
-4.789148 15.045548 11.784236 128 128 128
-7.084041 12.156511 4.439518 178 34 34
-7.083626 15.387074 2.685168 128 128 128
-1.775491 14.398824 8.710642 128 128 128
-3.966905 14.773483 5.382392 178 34 34
-4.703371 14.332331 4.926464 128 128 128
-6.957053 15.948267 9.262437 178 34 34
-1.859103 13.825744 2.274181 128 128 128
-6.693226 13.380243 11.486842 178 34 34
-5.061868 12.920249 5.366240 128 128 128
-1.398941 11.810522 12.444815 178 34 34
-4.482497 14.579694 2.626301 178 34 34
-5.572280 13.699930 0.748320 128 128 128
-4.747151 13.718713 8.231145 128 128 128
-1.880317 12.902840 9.214845 128 128 128
-5.780901 13.020801 1.385259 128 128 128
-2.606296 14.807773 3.293111 128 128 128
-7.169973 11.907968 12.290760 128 128 128
-4.394526 12.554870 12.287460 178 34 34
-6.574426 12.620602 1.228730 128 128 128
-3.141907 11.856316 8.670265 128 128 128
-5.554239 13.765169 0.023299 178 34 34
-6.003886 12.021022 10.101629 178 34 34
-5.466072 12.652204 12.046358 128 128 128
-4.429947 12.233375 4.398250 128 128 128
-3.792624 11.709922 12.872644 128 128 128
-7.392811 15.661317 4.880310 128 128 128
-6.652271 14.023959 6.584003 128 128 128
-7.120958 13.535033 10.749459 178 34 34
-3.308089 12.713397 0.150253 128 128 128
-4.434068 11.827351 3.391160 128 128 128
-4.228970 12.627377 10.274234 178 34 34
-5.685694 14.596367 10.492131 128 128 128
-1.296295 13.300079 5.539813 178 34 34
-6.890622 13.028360 11.569392 128 128 128
-2.952019 12.514099 8.291028 128 128 128
-2.820070 14.450540 0.970993 178 34 34
-4.033967 15.532648 3.693253 128 128 128
-4.979997 14.995937 0.190992 128 128 128
-6.352689 14.779539 2.218357 178 34 34
-4.430120 15.268402 5.382319 128 128 128
-3.146209 14.267903 0.839127 128 128 128
-3.684763 13.900664 7.199195 178 34 34
-5.072290 15.410525 6.713222 178 34 34
-2.116966 12.409902 11.726701 128 128 128
-1.231625 12.898009 8.226572 128 128 128
-5.543429 15.359759 13.133617 128 128 128
-2.939503 13.169377 9.205150 178 34 34
-3.051774 11.993669 7.644218 128 128 128
-1.543240 14.799680 5.698447 128 128 128
-3.464559 13.601209 6.849808 178 34 34
-4.715463 14.939544 1.686105 128 128 128
-5.292376 14.739593 10.956822 178 34 34
-5.064645 14.507152 9.027015 178 34 34
-4.927540 13.619935 5.787413 128 128 128
-7.436628 12.136553 6.904716 178 34 34
-5.560294 11.792891 7.071167 128 128 128
-1.904357 11.929095 0.462065 128 128 128
-6.425562 15.822612 5.785094 128 128 128
-3.739888 13.376506 3.803827 128 128 128
-4.212626 14.786608 4.007562 128 128 128
-3.875609 13.198818 5.825292 178 34 34
-5.563036 12.102630 12.162775 178 34 34
-5.146531 12.996968 1.703994 178 34 34
-1.459446 15.537825 10.665616 128 128 128
-6.395578 15.502032 8.976307 128 128 128
-6.203244 13.731604 0.444561 128 128 128
-5.650401 14.484348 3.377102 128 128 128
-6.901903 13.552331 3.616458 178 34 34
-1.634572 15.779163 10.942432 128 128 128
-4.076125 11.876839 12.359461 178 34 34
-6.805226 15.519690 7.730849 128 128 128
-5.091204 12.385359 0.015891 178 34 34
-2.364277 13.807868 2.775359 128 128 128
-6.505405 13.117209 12.956149 128 128 128
-4.837451 14.449874 7.847592 178 34 34
-7.370356 13.906736 2.873406 178 34 34
-3.394863 14.959770 6.257832 178 34 34
-5.954165 11.830990 9.999840 128 128 128
-7.142450 13.069885 7.291645 128 128 128
-5.310972 15.138412 7.567657 178 34 34
-5.874858 15.346796 7.496618 128 128 128
-5.014404 15.232920 8.303205 178 34 34
-2.559796 12.282291 0.028560 128 128 128
-5.170410 12.860638 4.433357 128 128 128
-3.898721 15.307214 10.938119 128 128 128
-7.321672 12.066152 7.480276 128 128 128
-3.463696 11.947285 1.679728 128 128 128
-7.043826 14.684512 10.621497 178 34 34
-6.926193 15.507220 6.815362 128 128 128
-4.653752 14.196642 0.066670 128 128 128
-7.321774 14.947305 12.768508 128 128 128
-2.448653 14.128990 7.081421 178 34 34
-2.862190 12.826003 11.946652 178 34 34
-5.925557 13.443794 2.130967 178 34 34
-2.868495 12.260056 5.878805 128 128 128
-1.833642 15.862232 12.330244 128 128 128
-6.689570 15.032117 7.853681 178 34 34
-7.079577 15.626069 11.178037 128 128 128
-3.607662 14.728635 5.566557 128 128 128
-3.361074 14.777346 7.083007 128 128 128
-4.195924 15.281743 3.734499 178 34 34
-6.382412 13.693801 2.817949 128 128 128
-1.983087 13.960772 11.664266 178 34 34
-2.580652 13.337984 4.853902 128 128 128
-6.486297 14.172767 8.140161 128 128 128
-3.133964 15.482132 9.862810 128 128 128
-4.830686 15.910465 4.377914 128 128 128
-7.253976 15.546793 12.809753 128 128 128
-4.184438 14.852080 0.945232 178 34 34
-1.936884 13.157612 9.573400 128 128 128
-5.715639 15.778780 4.611218 128 128 128
-2.805657 13.195027 1.294006 128 128 128
-3.181555 14.936031 10.258737 178 34 34
-7.297710 11.858557 3.790063 128 128 128
-2.348142 13.593470 9.774556 128 128 128
-3.546085 15.292434 11.322271 128 128 128
-4.407633 15.923431 4.961896 128 128 128
-4.001123 15.406522 7.068551 178 34 34
-1.778539 13.789675 4.757428 178 34 34
-6.664753 15.361277 1.594754 128 128 128
-5.869799 11.634908 4.572385 128 128 128
-4.981671 14.079106 2.588716 128 128 128
-6.737310 12.600286 12.438061 128 128 128
-7.163330 13.227897 3.970553 128 128 128
-6.327975 14.135397 9.790337 178 34 34
-4.636308 13.278144 1.889354 128 128 128
-1.483258 13.910013 2.676289 128 128 128
-5.791702 12.322892 0.468292 128 128 128
-5.036771 15.266622 11.332830 128 128 128
-6.581138 12.118881 10.453710 178 34 34
-3.810075 12.168988 2.666726 128 128 128
-4.151778 14.861225 2.237972 128 128 128
-5.209361 15.271528 5.377847 128 128 128
-5.143567 12.941822 6.407662 128 128 128
-1.783122 13.460193 4.714751 178 34 34
-1.821605 13.893234 6.592951 128 128 128
-6.699197 14.082886 12.473019 128 128 128
-2.606088 15.327982 8.785796 128 128 128
-5.186798 14.292127 10.474088 128 128 128
-7.145450 12.504081 12.859351 128 128 128
-3.183447 11.970967 8.790045 128 128 128
-4.655433 15.749538 12.101214 128 128 128
-5.194624 12.221224 6.649474 128 128 128
-5.707771 15.696310 1.194686 178 34 34
-7.029337 11.977873 11.565583 178 34 34
-2.387876 15.620337 0.476829 128 128 128
-6.381230 12.937829 2.150170 128 128 128
-2.065794 15.642066 3.702237 128 128 128
-3.252090 16.018725 6.425760 178 34 34
-5.113354 14.948359 9.512803 128 128 128
-6.465582 13.551304 1.265497 128 128 128
-6.750802 12.361998 4.535967 178 34 34
-3.617601 13.562788 5.203962 178 34 34
-1.793900 12.188441 12.890291 128 128 128
-1.606462 12.151751 5.804470 128 128 128
-3.577368 15.170297 4.986802 128 128 128
-6.007904 15.410167 0.573605 128 128 128
-5.952865 11.739863 1.174286 128 128 128
-6.720552 12.321323 8.430639 128 128 128
-4.687135 16.009878 0.164435 128 128 128
-5.738259 12.403497 7.827419 178 34 34
-5.804623 14.575148 4.232376 128 128 128
-6.468267 14.903665 1.671398 128 128 128
-2.203390 14.467788 11.502133 128 128 128
-4.048601 12.318802 4.266655 128 128 128
-1.665439 11.602371 3.656468 128 128 128
-3.647781 13.695293 7.830775 128 128 128
-1.739147 11.800882 8.599988 128 128 128
-2.585566 13.655105 3.310357 178 34 34
-6.187618 11.630771 11.163195 128 128 128
-7.177531 12.679387 9.234778 178 34 34
-1.296411 12.832991 11.331104 128 128 128
-6.952945 15.690865 12.082650 128 128 128
-2.035845 11.751399 9.449734 178 34 34
-5.090808 13.894318 11.353059 128 128 128
-3.237649 14.469861 12.329139 128 128 128
-3.792075 13.376475 10.433511 178 34 34
-4.495027 13.320926 0.826351 128 128 128
-3.437260 13.931008 11.740537 128 128 128
-4.413640 14.198848 4.130330 128 128 128
-5.969840 12.160368 10.858462 178 34 34
-5.004802 12.842698 9.449480 128 128 128
-6.961172 12.768229 4.790366 128 128 128
-6.872706 14.588777 9.882043 128 128 128
-3.143099 15.936431 0.087504 178 34 34
-2.979366 15.450851 6.830104 128 128 128
-3.683913 12.405494 0.808973 128 128 128
-5.083577 15.025778 8.671538 128 128 128
-5.393065 12.290870 1.551546 178 34 34
-2.512759 15.341346 12.214089 128 128 128
-3.910034 15.538306 10.387003 128 128 128
-3.104629 14.725440 3.099131 128 128 128
-6.996778 14.809595 8.738440 128 128 128
-6.311696 14.526480 7.183659 178 34 34
-5.804124 15.419001 3.356877 128 128 128
-1.849538 12.302801 5.830935 128 128 128
-6.008423 12.992228 11.821682 178 34 34
-3.402784 12.201755 1.470992 128 128 128
-6.105705 14.011485 0.280856 128 128 128
-7.133554 11.563272 2.473946 128 128 128
-1.775399 13.879665 5.272325 128 128 128
-3.180474 14.041511 10.879112 178 34 34
-3.911970 11.731812 8.253042 128 128 128
-1.848396 14.466360 11.562099 128 128 128
-6.526008 15.561589 6.890917 128 128 128
-5.711031 13.580700 8.001640 178 34 34
-3.560053 13.804840 3.407828 178 34 34
-6.149573 13.297961 9.228564 128 128 128
-3.567986 13.310915 7.941334 128 128 128
-4.918332 12.049499 1.817694 128 128 128
-1.216617 11.882852 9.253274 128 128 128
-4.633629 15.738962 11.338354 178 34 34
-6.497641 13.466428 5.918246 128 128 128
-7.016436 13.883509 4.741370 178 34 34
-3.793163 13.782952 6.761066 178 34 34
-4.313135 14.785491 2.641450 128 128 128
-6.080023 11.570470 2.903910 128 128 128
-4.610848 13.163647 10.718305 128 128 128
-1.433202 11.890220 5.399351 128 128 128
-2.900986 15.244127 6.864372 128 128 128
-4.090015 14.687906 11.337638 128 128 128
-5.521140 14.373106 6.932987 128 128 128
-5.798347 12.358080 7.405095 128 128 128
-7.118347 15.152739 11.847720 178 34 34
-3.990140 15.279181 7.192074 128 128 128
-6.153647 15.038356 7.984165 178 34 34
-4.163641 11.906438 10.055244 128 128 128
-4.611501 15.699044 6.265115 128 128 128
-6.277883 15.000204 11.662910 128 128 128
-5.161376 15.818898 8.901520 128 128 128
-5.241541 15.083515 1.508385 128 128 128
-3.556502 15.223675 11.025825 178 34 34
-4.899961 11.807171 8.689776 178 34 34
-2.664802 14.694606 9.589073 128 128 128
-6.191275 12.930321 5.017271 128 128 128
-4.121141 15.016630 5.481222 128 128 128
-4.350210 11.654178 13.047816 128 128 128
-6.133126 13.002554 12.679466 128 128 128
-6.535017 14.938649 5.735333 128 128 128
-4.839892 13.074477 6.340611 178 34 34
-4.957593 14.000734 2.860621 128 128 128
-6.166325 11.758600 5.179805 178 34 34
-5.373395 12.623821 7.486321 128 128 128
-3.938371 13.857177 12.032013 128 128 128
-3.991111 15.575953 12.347572 128 128 128
-7.065808 15.617761 7.176841 128 128 128
-5.492075 11.811262 12.680424 128 128 128
-2.224563 14.146539 8.189046 178 34 34
-5.660284 14.363213 5.582157 128 128 128
-7.118243 12.637388 12.337412 128 128 128
-4.752547 15.231428 9.872709 178 34 34
-4.348206 13.654096 11.420403 128 128 128
-3.341217 12.051100 0.080986 128 128 128
-5.059689 13.729796 6.389581 128 128 128
-3.969295 12.817985 11.860700 128 128 128
-3.437893 13.205837 12.648750 178 34 34
-2.454124 15.359087 6.371035 128 128 128
-1.353060 13.380868 3.844530 178 34 34
-3.765851 12.480069 8.893532 128 128 128
-3.015608 14.262803 9.455932 128 128 128
-4.899318 13.835092 2.592147 178 34 34
-3.089116 11.887469 8.140379 128 128 128
-1.845734 13.193824 0.686568 178 34 34
-4.256931 11.560253 1.753286 128 128 128
-5.785101 12.408892 3.870041 128 128 128
-4.477315 11.768031 4.970974 128 128 128
-6.981262 14.039186 4.844764 128 128 128
-2.528818 15.533944 0.712201 128 128 128
-3.950641 14.679891 2.692022 128 128 128
-5.743255 14.414396 3.739114 128 128 128
-3.335067 12.399042 9.084509 178 34 34
-1.497120 15.443115 9.730240 128 128 128
-5.184016 12.725959 9.672814 128 128 128
-4.793982 15.261020 6.488077 128 128 128
-2.568793 13.040091 1.539593 178 34 34
-5.705095 13.008812 3.642130 128 128 128
-1.749151 11.565668 2.168080 178 34 34
-4.735241 15.619898 2.496347 128 128 128
-4.842311 12.243246 8.083654 128 128 128
-4.108013 13.575631 3.293541 178 34 34
-4.326122 12.217658 5.803533 128 128 128
-6.251765 12.170356 11.139530 178 34 34
-1.453891 11.843489 4.941613 128 128 128
-5.202429 12.882002 8.389692 178 34 34
-5.332384 12.111793 3.840446 178 34 34
-4.984736 15.430108 8.403002 178 34 34
-1.983228 14.942061 2.914362 178 34 34
-4.000650 13.966021 1.619916 178 34 34
-5.095405 13.921937 6.792330 128 128 128
-5.341129 14.448149 10.222507 178 34 34
-2.951598 11.798259 6.560128 128 128 128
-2.206131 11.775033 2.524591 128 128 128
-1.224732 13.457752 2.805901 128 128 128
-6.550382 11.787509 1.156708 128 128 128
-5.007638 12.213354 0.937810 178 34 34
-5.704037 13.467429 0.916641 128 128 128
-4.346263 13.483667 11.046105 128 128 128
-3.525156 12.996832 12.080101 128 128 128
-5.516585 14.984290 1.391013 178 34 34
-3.062725 11.740801 8.115686 178 34 34
-2.403653 11.966338 6.428877 128 128 128
-3.712622 14.227563 3.879967 178 34 34
-1.687468 15.665315 5.443554 128 128 128
-4.437580 15.277404 6.499423 178 34 34
-3.075645 15.702824 0.585989 128 128 128
-5.136368 15.436351 4.738058 128 128 128
-2.911210 11.897302 10.432643 178 34 34
-2.147251 12.557422 1.034449 178 34 34
-2.178677 15.874371 3.525709 128 128 128
-6.507733 13.262114 7.274466 178 34 34
-2.778874 14.115776 12.073793 178 34 34
-4.306791 13.431193 7.945670 128 128 128
-1.509363 14.531160 7.109011 178 34 34
-4.395213 12.792444 11.505886 128 128 128
-5.257276 14.844321 5.947817 178 34 34
-5.356713 12.737719 0.034724 128 128 128
-2.775048 12.280514 8.695326 128 128 128
-3.332137 15.452059 8.007341 128 128 128
-2.128092 13.553025 4.972076 178 34 34
-1.316562 14.468604 5.140959 178 34 34
-5.839183 14.278871 7.423493 128 128 128
-2.115745 13.067380 3.021161 128 128 128
-1.305328 14.159831 7.440200 128 128 128
-4.550104 12.115358 9.320444 128 128 128
-2.156502 12.488210 3.081192 178 34 34
-5.628357 12.649394 12.910879 178 34 34
-4.138545 11.896605 8.686561 178 34 34
-7.200253 12.698857 5.657850 128 128 128
-7.064758 14.723864 7.343052 178 34 34
-5.607674 13.171844 8.617831 128 128 128
-1.288886 12.045217 11.302574 128 128 128
-5.219218 14.766099 10.837185 128 128 128
-4.133292 11.876976 1.772782 128 128 128
-4.556377 13.663068 12.049279 178 34 34
-1.238802 12.682898 9.594105 178 34 34
-4.945404 15.648288 9.693586 128 128 128
-6.590780 14.270049 10.496315 128 128 128
-4.089965 15.321600 9.813876 178 34 34
-3.755449 14.315757 4.657058 178 34 34
-1.474752 14.244335 5.343344 128 128 128
-5.667590 11.915905 5.564443 128 128 128
-4.737567 14.155710 11.911348 178 34 34
-4.636384 14.229614 3.837868 128 128 128
-3.701377 12.898950 8.855266 128 128 128
-5.171851 15.308581 3.072079 178 34 34
-5.587474 13.097698 3.825454 178 34 34
-1.513947 14.007621 10.726099 178 34 34
-4.502086 15.022057 7.743250 128 128 128
-2.612755 13.787406 4.054237 178 34 34
-1.505404 14.994434 2.302409 128 128 128
-3.126243 11.998441 1.583230 128 128 128
-2.905197 14.252354 10.572910 128 128 128
-6.125276 12.421291 5.220661 128 128 128
-1.596231 15.978943 5.932506 128 128 128
-1.364362 14.868076 5.707942 178 34 34
-1.920151 14.024656 3.783252 128 128 128
-4.384769 12.162316 5.151975 178 34 34
-7.130074 11.729346 6.539672 128 128 128
-2.267098 13.298907 6.245510 128 128 128
-2.618867 11.580166 0.961810 178 34 34
-4.390439 13.394143 8.045843 128 128 128
-5.954823 13.701363 12.696654 128 128 128
-1.931308 13.106311 12.449354 128 128 128
-6.844832 13.451822 12.207759 178 34 34
-3.965710 13.841249 1.407344 128 128 128
-4.564974 15.292385 8.489774 178 34 34
-4.760499 14.872563 7.240636 128 128 128
-1.573113 13.317269 1.191282 178 34 34
-2.707198 14.581199 5.783246 128 128 128
-4.495575 15.886097 1.268870 178 34 34
-2.024365 15.496765 11.956943 178 34 34
-6.897444 12.227663 12.464889 178 34 34
-7.002059 14.154823 2.829271 128 128 128
-1.197043 11.733494 3.073780 128 128 128
-4.173970 13.283083 6.464110 128 128 128
-3.998190 13.083561 9.434087 128 128 128
-2.893283 15.442299 0.130251 178 34 34
-2.589748 13.100994 2.621282 178 34 34
-6.738264 15.045926 9.534392 128 128 128
-1.258556 15.295947 0.637603 178 34 34
-5.984033 14.416403 4.142713 128 128 128
-3.896249 14.824420 1.889047 128 128 128
-1.931053 15.296321 4.557965 128 128 128
-5.031467 14.554996 5.413264 178 34 34
-4.974597 13.007204 9.081293 128 128 128
-6.711348 13.590382 2.603865 128 128 128
-4.830698 14.695232 10.638207 128 128 128
-2.150853 15.667955 0.932743 128 128 128
-5.890085 13.224667 4.061816 128 128 128
-4.768698 14.085561 3.979063 128 128 128
-2.059873 14.372486 5.577676 178 34 34
-7.411894 12.435153 4.993316 128 128 128
-6.712868 12.644638 12.442524 128 128 128
-6.927282 15.460376 2.063686 128 128 128
-2.477977 13.786098 8.280832 178 34 34
-1.506184 15.828254 10.267172 128 128 128
-5.787884 11.803419 1.617392 128 128 128
-3.379783 12.167396 1.524573 128 128 128
-2.140971 14.831294 13.127038 128 128 128
-3.496227 15.668343 11.870253 128 128 128
-2.136022 12.084348 11.225420 128 128 128
-2.517029 13.699394 4.390531 128 128 128
-4.770360 14.241107 5.053892 128 128 128
-6.654468 13.307910 12.398741 128 128 128
-1.559983 12.526206 1.918951 128 128 128
-4.595508 15.617758 12.006126 128 128 128
-3.581350 15.756757 1.791554 128 128 128
-7.277611 15.271065 1.825160 128 128 128
-4.387465 15.525616 12.548343 128 128 128
-2.200518 13.598643 0.409136 178 34 34
-7.363800 11.714201 4.050435 128 128 128
-3.309840 15.501935 5.889991 128 128 128
-1.642562 15.478750 13.059480 128 128 128
-4.965181 12.392876 1.204679 128 128 128
-6.616084 13.019776 2.444300 128 128 128
-5.407808 11.718694 10.274603 178 34 34
-4.838499 14.625699 10.418380 128 128 128
-4.236942 13.277712 2.008976 128 128 128
-1.392893 16.015768 3.291865 178 34 34
-4.742635 11.917607 3.490230 128 128 128
-4.494246 13.572955 4.310116 128 128 128
-5.673716 13.941168 6.774397 128 128 128
-6.075603 13.325060 7.934767 178 34 34
-6.984174 15.860387 12.024813 178 34 34
-5.644576 12.480873 9.177586 128 128 128
-2.698717 15.312087 12.408809 128 128 128
-5.692172 15.137057 2.505827 128 128 128
-5.752975 12.599732 8.949913 128 128 128
-2.472824 12.039000 5.651528 128 128 128
-1.859448 14.177942 8.643906 128 128 128
-1.570547 15.493797 1.708895 128 128 128
-3.466855 14.192737 3.995873 128 128 128
-2.161968 13.127743 12.781298 178 34 34
-5.548162 12.434591 2.817634 178 34 34
-6.600066 14.969069 4.502320 178 34 34
-6.093386 14.883809 5.281878 128 128 128
-2.468417 14.167400 6.063332 128 128 128
-7.175154 12.835546 1.437716 128 128 128
-2.730934 14.521387 12.806687 128 128 128
-4.095840 13.139422 10.573176 128 128 128
-4.297275 12.457808 3.363072 128 128 128
-6.484399 15.733533 9.599376 128 128 128
-3.598543 13.903447 3.743063 128 128 128
-1.757428 13.224975 10.585574 128 128 128
-3.525858 14.216797 11.287003 178 34 34
-5.497528 14.526033 0.432066 128 128 128
-4.606551 14.377706 10.941925 128 128 128
-6.909595 13.403103 12.506577 178 34 34
-7.172559 15.521594 6.455609 128 128 128
-1.167992 12.030544 0.251391 128 128 128
-3.573196 14.373986 3.981421 178 34 34
-3.722607 15.552292 7.750492 128 128 128
-4.387891 14.507708 7.167214 128 128 128
-5.913062 12.385571 2.816969 178 34 34
-6.789346 13.664642 13.004454 128 128 128
-1.776537 14.528619 12.254701 128 128 128
-6.449617 15.831439 6.446822 128 128 128
-2.404581 14.394328 5.572369 128 128 128
-2.403384 15.464278 6.412138 128 128 128
-1.798471 13.095361 2.226045 128 128 128
-7.028184 15.979641 1.776757 128 128 128
-1.774389 12.359871 11.346046 128 128 128
-4.370589 13.402103 12.074886 128 128 128
-6.450996 12.326403 10.100392 178 34 34
-2.726068 12.226293 7.388255 128 128 128
-6.126405 12.658804 2.052353 128 128 128
-4.013655 15.605861 12.982306 128 128 128
-2.333243 13.301896 2.146749 178 34 34
-2.245287 15.341576 8.063923 178 34 34
-3.452574 14.510312 11.648521 128 128 128
-7.301813 15.524270 0.110914 128 128 128
-2.009586 11.844186 3.367794 128 128 128
-5.560422 13.737464 7.231883 128 128 128
-7.228221 15.763764 3.264483 128 128 128
-5.380687 14.800211 0.823629 178 34 34
-5.778697 12.345943 0.344500 128 128 128
-3.956458 15.140639 8.054060 128 128 128
-4.919507 16.015992 4.996819 178 34 34
-5.974271 13.573536 9.522929 128 128 128
-3.251801 15.741778 1.405213 128 128 128
-3.428588 14.757439 8.772277 128 128 128
-6.001516 14.581621 5.496104 128 128 128
-6.777050 14.954791 3.606959 178 34 34
-3.436453 15.408703 11.148866 128 128 128
-4.129807 13.747419 8.851182 178 34 34
-4.369799 12.461019 4.630837 178 34 34
-2.114639 14.707381 7.447826 128 128 128
-6.332910 12.457906 5.501920 178 34 34
-3.945105 14.968926 11.492272 128 128 128
-3.708712 12.078990 6.717590 128 128 128
-4.161120 13.508724 5.683820 128 128 128
-1.348060 14.809854 2.824146 128 128 128
-6.533529 11.667288 4.080858 128 128 128
-5.804548 14.439765 0.963759 178 34 34
-5.568705 14.019119 4.541363 128 128 128
-6.316506 12.763079 6.130712 178 34 34
-2.838022 13.323449 4.649956 178 34 34
-6.359082 15.724757 1.841589 128 128 128
-1.434130 14.566141 0.154430 178 34 34
-2.039158 14.758206 12.681152 128 128 128
-5.445246 13.777082 10.365357 178 34 34
-4.682003 15.664405 7.062498 178 34 34
-5.906125 13.352759 9.317263 128 128 128
-6.015921 13.280450 1.539416 128 128 128
-1.950284 14.927508 7.423977 128 128 128
-1.218722 14.017251 3.366177 128 128 128
-5.975167 15.522069 11.642118 128 128 128
-3.953933 13.779242 6.922906 128 128 128
-6.125826 13.654534 5.669386 128 128 128
-4.267314 11.786509 10.885054 178 34 34
-1.598828 13.334510 3.459447 128 128 128
-1.999063 14.151436 9.253034 128 128 128
-2.539696 15.231367 10.461787 128 128 128
-4.170405 11.668310 2.497797 178 34 34
-1.890461 13.673716 10.089493 128 128 128
-5.557192 13.595552 12.403636 178 34 34
-6.924295 12.387825 3.335701 178 34 34
-3.724630 12.390354 0.935598 128 128 128
-2.179847 14.998646 5.355627 128 128 128
-2.303109 14.609343 3.791181 178 34 34
-6.799724 13.931434 3.443962 178 34 34
-7.415005 11.712118 1.411058 128 128 128
-4.144042 13.069155 2.102942 128 128 128
-2.323139 11.672509 1.188699 128 128 128
-5.037348 13.075974 10.079983 128 128 128
-3.432730 12.898836 5.703135 178 34 34
-3.195713 14.073125 12.358741 178 34 34
-1.373351 11.992212 12.250686 128 128 128
-5.008568 11.594025 9.578428 128 128 128
-6.642372 15.694863 11.658199 128 128 128
-1.415054 15.051045 4.680456 128 128 128
-1.765397 15.259196 10.511549 128 128 128
-7.327809 12.855736 2.477326 128 128 128
-5.529414 12.731185 0.840443 128 128 128
-3.682765 13.783994 8.676694 178 34 34
-5.649779 12.138698 11.591380 128 128 128
-2.516090 14.759818 0.589627 128 128 128
-1.776357 11.918839 12.990901 128 128 128
-3.089850 13.650261 0.301668 128 128 128
-1.300329 13.702732 5.765272 178 34 34
-2.780379 12.271700 9.476623 128 128 128
-3.946552 11.662766 11.330740 128 128 128
-7.151978 13.108781 2.582251 178 34 34
-5.762837 12.511782 12.505738 128 128 128
-5.480950 15.539409 9.074599 178 34 34
-3.084118 12.287605 1.137791 178 34 34
-6.272694 13.909061 6.707398 128 128 128
-5.142645 13.816856 8.813955 178 34 34
-5.742357 15.987057 1.093095 128 128 128
-6.093078 14.203975 9.124848 128 128 128
-5.233453 14.736212 8.650910 128 128 128
-1.563535 13.842619 2.986142 178 34 34
-5.290915 13.662272 3.822990 128 128 128
-5.291445 15.905724 6.318616 178 34 34
-6.256790 15.371989 4.622427 178 34 34
-5.043738 14.853130 5.097637 178 34 34
-1.392326 12.773154 0.024525 128 128 128
-4.811645 14.439928 8.879659 128 128 128
-5.734598 12.020955 11.927699 178 34 34
-2.567963 12.036778 5.867253 128 128 128
-2.904593 13.465430 4.126009 128 128 128
-7.277333 12.063418 2.088327 178 34 34
-5.796987 12.574111 6.067166 128 128 128
-4.245472 12.557577 11.940717 178 34 34
-3.762279 13.006876 7.059428 128 128 128
-5.774686 15.026170 6.255673 128 128 128
-5.014974 12.870989 6.083522 178 34 34
-2.889925 13.555573 10.308129 128 128 128
-2.742609 12.123992 6.483127 128 128 128
-4.293620 15.851949 8.038142 178 34 34
-4.421197 13.633864 8.487611 128 128 128
-1.373224 15.870466 3.451630 178 34 34
-1.384049 15.534820 5.096222 128 128 128
-5.028389 13.137180 12.504380 128 128 128
-3.466224 14.722940 10.168850 128 128 128
-5.201095 11.634418 1.370363 178 34 34
-5.775518 14.567274 0.917086 178 34 34
-4.870363 11.939500 1.262378 128 128 128
-6.341491 14.691514 1.996110 178 34 34
-3.802968 12.683323 0.433317 178 34 34
-2.889007 12.144511 2.497031 128 128 128
-3.782105 15.672868 4.231349 128 128 128
-4.075900 15.607959 0.873485 128 128 128
-1.959091 11.659385 9.960818 178 34 34
-5.848408 13.054142 10.190693 128 128 128
-5.905572 13.891917 10.447521 128 128 128
-5.291711 13.551537 1.579771 128 128 128
-2.235237 12.664052 1.541527 128 128 128
-3.869361 11.669731 2.120308 128 128 128
-2.133196 12.220183 11.251013 128 128 128
-3.867453 12.586491 8.527155 128 128 128
-3.408169 15.069651 9.035755 128 128 128
-3.413189 11.651624 12.956778 128 128 128
-6.162962 11.724506 13.148999 178 34 34
-6.379536 12.970365 10.216681 128 128 128
-4.744942 15.725550 2.419600 178 34 34
-6.134444 14.211178 4.954188 178 34 34
-3.202549 14.301706 11.210192 128 128 128
-3.729542 14.371025 3.428942 178 34 34
-5.817704 15.277436 1.541686 178 34 34
-4.600402 13.516358 7.390865 128 128 128
-3.343170 12.593797 3.226220 128 128 128
-3.697991 12.715519 1.323912 128 128 128
-4.319527 15.996901 8.223629 178 34 34
-4.779820 13.175518 1.147284 128 128 128
-6.888721 15.191711 12.221114 128 128 128
-5.524873 15.327787 2.494329 128 128 128
-2.498838 14.292530 12.714497 128 128 128
-2.744518 12.352478 10.441673 178 34 34
-6.203180 12.091921 10.631533 178 34 34
-4.210135 13.953348 5.502643 178 34 34
-1.295154 13.762992 9.789894 128 128 128
-4.757702 11.885243 3.407085 178 34 34
-3.052069 14.548457 12.839942 178 34 34
-1.729871 12.424129 2.200113 128 128 128
-5.201638 11.646832 0.956213 178 34 34
-2.875772 12.388097 8.306961 128 128 128
-3.864931 11.731731 13.098793 128 128 128
-1.487099 13.069616 13.054365 178 34 34
-7.218851 14.252316 10.032762 128 128 128
-3.749019 15.159235 2.908873 128 128 128
-2.968499 13.557358 11.976209 128 128 128
-3.138815 12.326531 5.743515 178 34 34
-6.829640 15.364645 1.537691 178 34 34
-5.202683 12.586090 2.229848 128 128 128
-2.761926 15.059993 3.364639 178 34 34
-2.227798 15.943074 10.185424 128 128 128
-4.026233 11.921050 11.310859 128 128 128
-2.656891 13.411607 6.557951 178 34 34
-6.250888 14.807694 6.677421 128 128 128
-5.128822 12.511932 4.198870 128 128 128
-3.452914 13.258264 10.802851 128 128 128
-3.927274 15.258518 7.529908 178 34 34
-5.732957 15.108111 6.935774 128 128 128
-3.166544 12.543144 1.373655 128 128 128
-6.747845 12.105895 6.238586 178 34 34
-2.729945 14.374967 6.987355 178 34 34
-4.980566 13.414155 8.808257 178 34 34
-5.198303 15.276638 3.850397 178 34 34
-3.119825 11.825636 6.718207 178 34 34
-7.139798 11.586216 4.030202 128 128 128
-6.406469 13.459262 10.007170 128 128 128
-2.036466 15.320874 4.564418 178 34 34
-2.270229 15.054366 5.599751 128 128 128
-6.354904 13.348888 11.725575 128 128 128
-3.142560 12.097718 8.024730 128 128 128
-3.667921 12.888635 8.234849 128 128 128
-2.121336 14.801610 4.235902 128 128 128
-3.244310 11.923070 4.071157 178 34 34
-3.595070 14.051389 7.457361 128 128 128
-3.025373 13.949101 2.156739 128 128 128
-3.250557 15.328370 6.697640 178 34 34
-7.331040 14.323411 0.512061 178 34 34
-2.586890 14.128615 8.426334 128 128 128
-2.396118 15.307177 5.878261 178 34 34
-2.139030 13.713323 2.852499 128 128 128
-6.405975 13.150932 8.845512 128 128 128
-2.241112 13.401040 12.045742 128 128 128
-3.593157 15.520378 0.653179 178 34 34
-4.295927 12.059981 12.200912 128 128 128
-2.621925 14.876818 5.372970 128 128 128
-5.540761 13.578011 4.270636 128 128 128
-6.613737 15.052228 10.121608 128 128 128
-5.817006 13.559974 3.758929 128 128 128
-3.154464 12.167744 7.655023 128 128 128
-3.592739 15.552696 2.005153 128 128 128
-6.653554 12.198973 10.288096 128 128 128
-4.012380 12.190218 11.823864 128 128 128
-4.935952 12.825003 10.872992 128 128 128
-6.987440 14.520982 12.801446 128 128 128
-4.597127 15.107166 1.374388 128 128 128
-3.782029 15.137418 12.317544 128 128 128
-6.586847 14.562313 12.247855 178 34 34
-2.078475 11.651055 11.570611 128 128 128
-3.131671 14.220463 3.275833 128 128 128
-5.183624 14.754809 10.635447 128 128 128
-3.905889 11.596670 10.233888 178 34 34
-5.909126 14.568445 9.644138 128 128 128
-2.617609 12.381134 10.837637 128 128 128
-5.139540 13.569023 10.507094 178 34 34
-5.106318 11.552272 3.837953 128 128 128
-6.340733 12.848112 2.652592 128 128 128
-7.078256 14.581184 1.887375 128 128 128
-5.411366 13.449034 5.267837 128 128 128
-3.356901 15.543765 9.340060 178 34 34
-2.371198 15.801730 5.689987 128 128 128
-4.509004 13.661832 6.161685 178 34 34
-3.928912 13.645866 6.384271 128 128 128
-4.620582 14.139098 5.709079 128 128 128
-4.985041 11.750559 12.079625 128 128 128
-1.715995 12.519162 1.068067 128 128 128
-3.106092 11.873851 8.471426 128 128 128
-5.078893 14.653516 6.723065 128 128 128
-6.800891 12.872491 6.272164 128 128 128
-1.597283 13.926129 6.768606 128 128 128
-5.267204 12.081541 6.279189 178 34 34
-5.575841 15.604591 9.512527 128 128 128
-4.877923 14.373792 1.994616 178 34 34
-3.506546 13.165860 3.665104 128 128 128
-3.963850 13.055713 1.854495 178 34 34
-1.564064 15.454678 2.631540 128 128 128
-1.885096 15.377473 7.448586 128 128 128
-4.904705 15.591162 6.454436 128 128 128
-2.877662 15.473115 0.818121 128 128 128
-1.304049 12.430275 10.488709 178 34 34
-3.436883 14.664327 9.602802 128 128 128
-6.857295 12.804574 5.502992 128 128 128
-4.260210 13.646070 4.073243 178 34 34
-2.485044 15.320488 2.159993 128 128 128
-5.869463 15.889017 6.457005 128 128 128
-3.261947 12.296564 3.811679 178 34 34
-4.311404 12.077212 3.944756 128 128 128
-5.227640 14.346545 1.074978 178 34 34
-5.794719 15.671892 9.503158 128 128 128
-1.833873 13.863896 11.863707 128 128 128
-5.658123 14.404238 11.328109 178 34 34
-5.730115 12.562015 7.214594 178 34 34
-1.672055 14.684522 12.123088 128 128 128
-5.302367 14.847825 7.588023 128 128 128
-5.013639 11.716006 1.684774 178 34 34
-3.102266 12.504640 8.182137 128 128 128
-1.167524 15.938486 3.476080 128 128 128
-6.847011 14.311604 4.102659 128 128 128
-7.011446 15.845182 8.537414 178 34 34
-2.923159 13.578717 10.837605 128 128 128
-5.453355 13.163753 2.486235 128 128 128
-4.065516 13.896047 2.847431 128 128 128
-3.709425 13.242442 10.385336 178 34 34
-4.084986 12.921881 11.075942 128 128 128
-6.071553 12.625769 11.090017 178 34 34
-2.500562 15.070165 2.908665 128 128 128
-3.446687 12.992309 7.831029 178 34 34
-5.567730 14.627963 12.707859 128 128 128
-5.663590 14.949623 12.896424 128 128 128
-1.804876 14.358042 8.525504 178 34 34
-4.164149 12.869469 13.051092 128 128 128
-6.645452 14.606129 9.561358 128 128 128
-4.635611 12.136867 11.209849 128 128 128
-3.381231 11.631886 8.012362 128 128 128
-2.006950 12.747282 12.576885 128 128 128
-4.568232 12.382507 5.109170 128 128 128
-4.413727 15.456023 6.147089 178 34 34
-3.189359 14.354650 12.648713 128 128 128
-1.786591 15.130265 5.705458 178 34 34
-2.935260 11.995483 10.214836 128 128 128
-7.443762 13.918162 0.827000 128 128 128
-4.446344 12.276186 5.278321 128 128 128
-7.390011 12.247577 7.162955 178 34 34
-4.433353 11.555633 1.792351 178 34 34
-5.597560 15.431365 10.331898 178 34 34
-4.896273 14.048287 3.915410 178 34 34
-3.630087 14.724824 11.342661 128 128 128
-2.683361 15.102133 11.686278 128 128 128
-3.810445 14.719296 6.406734 178 34 34
-6.197804 12.859858 11.777573 128 128 128
-7.441142 12.808029 4.062645 128 128 128
-2.241958 15.668862 0.229998 128 128 128
-2.398052 14.409890 12.392095 128 128 128
-3.163489 12.716628 9.518336 178 34 34
-6.804700 14.252885 9.315629 128 128 128
-7.262890 14.055299 11.609781 128 128 128
-2.364296 12.440607 3.638784 178 34 34
-4.006223 15.687351 3.377690 128 128 128
-2.100586 13.662102 1.096731 178 34 34
-6.826303 13.739171 10.672185 128 128 128
-3.408627 15.192772 12.190047 128 128 128
-4.243709 13.347082 9.176186 128 128 128
-4.294977 12.575257 5.225928 178 34 34
-3.906969 15.551139 11.743878 178 34 34
-5.024750 12.159675 5.618529 128 128 128
-5.378719 12.400180 4.222632 128 128 128
-2.240954 13.151534 0.914190 128 128 128
-4.279642 12.903354 3.551991 128 128 128
-3.973346 13.190717 10.869573 178 34 34
-2.993782 15.952631 9.103270 178 34 34
-1.824138 13.206103 6.911353 128 128 128
-4.391257 15.003428 1.325302 128 128 128
-1.523227 11.569857 12.059522 128 128 128
-2.392435 11.813315 12.726835 178 34 34
-5.848282 14.583535 9.457868 178 34 34
-1.552758 14.333542 6.463066 128 128 128
-4.962509 15.108101 4.017036 178 34 34
-2.886571 12.267034 9.121613 178 34 34
-3.165240 15.094777 8.374815 128 128 128
-1.188201 11.938428 12.966149 178 34 34
-2.370343 13.721334 4.993161 128 128 128
-4.434641 14.129246 4.894554 128 128 128
-2.772136 14.887555 10.763825 178 34 34
-1.682489 15.772432 4.946673 128 128 128
-1.225834 12.168889 10.457154 128 128 128
-4.387114 14.156540 4.229509 128 128 128
-7.119983 15.456709 11.270100 128 128 128
-5.722624 13.115557 4.323816 128 128 128
-7.014870 13.896713 0.565505 128 128 128
-5.825444 14.165725 0.303930 128 128 128
-6.203540 13.370961 1.276893 128 128 128
-3.640647 12.926884 8.575307 128 128 128
-2.017049 12.530708 11.321688 128 128 128
-4.519037 13.766562 11.852038 178 34 34
-3.559423 12.430387 0.832052 128 128 128
-3.323221 12.889506 1.461055 178 34 34
-3.208785 15.685493 9.951529 128 128 128
-2.337857 13.242741 13.132777 128 128 128
-3.854809 15.421380 4.932142 178 34 34
-3.085990 15.485886 8.309128 178 34 34
-3.833301 13.968959 2.788138 128 128 128
-6.466051 12.588741 11.895431 128 128 128
-6.026701 14.399113 12.616542 128 128 128
-4.348426 14.250206 0.997579 128 128 128
-5.957265 12.750506 8.352280 128 128 128
-6.357050 15.484189 12.268397 178 34 34
-2.687731 15.043758 9.955500 128 128 128
-1.953999 15.161250 2.918677 178 34 34
-2.480505 15.741698 4.918377 128 128 128
-4.783944 14.491230 2.308521 128 128 128
-6.802941 12.551598 1.469340 128 128 128
-6.779468 12.604740 4.545861 128 128 128
-2.682345 14.035649 1.889369 128 128 128
-7.378202 13.660584 5.551653 128 128 128
-3.418351 14.709923 6.549226 128 128 128
-4.361169 11.853947 2.619101 178 34 34
-3.660592 12.587076 12.781301 128 128 128
-4.896236 11.786426 1.624575 128 128 128
-2.469622 15.355091 0.664780 128 128 128
-5.321069 12.732413 1.662860 128 128 128
-3.369763 13.240158 1.390222 128 128 128
-3.423462 14.789356 12.827914 128 128 128
-2.534045 14.127003 2.088633 128 128 128
-3.767703 14.913355 8.872045 128 128 128
-2.557672 15.364913 4.247173 178 34 34
-3.267072 12.084229 1.652314 128 128 128
-2.561710 14.588215 1.467144 128 128 128
-6.312780 12.068197 9.587256 178 34 34
-7.372048 13.377528 6.434560 178 34 34
-7.442371 15.185053 5.880775 128 128 128
-3.465559 14.143947 8.766780 128 128 128
-1.718088 15.810548 9.709788 178 34 34
-5.113015 15.621868 1.095190 178 34 34
-5.241141 13.696083 4.324984 128 128 128
-4.848631 12.768943 4.960494 178 34 34
-3.816717 12.826596 2.458180 128 128 128
-6.611714 13.734723 10.756493 178 34 34
-6.234329 15.142310 4.353639 128 128 128
-5.162929 13.676789 8.905057 178 34 34
-5.441362 15.691351 11.575620 128 128 128
-5.842679 12.287936 11.490920 128 128 128
-4.373660 15.155115 7.699831 128 128 128
-4.580282 13.459849 3.535601 128 128 128
-3.620401 15.004432 5.443528 178 34 34
-4.204566 13.057631 2.490329 128 128 128
-1.175429 11.893202 6.830211 178 34 34
-4.054904 14.942414 12.638971 178 34 34
-6.771813 13.140270 1.318303 128 128 128
-2.544246 14.877672 1.818280 178 34 34
-3.537279 16.017600 5.893511 128 128 128
-5.965425 15.054843 1.982619 128 128 128
-3.548804 13.893594 9.070052 128 128 128
-7.203374 15.987538 12.183846 128 128 128
-6.227247 15.661746 6.622143 128 128 128
-3.368308 15.910008 12.397472 128 128 128
-6.947842 12.519438 9.719801 128 128 128
-5.226986 14.558964 0.155081 128 128 128
6.724690 -8.233200 0.592898 128 128 128
7.471954 -13.960612 4.136490 128 128 128
5.877612 -11.241937 4.577694 128 128 128
5.496865 -12.309526 1.258948 178 34 34
6.668645 -9.068955 7.083365 128 128 128
9.122853 -9.716601 8.204610 128 128 128
8.641103 -11.198056 1.628839 128 128 128
5.569050 -13.078920 2.975410 128 128 128
9.238138 -8.329693 2.967054 128 128 128
9.079565 -13.460517 0.792161 178 34 34
7.981765 -11.235180 3.292267 128 128 128
6.759502 -9.601678 5.467599 128 128 128
7.820478 -13.327930 0.484902 128 128 128
8.724424 -12.534723 5.441441 178 34 34
6.995472 -7.352457 8.843216 128 128 128
8.940950 -12.523517 8.242344 128 128 128
5.180208 -13.862952 2.429263 128 128 128
9.599924 -12.987167 5.001427 128 128 128
7.709519 -8.822695 6.835999 178 34 34
9.716051 -10.436427 2.489525 128 128 128
7.426212 -10.610725 4.442999 128 128 128
9.146872 -7.849599 0.053542 128 128 128
8.344153 -7.595095 8.730433 128 128 128
6.294284 -7.803413 4.194752 178 34 34
5.850379 -11.373370 2.413086 178 34 34
6.046057 -12.247679 0.128468 128 128 128
8.656891 -7.484184 2.115150 128 128 128
8.982186 -12.989877 8.635015 128 128 128
9.375387 -13.292836 7.347896 178 34 34
7.092271 -10.922731 2.794408 128 128 128
6.013694 -7.760451 2.797114 128 128 128
9.674057 -12.079243 3.697830 178 34 34
6.586941 -11.968756 3.018077 178 34 34
7.663596 -13.361925 5.413263 178 34 34
6.002880 -13.565238 4.040450 128 128 128
7.816129 -13.467314 7.400738 128 128 128
6.355969 -10.635521 4.173987 178 34 34
7.351879 -11.773001 3.557828 128 128 128
9.846106 -13.741326 0.723751 178 34 34
7.936645 -11.662866 2.960006 128 128 128
9.716969 -9.771348 2.396348 178 34 34
5.588188 -8.415703 4.808411 128 128 128
6.864463 -7.822954 1.060767 128 128 128
8.847911 -12.705716 0.912923 128 128 128
6.138340 -8.127964 3.567853 128 128 128
9.044110 -7.403506 0.483452 128 128 128
7.822890 -9.550188 7.379943 128 128 128
9.279091 -8.570443 1.776606 178 34 34
6.380504 -8.401777 5.311839 128 128 128
7.242613 -10.245709 7.324583 128 128 128
5.925031 -10.397353 0.530762 128 128 128
7.100136 -11.550066 5.411655 128 128 128
6.550869 -10.859777 7.196353 178 34 34
8.341707 -10.452287 5.557648 128 128 128
7.808013 -12.861561 6.827998 128 128 128
8.666152 -12.876025 2.363403 128 128 128
5.488871 -6.983345 7.563583 128 128 128
6.667615 -12.913297 7.213068 178 34 34
6.525223 -9.209476 4.079661 128 128 128
9.022689 -11.900324 1.470936 128 128 128
5.950659 -10.320858 3.388016 128 128 128
8.439931 -9.814862 4.135504 128 128 128
5.692404 -11.012890 0.884533 128 128 128
8.058214 -7.617774 4.865006 128 128 128
8.829923 -11.040408 5.738512 128 128 128
7.087883 -7.010762 4.418881 128 128 128
7.235230 -9.694131 6.560476 128 128 128
9.382880 -11.122232 2.444454 128 128 128
8.916141 -10.634906 0.570954 178 34 34
9.070597 -13.062007 3.144478 178 34 34
9.801026 -13.149133 2.106783 128 128 128
6.908833 -8.678436 1.666930 128 128 128
8.586493 -9.211703 5.731069 128 128 128
6.737037 -10.385949 1.193792 128 128 128
9.118999 -8.005591 8.798295 128 128 128
9.336606 -9.319262 2.331659 128 128 128
6.669959 -11.866038 6.616096 128 128 128
7.806978 -13.305598 2.840333 178 34 34
6.899745 -12.586362 4.355371 128 128 128
6.982031 -10.556460 4.491461 128 128 128
9.848489 -14.032598 1.694317 178 34 34
8.252253 -11.981933 7.141450 128 128 128
9.127792 -11.787578 5.699370 128 128 128
5.129119 -7.508249 2.453759 178 34 34
9.629213 -8.924026 3.879713 128 128 128
6.754385 -7.092256 1.211156 128 128 128
5.166779 -7.657682 6.299645 128 128 128
6.785264 -11.934580 8.801649 128 128 128
9.511372 -13.296207 7.350205 128 128 128
8.902778 -8.401632 4.652204 128 128 128
8.399924 -12.491228 4.937011 128 128 128
6.257986 -12.997936 0.848468 128 128 128
6.847984 -9.346841 4.117805 128 128 128
9.171308 -9.550102 2.336084 128 128 128
5.577225 -14.199409 2.877958 128 128 128
6.371391 -9.174488 0.288051 178 34 34
8.779666 -11.297073 8.606063 128 128 128
5.583491 -10.670256 7.958832 178 34 34
6.511686 -7.519536 0.992208 128 128 128
5.834554 -8.132101 5.987689 128 128 128
5.268585 -8.588686 1.240505 128 128 128
9.095452 -10.582390 5.505501 128 128 128
5.505785 -8.232694 6.090342 128 128 128
8.970392 -9.628552 6.281700 128 128 128
9.632114 -11.465811 2.634156 128 128 128
8.232485 -6.913714 7.418785 128 128 128
7.272072 -12.419059 4.800670 128 128 128
8.491091 -9.883635 7.700436 178 34 34
5.491883 -10.666124 2.883323 128 128 128
8.677915 -8.766649 4.943627 128 128 128
9.285912 -14.054100 5.442841 178 34 34
5.320180 -11.225122 4.074964 128 128 128
6.042092 -12.118946 6.047105 128 128 128
9.474934 -9.618078 8.097000 178 34 34
5.792302 -11.016599 1.047780 128 128 128
6.553846 -11.905105 3.030662 128 128 128
5.391834 -7.339362 4.820396 128 128 128
8.467084 -7.282658 2.719795 128 128 128
5.262031 -9.164648 2.995676 128 128 128
6.903807 -9.131270 0.814554 178 34 34
8.195834 -9.436329 2.723039 128 128 128
8.165404 -8.389136 6.325213 128 128 128
5.850961 -12.902899 5.046839 128 128 128
6.775435 -11.849825 1.370073 128 128 128
6.116656 -11.629548 0.873560 178 34 34
9.612350 -14.112354 5.522615 128 128 128
9.171085 -9.532572 5.660536 178 34 34
8.460121 -11.650559 8.943202 128 128 128
7.571351 -7.579914 3.281111 128 128 128
7.375264 -12.752349 7.107792 178 34 34
6.289632 -11.539957 6.605905 128 128 128
7.303896 -13.385997 0.754565 128 128 128
8.244967 -12.524973 7.149590 128 128 128
8.316417 -10.757160 4.038986 128 128 128
8.438211 -13.361949 2.119092 128 128 128
7.567593 -10.160346 4.792577 178 34 34
7.940369 -8.638435 4.862402 128 128 128
5.715616 -13.410064 7.586123 178 34 34
8.155249 -8.876552 4.670505 128 128 128
5.613092 -11.192739 2.895620 128 128 128
8.397288 -7.392807 3.354215 128 128 128
9.484311 -11.499983 5.383938 128 128 128
6.197903 -9.762117 8.591210 128 128 128
7.593697 -13.500275 7.889694 128 128 128
9.106412 -11.003691 4.939655 178 34 34
9.656305 -9.881764 8.562149 128 128 128
7.832021 -12.359192 1.559683 128 128 128
7.272516 -10.608655 6.534640 178 34 34
7.992441 -13.964160 7.531472 128 128 128
6.811470 -11.204033 0.853839 128 128 128
9.261456 -12.436952 0.711797 128 128 128
6.314905 -13.342108 2.159860 128 128 128
9.376387 -10.733318 5.139965 128 128 128
7.726177 -11.309136 6.221725 178 34 34
7.199547 -10.302478 8.639714 128 128 128
7.951910 -7.445133 2.453132 178 34 34
5.798039 -11.178776 2.018484 178 34 34
7.132844 -12.677418 5.281007 128 128 128
5.500016 -13.384678 2.468793 128 128 128
9.773727 -13.801506 0.061827 128 128 128
9.691418 -9.073503 7.864465 178 34 34
5.140347 -11.742343 6.544375 178 34 34
7.805002 -9.769966 2.484483 178 34 34
5.486739 -7.736404 0.793628 178 34 34
5.544880 -11.922710 0.848920 178 34 34
5.931567 -11.310733 0.399123 178 34 34
5.941023 -13.402775 5.518979 178 34 34
5.568373 -12.819116 0.664706 178 34 34
5.656684 -11.681635 0.663342 128 128 128
5.738237 -10.299026 0.839906 128 128 128
8.656404 -8.756780 1.428120 128 128 128
5.405053 -8.140941 5.083923 128 128 128
8.521190 -14.070290 7.579066 178 34 34
9.815953 -10.922027 4.850559 128 128 128
5.488449 -12.583002 2.180755 128 128 128
9.622052 -10.626624 4.899621 128 128 128
9.621187 -12.031773 7.364223 128 128 128
5.289271 -12.001016 4.413793 128 128 128
7.002062 -12.191693 7.297899 128 128 128
5.757910 -8.538375 4.392030 128 128 128
8.167862 -13.755629 4.271590 178 34 34
5.389071 -11.155139 2.525492 128 128 128
8.395986 -8.322386 0.931916 178 34 34
9.572771 -13.820354 2.372885 128 128 128
7.472199 -12.356447 8.096955 178 34 34
8.509895 -12.355455 0.069503 128 128 128
8.515998 -11.536069 4.624682 178 34 34
7.473623 -10.889947 1.341466 128 128 128
9.600751 -12.571404 5.662609 178 34 34
6.552717 -9.383074 5.367607 178 34 34
5.139557 -11.683358 8.786613 128 128 128
9.129687 -7.601218 8.043871 128 128 128
5.573720 -11.033547 2.617777 128 128 128
6.801761 -7.702344 7.002342 178 34 34
8.426153 -11.731596 6.209005 128 128 128
9.254543 -12.944288 5.540302 178 34 34
5.323064 -8.020972 4.707476 178 34 34
5.566043 -7.666696 1.108839 178 34 34
6.160147 -7.468101 5.082159 128 128 128
8.326195 -8.174215 7.355497 178 34 34
5.331205 -10.068940 7.208133 178 34 34
5.184905 -8.400263 2.061021 128 128 128
6.556359 -8.662434 3.163844 128 128 128
5.159779 -14.218493 1.469859 178 34 34
8.180395 -9.126360 4.061986 178 34 34
5.726373 -12.648991 6.587631 128 128 128
9.065380 -12.235006 4.828780 128 128 128
8.328697 -11.585008 8.648598 128 128 128
9.345043 -12.334756 1.848772 178 34 34
7.416641 -11.574154 3.258351 128 128 128
6.317645 -13.112366 4.102340 128 128 128
7.027642 -12.717030 8.031552 178 34 34
5.774633 -7.418461 6.402101 178 34 34
8.461389 -8.518676 0.070742 128 128 128
9.580461 -7.887943 0.743811 128 128 128
9.822387 -11.986726 7.967434 178 34 34
8.067069 -8.075642 0.844105 128 128 128
6.997204 -10.145303 3.862090 128 128 128
6.029240 -9.092329 5.991273 128 128 128
9.806959 -8.869259 0.978655 128 128 128
7.638353 -9.352232 1.580291 178 34 34
6.653300 -14.185835 3.759144 128 128 128
8.426231 -6.953339 3.362665 128 128 128
5.816082 -11.463642 8.476576 178 34 34
9.044610 -8.037158 8.684690 128 128 128
9.385874 -10.164018 1.593399 178 34 34
8.389802 -11.018813 1.294299 128 128 128
9.834816 -12.965529 8.363531 178 34 34
7.084427 -13.568984 1.087254 178 34 34
9.530660 -8.046856 1.213969 178 34 34
9.631177 -9.103855 7.929866 128 128 128
8.218426 -11.001528 8.456508 178 34 34
5.827908 -9.213215 8.906763 178 34 34
7.773069 -11.543732 7.665199 128 128 128
8.291008 -11.089409 2.151495 128 128 128
8.238784 -9.774058 6.243288 128 128 128
5.473688 -13.593514 5.432711 128 128 128
5.246013 -12.156987 3.722908 128 128 128
6.355855 -10.252913 8.386736 128 128 128
9.131430 -11.030812 2.973052 128 128 128
9.706839 -11.637150 5.797760 128 128 128
8.343490 -13.370251 6.859904 128 128 128
8.156803 -13.270080 3.290759 178 34 34
7.810256 -13.627038 2.827666 128 128 128
8.441804 -10.390047 5.647989 178 34 34
9.342739 -12.020506 6.605350 128 128 128
5.558119 -13.536803 6.819816 128 128 128
6.512181 -13.859658 5.385657 128 128 128
8.705660 -7.446777 7.799093 128 128 128
6.258802 -11.821332 1.471715 178 34 34
6.272969 -8.038960 5.836506 128 128 128
8.476832 -9.038847 3.709351 178 34 34
5.817748 -8.105393 3.164882 128 128 128
6.689419 -13.676968 7.019242 128 128 128
7.823398 -10.126609 3.514980 178 34 34
6.477107 -10.707928 4.098800 128 128 128
8.410918 -12.091978 2.653744 128 128 128
6.542627 -10.238555 0.518251 128 128 128
6.883779 -7.881537 8.838120 128 128 128
7.812990 -11.894112 6.113593 128 128 128
8.071285 -9.493701 8.669095 128 128 128
9.755145 -13.760744 4.643627 178 34 34
5.450500 -10.308233 0.228771 128 128 128
8.422605 -8.901536 3.880973 178 34 34
8.176231 -11.372894 7.683916 128 128 128
6.284969 -9.308161 4.236550 128 128 128
7.906895 -8.830622 2.943912 178 34 34
7.492071 -8.431899 1.322968 128 128 128
6.239014 -8.646062 5.893952 128 128 128
6.716853 -13.588331 6.491943 128 128 128
5.413119 -7.536853 1.333993 128 128 128
8.472751 -13.335534 1.078757 178 34 34
5.909813 -10.134564 5.753268 128 128 128
6.307998 -12.455976 8.144437 128 128 128
8.626726 -13.326022 3.556627 178 34 34
7.506450 -13.610247 3.037916 128 128 128
7.295110 -11.743382 0.208959 128 128 128
7.494525 -12.251947 2.379797 128 128 128
7.436638 -12.850285 6.089516 128 128 128
5.989695 -9.867731 0.217186 128 128 128
6.029730 -8.584675 5.163312 128 128 128
9.384054 -11.375293 2.509447 128 128 128
5.279699 -6.964580 0.661054 128 128 128
5.302059 -13.951494 4.654920 128 128 128
6.787365 -12.066116 0.763835 128 128 128
8.398465 -8.489009 1.999393 128 128 128
7.895979 -8.189972 1.606509 128 128 128
8.775881 -9.261048 4.660659 178 34 34
6.907767 -8.714579 4.675582 128 128 128
7.468083 -11.188849 0.227417 178 34 34
7.701995 -11.984111 7.466075 178 34 34
5.134267 -12.807174 3.828265 128 128 128
6.210671 -9.033147 6.893918 128 128 128
9.645621 -12.425529 3.120858 178 34 34
9.736502 -12.050903 3.559992 128 128 128
9.560322 -13.198433 0.445165 178 34 34
9.550953 -7.028392 6.157406 128 128 128
6.112949 -11.776939 7.455755 128 128 128
5.361104 -7.707053 5.048840 178 34 34
6.432277 -13.645838 5.547188 128 128 128
5.618539 -9.298594 8.579934 178 34 34
8.545029 -8.640717 3.556934 178 34 34
7.582227 -10.861465 6.912854 128 128 128
8.495864 -11.694518 4.097149 128 128 128
9.670435 -10.832166 0.766493 128 128 128
6.878775 -13.373719 4.095808 178 34 34
9.849143 -10.957441 0.432263 128 128 128
7.769429 -11.542437 7.491836 128 128 128
8.087904 -12.318091 2.786518 178 34 34
8.799089 -10.668107 8.927377 128 128 128
7.713973 -9.262382 3.936331 128 128 128
6.336986 -9.341814 8.660826 178 34 34
6.405526 -8.353666 6.998123 128 128 128
8.874124 -10.089096 8.134492 128 128 128
6.584956 -9.471791 5.051322 128 128 128
8.893527 -11.305519 5.716032 178 34 34
8.253896 -8.381854 7.361066 178 34 34
6.325174 -11.028903 4.590418 128 128 128
5.776995 -13.480823 3.644666 128 128 128
5.283183 -6.935932 7.931303 128 128 128
6.918229 -13.106240 3.181969 128 128 128
7.702790 -9.630868 6.636130 128 128 128
8.000850 -7.393963 4.396120 128 128 128
6.493432 -13.133610 8.435342 128 128 128
9.375509 -12.225559 6.063525 128 128 128
7.461620 -10.110468 3.437024 178 34 34
5.742457 -7.763085 5.321629 128 128 128
9.574224 -9.095998 6.170261 178 34 34
8.615115 -9.616473 0.403262 128 128 128
6.883311 -10.834122 4.480048 128 128 128
5.373632 -8.343655 0.238648 128 128 128
5.426017 -10.559884 3.278566 178 34 34
6.214228 -8.562665 4.586670 178 34 34
6.378817 -12.120251 8.458157 128 128 128
7.644819 -6.883424 7.568248 128 128 128
7.509049 -9.882570 6.257123 128 128 128
7.968220 -7.710945 4.930050 128 128 128
5.414207 -7.022866 6.190768 128 128 128
9.403017 -10.895862 6.915278 128 128 128
7.206293 -6.865681 4.914518 128 128 128
8.639942 -6.972094 6.670307 128 128 128
8.332636 -7.196795 3.977398 128 128 128
5.577467 -7.655822 5.833879 128 128 128
9.511372 -9.118591 0.852327 128 128 128
7.582676 -11.859711 6.016688 128 128 128
7.269360 -11.464013 5.841347 178 34 34
8.825675 -11.313194 4.763381 128 128 128
5.546127 -12.845420 2.511175 128 128 128
9.666887 -10.976471 1.563972 178 34 34
9.849136 -7.314176 1.105911 178 34 34
8.962314 -8.651765 7.850454 128 128 128
5.365071 -7.229650 7.790090 128 128 128
7.404189 -12.423058 3.696173 178 34 34
5.597520 -9.558845 0.727654 128 128 128
8.764932 -7.083805 3.497549 128 128 128
5.793958 -13.460073 4.360599 178 34 34
9.033891 -7.639993 1.646471 128 128 128
7.379788 -7.353292 7.566491 178 34 34
7.633600 -9.687701 0.930911 128 128 128
6.827844 -12.328393 3.057389 128 128 128
9.544629 -9.714654 1.785073 128 128 128
5.290376 -11.016636 0.125116 128 128 128
5.698300 -8.266102 6.878029 128 128 128
5.204742 -10.915891 6.797244 178 34 34
8.206768 -11.023574 3.040385 128 128 128
5.981138 -13.619313 3.883316 128 128 128
6.001172 -11.491932 1.967990 178 34 34
6.154087 -13.917015 2.535828 128 128 128
8.276660 -7.822867 6.709002 178 34 34
6.778254 -14.101491 3.353216 128 128 128
8.516417 -10.562967 0.565789 178 34 34
8.330159 -13.410332 1.265226 128 128 128
8.700991 -11.629540 7.696261 128 128 128
9.559465 -7.920849 0.014150 178 34 34
7.775818 -7.957629 2.285923 178 34 34
5.979051 -11.004257 6.627193 128 128 128
8.850505 -9.637648 8.386794 128 128 128
6.169259 -13.392844 5.261528 178 34 34
8.673515 -10.295933 0.925187 128 128 128
9.382553 -12.350493 3.294091 128 128 128
6.592659 -12.162452 1.632982 128 128 128
8.396668 -11.858782 1.440111 128 128 128
8.594166 -11.045469 5.791913 128 128 128
9.430621 -6.982517 5.957427 128 128 128
5.860380 -12.573142 5.442803 128 128 128
7.775097 -7.048976 8.611122 128 128 128
8.063673 -13.943195 7.260766 128 128 128
6.700072 -9.265538 0.971478 128 128 128
5.852259 -7.847541 0.498822 128 128 128
9.355785 -7.577734 1.933206 128 128 128
8.786357 -8.536494 3.384572 178 34 34
7.940139 -7.601328 2.397372 128 128 128
7.703541 -8.802957 0.002800 178 34 34
7.751981 -11.809802 3.874248 128 128 128
9.600677 -10.412465 8.423977 128 128 128
5.806575 -9.374493 2.262409 178 34 34
8.730201 -8.416236 6.197927 128 128 128
9.273282 -12.508359 0.421515 128 128 128
8.504066 -8.766973 3.216410 128 128 128
7.087600 -10.998886 2.743673 178 34 34
8.805913 -11.522818 0.568971 178 34 34
7.498390 -11.101727 3.554472 128 128 128
8.253304 -13.055796 6.680258 128 128 128
5.853538 -12.026924 4.330068 128 128 128
8.962848 -12.233288 2.935193 128 128 128
7.455880 -7.112192 6.288222 128 128 128
9.272614 -12.883107 2.973417 128 128 128
5.482612 -9.974737 7.493515 128 128 128
8.433515 -11.117760 6.727967 178 34 34
8.187136 -10.368223 5.990317 128 128 128
9.805672 -12.862012 5.064115 178 34 34
5.172008 -13.245616 7.323123 128 128 128
5.789284 -8.498723 7.837869 178 34 34
8.047370 -9.785039 7.727760 178 34 34
7.280809 -7.393029 2.856701 128 128 128
9.175800 -7.504855 4.267255 128 128 128
5.581125 -12.735770 6.816661 128 128 128
8.448114 -12.644797 7.534028 128 128 128
7.519590 -7.179769 1.761048 128 128 128
8.491872 -9.914069 2.930356 178 34 34
5.582981 -7.320267 7.305657 178 34 34
9.711473 -11.774940 1.367885 128 128 128
6.858396 -13.844265 6.370994 128 128 128
5.702417 -12.454332 1.992849 128 128 128
9.489396 -13.338007 1.745590 178 34 34
5.089654 -8.004688 2.651008 128 128 128
7.719826 -8.258674 8.317354 128 128 128
9.201746 -12.274365 6.269391 128 128 128
5.691731 -7.780574 3.080609 128 128 128
5.287821 -12.958805 8.039307 128 128 128
6.891730 -13.136436 7.737166 128 128 128
5.976272 -9.996516 8.937826 178 34 34
9.851420 -12.384167 8.527368 178 34 34
6.186919 -13.277256 3.538205 128 128 128
9.783753 -11.362115 7.164796 128 128 128
7.484634 -8.333978 2.461408 128 128 128
7.551350 -13.356974 5.524741 128 128 128
6.941905 -8.296797 5.784851 128 128 128
5.252697 -7.044318 5.020339 178 34 34
5.988018 -8.355919 6.310165 128 128 128
8.898833 -12.592237 8.167604 178 34 34
9.376954 -8.252518 0.594296 128 128 128
8.192815 -13.805140 2.622260 178 34 34
7.446072 -13.376247 2.219430 128 128 128
8.536733 -9.809873 8.437919 178 34 34
5.758564 -7.689638 6.736876 178 34 34
5.327793 -8.201346 2.996055 178 34 34
8.235196 -7.421231 7.792623 128 128 128
6.791982 -12.417215 0.339717 178 34 34
5.861934 -13.718527 6.874413 128 128 128
8.662027 -9.933694 6.572011 178 34 34
8.679161 -13.826576 8.397974 128 128 128
7.364768 -11.637900 2.601644 178 34 34
5.156962 -8.018973 8.917392 128 128 128
9.502837 -9.151609 3.427358 178 34 34
6.942042 -11.874897 8.119499 128 128 128
5.786591 -7.437271 6.210180 128 128 128
9.408647 -11.713066 2.775504 178 34 34
7.393468 -10.788679 0.023259 128 128 128
6.548825 -14.038672 5.984183 128 128 128
8.920643 -8.770308 7.845789 178 34 34
5.294179 -6.932916 1.407979 178 34 34
5.681943 -10.917674 7.644700 128 128 128
6.709439 -14.065983 0.069477 128 128 128
6.166017 -12.962341 0.061701 128 128 128
9.831377 -11.962723 2.753895 178 34 34
6.418990 -12.476445 2.337466 128 128 128
8.975251 -9.412479 8.545684 178 34 34
5.817013 -13.423067 4.927892 128 128 128
9.368410 -14.175580 4.667109 178 34 34
7.866039 -9.670780 4.599363 178 34 34
7.411994 -7.817192 3.314193 178 34 34
5.405968 -8.536148 8.710623 178 34 34
7.309730 -9.719597 4.525889 128 128 128
5.716570 -12.721067 6.785497 128 128 128
7.302203 -13.931335 2.260657 128 128 128
6.209859 -6.917897 7.958696 128 128 128
9.143985 -7.344354 0.582855 128 128 128
5.400879 -8.267081 7.898638 128 128 128
7.797887 -14.020065 5.459253 128 128 128
6.767850 -9.668444 6.265516 128 128 128
6.567673 -9.552061 4.154475 178 34 34
7.903732 -11.494947 1.340758 128 128 128
5.807180 -8.616668 7.755645 128 128 128
8.078953 -11.246755 4.180891 128 128 128
5.414300 -7.866717 6.587261 178 34 34
6.149503 -10.354498 7.974229 128 128 128
6.121077 -12.991668 1.228874 178 34 34
9.599851 -7.383859 4.952913 128 128 128
7.930728 -8.689422 8.774148 128 128 128
7.509302 -12.314699 0.936231 128 128 128
7.482935 -11.921289 7.267742 128 128 128
9.474799 -8.864277 8.396718 178 34 34
7.160588 -13.187988 5.036784 178 34 34
7.679873 -9.038348 8.427099 128 128 128
5.702770 -10.487532 6.147020 128 128 128
7.874700 -7.687514 6.550148 128 128 128
5.199291 -8.226400 5.649143 128 128 128
5.896765 -8.581118 4.336594 128 128 128
6.402484 -9.203772 7.907319 178 34 34
7.924078 -13.351928 6.050093 128 128 128
8.197476 -13.921253 3.327904 128 128 128
9.273637 -12.407377 7.336002 178 34 34
5.209821 -8.327340 0.670616 128 128 128
7.883020 -9.382678 1.265377 128 128 128
5.440715 -12.347136 6.766160 128 128 128
7.447537 -11.837057 8.109726 178 34 34
7.957375 -11.937188 6.767382 128 128 128
5.359462 -13.474611 8.905324 128 128 128
5.594850 -10.428933 4.587932 128 128 128
6.261999 -12.689140 4.867264 128 128 128
7.761742 -11.519817 8.768302 178 34 34
9.481064 -12.001574 1.881468 128 128 128
7.563249 -13.006370 7.250723 128 128 128
6.808036 -13.857288 5.710837 178 34 34
9.600658 -10.777466 0.155938 178 34 34
8.222168 -10.832476 6.513666 178 34 34
8.206896 -12.036523 3.435469 128 128 128
5.560421 -8.602395 8.404575 128 128 128
5.098584 -12.348756 0.607216 128 128 128
8.188905 -7.430498 4.628233 128 128 128
8.080322 -10.298230 4.935370 128 128 128
8.084227 -7.532546 5.784640 128 128 128
8.726862 -9.869563 1.736400 128 128 128
6.291057 -12.178584 1.615991 178 34 34
5.520785 -13.463362 4.654192 128 128 128
8.630182 -7.685252 8.589205 128 128 128
7.601519 -14.073905 0.172155 128 128 128
5.276247 -13.510564 7.560570 128 128 128
8.370963 -12.418880 5.501426 178 34 34
7.071584 -7.566800 2.804954 128 128 128
6.907167 -12.053281 5.194350 128 128 128
6.050178 -9.256305 6.572108 178 34 34
5.832486 -7.064916 8.422410 128 128 128
8.023558 -9.322785 0.039162 128 128 128
5.360293 -7.370313 6.868777 178 34 34
7.604429 -12.571350 4.376533 128 128 128
8.728282 -8.555217 1.704054 128 128 128
7.095798 -8.624301 5.939642 128 128 128
8.165368 -13.551805 1.294447 128 128 128
7.091098 -10.477270 5.762210 178 34 34
8.135547 -9.328803 6.228505 128 128 128
6.747274 -11.869787 4.483360 178 34 34
8.084243 -7.336942 2.695215 128 128 128
5.810359 -13.041473 0.280700 178 34 34
9.658130 -9.919452 8.790154 178 34 34
5.250680 -7.168283 6.285032 128 128 128
7.639496 -11.635941 4.550687 128 128 128
6.997159 -11.156302 6.240579 128 128 128
6.311825 -9.627182 1.232210 128 128 128
6.981869 -8.424014 0.749184 128 128 128
8.932702 -7.042903 3.740773 128 128 128
7.550919 -8.010578 6.883309 128 128 128
7.464510 -8.330865 3.900885 128 128 128
8.617577 -8.427906 2.715012 178 34 34
9.342495 -13.442966 4.383348 178 34 34
6.725751 -11.956146 0.269245 178 34 34
8.350899 -9.755045 5.611256 178 34 34
6.193759 -13.013164 3.764815 128 128 128
6.703175 -12.772205 7.297054 128 128 128
6.768330 -9.543786 8.855369 128 128 128
9.335348 -9.835396 4.902412 128 128 128
8.015092 -7.566487 8.038015 128 128 128
5.168607 -14.046525 4.927503 128 128 128
5.576519 -10.004986 5.148370 178 34 34
7.206383 -13.935201 1.227517 128 128 128
5.207869 -9.753729 6.494710 128 128 128
7.286419 -7.796760 6.364840 128 128 128
7.927029 -12.363194 0.865208 128 128 128
9.025190 -12.397433 3.229900 128 128 128
6.084990 -8.095978 3.167234 128 128 128
6.326236 -14.171742 3.110170 128 128 128
7.600398 -12.497737 7.252944 178 34 34
8.922126 -11.288629 3.164861 178 34 34
6.989336 -9.986001 6.621345 128 128 128
7.181738 -13.274649 6.572381 178 34 34
5.564898 -8.646780 5.140156 128 128 128
5.604367 -9.967795 1.080734 128 128 128
8.862206 -13.979577 3.452949 128 128 128
5.189609 -7.991295 8.743752 128 128 128
8.432855 -7.175857 4.941175 128 128 128
5.560216 -8.994777 0.703536 128 128 128
8.779794 -9.714103 8.106212 128 128 128
7.288401 -10.806010 6.173043 128 128 128
8.366302 -10.548227 6.712995 178 34 34
7.033332 -8.989856 0.803959 128 128 128
6.077825 -9.796415 6.912282 128 128 128
5.619662 -12.297736 0.102059 128 128 128
6.400418 -9.786281 6.469286 128 128 128
7.321405 -7.310379 5.663986 128 128 128
8.384065 -10.640243 2.199945 178 34 34
9.770287 -9.838180 1.408347 128 128 128
7.763861 -10.012029 4.667249 128 128 128
5.085840 -11.619756 4.765311 128 128 128
7.711992 -13.124193 2.304858 128 128 128
5.946553 -7.313316 1.399585 128 128 128
6.818453 -9.023403 8.868018 178 34 34
6.592433 -10.315340 2.946873 128 128 128
5.282975 -12.355612 8.553715 178 34 34
9.003577 -13.629067 7.925820 178 34 34
7.588399 -11.593896 0.128586 128 128 128
7.108259 -13.480072 5.968990 128 128 128
6.463692 -9.350223 0.307384 128 128 128
9.431451 -13.730309 2.853033 128 128 128
6.744299 -8.540170 3.186898 178 34 34
8.538268 -9.241180 6.631775 128 128 128
6.674277 -11.197837 1.212791 178 34 34
8.337201 -13.706456 8.937848 128 128 128
8.999786 -8.919170 5.678526 128 128 128
7.932158 -12.413074 2.387966 128 128 128
8.401284 -12.796964 4.589356 178 34 34
5.907439 -13.267612 8.242093 128 128 128
5.518571 -12.517793 5.053669 178 34 34
8.029070 -9.513334 2.962502 128 128 128
7.147139 -13.587445 8.195418 128 128 128
8.731744 -9.047055 5.015922 128 128 128
5.621942 -9.766675 3.039491 178 34 34
9.322490 -14.014452 8.579952 128 128 128
6.727604 -10.389078 5.920611 178 34 34
7.406399 -9.244957 8.414715 128 128 128
7.208783 -13.757218 7.660274 128 128 128
5.329343 -10.160476 7.047920 128 128 128
6.833205 -6.887505 6.722142 128 128 128
9.687880 -12.173688 4.821921 128 128 128
9.132987 -12.218155 5.521172 128 128 128
6.129358 -12.358704 4.209455 128 128 128
8.399948 -7.507264 0.922859 128 128 128
8.178179 -12.332660 8.125891 128 128 128
8.181044 -10.045912 1.624356 128 128 128
6.889886 -13.753657 7.506996 128 128 128
9.534962 -13.730707 2.028423 128 128 128
7.860434 -12.811169 3.455742 128 128 128
8.056036 -10.318729 8.840943 128 128 128
7.919089 -11.191757 8.195376 128 128 128
9.310656 -6.874758 5.066868 178 34 34
6.032953 -13.167519 7.769191 178 34 34
5.439939 -8.881348 4.870233 128 128 128
9.435173 -13.325029 7.847082 128 128 128
5.332957 -7.462406 7.252222 128 128 128
6.189995 -13.320521 8.691558 128 128 128
5.423957 -7.544692 2.296311 128 128 128
9.343631 -13.730939 8.350566 178 34 34
7.965329 -11.943407 0.287394 178 34 34
5.773456 -12.520429 4.638596 128 128 128
6.071344 -13.055875 5.723791 128 128 128
9.387686 -12.555618 0.793487 178 34 34
5.927307 -8.851036 3.375567 128 128 128
7.541506 -13.643906 0.155575 128 128 128
6.020018 -9.884291 2.160951 128 128 128
5.153622 -11.483805 0.155643 178 34 34
8.595615 -11.684983 7.430505 128 128 128
8.252697 -14.138165 4.405934 128 128 128
8.879633 -7.472579 8.006304 178 34 34
7.967640 -10.875231 0.257105 128 128 128
6.459925 -13.624926 4.795692 178 34 34
9.411179 -11.794967 7.320693 128 128 128
9.787011 -9.731290 2.264867 128 128 128
9.536876 -9.325715 3.929778 128 128 128
5.316589 -8.997493 5.980411 128 128 128
5.191742 -7.343842 4.876515 178 34 34
8.111219 -13.879780 6.485840 178 34 34
9.807926 -13.205954 2.675958 178 34 34
7.742106 -12.175704 8.793659 128 128 128
6.580031 -8.257533 0.601745 178 34 34
6.398534 -9.470732 3.292207 128 128 128
8.541753 -10.138758 5.834001 128 128 128
9.612257 -7.301918 7.410268 128 128 128
8.674336 -14.076201 0.762287 128 128 128
8.448805 -11.093829 6.951923 128 128 128
5.511386 -7.683935 5.196225 178 34 34
7.405582 -10.567077 5.053638 128 128 128
7.308334 -12.213946 6.040936 128 128 128
8.879830 -7.110254 3.241820 128 128 128
8.665501 -8.518992 8.773551 128 128 128
6.818532 -7.442183 1.004209 128 128 128
8.180831 -13.643416 4.773078 128 128 128
5.275310 -8.919731 5.104353 128 128 128
7.887824 -8.250999 6.217650 178 34 34
6.522787 -13.042424 7.997913 128 128 128
8.430958 -10.006395 5.184061 128 128 128
6.344986 -7.553619 2.631750 178 34 34
8.384823 -9.190436 0.371034 128 128 128
7.106770 -10.102902 6.742863 128 128 128
9.648693 -12.238806 8.975004 178 34 34
7.868513 -13.129648 7.454356 178 34 34
7.712848 -7.639876 4.933157 178 34 34
5.663908 -9.735166 3.858710 128 128 128
8.345071 -8.103528 3.429649 128 128 128
8.151785 -13.835365 1.047649 128 128 128
6.770506 -10.978276 0.837608 128 128 128
6.814664 -10.252072 1.902237 178 34 34
7.805712 -8.684711 0.279571 178 34 34
8.135820 -10.171525 3.427538 178 34 34
7.145053 -10.329532 6.901852 128 128 128
9.308926 -9.613221 6.624414 128 128 128
6.739336 -11.378037 6.302386 128 128 128
7.671126 -11.466907 2.149491 178 34 34
7.895785 -7.173993 7.234236 128 128 128
8.418458 -14.176116 0.914624 178 34 34
8.205671 -7.134747 0.410890 128 128 128
9.172335 -10.679343 0.930436 128 128 128
6.749939 -7.509454 8.630339 178 34 34
5.254129 -9.771329 7.986831 128 128 128
5.110805 -13.649748 0.901342 128 128 128
9.716996 -8.272262 1.354552 178 34 34
8.098223 -12.222399 5.461840 178 34 34
7.744461 -7.282910 7.130838 178 34 34
7.471135 -9.760248 8.920184 128 128 128
5.967848 -11.263021 2.311139 178 34 34
9.671198 -9.765166 4.822858 128 128 128
9.515446 -11.222910 7.605808 128 128 128
8.343386 -10.997830 2.478102 128 128 128
5.997375 -13.860930 0.805372 128 128 128
6.610649 -13.436229 1.353506 128 128 128
9.042856 -12.147646 3.117384 128 128 128
5.095392 -9.107339 8.934056 178 34 34
5.350720 -11.720224 5.888462 128 128 128
8.455468 -8.162709 8.054373 128 128 128
7.857246 -13.952081 4.915035 128 128 128
6.748732 -12.944121 3.306312 178 34 34
8.461548 -8.535623 8.454688 128 128 128
7.117156 -10.387144 6.529382 128 128 128
6.214972 -12.835540 2.445079 128 128 128
7.254813 -8.107879 7.537076 128 128 128
7.947328 -13.077718 0.018898 128 128 128
8.972126 -7.002365 7.255903 178 34 34
9.217402 -13.776182 2.127442 128 128 128
8.068258 -13.892933 3.069925 128 128 128
7.890156 -7.214665 0.549844 178 34 34
7.261274 -12.664943 4.001841 128 128 128
6.696466 -9.321160 8.608909 178 34 34
8.480091 -12.898546 4.346249 128 128 128
8.616872 -12.983785 4.595282 178 34 34
8.382594 -9.800004 5.498330 178 34 34
8.162432 -12.315982 8.255830 128 128 128
9.167270 -10.401168 0.991353 128 128 128
5.877612 -7.831248 8.425449 128 128 128
7.684233 -12.947275 7.109940 128 128 128
8.058523 -10.447547 8.366675 128 128 128
7.131935 -12.375345 6.482207 178 34 34
9.389260 -10.973268 1.216229 178 34 34
8.580006 -12.120743 2.118386 128 128 128
9.367587 -10.469045 2.224410 128 128 128
6.545064 -7.494420 8.855479 128 128 128
7.014562 -12.122575 0.691013 178 34 34
5.476542 -8.591523 6.446800 128 128 128
7.265825 -10.425702 6.714278 128 128 128
6.117723 -7.660139 3.300878 178 34 34
9.439220 -10.254459 0.681660 128 128 128
9.497451 -13.069505 1.531453 178 34 34
8.455257 -8.563153 8.529610 128 128 128
6.711227 -10.375489 0.659550 128 128 128
5.265722 -8.386635 0.213942 178 34 34
9.334999 -12.496430 0.662577 128 128 128
6.109359 -8.215871 3.506351 178 34 34
6.452252 -12.650191 5.055446 128 128 128
7.074608 -8.320847 5.325401 178 34 34
6.730673 -9.389377 3.284812 178 34 34
5.427537 -13.575895 3.897802 178 34 34
8.659895 -10.080837 2.347882 178 34 34
5.166805 -8.706764 7.365085 128 128 128
7.352537 -9.379145 6.796623 178 34 34
5.805772 -6.948689 7.621556 178 34 34
9.210824 -8.477513 0.563027 128 128 128
6.589085 -8.092070 8.012522 128 128 128
8.007034 -9.499664 8.590164 128 128 128
7.396625 -13.473919 1.534273 178 34 34
8.539068 -8.209361 4.530959 128 128 128
9.524253 -14.198718 4.283751 178 34 34
9.384665 -9.643955 5.606393 128 128 128
7.332216 -9.438670 1.356119 178 34 34
9.780626 -9.113948 4.192953 128 128 128
8.733608 -9.274273 0.140382 128 128 128
9.573914 -13.026042 2.076330 128 128 128
8.921018 -11.460735 3.903650 128 128 128
8.697998 -7.615367 2.494114 128 128 128
9.676532 -9.946887 4.430939 128 128 128
7.072255 -10.981994 7.111069 128 128 128
8.969713 -9.575338 4.013810 178 34 34
6.399021 -13.546060 1.898037 128 128 128
5.399954 -12.951247 1.100171 128 128 128
9.728431 -8.965079 3.211287 128 128 128
8.232998 -10.538576 0.913089 128 128 128
6.780466 -8.245045 8.120159 128 128 128
6.169788 -8.611441 0.500716 128 128 128
8.954868 -11.189932 7.784489 128 128 128
7.947232 -13.354931 7.747120 128 128 128
8.788174 -10.291657 8.547387 178 34 34
5.382331 -13.623183 3.055663 128 128 128
5.361822 -9.826204 2.243463 128 128 128
6.882863 -9.798443 6.221557 178 34 34
7.538274 -11.668170 0.540908 128 128 128
9.394883 -9.971923 8.117817 128 128 128
9.187844 -8.262174 8.873220 128 128 128
8.639524 -10.522060 5.335090 128 128 128
6.792881 -12.334091 5.888526 178 34 34
9.193521 -11.868420 8.464223 128 128 128
8.669449 -7.677345 1.942218 128 128 128
7.714633 -8.129526 7.766260 178 34 34
9.250639 -9.976743 4.188437 178 34 34
7.175937 -11.927879 8.506743 128 128 128
5.718873 -7.186593 2.406956 178 34 34
7.945741 -13.635147 3.933281 178 34 34
9.643526 -9.189817 7.527226 128 128 128
6.300510 -11.130075 1.893766 128 128 128
5.842332 -14.213874 4.544944 128 128 128
7.238336 -11.893361 5.547040 178 34 34
6.411980 -10.208072 0.323346 128 128 128
9.152306 -10.122398 2.763336 128 128 128
5.203327 -11.024919 5.507565 128 128 128
8.625716 -7.652715 2.822372 178 34 34
9.753832 -11.989309 2.734008 128 128 128
5.433113 -13.613033 5.677904 178 34 34
8.193021 -6.942195 6.208265 178 34 34
6.840212 -8.467945 5.543540 128 128 128
8.190707 -13.602334 6.921153 128 128 128
8.713398 -9.714633 5.417479 128 128 128
7.993602 -9.147722 3.842260 128 128 128
6.902792 -13.006972 0.554311 178 34 34
6.651879 -10.161575 2.527322 178 34 34
6.677595 -13.188630 5.091933 178 34 34
6.273181 -7.748212 2.729878 128 128 128
6.373484 -12.687023 5.911561 128 128 128
8.455838 -7.515679 6.945117 128 128 128
7.088658 -8.033874 2.520961 128 128 128
9.128563 -11.844350 8.759930 128 128 128
7.719210 -13.768372 1.770827 178 34 34
8.033863 -14.215599 1.754742 178 34 34
9.320879 -12.095486 0.335383 128 128 128
6.551857 -11.322130 4.378671 178 34 34
5.483639 -8.056833 6.109196 178 34 34
9.585616 -9.077301 2.225577 128 128 128
6.888889 -9.790262 5.551387 128 128 128
9.471294 -11.443644 1.155490 178 34 34
7.460472 -12.503221 3.877120 178 34 34
6.826540 -13.325932 4.462290 178 34 34
7.489236 -13.588145 2.349439 178 34 34
8.285874 -13.698772 1.761489 128 128 128
6.225474 -13.653546 2.469676 128 128 128
8.747877 -9.176683 5.039224 128 128 128
9.142084 -13.817876 4.158900 128 128 128
9.637887 -11.387183 7.829903 128 128 128
5.757605 -11.216784 4.526438 178 34 34
7.491438 -10.450506 4.617984 128 128 128
9.602960 -7.954197 0.392845 128 128 128
8.827568 -13.670963 1.674824 178 34 34
8.379396 -9.518365 5.449624 128 128 128
6.350832 -11.311071 1.481472 128 128 128
6.483466 -7.249445 1.055158 128 128 128
8.028956 -7.802968 0.500700 128 128 128
5.229329 -13.537893 1.947258 178 34 34
9.099047 -11.746568 6.373035 128 128 128
8.531711 -11.939741 4.275581 128 128 128
5.621664 -14.061979 7.396740 178 34 34
8.289802 -7.715766 0.042969 178 34 34
7.765992 -12.209929 1.557030 178 34 34
5.422771 -11.391394 0.393925 178 34 34
9.825319 -9.240110 4.845323 128 128 128
8.512913 -7.251103 5.752320 128 128 128
8.276101 -11.509540 1.731126 128 128 128
7.006793 -9.023713 1.732592 178 34 34
6.258045 -7.069903 0.262467 128 128 128
9.666365 -12.247465 0.339972 178 34 34
6.382830 -12.470338 4.721031 128 128 128
8.875081 -8.396891 5.936322 128 128 128
5.817994 -11.700458 0.245271 178 34 34
7.058114 -8.916941 0.306866 128 128 128
6.988437 -8.183561 4.025575 128 128 128
9.204845 -10.635405 0.579788 128 128 128
7.649076 -13.845214 2.211247 178 34 34
9.772103 -10.361536 7.691332 128 128 128
8.463792 -9.674014 4.130126 128 128 128
9.484349 -8.631863 5.082012 178 34 34
9.092133 -13.791967 3.061422 128 128 128
8.295189 -8.294540 7.760975 128 128 128
7.658265 -12.333612 8.939175 128 128 128
7.590482 -9.796763 1.654906 128 128 128
7.938731 -10.571183 4.787389 128 128 128
8.208237 -7.211373 6.792220 128 128 128
8.359236 -13.733198 4.376114 178 34 34
8.466704 -8.656544 8.954737 128 128 128
7.770793 -10.440309 8.621309 128 128 128
7.999945 -7.879745 0.268708 128 128 128
5.987355 -7.558490 2.658536 128 128 128
9.168700 -7.003656 6.919637 128 128 128
5.595318 -8.570797 7.312995 128 128 128
8.105132 -10.362077 4.750024 128 128 128
9.000441 -9.784664 6.396713 178 34 34
6.313904 -8.744933 2.592697 128 128 128
6.255798 -9.115546 0.893700 128 128 128
6.262860 -10.326563 5.480890 178 34 34
8.732530 -9.312606 0.011237 128 128 128
7.538385 -13.842198 5.711183 178 34 34
5.371979 -7.537439 8.762153 128 128 128
6.139982 -10.960753 3.390824 178 34 34
7.712696 -13.403200 6.263198 178 34 34
9.604044 -13.002648 8.305340 178 34 34
8.554047 -8.740977 6.287543 128 128 128
6.065756 -9.820156 6.909933 178 34 34
8.294792 -8.704873 8.663633 128 128 128
