ply
format ascii 1.0
element vertex 15000
property float x
property float y
property float z
property uchar red
property uchar green
property uchar blue
end_header
20.062084 4.412100 0.161023 139 69 19
-24.159882 -23.612749 -0.398622 139 69 19
17.122173 -18.894177 -0.162743 34 139 34
0.116346 -22.092311 0.310130 34 139 34
2.573873 11.663864 0.078519 34 139 34
-5.860632 -8.723170 -0.458228 139 69 19
11.644869 -16.898263 0.361263 139 69 19
-21.427189 -5.602562 -0.280102 139 69 19
14.679408 -13.324228 -0.516076 34 139 34
11.561608 -4.790181 0.191726 139 69 19
15.452390 4.664691 -1.012535 34 139 34
-12.520569 -18.421922 0.350037 139 69 19
-11.346358 20.095604 -0.537353 34 139 34
13.997634 -23.923510 -0.137009 34 139 34
-5.224849 3.302380 0.824248 34 139 34
23.482657 12.759836 0.114103 139 69 19
21.562918 -23.468101 0.137808 139 69 19
21.394218 -4.399514 -0.038206 34 139 34
-15.999412 12.381149 -0.471489 139 69 19
-12.837699 -7.116689 -0.603814 139 69 19
-13.055583 -7.548697 0.299248 34 139 34
-10.219464 13.339844 1.147415 34 139 34
-4.308857 16.155504 0.338249 34 139 34
17.121181 -18.075897 -0.027306 34 139 34
-1.753161 3.003288 0.181678 34 139 34
22.516147 -16.787969 -0.174835 34 139 34
-15.522134 -3.977470 0.226996 34 139 34
-2.884893 -8.129495 -0.156237 139 69 19
14.049741 17.524310 0.025102 34 139 34
-16.349576 -3.093455 -0.169762 139 69 19
-20.021900 20.571253 -0.323225 139 69 19
7.397924 -24.842494 0.405340 34 139 34
-23.430056 -12.870851 0.522851 139 69 19
-5.020062 -24.175560 -0.201790 34 139 34
-0.696083 14.351391 0.215283 139 69 19
-8.454717 -12.580583 0.048809 34 139 34
17.100452 -17.213696 -0.923823 34 139 34
5.962746 11.193808 0.066377 139 69 19
-21.638690 23.964292 -0.231460 139 69 19
15.198987 14.694719 -0.564723 34 139 34
20.485653 -2.209201 0.282664 139 69 19
18.253314 -6.252673 1.032106 139 69 19
-1.785465 -11.909071 -0.505554 34 139 34
14.915715 -19.415959 -0.188861 139 69 19
-4.884123 -3.339414 0.460099 34 139 34
19.788129 -16.259654 0.687836 139 69 19
11.458882 9.110953 0.250907 139 69 19
3.300207 -20.786109 -0.473683 139 69 19
-8.709835 9.395971 -0.110424 139 69 19
-1.344266 8.445201 0.302891 139 69 19
-11.919455 13.582788 0.557060 139 69 19
24.078565 -10.605207 0.192767 139 69 19
3.495849 -13.833262 -0.418576 34 139 34
-1.506066 24.010307 -1.074056 34 139 34
-14.219367 21.068839 -0.312673 139 69 19
18.277727 1.003803 1.279467 34 139 34
-8.882367 -23.989066 -0.800407 34 139 34
17.569611 23.875976 0.043720 34 139 34
-15.593795 15.746277 -0.323914 139 69 19
2.047628 11.725657 0.227333 34 139 34
3.086147 21.666757 -0.423736 34 139 34
-14.713545 -10.930613 0.639851 34 139 34
-21.660531 13.545599 0.032152 139 69 19
6.512407 -4.642893 -0.013692 34 139 34
-13.692335 24.382421 -1.011295 34 139 34
2.298889 16.663399 -0.343089 139 69 19
13.302834 19.971812 -0.473664 34 139 34
24.875695 21.668915 -0.306376 139 69 19
15.607805 13.938536 -0.282471 34 139 34
10.030005 24.727513 0.000691 34 139 34
-2.909142 12.761534 0.463828 139 69 19
-4.992568 4.056103 -0.238240 139 69 19
-23.877663 -9.331757 -0.675101 34 139 34
-24.894210 20.973855 -0.251760 34 139 34
-19.474319 18.980725 -0.351045 139 69 19
-18.808901 4.319824 0.172920 34 139 34
-24.270409 -4.637207 -0.607852 34 139 34
-22.951340 19.748686 0.071471 34 139 34
-4.575909 -5.878581 -0.084692 34 139 34
3.066651 6.857542 0.672555 139 69 19
-8.875424 22.409565 0.065874 34 139 34
1.909787 -24.742011 -0.283064 34 139 34
24.049266 9.684376 -0.963471 34 139 34
-13.188734 7.833046 0.030840 34 139 34
-23.509776 -18.967611 0.171685 139 69 19
-23.590330 8.949383 0.522376 34 139 34
-23.358701 -8.196758 0.182639 139 69 19
1.785885 -9.538331 -0.978655 139 69 19
12.321803 -21.830841 0.551698 139 69 19
23.832617 16.055171 0.405476 139 69 19
-22.111141 -10.815978 -0.687424 139 69 19
-3.009608 23.960542 -0.261301 34 139 34
12.045784 -6.699996 0.840364 34 139 34
22.779013 23.922456 -0.622489 139 69 19
-17.718982 12.727103 -0.631758 34 139 34
6.764935 -6.573924 -0.360765 139 69 19
-16.865028 23.139595 0.556765 34 139 34
-10.583363 21.650316 -0.327826 139 69 19
-1.643542 18.019997 0.178264 34 139 34
-15.690688 -4.025549 -0.306377 34 139 34
-23.576913 -17.897769 0.754723 139 69 19
18.649073 15.233204 -0.103342 139 69 19
-13.713432 2.564526 0.026628 34 139 34
21.446598 -23.156902 0.181008 34 139 34
-20.616352 24.830500 -0.107815 139 69 19
18.978282 8.005793 0.318190 34 139 34
1.718823 -15.962374 -0.912458 34 139 34
19.952209 14.415072 0.320446 34 139 34
10.493128 -22.655043 0.050644 34 139 34
11.072360 -11.881168 -0.110985 34 139 34
-0.615169 16.662167 0.224596 139 69 19
23.143192 11.705945 -0.553344 139 69 19
-8.427948 15.019300 0.056681 34 139 34
2.194248 -13.468445 0.022909 34 139 34
-11.016801 -20.452866 0.448527 139 69 19
8.049089 8.422644 0.620707 139 69 19
-19.786870 -21.170427 -0.088429 34 139 34
10.117599 1.518234 -0.691108 139 69 19
10.724410 -19.205034 0.075707 139 69 19
16.802307 -7.114103 -0.748881 34 139 34
4.302446 4.816414 -0.546428 139 69 19
0.970342 -13.874663 -0.361597 139 69 19
-12.216321 -21.119422 0.304241 139 69 19
-6.660254 9.051470 0.460215 139 69 19
-22.049507 18.388510 1.217885 139 69 19
-9.932525 1.915209 1.163567 34 139 34
1.979012 6.783197 0.121452 139 69 19
-2.162141 -2.727546 -0.080832 34 139 34
-3.847806 23.276847 0.461459 139 69 19
11.935930 -17.865378 -0.246920 139 69 19
-8.897372 -15.036523 -0.886260 139 69 19
-0.425882 -9.843456 0.493268 139 69 19
15.241883 -1.211885 0.169056 34 139 34
3.605714 -17.531865 0.592540 139 69 19
-16.239189 -4.074673 0.807861 139 69 19
21.718423 -19.205985 0.059751 139 69 19
23.067770 -4.093132 0.062206 34 139 34
21.831513 -13.641735 0.453221 139 69 19
-8.029786 21.550742 0.187358 139 69 19
2.821067 21.883518 0.269006 34 139 34
-24.868505 -20.223139 1.018647 139 69 19
-13.092724 -10.373677 0.458889 139 69 19
-0.766663 23.762499 0.212429 139 69 19
-2.174107 9.296732 0.086684 34 139 34
11.470314 -18.189932 0.602779 139 69 19
24.032332 -13.690839 0.521130 34 139 34
-14.317903 6.771955 -0.176049 34 139 34
2.983942 8.977191 0.084791 139 69 19
10.957457 -1.726111 0.019165 34 139 34
-5.984382 1.730007 -0.364689 139 69 19
13.508441 -8.236679 0.134077 34 139 34
-11.720790 -4.325055 -0.069638 34 139 34
19.204197 12.753979 0.561571 34 139 34
15.207882 -22.355849 1.033510 139 69 19
7.922189 0.165909 0.113097 139 69 19
17.593884 -8.574618 0.090316 139 69 19
-3.215738 17.121042 -0.118441 139 69 19
1.162228 17.435677 -0.306280 139 69 19
10.953531 2.734160 -0.420949 34 139 34
-23.629253 9.816706 0.534437 34 139 34
-6.079926 15.458446 0.399797 139 69 19
-1.528153 -7.086580 0.226826 139 69 19
-14.406877 -0.448236 0.222035 34 139 34
-18.793144 1.495724 0.709415 139 69 19
-5.438126 -4.554244 -0.324395 34 139 34
-14.034283 8.150924 -0.168855 34 139 34
14.832778 17.743532 0.901973 34 139 34
-8.735608 9.048804 0.912896 34 139 34
-16.324366 19.584915 -0.321944 34 139 34
-0.647073 -13.867251 0.206578 34 139 34
2.556300 11.212131 1.053836 139 69 19
-10.925645 -24.522633 -0.584001 34 139 34
6.157493 -24.842359 0.079370 139 69 19
-22.843823 24.677060 -0.049596 139 69 19
18.537529 24.231756 -0.344492 139 69 19
-24.094158 14.622694 0.197302 139 69 19
13.090248 -16.215708 -0.923771 139 69 19
5.680548 -24.805647 -0.566908 34 139 34
19.075249 -16.448262 -0.597678 139 69 19
12.303356 -22.050951 -0.153181 139 69 19
16.214699 -14.105220 -1.163067 34 139 34
-15.750301 -18.646315 0.098589 34 139 34
-3.198479 16.340702 -0.076458 139 69 19
-13.371222 8.119041 -0.195820 34 139 34
-3.321623 -24.127799 1.010077 139 69 19
-16.100928 -4.485411 0.295399 139 69 19
-3.979458 21.672489 -0.723808 139 69 19
6.948411 -17.283770 -0.564653 34 139 34
-21.059545 -1.963642 -0.157438 34 139 34
22.674724 -4.887164 -0.244399 34 139 34
-0.740414 23.099444 -0.107467 139 69 19
8.827655 15.633112 0.286232 139 69 19
-24.565566 -23.951188 -0.133474 139 69 19
-2.803511 -0.757961 -0.248018 34 139 34
20.445711 2.977452 0.287532 139 69 19
-4.464525 8.528218 1.223405 34 139 34
-24.623817 2.381102 -0.130681 139 69 19
-13.326599 8.405708 0.527374 34 139 34
-7.566654 -6.703102 -0.036527 34 139 34
-21.124159 5.019460 -0.081631 34 139 34
0.539460 14.746703 0.427759 139 69 19
-20.044572 11.775844 -0.448952 34 139 34
6.387906 18.686295 0.278096 34 139 34
-12.610711 1.196834 0.506050 139 69 19
-13.167194 8.002829 0.204128 139 69 19
1.856789 2.397777 -0.659362 34 139 34
-5.122374 -12.961244 0.584867 139 69 19
10.963300 11.448878 -0.650323 34 139 34
-9.697502 4.429278 0.212086 139 69 19
11.727577 3.056282 -0.859242 139 69 19
4.337606 -7.937600 -0.386374 34 139 34
-2.257615 -1.486887 -0.693486 139 69 19
21.751374 -24.484059 1.237195 139 69 19
7.446617 -3.846380 0.380446 34 139 34
8.211993 3.084528 -0.049659 139 69 19
8.375669 7.936316 1.131325 34 139 34
-24.118418 20.728478 -0.215905 34 139 34
24.499361 22.558711 0.436866 139 69 19
9.297934 -5.410341 0.084363 34 139 34
10.027919 6.607611 -0.469920 34 139 34
10.378071 -14.407528 0.085467 34 139 34
21.943027 -1.571568 -0.179823 34 139 34
17.654594 -4.290952 0.281046 34 139 34
-5.714691 1.219806 0.008006 34 139 34
1.123180 -1.049481 0.691161 34 139 34
-4.158488 -13.692549 -0.028351 34 139 34
20.535554 -5.788551 -0.354788 139 69 19
-8.472825 -0.617728 0.349591 139 69 19
23.578914 -20.298986 -0.019774 34 139 34
4.323721 -21.307762 0.300326 139 69 19
7.638050 8.099684 -1.208131 34 139 34
5.149022 3.629050 -0.017070 139 69 19
-22.264037 7.360876 0.711882 34 139 34
-11.360669 17.858395 0.283523 139 69 19
13.527352 19.941024 -0.288027 34 139 34
-24.252120 -17.940539 1.051113 139 69 19
-20.159613 0.998777 -0.608254 34 139 34
-14.903084 12.914154 0.343186 139 69 19
-1.989872 -14.332131 0.481587 34 139 34
-9.530186 -13.652322 0.002157 34 139 34
3.160318 0.574439 1.212892 34 139 34
19.889583 -21.707006 -0.232164 139 69 19
-7.279781 5.045185 0.721971 139 69 19
-5.176338 18.812393 0.030841 34 139 34
-12.832228 0.073032 0.006662 139 69 19
-9.628615 13.785316 -0.510735 139 69 19
1.413713 13.572496 -0.335855 34 139 34
24.897976 -10.069775 -0.495905 139 69 19
-22.008234 18.555519 0.663852 139 69 19
23.398708 -14.077246 0.230139 34 139 34
4.233906 21.410705 0.361627 34 139 34
-2.919600 -3.415598 -0.264176 139 69 19
-11.048704 2.823165 0.142369 139 69 19
-7.151600 10.849635 -0.954818 139 69 19
5.320649 0.822032 -0.179682 139 69 19
-8.217577 -21.531505 -0.102167 139 69 19
19.607458 -0.395018 0.352183 139 69 19
0.748087 15.193040 -1.009635 34 139 34
-17.062408 -17.892017 0.015328 139 69 19
21.760492 -11.575303 -0.517578 34 139 34
3.446560 14.138193 0.626250 139 69 19
-14.312815 -7.745200 -0.215337 139 69 19
10.698972 22.191575 0.167691 139 69 19
14.387344 -6.627549 -0.075032 139 69 19
-1.455337 -5.870170 -0.355850 34 139 34
0.852087 19.834488 -0.436242 139 69 19
-4.742750 17.164790 0.190356 139 69 19
20.000476 -6.309123 -1.000279 139 69 19
-5.884271 4.225454 -0.100194 34 139 34
-12.248487 -1.242613 0.070220 34 139 34
-6.236453 18.467639 0.040370 34 139 34
-15.611302 22.742356 -0.463092 34 139 34
-20.561872 -24.261099 -0.097190 139 69 19
3.699589 12.642183 -0.259980 34 139 34
2.372943 19.243224 0.357958 139 69 19
8.909648 11.971094 0.292506 34 139 34
-7.755135 5.575927 -0.228359 34 139 34
8.643628 -4.761764 -0.134818 34 139 34
22.563063 17.261918 -0.268050 34 139 34
12.215436 15.187798 0.314309 34 139 34
3.507981 -0.807720 -0.166964 139 69 19
17.073684 16.898578 0.791890 139 69 19
11.017154 11.407058 -0.260022 34 139 34
-9.859272 4.100370 -0.313381 34 139 34
21.889920 -13.181322 0.710888 34 139 34
18.823192 -17.143063 0.189357 34 139 34
17.357796 -3.039857 -0.754178 34 139 34
-3.952940 10.116207 0.398174 34 139 34
3.516691 20.467207 0.677799 139 69 19
-5.283130 -12.342665 -0.030473 139 69 19
11.323939 -12.917942 0.655447 34 139 34
-16.930599 -2.622206 0.903652 139 69 19
6.586825 3.339030 -0.124491 139 69 19
-19.240355 19.908116 0.201800 34 139 34
-14.889380 2.788312 0.626456 34 139 34
-22.321131 -22.282073 -0.905103 34 139 34
-24.005889 16.892901 -0.368836 139 69 19
0.503901 4.418514 0.499424 139 69 19
17.446646 -12.485164 0.069265 139 69 19
16.709902 3.282226 0.076519 139 69 19
17.601661 18.454401 -0.163986 139 69 19
18.547738 13.850180 -0.104781 34 139 34
-6.247893 -17.656396 0.819842 139 69 19
5.836187 20.896226 -0.100074 34 139 34
-5.348161 17.405752 -0.014741 139 69 19
-2.060734 -5.923002 -0.828568 34 139 34
-9.565581 7.931778 -0.320326 139 69 19
7.675084 -14.366762 -1.414058 139 69 19
24.140878 -23.228462 -0.176998 139 69 19
0.619253 -15.024349 0.025673 139 69 19
-6.646600 -6.535249 -0.505020 139 69 19
-15.143592 1.600035 -0.494653 139 69 19
-16.946319 1.280660 -0.814248 34 139 34
3.461823 -24.036046 -0.942627 139 69 19
19.561010 15.781752 0.250565 139 69 19
22.725450 -12.781006 0.924517 34 139 34
15.341710 21.648082 -0.587197 139 69 19
23.930108 14.258032 0.413704 34 139 34
11.716430 12.579406 -0.115828 34 139 34
22.015630 23.041067 -0.016747 139 69 19
1.583008 17.732424 -0.525702 139 69 19
-22.756893 -9.249513 -0.747894 34 139 34
-15.505078 19.996519 -0.246771 139 69 19
-20.341375 -13.273324 0.105227 34 139 34
11.097911 17.721367 -0.178720 139 69 19
4.172901 5.002831 -0.149182 139 69 19
3.302246 4.640860 -0.389845 139 69 19
3.551535 -22.322249 -0.161656 139 69 19
13.759575 24.817585 0.790859 34 139 34
-7.330662 21.328757 -0.814467 139 69 19
-0.742421 22.426767 -0.326405 139 69 19
-17.174561 13.383411 0.055913 139 69 19
-9.837702 -23.580728 0.738994 34 139 34
6.709309 -7.135407 0.117623 34 139 34
-5.680455 -20.162346 -1.099330 139 69 19
-19.958201 -13.759666 -0.197836 139 69 19
2.722575 19.989985 -0.663619 139 69 19
5.567791 19.579802 -0.175397 139 69 19
-21.761742 -6.239938 -0.475060 34 139 34
-16.177675 17.161290 0.352117 139 69 19
-21.812669 -16.307882 -0.078567 34 139 34
-9.408803 3.644540 0.593303 34 139 34
6.163269 -5.540691 0.129911 34 139 34
14.074442 -15.273103 -0.851454 34 139 34
-8.999191 15.659457 -0.875024 34 139 34
7.878408 -21.537814 -1.189249 34 139 34
5.879259 -19.710233 0.163557 139 69 19
-24.543214 23.344050 -0.144539 34 139 34
-19.250894 17.955926 0.178225 139 69 19
-23.917246 -22.631705 0.181927 34 139 34
9.365976 5.376034 0.254052 34 139 34
-0.615864 6.907341 -0.038318 139 69 19
-10.018237 -4.508910 0.412683 139 69 19
9.378455 0.138348 0.121540 139 69 19
15.694747 11.984938 -0.328201 34 139 34
-7.030234 6.682920 0.259666 34 139 34
16.201388 12.854594 0.030633 139 69 19
-24.047096 -6.848254 -1.030636 34 139 34
20.228384 0.069331 0.064605 34 139 34
-13.418117 16.153138 0.739012 34 139 34
-4.715640 16.563862 0.149770 34 139 34
1.051958 -2.644115 -0.006124 34 139 34
-5.008690 19.412219 0.469851 34 139 34
11.138418 0.560072 -0.055226 139 69 19
19.950031 -15.917239 -0.787172 139 69 19
21.945227 11.212168 1.345823 139 69 19
-22.444372 -11.385950 -0.821086 34 139 34
6.045342 8.443928 -0.384598 139 69 19
22.065800 -15.930230 0.150687 34 139 34
-22.028917 -10.698791 0.624989 139 69 19
-23.646531 5.461832 -0.823022 139 69 19
20.700882 16.467140 0.028425 34 139 34
-17.625844 -7.213505 -0.467781 139 69 19
-3.753946 9.141237 0.031519 34 139 34
-6.242089 -4.801247 -0.492226 139 69 19
-4.313765 8.082078 -0.369807 139 69 19
0.696702 19.632715 -1.071750 139 69 19
2.632950 -23.378271 0.493236 139 69 19
15.890779 -3.433337 -0.762730 139 69 19
11.163080 -4.880664 -0.016966 139 69 19
13.257500 -3.328569 -0.208631 34 139 34
3.582577 -15.326464 -0.483309 34 139 34
17.210964 24.518104 0.550879 139 69 19
13.021447 9.764962 0.196572 139 69 19
-0.261865 10.402022 -0.442119 34 139 34
-6.811420 -1.476802 0.040479 34 139 34
-20.305072 20.913406 0.433466 139 69 19
-9.719743 -18.965633 -0.710277 139 69 19
3.345114 16.270565 -0.549325 34 139 34
0.904436 0.262054 -0.401814 139 69 19
17.549490 12.195781 -0.562360 34 139 34
4.227401 1.051119 -0.035269 139 69 19
-1.056387 -1.170061 0.422623 139 69 19
22.677261 -16.533544 0.326115 139 69 19
23.810280 -8.882891 -0.188442 139 69 19
-14.604471 -5.633326 -0.038776 34 139 34
9.671293 -14.355367 0.520740 34 139 34
-4.147183 9.530639 0.554566 34 139 34
8.692726 11.028189 0.473928 34 139 34
1.520990 -22.576824 -0.712016 139 69 19
0.607872 -22.751954 -0.743089 139 69 19
21.628298 -19.179516 0.211872 34 139 34
23.856752 -21.769356 0.001847 139 69 19
-3.449219 2.696523 -0.953813 34 139 34
-24.183612 17.242903 0.866204 139 69 19
-12.633314 -22.727154 0.459313 34 139 34
-7.199423 0.602928 0.702819 34 139 34
-20.618664 -11.121953 -0.494100 139 69 19
-24.047448 -12.683962 -0.606013 34 139 34
17.267917 20.380562 0.573897 34 139 34
16.963330 20.589842 0.318425 139 69 19
-8.687433 2.242017 0.399035 34 139 34
-18.441739 -23.886623 -0.639851 139 69 19
22.194963 14.986836 0.722612 34 139 34
-1.444481 -13.835301 0.125280 139 69 19
-5.388317 17.942042 0.075520 34 139 34
-1.695928 -11.029757 -0.299026 34 139 34
-12.182813 -18.961110 0.440655 139 69 19
-12.162624 6.340380 0.716952 139 69 19
9.174918 -8.348335 0.231922 139 69 19
0.925518 6.018939 -0.241942 34 139 34
16.785368 18.069359 0.701085 139 69 19
14.905803 -0.218247 0.111389 139 69 19
-10.254878 11.238497 -0.020481 139 69 19
22.229068 -4.228540 0.073331 139 69 19
19.787161 5.050115 -0.180883 139 69 19
15.666979 21.807429 -0.276234 139 69 19
-14.487855 11.535501 0.265487 139 69 19
-13.535670 11.766341 0.333035 139 69 19
-4.735537 21.458993 -0.638107 139 69 19
-6.945121 -3.643179 0.015085 139 69 19
-13.242255 -1.511050 -0.055902 139 69 19
-18.691911 12.165748 0.477612 34 139 34
7.894124 9.978778 -0.344035 139 69 19
14.284120 -2.606612 -0.484153 139 69 19
17.976755 -3.606853 -0.563506 34 139 34
-3.522018 14.836235 -0.296187 34 139 34
-20.407816 0.088777 -0.186989 139 69 19
8.807708 -9.942422 -0.008457 139 69 19
-2.408520 -15.473665 0.788335 139 69 19
-1.696819 8.439865 -0.002970 139 69 19
7.871247 -23.455754 -0.041151 139 69 19
12.025006 -6.872810 -0.700188 139 69 19
24.243952 8.686039 0.160014 139 69 19
15.912398 -1.800995 -0.855507 34 139 34
3.881288 0.634639 0.905549 34 139 34
-22.589409 9.782850 -0.084227 139 69 19
-18.905035 -9.882888 -0.321802 139 69 19
-14.197720 15.933728 -0.486479 34 139 34
-8.594568 7.315360 -0.599509 139 69 19
-5.595481 -19.171749 0.215791 139 69 19
-9.348687 -2.833637 0.227562 34 139 34
-10.454144 -9.477948 -0.475955 34 139 34
18.528259 12.931052 -0.097178 139 69 19
17.222319 -22.202085 0.434005 139 69 19
3.274217 2.948523 -0.285794 34 139 34
-8.866735 14.708684 0.663542 34 139 34
6.339103 -22.768811 -0.516466 34 139 34
5.098223 0.030923 0.479691 139 69 19
11.422858 -15.214163 0.559778 34 139 34
-14.621746 -8.308984 0.121307 34 139 34
-22.188472 15.728061 0.099386 139 69 19
12.164968 -20.376393 -0.197135 34 139 34
11.943496 18.169875 0.019057 34 139 34
12.895462 7.397811 0.040564 34 139 34
18.830996 -12.308346 -0.040677 139 69 19
8.580638 19.462078 -0.424603 34 139 34
22.393728 0.694145 -0.589353 34 139 34
17.265088 15.036789 0.592013 34 139 34
9.747757 5.477758 0.119097 139 69 19
20.476017 4.087194 0.535822 139 69 19
7.027891 7.976552 -0.024425 139 69 19
23.938026 -23.098434 0.056608 139 69 19
-8.954045 -14.303540 -0.614197 34 139 34
-24.430444 16.067856 0.106567 139 69 19
6.549431 17.185435 0.345909 34 139 34
21.696628 12.692099 0.122971 34 139 34
9.707912 -11.580906 0.324831 139 69 19
-14.596727 -11.713897 -0.010222 139 69 19
21.758437 14.550364 -0.312691 34 139 34
-19.740417 -5.575033 -0.857561 139 69 19
-9.613768 -8.641701 0.438850 34 139 34
-8.850939 13.521449 0.663039 34 139 34
7.887299 20.506767 -0.214175 139 69 19
-17.803310 12.717529 -0.119162 34 139 34
-24.048706 -10.784984 -1.299684 34 139 34
18.557306 -24.942152 -0.574777 139 69 19
-13.910524 14.694754 -0.243183 34 139 34
24.748892 22.629345 0.136521 34 139 34
-11.611241 -2.714207 0.201016 34 139 34
-5.612142 -11.467838 0.182373 139 69 19
-4.288077 -4.120503 -0.413508 139 69 19
-18.855420 17.395237 0.605268 139 69 19
-19.446586 -17.914344 -0.395565 139 69 19
-14.152978 -20.695340 0.127772 34 139 34
-12.014994 -13.108608 0.002005 139 69 19
-19.386062 -16.947053 0.438047 139 69 19
8.910007 10.038834 -0.197543 139 69 19
10.515266 -10.815011 0.001809 34 139 34
-1.127337 -18.779979 -0.549658 34 139 34
-7.037556 -18.734173 -0.065345 139 69 19
21.266532 15.327620 -0.715477 139 69 19
6.255272 -22.557904 -0.943998 139 69 19
-23.652718 -8.102274 0.083286 139 69 19
24.818639 -20.966770 0.300567 34 139 34
3.973360 -11.454612 -0.491534 139 69 19
-1.453657 13.585652 0.116592 34 139 34
-15.382122 13.160313 0.173775 139 69 19
16.716155 1.542295 -0.027696 139 69 19
-18.284703 21.280552 0.240806 139 69 19
-17.364243 18.501541 -0.323239 34 139 34
-20.101857 -21.736701 0.469603 34 139 34
5.581824 12.332810 -0.141801 34 139 34
-10.068067 -9.100121 -0.075823 139 69 19
-8.928373 8.427309 -0.247740 34 139 34
10.858689 -8.717118 -0.167809 139 69 19
-16.058662 -13.101402 0.201196 139 69 19
-0.620946 -17.460021 0.541576 34 139 34
9.192086 -9.477424 -0.579987 139 69 19
-14.733340 -21.784061 -0.272126 139 69 19
-20.058358 -0.196287 0.347358 139 69 19
2.822632 -16.629588 0.896373 139 69 19
6.758645 7.815637 0.234476 139 69 19
17.745591 -9.326097 -0.575926 34 139 34
9.858662 9.965743 -0.794031 34 139 34
-2.724450 16.849186 0.676043 34 139 34
16.998744 20.305298 0.203579 139 69 19
22.689462 12.046816 -0.358610 139 69 19
-5.524869 20.121881 -0.469259 139 69 19
24.542146 3.613759 -0.324513 34 139 34
8.503267 4.982326 0.703906 34 139 34
10.425810 -23.453079 -0.411999 34 139 34
1.238178 17.576490 -0.101170 34 139 34
5.744349 -20.548595 -0.447177 34 139 34
3.897595 -16.786298 0.480838 139 69 19
-8.647514 -2.283134 0.170558 139 69 19
-14.952225 -15.523774 -0.157569 34 139 34
-19.722868 23.748493 -0.767958 139 69 19
-23.839701 5.811791 0.368058 139 69 19
-5.879572 19.084715 0.099356 139 69 19
-13.858896 21.658019 0.383204 139 69 19
-10.157315 14.906419 0.426461 139 69 19
-15.143471 5.406734 -0.023494 34 139 34
11.003208 6.920838 0.449227 139 69 19
-20.198390 -24.892098 0.760516 139 69 19
-17.781410 11.771152 -0.602622 34 139 34
7.053950 -11.444665 -0.632349 139 69 19
4.610218 -9.693451 -0.182629 34 139 34
2.607583 19.784446 -0.285674 34 139 34
-3.262922 -14.288930 -1.535073 34 139 34
14.633186 -18.855242 0.390964 139 69 19
-6.343523 -1.739189 -0.476480 139 69 19
13.442514 -23.970343 -0.314932 34 139 34
-7.181316 0.365618 0.712388 139 69 19
-2.103669 17.994919 -0.517383 34 139 34
18.360278 -23.582165 0.331376 34 139 34
16.547383 -23.549475 0.401164 34 139 34
2.695775 -13.588979 -0.251186 34 139 34
16.778348 -10.634996 -0.722781 34 139 34
21.953048 -17.506230 -0.032562 139 69 19
-12.950210 13.464635 -0.097903 34 139 34
-21.526308 -15.142487 -0.171128 139 69 19
-11.766417 -10.836277 0.180904 139 69 19
-8.901612 16.220542 0.175574 139 69 19
-1.698712 -23.062924 -0.233743 34 139 34
-11.854703 8.558023 0.816431 34 139 34
-14.620099 23.866973 1.361960 34 139 34
10.360663 3.810185 0.748861 139 69 19
-13.399769 11.564217 0.806415 34 139 34
-10.937507 5.831416 0.393726 139 69 19
-2.655565 5.426465 -0.006860 34 139 34
-11.222695 -7.612148 0.313244 34 139 34
0.969847 17.815785 0.088307 139 69 19
8.255699 22.453683 -0.596650 34 139 34
-4.567255 -11.806738 0.032741 139 69 19
16.776128 -5.651213 -0.362530 34 139 34
16.266283 -11.060381 0.160440 139 69 19
23.961826 -14.320203 0.345599 139 69 19
15.503928 12.395544 0.385805 34 139 34
2.207763 4.149334 -0.122963 139 69 19
-23.278845 5.775911 -0.834629 139 69 19
3.552821 -9.438922 0.881974 34 139 34
21.211104 -4.737320 -0.186905 139 69 19
17.818481 -16.151346 -0.473569 139 69 19
22.604476 -10.790263 0.409756 139 69 19
15.651481 -12.304673 -0.197949 34 139 34
19.407541 9.878565 0.046936 139 69 19
-3.798800 14.235872 0.275886 139 69 19
-19.049399 -5.792253 -0.268296 139 69 19
-2.296276 19.925841 0.557678 139 69 19
24.491076 3.470799 0.203682 34 139 34
-22.110612 10.982867 -0.621411 139 69 19
-4.376120 -3.066507 0.432916 34 139 34
-16.164156 -14.387629 0.224288 34 139 34
-23.125249 1.705578 0.463933 139 69 19
11.516170 -21.579518 1.196113 34 139 34
-2.797599 -18.568558 -0.890855 34 139 34
-8.109242 -4.703582 0.650466 139 69 19
-24.561438 24.913975 0.159225 34 139 34
22.365813 -8.899397 0.181061 139 69 19
-9.743954 -14.525397 0.600820 34 139 34
19.063758 -14.555080 0.385350 34 139 34
-0.352740 -15.861579 -0.163571 139 69 19
-6.081084 -20.582744 0.041795 34 139 34
-2.858291 -2.985607 0.427096 34 139 34
-14.830315 -12.733232 0.200345 139 69 19
-18.535347 10.359801 0.111090 34 139 34
15.189337 18.597398 -0.623359 139 69 19
10.757260 -18.734197 1.034150 34 139 34
7.472542 4.901691 0.137628 139 69 19
8.532502 -11.761255 -0.046806 139 69 19
17.956481 21.438085 0.051046 139 69 19
-16.295699 -13.678016 0.293862 34 139 34
-13.689408 -1.246372 0.116850 34 139 34
2.158813 -4.470773 -0.162050 139 69 19
-10.521725 18.768317 -0.438159 139 69 19
1.558673 19.051383 0.193120 139 69 19
12.761415 -11.984483 0.200209 34 139 34
-12.330874 -17.902549 -0.052456 139 69 19
-6.676470 4.114743 0.930445 139 69 19
-13.592867 23.088775 -0.295513 34 139 34
12.551209 2.396504 -0.609047 34 139 34
3.607428 -11.032476 -0.118019 34 139 34
23.242153 2.458403 0.312948 139 69 19
11.677773 14.843331 0.170532 139 69 19
-10.023990 -22.881767 -0.830666 139 69 19
-24.972929 19.450315 0.282809 34 139 34
-7.316029 -14.735699 0.085622 139 69 19
17.162647 -3.577717 0.644537 34 139 34
8.195779 14.382034 -0.163031 139 69 19
1.623996 -7.496918 -0.377653 139 69 19
-9.342656 12.249730 -0.217921 34 139 34
11.406664 10.952474 -0.095308 34 139 34
12.734813 21.562223 -0.930863 139 69 19
18.172285 -20.467625 0.386809 139 69 19
-5.025806 -2.163991 -0.430608 34 139 34
-19.496609 18.183917 0.339848 34 139 34
-0.395454 11.192915 -0.063732 34 139 34
-2.012124 24.893016 0.969370 34 139 34
3.620187 -16.838293 0.873629 34 139 34
-12.597144 1.552624 0.268947 34 139 34
8.892507 -6.787225 -0.020305 139 69 19
21.779520 24.355687 0.238124 34 139 34
3.761369 24.210602 -0.060062 139 69 19
-0.501867 14.459616 0.012771 139 69 19
11.147708 9.862098 0.144004 139 69 19
12.347352 -0.923154 -0.132198 34 139 34
-20.501394 14.296268 0.344698 139 69 19
7.577494 -3.155514 -0.015670 34 139 34
0.134997 5.242690 0.103826 34 139 34
1.930526 -9.488813 -0.626218 34 139 34
-2.466466 -11.299457 0.680801 139 69 19
-4.480692 16.077054 0.074334 34 139 34
4.890959 15.617658 -0.517139 139 69 19
9.385251 -13.908585 -0.081465 34 139 34
16.633269 -21.944520 -0.304869 139 69 19
11.946420 -8.537105 -0.063287 139 69 19
24.664787 -7.716006 -0.209109 139 69 19
-4.349855 -9.383237 0.431208 34 139 34
-5.530135 11.370174 -0.125687 34 139 34
-12.212166 16.065796 0.214442 139 69 19
7.202033 8.841726 0.117652 139 69 19
8.743509 21.664418 -0.272688 34 139 34
-17.660012 18.704713 -0.208336 34 139 34
3.890492 1.459749 -0.854619 34 139 34
-16.126892 -20.477890 0.511523 139 69 19
-13.823297 19.753792 -0.133779 34 139 34
-8.873961 -20.468284 0.536445 34 139 34
18.693156 22.016896 0.139686 34 139 34
19.503545 -14.614424 0.374477 139 69 19
-3.829321 -19.095159 0.356627 139 69 19
-21.028555 9.330594 0.366291 34 139 34
5.164945 -4.428685 -0.922295 34 139 34
-16.831677 14.294058 -0.815719 34 139 34
-20.012410 -14.266792 0.493305 139 69 19
-14.519994 0.715962 0.360447 139 69 19
-2.750762 -12.698831 0.760709 34 139 34
21.746694 12.761504 0.395858 34 139 34
-12.573812 -3.364148 -0.773729 139 69 19
-22.365458 -9.105601 -0.412060 34 139 34
10.892284 -1.294909 -0.554612 34 139 34
16.317241 -17.961923 0.426898 139 69 19
13.507451 0.901707 0.786504 139 69 19
-19.836518 -17.673291 0.434122 139 69 19
12.827407 -9.327129 -0.287047 139 69 19
7.184120 -12.073183 0.806872 34 139 34
-19.163538 7.903361 -0.369787 139 69 19
-21.855203 24.380599 -0.091684 139 69 19
-23.381314 9.769823 -0.398561 34 139 34
20.307361 5.992273 -0.088498 34 139 34
-8.471569 0.322640 0.766189 139 69 19
-21.039268 17.763349 0.923295 34 139 34
-3.464598 -14.298538 0.654049 139 69 19
-19.173998 16.955305 -0.398361 139 69 19
-23.737652 14.564198 0.313943 34 139 34
11.924847 -20.674500 0.275564 139 69 19
-17.884182 2.308395 -0.874160 34 139 34
2.047869 -16.379496 0.123815 34 139 34
18.788477 11.613698 -0.225933 34 139 34
17.642867 -4.558677 -0.461296 139 69 19
23.153613 -13.280962 0.497468 34 139 34
17.178267 22.382587 -0.464755 139 69 19
-2.680250 18.647083 0.262647 139 69 19
-9.572644 -10.088839 0.286457 139 69 19
-15.687771 6.653608 -0.205265 139 69 19
-11.363268 -19.739432 -0.212085 139 69 19
-16.748990 -16.253114 0.195052 139 69 19
-16.231711 -9.783311 0.924841 139 69 19
8.091548 -12.454282 0.144378 34 139 34
1.201673 -18.482792 0.544386 34 139 34
-1.455827 23.721000 0.919021 139 69 19
-6.304854 5.571485 0.044793 139 69 19
1.626877 7.393037 0.590585 34 139 34
-4.820799 -6.374152 -0.189393 34 139 34
-24.530441 -24.072500 0.193259 34 139 34
17.849065 24.487875 0.336105 139 69 19
-24.715165 -11.416973 0.722828 34 139 34
-23.214332 -15.299597 -0.378356 139 69 19
-0.223169 -12.405422 0.387231 34 139 34
20.662784 13.668415 -0.570723 34 139 34
24.536769 6.510236 0.428572 34 139 34
23.470824 -17.624929 -0.048767 34 139 34
-20.265573 2.193475 -0.462533 34 139 34
5.392030 -20.732544 -0.610076 34 139 34
-11.079184 18.280691 0.120312 34 139 34
-16.465890 -5.963696 -0.103439 139 69 19
-22.289713 21.751354 0.705814 139 69 19
-1.494970 7.621948 0.136376 139 69 19
-12.051360 24.739571 -0.289153 34 139 34
19.026014 19.807224 -0.301668 34 139 34
-10.711998 11.347422 0.164032 139 69 19
0.581130 -19.656510 -0.667434 139 69 19
17.772920 11.627094 0.602459 34 139 34
-18.494359 1.324628 -0.674384 34 139 34
16.847706 4.652010 0.380753 34 139 34
-9.911099 -8.544247 -0.763833 139 69 19
-13.486260 0.410201 -0.127971 139 69 19
22.994799 13.168364 0.593603 139 69 19
-23.116440 -19.025065 -0.409306 139 69 19
-3.429886 -2.858972 0.752710 139 69 19
-4.932150 -1.697248 -0.424316 34 139 34
5.058860 0.017839 -0.406006 34 139 34
22.478422 15.308918 -0.244928 139 69 19
-17.585337 24.888347 -1.006705 139 69 19
-4.128655 -2.927206 -0.569558 139 69 19
-2.677511 -4.895347 -0.633483 34 139 34
21.248706 -10.626551 0.317983 34 139 34
9.688746 -9.223409 0.434986 34 139 34
-2.944944 -6.382496 0.700093 139 69 19
-1.217323 17.620388 1.202918 34 139 34
-23.358801 -5.865918 0.076508 34 139 34
-14.344859 -3.928242 0.052516 34 139 34
-9.490808 20.062337 -0.215651 139 69 19
15.421869 -5.761161 -0.463387 34 139 34
23.192341 -10.965098 0.380606 34 139 34
-7.988870 17.363996 0.052648 139 69 19
2.614325 -15.695808 -0.605535 34 139 34
-12.393413 -5.515289 0.198762 34 139 34
-9.733947 -21.453618 -0.104901 34 139 34
-15.549759 23.758014 -0.236466 139 69 19
-7.722448 21.854664 0.228834 139 69 19
-22.867153 6.042492 -0.095459 139 69 19
-5.111015 14.847949 -0.483209 139 69 19
-22.966139 -10.383632 0.267237 139 69 19
-8.687895 -7.574916 -0.028637 34 139 34
6.097323 -5.265515 0.053816 34 139 34
24.155004 19.948348 -0.216622 34 139 34
-12.825163 -22.546200 -0.080576 34 139 34
17.009010 21.192705 0.373085 34 139 34
-12.971754 -18.231579 0.305872 34 139 34
18.162557 -20.233883 -1.208013 139 69 19
2.939140 -0.381965 0.124683 34 139 34
-18.717887 22.385107 0.134908 34 139 34
6.736901 -14.618944 -0.529922 139 69 19
18.823154 9.067900 0.343444 139 69 19
19.356775 -18.133501 0.185599 34 139 34
-21.411983 -11.941474 0.051362 139 69 19
19.149324 -19.975464 0.592454 139 69 19
-20.761462 -3.634125 1.232204 34 139 34
18.015159 -16.871899 0.216224 34 139 34
23.843733 -12.836590 -0.239063 34 139 34
-21.160000 -24.537796 -0.155139 139 69 19
16.276644 23.445240 0.441298 34 139 34
10.744103 -6.044765 0.134343 34 139 34
13.648727 8.139273 -0.421182 139 69 19
10.831120 5.395021 -1.158988 34 139 34
11.755815 3.706184 -0.624125 139 69 19
23.066016 2.169014 0.231128 34 139 34
-20.785235 5.344910 -0.297503 34 139 34
1.029049 -23.903840 0.209228 139 69 19
24.525165 7.030007 -0.446132 139 69 19
23.641088 4.705292 -0.489700 34 139 34
21.147585 13.932064 -0.395898 139 69 19
17.140196 0.188909 0.379108 139 69 19
3.934516 1.201592 -0.447861 34 139 34
-19.307271 -12.030289 0.054924 139 69 19
11.405841 10.268938 -0.077898 34 139 34
-14.767140 -22.319824 -0.991086 34 139 34
24.018549 18.164632 -0.212232 139 69 19
20.343274 -18.435393 -0.441725 34 139 34
-8.923238 18.053440 0.524059 34 139 34
-16.551012 23.437862 -0.043394 34 139 34
1.932981 22.578554 -0.145265 139 69 19
-19.908293 23.295862 -0.359568 139 69 19
14.151453 -22.600553 0.330725 139 69 19
2.972743 -3.423568 -0.302185 139 69 19
-17.380420 5.907369 -0.360769 34 139 34
-15.807358 18.282371 0.532256 139 69 19
23.244520 -5.611730 1.250701 34 139 34
-24.938027 -23.626059 -0.419383 139 69 19
-2.833428 23.418488 0.305223 139 69 19
17.460664 10.357874 1.982299 34 139 34
2.501652 7.272262 0.239749 34 139 34
-7.397980 -19.560559 0.043977 34 139 34
15.874361 9.663486 0.310926 34 139 34
-4.446916 12.790103 0.295219 139 69 19
12.704878 5.966235 0.483595 34 139 34
11.075421 14.912057 0.805229 139 69 19
-22.882704 0.335034 -0.950786 139 69 19
15.992220 18.399607 -0.017369 34 139 34
-15.066394 17.249516 0.279194 139 69 19
-22.340125 -6.428412 -0.499383 34 139 34
17.669785 4.009242 -0.296216 34 139 34
23.049554 -17.770024 -0.252249 34 139 34
-20.279310 -13.246147 0.346113 34 139 34
15.498788 -2.255129 0.214267 34 139 34
24.002570 10.724946 0.043746 34 139 34
-22.945831 7.730776 -0.687905 34 139 34
-22.303059 19.822583 -0.047276 34 139 34
-0.697921 -12.551574 -0.019635 139 69 19
14.831663 -24.190250 0.108472 34 139 34
22.698578 11.380564 -0.272452 34 139 34
4.851980 11.377196 -0.614276 139 69 19
-16.174492 22.834078 -0.424011 139 69 19
0.883361 -16.008538 0.231108 34 139 34
-17.150306 -10.755047 -0.344674 34 139 34
21.614790 8.378751 0.657213 139 69 19
-11.341525 -23.071510 -0.389420 139 69 19
24.919867 9.502470 -0.180819 139 69 19
6.305811 -11.142759 -0.260377 34 139 34
-13.340654 21.443349 0.162418 34 139 34
-16.700346 16.691283 -0.143169 139 69 19
7.091468 -11.761412 0.449107 34 139 34
24.456260 -24.766080 0.067858 139 69 19
4.208283 14.285308 -0.063890 34 139 34
19.720494 21.332979 -0.167063 139 69 19
9.352159 -21.363824 0.843205 139 69 19
24.934189 -3.911689 1.244884 139 69 19
4.627309 4.881331 -0.639889 34 139 34
1.656952 7.293155 0.158044 139 69 19
-10.968713 15.456991 -0.108028 139 69 19
-18.692103 9.873781 -0.286852 34 139 34
9.558589 17.210431 -0.037030 34 139 34
20.561844 3.420980 -0.375951 34 139 34
13.587497 -4.227318 0.550522 34 139 34
7.275175 -17.400721 0.241718 34 139 34
3.808599 15.047359 0.666462 34 139 34
8.366360 -8.260918 -0.463010 34 139 34
16.707620 10.733087 -0.084207 139 69 19
-17.925955 9.268152 -0.962857 34 139 34
-12.155724 10.443486 0.504237 34 139 34
12.850907 -20.357688 0.561485 139 69 19
6.481233 -4.488795 0.155503 139 69 19
-10.419664 -19.244165 0.039222 34 139 34
21.290009 -16.844002 -0.737313 34 139 34
20.959338 -20.298537 0.104800 34 139 34
-5.181769 8.781551 -0.704830 34 139 34
-12.051510 21.415671 -0.256547 139 69 19
-8.425877 21.208455 -0.097187 34 139 34
14.681179 -5.393434 0.278878 34 139 34
-18.441846 2.533372 -0.785950 34 139 34
9.681010 -8.157623 1.133276 139 69 19
11.967857 -8.834930 0.052430 139 69 19
15.515808 -6.845622 -0.869058 34 139 34
-13.008123 -20.759180 0.205412 34 139 34
6.666523 -8.752737 0.189639 139 69 19
-11.308223 -7.342913 0.480766 34 139 34
-12.860359 -11.232513 0.133040 139 69 19
7.708617 -19.931708 0.371620 34 139 34
15.230983 1.469302 0.062608 34 139 34
13.394831 12.794571 0.009208 34 139 34
5.479881 -16.091064 0.228795 139 69 19
-5.274118 3.949554 -0.386357 139 69 19
8.361759 -14.613193 0.280052 139 69 19
-8.662679 -0.272205 0.365194 34 139 34
15.866087 -7.513991 0.223849 139 69 19
12.154049 0.418105 0.257361 139 69 19
-20.940694 0.454651 -0.312585 139 69 19
-24.001424 16.973900 0.033224 34 139 34
-17.745381 -1.433310 0.840211 139 69 19
14.861198 -21.493801 0.345256 139 69 19
-3.286829 15.066430 -0.797387 139 69 19
0.431618 1.289389 0.181688 34 139 34
21.487902 -7.382266 -0.880715 34 139 34
-20.381923 -24.753427 0.479071 34 139 34
19.947594 12.938676 -0.365131 34 139 34
-2.082982 -5.874182 0.571792 139 69 19
18.002103 8.596416 0.323561 34 139 34
-0.274712 13.429604 -0.378109 139 69 19
-14.954280 -3.449114 0.705687 34 139 34
7.069492 -7.287350 -0.089693 139 69 19
9.728332 -6.701788 -0.301883 34 139 34
3.700738 17.328316 0.338960 139 69 19
-21.869286 8.428982 -0.483034 139 69 19
18.205383 -1.017455 -0.995209 139 69 19
9.814187 14.517309 -0.620207 34 139 34
-16.632366 -11.050917 -0.290284 139 69 19
13.076864 23.486488 0.074173 139 69 19
1.111162 6.585515 0.610355 139 69 19
4.107023 -20.817955 -0.380927 34 139 34
-14.573581 -15.481618 -0.328911 139 69 19
9.144707 10.527582 0.463909 34 139 34
-2.962562 -5.342941 0.143802 139 69 19
-14.327811 -9.739738 -0.151022 34 139 34
-0.663668 -6.735029 0.078950 139 69 19
4.177478 13.536609 0.567666 139 69 19
5.422845 9.695521 0.760118 139 69 19
14.034653 -24.485039 -0.022597 139 69 19
5.291419 11.471790 0.144113 139 69 19
-11.307342 15.178880 -0.482656 139 69 19
20.377150 -22.374279 -0.245444 139 69 19
7.119412 -18.036552 0.751596 139 69 19
13.622222 -3.124985 0.258459 34 139 34
0.399683 -9.349259 0.181706 139 69 19
-15.734714 -19.400411 -0.036748 139 69 19
7.016010 -0.533373 0.016773 139 69 19
-20.869545 6.836860 -0.255356 139 69 19
13.881976 -11.087507 0.336501 34 139 34
-1.852130 -15.325684 0.131274 139 69 19
19.753088 -3.899077 -0.820393 34 139 34
9.615638 -19.135657 0.364930 139 69 19
24.139693 9.354693 0.277869 34 139 34
22.972088 17.140428 0.285414 139 69 19
-24.533375 10.684425 0.622719 139 69 19
8.532721 0.362130 -0.664359 34 139 34
-23.298695 -20.285164 -0.213115 34 139 34
19.778453 20.263187 0.272810 139 69 19
4.381524 -5.394953 -0.393441 34 139 34
3.390934 -7.930457 -0.142243 139 69 19
-7.087175 -12.843172 -0.346142 139 69 19
10.819853 -9.574102 0.161351 34 139 34
-14.139301 17.559281 -0.297446 34 139 34
-10.865770 11.422255 0.503250 34 139 34
11.607185 -19.290125 -0.371065 139 69 19
-10.252560 -2.136396 0.029796 139 69 19
2.232069 -5.828991 -0.330951 139 69 19
0.183178 -10.431986 0.459565 139 69 19
19.656048 -4.810710 -0.381421 139 69 19
17.431714 -16.895106 -1.003824 34 139 34
-1.399137 0.053193 -0.421635 34 139 34
-8.394922 6.925496 0.506746 139 69 19
-7.107224 -22.085322 -0.339327 139 69 19
14.207737 18.012535 0.527116 139 69 19
-5.799398 19.135259 0.058626 34 139 34
7.656756 -24.206578 -0.393120 34 139 34
-16.163289 15.585883 -0.828003 34 139 34
-9.707843 4.929272 0.189219 34 139 34
3.862608 19.881190 0.268959 139 69 19
10.227139 8.398653 0.282732 139 69 19
9.673071 20.649403 0.705021 34 139 34
-17.932719 4.584885 -0.088398 139 69 19
16.677591 -2.268317 0.159663 34 139 34
-2.658100 21.653301 0.202896 139 69 19
9.824040 -16.506988 0.223340 34 139 34
8.646850 7.643697 -0.141078 34 139 34
-24.108236 -22.768968 0.288704 139 69 19
-19.859655 -10.819288 0.079826 139 69 19
-8.181977 -5.969485 0.921947 139 69 19
-8.030457 -15.241435 0.873107 34 139 34
-8.434668 10.608992 0.521536 34 139 34
14.367359 -20.918541 -0.404122 34 139 34
10.650521 0.782141 -0.054762 139 69 19
-22.567327 9.669626 0.087248 34 139 34
-11.689631 21.877857 -0.617748 139 69 19
-8.245114 4.812221 -1.004030 34 139 34
20.526582 -22.771003 0.182336 34 139 34
-9.028366 -9.006118 0.412341 34 139 34
-19.278729 6.959513 0.238305 139 69 19
-0.645642 9.250456 0.217564 34 139 34
22.776444 -17.480581 -0.296653 34 139 34
-24.381005 7.693451 -0.555316 34 139 34
6.328286 -11.387501 -0.063815 139 69 19
20.026843 14.454487 -0.132563 139 69 19
2.241058 19.083323 0.764238 34 139 34
-19.023274 -7.589329 -0.220826 139 69 19
-12.326044 -6.956558 0.194198 139 69 19
-8.894914 6.980213 0.024974 34 139 34
4.260318 -20.458366 0.465187 139 69 19
7.651998 -16.081620 -0.146085 34 139 34
-21.192281 -14.750384 -0.894004 139 69 19
-12.785803 6.873881 0.362283 34 139 34
16.130943 14.529140 0.454392 139 69 19
-18.644282 -16.773787 -0.976636 34 139 34
-20.485438 10.338097 0.478921 139 69 19
15.712499 0.786760 0.444485 34 139 34
-16.143886 1.565862 -0.258128 34 139 34
8.141482 -19.209497 -0.771481 34 139 34
2.375609 21.018810 0.473098 34 139 34
14.542236 23.170018 -0.382725 139 69 19
-18.505399 7.260475 0.616698 34 139 34
-2.052869 23.177109 -0.037338 34 139 34
-8.136684 12.580905 0.330821 34 139 34
-0.620024 -12.389040 -0.362368 34 139 34
-4.265957 -14.713822 0.056778 139 69 19
-12.672616 23.782860 0.288132 139 69 19
-7.419252 -0.079406 -0.369290 139 69 19
-23.474314 5.525240 -0.041642 139 69 19
-3.943480 -5.464887 -1.365313 139 69 19
11.293839 13.701020 0.469872 139 69 19
-8.623798 16.465277 0.537895 34 139 34
-9.723735 7.306220 -0.106287 139 69 19
-23.301765 -5.992532 0.204090 34 139 34
-11.486083 -19.223255 0.038955 34 139 34
9.825359 0.907581 -0.592993 34 139 34
-5.476861 4.127377 0.086343 34 139 34
11.473502 12.743567 -0.612057 139 69 19
-7.166615 19.171140 -0.412070 139 69 19
-14.806502 10.246114 -0.634772 139 69 19
-12.416792 11.719383 0.491788 34 139 34
-12.224285 -11.249364 1.070158 34 139 34
24.425624 -5.489085 -0.182238 139 69 19
6.933584 4.516461 0.055971 139 69 19
15.383166 14.354361 -0.308603 139 69 19
-18.140948 -21.995051 0.365538 34 139 34
-21.544824 20.195644 0.507727 139 69 19
-12.240754 15.064920 0.437441 34 139 34
0.082805 5.694906 0.279336 139 69 19
4.910300 16.990020 -0.814171 34 139 34
-19.288039 -20.999495 1.190339 34 139 34
-2.160048 -3.625990 -0.330260 139 69 19
18.398724 -17.566378 0.201729 34 139 34
-21.190007 -20.216247 0.133909 139 69 19
-0.155011 19.450436 0.061806 139 69 19
20.219812 19.286216 -0.008877 34 139 34
-14.302113 9.223533 -0.259938 34 139 34
-1.531248 3.907009 -0.666977 139 69 19
-16.630996 -12.525770 -0.273626 34 139 34
-6.521522 -23.613866 0.305461 34 139 34
10.459775 1.005348 -0.235817 34 139 34
23.170217 19.578146 -0.048378 34 139 34
2.364969 9.770752 0.604037 34 139 34
-12.126399 -7.947993 0.545072 34 139 34
3.881271 -12.684655 -0.702974 34 139 34
4.701508 -16.965553 0.279876 139 69 19
0.854806 -13.047345 0.321736 139 69 19
0.961121 21.091918 -0.060840 34 139 34
22.149612 3.677411 -0.141149 34 139 34
-17.167566 21.321095 0.614646 34 139 34
23.806345 14.272371 0.350477 34 139 34
9.074310 14.316680 -0.124756 139 69 19
0.744888 15.556247 -0.272308 34 139 34
-22.217238 14.744736 -0.332636 34 139 34
1.536579 19.655010 0.485470 139 69 19
-4.942017 13.003573 0.014788 139 69 19
6.001505 -9.800706 -0.212654 34 139 34
-6.965699 8.783120 -0.049042 34 139 34
13.019477 -11.161815 -0.108468 139 69 19
-10.890198 12.707841 -0.334345 139 69 19
-23.184197 -3.990654 0.180199 139 69 19
-9.282475 -21.146212 -0.699146 139 69 19
21.834943 2.628145 -0.475657 139 69 19
-15.504292 23.715203 -0.425292 139 69 19
6.033683 11.619458 1.409311 34 139 34
-15.701883 0.465302 0.301186 139 69 19
-11.721619 19.295141 -1.109700 139 69 19
-1.835545 -13.920758 0.597826 34 139 34
4.748498 3.909978 -0.392873 34 139 34
20.142652 9.315017 -0.124990 34 139 34
17.985523 -17.111551 0.277522 139 69 19
-3.378349 7.945069 0.550063 34 139 34
-12.225103 -13.490668 -0.426566 34 139 34
23.829547 -18.071486 -0.130521 34 139 34
-17.492279 -9.710943 0.218636 34 139 34
-5.460167 -11.526831 0.672499 34 139 34
11.434140 -5.012570 -0.112563 34 139 34
-18.270438 12.006207 0.063033 34 139 34
-1.225699 -5.328852 0.407113 139 69 19
16.424240 0.114456 0.470806 34 139 34
5.240027 -7.179744 0.818052 139 69 19
-9.514954 -2.780262 0.289069 139 69 19
-1.057200 17.738338 -0.573895 139 69 19
-20.807028 -17.762744 -0.267967 139 69 19
4.993230 -19.913599 -0.490113 34 139 34
-19.861581 -8.141583 -0.725117 34 139 34
19.323254 12.885700 -0.615184 139 69 19
-24.980522 9.511221 -0.165523 139 69 19
3.348045 -19.197874 0.580373 139 69 19
-1.773081 18.952550 0.007077 139 69 19
14.116609 0.757134 0.309128 34 139 34
-8.450814 10.191241 -0.119664 34 139 34
12.851636 4.176974 -0.713401 34 139 34
12.023748 7.418297 -0.057087 34 139 34
14.665738 -18.975288 0.271515 34 139 34
-2.315728 20.432257 0.201880 139 69 19
-18.762456 -3.099924 -0.091601 139 69 19
18.255914 12.852703 -0.218631 139 69 19
21.941205 12.381992 1.137448 139 69 19
-21.891399 12.328721 0.424899 34 139 34
-10.826378 -22.255787 -0.006954 139 69 19
7.624082 -4.152854 -0.036551 34 139 34
-0.772422 -14.281102 0.366028 139 69 19
23.076021 -8.215051 0.439608 139 69 19
-16.207093 6.622804 0.058026 139 69 19
21.032419 -13.553163 -0.235503 34 139 34
-17.633098 5.643844 -0.996083 34 139 34
19.402990 -0.961185 -0.269038 34 139 34
22.868750 1.316563 0.145593 139 69 19
9.995791 19.884177 -0.508898 139 69 19
16.813396 -15.328476 -0.461171 139 69 19
-17.243111 18.507150 0.466302 139 69 19
-9.672290 17.097082 0.808588 34 139 34
-15.142800 -24.981256 -0.177901 34 139 34
9.583862 12.130153 0.719283 139 69 19
12.487653 11.665101 0.148997 139 69 19
-3.582809 -23.941142 -0.600433 34 139 34
4.411029 8.313843 -0.145245 34 139 34
9.651622 22.735395 0.372128 139 69 19
-19.647672 -21.217919 0.522689 139 69 19
18.124000 6.522834 -0.326932 139 69 19
-3.731640 -6.870304 -0.444656 139 69 19
7.931479 -16.763962 0.579055 139 69 19
4.987761 3.572205 0.566918 139 69 19
-8.183388 -0.388235 0.396171 34 139 34
7.122849 10.568491 0.161256 34 139 34
14.224214 -22.864265 0.779465 34 139 34
-10.390988 -4.012011 -0.374737 34 139 34
-3.935772 10.285387 -0.409966 139 69 19
9.406865 3.494427 0.869818 34 139 34
11.661493 -15.584892 1.891650 139 69 19
4.210729 0.513368 0.643435 139 69 19
-5.430242 -13.403204 0.405468 139 69 19
13.138930 10.519746 -0.562061 34 139 34
23.371506 23.010644 0.337215 34 139 34
-21.567053 -22.975070 -0.071763 139 69 19
-11.310465 13.371082 -0.104134 139 69 19
-15.940622 -6.644412 0.395587 139 69 19
-24.430486 -14.082935 0.368388 34 139 34
-22.074242 -5.432460 0.388810 139 69 19
2.496968 -20.195562 -0.407738 139 69 19
20.433230 11.624897 0.451882 34 139 34
-20.313402 -3.867491 -0.268250 139 69 19
2.618013 -20.369590 0.134197 34 139 34
17.130583 -8.125478 -0.373200 34 139 34
20.540500 -16.795636 0.008349 34 139 34
-6.973023 6.016600 -0.555431 34 139 34
-21.340674 19.984710 -0.604062 34 139 34
-2.569875 6.094246 0.630224 139 69 19
3.946376 -6.559902 0.589209 139 69 19
-16.606785 -5.150153 -0.312426 139 69 19
12.536820 3.510873 -0.276849 34 139 34
-11.701137 20.391318 0.574146 34 139 34
-15.308982 -17.051150 0.728504 139 69 19
21.540208 -3.509858 0.036435 34 139 34
3.240119 -5.271463 -0.061152 139 69 19
23.651496 24.955299 0.452200 34 139 34
23.252600 -15.546292 -0.546346 139 69 19
-7.008572 -20.560796 -0.970974 139 69 19
-15.865743 -13.696679 0.264309 139 69 19
18.034429 -12.131078 -0.552891 139 69 19
15.080874 7.656007 0.182201 139 69 19
6.431652 10.595991 -0.175061 139 69 19
14.208197 24.585604 -0.373786 139 69 19
8.623103 13.656686 0.048612 139 69 19
-12.663195 17.397600 -0.877776 139 69 19
-5.000909 21.453561 0.354070 139 69 19
-17.941378 2.581190 -0.326389 139 69 19
20.208958 -2.884347 0.946800 34 139 34
6.524826 24.535685 0.714781 34 139 34
-1.871342 4.034740 0.722941 139 69 19
22.211540 15.296901 0.577617 34 139 34
1.932859 6.919151 0.427259 34 139 34
11.607003 -24.054968 0.024619 139 69 19
-15.256202 13.372942 0.011819 34 139 34
-23.440220 -16.295232 0.532671 34 139 34
23.100122 -22.491360 -0.171838 139 69 19
-23.065967 8.317516 -0.564762 139 69 19
-19.051348 15.354125 -0.250838 139 69 19
9.851526 -10.107208 -0.267902 34 139 34
13.677878 -5.423837 0.227793 139 69 19
9.073418 -22.204164 0.317760 34 139 34
-16.898831 -2.966932 1.267475 139 69 19
-6.297417 8.074242 -0.288912 139 69 19
-11.779097 10.430847 -1.417757 139 69 19
-20.528355 7.333488 0.141982 34 139 34
4.423177 -9.336992 -0.263215 34 139 34
18.146008 2.960953 -0.017496 34 139 34
-22.570608 10.921668 -0.115931 139 69 19
-5.154677 -21.918636 -0.353412 139 69 19
-16.146495 21.783776 0.509224 34 139 34
4.761979 -12.639281 -0.277128 34 139 34
11.844981 21.928984 -0.069433 139 69 19
9.529095 23.133847 0.109163 139 69 19
12.638566 -10.172392 0.197946 34 139 34
13.984841 24.746255 -0.457262 34 139 34
3.057575 3.256337 0.459828 34 139 34
-15.277825 -24.152171 0.442051 139 69 19
-11.780987 -12.463666 0.468717 34 139 34
-21.237517 -16.333558 0.082782 34 139 34
10.728445 13.423433 -0.041845 139 69 19
-0.862550 -6.195868 0.505213 34 139 34
-2.052159 -17.758470 -0.755988 139 69 19
-18.472305 -5.097742 -0.423108 34 139 34
0.809425 22.033976 0.233977 34 139 34
13.722290 -13.311213 0.142894 139 69 19
-15.844280 1.599415 0.298728 139 69 19
-22.450446 0.535739 -1.019913 34 139 34
8.574953 -21.327312 0.002841 139 69 19
21.590731 8.565784 -0.373351 139 69 19
13.893636 -17.239270 0.742083 139 69 19
-4.049611 -2.283122 -0.823346 34 139 34
-13.523132 -3.995047 -0.475611 139 69 19
7.303305 1.673202 0.681195 139 69 19
3.732989 -3.018605 0.431191 34 139 34
-3.376074 8.139832 0.023466 34 139 34
-14.828962 21.246653 0.409065 34 139 34
-8.769004 12.124421 0.341385 139 69 19
-5.147267 23.317066 -0.087564 34 139 34
8.327894 -21.323209 0.029767 34 139 34
22.633079 15.686713 0.226742 34 139 34
9.465011 -15.094603 0.172338 139 69 19
-14.995159 19.748262 -0.106920 139 69 19
20.253817 18.736405 -0.463770 139 69 19
15.363190 7.389630 0.685702 139 69 19
-21.589073 9.815452 -0.394807 34 139 34
-12.623843 -12.565683 0.101042 34 139 34
-12.239602 -17.438734 0.194668 139 69 19
20.784702 2.170805 -0.375274 34 139 34
-5.383747 -18.963103 -0.366360 139 69 19
-4.978624 21.665246 -0.138730 34 139 34
-12.017389 8.761145 -0.150731 139 69 19
1.459508 -11.055807 0.106537 139 69 19
16.912041 3.374516 0.244215 139 69 19
-8.418877 13.777261 -0.315309 34 139 34
19.595436 17.804348 0.197867 139 69 19
-9.959921 -16.575240 -0.079946 139 69 19
-23.405837 -10.609908 0.091323 34 139 34
-16.947289 -8.966843 0.744598 34 139 34
-24.899064 24.759805 0.003069 34 139 34
-10.913789 -12.848870 0.782035 139 69 19
14.651585 -19.641754 0.313542 139 69 19
5.632702 -10.358537 0.017040 34 139 34
16.250854 -7.784074 -0.022340 139 69 19
3.330683 23.887206 -0.494512 34 139 34
-23.048664 -0.797293 0.486497 34 139 34
5.621467 18.482425 -0.486785 139 69 19
24.728114 -6.434925 0.520770 139 69 19
-22.260659 -3.792193 0.742443 34 139 34
12.049467 -2.503904 -0.112152 139 69 19
13.354441 -20.444169 -0.300494 34 139 34
-7.337078 -10.716015 0.583756 139 69 19
-4.765326 -20.772884 0.195401 139 69 19
-3.221851 -20.209662 0.051244 34 139 34
7.089550 5.626124 0.699544 139 69 19
1.977472 -10.463159 -0.009031 34 139 34
-24.132734 23.274108 -0.140503 139 69 19
4.393983 -17.093850 -0.373395 139 69 19
3.875966 -23.413804 0.470039 34 139 34
-1.037190 13.309253 0.576477 139 69 19
-24.683842 -15.932812 -0.761459 34 139 34
3.155448 19.203972 -0.464030 34 139 34
-0.878874 -11.935179 0.589326 139 69 19
-14.119653 -21.438861 0.189236 139 69 19
9.760349 -3.561042 0.211618 34 139 34
5.202275 -19.265838 0.765865 139 69 19
7.291666 -18.197658 -0.142409 139 69 19
15.123939 13.915602 -0.630555 34 139 34
-14.451561 4.128202 -0.005610 34 139 34
-7.244363 12.920394 -0.873715 139 69 19
-24.447241 -8.993412 0.879298 139 69 19
-10.231686 8.104333 -0.098928 139 69 19
5.781193 17.581626 0.472942 34 139 34
-3.803262 -16.599459 0.457629 139 69 19
6.348950 24.998384 -0.132504 34 139 34
24.797155 4.462581 -0.159237 139 69 19
4.837484 0.967692 0.383840 34 139 34
-9.870883 16.482880 0.230592 34 139 34
15.083697 17.482169 0.249578 139 69 19
23.342594 13.973311 0.175126 139 69 19
-8.173701 -0.548986 0.585532 139 69 19
14.129463 -18.717695 0.191885 139 69 19
-17.099142 -12.792638 -0.413291 34 139 34
16.525391 1.399165 -0.609777 34 139 34
12.384015 -1.306854 0.018977 139 69 19
23.245207 2.029380 -0.141621 34 139 34
-8.261925 -18.476417 0.736439 139 69 19
7.700665 -19.647868 0.706753 34 139 34
-17.895137 -14.750427 -0.775639 139 69 19
-2.637587 -24.162527 0.170240 34 139 34
-20.649562 0.903095 0.075408 34 139 34
8.957937 -2.759156 -0.791297 139 69 19
13.024895 -16.699243 0.296626 139 69 19
19.677574 -15.551941 -0.255681 34 139 34
-20.767488 -13.451400 -0.368644 34 139 34
-0.936026 -12.700670 0.837101 139 69 19
18.379710 -23.289937 0.946712 34 139 34
-23.424016 24.900555 -0.005068 139 69 19
20.663654 15.811531 -0.889863 139 69 19
-17.496661 5.246878 -0.587947 34 139 34
-23.172474 -22.184907 -0.621220 139 69 19
-8.292815 16.018162 0.180279 34 139 34
0.018960 2.208784 -0.124805 34 139 34
4.379792 11.299820 -0.305286 34 139 34
19.255569 22.218557 -0.786242 139 69 19
6.609521 4.523751 0.651869 139 69 19
-6.108567 -1.134819 0.383422 34 139 34
-7.884916 -7.283110 -0.045717 139 69 19
14.751894 22.578807 -1.116469 34 139 34
12.948789 -16.562918 -0.476682 34 139 34
19.996246 20.022307 0.154271 139 69 19
24.142549 17.202912 0.787480 34 139 34
-24.638061 13.604440 1.015655 139 69 19
20.917024 -18.133862 0.268893 34 139 34
11.146266 9.469433 0.315145 139 69 19
2.187242 0.692525 0.567029 139 69 19
-6.240114 -20.030976 0.128337 34 139 34
-22.659505 8.967292 -0.117399 34 139 34
-13.375833 16.434266 -0.088074 34 139 34
-5.467422 8.495703 0.655561 139 69 19
20.721466 -11.140740 -0.438014 34 139 34
14.757167 2.482794 -0.313175 34 139 34
-13.851975 4.939943 0.375624 139 69 19
15.055911 -17.191105 0.514765 139 69 19
-24.753256 20.041610 0.702785 34 139 34
7.325284 1.582924 -0.059363 139 69 19
-10.785563 -7.493602 0.306135 34 139 34
21.852790 24.445248 0.972122 34 139 34
6.257619 2.585017 -0.306018 34 139 34
-5.901773 -15.792478 0.387108 139 69 19
-0.280473 -12.356292 1.094514 139 69 19
0.812009 21.808634 -0.654554 139 69 19
10.869955 8.072346 1.195267 34 139 34
11.219962 -11.455054 -0.464137 34 139 34
21.462360 1.215441 -0.429320 139 69 19
-23.993598 9.171189 -0.041393 34 139 34
-10.283060 21.067568 -0.650362 139 69 19
-2.299465 16.785624 -0.008427 34 139 34
-16.027612 -11.996578 0.266265 34 139 34
-9.825618 -16.431828 0.736013 34 139 34
19.593591 20.020521 -0.132172 34 139 34
-22.328241 -11.003125 0.038538 34 139 34
24.048771 -4.842008 0.001501 34 139 34
5.532325 24.897464 0.391588 139 69 19
23.317223 12.508079 -1.265021 34 139 34
14.727345 -19.774597 -0.712344 34 139 34
21.336359 -2.514606 0.166370 34 139 34
10.636771 -4.644984 0.535828 139 69 19
-6.234325 24.118999 -0.596508 34 139 34
-5.946116 20.632282 -0.456173 34 139 34
-23.801563 -18.046936 0.324188 34 139 34
4.679394 10.840596 0.247701 139 69 19
23.022767 -4.395547 0.519651 139 69 19
10.212468 -0.791958 -0.733020 34 139 34
4.895660 -24.515143 -0.101848 139 69 19
2.216350 6.808504 -0.334942 139 69 19
24.657398 -20.241562 0.629728 139 69 19
-13.330996 4.779268 -0.144127 34 139 34
-23.445415 -7.041137 -0.485606 139 69 19
-1.958847 -9.788565 0.077833 34 139 34
-19.557177 -13.664715 -0.390077 139 69 19
-4.003195 17.484019 -0.067291 34 139 34
-24.768965 24.411184 -0.446690 139 69 19
13.858025 -2.279793 -0.485205 139 69 19
3.693573 6.268751 -0.114611 139 69 19
6.180836 -23.905245 -0.300325 34 139 34
-18.060127 -12.529717 -0.325051 34 139 34
18.283194 4.054500 -0.804961 139 69 19
13.490490 9.365298 -0.108386 139 69 19
-21.508513 1.527572 0.606387 34 139 34
12.505030 -7.116434 0.787320 139 69 19
-16.189337 9.896681 -0.196985 139 69 19
2.042249 20.776651 0.789319 139 69 19
-4.201844 19.209938 0.710377 34 139 34
-14.549595 20.978041 -0.433232 34 139 34
-3.149208 21.542619 -0.362004 34 139 34
4.780109 24.579766 -0.012268 34 139 34
24.402311 -11.792883 -0.990098 139 69 19
-17.088872 9.172407 -0.271871 139 69 19
19.270523 10.051661 0.616472 139 69 19
14.342470 19.195574 0.217085 139 69 19
18.169412 -6.299710 -0.159431 139 69 19
-20.659329 -22.557616 -0.045414 139 69 19
8.731537 -8.091292 -1.028481 139 69 19
-22.797017 20.682788 0.210420 34 139 34
14.371182 -3.736469 0.662737 139 69 19
11.362052 -18.577232 -0.167551 139 69 19
-6.131120 -18.300077 -0.708706 139 69 19
10.085294 12.090933 0.276200 34 139 34
-13.236984 -7.408691 -0.043995 139 69 19
-0.866203 3.470661 0.619443 34 139 34
-1.969279 5.689789 -0.620022 34 139 34
0.522897 2.067325 0.584853 34 139 34
-17.697945 5.163371 -1.096520 34 139 34
11.328607 24.277338 0.949320 139 69 19
1.617107 -3.038429 -0.263633 139 69 19
-18.253084 -23.619565 0.472699 34 139 34
9.631972 18.769513 0.282237 139 69 19
-21.432515 -13.227135 0.660480 139 69 19
-14.520657 -6.852358 -0.222709 139 69 19
-9.176086 -1.606828 0.085656 139 69 19
-8.323219 -17.339479 -0.861637 34 139 34
5.217377 -7.209036 0.519220 34 139 34
9.225805 1.244032 -0.369744 139 69 19
-0.507526 -11.722640 -0.198967 139 69 19
19.886584 14.553323 0.045981 139 69 19
10.327005 -0.724092 0.224928 34 139 34
4.328029 -15.078480 0.278244 139 69 19
0.653327 9.632067 0.658351 139 69 19
22.613605 23.808300 0.820001 139 69 19
-13.753732 17.373500 0.018950 34 139 34
17.819731 -18.331778 0.145679 34 139 34
0.430425 -5.703002 -0.229964 139 69 19
-8.296024 -19.032513 0.015971 139 69 19
-12.588042 -0.745038 0.763410 34 139 34
-13.177877 24.806894 -0.477496 34 139 34
-5.536626 1.762889 0.006190 139 69 19
13.861442 6.213317 0.796169 139 69 19
-13.426370 -12.262148 0.421238 139 69 19
-12.665713 -1.648131 0.377942 34 139 34
-19.559890 -24.051493 0.115818 139 69 19
-4.250691 -22.536301 -0.840748 34 139 34
-16.339032 -10.557781 -0.216173 34 139 34
-4.255226 20.576923 0.065302 34 139 34
16.080634 -4.452049 -0.196826 139 69 19
-15.345008 19.801875 -0.167059 34 139 34
-13.538930 -16.521390 -0.041861 34 139 34
2.991159 -14.300926 -0.293313 34 139 34
8.883842 3.709223 0.254771 139 69 19
6.558934 -14.338221 0.820839 34 139 34
10.310403 -8.179937 0.366000 139 69 19
11.015823 -23.789765 -0.109233 139 69 19
-10.517096 15.182691 -0.053808 34 139 34
0.447398 7.460994 0.287181 139 69 19
16.720165 9.634096 -0.683715 139 69 19
-21.455426 7.806575 0.349557 139 69 19
11.091034 9.585249 -0.020294 139 69 19
-7.973132 -22.301460 0.267434 139 69 19
14.656546 -23.994217 -0.352642 34 139 34
20.852187 15.348789 0.686275 139 69 19
12.934169 -8.682495 0.654207 34 139 34
3.438966 1.009015 -0.226525 139 69 19
4.164106 20.440048 -0.718122 139 69 19
-14.191822 4.385898 1.237242 139 69 19
-16.161654 -16.876665 1.055698 34 139 34
2.882360 -6.552829 0.300459 139 69 19
-4.482476 -22.484295 0.403181 139 69 19
11.202605 -3.562940 -0.143966 139 69 19
21.480185 24.844259 0.194753 34 139 34
8.092753 15.100455 -0.503527 34 139 34
3.553754 12.989188 -0.106075 139 69 19
-10.308552 -7.189539 1.121645 139 69 19
-1.511894 12.761594 0.146447 139 69 19
21.060698 -6.262117 -0.496764 139 69 19
-10.379585 3.231652 0.315382 34 139 34
10.267191 2.601100 0.332074 139 69 19
11.427162 19.982438 0.439277 139 69 19
15.471049 23.771533 0.325703 139 69 19
-19.313844 10.097053 -0.239235 139 69 19
-11.523819 -14.234957 0.316911 34 139 34
3.095501 -20.945806 -0.281613 139 69 19
-8.871758 18.190298 0.132471 34 139 34
-19.747095 -14.630313 -0.556892 34 139 34
16.634190 -14.494427 -0.049359 139 69 19
12.653687 -14.455938 0.216284 139 69 19
14.187170 -12.990660 -0.266687 139 69 19
-18.960960 4.073911 -0.149173 139 69 19
4.041316 23.052432 -0.134571 139 69 19
-3.788491 -11.600296 0.132026 139 69 19
24.557937 -11.706854 -0.441951 34 139 34
-17.406139 19.368971 0.118005 34 139 34
1.261026 -12.597611 -0.337133 34 139 34
-10.838235 9.840566 0.781928 139 69 19
-1.364297 -4.508033 -0.060203 139 69 19
-2.093727 13.379964 0.018707 34 139 34
9.711588 2.194953 0.236692 34 139 34
-24.791579 4.737101 0.079414 34 139 34
7.799979 -13.027967 0.585638 139 69 19
17.938355 10.886439 -1.148618 34 139 34
-10.737512 21.057080 0.571269 34 139 34
-20.225176 -14.295418 -0.444289 139 69 19
18.973662 16.833846 0.470024 34 139 34
20.057383 -13.588228 0.752741 34 139 34
6.515703 -24.398677 0.075785 139 69 19
3.160679 -18.312055 1.127679 34 139 34
-1.555866 -21.171174 0.374326 139 69 19
22.126069 16.269173 0.532969 34 139 34
-5.589295 -8.588535 -0.028055 34 139 34
13.849875 -19.159581 -0.287264 139 69 19
16.096462 -6.835095 -0.477855 139 69 19
-20.766649 -11.995173 0.727398 139 69 19
6.328638 18.261017 -0.077763 139 69 19
18.916704 -5.083768 0.306878 34 139 34
20.443766 16.099195 -0.560749 139 69 19
-13.220802 -14.715794 0.309574 139 69 19
-4.466525 24.085678 0.867518 139 69 19
1.400841 19.074417 -0.339970 34 139 34
17.021967 -14.678189 -0.340473 139 69 19
-14.765950 13.064584 -0.449784 139 69 19
-12.520953 0.257590 -0.231425 34 139 34
-6.079050 4.066669 -0.072335 139 69 19
22.315328 7.726005 -0.030678 34 139 34
-10.713394 -3.584581 0.039180 139 69 19
0.349410 15.887899 1.000192 34 139 34
-17.249551 8.711298 -0.904278 139 69 19
-8.756617 12.814111 -0.548382 139 69 19
-5.710893 -23.613002 0.726285 34 139 34
-20.185277 5.384200 0.197506 139 69 19
-15.959513 0.998427 0.799958 139 69 19
-11.497696 -6.553725 0.202964 139 69 19
20.066687 -16.268095 0.525936 139 69 19
-23.847054 11.213272 0.469377 34 139 34
-18.923417 -16.840401 -0.470573 34 139 34
20.412171 16.310839 -1.009384 139 69 19
2.959658 11.981415 0.277316 139 69 19
-13.067051 10.373353 -0.121079 139 69 19
-20.820321 -5.273228 -0.340812 34 139 34
24.817963 -18.514059 0.122386 139 69 19
-3.009552 -0.575158 0.647089 34 139 34
14.397943 0.640165 -0.599811 34 139 34
-16.344949 -9.514841 0.958018 139 69 19
-23.192386 22.594774 0.109197 34 139 34
-20.002668 4.557257 -0.441931 139 69 19
5.201364 0.379453 0.383884 34 139 34
-6.007007 13.689533 0.125635 139 69 19
10.189121 22.579320 0.460931 139 69 19
20.516367 16.310521 0.167720 34 139 34
1.870123 5.206562 0.386050 34 139 34
11.446008 -0.338185 1.191700 34 139 34
-1.811252 16.213311 0.533332 34 139 34
-1.574340 24.874425 -0.277079 34 139 34
2.193081 -20.671884 -0.505991 34 139 34
-13.544613 -13.107549 -0.938936 34 139 34
17.974149 -4.290102 -0.665527 34 139 34
10.981920 21.336266 -0.068360 34 139 34
-7.595116 16.657873 -0.762626 139 69 19
-5.570938 0.843926 1.102362 139 69 19
-18.679667 -13.079646 0.342760 139 69 19
-5.152902 -5.685444 0.314634 34 139 34
-6.529056 6.865725 -0.411442 139 69 19
-22.590059 0.904517 -0.329261 139 69 19
-3.620603 17.272997 0.139038 34 139 34
16.092998 -15.451094 0.272504 139 69 19
-0.273480 -22.131572 -0.032961 139 69 19
-17.230663 -9.667644 -0.572391 34 139 34
20.405664 -6.476281 -0.012019 34 139 34
23.659893 21.030612 -0.619462 34 139 34
-5.508750 -3.767004 -0.265932 34 139 34
-0.460537 -11.905740 0.712529 34 139 34
-12.143910 -6.582953 0.907252 139 69 19
3.436899 -10.800829 0.389395 139 69 19
-7.932265 -12.271256 -0.385809 139 69 19
22.764732 12.270020 0.427400 34 139 34
13.048408 -11.912817 0.084181 34 139 34
-8.054010 24.891097 -0.782336 139 69 19
11.035654 -21.453488 -0.320658 34 139 34
-1.715148 -6.174174 -0.123052 34 139 34
-1.817809 -12.115208 0.305221 139 69 19
-0.863820 16.430894 -0.370508 34 139 34
5.035125 2.900050 -0.325326 34 139 34
-22.561481 -6.083433 1.054778 34 139 34
-9.370333 -24.653259 -0.627804 139 69 19
11.056803 23.935233 -0.499236 34 139 34
11.736189 -22.959652 -0.749108 34 139 34
-23.910723 23.098621 -0.115454 139 69 19
-24.642467 8.698403 -0.243763 139 69 19
15.042222 -14.686026 -0.058910 139 69 19
14.775057 -4.918192 0.084611 139 69 19
-20.273005 -2.775963 -0.206866 34 139 34
20.056940 3.835823 -0.670771 34 139 34
2.266994 16.670556 -0.510401 139 69 19
10.822899 -5.560825 -0.267169 34 139 34
-16.293755 -20.100841 -0.897121 34 139 34
0.981814 4.968207 -0.146822 34 139 34
21.038270 -13.680788 0.295160 139 69 19
3.702814 20.110403 0.417063 34 139 34
23.504989 14.163149 -0.575225 34 139 34
23.370326 6.536031 0.601923 34 139 34
21.500293 13.059438 0.196727 34 139 34
-4.913526 23.098172 -0.012497 139 69 19
7.913916 21.017832 0.330003 34 139 34
4.035341 24.592216 0.508610 139 69 19
-20.815815 17.252655 -0.544988 139 69 19
-10.545752 6.186557 -0.341950 139 69 19
8.498642 18.117296 0.076237 34 139 34
17.797283 7.555038 -0.704379 34 139 34
6.534633 3.326542 0.317148 139 69 19
14.479502 1.540260 -0.523173 34 139 34
-7.212216 -0.834162 0.838393 139 69 19
-3.539528 20.664604 0.057740 34 139 34
-14.804491 20.373506 -0.307757 34 139 34
20.506157 -18.819398 -0.217503 139 69 19
7.048143 3.497110 1.100783 139 69 19
-15.877222 10.592307 0.245579 34 139 34
11.739983 -17.980037 0.653281 139 69 19
8.522755 -20.451887 0.298609 139 69 19
1.187924 -19.153006 0.007958 34 139 34
3.501490 -24.517022 0.007790 34 139 34
-13.457617 -1.666224 -0.803162 139 69 19
-21.572102 22.406204 -1.276433 139 69 19
-11.281836 6.533214 -0.148584 34 139 34
22.302158 -20.347726 -0.790032 139 69 19
-7.435639 -13.113393 0.236541 139 69 19
-8.330364 8.717366 0.381071 34 139 34
-16.938528 -22.413702 0.128746 34 139 34
-6.206127 12.240687 -0.555082 139 69 19
4.556778 4.409894 0.075018 139 69 19
-20.026654 11.933088 -1.194254 139 69 19
24.496732 -8.772297 0.100140 34 139 34
-23.011734 -22.352497 0.297613 34 139 34
-11.365398 -22.403528 0.039622 34 139 34
24.230805 21.132289 -0.062487 139 69 19
-11.400885 -10.213854 0.549000 34 139 34
-16.097682 -10.731719 0.196466 139 69 19
3.684126 -20.875193 0.039256 139 69 19
21.778982 16.213767 -0.549299 34 139 34
20.596611 -1.514881 -0.696659 139 69 19
-17.830655 7.756052 -1.037919 34 139 34
-10.060483 24.796823 -0.180342 34 139 34
2.753968 16.903485 -0.689955 139 69 19
-1.743834 -19.959583 -0.430658 139 69 19
-18.799205 8.235700 0.323813 34 139 34
-22.726192 -23.969650 -0.037734 34 139 34
2.244280 16.366312 -0.673097 34 139 34
19.639311 14.867439 -0.072078 34 139 34
-21.196000 -7.852665 -0.105220 139 69 19
-10.265351 -22.114789 -0.018752 139 69 19
12.767854 21.088471 0.117969 139 69 19
16.864616 -7.641748 0.236027 34 139 34
-24.542387 11.310380 -0.070206 139 69 19
-8.413271 -12.844198 0.441876 139 69 19
20.110022 14.624793 0.555943 139 69 19
-15.158643 19.242188 0.026204 139 69 19
-0.415463 -14.334158 -0.233021 34 139 34
-20.217259 -19.727997 -0.521736 139 69 19
-24.665558 2.409719 -0.505019 34 139 34
7.716121 2.096644 0.993146 139 69 19
9.174279 1.848158 0.096754 34 139 34
-0.430651 15.732536 -0.203617 34 139 34
-20.475742 24.500756 0.656737 34 139 34
-5.689742 9.142351 0.033347 139 69 19
-8.649477 16.383537 0.134611 139 69 19
-20.456231 -8.923353 -0.146745 34 139 34
0.813293 10.982518 -0.199045 34 139 34
8.619651 18.116945 -0.368795 34 139 34
-19.735089 5.119085 -0.573026 34 139 34
16.195137 -3.956819 0.264108 34 139 34
-15.126617 -15.112449 -0.435675 34 139 34
-3.189211 20.623963 0.059007 139 69 19
4.730854 7.815308 0.531582 139 69 19
-11.710037 -12.842714 0.479468 139 69 19
20.185137 -14.618064 -0.216180 34 139 34
-0.451343 6.449865 -0.116761 34 139 34
-24.983659 20.661249 1.173522 34 139 34
-8.109962 1.929859 -0.321958 34 139 34
0.228507 -6.618372 -0.096123 139 69 19
-22.823601 15.293283 0.082215 34 139 34
23.254880 -18.621128 -0.627367 34 139 34
2.236651 22.131165 0.838801 34 139 34
-19.225571 6.829536 0.024620 139 69 19
-10.001846 -21.757668 -0.485395 139 69 19
10.258814 3.647074 0.491698 34 139 34
-15.999678 0.754766 1.502176 139 69 19
18.407290 -5.721434 -0.334369 34 139 34
0.264322 -24.132719 -0.640438 139 69 19
-8.893211 3.101442 0.278700 139 69 19
2.249183 -8.508797 -0.257513 139 69 19
-22.846060 -22.107453 0.568103 139 69 19
15.793066 -20.759698 0.009309 139 69 19
13.709025 -5.003368 0.828101 139 69 19
-7.713839 24.721998 0.816740 139 69 19
-13.361255 24.652933 -0.191024 34 139 34
16.483614 24.008264 -0.088505 34 139 34
-7.834889 14.336279 -0.531896 34 139 34
-12.458255 -0.091838 0.123662 139 69 19
10.360922 -15.999196 0.141184 34 139 34
10.715952 15.540032 -0.290991 34 139 34
15.363268 -16.274620 -0.048531 139 69 19
-17.387917 -11.497642 -0.414036 34 139 34
-11.089860 -2.813879 -0.284412 139 69 19
13.262065 6.342279 -0.131368 34 139 34
-10.388038 -14.343445 -0.608658 34 139 34
-5.082122 -5.631837 -0.019633 139 69 19
22.921656 -22.084369 0.266440 139 69 19
-4.259860 3.422196 0.157464 34 139 34
-23.425329 -4.246335 0.074622 139 69 19
8.707908 -10.704793 0.818010 139 69 19
20.618322 10.989761 1.060935 139 69 19
-23.151151 3.103697 0.500612 139 69 19
-7.944292 19.296878 -0.211121 34 139 34
15.192091 -16.421965 0.245689 34 139 34
-9.474764 -4.692284 0.526562 34 139 34
-5.171544 14.749982 0.660783 34 139 34
9.932827 20.021932 0.952422 34 139 34
-15.723160 -22.874257 -0.202789 34 139 34
8.366908 -23.624267 0.246420 139 69 19
-2.955814 3.680962 1.012241 139 69 19
11.896832 22.145760 0.239473 34 139 34
3.247734 -19.862210 0.261114 34 139 34
4.994653 -7.049815 0.687056 139 69 19
6.991082 -0.858444 -0.676778 34 139 34
-18.871403 -7.630839 -0.230065 34 139 34
20.157679 -21.305465 -0.071806 139 69 19
24.052311 11.089974 0.181868 139 69 19
7.237944 7.374899 0.305601 34 139 34
-8.013640 3.003450 0.576177 139 69 19
18.442129 4.400570 -0.456302 139 69 19
18.456433 -12.745056 0.602853 34 139 34
-16.041308 12.188953 0.343575 34 139 34
8.221245 9.287642 -0.106650 34 139 34
-9.264153 -2.557917 -0.232214 139 69 19
-4.573716 -8.651051 0.026892 139 69 19
-18.204639 -19.487187 1.115055 139 69 19
-19.581219 -23.791921 -0.368340 34 139 34
0.890582 -8.911216 0.479751 34 139 34
20.245696 -20.587478 0.113279 139 69 19
-8.133144 -5.679261 -0.252129 34 139 34
20.378609 -20.956416 0.696757 34 139 34
-2.159820 -12.981775 -0.602309 34 139 34
-24.829399 21.066562 -0.307768 34 139 34
0.386128 -23.673838 0.383299 34 139 34
8.781949 -24.130691 -0.363835 139 69 19
24.522165 -17.761136 0.201720 139 69 19
20.376698 -5.711650 0.515872 34 139 34
-23.108505 -2.944759 -0.478877 34 139 34
9.113502 18.384250 0.318804 34 139 34
4.873247 17.777176 -0.865170 139 69 19
-6.582056 22.714902 0.054679 139 69 19
-16.225522 21.128847 -0.227904 139 69 19
4.622216 5.260628 0.204503 139 69 19
-0.264807 4.855399 0.052209 34 139 34
-4.511576 7.647063 -0.477997 139 69 19
-14.723467 15.038893 0.892354 34 139 34
5.364469 -0.150795 -0.640946 34 139 34
-19.653497 14.931870 0.172835 139 69 19
4.196283 -10.421855 -0.092912 34 139 34
12.139593 -18.185183 0.708737 139 69 19
-13.800234 -10.993486 0.068947 139 69 19
-10.079143 0.659223 0.045285 34 139 34
-12.064519 -11.851072 -0.126916 34 139 34
23.016069 -14.673177 -0.290004 139 69 19
-22.932798 1.093039 -0.813854 139 69 19
-20.817281 -15.382442 -0.265706 139 69 19
-17.646663 -14.186351 -0.127612 139 69 19
17.104779 -18.513888 -0.634858 139 69 19
-15.374973 24.405877 1.184212 139 69 19
0.133217 -14.589190 -0.025711 139 69 19
17.887563 -16.066571 -0.251471 34 139 34
16.002439 9.445181 0.790877 139 69 19
-0.907020 -7.736064 0.787235 34 139 34
-3.702551 15.653259 -0.334378 34 139 34
-14.200059 -18.520704 -1.193273 34 139 34
23.338463 18.149338 -0.344406 34 139 34
-21.950398 -16.155149 -0.305680 139 69 19
16.876016 14.726824 0.516975 139 69 19
-7.582178 24.362038 0.797303 139 69 19
20.444940 -0.608468 -1.035527 34 139 34
-8.837235 20.884138 0.337571 139 69 19
2.948570 -15.897383 0.337391 139 69 19
-8.034668 -22.084423 -0.462077 139 69 19
-10.456359 -12.086918 0.370564 139 69 19
-17.468414 15.416756 -0.338346 34 139 34
2.020750 24.888163 0.571553 139 69 19
14.261520 -1.890160 -0.066583 34 139 34
2.381532 0.078355 -0.725377 34 139 34
7.688053 3.431504 -0.857437 139 69 19
15.322760 8.462947 0.168073 34 139 34
-9.222732 15.571124 -0.928578 139 69 19
-18.915292 -10.876566 -0.433790 139 69 19
-12.676772 -9.993421 0.644058 34 139 34
12.416369 -20.168558 -0.284310 139 69 19
10.757557 18.736429 0.925137 139 69 19
8.437142 -3.598156 -1.013563 34 139 34
-20.102653 3.741265 -0.435521 139 69 19
20.078450 15.222444 -0.286945 139 69 19
18.170652 23.520737 -0.522730 139 69 19
18.625671 -14.791708 0.873146 34 139 34
11.351489 -20.660341 0.440643 34 139 34
24.115595 1.560442 0.274075 34 139 34
-14.026205 23.353590 0.224912 34 139 34
-21.912376 5.258954 -0.263723 34 139 34
-9.961290 7.700898 1.240779 139 69 19
8.612190 -14.844935 0.102256 139 69 19
-0.893988 19.683569 -0.707146 139 69 19
-21.338103 17.886605 0.594345 34 139 34
21.788760 19.600348 0.949263 139 69 19
15.608436 2.295166 0.125200 34 139 34
-17.394893 -10.054553 -0.411740 139 69 19
-15.235269 -14.864779 -0.643078 34 139 34
12.641172 -3.820060 -0.500660 34 139 34
-8.580131 -11.204434 0.185712 34 139 34
-7.086045 16.454786 -0.149371 139 69 19
-12.599256 2.677106 -0.498252 34 139 34
20.145376 15.723478 -0.389576 139 69 19
-24.773940 -22.622858 0.445507 34 139 34
5.148100 -5.455625 1.027922 139 69 19
0.149641 -23.050502 0.770986 34 139 34
1.316069 10.129103 0.330658 34 139 34
12.395374 -4.269862 -0.406689 34 139 34
20.210414 -21.183849 0.644145 139 69 19
9.825763 -8.122916 -0.190129 34 139 34
17.738210 23.389256 0.728212 139 69 19
-15.347076 -8.506674 -0.110614 34 139 34
-19.727536 -22.416515 0.402381 139 69 19
-6.905805 23.210922 1.522182 34 139 34
18.794916 -9.324667 -0.129054 139 69 19
-3.266443 -10.613409 -0.532895 34 139 34
-18.862343 18.706779 -0.045627 139 69 19
-18.456066 3.323747 0.169811 139 69 19
-20.622500 -4.700940 -0.669293 139 69 19
16.868045 13.986919 0.454736 139 69 19
13.521418 14.183000 -0.682345 34 139 34
17.906295 -3.281508 -0.271092 139 69 19
12.250421 7.635456 0.122369 139 69 19
12.837974 4.144097 -0.364966 34 139 34
-3.512300 -24.840702 -0.207527 139 69 19
8.446989 20.293195 0.579135 34 139 34
9.233005 18.213359 -0.709210 34 139 34
4.108710 -24.138411 -0.295800 139 69 19
11.925578 16.440896 -1.011778 34 139 34
21.168177 10.585248 -0.334683 139 69 19
-19.956990 18.766907 -0.263509 139 69 19
-18.117181 21.217695 0.750131 34 139 34
-22.588297 -18.098606 -0.533663 34 139 34
-2.935338 -0.345086 0.004374 34 139 34
-7.195447 20.048216 0.616882 34 139 34
-15.637215 -2.390128 0.686356 34 139 34
-0.747398 20.530085 0.061772 139 69 19
-2.390064 6.192668 -0.387308 34 139 34
24.631107 -3.914995 0.993344 139 69 19
2.711063 -16.306524 -0.021607 139 69 19
24.135769 15.472519 0.520553 34 139 34
7.647439 -17.548637 0.261940 139 69 19
15.317038 12.511177 0.874390 34 139 34
-11.012540 -22.426905 1.078009 139 69 19
4.229294 -8.633958 -0.519759 34 139 34
-21.870088 -16.885767 0.577805 139 69 19
14.671468 24.624681 -0.206990 34 139 34
-5.931976 5.380477 0.439471 139 69 19
-11.577469 -12.191644 0.158453 34 139 34
-18.373936 -7.980095 0.174294 139 69 19
-21.288361 9.292080 0.512455 34 139 34
-21.596757 11.396762 0.320507 34 139 34
6.580588 11.878383 0.256946 34 139 34
6.021768 23.223181 -0.494073 34 139 34
-7.606364 13.494077 1.174040 34 139 34
10.054894 -12.825708 -0.553377 34 139 34
21.269648 2.894051 -0.622528 139 69 19
2.750977 2.709141 -0.598204 139 69 19
16.018336 -24.205622 0.042519 139 69 19
12.654115 20.112849 -0.300371 139 69 19
12.982960 21.629587 0.215062 34 139 34
-10.680963 -20.574056 -0.809511 139 69 19
16.060651 -2.264491 -0.123527 139 69 19
-4.530664 23.512876 0.921266 139 69 19
6.930191 -18.450194 0.711904 34 139 34
-19.187442 7.944442 -0.635153 34 139 34
9.203114 -7.406985 0.741132 139 69 19
-22.980380 -14.001597 0.046517 34 139 34
13.243206 -15.307773 -0.913873 34 139 34
9.722852 -10.095441 -0.310628 34 139 34
-9.639381 -18.090066 -0.602938 34 139 34
-6.925695 15.940242 0.236000 139 69 19
2.658397 17.246590 -0.933137 34 139 34
4.112223 18.495342 0.396139 139 69 19
-17.078838 19.998745 0.359380 139 69 19
-22.072144 -8.459805 -0.032738 139 69 19
-9.517898 9.324680 0.001726 139 69 19
-5.719722 -12.859559 -0.662462 34 139 34
16.022408 23.896220 -0.523709 34 139 34
17.944726 2.405528 -0.223473 34 139 34
-12.981884 -16.679909 -0.131232 34 139 34
14.264983 -13.645736 -0.638091 139 69 19
-6.302610 1.902241 0.846716 139 69 19
9.268265 -23.714755 0.540394 34 139 34
-16.662086 4.205149 -0.650539 139 69 19
-15.719236 -19.942552 -0.155851 34 139 34
22.870108 14.764517 0.085579 139 69 19
-24.327078 21.309110 -1.074550 139 69 19
9.847017 -18.076029 -0.069092 139 69 19
22.035408 -24.092457 0.157949 34 139 34
-12.522068 18.632589 -0.881792 139 69 19
-1.262015 -2.951744 0.286048 34 139 34
-16.793915 8.562360 -0.459991 34 139 34
-2.079019 -11.063267 0.060013 34 139 34
-19.871016 -4.102795 -0.013777 34 139 34
20.340368 -11.231981 -0.696796 139 69 19
-13.088109 -3.914768 0.293531 139 69 19
-12.053141 24.409982 0.028845 34 139 34
-23.189611 23.694187 -0.019125 34 139 34
10.579381 0.528463 0.023279 34 139 34
-24.305449 15.043457 -0.408180 34 139 34
15.989810 13.471646 0.122029 34 139 34
19.428432 -11.031116 -0.197743 34 139 34
-5.087486 -22.592025 0.195279 34 139 34
7.165715 16.257288 -0.506620 139 69 19
24.871670 -23.109011 0.169684 139 69 19
14.498805 -2.866084 0.517212 34 139 34
15.741571 -13.387708 1.184494 34 139 34
-11.364960 17.777534 -0.086949 34 139 34
2.287736 -21.387139 -0.714916 139 69 19
-7.613856 -6.899900 -0.133861 34 139 34
-5.569603 0.784227 0.063088 34 139 34
6.341910 -20.880300 -0.381412 34 139 34
-16.300030 -4.898217 0.684383 34 139 34
-21.254212 -8.090343 0.241553 139 69 19
-0.040189 17.851460 0.108747 139 69 19
-20.706176 -10.723599 0.789137 139 69 19
20.954667 15.201052 0.210317 139 69 19
-4.842377 -11.849919 1.208478 34 139 34
16.264205 -11.972720 -0.149798 34 139 34
19.543781 -24.805675 -0.083601 139 69 19
4.207197 -8.936600 -0.414073 139 69 19
20.739876 18.552863 0.137931 139 69 19
13.124467 -24.631212 -1.349650 139 69 19
17.790414 -1.994614 0.142625 139 69 19
13.707010 19.379930 -0.422171 139 69 19
20.395981 23.072730 0.859087 34 139 34
-7.760262 17.600397 -0.506597 139 69 19
-23.180244 22.329148 0.214240 34 139 34
-21.757194 4.985095 0.737935 34 139 34
15.792029 20.883748 0.402813 34 139 34
2.739757 -23.102781 -0.047479 139 69 19
23.614108 -23.716198 -0.762594 34 139 34
5.673391 -19.241691 -0.174149 139 69 19
-11.464873 3.384217 -0.126922 139 69 19
4.774634 10.796459 -0.706518 139 69 19
18.213259 8.746693 -0.281107 139 69 19
20.079463 -4.365513 0.256769 34 139 34
1.306040 -4.637764 -0.532927 34 139 34
-4.653424 18.214914 -0.748337 34 139 34
5.146635 8.427806 0.675519 34 139 34
-2.085230 -14.932479 -0.394786 34 139 34
-19.755513 5.055057 -0.225999 139 69 19
-21.537128 -17.619427 -0.109844 139 69 19
12.392933 10.912818 0.310796 139 69 19
-1.839117 -21.980926 -0.685998 139 69 19
2.674006 19.013276 -0.691342 34 139 34
-0.395764 -9.958995 0.361485 139 69 19
0.869057 -11.319740 1.212031 139 69 19
18.308122 23.040945 0.035457 139 69 19
-23.714691 23.019701 0.360834 139 69 19
-19.425238 22.151539 0.717744 139 69 19
13.991578 -4.780974 -1.324272 34 139 34
14.521801 -5.200494 -0.283530 34 139 34
22.412392 -5.106981 0.247990 34 139 34
4.221108 -12.361035 0.350216 139 69 19
7.462209 14.409813 0.061639 139 69 19
-21.803057 18.987992 0.585747 34 139 34
-4.286563 -5.861876 -0.567625 139 69 19
-19.015941 6.611182 -0.449819 34 139 34
-1.368872 -24.232339 0.281752 34 139 34
-23.153029 -9.743559 -0.184108 34 139 34
7.054703 -12.982497 0.166101 139 69 19
-24.682728 -8.844101 1.194704 139 69 19
-14.565699 -5.975273 -0.559468 139 69 19
6.163552 -11.042684 -0.587647 139 69 19
11.693799 0.401198 0.034544 34 139 34
16.760372 -3.895631 0.406999 139 69 19
-24.048173 -24.294188 0.177772 34 139 34
-14.895320 -16.798938 -0.649618 34 139 34
-7.656263 -21.402345 0.422096 139 69 19
18.020436 -16.729353 -0.660735 139 69 19
-14.962341 -15.939103 0.141581 34 139 34
-23.341573 -3.219473 -0.716744 139 69 19
-2.605997 7.461986 0.335674 139 69 19
7.244979 7.971835 0.195925 139 69 19
-24.062934 5.065762 -0.144470 34 139 34
-3.131019 -8.091074 0.413852 139 69 19
23.116576 18.810102 0.151546 34 139 34
16.988903 13.210604 0.323201 34 139 34
-0.983589 -16.364558 -0.368520 139 69 19
-20.803512 -18.343198 -0.437843 139 69 19
7.309320 -19.406059 -0.665224 34 139 34
7.545320 15.488989 0.285435 139 69 19
-15.002398 -6.241616 -0.815333 34 139 34
-19.233462 3.784514 0.975999 34 139 34
21.830153 16.944845 0.260343 34 139 34
-9.433182 -16.378547 0.136009 139 69 19
-19.997840 8.726741 -0.266306 139 69 19
16.962745 19.743890 0.799354 34 139 34
-13.315594 24.343404 0.323552 34 139 34
-19.002470 0.227272 0.195743 139 69 19
5.479654 13.461690 -0.336631 34 139 34
2.518533 10.708807 0.323781 34 139 34
6.213803 -19.798526 0.444593 34 139 34
-22.556942 -5.661092 0.917246 139 69 19
21.010614 17.672883 -0.504558 139 69 19
-3.600808 15.668638 -0.085408 139 69 19
2.225844 12.146097 0.694695 34 139 34
0.092736 6.337264 0.324706 139 69 19
-19.562803 4.311543 -0.115435 34 139 34
24.738222 2.767563 1.057911 139 69 19
17.099922 21.187214 -0.789186 139 69 19
-8.838592 -12.434252 0.877619 139 69 19
24.731655 -12.942649 0.463550 139 69 19
-19.303352 -5.863356 0.189624 139 69 19
18.796806 3.138633 -0.469828 139 69 19
-19.341014 11.343747 -0.295313 34 139 34
-15.970941 -3.514394 -0.381953 34 139 34
-16.477277 17.517388 1.071925 34 139 34
17.387123 -21.070297 0.504142 34 139 34
-5.853186 6.474257 -0.209120 34 139 34
9.699418 3.383097 0.386578 34 139 34
9.915251 -24.200886 -0.134430 139 69 19
-8.582135 -17.871715 1.325242 34 139 34
24.381294 3.057827 -1.585678 139 69 19
23.261780 13.827724 -0.329534 34 139 34
-22.691426 2.814168 -0.018651 139 69 19
8.403387 1.603953 -0.424715 139 69 19
-15.517542 2.809165 -0.449338 34 139 34
23.504052 -2.038186 0.450616 34 139 34
-0.621209 0.867861 -0.283870 34 139 34
-2.658222 -16.961119 0.213183 139 69 19
5.414913 -10.390902 -1.219399 139 69 19
-6.509569 -22.667425 0.473993 34 139 34
-20.868100 -13.752348 0.030994 139 69 19
-18.401406 17.539803 0.293213 139 69 19
9.478285 -2.018446 -0.145998 34 139 34
6.233599 -13.116260 0.257866 34 139 34
14.387794 4.266543 -0.688053 34 139 34
0.859500 14.470338 -0.623411 139 69 19
20.852056 -12.427950 0.434532 34 139 34
19.095475 -18.704741 -0.594993 34 139 34
-15.784299 4.260090 -0.530008 139 69 19
-23.743555 -2.860368 -0.364854 34 139 34
4.374419 -1.805284 0.495829 139 69 19
8.891280 -1.707449 0.304805 139 69 19
1.384287 -15.952689 0.034930 139 69 19
24.274157 -15.551156 -0.490666 34 139 34
8.392079 17.016284 0.323156 34 139 34
7.410885 -21.503611 0.545693 34 139 34
-5.367685 -15.695991 -0.320383 139 69 19
22.348242 -12.166076 0.302541 34 139 34
-11.947595 7.111171 0.388146 34 139 34
-6.911631 -10.004927 -0.513187 34 139 34
-7.670487 14.043356 -0.067398 139 69 19
-12.196135 -5.175114 0.389336 34 139 34
20.889490 12.817028 0.058077 34 139 34
-22.469506 -10.913497 0.445666 34 139 34
-3.645801 -19.739246 -0.139847 34 139 34
-17.990144 -20.834083 0.930336 34 139 34
21.727198 4.006656 0.341518 139 69 19
12.600671 -20.741382 0.370988 139 69 19
18.105190 -18.143548 -0.856388 34 139 34
0.088213 -15.952195 0.111581 34 139 34
10.776271 21.415586 1.020716 139 69 19
22.671149 -12.416255 -0.282143 34 139 34
-9.660247 19.415183 -0.057777 139 69 19
-23.998708 3.862166 -0.339093 34 139 34
1.051993 2.361992 -0.385578 139 69 19
22.496176 -3.370592 -0.585362 139 69 19
13.879234 0.090215 -1.143348 34 139 34
-0.173657 -15.829729 -0.035494 139 69 19
19.433601 -5.664058 0.578807 34 139 34
22.637154 -8.778027 0.049945 34 139 34
-7.014043 -23.522545 -0.838105 139 69 19
6.488717 0.099747 -0.797789 34 139 34
6.067158 -7.803716 1.679595 34 139 34
-23.216389 -18.436948 -0.640753 139 69 19
22.676471 -9.292148 0.561716 139 69 19
12.540610 2.150726 -0.174238 34 139 34
8.698838 -4.598309 -0.185643 34 139 34
19.052561 21.761078 0.107042 34 139 34
-24.609010 -9.458516 -0.017722 139 69 19
-21.797056 -3.282952 0.314107 34 139 34
-3.820254 3.723524 -0.286272 139 69 19
9.253859 4.722148 0.644479 139 69 19
-19.463073 0.196712 -0.342697 34 139 34
-10.707591 -18.330672 0.000276 139 69 19
8.755003 7.684720 0.656457 139 69 19
12.381091 18.845477 -1.059747 139 69 19
-16.630984 9.639726 -0.819990 34 139 34
3.438379 -23.128278 -0.077892 34 139 34
1.568246 -21.282140 -0.511076 34 139 34
-4.020194 11.953808 -0.943708 139 69 19
8.136538 -22.037145 -0.564008 34 139 34
2.998951 20.828178 -0.224061 34 139 34
10.289410 20.474839 0.207821 139 69 19
23.882440 -20.256664 -0.473098 139 69 19
-6.507118 0.113666 -0.695793 139 69 19
0.551418 17.451102 0.371068 34 139 34
10.129920 -22.454223 0.050229 139 69 19
-19.086707 -8.624291 -0.710390 139 69 19
1.968601 -23.152458 0.340921 139 69 19
-11.856338 9.529532 -0.046499 139 69 19
3.405205 -22.104345 0.244535 34 139 34
22.070643 -2.169121 -0.759155 34 139 34
-14.993363 -5.348885 -0.592080 139 69 19
20.251807 -14.117876 0.340191 139 69 19
7.522161 10.430281 0.475528 139 69 19
-19.204112 -7.159930 -0.347139 34 139 34
-17.932415 2.121522 -0.809336 139 69 19
-9.392904 -7.141873 0.203424 34 139 34
16.082305 10.995527 -1.220124 139 69 19
1.188648 -22.739417 -0.274743 139 69 19
13.473357 1.744334 0.837394 139 69 19
-15.083067 -3.493802 0.281008 34 139 34
11.131705 16.016983 0.316539 34 139 34
1.389241 -5.127623 0.727267 139 69 19
-9.633656 -21.121718 -0.131793 34 139 34
6.934635 -10.580551 0.524026 34 139 34
-21.644274 10.734544 1.252797 139 69 19
3.874831 18.037967 0.398637 139 69 19
-0.199129 3.451138 -0.469919 34 139 34
-9.913721 -4.943596 0.549622 139 69 19
-7.312694 -6.390016 0.544730 139 69 19
10.970053 23.832667 -0.098066 139 69 19
-22.469950 7.463013 -0.385012 139 69 19
-11.398038 16.970217 0.983334 139 69 19
-19.688182 18.897596 0.277727 34 139 34
3.003176 -12.909187 -0.623339 34 139 34
6.110866 -5.165494 0.266747 34 139 34
-16.473732 0.142300 -0.125947 139 69 19
-3.970946 16.587563 -0.504641 34 139 34
-22.045231 3.731934 -0.202447 139 69 19
12.678602 -14.174170 0.678987 34 139 34
10.397193 -20.840701 1.081991 139 69 19
19.546943 2.458488 0.354170 34 139 34
-3.778813 -4.619987 -0.098393 34 139 34
-14.632751 -21.319341 -0.324400 139 69 19
8.271126 24.137166 -0.078068 139 69 19
15.420625 11.356322 0.207956 139 69 19
10.464331 7.322653 -0.474535 34 139 34
-23.019669 8.294762 0.364833 34 139 34
-21.785456 -22.011528 0.224535 139 69 19
-24.038681 14.610976 0.355990 139 69 19
16.009630 10.602044 0.057380 34 139 34
23.835085 15.487070 0.161696 34 139 34
17.942622 -1.060870 0.102707 139 69 19
21.297535 -15.265966 0.350541 34 139 34
20.294721 -11.389362 0.185431 34 139 34
-16.856751 15.364704 -1.253845 139 69 19
22.983976 -11.006428 -0.130049 34 139 34
22.896143 -22.547681 0.176410 139 69 19
-22.043120 11.379963 0.890148 139 69 19
-0.814193 -15.585369 -0.561962 139 69 19
7.854311 8.338165 -0.472906 34 139 34
-19.363301 4.345999 0.697297 34 139 34
-2.874498 19.638787 0.279116 139 69 19
-12.090451 24.243622 -0.300094 139 69 19
-23.121853 4.918503 -0.058410 34 139 34
9.798236 -8.979756 0.084018 34 139 34
-23.636119 -19.863551 0.153467 139 69 19
4.124414 -21.738617 0.122806 34 139 34
-21.150224 -22.170614 -1.069055 139 69 19
-12.098852 7.582872 0.261296 139 69 19
23.794259 13.074311 -0.219127 139 69 19
22.983679 -23.301878 -0.507064 139 69 19
-20.747797 23.575744 0.510914 34 139 34
-5.017051 5.053756 -0.239048 34 139 34
2.945594 -17.386841 0.245122 34 139 34
21.856356 14.310665 0.099833 34 139 34
15.049495 -23.636744 0.974786 34 139 34
18.218646 9.973337 -0.504818 34 139 34
13.809948 -1.147920 0.510917 139 69 19
20.073596 19.246424 0.389705 34 139 34
10.896173 16.333254 -0.184757 139 69 19
5.537411 19.598290 0.271235 34 139 34
18.810818 -22.468957 -0.084952 139 69 19
-12.434357 22.538823 0.263317 34 139 34
8.972940 -16.373333 0.480091 139 69 19
-6.788971 -0.247288 0.106529 139 69 19
7.802545 -10.522611 -0.261241 34 139 34
0.673927 18.272839 -0.367142 34 139 34
22.321801 -12.991784 -0.069138 34 139 34
-14.541794 -9.176024 -1.707655 139 69 19
24.511719 11.873612 0.480109 34 139 34
-24.971644 -2.394834 -0.455522 34 139 34
9.532372 -19.774178 0.504349 139 69 19
12.635417 7.218342 -0.523840 139 69 19
-0.922242 -9.886578 -0.034433 34 139 34
22.053472 16.742868 -0.204045 139 69 19
7.848805 -21.000943 0.808783 34 139 34
12.407006 -9.387664 0.570478 139 69 19
-0.881482 -8.658421 0.446508 34 139 34
-14.656144 14.534689 0.614929 139 69 19
13.955387 20.400037 0.444728 139 69 19
7.637994 3.279507 0.133295 34 139 34
-24.270652 -22.653819 -1.041636 139 69 19
10.627111 17.726625 -0.466702 139 69 19
-3.906647 -17.272548 -0.440583 139 69 19
-9.432919 -21.766032 -0.192100 34 139 34
10.932291 14.400136 -0.693668 34 139 34
-22.570075 -22.193986 -0.059519 34 139 34
10.258394 -6.551814 0.210847 139 69 19
-9.126298 -7.862570 0.169223 139 69 19
21.420226 -18.584290 -0.260523 139 69 19
20.392493 -6.557459 0.307525 139 69 19
5.184700 16.694088 -0.976402 139 69 19
11.560086 -4.548905 0.194112 34 139 34
-11.002664 24.144579 0.450614 34 139 34
0.116896 20.281212 0.408818 34 139 34
22.655260 -5.534399 0.381885 139 69 19
1.840760 -21.643079 0.235511 34 139 34
-16.888915 13.473667 0.681294 34 139 34
-8.603278 19.416950 -0.069455 34 139 34
-9.072614 -13.882565 0.098999 139 69 19
22.438915 -19.351222 -0.820625 34 139 34
11.929188 -10.172202 0.528718 34 139 34
-7.268997 15.078254 0.202000 34 139 34
11.771386 8.740991 -0.183805 139 69 19
23.680160 -15.189054 -0.211056 139 69 19
-15.571413 14.245011 -1.167973 34 139 34
-23.412874 13.251367 -0.364191 34 139 34
23.698657 21.585841 -0.366936 139 69 19
15.330133 -16.323203 0.177376 139 69 19
-2.534077 -7.837387 0.868636 34 139 34
-22.394013 3.304706 -0.775640 139 69 19
-15.786479 18.900975 0.002362 34 139 34
-0.803754 -11.341646 -0.275684 34 139 34
12.987135 -12.176029 0.023505 139 69 19
9.998698 20.384713 -0.670747 139 69 19
11.515433 18.411038 -0.364995 139 69 19
-18.786769 9.272102 -0.415663 139 69 19
-22.376188 3.777754 0.214256 34 139 34
14.615243 -16.012849 -0.185222 34 139 34
11.391028 7.884506 0.223384 139 69 19
24.224617 13.563282 0.032431 139 69 19
10.367373 17.081300 -0.711699 139 69 19
5.533335 -22.950258 0.031854 34 139 34
21.554628 21.600608 0.253761 34 139 34
-3.902846 24.853804 0.576127 34 139 34
-13.758642 21.554897 -0.258895 139 69 19
-5.467180 19.234245 -0.442134 139 69 19
-12.275715 -0.427986 0.265574 34 139 34
-24.601915 10.871451 -0.016642 139 69 19
-0.614240 11.522520 -0.129478 34 139 34
-6.765016 -1.030201 -0.026970 34 139 34
8.734745 5.877493 0.067000 34 139 34
23.317407 0.373757 0.166183 34 139 34
5.374030 12.590542 -0.628619 34 139 34
-9.007701 -14.747269 -1.078370 34 139 34
-2.904146 -12.693974 -0.450376 34 139 34
6.140540 6.876116 0.348194 139 69 19
1.826974 22.548917 0.517163 34 139 34
-24.284499 -19.463686 -0.704665 34 139 34
17.278149 12.410436 0.508280 139 69 19
-2.400117 4.480803 1.654944 34 139 34
-15.612336 23.528122 0.221237 139 69 19
4.564781 18.896736 -0.266536 139 69 19
17.666443 -23.082323 -0.683357 34 139 34
7.920144 -18.254318 1.076705 34 139 34
2.663210 -13.184788 0.386981 139 69 19
-24.017708 -9.450317 -0.272974 139 69 19
19.072862 -13.062428 0.067246 139 69 19
-17.784243 -12.223335 -0.602796 139 69 19
21.885057 1.289657 0.494870 34 139 34
-11.348104 -1.877641 0.127538 139 69 19
-10.853426 -16.907826 -0.524179 139 69 19
8.885852 -13.337489 -0.098023 34 139 34
5.601688 5.799284 0.585144 34 139 34
24.651911 -14.662263 -0.144009 139 69 19
-21.231279 -7.868018 -0.442338 34 139 34
-23.844959 9.057373 -0.025216 139 69 19
-4.621819 -18.296462 -0.159521 34 139 34
14.623925 23.012042 -0.540867 34 139 34
24.551788 2.126333 0.338315 34 139 34
4.320337 2.048060 -0.136740 34 139 34
4.844246 17.633258 -0.767420 34 139 34
-24.056378 -7.272752 0.089299 34 139 34
16.702498 11.513049 -1.171536 139 69 19
21.722350 12.632230 -0.971424 139 69 19
21.887659 -9.664489 0.505590 34 139 34
15.903931 -22.592455 -0.157443 34 139 34
2.536360 -19.234643 -0.129850 34 139 34
21.924444 -5.522366 0.798679 34 139 34
-15.557225 -18.338407 0.013466 139 69 19
-2.218929 -8.032312 -0.020837 34 139 34
15.442113 23.444710 0.604798 34 139 34
-4.364328 9.107417 0.028621 34 139 34
-3.661254 9.825528 -0.296147 139 69 19
6.158980 9.334315 0.516930 139 69 19
-8.585267 14.375248 -0.990260 139 69 19
-6.616865 -20.909701 0.498313 139 69 19
-10.898359 18.120315 -0.049439 139 69 19
23.082201 5.766481 0.771494 139 69 19
19.972628 15.231344 0.780409 34 139 34
19.443982 10.229846 0.617309 34 139 34
19.924915 -6.977248 0.538733 139 69 19
10.970059 -13.790621 0.621970 34 139 34
14.760513 9.418000 -0.098795 139 69 19
3.304767 7.094375 -0.508964 34 139 34
-9.773635 7.127399 0.304232 34 139 34
19.587315 -20.644499 -0.434081 34 139 34
-20.315161 -18.935911 -0.032508 34 139 34
17.010760 4.736155 0.007763 139 69 19
-18.003861 2.903382 0.002000 139 69 19
-15.460725 -11.943558 -0.157220 34 139 34
13.447860 -21.724006 -0.197510 139 69 19
22.830432 -9.419736 -0.016881 139 69 19
3.225138 -2.486301 -0.142968 139 69 19
0.271585 -4.392959 0.322404 139 69 19
-0.913521 -8.469642 -1.317896 139 69 19
-20.406117 -12.449769 -1.275668 34 139 34
-11.365490 -19.153839 0.187836 34 139 34
-0.671597 0.399472 -0.508056 34 139 34
12.127634 0.051483 -0.491249 139 69 19
13.721373 8.658832 -0.340035 139 69 19
10.992804 -6.509066 0.708107 139 69 19
-10.175116 -22.917610 0.143617 34 139 34
-1.754259 15.100566 0.004653 139 69 19
10.681948 3.222420 -0.367756 34 139 34
15.989389 12.604711 0.585090 34 139 34
24.606542 -10.035402 -0.951103 34 139 34
-7.067973 16.278696 0.666971 139 69 19
-22.758956 13.343561 -0.145745 34 139 34
-6.309052 24.034018 0.000341 139 69 19
2.150679 -24.521902 0.077470 34 139 34
-12.078373 -18.511885 0.452485 139 69 19
20.964402 16.312033 -0.343835 139 69 19
-22.754291 -2.439461 -0.039103 34 139 34
-20.080061 2.281907 -0.653489 139 69 19
-4.897475 6.976207 -0.253626 34 139 34
-4.832769 -3.749196 0.219561 34 139 34
-23.798900 12.071944 0.502943 139 69 19
24.797419 16.968980 0.061422 139 69 19
-8.154479 -9.824303 -0.674264 139 69 19
-1.351971 1.798229 -0.338829 139 69 19
6.686070 -3.402946 -0.039241 34 139 34
9.797415 -18.623547 -0.519428 34 139 34
5.186136 -0.969738 -0.410883 139 69 19
-6.515316 9.530637 0.595165 34 139 34
-24.845788 0.147236 -0.029195 34 139 34
-2.771272 -10.234809 -0.835573 34 139 34
3.779667 -16.873861 0.769347 139 69 19
-1.084738 -23.872046 0.497224 34 139 34
9.454705 -1.398224 0.288655 34 139 34
-19.194620 12.998597 0.017133 34 139 34
8.272400 14.578287 0.001512 34 139 34
-7.435452 -12.338506 -0.937484 139 69 19
19.837961 -10.178525 0.211596 34 139 34
-5.822668 7.433695 -0.381341 139 69 19
-1.086947 -20.723218 -0.218074 139 69 19
-16.092101 -23.309170 -0.650136 139 69 19
20.689565 -1.621465 -0.065471 34 139 34
19.928820 -16.117203 0.147855 34 139 34
17.204977 7.799799 -0.457951 34 139 34
-6.019080 -9.037893 -0.617876 139 69 19
21.803675 -22.384921 0.210124 139 69 19
-21.673268 24.953738 -0.583133 34 139 34
-3.296162 13.377232 -0.575041 139 69 19
-23.887648 -9.449638 0.801627 34 139 34
-9.937375 14.939323 0.635208 139 69 19
22.903623 1.923651 -0.512074 139 69 19
24.212590 -2.029383 0.823230 139 69 19
9.795345 -2.792698 -0.287561 139 69 19
5.599707 1.075324 -0.017337 139 69 19
-3.340260 -23.148521 0.099924 139 69 19
-10.556803 5.811749 0.001096 139 69 19
-13.833382 -8.323949 1.220105 139 69 19
18.330573 -24.953736 -0.329150 139 69 19
-0.403915 -24.908994 0.463771 34 139 34
22.557916 15.813550 0.051160 139 69 19
-5.585328 21.636665 -0.089732 139 69 19
12.446362 -9.957702 0.121648 139 69 19
-22.419367 11.821200 -0.362071 139 69 19
8.399365 -3.873096 -1.046902 139 69 19
-22.950347 23.820246 -0.929384 34 139 34
-2.539712 -18.251304 0.488232 34 139 34
-5.599724 22.273173 0.381790 139 69 19
-2.465950 4.508372 0.194685 139 69 19
9.106604 -0.479407 0.466309 34 139 34
-8.768916 2.240852 -0.042267 139 69 19
-6.791272 -15.804336 0.579100 34 139 34
18.208587 -6.012617 -0.091407 139 69 19
0.527138 -4.194468 0.261375 139 69 19
-2.956644 -16.142729 -0.085528 139 69 19
21.343182 -6.909415 -0.033592 139 69 19
16.025380 -7.888303 -0.185190 34 139 34
5.967511 -23.727052 -0.412787 139 69 19
8.553343 9.550915 0.264724 139 69 19
11.103085 21.403116 0.455020 34 139 34
-11.070826 22.622122 0.274384 139 69 19
-0.503321 16.046641 0.366481 139 69 19
23.386347 9.844465 -0.543589 139 69 19
-9.032480 -14.928040 -0.197202 139 69 19
5.623526 24.007964 -1.120022 139 69 19
-18.327520 -24.133790 0.339105 139 69 19
-1.107760 -6.504146 -0.042610 139 69 19
1.217160 -2.803608 -0.423720 34 139 34
16.840465 -16.189892 -0.894544 139 69 19
-2.393175 24.413297 0.386576 34 139 34
-13.824818 2.632295 0.597677 34 139 34
-9.757793 2.438793 -0.235565 34 139 34
0.500168 4.616427 -0.121570 34 139 34
-0.049852 -21.511984 0.089539 34 139 34
17.315503 -20.530459 0.841095 139 69 19
3.930413 -3.747922 -0.145112 34 139 34
11.028542 18.388390 0.057270 34 139 34
3.873847 17.001457 -0.771369 139 69 19
22.579794 8.401478 0.396674 139 69 19
-20.608273 18.650628 0.505516 139 69 19
-16.549477 20.295616 0.138032 34 139 34
-19.786349 -4.218229 -0.273807 34 139 34
18.017676 -9.629087 0.105471 139 69 19
-4.901772 -1.409930 0.048893 34 139 34
23.946948 16.014669 -0.007622 34 139 34
0.723765 5.580914 -0.401795 139 69 19
-21.597783 -17.885695 -0.524403 34 139 34
6.262191 15.215311 0.054265 139 69 19
-0.471982 -19.304529 -0.032012 139 69 19
24.791786 -12.733548 0.090386 139 69 19
13.568567 24.420524 -0.341770 34 139 34
-10.901035 -15.046713 0.206520 139 69 19
13.731092 -21.887591 -0.345772 34 139 34
-8.977545 2.879831 0.220235 139 69 19
-9.522878 12.338184 -0.292092 139 69 19
19.719635 -24.872027 0.563664 34 139 34
-6.696664 11.564822 -0.048300 139 69 19
-0.713301 18.038619 -0.812660 34 139 34
3.432814 20.933430 0.796954 34 139 34
-10.186732 21.783440 0.292661 34 139 34
5.467010 23.088972 0.273667 139 69 19
-0.606148 -21.223199 0.192851 34 139 34
-15.876683 3.826906 -0.549782 139 69 19
6.718298 22.312191 0.039779 139 69 19
-16.630372 -4.248921 0.322821 139 69 19
-15.681717 -3.192778 0.162286 139 69 19
2.421512 -15.465139 0.975491 139 69 19
-15.965154 21.830237 -0.118661 34 139 34
9.695080 0.679097 0.498323 139 69 19
12.341786 -14.580575 -0.586240 34 139 34
12.560506 0.031442 0.164787 34 139 34
6.909208 20.790686 -0.021731 34 139 34
-16.572484 22.257487 -0.480457 139 69 19
-4.648914 -20.089835 -0.551353 139 69 19
20.560510 -24.561779 -0.901230 139 69 19
13.724145 22.044044 -0.684695 139 69 19
11.462211 21.276278 0.283250 139 69 19
-9.008577 -8.525815 -0.520491 34 139 34
2.487886 -19.570130 0.293646 139 69 19
-10.115970 -1.828491 0.733531 34 139 34
-19.633304 21.143750 0.211480 34 139 34
-4.646729 -15.049521 -0.844948 139 69 19
23.922236 -3.702147 0.108545 139 69 19
3.913591 6.444417 -0.302727 34 139 34
18.238911 7.693880 -0.618349 139 69 19
-18.333244 6.520835 0.089349 139 69 19
-2.703336 -13.614155 0.228815 139 69 19
-2.198217 -16.795186 -0.029531 139 69 19
4.142369 5.636345 -0.173425 139 69 19
-16.898895 19.232060 0.077201 139 69 19
-12.592981 6.521612 -0.020845 139 69 19
20.028695 -13.074256 0.609667 34 139 34
-14.279471 14.664054 -0.353980 139 69 19
13.960813 -10.383924 -0.729544 139 69 19
-8.423445 17.876737 1.541621 34 139 34
-1.051658 -23.707337 0.141230 139 69 19
-23.779242 10.068682 -0.337007 34 139 34
17.601173 -8.479624 -0.064768 139 69 19
13.278688 6.089462 0.570547 139 69 19
-19.163330 13.707549 -0.355700 34 139 34
9.525287 -5.158671 -0.407776 139 69 19
-19.235429 3.131334 0.390998 139 69 19
-3.926979 12.782268 -0.463266 139 69 19
-6.421704 -11.635679 0.007182 139 69 19
20.747712 -20.329935 -0.213281 34 139 34
-20.012103 22.331985 0.178452 34 139 34
15.699063 0.693795 0.417881 139 69 19
-8.388551 19.467640 -0.446698 139 69 19
3.800367 -16.444381 -0.153805 34 139 34
24.819325 -1.120418 -0.020840 139 69 19
11.779267 14.645187 0.821617 139 69 19
-20.222463 14.175858 -0.500731 139 69 19
-5.692159 11.228104 0.450565 34 139 34
-12.149756 18.797514 0.303562 34 139 34
-13.759503 -5.696342 -0.075268 34 139 34
3.395859 10.404780 -0.293561 34 139 34
-14.470179 -1.144621 0.175456 34 139 34
-23.322006 -19.200406 0.714445 34 139 34
19.022637 -13.509055 0.243212 139 69 19
16.589208 6.118914 -0.236357 34 139 34
0.382926 7.148406 -0.370340 139 69 19
2.922048 4.804956 0.590645 139 69 19
-15.078114 -6.254644 0.039451 34 139 34
-3.876128 -21.959179 0.217540 139 69 19
-22.946867 0.528377 -1.419799 34 139 34
-4.922934 2.207625 -0.507046 139 69 19
-23.076783 17.659727 0.127542 139 69 19
-19.597164 18.895711 0.754865 139 69 19
-13.512809 12.121228 0.592782 34 139 34
-19.630355 16.654688 0.492242 139 69 19
21.294527 -10.302679 0.179765 139 69 19
21.976686 -24.362290 0.585630 139 69 19
-7.274843 2.772244 -0.262120 34 139 34
11.068113 2.762825 0.222157 139 69 19
7.938258 -2.881282 0.456184 34 139 34
-11.972468 15.039100 -0.244228 34 139 34
-12.922887 -24.988355 0.845083 139 69 19
8.605003 18.896778 -0.554635 139 69 19
22.142793 -22.485171 0.226274 139 69 19
5.241227 8.828710 -0.017818 34 139 34
9.625046 -24.911682 -0.060988 139 69 19
3.819966 -7.725426 0.118197 139 69 19
-12.078585 11.983135 0.264012 139 69 19
-24.975274 20.321597 -0.765800 139 69 19
-23.277585 -4.716401 -0.330491 34 139 34
10.331234 6.142565 0.381601 139 69 19
19.581537 -0.971848 0.269273 139 69 19
16.154959 4.803844 1.176373 139 69 19
8.704761 -9.006562 -0.027398 139 69 19
-17.393964 -19.412162 -0.086078 34 139 34
-3.922667 -24.714864 -0.167043 139 69 19
-19.407726 -19.605152 0.805954 34 139 34
12.111633 -18.655942 0.298745 139 69 19
11.677956 0.984617 0.302815 139 69 19
-6.026486 -11.868804 -0.478485 139 69 19
24.070041 21.980341 0.811220 139 69 19
-22.191763 -18.243974 0.092542 139 69 19
23.537823 -19.763113 -0.384583 139 69 19
-2.683459 -12.383499 -0.137057 139 69 19
-15.481055 22.469818 -0.142403 34 139 34
5.759544 -19.048983 0.468421 34 139 34
21.119143 -20.750332 -0.233796 139 69 19
7.561811 -20.560853 0.408136 34 139 34
23.698786 21.594307 -0.725425 34 139 34
24.033474 -15.023173 0.184924 34 139 34
22.530259 2.136550 0.570284 139 69 19
-21.440561 -19.374852 -0.947887 34 139 34
2.236172 0.243835 -0.087648 139 69 19
14.107514 -18.914552 -0.253443 34 139 34
-4.375085 -19.306584 0.213458 139 69 19
-24.392115 9.342076 0.066443 139 69 19
-15.573292 9.293098 -0.427802 34 139 34
18.195942 -19.712050 -0.691780 34 139 34
-11.246429 7.387921 0.774165 139 69 19
7.432934 -8.808283 0.068661 34 139 34
-9.600188 -12.820574 0.162340 34 139 34
12.223092 1.459821 0.022635 139 69 19
18.457503 6.480192 0.088877 139 69 19
7.685579 5.729892 0.501490 34 139 34
21.722433 -21.418261 0.034860 34 139 34
-1.950558 21.143478 -0.569899 34 139 34
1.340241 13.053858 0.583703 34 139 34
24.083625 -10.858470 0.156439 139 69 19
11.019769 7.679076 0.459108 34 139 34
-6.527034 11.200971 -0.024126 139 69 19
-23.105837 -11.426190 -0.548976 34 139 34
12.246785 13.116894 0.609016 139 69 19
-9.882672 -7.769494 0.264289 139 69 19
6.914857 -24.786368 -0.163498 139 69 19
-5.639075 3.027068 0.284910 34 139 34
17.500071 13.599223 -0.000007 34 139 34
9.466782 23.691055 0.814325 139 69 19
13.390424 -18.430027 -0.424223 34 139 34
4.975953 -16.528438 0.261712 34 139 34
-12.534822 22.686915 0.541575 139 69 19
16.479098 -3.610930 -0.582139 34 139 34
19.159760 18.963363 0.606323 34 139 34
-14.443787 -10.929419 1.023881 139 69 19
0.996710 1.760611 0.350633 34 139 34
-20.708761 -11.653684 0.010830 139 69 19
3.685540 -14.100177 0.152488 139 69 19
-0.861054 -1.062758 0.148587 34 139 34
-0.505930 23.062510 0.026280 34 139 34
13.705676 -7.732366 -0.357607 139 69 19
1.885779 -5.389183 -0.099181 139 69 19
10.922027 15.976938 -0.327603 139 69 19
1.275585 -11.048657 0.121881 34 139 34
22.554653 -21.985255 0.681263 139 69 19
24.881887 18.150097 -0.120528 34 139 34
-18.168555 -2.696380 0.962396 34 139 34
23.452910 1.136760 0.461876 139 69 19
-13.949258 -20.712366 0.151411 139 69 19
-16.432951 14.466838 -0.527640 139 69 19
-4.539319 1.577580 -0.131955 139 69 19
-20.025711 -3.067378 0.390966 139 69 19
-14.585384 6.988799 -0.677996 34 139 34
7.070837 6.819970 0.188128 34 139 34
-2.883697 -15.588624 -0.394571 139 69 19
-7.717269 14.604113 0.272601 34 139 34
-5.157316 -3.940218 0.278399 34 139 34
-9.622865 -2.243373 0.861708 34 139 34
5.220047 -8.540101 0.232372 34 139 34
-21.247336 -2.973447 0.058363 34 139 34
-22.412091 -9.522432 0.286030 34 139 34
20.439991 -16.749344 0.919413 139 69 19
-18.701654 12.625340 -0.394438 139 69 19
20.713656 -7.513027 1.038100 139 69 19
-9.863738 9.088370 -0.099889 34 139 34
-5.467634 -17.786528 -0.333659 34 139 34
-20.223050 -13.815558 -0.335627 139 69 19
5.204664 2.798915 -0.340251 139 69 19
-22.058188 -16.010614 0.540144 34 139 34
24.262502 1.782282 -1.269734 34 139 34
-18.429671 4.073525 -0.006097 34 139 34
-4.714030 -24.075272 -0.167336 139 69 19
23.124600 19.851015 0.151312 139 69 19
-2.462322 -12.466588 0.753857 139 69 19
22.767294 -14.023264 0.132255 139 69 19
-12.282303 0.959352 0.521013 34 139 34
9.042240 -10.867660 -0.441452 34 139 34
-10.943666 -2.637929 0.529345 34 139 34
14.306032 11.946068 -0.543023 34 139 34
-8.552482 11.505149 -0.528842 139 69 19
22.795689 -18.822180 0.891763 139 69 19
-24.965342 -14.765693 -0.155840 139 69 19
-18.470805 -8.060746 0.069529 34 139 34
22.179041 15.175605 -0.013931 34 139 34
-5.170086 5.888123 0.352749 139 69 19
-5.919531 -8.402762 -0.464948 139 69 19
-11.973288 -18.115638 -0.529950 139 69 19
-22.684545 -9.765829 1.382320 139 69 19
-15.351833 -8.955562 -0.573438 34 139 34
7.523272 -21.114750 -0.360034 139 69 19
1.130072 22.910264 0.699313 34 139 34
8.235775 -16.687720 0.033825 139 69 19
1.217554 22.716993 0.417193 34 139 34
-9.117175 -15.360113 0.013583 34 139 34
-19.186721 -18.502734 -0.249988 139 69 19
-18.114990 8.635590 1.080688 139 69 19
-8.318378 -6.089099 0.314061 139 69 19
3.937515 7.058626 0.115282 139 69 19
14.703549 8.469907 0.218949 34 139 34
15.355352 -2.276538 0.326242 34 139 34
-23.597768 24.676307 0.842687 139 69 19
-15.672692 -18.013690 0.385655 139 69 19
-24.824942 21.506588 -0.176643 34 139 34
-1.665919 8.937389 -0.113834 34 139 34
-5.880478 -10.428723 -0.394823 34 139 34
-17.094448 -16.091706 -0.327606 34 139 34
9.824215 15.563305 -0.357455 34 139 34
21.023301 0.335344 -0.311993 139 69 19
-23.533122 11.800478 -0.485971 139 69 19
0.133853 -18.989661 -0.567954 139 69 19
-16.205377 -10.980017 0.227791 139 69 19
-19.481653 11.328783 0.468830 34 139 34
1.874688 -8.638233 0.332349 139 69 19
-24.534994 10.888197 -0.728167 34 139 34
-21.107278 8.889187 -0.124623 139 69 19
7.272369 -8.282431 -0.080522 34 139 34
17.128002 -19.675140 -0.386562 34 139 34
2.690696 10.068834 -0.200954 34 139 34
15.738310 -3.445263 0.088140 139 69 19
7.949320 8.902868 0.480767 139 69 19
18.047347 14.953487 -0.742415 139 69 19
14.766693 -7.725409 -0.188387 34 139 34
22.212862 -19.602611 -0.162392 34 139 34
24.721571 12.304356 -0.371600 34 139 34
-4.556884 18.214492 0.668192 34 139 34
-15.129234 3.819614 0.399250 139 69 19
-22.731444 15.657493 0.100036 34 139 34
-20.481708 -5.713282 0.677038 139 69 19
-11.928339 -0.812948 1.168541 34 139 34
8.447932 22.944328 -0.276860 139 69 19
24.264395 23.949020 -0.833113 34 139 34
18.203011 5.304293 1.056930 139 69 19
6.958355 -19.289909 0.245639 34 139 34
22.983636 -20.694846 0.190340 34 139 34
0.901525 -11.916473 0.655696 34 139 34
-13.432565 2.959446 0.249254 34 139 34
24.022740 5.268790 -0.129724 139 69 19
0.821333 -24.733629 -0.184964 139 69 19
-0.270071 8.946003 0.330855 139 69 19
-5.476425 21.331968 -0.009805 34 139 34
-12.724868 -6.360632 -0.126123 139 69 19
-4.297058 -12.533573 -0.341735 34 139 34
0.614228 6.901537 -0.194038 139 69 19
-14.664192 -16.822287 -0.552448 139 69 19
11.570822 -24.288875 -0.819783 139 69 19
-7.566280 21.918526 0.080756 34 139 34
-22.591590 -24.326648 0.593081 34 139 34
-21.939910 8.623974 -0.160080 139 69 19
-6.275127 13.412127 0.187674 139 69 19
12.952532 -5.003981 -0.340262 139 69 19
-17.861082 -16.376418 0.476989 34 139 34
-14.161956 -7.040578 -0.183375 139 69 19
12.453848 0.748571 -0.238710 34 139 34
24.028409 -16.855783 -0.597315 34 139 34
14.661401 -2.996247 0.213444 34 139 34
-4.402440 10.358848 -0.204906 139 69 19
-5.140477 11.958450 0.114723 139 69 19
-4.195682 24.947389 0.142821 139 69 19
12.224258 24.769558 -0.225835 139 69 19
-1.250478 24.493158 -0.722522 139 69 19
-5.717402 8.553163 -0.352854 34 139 34
-24.808044 7.652839 0.663517 139 69 19
2.634846 -15.406862 -0.153126 34 139 34
-21.967838 6.496988 -0.934093 139 69 19
-14.480614 20.263407 -0.351313 34 139 34
1.041123 8.486168 0.006173 139 69 19
12.928214 9.816126 -0.166153 34 139 34
-15.488537 -18.451496 0.324363 34 139 34
0.471605 -14.517967 -0.304463 34 139 34
12.549385 11.854373 0.125108 139 69 19
-6.058654 6.709098 -0.715475 34 139 34
-19.493952 -7.724392 0.812688 34 139 34
19.477057 -5.215354 -0.025971 139 69 19
-12.864357 -1.000832 -0.092192 34 139 34
-5.956508 -15.248435 0.284657 139 69 19
24.922467 13.333070 -0.464209 34 139 34
-18.070812 23.859112 0.333529 139 69 19
-8.403531 3.911137 0.249428 34 139 34
-15.594911 12.078558 0.344243 34 139 34
-9.730419 2.689147 0.356874 139 69 19
-18.665626 -20.634699 -1.080169 139 69 19
13.946444 18.061669 0.426144 139 69 19
-12.042604 7.608610 -0.587170 34 139 34
-15.840661 22.248584 -0.077994 139 69 19
2.199266 -12.299285 -0.310340 34 139 34
11.143151 21.538365 -0.286277 139 69 19
6.663999 -4.477529 0.556725 34 139 34
0.847187 -7.923417 -0.140190 139 69 19
-11.259907 14.578566 -0.393675 139 69 19
-10.806872 6.136284 0.137233 139 69 19
10.143912 -16.183517 -0.276750 34 139 34
12.642008 -23.666218 0.321613 139 69 19
4.138159 -18.896641 -0.211656 139 69 19
-0.743252 -15.326420 0.277521 139 69 19
18.212819 8.121571 0.296994 139 69 19
4.786218 -13.492317 0.037647 34 139 34
17.594204 13.303502 0.263845 34 139 34
7.698196 -7.701562 0.047900 34 139 34
2.270675 -24.839412 0.220304 34 139 34
7.875997 11.621841 -0.127046 34 139 34
0.084455 -19.340098 -0.266166 139 69 19
0.233625 10.416152 -0.395634 34 139 34
18.840789 7.708166 -0.984816 34 139 34
-4.878602 -5.580065 -0.552754 34 139 34
0.146021 23.674978 -0.311249 139 69 19
-8.724667 -23.104251 -0.516550 139 69 19
15.355892 -2.490517 -0.112282 34 139 34
-1.577311 20.186524 -0.061687 34 139 34
-10.828736 18.389969 -0.075358 34 139 34
-23.533714 -4.098962 -0.192441 139 69 19
-24.137973 -2.346353 -0.149819 139 69 19
3.471271 9.252103 0.548744 34 139 34
-10.818196 -21.666218 0.275551 34 139 34
-11.794712 17.835534 0.376957 34 139 34
0.466893 1.248890 -0.212671 139 69 19
-4.529417 24.708295 -0.547679 139 69 19
10.973099 -1.715060 -0.095476 34 139 34
14.360130 21.149461 0.068136 34 139 34
-7.408793 -1.656172 -0.180392 139 69 19
-5.753234 -15.917075 -0.107749 34 139 34
-12.558400 -23.620067 -0.339566 139 69 19
-4.798647 12.873702 0.101619 34 139 34
7.327076 16.004329 -0.379788 34 139 34
14.673095 23.618407 0.222040 34 139 34
-13.272373 -24.556008 -0.083497 139 69 19
-21.620891 -16.850653 0.175710 139 69 19
4.034785 18.996457 -0.450201 139 69 19
-20.904212 -23.799954 0.694652 139 69 19
-18.301534 13.649297 0.176401 34 139 34
-2.516612 1.661576 -0.749348 34 139 34
-0.960459 -23.176693 0.173421 139 69 19
-1.182600 -8.046203 -0.152390 34 139 34
19.096430 19.554103 -0.127219 139 69 19
-16.408935 -10.738498 0.376238 34 139 34
-3.707686 9.062844 -0.378215 139 69 19
16.966032 10.087534 -0.017229 139 69 19
12.310507 -8.989444 0.033694 34 139 34
-18.813419 -7.140352 0.694645 34 139 34
9.354614 -14.300350 0.166984 139 69 19
-14.196441 -1.027160 -0.343218 139 69 19
19.573308 23.070537 -0.071621 34 139 34
-11.938108 19.856440 0.870198 34 139 34
-8.889209 -7.508077 0.159000 139 69 19
-23.336713 -2.922589 -0.515435 34 139 34
23.960324 -15.351513 -0.055468 139 69 19
-14.488697 -1.336857 -0.218038 34 139 34
-18.138221 21.525200 -0.245906 139 69 19
2.325978 5.417032 0.219452 34 139 34
-7.644463 20.599503 -0.839149 139 69 19
-0.407937 -24.662995 0.439483 34 139 34
-6.301292 17.690301 -0.196037 139 69 19
-17.032873 -21.181112 -0.243985 139 69 19
11.369795 -12.644097 0.003060 34 139 34
-23.597935 23.544444 -0.938594 34 139 34
-13.374359 6.170407 -0.304733 139 69 19
12.325762 10.735995 1.269090 34 139 34
18.971101 -12.263301 0.098164 139 69 19
-19.743034 -6.098165 0.595208 139 69 19
20.224810 9.309613 -1.225839 139 69 19
-5.393856 -2.377253 0.132177 139 69 19
-4.962141 -12.787696 -0.245226 139 69 19
19.951010 -13.829904 0.244277 34 139 34
22.284793 -0.375273 -0.192996 34 139 34
10.039722 22.902188 1.159386 34 139 34
-7.252327 16.947480 0.836980 34 139 34
0.030239 -7.129501 -0.171158 34 139 34
-22.684126 -15.891227 0.608507 139 69 19
-24.383031 17.890684 1.153041 139 69 19
17.346757 22.893835 -0.237443 139 69 19
-15.107994 -3.656507 -0.161169 139 69 19
-1.112052 20.454430 -0.068530 139 69 19
9.163333 13.032277 0.029693 34 139 34
-3.395870 5.114886 0.005689 139 69 19
-11.051398 19.455045 0.084899 139 69 19
18.192464 -0.720028 0.330269 139 69 19
-2.287350 -18.157258 -0.041172 34 139 34
9.181770 -13.195509 0.088845 139 69 19
-14.480652 -16.869250 -0.656253 139 69 19
2.987698 -2.044432 0.683622 139 69 19
15.329152 15.331522 0.076734 139 69 19
-7.011988 -12.179939 1.092819 139 69 19
21.138362 21.926378 0.025658 34 139 34
16.842929 -17.947308 -0.157881 34 139 34
-16.949622 -10.140588 -1.067540 34 139 34
10.314229 4.271922 -0.523976 34 139 34
-22.915302 -0.694122 -0.122523 34 139 34
8.508243 0.342650 0.568138 34 139 34
4.877077 19.364361 0.706319 139 69 19
-16.261330 -9.584140 -0.285482 139 69 19
-19.112114 7.699929 1.238139 34 139 34
-19.856073 14.771656 -0.155165 139 69 19
-16.480977 20.880688 0.407977 139 69 19
-17.920451 18.402843 0.285416 139 69 19
6.649778 10.785370 0.265014 34 139 34
-7.310819 20.633161 -0.667139 139 69 19
-13.185637 -9.209393 0.223655 139 69 19
-1.903893 -4.065737 -0.602198 139 69 19
21.856816 -24.729099 0.365023 34 139 34
-15.411495 4.996368 0.670055 139 69 19
-11.149390 -14.437405 0.720766 139 69 19
-14.651187 20.419395 0.151062 34 139 34
-22.971684 -3.347362 0.637729 34 139 34
0.127782 -7.155516 -0.630756 34 139 34
-15.215999 18.864431 0.055135 139 69 19
-24.348330 2.209990 0.817946 139 69 19
-21.275478 4.410259 0.348095 139 69 19
23.203158 -2.564140 -0.720077 139 69 19
17.977982 -7.315852 -0.243137 34 139 34
-11.557560 7.197408 0.178960 139 69 19
-14.268525 12.678623 -0.017143 34 139 34
-0.412399 5.025088 0.140891 139 69 19
22.318150 12.047856 0.174090 34 139 34
1.677524 -15.083197 0.301201 34 139 34
-20.276134 -11.833184 -0.281790 34 139 34
12.931744 -21.878463 0.254810 139 69 19
-1.245744 9.624103 -0.051689 34 139 34
1.433725 -16.006581 -0.315780 34 139 34
7.843636 -11.198339 -0.027766 139 69 19
7.938009 17.132197 -0.022155 139 69 19
-19.103524 -7.782519 -0.600048 139 69 19
11.783399 -21.467205 -0.394787 34 139 34
20.233734 20.469433 0.091932 139 69 19
3.618397 -24.503300 -0.499621 34 139 34
-9.790888 16.315065 -0.021553 34 139 34
-20.929658 15.316499 -0.224109 34 139 34
11.222911 4.256651 -0.299540 139 69 19
-22.751185 2.719370 0.323378 34 139 34
-7.230303 19.023903 0.171857 34 139 34
-3.250512 13.882359 -0.500771 34 139 34
-2.765177 20.394350 0.376672 139 69 19
-9.144279 -21.977341 0.209313 34 139 34
18.584597 23.540337 -0.532547 34 139 34
11.325395 0.655680 0.298710 139 69 19
7.262951 -12.124233 -0.687424 34 139 34
6.098607 14.954860 -0.442433 34 139 34
-21.034230 -21.841790 0.581303 34 139 34
5.762547 -6.954002 -0.930589 139 69 19
-9.916776 15.702342 0.439676 139 69 19
-4.894541 -1.380099 -0.124209 139 69 19
8.565460 17.243051 0.734714 139 69 19
18.678314 -18.182649 0.697543 139 69 19
-19.171805 13.876817 0.406245 34 139 34
-8.550581 18.755475 -0.558736 34 139 34
5.990525 -24.764764 0.156222 34 139 34
4.677621 -15.356843 0.278261 139 69 19
8.926809 14.374369 0.150151 139 69 19
-0.598882 -22.965686 0.236962 139 69 19
-16.648190 -2.709042 0.580617 34 139 34
-2.000708 20.350223 0.156944 34 139 34
-13.435403 20.945157 0.361384 34 139 34
24.412665 18.558718 -0.187701 139 69 19
21.119456 -7.537103 -0.449861 139 69 19
6.163321 16.914984 -0.984861 139 69 19
20.251977 13.335418 -0.409744 139 69 19
-23.539978 -5.648826 0.434682 34 139 34
9.553748 10.941666 -0.100493 34 139 34
1.551867 22.668073 0.584503 34 139 34
-14.918848 5.355189 0.408011 139 69 19
-9.769840 -2.543577 -0.170487 34 139 34
-24.887326 17.705973 -0.009910 34 139 34
4.111252 1.524647 1.135809 34 139 34
7.079354 -16.456470 -0.457341 139 69 19
6.855459 6.240888 0.340927 139 69 19
-19.951938 -4.149745 0.356555 139 69 19
-5.265599 7.323122 -0.221113 34 139 34
-20.296311 -11.210002 -0.363219 34 139 34
14.171068 13.678861 0.136159 34 139 34
16.170392 20.313478 -0.670217 139 69 19
-20.021046 13.131961 0.666541 139 69 19
17.412927 -2.374413 0.678677 139 69 19
-12.044384 -7.205149 -0.414330 139 69 19
21.771544 3.811144 -0.104137 139 69 19
-13.547606 9.567056 0.595099 139 69 19
-5.863961 14.100322 0.537334 139 69 19
-16.873299 2.506650 -1.011575 139 69 19
-12.938118 -14.299533 -0.285863 34 139 34
-12.436446 8.871690 0.559650 34 139 34
-8.595675 -22.178783 0.299051 34 139 34
24.412604 -24.277893 -0.689583 34 139 34
-8.888381 -4.779895 -0.011601 34 139 34
2.598421 -15.899896 0.327309 139 69 19
-2.268356 -4.469016 -0.798785 34 139 34
-4.399902 -23.200190 -0.939042 139 69 19
-11.280994 -18.104509 0.034605 34 139 34
-14.761669 2.092631 -0.100371 139 69 19
16.056175 -13.767341 -1.521277 139 69 19
23.437229 7.119840 0.608593 139 69 19
22.855596 -16.732244 0.460774 139 69 19
-24.473283 -24.831326 -0.367588 139 69 19
0.612388 -0.442447 -0.682309 139 69 19
7.587455 -4.507185 -0.351444 34 139 34
-2.949614 -12.668682 -0.263085 34 139 34
11.158869 -5.856278 -0.006366 34 139 34
-4.018487 6.720773 0.216248 34 139 34
22.420911 18.977365 -0.307497 34 139 34
-10.859417 -5.921306 -0.551461 34 139 34
1.904059 24.800030 -0.931536 34 139 34
10.915689 18.488492 0.533946 34 139 34
12.632597 13.129053 0.316499 34 139 34
14.312798 -24.881235 -0.156026 139 69 19
24.531092 -24.370880 0.349103 139 69 19
-4.994057 9.653363 0.848698 139 69 19
-20.241879 -5.148204 0.618276 139 69 19
-4.705363 23.689759 -0.301074 139 69 19
13.041525 -22.786447 0.673780 34 139 34
-8.733910 21.004367 0.051211 34 139 34
0.881278 14.849788 -0.319661 34 139 34
-23.875529 -9.901431 0.136732 139 69 19
-1.019180 -2.290294 1.153304 139 69 19
3.136047 22.090299 0.782821 139 69 19
-18.078488 17.764424 -0.345978 34 139 34
9.364344 -21.380945 -0.303572 34 139 34
-10.129673 -10.394387 -0.602998 139 69 19
24.736182 -9.573481 0.583018 34 139 34
23.692921 22.873544 0.234182 139 69 19
-19.252912 1.665745 0.526565 34 139 34
-20.536802 16.676632 0.124380 34 139 34
-8.891763 -14.899592 -0.423572 34 139 34
-1.685508 -5.345443 0.237350 139 69 19
5.554789 12.177543 -0.164564 34 139 34
-3.509949 5.375522 -1.288650 139 69 19
-24.318353 -16.500806 0.583950 139 69 19
-19.599526 8.905847 -0.121548 34 139 34
8.305445 16.079742 -0.163294 139 69 19
-20.864331 -17.201245 0.302421 34 139 34
0.350770 23.978024 -0.951176 34 139 34
20.662343 -16.357894 0.221169 139 69 19
11.261006 -1.533146 0.197846 139 69 19
8.403040 22.073600 0.271769 139 69 19
2.501205 -10.795407 -0.259442 139 69 19
-8.861724 -4.028952 0.132383 139 69 19
18.855152 8.687063 -0.017587 34 139 34
3.879041 16.882676 0.816268 34 139 34
20.585854 8.066571 -0.426481 34 139 34
-1.906394 12.269589 0.174227 139 69 19
-8.891244 -8.018640 0.726420 139 69 19
8.842387 -2.963341 -0.159358 34 139 34
9.024512 0.257009 0.097436 139 69 19
-0.219607 -5.292164 -0.277083 34 139 34
-21.422933 13.583962 0.598999 34 139 34
-3.866253 -19.006042 0.351931 34 139 34
-1.616190 -20.022000 -0.742249 34 139 34
-3.129052 9.316891 -0.586208 139 69 19
-24.528808 1.649899 -0.370087 139 69 19
17.110421 -11.541220 0.895698 34 139 34
4.515628 6.127847 -0.362108 34 139 34
-21.487865 3.675827 -0.133981 139 69 19
23.528911 2.699890 -0.107760 139 69 19
-4.164014 -11.659039 0.205064 139 69 19
-19.190307 4.165401 -0.614056 139 69 19
19.696770 -4.883616 0.075050 34 139 34
-16.515770 12.245065 0.414009 139 69 19
-0.412943 3.728637 0.052376 34 139 34
-12.213921 1.041701 -0.302638 34 139 34
17.874637 -8.582323 -0.801655 139 69 19
-13.588378 -2.480027 -0.262548 139 69 19
7.631666 -20.158949 0.348914 34 139 34
7.173156 -15.821311 -0.872463 34 139 34
6.961090 1.224894 -0.047307 34 139 34
-12.936351 -7.567195 -0.257294 139 69 19
23.516739 17.015023 0.159393 139 69 19
17.764790 -18.302643 -0.092490 139 69 19
19.462480 16.382919 -0.116200 139 69 19
-11.770429 19.564422 0.222348 139 69 19
22.516770 -5.741196 0.104679 34 139 34
16.741336 13.885609 -0.765323 34 139 34
13.871071 -2.670960 -0.709929 34 139 34
-6.576331 13.556999 0.229809 139 69 19
-2.376310 20.670088 0.147719 34 139 34
5.316559 22.144915 0.133477 139 69 19
2.003860 11.370996 -0.286146 139 69 19
5.982192 -17.338934 -0.283990 34 139 34
-8.208754 -4.060878 0.210883 139 69 19
20.603392 -10.931485 -0.321821 139 69 19
15.851091 17.751422 0.380825 139 69 19
11.603227 -12.794495 -0.114445 34 139 34
13.354004 -13.715300 0.398460 34 139 34
24.137204 6.449567 -0.211722 139 69 19
-2.800638 -17.384507 0.486479 139 69 19
12.567608 -5.410617 0.356223 34 139 34
-14.839598 5.393152 -0.089889 34 139 34
-12.604380 -13.729700 0.447538 34 139 34
-18.390225 11.562455 -1.076239 139 69 19
-4.224204 -4.450906 0.487112 34 139 34
18.414811 -7.581921 -0.678041 34 139 34
-12.312804 3.954789 1.249199 34 139 34
-3.898106 21.128849 -0.460912 139 69 19
4.510435 -7.697361 -0.464857 34 139 34
3.862301 4.434867 0.561474 139 69 19
20.598079 8.480532 0.354343 34 139 34
-11.897188 -2.235990 -0.010526 139 69 19
20.479779 16.731285 -0.780633 139 69 19
-24.845724 19.606327 0.631499 34 139 34
2.889809 6.156433 -0.120372 34 139 34
-23.656826 16.536087 0.551416 34 139 34
18.354831 -4.307440 -0.650351 34 139 34
-14.367384 24.958984 0.439264 139 69 19
-14.973362 -6.283009 0.175336 139 69 19
17.621033 -9.000677 -0.261732 139 69 19
2.241182 2.244634 0.353981 34 139 34
-18.120241 17.324256 -0.014333 34 139 34
-12.714267 1.717056 -0.131341 34 139 34
2.893509 -22.978708 0.159096 34 139 34
8.786683 21.587338 -0.715461 139 69 19
24.775833 7.810313 -0.426710 139 69 19
10.488319 -22.930500 -0.292937 139 69 19
18.127822 -16.712944 -0.625357 34 139 34
23.064366 8.485195 0.872061 34 139 34
5.944548 -20.575601 -0.353474 34 139 34
-19.246182 -7.285702 -0.311965 34 139 34
14.636692 -5.860844 -0.055552 34 139 34
-15.426586 23.242898 -0.232601 139 69 19
-19.403396 -9.480376 -1.180910 34 139 34
-24.959249 8.559903 0.211451 139 69 19
13.924000 -6.878385 -0.009788 139 69 19
0.259377 -1.308978 0.417633 34 139 34
-18.663306 4.721782 0.400166 34 139 34
-20.284708 -3.853951 0.173177 139 69 19
8.686243 20.220972 -0.770780 139 69 19
-6.823885 -24.643021 0.206598 139 69 19
-0.566887 12.395338 -0.198383 139 69 19
21.508829 -14.532174 -0.168361 34 139 34
-8.083835 -1.341421 -0.643960 139 69 19
-20.016543 -22.609987 0.012066 34 139 34
-18.131385 17.062265 0.166911 139 69 19
9.172329 5.201728 0.009484 34 139 34
6.601020 0.421414 -0.305436 139 69 19
-19.099503 -15.182169 -0.790914 139 69 19
22.763895 -12.097920 1.003754 139 69 19
-24.151430 9.310564 -0.548285 139 69 19
8.352636 7.363827 0.893428 34 139 34
23.327531 20.852305 -0.572761 139 69 19
6.787257 -12.801193 0.451930 34 139 34
10.302500 7.390381 0.504066 139 69 19
9.240784 -7.633616 -0.188913 139 69 19
-24.862953 -9.745788 0.048093 34 139 34
22.588870 23.264258 0.239656 139 69 19
0.993561 -13.170238 0.119443 139 69 19
-12.918622 10.495025 -0.367308 34 139 34
6.053733 4.816471 -0.824372 34 139 34
13.110246 6.083937 -0.895456 34 139 34
16.386703 23.658562 -0.681985 139 69 19
12.138233 21.391676 0.282526 34 139 34
22.626779 15.250421 -0.416135 34 139 34
1.939659 -3.710599 -0.408865 139 69 19
14.884790 -1.700688 -0.010716 34 139 34
-3.977551 -12.871454 -0.299332 34 139 34
-18.915955 5.607379 0.588565 139 69 19
8.213481 8.605387 -0.125586 139 69 19
3.212124 -6.290122 0.407973 139 69 19
23.618726 -15.364250 0.309081 139 69 19
-10.060813 16.950718 0.325246 139 69 19
1.565507 10.646659 0.000923 139 69 19
-22.359890 -20.514784 0.204286 34 139 34
-10.671931 6.544932 0.238233 139 69 19
-5.152104 2.795339 -0.786305 34 139 34
0.042034 16.896697 0.647231 34 139 34
-9.007310 20.626073 -0.712462 139 69 19
17.709613 0.236288 -0.614564 34 139 34
5.531673 -11.382714 -0.410127 34 139 34
-5.428367 3.993710 -0.644867 139 69 19
6.120421 -12.054564 -0.461874 34 139 34
-23.518231 22.827987 0.072402 34 139 34
11.870690 -10.988568 -0.397634 34 139 34
-4.607104 -14.965647 0.465876 34 139 34
17.850274 -7.112360 0.419405 139 69 19
1.205026 2.788952 -0.313208 139 69 19
-13.421387 20.654776 -0.127875 139 69 19
7.692392 -15.140393 0.239221 139 69 19
0.326722 5.420456 -0.751124 139 69 19
-7.930857 6.014271 0.508560 34 139 34
-13.886332 23.160876 -0.058662 139 69 19
0.526076 -11.138643 0.262125 139 69 19
9.513459 19.314273 -0.134202 139 69 19
-11.733445 -19.916699 -0.199523 139 69 19
-21.155364 -23.926396 0.388145 34 139 34
-2.420759 24.853723 -0.081949 34 139 34
-20.847859 18.311258 -0.020980 139 69 19
6.382167 14.809509 0.104156 139 69 19
-4.461696 -3.220002 0.691650 139 69 19
19.797903 -2.229365 0.579985 139 69 19
-11.675437 -12.739562 0.715158 34 139 34
21.489331 -18.654470 0.288248 34 139 34
-20.119124 -23.391791 0.107843 34 139 34
13.175954 8.642851 0.057015 34 139 34
7.941907 4.788289 -0.724155 139 69 19
23.936986 -8.693077 -0.512230 34 139 34
17.052285 16.643354 0.331227 139 69 19
12.796839 -19.381308 1.193030 34 139 34
0.115843 17.738136 -0.657417 139 69 19
-24.467579 2.762163 -0.374306 139 69 19
16.812043 -8.137097 -0.422882 139 69 19
16.827760 6.662395 -0.760209 34 139 34
-24.063548 5.781092 0.073017 34 139 34
4.516324 -4.331406 0.564188 34 139 34
-10.776709 7.172096 0.621097 139 69 19
0.933841 -13.761445 -0.952836 34 139 34
-8.364229 17.178839 0.357165 139 69 19
-24.369155 -13.778948 -0.754670 34 139 34
0.970365 14.321384 -0.583289 34 139 34
-13.652607 11.519169 -0.297817 34 139 34
24.237120 1.056315 0.248436 34 139 34
2.279538 6.637027 0.321585 139 69 19
-17.012722 11.249664 -0.649262 139 69 19
10.082047 -7.610608 0.939071 139 69 19
8.187194 5.203718 -1.100560 34 139 34
-17.714358 -1.565382 0.006544 139 69 19
-7.224258 -0.075598 0.013413 139 69 19
17.338971 24.819425 0.282997 34 139 34
24.592035 -17.568349 -0.397330 139 69 19
13.795217 0.978117 -1.134838 34 139 34
12.769332 17.618584 -1.182830 34 139 34
-4.397585 -10.752282 -0.763892 34 139 34
13.581547 21.128463 -1.328690 139 69 19
3.461229 -3.370561 0.575780 139 69 19
-14.832944 0.348203 -0.289027 139 69 19
13.780989 10.417362 -0.390420 139 69 19
-7.186584 -12.861389 -0.358350 139 69 19
-19.349229 -5.762820 0.071290 34 139 34
10.236632 19.818710 -0.308311 34 139 34
3.733655 -9.724654 0.357981 139 69 19
6.997173 -4.154647 0.337862 139 69 19
24.335633 3.184311 -0.204380 139 69 19
-3.894532 -13.467314 0.122189 139 69 19
20.135279 22.880442 -0.002104 34 139 34
-14.058090 5.062543 0.306864 139 69 19
-19.056593 -15.017243 -0.717325 139 69 19
-5.098398 -23.303634 -0.449244 139 69 19
14.159283 17.046398 -0.570694 139 69 19
-7.493771 -15.568820 -0.391572 139 69 19
16.537884 16.269509 -0.142435 34 139 34
-22.524557 -12.639844 0.146943 34 139 34
2.776782 -1.070024 0.183691 139 69 19
10.745055 -18.078982 0.387422 34 139 34
-1.504092 14.634132 -0.428561 34 139 34
-19.349777 -16.348137 -0.489384 139 69 19
6.138793 -3.408982 0.025170 34 139 34
15.000445 -5.108330 -0.141099 34 139 34
-18.461959 -18.208416 0.393172 139 69 19
-17.695164 -17.219182 0.421429 34 139 34
-2.922956 -16.844279 0.127218 139 69 19
9.586854 24.196805 0.217927 34 139 34
22.024944 18.197395 0.617960 34 139 34
14.424951 16.566578 -0.412039 139 69 19
1.661801 -8.979574 -0.354806 139 69 19
9.667075 7.670351 -0.923358 139 69 19
-9.954651 -5.613243 -0.206770 139 69 19
-17.111124 8.569557 0.045038 139 69 19
-17.496517 18.701726 -0.951147 139 69 19
-24.921117 24.259108 0.520472 34 139 34
-7.024157 -20.537168 0.356039 34 139 34
-10.947322 -24.244960 -0.358088 139 69 19
18.305291 -22.372221 0.165961 34 139 34
23.330534 -0.747985 -0.245330 139 69 19
4.370755 -24.157720 -0.292295 34 139 34
-1.453234 -24.056323 0.108357 34 139 34
-24.653221 9.233190 -1.460492 139 69 19
-21.417794 -2.844775 0.208165 34 139 34
-24.800140 21.846697 0.916335 139 69 19
19.814275 21.833519 0.538968 34 139 34
1.640991 20.450186 0.097737 139 69 19
15.008537 -3.650024 0.039262 34 139 34
-19.346852 2.800368 0.281985 34 139 34
-17.336584 -16.546892 0.672202 139 69 19
23.268693 -13.412356 -0.266915 34 139 34
11.937648 -13.437904 0.109346 34 139 34
13.367655 -17.347034 0.695707 139 69 19
7.241976 -18.668971 -0.805311 139 69 19
-19.801394 -4.102326 -0.430095 139 69 19
7.443861 -13.354468 -0.319557 139 69 19
-21.374493 24.333511 0.587509 139 69 19
-4.398526 8.444172 -0.192345 34 139 34
-0.767832 4.707147 0.057067 139 69 19
13.678584 12.854767 0.572933 139 69 19
15.223312 -0.215719 -0.463156 139 69 19
12.943203 18.710469 0.474287 139 69 19
11.944740 21.253200 0.111994 34 139 34
6.985615 -24.549401 0.925326 34 139 34
-11.862940 12.026729 0.666741 34 139 34
-20.241636 13.287474 0.716433 139 69 19
0.626007 23.949483 -0.114263 139 69 19
22.579691 -23.267748 -0.466278 139 69 19
-8.374773 3.260901 -0.540729 139 69 19
-7.631095 1.145580 0.185665 34 139 34
17.577359 19.530157 0.516065 34 139 34
-8.918415 -3.002712 -0.707193 34 139 34
0.441745 9.061710 0.661993 139 69 19
-4.938359 14.050092 0.249540 139 69 19
-14.244026 5.061007 0.388745 34 139 34
8.998498 -13.690398 0.064324 139 69 19
20.737153 -18.670083 0.332566 139 69 19
-11.229948 -15.248642 -0.440740 139 69 19
3.154176 21.420083 0.335707 34 139 34
-0.535700 11.138666 -0.590536 34 139 34
-5.276867 3.571488 -0.008387 34 139 34
-3.021096 -19.087351 0.136769 34 139 34
14.803086 11.634733 -0.052296 139 69 19
7.336047 1.536549 0.082078 34 139 34
23.595938 24.781896 -0.407122 139 69 19
-1.099628 -21.068653 0.409051 139 69 19
12.466216 15.496076 0.753631 34 139 34
-11.828876 12.489340 -0.596698 139 69 19
14.435226 -2.738273 0.536099 34 139 34
-9.771285 11.653279 -0.636703 34 139 34
8.535037 16.329410 0.335912 139 69 19
0.194922 -2.517136 -0.832435 34 139 34
-15.062134 -13.656804 -0.462134 139 69 19
18.509384 -9.670296 0.097005 139 69 19
-17.782795 -15.870378 0.179649 139 69 19
17.782968 22.995527 -0.598039 34 139 34
14.157960 -21.703199 -0.401169 34 139 34
-18.306690 -9.633043 -0.552169 34 139 34
18.401549 -13.734886 -0.212927 34 139 34
-21.490722 4.647542 0.325807 34 139 34
9.345869 23.011638 -0.085047 34 139 34
16.799374 18.256145 0.813919 139 69 19
-6.373709 -5.806802 -0.211528 34 139 34
20.803154 23.440433 -0.378021 139 69 19
19.153476 -16.816312 0.221720 34 139 34
-10.034677 11.990240 0.089598 139 69 19
-0.632858 9.752238 0.448735 34 139 34
-1.247785 23.463264 0.208181 139 69 19
-18.542579 18.321887 -0.881042 34 139 34
23.064568 3.125822 0.008410 139 69 19
-7.830553 8.310513 0.063378 139 69 19
6.239828 -7.389906 0.046454 139 69 19
-24.668368 3.084613 -0.395000 139 69 19
-1.795636 -14.834265 -0.514541 139 69 19
-11.902223 -15.491739 1.840641 34 139 34
19.502774 -17.407036 -0.391994 139 69 19
-15.819813 6.037950 -0.256358 139 69 19
15.850456 -6.494624 0.226894 139 69 19
11.283043 -8.684355 0.452762 139 69 19
1.071298 4.885811 0.197004 139 69 19
21.913859 -9.236743 -0.761299 139 69 19
23.736717 -23.779052 -0.885288 34 139 34
-13.769595 -14.628063 -0.222489 34 139 34
21.306674 21.902465 0.104290 139 69 19
21.946638 9.246401 -0.354887 139 69 19
-19.725535 -5.443830 0.418739 139 69 19
11.192288 5.428504 -0.749320 139 69 19
-0.710159 -21.385143 -0.005341 139 69 19
-20.526632 -18.307999 0.129811 34 139 34
17.313970 24.293214 -0.298684 34 139 34
-6.971481 13.736148 0.832670 34 139 34
10.176498 -23.073248 -0.059554 34 139 34
-19.706443 15.730397 0.651134 34 139 34
-4.888750 19.605291 -0.338828 139 69 19
3.788544 3.514311 0.149797 139 69 19
-0.794746 16.593949 0.863122 34 139 34
23.012442 -11.948251 0.729047 139 69 19
14.426172 19.507663 0.299142 139 69 19
20.560230 -13.316687 0.684526 34 139 34
7.050098 14.194152 -0.668929 34 139 34
10.900767 -22.608024 0.007376 139 69 19
20.446607 7.237349 -0.311392 139 69 19
2.850988 17.660620 -0.946534 139 69 19
-11.650327 20.212016 -0.158387 139 69 19
10.545279 12.761175 1.047021 139 69 19
-3.531170 -19.101135 -0.721877 34 139 34
-12.933383 -0.903225 -0.582094 34 139 34
-22.969449 -11.248931 -0.213986 34 139 34
17.097819 -20.781624 -0.752261 34 139 34
-16.250708 7.341077 0.567031 34 139 34
-20.172274 -21.248142 -0.206912 34 139 34
-11.857358 -23.316679 0.337577 34 139 34
-6.781700 23.366666 -0.032907 34 139 34
7.202430 23.688409 0.319745 34 139 34
-17.762404 10.190632 -0.636328 139 69 19
16.132915 -10.323566 -0.302662 34 139 34
16.638323 -10.223718 -0.120961 34 139 34
10.275334 -18.002238 -0.140618 139 69 19
-7.330171 -20.513476 0.366608 139 69 19
-3.721919 -13.495317 -0.137987 139 69 19
-2.019668 -3.722581 0.356866 34 139 34
-3.742376 -4.433715 0.242667 34 139 34
-10.649688 16.511290 0.314145 34 139 34
10.666836 4.665608 -0.034696 139 69 19
14.902953 -8.604844 0.361422 34 139 34
-9.380831 17.080337 -1.192081 34 139 34
21.130902 9.459470 0.077250 139 69 19
-18.220187 10.859809 -0.395095 34 139 34
-9.769336 -19.606480 -0.419406 34 139 34
-11.953035 -20.446750 -0.389782 139 69 19
-4.855910 -5.425435 -0.777950 34 139 34
20.931741 -20.799335 -0.508401 139 69 19
12.697362 7.261608 -0.079138 34 139 34
21.385565 -13.239120 -0.608079 139 69 19
24.460117 3.186496 0.711821 34 139 34
2.892396 -10.026620 0.553667 34 139 34
-14.616208 3.206424 0.486856 34 139 34
10.831264 -7.816332 0.128284 139 69 19
-24.662044 8.726869 0.807103 34 139 34
23.832381 17.023433 -0.206635 139 69 19
21.736431 -4.023696 0.993297 139 69 19
-2.914742 -2.268103 -0.182553 139 69 19
2.985184 11.856229 0.180319 34 139 34
8.063322 13.599946 0.698133 34 139 34
-21.311277 -15.116546 1.121680 139 69 19
15.896257 -20.045356 -0.200838 139 69 19
13.122698 -8.244198 0.448220 139 69 19
-8.284986 -20.403934 -0.048133 139 69 19
14.105245 -4.887710 0.760148 34 139 34
-16.270475 4.746390 0.119843 139 69 19
23.648163 10.028354 -0.126516 34 139 34
-3.932240 -21.119224 -0.451685 34 139 34
4.849078 -19.463690 0.237167 34 139 34
17.190121 21.440559 0.564985 139 69 19
-3.227313 -6.383770 0.314152 34 139 34
20.579359 -21.504464 -0.563895 139 69 19
-15.681692 -11.100326 -0.214410 34 139 34
24.126160 -21.174142 -0.317253 34 139 34
12.539680 8.306604 0.165345 34 139 34
-4.206119 4.273426 0.594026 139 69 19
-14.318874 24.767375 0.265831 139 69 19
-23.505968 -13.450316 -0.046068 34 139 34
-4.804350 -9.115711 -0.255576 139 69 19
-17.185279 -7.573431 0.082796 34 139 34
12.518277 22.249572 -0.348579 139 69 19
-6.402531 -16.254095 0.483181 139 69 19
6.823975 -4.055947 -0.540520 34 139 34
-2.739120 16.221870 0.594029 34 139 34
-16.128638 -15.472909 -0.890193 139 69 19
-15.516826 12.643326 -0.411930 139 69 19
-1.546627 -7.799798 -0.000227 34 139 34
13.991023 -3.799305 -0.654983 34 139 34
-17.992605 12.617716 -0.743211 139 69 19
19.020835 0.602114 0.684604 139 69 19
-23.345448 -7.767821 0.419732 139 69 19
-17.130315 7.859576 0.647789 34 139 34
24.697366 11.678592 0.591835 34 139 34
10.414964 -4.075235 -0.680680 139 69 19
-10.070897 24.754021 0.513418 34 139 34
-22.515472 -19.531972 0.151546 139 69 19
-6.713535 21.241908 0.147265 139 69 19
-18.793876 10.449727 0.182923 139 69 19
18.029301 -20.503753 -0.749388 139 69 19
-13.818959 -13.480166 0.257994 139 69 19
-17.823430 -12.830287 0.635960 34 139 34
0.801593 -8.824642 0.295870 139 69 19
-6.789673 -14.230253 -0.189166 139 69 19
11.769246 -20.462091 0.561076 34 139 34
-11.527467 -12.209648 -0.123990 139 69 19
-6.780287 22.621613 -0.418695 139 69 19
13.906719 -7.313578 -0.472411 139 69 19
-15.053790 -22.085879 -0.230199 139 69 19
21.209530 -11.153685 0.540811 34 139 34
-15.324574 -3.624125 0.031633 139 69 19
6.807360 4.289151 -1.059790 34 139 34
22.371413 22.924359 -0.012766 34 139 34
20.131027 8.897824 -0.187103 34 139 34
17.865987 22.399595 0.123702 34 139 34
0.908641 -18.884404 0.108247 34 139 34
-0.978288 -9.063733 0.130854 34 139 34
5.936548 -22.310947 -0.152603 34 139 34
-5.865953 -7.936451 0.266060 34 139 34
15.613697 -14.591515 0.325443 34 139 34
-8.130082 -24.178825 -0.086979 34 139 34
20.659476 21.204682 -0.162879 139 69 19
19.600460 19.919042 -0.008698 139 69 19
-3.089891 10.898099 0.143999 139 69 19
-2.239988 15.540250 0.565244 139 69 19
-22.222435 0.490929 -0.139516 34 139 34
16.605145 9.405319 -0.125575 139 69 19
15.260666 1.128231 -1.058221 139 69 19
13.221242 -16.705467 -1.073575 139 69 19
7.951319 -18.160113 0.284018 34 139 34
1.115596 -17.621612 -0.429268 34 139 34
-8.388074 19.093192 -0.034720 34 139 34
-16.937206 -19.657418 0.590972 34 139 34
-18.185001 -16.403750 1.123212 34 139 34
19.091350 -20.015491 0.843233 34 139 34
8.907347 5.954365 -0.777712 34 139 34
-14.581258 4.672758 -0.483164 34 139 34
-22.734088 15.039636 -0.651981 139 69 19
-10.785636 -10.480039 -0.327601 34 139 34
23.647660 10.050328 0.217617 139 69 19
-0.593810 -0.095367 0.126530 139 69 19
-8.632820 -1.269692 -0.128689 34 139 34
-19.812681 -4.029387 0.383890 34 139 34
-23.091959 17.114625 -0.389134 139 69 19
-5.598915 -13.668099 0.797990 139 69 19
13.999751 -16.488675 0.139930 34 139 34
-15.235628 -7.999869 -0.439167 34 139 34
-16.094002 7.848583 0.516562 139 69 19
10.217879 -0.263708 -0.616005 34 139 34
14.618614 6.475943 0.256620 139 69 19
-24.199461 21.602409 0.304537 34 139 34
-6.765833 -1.482883 0.390412 34 139 34
-12.534395 -20.282360 -0.453743 139 69 19
-7.200328 8.554242 0.203459 139 69 19
1.635406 14.562096 0.608916 34 139 34
-16.546668 -12.264830 0.549283 139 69 19
-15.279609 4.683135 -0.246117 139 69 19
-12.323446 18.431441 -0.773187 139 69 19
-8.430062 -2.189282 1.421188 139 69 19
14.995139 -12.796145 0.346535 34 139 34
-22.376241 -3.927367 0.429075 139 69 19
9.067042 2.051737 -0.549484 34 139 34
14.924649 10.326636 0.381840 34 139 34
3.905616 9.273961 -0.057955 139 69 19
2.141492 -17.991053 -0.314157 34 139 34
11.347549 -8.288495 -0.004390 34 139 34
-2.421107 4.083339 -0.078994 139 69 19
-12.388552 22.209702 0.486912 139 69 19
6.840672 21.030426 0.311655 34 139 34
21.417950 -7.060051 0.320808 139 69 19
-20.750640 17.764130 -0.032270 34 139 34
24.074332 -5.836315 -1.122224 34 139 34
18.784400 -22.581455 0.034297 34 139 34
-8.406968 6.373993 -0.254445 139 69 19
8.717359 -6.006555 0.238626 34 139 34
6.055465 2.054925 -0.571046 139 69 19
14.277706 -0.261092 0.306555 139 69 19
-3.157494 0.481617 -0.609769 34 139 34
-7.107116 1.263571 -0.128161 139 69 19
-3.366068 -20.005741 -0.183339 34 139 34
20.371975 -2.795050 -0.509393 34 139 34
-22.453886 3.517722 -0.891279 34 139 34
6.900105 23.822262 0.495187 34 139 34
-11.294142 5.871557 -0.187252 139 69 19
-19.655297 17.968622 -0.251461 139 69 19
-16.628083 8.397142 0.037278 139 69 19
2.896278 23.213905 -0.758469 34 139 34
-8.513995 -10.576329 -0.337657 34 139 34
-21.270318 7.045725 -0.280612 34 139 34
10.988447 24.372013 0.710459 34 139 34
0.499075 -23.777917 0.155717 139 69 19
13.240532 -14.791835 -0.020412 34 139 34
-13.215024 22.146818 0.120365 139 69 19
-2.510775 -14.756232 -0.520790 34 139 34
2.992441 2.075156 0.299143 139 69 19
-8.418368 -7.295275 -0.605277 34 139 34
18.286621 -14.911607 -0.058968 34 139 34
23.944425 13.052947 0.040035 34 139 34
-12.977332 17.604109 -0.267922 34 139 34
21.149257 -5.304121 -0.110490 139 69 19
14.156910 2.462813 0.519138 139 69 19
8.671919 15.624881 -0.102817 34 139 34
1.924369 -16.310655 0.191687 34 139 34
-21.261551 -5.262327 -0.301912 139 69 19
5.770466 19.423019 1.501788 34 139 34
9.504490 -16.850618 -0.738253 34 139 34
23.279068 22.563082 -0.868569 139 69 19
-18.497991 8.611590 -0.008434 34 139 34
-18.120911 0.750833 -0.838847 34 139 34
-15.394606 0.018211 0.233563 34 139 34
21.389062 -1.419667 -0.636829 34 139 34
24.521960 11.361392 -0.294973 34 139 34
7.360504 -23.486549 -0.909801 139 69 19
-6.272307 24.902368 0.128208 34 139 34
-20.878001 -13.155335 0.215203 34 139 34
-0.971078 -14.075523 0.038579 139 69 19
18.710381 9.857684 -0.105119 139 69 19
24.139984 9.089988 -0.405467 34 139 34
16.572116 -2.161798 -0.488516 139 69 19
16.880246 11.688044 0.348494 34 139 34
-9.731261 -19.919175 -0.213609 34 139 34
-2.339972 -17.845179 -1.014376 34 139 34
0.045394 -13.380067 -0.044805 34 139 34
16.836958 -24.376392 0.053729 139 69 19
-21.260853 22.659899 -0.280006 139 69 19
-7.877231 10.207443 -1.055756 34 139 34
13.679322 -10.133663 -0.555063 139 69 19
19.434572 -12.010219 0.054963 34 139 34
-16.174509 1.555749 -0.619268 34 139 34
-7.292424 5.701890 -0.092121 139 69 19
21.072726 1.352273 -0.539128 34 139 34
-24.812501 -0.180277 -0.125394 34 139 34
3.874891 -24.159987 0.332577 139 69 19
9.969064 -17.026595 -0.419998 139 69 19
-17.788134 11.225691 -0.140810 139 69 19
-21.287863 11.235892 1.292105 139 69 19
-7.611189 -11.418883 0.651397 34 139 34
13.648522 -16.242924 -0.318719 139 69 19
20.336886 23.401054 -0.371069 34 139 34
6.594749 3.293217 -0.080662 139 69 19
-3.554712 20.482428 0.234215 139 69 19
-23.763249 16.472114 0.802489 34 139 34
-8.380889 1.234181 -0.398357 139 69 19
15.110229 12.635493 0.439526 34 139 34
-8.833026 16.915975 -0.144233 139 69 19
12.594544 17.140076 -0.410226 139 69 19
19.806037 12.112771 -0.077599 34 139 34
-20.449295 -0.621665 0.049514 34 139 34
-19.434637 -2.696246 0.975899 139 69 19
2.544980 21.365417 -0.066682 139 69 19
20.816312 24.915009 0.481202 139 69 19
-9.131488 -15.967819 1.152248 34 139 34
-19.734123 -4.723101 0.761078 139 69 19
-15.018495 -24.674245 0.073141 34 139 34
-14.277615 -6.537894 0.466312 34 139 34
-17.422990 -11.850449 0.139599 34 139 34
-23.108478 -7.039564 0.917675 139 69 19
-8.400753 -1.526163 0.539505 34 139 34
-12.695091 7.490306 -0.458799 34 139 34
15.304783 -13.473035 -0.062163 34 139 34
-10.950729 -17.160666 -0.334529 34 139 34
11.466129 11.268990 0.827709 139 69 19
16.409015 9.048970 -0.005755 139 69 19
10.208116 -14.698547 -0.868695 34 139 34
8.741897 -12.077592 0.109034 139 69 19
-4.031654 0.718855 -0.183859 34 139 34
1.704964 5.254195 -0.757992 139 69 19
-0.763167 11.676658 -0.199213 34 139 34
-3.229629 2.008710 1.220884 34 139 34
-0.497910 3.645781 0.333651 139 69 19
4.119522 -3.177876 0.157953 139 69 19
7.656687 9.650706 -0.066710 34 139 34
-7.813450 -9.488528 -0.733959 139 69 19
-4.488992 11.853228 -0.085165 139 69 19
-9.670735 5.618787 0.009948 139 69 19
-24.399187 22.114648 1.059002 34 139 34
9.813595 17.905339 -0.548931 34 139 34
-24.735854 23.693846 0.036358 34 139 34
-13.934038 -9.601291 -0.608600 34 139 34
-9.031255 -22.247897 0.348143 34 139 34
24.302469 -19.237829 0.116800 34 139 34
-4.512098 12.746912 0.452439 139 69 19
-23.903623 21.090917 0.174318 139 69 19
17.306220 -12.750813 0.140524 139 69 19
0.945989 -3.219062 -0.068258 139 69 19
-4.684758 -7.262328 -0.504188 139 69 19
-24.877652 11.344783 0.043852 139 69 19
18.906212 0.284995 -0.335371 139 69 19
-18.251745 -6.073960 -0.466669 139 69 19
-13.280073 24.789915 0.313158 34 139 34
-15.317749 -13.528699 -0.486799 34 139 34
18.175600 -24.903796 0.031959 139 69 19
3.153504 4.050720 -0.233177 34 139 34
4.572662 20.732916 0.022060 34 139 34
21.764030 -6.066895 0.556727 139 69 19
-6.970113 -15.076061 0.344708 139 69 19
-9.981556 -1.803381 -0.475660 34 139 34
11.295700 8.234940 0.596694 34 139 34
5.359838 10.558856 0.123837 34 139 34
2.833002 -19.949457 -0.666704 139 69 19
18.565358 -18.489331 0.160330 34 139 34
-24.248388 2.199429 0.499421 139 69 19
15.531996 -15.220592 0.688660 34 139 34
-12.320795 -23.212546 -0.033565 139 69 19
11.090828 -13.803967 0.647322 139 69 19
-8.120787 -14.275450 -0.098598 34 139 34
19.647373 19.473114 -0.792216 139 69 19
11.139391 3.141956 -0.629914 34 139 34
8.353302 1.527169 -0.332539 34 139 34
18.965293 10.941342 -0.609110 34 139 34
-1.316554 -8.330179 0.362274 34 139 34
8.871510 -0.068940 -0.359875 139 69 19
-12.891662 8.332214 0.381527 34 139 34
12.038393 -5.833656 -0.521036 139 69 19
-6.138740 10.007906 0.338069 34 139 34
20.126820 -13.592221 -0.787900 34 139 34
-16.245191 5.041730 -0.571804 139 69 19
3.603615 -0.097989 -0.268868 34 139 34
-6.077825 7.497701 0.050455 34 139 34
-23.917805 16.199416 0.076647 34 139 34
19.423537 -2.050530 -0.470947 139 69 19
-18.943092 13.785607 0.003630 139 69 19
-23.649413 9.709647 0.168624 139 69 19
15.264368 1.174744 0.105537 139 69 19
19.314422 15.253773 -0.266147 139 69 19
23.306039 18.448141 -1.039282 139 69 19
18.208886 4.404767 -0.142482 34 139 34
-1.760806 18.646109 -0.212009 139 69 19
1.824287 15.173986 -0.864444 34 139 34
20.516074 4.216054 -0.443728 139 69 19
2.414252 15.893749 -0.721348 34 139 34
6.658399 -4.368148 0.042187 139 69 19
23.358044 -15.906412 -0.830609 34 139 34
-7.500400 -7.734096 -0.174998 34 139 34
8.079545 -3.994052 0.187193 34 139 34
1.030502 -16.955799 -0.023132 34 139 34
0.331488 -17.179778 0.606472 34 139 34
17.138638 -0.528946 0.058840 139 69 19
10.239522 15.042423 -0.191083 34 139 34
-17.473638 -11.309746 -0.924834 34 139 34
-21.566858 6.830318 0.168411 34 139 34
24.080532 1.167337 0.087967 139 69 19
4.888054 -3.338387 0.518326 34 139 34
-11.212319 12.648155 -0.449935 139 69 19
-3.378261 -0.584169 0.538163 34 139 34
-2.357697 -20.786558 0.457410 34 139 34
21.151246 -21.776987 -1.028692 139 69 19
0.527522 -22.349286 -0.367665 139 69 19
16.710468 -11.197428 -0.127721 139 69 19
-13.540994 12.252891 -0.523533 139 69 19
3.903744 -24.103680 -0.022660 34 139 34
-24.387466 -15.248457 0.381395 139 69 19
-1.779317 -6.781325 0.358139 139 69 19
12.440073 -11.913408 -0.629012 139 69 19
9.997124 14.037098 -0.552603 139 69 19
-4.213519 10.324480 0.237398 34 139 34
20.481592 16.891159 0.512279 139 69 19
20.656106 22.473374 -0.538475 139 69 19
-9.292501 -12.757686 -0.459674 34 139 34
-20.501267 19.197979 -0.326615 34 139 34
11.173626 -18.341063 0.305792 139 69 19
15.477439 15.051536 0.318683 139 69 19
-5.605404 -12.135760 -0.584677 34 139 34
-21.229362 9.786844 -0.318437 34 139 34
-19.868537 5.653891 -0.445038 139 69 19
-1.574577 -22.142021 -0.117591 34 139 34
-21.615955 20.012329 -0.020424 139 69 19
-20.210467 22.363521 0.221329 139 69 19
11.310050 13.148270 -0.008387 139 69 19
7.572169 4.117895 -0.220068 139 69 19
-20.733357 10.481983 0.163104 34 139 34
-6.509062 17.013679 0.071041 34 139 34
16.495088 3.405989 0.299885 34 139 34
4.318501 6.668214 0.107528 139 69 19
-1.599244 18.920448 -0.858830 34 139 34
8.953169 -19.612526 0.036299 34 139 34
-22.148850 19.228698 -0.313998 34 139 34
4.054005 0.545483 -0.247210 34 139 34
1.804435 0.221023 0.080705 34 139 34
-13.818864 -22.064008 -0.236798 139 69 19
-15.363052 7.321730 0.531498 34 139 34
12.577868 -6.767130 -0.276311 34 139 34
2.556616 22.739877 0.660084 34 139 34
-15.719088 16.691742 -0.163146 34 139 34
-24.110427 -5.139374 0.289257 34 139 34
6.827232 -3.980317 0.402843 34 139 34
15.298208 -17.473544 -0.810349 139 69 19
24.920410 18.795609 0.551606 139 69 19
1.612617 -1.117962 0.073421 139 69 19
6.173307 18.698794 -0.313202 139 69 19
-21.572873 12.435227 -0.921494 34 139 34
-14.011313 -18.183147 0.364621 34 139 34
-24.917318 -14.397804 0.138125 34 139 34
10.819842 7.562744 0.477239 139 69 19
-16.161048 -7.777762 -0.547847 139 69 19
-7.604061 0.481716 0.708729 34 139 34
10.204721 9.438793 1.358628 139 69 19
22.039237 19.939962 -0.085258 139 69 19
-11.524203 9.278630 -0.309216 139 69 19
0.317775 -20.473496 -0.281314 139 69 19
0.217190 -22.437715 0.596161 34 139 34
-1.935752 3.567615 0.267479 139 69 19
22.854961 -10.074864 -0.041031 34 139 34
-16.367606 -12.728370 -0.488654 139 69 19
-16.454011 -4.453563 -0.271877 139 69 19
8.809685 -20.317475 -0.203674 34 139 34
-8.006930 -18.837564 -0.503803 139 69 19
12.123440 19.218728 -0.318197 34 139 34
20.134014 -0.092587 0.528341 34 139 34
8.869726 10.849871 0.497150 34 139 34
-0.118301 8.674511 0.398371 34 139 34
7.322376 -24.776305 -0.567507 139 69 19
-8.772116 16.368147 -1.353076 34 139 34
11.276283 22.830296 -0.098681 139 69 19
-4.093356 9.987125 -0.003919 139 69 19
-5.374709 -0.132944 -0.493415 34 139 34
-23.499213 11.270402 0.684827 34 139 34
5.324637 -14.011630 -0.486034 139 69 19
5.720057 9.911657 1.602267 34 139 34
2.350475 7.465528 -0.452182 139 69 19
7.464558 -24.274347 -0.664141 139 69 19
-1.248319 13.267628 0.833191 139 69 19
-21.225850 -21.818121 -0.734485 139 69 19
14.844473 12.514964 0.415059 34 139 34
6.897856 -14.547970 -0.634050 139 69 19
2.258006 7.761253 0.660317 139 69 19
4.219372 23.975495 -0.226580 34 139 34
-1.297483 19.430666 0.257576 34 139 34
-12.601119 5.283560 0.894487 34 139 34
4.482707 -24.626702 -0.341753 34 139 34
10.213005 -0.894479 0.627822 139 69 19
0.236764 -12.050141 -0.413487 34 139 34
4.340423 -15.763250 -0.684649 139 69 19
-18.688019 19.508364 0.205871 34 139 34
-5.860155 12.264250 0.325292 34 139 34
-16.834210 0.968097 0.292653 139 69 19
-17.079903 13.266679 -0.129767 139 69 19
-16.765047 -17.172917 0.181457 34 139 34
-6.511367 -22.199951 0.419429 139 69 19
-4.832478 -7.465890 -0.169839 139 69 19
-4.962473 0.104876 0.143584 34 139 34
10.961663 -24.076362 0.124169 139 69 19
5.749344 21.209469 -0.596998 34 139 34
6.782664 1.305160 -0.302139 34 139 34
23.032652 16.177189 -0.271814 139 69 19
1.560145 10.378840 0.396484 34 139 34
8.771894 -18.254439 0.944614 139 69 19
-7.366898 3.994439 0.524554 34 139 34
10.430232 11.606253 -1.042887 139 69 19
9.527894 7.188312 -0.378012 139 69 19
-8.691116 -14.517940 0.222996 139 69 19
-2.014920 -22.617891 -0.441341 139 69 19
16.073281 -0.496993 -0.245676 139 69 19
-21.828170 -23.380754 1.285749 34 139 34
-15.261945 -1.456689 0.198681 34 139 34
12.694169 -4.115153 -0.111076 34 139 34
-15.341731 12.346502 0.849686 34 139 34
-16.871856 -1.453508 0.149418 139 69 19
-20.610845 -22.200228 -0.240645 139 69 19
-5.804244 -8.327882 -0.635037 34 139 34
21.336242 -12.607922 -0.558499 34 139 34
18.625337 -24.823135 0.607205 34 139 34
10.512331 9.650257 1.209385 34 139 34
-15.433080 0.522294 -0.170522 139 69 19
-19.645798 -17.886722 -0.734381 139 69 19
-20.491648 -0.954776 0.069472 34 139 34
3.312422 10.357750 0.279056 139 69 19
-13.986658 5.473861 0.869516 34 139 34
23.373752 -18.646877 -0.983231 139 69 19
21.321236 12.044957 0.129331 34 139 34
-5.482581 -5.679754 -0.109891 34 139 34
19.600847 8.409013 -0.520742 139 69 19
-15.799573 1.922771 0.278957 34 139 34
8.144588 0.334554 -0.059295 34 139 34
-17.787952 -0.570401 -0.026014 34 139 34
-9.966949 21.078869 -0.562332 34 139 34
3.316305 -14.876979 -0.448258 34 139 34
4.550353 -1.448350 -0.131526 34 139 34
22.621231 4.067393 0.038931 34 139 34
18.087346 15.940775 0.529165 139 69 19
22.994420 0.975763 -0.055773 139 69 19
17.348337 5.168116 0.642921 139 69 19
-24.233203 -1.491141 -0.199621 34 139 34
8.523817 17.842127 0.344949 139 69 19
10.224880 8.883403 -0.595938 34 139 34
-1.597479 9.132704 0.761813 139 69 19
18.485854 0.781409 0.846337 34 139 34
-14.136398 -14.191563 -0.199878 34 139 34
-10.846726 13.886937 0.577777 139 69 19
18.468291 6.467052 -0.105087 34 139 34
-9.111258 -4.265597 -0.373862 34 139 34
-6.074242 -23.176314 -1.026626 139 69 19
5.640842 -2.272526 0.102152 139 69 19
-19.995437 -14.018923 0.888012 34 139 34
1.677287 22.958430 0.188456 34 139 34
19.770725 -20.960341 -0.370028 139 69 19
6.990552 13.283187 -0.148861 34 139 34
6.089645 2.823663 -0.101686 34 139 34
-10.921071 -12.206581 -0.219148 139 69 19
5.797622 -23.821720 -0.379640 139 69 19
23.338448 -24.567660 0.283923 139 69 19
-10.004801 -13.181635 -0.388203 139 69 19
17.081845 -3.250703 -0.707096 139 69 19
15.509702 23.179014 -0.321844 139 69 19
-6.799803 -2.682507 0.422293 139 69 19
-23.024252 17.681055 0.496718 34 139 34
7.530839 -9.532721 0.289985 139 69 19
12.318203 -12.601809 -0.908456 34 139 34
-14.248660 -14.148762 -0.148907 34 139 34
-23.345145 6.689313 0.403000 34 139 34
-7.639818 11.988489 -0.654729 139 69 19
13.210360 18.026678 -0.518892 34 139 34
23.207198 20.163546 -0.214034 139 69 19
24.609712 22.296402 0.014095 34 139 34
12.707094 -1.413354 0.657311 34 139 34
-22.496636 18.934414 0.102662 34 139 34
21.003929 2.816089 0.603335 139 69 19
-3.033819 16.667929 0.304005 139 69 19
-7.119092 -5.931785 -0.137461 139 69 19
15.407486 -10.845131 0.293714 34 139 34
12.016143 -10.447922 -0.346309 139 69 19
9.585905 4.216406 -0.399648 139 69 19
-1.054242 24.126869 -0.078161 34 139 34
22.603690 -23.290622 -0.273485 139 69 19
-3.063859 -17.149800 -0.534091 139 69 19
-6.064482 -14.432124 -0.370348 139 69 19
2.238028 0.706155 -0.584304 34 139 34
-24.695243 19.242741 0.109546 139 69 19
13.462012 17.312610 1.047393 34 139 34
13.717298 7.636250 -0.144510 34 139 34
9.379443 24.693100 0.231764 139 69 19
-14.498367 7.507776 -0.636480 34 139 34
14.181408 19.792925 -0.399760 139 69 19
-12.251019 -1.329482 0.136682 34 139 34
0.881719 -3.946503 -0.163222 139 69 19
3.145260 18.974710 -0.766866 139 69 19
-13.034798 3.407450 0.872946 34 139 34
-21.831040 23.538763 -0.094701 34 139 34
-24.425896 -13.059474 -0.393899 34 139 34
-11.042585 21.350486 0.167286 139 69 19
-5.372440 -16.557430 0.228199 139 69 19
-8.787128 -13.887748 -0.373800 139 69 19
21.181641 -5.366182 0.671845 139 69 19
-11.567863 22.922337 -0.151475 34 139 34
-6.134337 24.173253 0.094922 34 139 34
-13.910847 -4.982463 -0.134505 34 139 34
-9.482886 19.421369 -0.280526 34 139 34
-12.538290 -16.817741 0.167809 139 69 19
19.720241 22.700329 0.058730 34 139 34
-5.006368 3.347438 0.284475 34 139 34
24.532648 10.445432 0.118849 139 69 19
-20.444225 0.656355 0.733200 34 139 34
-9.465915 -2.890118 -0.022793 34 139 34
-18.359807 -18.534947 -0.917955 34 139 34
-23.381821 -6.515267 -0.203068 34 139 34
-6.160993 -18.708093 -0.223824 139 69 19
-4.626482 -4.229571 0.218922 139 69 19
4.116260 -1.143780 0.049681 34 139 34
19.613982 20.084073 0.544694 34 139 34
-5.913498 -23.909279 0.137475 34 139 34
4.920896 21.556083 0.344341 34 139 34
-1.675580 -0.218783 -0.240653 34 139 34
17.337774 8.854084 0.058723 139 69 19
11.396588 5.108458 0.366903 34 139 34
24.121389 -8.661606 -0.309010 34 139 34
22.022475 3.556544 0.868196 139 69 19
-21.428412 22.685234 0.539630 139 69 19
21.136990 8.207250 -0.245960 139 69 19
-10.393594 -17.735932 -0.614963 34 139 34
6.518298 -13.981885 0.113801 34 139 34
4.676478 -22.748244 0.210662 34 139 34
-8.997633 20.198413 0.356644 34 139 34
-1.441204 19.761143 0.239520 139 69 19
-4.971531 -12.973192 0.211132 34 139 34
3.354614 -17.425163 0.359976 139 69 19
24.366970 -22.358195 -0.313027 34 139 34
-17.671298 1.889767 0.522327 34 139 34
-3.878822 -17.374714 -0.177296 34 139 34
-24.647856 -2.108441 -0.155837 34 139 34
-15.137553 -1.222872 -0.552768 34 139 34
1.836857 -11.303239 -0.278145 139 69 19
-0.170851 23.716581 -0.133753 139 69 19
14.389835 -23.670545 0.157153 139 69 19
-11.723551 -6.442199 -0.289691 34 139 34
22.001206 10.915439 -1.078568 139 69 19
-0.188382 4.147317 0.037462 139 69 19
8.724836 0.393278 -0.025205 34 139 34
-24.138453 7.032888 -0.083402 34 139 34
20.993984 -19.105668 0.335894 34 139 34
19.244107 -10.381379 -0.170242 139 69 19
-4.686093 10.270734 -0.976870 139 69 19
15.213445 2.233209 0.073326 34 139 34
-20.624535 -15.825866 0.282079 34 139 34
6.635287 -0.648857 -0.080634 34 139 34
2.235759 -24.131607 -0.667575 34 139 34
-7.295609 21.405673 -0.454064 139 69 19
10.021909 -19.041754 0.329593 34 139 34
-12.991845 9.425187 0.893449 139 69 19
-20.311228 -13.989774 -0.045535 139 69 19
-7.078830 17.876177 -0.678802 139 69 19
-12.473971 5.427961 0.614122 34 139 34
7.257036 -7.345267 -0.132762 34 139 34
11.247580 -12.572414 -0.692746 139 69 19
16.203490 8.024481 -0.383200 34 139 34
16.228681 12.983342 0.800513 139 69 19
14.327820 -14.822632 0.086256 34 139 34
-16.053686 23.942336 -0.312585 34 139 34
-11.547141 13.701634 -0.126949 139 69 19
-8.403896 -0.270834 0.281928 34 139 34
19.499090 -10.824470 -0.184688 139 69 19
5.962421 22.686264 0.061784 34 139 34
-11.059555 -12.631765 0.585352 139 69 19
-22.890013 1.110361 0.433432 139 69 19
21.444828 3.675072 -0.461162 139 69 19
23.872591 -0.685092 -0.114696 34 139 34
24.211917 -7.881800 -0.269105 139 69 19
-12.856898 -12.321404 -0.402414 139 69 19
-7.501294 18.916369 0.570623 34 139 34
-1.585608 -8.837571 -0.272361 34 139 34
12.750602 -7.038317 0.008693 34 139 34
-14.729098 15.488167 0.182519 139 69 19
-20.847784 1.645237 -0.299347 139 69 19
-0.089047 -17.592062 -0.337713 34 139 34
-10.722933 -17.620242 -0.152185 34 139 34
15.421596 10.456642 -0.753109 139 69 19
0.753863 -21.553697 0.400200 34 139 34
0.038135 -5.832913 0.020580 139 69 19
-0.343838 7.503535 0.356922 139 69 19
-17.563800 -22.704057 0.173406 139 69 19
-23.767309 -11.180482 0.520479 34 139 34
-1.748866 -23.772878 0.333424 34 139 34
12.318529 -5.758884 0.080805 34 139 34
21.872394 11.949161 -1.187717 34 139 34
3.388812 11.535922 -0.837807 139 69 19
15.515969 -10.596900 0.016681 34 139 34
16.509698 1.962545 -0.837875 34 139 34
-15.992750 -14.593660 -0.070460 139 69 19
-20.286557 -19.143563 0.614970 139 69 19
-13.068111 -14.052681 -0.995825 139 69 19
24.608593 15.659892 0.202381 34 139 34
17.774581 18.700562 -0.031056 139 69 19
-17.225668 -12.286272 -0.747203 139 69 19
-20.905960 -12.530331 0.154942 34 139 34
-20.820653 7.689928 0.639017 139 69 19
-1.778207 -11.356437 -0.154864 139 69 19
23.743093 -1.863353 0.354346 139 69 19
-2.684944 -7.401951 0.430112 34 139 34
20.164802 -23.447763 -0.318213 34 139 34
-12.678832 -11.004765 -0.807808 139 69 19
-15.475539 20.540961 0.392332 139 69 19
-8.033979 4.363996 -0.167288 139 69 19
-24.784264 -20.598412 0.054995 139 69 19
-1.644356 -8.881243 -0.369806 139 69 19
2.095597 21.481201 -0.491738 34 139 34
19.107813 -14.099857 -0.103366 139 69 19
-20.239737 22.162768 -0.250711 139 69 19
-13.106997 -5.809820 -0.201114 34 139 34
-6.182247 9.432585 -0.312606 139 69 19
-19.456691 22.292320 -1.117290 34 139 34
11.961110 -17.698044 0.619593 34 139 34
22.371614 16.033662 -0.226191 34 139 34
-8.809404 0.418912 0.194250 139 69 19
2.344659 -3.991726 -0.736730 34 139 34
22.706781 20.006694 -0.989188 34 139 34
-12.886578 10.867025 0.019151 139 69 19
16.862755 18.162406 0.300539 34 139 34
-7.320176 -3.099342 -0.973982 139 69 19
20.629642 9.901979 -0.371052 34 139 34
21.302161 -16.468318 0.244402 34 139 34
20.212134 -22.001197 0.942130 34 139 34
-2.416353 -13.085237 -0.585343 34 139 34
12.879363 3.798066 -0.504922 139 69 19
-12.561245 21.323003 -0.836060 34 139 34
5.975879 19.568992 -0.032751 139 69 19
14.047933 20.253871 0.385551 139 69 19
19.703328 1.954397 0.417407 139 69 19
10.900993 -4.551478 0.081128 139 69 19
-21.173581 1.895929 -0.175369 139 69 19
23.628068 -16.933399 0.303429 34 139 34
-9.560533 24.994504 -1.183599 34 139 34
11.781779 -20.844709 -0.127335 139 69 19
1.656745 -15.683440 0.442744 139 69 19
-23.069188 6.720810 -0.158126 34 139 34
-6.285163 -14.078653 0.157934 34 139 34
23.073866 11.936362 -0.625762 34 139 34
20.436218 -9.581400 -0.951961 139 69 19
21.899775 1.664936 0.190886 34 139 34
-16.826363 9.194865 0.181755 139 69 19
-24.291060 -19.942296 0.627764 139 69 19
-22.443809 5.291009 -0.453634 139 69 19
12.777313 -24.523815 0.250152 34 139 34
-20.497404 -19.266519 -1.216570 34 139 34
-10.098043 19.193300 -0.837241 34 139 34
10.610913 -3.368114 -0.976853 34 139 34
-13.062025 8.115414 0.339698 139 69 19
7.488442 6.988284 -0.141463 139 69 19
10.795299 -14.286786 -0.358092 139 69 19
10.925746 11.586116 0.371341 139 69 19
-22.288702 -8.468999 -0.854922 139 69 19
-13.109308 13.770224 -0.477547 139 69 19
-7.886858 19.556703 -0.561154 34 139 34
-15.346369 22.304340 0.484669 34 139 34
-9.833395 -14.288961 -0.634980 139 69 19
12.754264 4.966828 0.224024 34 139 34
19.321274 11.824125 0.129309 139 69 19
-9.307753 13.454381 0.734344 34 139 34
11.092738 -21.775454 0.074330 139 69 19
-17.892686 0.752940 -0.060605 139 69 19
16.161144 1.169896 0.062431 139 69 19
-17.681902 21.575020 -0.119221 139 69 19
-5.853239 -17.789015 0.114974 139 69 19
2.427843 -24.101601 -0.754378 139 69 19
-14.517337 12.615937 -0.021694 34 139 34
-14.720341 -15.734596 -0.578904 139 69 19
12.361692 20.711610 -0.907924 139 69 19
-19.018501 23.525825 -0.099505 34 139 34
-12.533278 8.492380 -0.026993 34 139 34
-7.771721 2.632630 -0.479396 34 139 34
-11.956477 -7.703466 0.265592 139 69 19
20.034769 0.657973 0.711254 34 139 34
-2.704379 -2.542427 0.624635 139 69 19
15.103884 10.813679 -0.563898 139 69 19
-2.551252 -14.345887 0.037259 139 69 19
7.489927 -8.309825 0.297701 139 69 19
12.269260 -9.142329 0.058692 34 139 34
-20.898292 -12.704391 0.987974 139 69 19
-16.596028 -11.136311 -0.044925 34 139 34
-11.194364 -10.351133 0.568701 139 69 19
-24.029219 2.421812 -0.881772 139 69 19
18.288410 8.036987 0.834805 139 69 19
-22.240266 -22.391563 0.846669 34 139 34
-8.569014 -15.228451 -1.107541 139 69 19
1.817265 18.394179 0.800128 139 69 19
4.047875 -9.158800 0.191471 139 69 19
-18.894474 12.577325 -0.136107 34 139 34
10.419435 15.313745 -0.050590 139 69 19
10.636828 13.795256 0.007697 34 139 34
17.676536 -12.252988 -0.802274 34 139 34
12.057457 21.560164 -0.230424 34 139 34
-7.691798 14.162780 0.197933 34 139 34
-11.555583 -6.520592 -0.120920 34 139 34
-14.795597 13.904898 -0.168185 34 139 34
-14.983816 5.290297 -0.680899 34 139 34
-1.590709 -16.575304 0.144917 34 139 34
24.218268 -15.086273 0.701473 139 69 19
13.431743 22.842895 -0.342519 139 69 19
-6.526096 -15.332190 -1.373941 139 69 19
2.411671 -16.575608 0.072642 139 69 19
-11.944981 -16.185072 -0.113063 139 69 19
-22.959656 -16.316370 -0.749545 139 69 19
17.586939 10.144437 -0.640721 139 69 19
-9.958930 19.862682 -0.168892 139 69 19
22.878172 -23.730458 -0.316723 139 69 19
9.796098 -19.507612 0.466964 34 139 34
-21.257781 16.134975 -0.900949 34 139 34
-9.655904 19.503819 -0.087115 139 69 19
-15.929190 9.022048 -0.143838 34 139 34
-12.188967 3.219165 -0.703028 34 139 34
-5.963552 14.219219 -0.825798 34 139 34
11.093952 -17.953727 -0.108738 139 69 19
14.837169 -0.709718 -0.375099 139 69 19
17.816915 10.940088 -0.185600 139 69 19
4.371101 0.651981 0.379491 139 69 19
-8.367384 15.708215 1.154958 34 139 34
13.519498 -6.768046 -0.464345 139 69 19
-9.832805 -3.937270 0.743799 34 139 34
-3.727980 6.432350 -0.602893 34 139 34
-19.930900 15.041255 -0.308394 34 139 34
-4.373391 22.103893 -0.315648 34 139 34
13.227219 11.226850 0.023399 34 139 34
-11.284373 13.706432 0.356883 34 139 34
-14.445526 -23.078766 0.256809 139 69 19
23.837131 -8.102857 -0.455775 139 69 19
-4.802629 -12.545071 -0.319292 139 69 19
20.639852 -8.808388 0.095620 34 139 34
-2.025667 -20.556933 0.193719 34 139 34
-9.439977 -5.910006 -0.359759 34 139 34
-16.438758 22.824832 0.060701 139 69 19
-2.237331 1.842135 -0.227245 139 69 19
16.777258 -5.690190 0.569549 34 139 34
10.340161 2.739865 -0.630179 34 139 34
15.343805 -11.731283 1.146245 34 139 34
-1.286156 8.832531 -0.102082 139 69 19
13.004715 -17.946296 0.715383 34 139 34
2.996646 -16.035377 0.008140 139 69 19
-18.754384 -1.344962 0.207699 34 139 34
-17.343316 -18.593002 0.883258 34 139 34
-1.080356 12.094536 0.226392 139 69 19
20.980812 -10.932040 -0.497690 34 139 34
12.747784 -16.773713 0.081886 139 69 19
24.777582 -3.933475 -0.153544 139 69 19
10.920286 18.072150 1.027194 34 139 34
6.834173 2.296989 -0.414612 34 139 34
-24.281931 -16.042952 -0.108946 34 139 34
-16.891739 24.798724 0.843013 139 69 19
19.590200 2.961739 0.611370 34 139 34
-3.701101 -23.848113 0.069315 139 69 19
0.469465 6.789820 0.016157 34 139 34
24.386550 0.472962 -0.119661 34 139 34
-13.898475 0.673598 -0.791093 139 69 19
23.182145 12.084707 0.079964 34 139 34
-14.664481 22.056054 0.165792 34 139 34
1.922466 -3.821048 0.724617 139 69 19
-20.066403 2.114057 -0.500821 34 139 34
19.115507 13.969309 -0.662465 139 69 19
19.792722 20.194716 0.704680 34 139 34
-7.802162 19.385507 0.523448 139 69 19
-0.916549 20.275724 -0.082607 139 69 19
20.529899 22.732418 0.348289 139 69 19
-15.984360 20.732748 -0.219527 139 69 19
15.381552 24.438637 -0.248445 34 139 34
-22.538458 -10.857870 -0.399105 34 139 34
-6.406466 -18.622423 -0.213356 139 69 19
22.582272 8.660164 -0.239425 139 69 19
-24.652285 -16.253265 0.128319 34 139 34
8.792360 17.278608 0.037497 34 139 34
10.174277 14.336313 -0.381166 139 69 19
-21.781260 -15.259669 -2.048365 139 69 19
-21.387985 -15.793534 -0.431785 139 69 19
23.348076 -20.338116 -0.419434 34 139 34
-24.281190 -10.535458 -0.723661 139 69 19
6.926835 7.918596 -0.855585 139 69 19
-5.368004 -3.284598 -0.518371 139 69 19
-16.798990 -1.612951 0.200691 139 69 19
7.199792 -14.858543 0.214527 139 69 19
-2.353488 -23.364196 -0.555620 139 69 19
6.753936 1.326386 0.479722 139 69 19
-21.130926 1.515782 -0.750004 34 139 34
15.815794 -18.696322 0.473011 34 139 34
16.862075 -3.127888 0.526430 34 139 34
-4.541344 22.896980 -0.910314 34 139 34
-3.201857 -17.104729 -0.023004 34 139 34
-18.489059 -21.991642 -0.275845 34 139 34
-21.376608 0.803715 -0.025743 139 69 19
11.672227 -18.140595 0.449892 139 69 19
0.449213 -1.378282 -0.893384 34 139 34
-22.477679 -7.051684 0.051178 139 69 19
-7.820998 7.148614 0.006243 34 139 34
-3.951783 -1.261365 -1.339198 139 69 19
13.294017 11.991304 -0.032783 34 139 34
-10.160703 16.242149 -0.638628 139 69 19
10.334433 -13.982309 0.683216 34 139 34
10.915398 10.758927 -0.472877 139 69 19
-4.713317 -13.993909 -0.455491 139 69 19
-20.063544 -24.022795 -0.856256 139 69 19
-16.285381 1.807471 0.134503 34 139 34
-5.493056 -2.704265 0.133352 139 69 19
-18.217917 -22.418410 0.297198 139 69 19
-2.904191 1.851006 -0.831610 139 69 19
20.929750 -18.056036 0.332985 139 69 19
-17.114156 16.020585 0.192494 34 139 34
15.512863 -13.648793 0.153785 139 69 19
-14.627190 7.531306 0.698381 34 139 34
-3.736020 -22.344053 -0.433978 139 69 19
-2.870958 -0.507282 -1.271995 139 69 19
7.463724 -9.331452 0.096238 34 139 34
-18.989316 10.318228 0.052512 34 139 34
2.202158 19.768249 -0.308591 139 69 19
5.583402 -5.420319 -0.307480 139 69 19
-13.607961 0.849180 0.245550 34 139 34
14.408926 8.403221 -0.111141 139 69 19
20.812173 -18.462456 0.082882 139 69 19
23.589998 2.032740 0.607410 34 139 34
-7.338622 0.042925 -0.467526 139 69 19
24.439762 9.790651 -1.008572 34 139 34
-0.100649 24.831072 0.448224 139 69 19
-16.897549 13.993715 -1.016361 34 139 34
-12.683668 -16.772792 -0.316901 139 69 19
-3.041264 -2.476806 0.860776 34 139 34
6.094029 -14.727847 -1.123780 139 69 19
11.416361 -15.491903 0.830085 139 69 19
-13.388520 5.465657 0.903093 139 69 19
16.485731 -16.632933 -0.250430 34 139 34
18.223712 11.996151 0.688516 139 69 19
6.443370 -14.884225 -0.163659 34 139 34
-12.802682 -18.269102 0.938185 34 139 34
-22.579564 1.216129 -0.720894 34 139 34
8.536757 22.670979 -0.164083 34 139 34
-6.422389 9.031105 0.584577 34 139 34
5.602353 -16.271790 -0.094728 139 69 19
4.542966 10.473427 -0.096163 34 139 34
-2.358219 0.949940 -0.656702 34 139 34
-14.206793 6.576977 0.004616 34 139 34
9.493598 -16.178573 0.243436 139 69 19
19.678133 14.749644 0.418595 139 69 19
-10.496471 21.267381 -0.470060 34 139 34
-10.127465 10.204285 -0.335762 139 69 19
10.863085 12.791329 0.073600 34 139 34
3.106535 11.096637 0.396398 139 69 19
5.958459 -6.756511 -0.017271 34 139 34
-10.543489 -23.118442 -1.042152 34 139 34
-13.189959 10.432457 -0.032996 34 139 34
12.498870 -19.420403 0.657610 34 139 34
-11.020504 -10.098625 -0.801867 139 69 19
-3.748150 21.767951 0.496684 34 139 34
6.119609 -10.681967 0.957499 34 139 34
-23.796968 -2.373666 -0.070139 139 69 19
-22.685809 -11.827047 -0.190892 34 139 34
-24.961457 -16.846213 -0.567368 34 139 34
4.471563 6.392733 0.038950 139 69 19
17.428926 19.755835 0.714224 34 139 34
2.028031 -24.547689 0.130501 139 69 19
1.011630 -19.740788 -0.558886 139 69 19
20.004673 -12.003595 -0.436454 34 139 34
20.846398 24.579932 -0.268910 34 139 34
2.144683 4.199594 0.108715 139 69 19
-4.740187 -2.206661 0.850971 34 139 34
-17.150293 -8.159592 0.068147 34 139 34
23.935796 -12.698572 -0.052858 139 69 19
3.872289 -9.165701 -0.216623 34 139 34
4.262854 18.692042 -0.588419 34 139 34
-17.198514 -20.116824 0.596087 139 69 19
-3.279564 -8.458862 -0.107934 34 139 34
-19.798498 -2.751281 -0.503903 139 69 19
7.406158 -16.189950 0.229332 139 69 19
1.517891 5.330105 -0.020965 139 69 19
-10.310186 -16.302310 0.107075 34 139 34
-21.365058 -8.273293 -0.846720 139 69 19
18.761521 -15.143576 -0.161956 139 69 19
-6.532526 7.001749 -0.854388 139 69 19
-0.915470 -9.867532 0.064918 139 69 19
17.168161 15.133421 1.204497 34 139 34
15.934384 19.466068 0.432626 34 139 34
1.898181 -0.344151 0.888129 139 69 19
-21.540926 -3.551724 0.766801 139 69 19
-1.385034 19.912718 0.015824 139 69 19
-10.249946 -14.886151 -0.954113 34 139 34
16.677182 17.663510 0.210476 139 69 19
12.319488 9.820814 0.060950 139 69 19
-2.359859 -15.110312 -0.603308 34 139 34
22.727329 -7.437214 -0.131810 139 69 19
-6.468692 13.053313 0.357288 34 139 34
9.547480 19.798572 0.470692 34 139 34
-9.870709 14.045976 0.316789 139 69 19
5.913593 2.895825 -0.434303 139 69 19
-18.946266 5.560802 -0.476233 139 69 19
7.211093 -8.186284 -0.399474 139 69 19
-15.356686 -22.140722 0.035311 139 69 19
-18.522277 19.071558 0.288748 139 69 19
-21.944179 18.815531 0.030690 34 139 34
-0.841843 8.033599 -0.111245 34 139 34
9.531445 1.378674 -0.492321 139 69 19
6.439750 9.324069 -0.274475 139 69 19
-23.232032 8.917157 -0.318524 139 69 19
-23.475627 -21.305975 0.583012 34 139 34
-23.988970 -12.375949 0.050189 139 69 19
-21.781082 -13.955566 0.416678 139 69 19
-18.322393 -1.842418 -0.010517 139 69 19
11.479976 6.362650 -0.895467 34 139 34
-24.219711 -0.058318 -0.327343 139 69 19
5.997782 -0.286976 0.211403 34 139 34
19.467631 -24.513778 -0.499745 34 139 34
-6.104777 -4.347918 -0.755818 34 139 34
-16.159541 9.681406 0.607832 139 69 19
6.065881 -13.189946 0.405466 34 139 34
-15.569262 -17.022144 -0.138316 139 69 19
-22.400259 -17.266503 -0.724154 139 69 19
24.158148 10.709689 -0.812594 139 69 19
21.180258 1.568111 -0.025550 34 139 34
-2.648714 -24.599166 0.792931 34 139 34
-22.357456 10.718854 0.585250 34 139 34
-21.130582 -0.025952 -0.219449 139 69 19
11.008320 -17.036098 0.752975 139 69 19
17.604853 21.100521 -0.072323 34 139 34
7.951432 -11.689479 -0.687021 139 69 19
23.703052 -0.010745 -0.466475 34 139 34
4.137223 -7.218473 -0.088791 139 69 19
-4.455511 6.110868 0.524796 34 139 34
-4.399583 7.736455 0.027276 34 139 34
-10.170267 -10.015873 -0.527284 34 139 34
19.349855 -10.443886 0.684543 34 139 34
22.339439 -22.857463 -0.814414 34 139 34
-11.744680 -2.528681 -0.227608 34 139 34
3.836074 -15.717020 -0.129562 34 139 34
9.007014 1.326242 0.062764 139 69 19
-10.435620 5.153405 -0.087197 139 69 19
8.594232 11.756708 1.006873 34 139 34
5.172575 -4.769615 1.004380 139 69 19
15.880982 13.388648 0.362505 34 139 34
-7.532917 -23.607904 0.294667 139 69 19
13.691427 11.771471 -0.139061 139 69 19
8.217026 12.598029 0.588145 139 69 19
-13.839729 -23.302355 0.470300 139 69 19
9.230795 13.539036 -0.525940 34 139 34
20.832812 12.807830 -1.026873 139 69 19
16.067817 16.015045 0.483082 139 69 19
19.383886 20.522463 -1.115801 34 139 34
-15.222866 2.634254 0.290717 34 139 34
18.196995 23.086874 -0.133701 34 139 34
-18.882474 -2.479295 0.449985 139 69 19
-7.160929 20.756395 0.192336 139 69 19
-18.176734 10.427602 -0.236707 139 69 19
20.793707 -13.095448 -0.013718 139 69 19
-12.459198 19.618220 0.341738 34 139 34
-3.541016 21.317955 -0.658139 139 69 19
10.622441 12.875941 -0.152570 139 69 19
0.549472 16.983669 -0.098399 34 139 34
13.044003 21.295209 -0.063425 139 69 19
-0.018566 15.445546 -0.712901 34 139 34
4.859048 -14.170502 -0.075257 34 139 34
-18.981058 13.183582 0.480266 139 69 19
-15.360875 16.242731 0.447952 34 139 34
-21.559030 19.308655 0.044239 34 139 34
-11.935166 14.613859 -0.064442 139 69 19
-23.295274 -4.866531 0.024242 34 139 34
5.953790 8.563554 0.888362 139 69 19
-7.815092 -11.753188 -0.042016 34 139 34
-15.341136 -11.277436 -0.203966 139 69 19
14.395151 6.974673 0.466260 34 139 34
-24.858243 -11.794057 -0.276058 139 69 19
18.060683 -1.822383 -0.201939 34 139 34
-5.806482 11.247328 1.037935 34 139 34
-8.199107 9.324976 0.317192 139 69 19
24.293629 -18.792520 0.056133 139 69 19
23.239913 -16.532135 0.068789 34 139 34
22.449456 -3.576462 -0.131353 139 69 19
3.580280 -24.051162 0.532753 34 139 34
2.563593 -20.594670 -0.278833 34 139 34
10.479672 -2.377965 -1.075162 139 69 19
8.929650 2.487194 -0.202139 139 69 19
-20.338897 -10.494764 0.311543 34 139 34
-1.567629 15.260761 -0.153976 139 69 19
18.353821 3.259442 -0.680261 34 139 34
-2.500650 -9.105402 -0.645739 139 69 19
-2.353071 15.182118 -0.082176 139 69 19
10.198173 22.657859 0.178508 34 139 34
-5.766037 20.198486 -0.296865 139 69 19
3.720286 -8.546529 0.242666 34 139 34
-2.836244 -17.943636 0.030651 139 69 19
11.566248 -7.463087 -0.533714 34 139 34
10.984376 -6.907014 -1.169997 34 139 34
-5.442088 -2.159998 -0.314162 34 139 34
-19.248478 10.171598 0.291298 34 139 34
20.984539 15.119042 0.496040 34 139 34
0.231155 -8.858710 -0.542325 139 69 19
4.447864 -1.201456 0.391102 34 139 34
-13.457140 -11.400478 0.585518 139 69 19
-20.845451 -16.701672 0.461993 139 69 19
-18.684030 24.971053 -0.560344 139 69 19
1.630441 15.020045 0.102615 34 139 34
17.110521 -15.392240 0.074797 139 69 19
16.848868 5.881860 0.485168 34 139 34
5.520962 -7.069166 0.997993 139 69 19
22.008758 19.140584 0.175339 34 139 34
2.146730 1.141696 0.438730 34 139 34
-11.329868 -5.797832 0.655704 34 139 34
3.743900 -19.872606 -0.177551 34 139 34
-15.049808 23.527710 -0.272772 139 69 19
-19.554561 17.938384 -0.138157 34 139 34
-18.233046 -14.742378 -0.519311 34 139 34
-4.490559 21.748476 -0.108803 139 69 19
-17.346685 15.355244 0.145320 139 69 19
-10.565168 -3.588851 -0.132578 34 139 34
3.177299 -19.088897 -0.188035 139 69 19
-6.941551 18.647501 -0.794165 34 139 34
-21.758171 0.867691 -0.234556 139 69 19
-18.553329 -8.504318 0.264244 139 69 19
-11.358296 -18.930977 0.617724 34 139 34
-3.009219 13.964412 0.119854 34 139 34
19.338177 -16.936147 0.408805 34 139 34
23.741979 -11.979262 0.590499 139 69 19
7.659966 -7.145611 -0.818722 34 139 34
-14.801573 -19.054693 0.056025 139 69 19
15.708035 6.851590 -0.546902 34 139 34
-8.736691 15.892736 -0.569853 34 139 34
11.120311 -6.867023 -0.066890 34 139 34
14.447736 16.932748 0.034114 139 69 19
13.765580 -6.872210 -0.352853 34 139 34
0.342293 24.338756 -0.798854 34 139 34
-12.645727 7.357292 0.363685 34 139 34
-6.607654 24.283759 -0.050541 139 69 19
1.426065 19.645360 0.655615 34 139 34
-10.493149 -21.360010 0.262545 34 139 34
-17.649848 7.761200 0.746102 34 139 34
-14.909400 -20.577814 -0.201561 34 139 34
-20.866194 -8.407653 -1.079036 139 69 19
3.927684 0.817097 0.074630 34 139 34
5.781333 9.956857 0.755902 34 139 34
15.533055 8.915289 -0.445827 34 139 34
24.280679 -3.922161 -0.279897 139 69 19
17.060121 -3.220851 -0.421388 34 139 34
-3.888279 1.762043 0.689271 34 139 34
-2.408040 0.134436 -0.556054 34 139 34
-3.402544 -15.233730 -0.446172 139 69 19
5.106567 17.009993 -1.159138 139 69 19
-11.037213 18.129126 -0.613308 34 139 34
24.931919 -24.715403 0.146791 34 139 34
24.316968 7.925922 -0.077277 34 139 34
-14.561614 -0.856505 -0.160494 139 69 19
-18.462962 -4.329313 -0.368796 139 69 19
0.717353 -2.160389 -0.366900 139 69 19
-14.500772 -8.520550 -0.418612 139 69 19
-21.174806 -8.973867 0.787015 34 139 34
-11.598862 10.987743 0.513948 34 139 34
-21.625106 18.000269 0.396533 139 69 19
-14.391639 -23.613094 0.705710 139 69 19
5.673811 -16.739260 -0.425856 34 139 34
23.289542 23.063935 0.324444 139 69 19
-21.086016 5.549983 -0.816846 34 139 34
20.765203 -3.063818 -0.345323 34 139 34
-11.559609 -9.967211 -0.263680 34 139 34
-15.222740 -19.365770 -0.319883 139 69 19
22.732474 -18.098899 -0.550127 34 139 34
11.642407 17.676514 0.127755 139 69 19
-17.044178 12.619157 0.120094 139 69 19
-2.904274 9.487699 -0.178565 139 69 19
2.855514 6.838508 0.509791 34 139 34
21.912744 16.902773 -0.081613 139 69 19
23.930099 13.235747 -0.781829 34 139 34
-16.338620 -23.970682 -0.615798 34 139 34
20.523940 -11.467334 0.448161 139 69 19
12.375827 -24.489055 0.268083 139 69 19
19.108030 10.239994 0.658848 139 69 19
-22.425968 0.395023 0.499472 34 139 34
21.187134 -10.228625 0.684833 34 139 34
10.422457 -14.290124 0.072064 139 69 19
1.715405 16.290975 0.429572 34 139 34
-18.583524 -19.508444 1.067231 139 69 19
-14.003896 21.284028 -0.591809 139 69 19
3.037226 -20.817761 -0.611725 139 69 19
4.121896 -18.538435 -0.028656 34 139 34
-5.917459 21.722275 0.289208 139 69 19
-21.400842 -6.298719 -1.212509 34 139 34
16.669273 -4.815548 0.024857 34 139 34
5.777631 -16.097300 0.222905 139 69 19
-21.390584 -21.001208 -0.442521 34 139 34
13.439431 22.177136 0.191205 139 69 19
-21.424648 15.466286 -0.805253 34 139 34
-7.069823 7.316299 0.265135 139 69 19
-14.558293 10.510593 -0.347269 34 139 34
-20.466219 -20.039346 -0.082739 34 139 34
-11.697736 -1.390313 0.717510 34 139 34
-2.703926 -3.060755 -0.786515 139 69 19
-17.729254 -11.075941 -0.278785 139 69 19
-3.403640 -13.153667 -0.117394 34 139 34
21.692416 10.943409 0.410952 139 69 19
-5.342453 3.280366 -0.978332 34 139 34
-10.518070 -3.483835 -0.245054 34 139 34
-24.080272 12.083739 -0.226990 34 139 34
13.709485 9.461921 0.890096 34 139 34
22.299382 20.056036 -0.009330 34 139 34
7.853390 3.241885 -0.074138 34 139 34
17.673803 12.240473 -0.051392 34 139 34
7.485904 18.199724 -0.819917 34 139 34
0.198784 -1.802707 -0.110653 139 69 19
2.003748 18.087254 -0.223596 139 69 19
-5.923334 -16.210509 -0.715326 34 139 34
-4.142122 -23.830035 -0.220366 139 69 19
-24.953444 19.960799 0.497341 139 69 19
21.414185 17.068020 0.186887 34 139 34
-18.872572 -22.161996 0.079548 34 139 34
7.316876 -13.730153 0.079717 34 139 34
18.632334 13.263205 -0.328058 34 139 34
-11.542432 -11.753182 -0.073035 34 139 34
2.246627 2.648955 0.240971 139 69 19
11.276106 -19.185984 0.217121 139 69 19
-17.024268 -15.043062 0.765295 139 69 19
-5.640815 5.534017 0.821002 139 69 19
22.115708 -4.232991 0.083846 34 139 34
-23.878716 13.767212 0.264042 34 139 34
16.076090 -20.007700 0.069195 139 69 19
-6.856994 -0.431033 -0.424916 34 139 34
2.678342 -14.901594 -0.342631 139 69 19
-6.758681 11.030413 -1.900442 34 139 34
-2.793497 2.284437 0.265111 34 139 34
22.160217 -17.412284 0.391083 34 139 34
21.348049 -9.996988 -0.143394 34 139 34
5.602903 -7.208871 -0.770641 139 69 19
-3.806285 -18.891806 -0.549980 34 139 34
-11.377013 19.959090 0.155292 139 69 19
16.503992 15.320242 -0.393282 34 139 34
14.119763 -8.018361 -0.056820 34 139 34
20.539487 21.329006 0.331432 139 69 19
0.247126 12.800848 -0.405485 34 139 34
-19.162459 -3.036999 -0.008156 34 139 34
4.386437 5.954552 0.907439 139 69 19
-4.899659 -4.717106 -0.097679 139 69 19
3.621557 20.802615 0.389730 139 69 19
11.045564 18.904918 -0.305465 139 69 19
17.256439 -13.665148 -0.084387 34 139 34
-17.343888 0.661764 0.728098 34 139 34
1.011972 0.799479 -0.586500 139 69 19
-15.639640 3.075899 -0.167937 34 139 34
4.196254 22.730553 0.674482 139 69 19
-2.256526 -5.459783 0.764436 139 69 19
-20.745933 11.615393 0.439022 34 139 34
14.571040 -17.814011 -0.091917 34 139 34
-7.282082 -9.003940 0.278730 139 69 19
-21.097002 7.309666 0.981276 139 69 19
7.767715 -24.898088 0.683403 139 69 19
3.941302 14.255357 -0.360416 34 139 34
-15.055195 14.113406 -0.067833 139 69 19
1.613793 21.250645 0.499336 34 139 34
-18.976078 -0.700728 -0.996124 139 69 19
-12.274950 -13.504024 0.594918 139 69 19
4.066002 11.711349 -0.007395 34 139 34
-7.569503 12.591495 0.362608 34 139 34
-8.526862 -3.566560 -0.506794 139 69 19
12.453074 10.263330 -0.045963 139 69 19
24.753065 21.953428 0.284155 34 139 34
-24.245415 -23.939885 1.014600 34 139 34
13.599020 -12.160130 -0.332941 139 69 19
16.891370 20.597591 0.007624 139 69 19
5.478358 9.846444 0.409981 139 69 19
24.787734 18.719297 0.053274 139 69 19
18.304530 -4.879681 -0.402096 139 69 19
-12.312066 12.341709 -0.529087 139 69 19
-10.068883 14.080078 -0.310633 139 69 19
-4.859718 -3.423896 -1.335068 34 139 34
-22.614782 5.393618 0.041476 34 139 34
0.775895 -5.219615 0.947532 139 69 19
22.610472 -1.807108 1.486502 34 139 34
9.163119 -22.794556 0.745174 34 139 34
-1.794546 21.641528 -1.188421 34 139 34
4.649235 -6.918021 0.124168 139 69 19
-10.815195 -13.998804 -0.566678 139 69 19
-13.858583 0.360915 0.925862 139 69 19
1.008349 5.477984 0.685520 34 139 34
16.491205 -14.056657 -0.204300 34 139 34
12.453546 -8.954461 0.747048 139 69 19
2.342069 9.652549 0.297645 34 139 34
17.052189 -18.381970 -0.321221 139 69 19
-21.114082 -12.922988 0.132399 34 139 34
2.203512 18.392301 -0.065018 139 69 19
12.115845 -23.039857 0.060202 139 69 19
-24.022553 22.045708 0.014230 34 139 34
8.326215 -19.904241 0.495888 139 69 19
0.762419 -10.003708 -0.048416 34 139 34
9.562632 -0.414907 0.831458 34 139 34
-1.028719 13.624192 0.375941 139 69 19
-18.284458 -8.785156 -0.179913 139 69 19
-13.257707 11.030898 0.528346 139 69 19
16.397659 -20.071127 -0.309048 34 139 34
23.042792 20.243992 -0.513040 34 139 34
-19.796147 -3.103726 -1.804912 139 69 19
-16.539942 -9.936033 0.310008 139 69 19
4.594773 16.624715 -1.080001 34 139 34
22.303381 -18.268161 -0.726427 139 69 19
-7.218140 16.333851 -0.612856 139 69 19
8.678411 -23.155726 0.477329 139 69 19
-13.832510 1.402467 0.456208 139 69 19
13.583349 -18.931902 -0.065449 139 69 19
21.893637 10.485669 0.197504 139 69 19
3.119778 -8.111301 -0.599568 34 139 34
8.427600 -1.514861 -0.411775 139 69 19
-15.458454 0.034891 0.411651 139 69 19
3.376963 -5.132434 0.541462 34 139 34
-16.472056 -13.335068 0.169675 34 139 34
5.130877 -0.608646 -0.188501 139 69 19
-3.838979 0.173587 -0.014682 34 139 34
-5.149193 5.427490 0.491487 34 139 34
-1.276675 -1.870749 -0.192188 139 69 19
21.509072 -23.547866 0.483548 34 139 34
-16.002327 20.990434 -0.174055 139 69 19
-13.107498 -2.265073 -0.243452 34 139 34
-4.618959 15.440566 -0.609513 34 139 34
-3.647368 9.912741 0.724737 34 139 34
-10.867289 5.811107 -0.883181 34 139 34
21.932329 8.038826 0.231448 34 139 34
-0.146432 -22.054222 0.121261 34 139 34
-6.863433 13.516131 0.150406 139 69 19
-18.444617 12.458773 -0.772446 34 139 34
-14.652321 12.609833 0.552646 34 139 34
-11.107287 17.936332 0.412188 139 69 19
24.103653 -23.348936 -0.426355 139 69 19
-21.124142 -1.023952 -0.457177 139 69 19
24.725138 9.006761 -0.766264 139 69 19
-7.668510 -12.118044 0.190578 34 139 34
4.579553 -12.261026 0.202815 139 69 19
4.010654 -4.457594 0.371914 139 69 19
5.375570 -2.595744 0.312651 139 69 19
-15.787842 15.509884 0.350421 139 69 19
-21.131641 -9.167530 0.007164 139 69 19
22.412324 12.389638 -0.819685 139 69 19
-21.994892 10.894530 0.340687 34 139 34
-6.308924 -6.985439 0.609745 34 139 34
-2.576261 4.967355 -0.250050 139 69 19
-13.632569 14.358495 0.614677 34 139 34
-19.679823 2.253886 -0.001831 34 139 34
-18.450680 17.299133 -0.122032 139 69 19
1.643713 23.865796 0.642544 139 69 19
-21.624394 14.820515 -1.076902 139 69 19
20.863846 -0.712111 0.437019 34 139 34
3.777158 18.586458 0.148637 139 69 19
-1.744473 -18.131587 -0.578437 34 139 34
-22.654472 -24.918370 0.487680 34 139 34
22.557405 10.767437 -0.478114 34 139 34
-15.492270 -1.043518 -0.320279 139 69 19
23.661320 -14.066781 -0.209790 139 69 19
-16.254362 -20.303722 0.940576 34 139 34
-19.431488 8.834754 0.066266 34 139 34
-3.455763 -3.183983 0.150641 139 69 19
-19.043357 -8.192490 -0.095731 139 69 19
-6.734677 -14.816628 0.260795 34 139 34
7.687090 -22.153290 0.186754 34 139 34
-22.843995 -1.138329 -0.367706 139 69 19
1.512286 -14.795708 0.303009 34 139 34
-7.095527 -24.032583 -0.489680 139 69 19
18.444278 17.009461 -0.335966 139 69 19
1.150142 -14.747591 -0.172536 34 139 34
14.784458 -9.812548 -1.061088 139 69 19
-6.908406 22.867220 0.130675 139 69 19
17.640951 12.746583 0.284235 34 139 34
24.968877 6.870181 -0.442057 139 69 19
2.921938 1.107968 0.590816 34 139 34
3.686393 -24.409794 0.045849 139 69 19
-23.098400 2.729409 0.222085 139 69 19
-18.543079 -4.424434 0.278865 34 139 34
8.404456 11.385190 -0.133664 139 69 19
-18.772005 15.933200 -0.580954 139 69 19
-10.316536 24.983028 0.850929 34 139 34
-8.985195 2.738383 -0.194421 34 139 34
-20.068139 -7.995768 0.686745 139 69 19
-3.260266 10.809431 -0.616519 34 139 34
-6.781016 1.946725 0.078540 34 139 34
8.307183 -15.642154 -0.304868 34 139 34
-10.117252 12.263508 -0.188195 34 139 34
-5.597631 19.680349 -0.200631 34 139 34
-14.610405 -14.783259 -0.234704 34 139 34
-4.259919 -24.464141 0.041319 34 139 34
-17.640417 -20.497711 0.470461 34 139 34
-5.677486 -9.778735 0.033231 139 69 19
-15.442081 -13.251172 -0.222224 139 69 19
-2.793465 4.083624 -0.135178 139 69 19
13.843777 -1.972366 0.493080 139 69 19
-23.500319 16.929603 -0.268548 139 69 19
-0.374996 -8.746206 0.450946 139 69 19
-12.798703 -6.138734 0.204505 139 69 19
20.602325 0.958034 0.389641 34 139 34
8.963125 -15.147064 -0.519865 34 139 34
-17.135856 -9.014902 0.409574 139 69 19
16.119788 -21.986917 0.604421 34 139 34
8.164630 -7.480118 0.372540 139 69 19
-8.111441 1.236489 0.283203 139 69 19
-18.263384 15.159563 0.498567 139 69 19
13.015801 14.624018 0.624598 139 69 19
19.699785 -5.107369 -0.574670 34 139 34
1.023152 -6.901712 -0.168644 34 139 34
-8.153685 -9.094400 -0.126281 34 139 34
-9.372398 23.951932 0.423267 139 69 19
21.362652 15.008852 -0.031386 34 139 34
22.032468 -11.525068 0.201533 139 69 19
-1.294541 -24.930467 -0.227188 139 69 19
-16.148131 11.843141 -0.013842 139 69 19
18.072052 -17.848509 0.418439 34 139 34
-22.708698 -2.374302 0.035594 139 69 19
14.496928 -9.507561 -0.157061 139 69 19
-12.555344 -23.264383 0.351576 139 69 19
-13.864117 -5.301944 0.387895 139 69 19
13.395126 -10.054855 -0.489772 34 139 34
-5.404200 -20.519944 -0.335336 34 139 34
10.623414 -13.213349 0.529512 139 69 19
-16.743766 -20.768926 0.282783 34 139 34
16.430882 18.354373 1.411049 139 69 19
-14.839910 -24.331303 0.938835 34 139 34
8.815379 23.975929 0.037368 139 69 19
19.623299 -10.443089 0.898939 34 139 34
-11.182630 0.728937 -0.202858 139 69 19
-24.304614 -19.006736 0.453408 34 139 34
-4.512575 -0.162233 0.045394 34 139 34
-3.293204 -3.767794 0.124973 34 139 34
24.449609 -9.915987 0.036467 139 69 19
-12.250066 11.552206 -0.247082 34 139 34
-8.099608 -22.390145 -0.516501 34 139 34
15.159528 23.447498 -0.229525 139 69 19
-22.736703 -24.753675 -0.490105 139 69 19
-9.223811 14.022381 -0.344100 139 69 19
-0.061204 -10.713596 -0.014009 34 139 34
13.452996 9.719152 -0.039028 34 139 34
-11.544982 -11.342807 0.539093 34 139 34
-15.070715 2.683824 0.076776 139 69 19
-23.057076 -8.431559 0.187017 34 139 34
1.933743 -21.986883 0.179957 34 139 34
23.219785 -23.451473 -0.335382 139 69 19
-5.991193 0.076579 -0.211230 139 69 19
15.352887 9.887180 -0.025259 139 69 19
15.599951 5.804537 -0.008627 139 69 19
16.830563 -2.099777 -0.402089 34 139 34
1.962931 9.330501 -0.478569 34 139 34
4.008325 -17.785146 -0.124283 34 139 34
-20.142202 -8.671936 -0.179729 34 139 34
-20.201043 13.215702 0.501769 34 139 34
-24.395249 5.505822 -0.065813 139 69 19
-15.257127 11.902056 0.065629 139 69 19
-19.325256 -14.336076 -0.153671 139 69 19
-13.297465 -1.299238 0.012911 139 69 19
23.387108 12.612082 -1.027180 34 139 34
11.155219 14.171096 -0.067329 34 139 34
12.232392 -14.379029 1.057829 139 69 19
14.976806 23.002697 -0.044264 139 69 19
-24.391306 14.082432 0.485461 34 139 34
-15.675592 2.325701 -0.084606 139 69 19
-6.111040 -19.827596 0.055944 34 139 34
2.134902 3.449510 -0.595855 139 69 19
-12.474999 -3.541837 -0.578024 139 69 19
7.925886 9.488945 -0.177528 139 69 19
-5.828928 -4.181042 0.698538 34 139 34
-10.369725 24.282180 0.079687 139 69 19
2.463059 -14.926701 0.253334 34 139 34
-8.699984 -7.143898 -0.964063 139 69 19
11.017151 3.110246 0.606433 34 139 34
-0.982721 -20.510910 -0.373072 139 69 19
-22.456522 -16.469703 -0.088388 34 139 34
-24.906442 -11.429978 -0.547352 34 139 34
16.090989 -10.690328 0.702794 139 69 19
14.306371 -3.086831 -0.307146 34 139 34
24.505575 -1.149706 -0.221698 34 139 34
-12.383886 7.118747 0.139921 34 139 34
-16.607002 -12.622774 -0.667776 139 69 19
-7.187487 -8.651753 -0.063104 34 139 34
10.234992 -9.306009 -0.088212 34 139 34
-18.752568 14.100221 -0.150279 139 69 19
-5.777129 11.114019 0.363851 34 139 34
-19.796221 -0.970378 0.229757 139 69 19
-3.335464 19.487764 0.316808 139 69 19
-6.282535 17.816041 0.326437 139 69 19
13.607468 -7.152554 0.811104 139 69 19
15.410492 0.477626 -0.085959 34 139 34
3.627176 6.369319 -0.593344 34 139 34
-3.616786 -7.272394 0.097750 34 139 34
7.037790 14.451472 0.116718 139 69 19
19.866164 22.271351 0.062751 139 69 19
-2.684247 2.067491 0.824209 34 139 34
-7.391460 18.278347 -0.095426 139 69 19
-22.635643 10.415528 -0.210047 34 139 34
-24.660013 16.842783 0.812941 139 69 19
6.029434 2.538777 -0.639931 139 69 19
7.015593 23.251588 0.414854 139 69 19
10.471303 -7.793572 -0.065523 34 139 34
4.792927 1.614471 -0.413581 34 139 34
4.732270 5.349164 0.107405 139 69 19
-0.076631 14.195950 -0.239436 139 69 19
23.337317 -13.881906 0.278319 139 69 19
20.777161 2.346283 -0.338195 139 69 19
18.826828 -13.160965 -0.040998 139 69 19
-16.841392 21.493974 0.206973 34 139 34
-12.718958 11.747201 -0.219526 139 69 19
16.208854 -11.794677 0.649851 139 69 19
23.906678 -13.907278 -0.256423 139 69 19
20.551857 -6.541205 -0.076743 34 139 34
-22.998314 -11.667453 0.450153 34 139 34
5.171279 -7.221443 0.162257 139 69 19
8.980785 -14.271741 -0.542757 34 139 34
2.518566 -20.303135 -0.302572 34 139 34
-9.309171 -19.435711 -0.465970 34 139 34
-1.165594 -8.683755 0.402317 139 69 19
-22.733695 -14.120457 0.043486 139 69 19
-20.681924 24.560734 0.088698 34 139 34
-4.839284 7.521528 -0.407869 139 69 19
11.263087 24.314731 0.007916 139 69 19
-24.420261 9.682486 0.193231 139 69 19
8.887830 19.660785 0.345584 139 69 19
2.505563 6.670409 -0.134813 34 139 34
8.346120 13.841092 -0.533320 139 69 19
12.486132 5.195623 0.419260 34 139 34
18.010122 -7.347882 0.367940 139 69 19
-9.646869 -2.410785 -0.197426 34 139 34
-0.918216 -5.348290 -0.147511 34 139 34
7.397546 16.886830 -0.500661 34 139 34
3.243610 10.451628 0.187709 34 139 34
-8.032871 14.559617 0.093275 139 69 19
4.595913 -9.298645 -0.162784 139 69 19
-5.383358 5.638317 0.493142 34 139 34
2.947799 3.460619 -0.458250 139 69 19
17.423689 17.348234 0.112904 139 69 19
8.536456 4.844784 -0.534298 139 69 19
18.187291 9.862379 -0.482260 139 69 19
-22.922732 -6.067166 0.385261 34 139 34
-11.436973 -20.224103 0.268248 139 69 19
-23.626658 8.379020 -1.233456 139 69 19
-1.886296 -3.161638 -0.555006 34 139 34
-6.642304 -7.722301 -0.046546 34 139 34
16.466102 -5.625218 0.608498 34 139 34
-22.280212 20.363633 -0.593918 34 139 34
-19.457320 21.545080 -0.000073 139 69 19
-1.035312 -1.674093 -1.226796 34 139 34
1.117372 -7.385100 -0.510753 139 69 19
-12.353958 19.267444 -0.210139 34 139 34
-5.184866 -5.435830 0.600125 34 139 34
-18.390178 -23.217159 -0.289414 34 139 34
9.348926 -3.849758 0.508465 34 139 34
22.890540 -10.862261 0.065569 34 139 34
10.857028 -8.771036 -0.326808 34 139 34
-4.665715 -0.410934 0.360183 34 139 34
0.115241 -8.927607 -0.265716 34 139 34
18.770677 -13.078257 0.009039 34 139 34
-24.760779 6.840447 -0.185108 34 139 34
-4.579867 17.770138 -0.026227 34 139 34
-22.178078 -1.519239 -0.004057 34 139 34
-12.647709 -17.250272 -0.116519 34 139 34
-24.985721 13.591738 0.477712 34 139 34
10.456883 24.979054 -0.129643 139 69 19
2.494399 -0.782540 -0.259809 34 139 34
-9.905519 -8.401316 -0.118954 34 139 34
16.008640 -18.517642 0.050885 34 139 34
9.466054 16.609565 0.350742 139 69 19
8.835999 2.092563 -0.763940 139 69 19
3.739952 3.156018 0.537651 139 69 19
5.115466 4.403171 -0.284525 34 139 34
18.876508 24.116585 0.020181 139 69 19
-7.533870 2.293487 -0.037785 139 69 19
11.524899 7.532078 0.443898 34 139 34
-0.880752 -5.273574 -0.515326 139 69 19
5.145803 10.678579 -0.911650 139 69 19
6.464888 -3.772458 -0.321676 139 69 19
-24.399628 22.321526 0.181498 139 69 19
23.119314 17.898991 -1.097400 34 139 34
15.542868 3.347483 0.041291 139 69 19
-16.528731 19.247937 1.043449 34 139 34
15.655014 16.396723 -0.569696 139 69 19
-6.675587 -15.017960 0.807334 34 139 34
18.488485 -12.619612 1.367452 139 69 19
-0.624749 13.363537 -0.395735 139 69 19
16.038845 0.373844 -1.676819 34 139 34
3.432372 -9.846903 0.623907 139 69 19
16.903070 9.857397 0.122430 34 139 34
4.491382 17.833749 -0.257167 34 139 34
-22.570227 -9.306411 -0.207916 34 139 34
7.094849 -15.028703 -0.373017 34 139 34
-22.465886 4.167909 -0.392796 34 139 34
16.667803 23.273760 -0.497440 34 139 34
23.813394 -13.476072 0.614873 34 139 34
12.044061 -22.909999 -0.002757 34 139 34
-24.328592 -19.290583 -0.107867 34 139 34
6.929521 -20.542784 -0.983666 139 69 19
-4.538637 7.994435 -0.762838 139 69 19
-13.809390 22.093055 0.444393 34 139 34
-19.823377 9.649345 -1.084042 34 139 34
14.098678 -16.349804 -0.366414 139 69 19
4.456706 -14.991783 0.488177 139 69 19
-8.213138 13.825922 -0.000452 34 139 34
3.682219 13.197205 0.198090 34 139 34
-8.646021 -12.248608 1.076782 139 69 19
23.704955 12.921112 -0.502557 34 139 34
-19.673905 -20.985337 -0.265793 139 69 19
5.094467 9.423366 -0.365559 34 139 34
2.160014 20.848741 0.094908 34 139 34
3.426824 14.449288 0.163774 139 69 19
-12.931617 -2.668039 -0.700320 34 139 34
-19.424173 23.643249 0.705401 139 69 19
10.562744 5.082098 -0.989807 139 69 19
-1.378132 -3.583565 0.630737 34 139 34
-19.381796 -11.398622 0.465601 34 139 34
-11.671814 -3.952085 0.419958 34 139 34
10.341114 0.865035 -0.411152 139 69 19
-5.791486 4.481601 0.125005 139 69 19
8.981303 -2.772184 0.392823 139 69 19
-3.502907 -17.973236 -0.027933 139 69 19
2.567858 5.122059 -0.172006 34 139 34
-20.596623 22.611671 0.238300 139 69 19
7.411124 -3.646362 0.076330 139 69 19
4.439800 -24.422968 -0.092079 34 139 34
-20.540185 -18.937933 -0.496877 139 69 19
-18.067064 13.982679 0.261639 139 69 19
-11.785019 -21.511368 1.417482 34 139 34
21.081074 -0.427597 -0.712100 139 69 19
4.935379 14.920879 0.534143 34 139 34
10.692029 -17.557827 -0.504204 34 139 34
-13.292640 12.643648 0.690949 139 69 19
22.276820 -24.778603 -0.345884 139 69 19
2.893252 6.705553 -0.272417 34 139 34
17.599450 22.303678 -0.555326 34 139 34
1.326638 -23.112881 0.598232 139 69 19
10.166769 8.633780 -0.762218 34 139 34
9.721034 -5.961951 -0.073289 34 139 34
-0.941710 15.579787 0.279169 34 139 34
-14.472444 9.506911 -0.107392 139 69 19
12.666249 -19.265375 0.437150 139 69 19
-21.879562 -18.171564 0.757165 34 139 34
10.459212 21.668273 -0.319992 34 139 34
12.539203 -7.162728 -0.322770 34 139 34
-10.156581 0.811019 0.809117 34 139 34
-21.838443 -8.563742 0.094868 34 139 34
-17.620051 7.100238 0.471026 139 69 19
5.773453 13.669872 0.321913 34 139 34
7.406915 6.125295 0.303810 139 69 19
9.742638 15.493516 0.914585 139 69 19
16.030759 22.440561 -0.056559 34 139 34
-0.876132 24.466687 0.285209 34 139 34
0.308863 -13.493666 -0.103208 139 69 19
-10.539025 -24.295954 0.027557 34 139 34
-6.490294 7.926602 -0.504316 139 69 19
23.792391 -3.110634 -0.339584 34 139 34
12.832677 10.508282 0.209679 139 69 19
-2.525079 2.583320 -0.331055 34 139 34
-10.994450 -21.186856 -0.395812 139 69 19
2.426708 1.305037 0.125640 139 69 19
15.106943 16.417210 -0.434463 139 69 19
-5.928627 -22.555328 -0.003659 139 69 19
18.111043 22.066328 -0.319868 139 69 19
-0.413391 6.772499 -0.238649 139 69 19
-14.653947 10.257795 0.233651 34 139 34
-16.749645 -14.107214 0.928005 139 69 19
-23.887891 -16.875711 -0.561195 139 69 19
-2.267522 5.691736 -0.430787 139 69 19
-2.654298 -13.596836 0.014565 139 69 19
21.521324 -20.369112 -0.679034 139 69 19
10.871969 7.276491 0.985607 34 139 34
5.613111 -19.911578 0.112758 34 139 34
24.039068 -20.813986 0.134746 139 69 19
20.296117 -4.693645 -0.713052 34 139 34
-11.070226 -10.041203 -0.339048 139 69 19
23.553857 -17.871257 0.492010 139 69 19
4.851038 22.817246 1.042505 34 139 34
-20.536391 0.232630 -0.409102 139 69 19
-8.977876 14.559478 -0.055764 34 139 34
-22.376212 10.563605 0.220584 139 69 19
-21.104219 -16.474521 -0.162761 139 69 19
-12.870133 -17.278878 0.311875 34 139 34
16.093762 -12.019758 0.327693 139 69 19
8.670088 20.227027 1.077666 34 139 34
12.410679 23.921214 0.042608 139 69 19
12.617576 21.099964 -0.083053 34 139 34
3.758406 -5.581306 0.379385 139 69 19
5.990419 13.552418 -0.144418 139 69 19
10.851303 21.888234 0.556114 34 139 34
17.159057 4.940718 0.269843 34 139 34
20.226292 -13.494685 -0.866063 139 69 19
-20.779323 0.355140 0.680200 139 69 19
-2.620590 7.259458 -0.415038 34 139 34
18.818481 -12.235471 0.253531 139 69 19
-16.663048 -19.762556 -1.043027 34 139 34
13.390489 4.850395 -0.324042 34 139 34
17.910619 8.657481 0.001903 34 139 34
-14.520852 15.828765 -0.034707 139 69 19
20.028649 6.277633 -0.306229 34 139 34
-24.124112 0.852034 -0.096522 139 69 19
-20.008426 -20.125556 0.432946 34 139 34
17.963210 -8.661690 0.060718 139 69 19
9.731540 -9.393161 -0.165708 139 69 19
4.112284 5.083481 0.118139 34 139 34
19.217707 1.877961 0.238790 139 69 19
-23.345443 -4.051910 0.238310 34 139 34
-8.711155 -14.096219 -0.080487 34 139 34
7.349587 8.463833 -0.858014 34 139 34
-20.191357 10.155470 0.705229 34 139 34
-16.226250 -4.713314 0.245283 139 69 19
24.537006 -6.651358 -0.235049 139 69 19
15.835176 -19.477815 0.709884 34 139 34
-24.426723 -8.184938 0.157098 34 139 34
4.743796 9.465182 -0.020382 34 139 34
-2.706885 -13.717744 0.697117 34 139 34
-23.790670 11.804616 -0.165752 139 69 19
-2.075054 -5.570347 0.135529 139 69 19
24.705397 24.205718 0.050463 139 69 19
24.101326 17.484213 0.161297 34 139 34
9.190395 5.810932 -0.393248 34 139 34
-7.298275 -20.170934 -0.154472 139 69 19
-18.907212 -24.519970 0.388000 34 139 34
7.494445 13.792500 -0.026256 139 69 19
11.645695 19.219306 0.590313 139 69 19
-0.092492 14.471429 0.176590 34 139 34
10.115279 4.863060 0.476972 139 69 19
-12.285207 -0.498792 0.057575 139 69 19
7.419439 -17.822771 -0.059995 34 139 34
-20.276305 -5.372991 -0.617144 139 69 19
-5.487325 -5.934282 -0.196720 34 139 34
13.657799 -1.337155 0.607574 139 69 19
15.134327 -23.389189 0.358121 34 139 34
-1.367488 23.237442 0.072044 139 69 19
14.037983 -0.515848 -0.155840 139 69 19
-24.004735 2.404626 0.786236 139 69 19
10.416828 -0.408574 0.481792 34 139 34
12.337411 -11.277450 0.268108 34 139 34
9.739556 -15.118832 0.602208 139 69 19
-23.488002 23.570900 0.355055 139 69 19
12.911597 21.260124 1.246746 34 139 34
-5.388232 16.997783 1.018145 34 139 34
24.875939 -22.833943 -0.125336 139 69 19
-0.352514 -0.617574 -0.741138 139 69 19
24.233467 -7.764176 -0.314280 34 139 34
-12.481791 16.530858 -0.513344 34 139 34
10.259158 -18.222647 0.324385 34 139 34
-21.763637 -7.432745 -0.697803 139 69 19
-13.827627 -20.484907 -0.139430 139 69 19
-8.431917 -20.641730 -0.058343 34 139 34
8.769362 -2.453906 -0.194333 139 69 19
-11.110550 -16.565455 -0.014670 34 139 34
-16.446287 -8.955582 -0.075180 139 69 19
1.716535 -9.944818 -0.128177 34 139 34
15.275938 -15.986250 0.173901 139 69 19
1.278680 22.835610 0.364535 34 139 34
-2.524413 -19.272448 0.310428 139 69 19
5.861320 -1.420187 0.608646 34 139 34
23.156434 -0.925716 0.534304 34 139 34
6.436041 -4.582240 0.212585 139 69 19
-12.142274 -19.331941 0.657702 139 69 19
12.694843 9.109449 0.950454 139 69 19
6.536353 17.499529 -0.343638 139 69 19
1.027275 -5.902116 0.101369 139 69 19
19.931087 12.286092 -0.618334 34 139 34
10.238418 2.180983 -0.742641 139 69 19
24.152760 17.790216 0.298878 34 139 34
4.897993 -17.302944 -0.055508 34 139 34
-14.005709 -6.203575 0.231066 34 139 34
-17.315616 -7.623608 -0.017943 34 139 34
19.989265 22.814545 -0.153002 34 139 34
-3.067097 -9.974357 0.048507 139 69 19
-6.836612 9.377444 -0.264000 139 69 19
18.747251 -6.948188 0.407119 139 69 19
-7.271869 -14.547446 0.044508 34 139 34
-19.328784 -19.908554 0.159621 139 69 19
-17.803472 -14.943191 -0.049248 34 139 34
9.591492 15.886694 0.253298 139 69 19
-18.372680 -12.468163 -0.657046 139 69 19
14.963025 -19.241975 -0.023209 139 69 19
17.002753 -6.673838 -0.432009 139 69 19
5.024046 5.840405 -0.322192 139 69 19
15.863055 17.801642 -0.487748 34 139 34
-8.709652 -15.932916 0.682626 34 139 34
-7.029563 3.405102 0.340385 34 139 34
21.326024 -11.702989 -0.830048 34 139 34
-17.450714 16.236420 0.601986 139 69 19
-12.292283 16.161497 0.320669 34 139 34
-6.840908 -24.508126 -0.741698 34 139 34
6.119237 17.018309 -0.193475 139 69 19
20.864920 13.736663 0.837492 139 69 19
-15.606494 19.520944 0.765542 139 69 19
-10.197015 9.166708 0.454776 139 69 19
0.754425 -21.149844 0.542702 139 69 19
-8.730182 -1.576084 -0.208842 139 69 19
10.321478 16.786729 0.609735 139 69 19
2.160648 22.426525 0.156054 139 69 19
8.609917 -23.205557 -0.758588 34 139 34
-3.727422 10.429620 0.295631 34 139 34
-23.804688 -16.937138 0.921437 139 69 19
-1.261884 -0.590312 -0.097962 139 69 19
23.723724 23.055702 -0.050079 139 69 19
16.925428 -5.051465 -0.538707 139 69 19
-8.788190 -21.209818 0.733824 139 69 19
-14.900323 14.466678 0.783382 34 139 34
5.168992 9.420732 -0.062910 139 69 19
2.050313 23.054763 0.796363 139 69 19
-18.853695 16.839926 -0.045317 34 139 34
-1.907602 16.318299 -0.364802 139 69 19
-4.699374 19.911605 0.264415 34 139 34
-8.487448 14.998778 0.307438 139 69 19
-15.818661 3.270982 0.548064 34 139 34
-20.192736 4.711067 0.655984 34 139 34
12.037721 -6.452277 0.301195 34 139 34
-18.030681 -24.019998 0.967736 34 139 34
11.960652 -15.841542 -0.544613 139 69 19
-3.257254 22.644588 -0.855360 34 139 34
-13.758103 12.155756 -0.090059 34 139 34
15.114281 0.490687 -0.272363 139 69 19
-22.307241 1.001309 -0.763260 139 69 19
21.497737 -0.149908 0.107218 34 139 34
21.518111 16.522300 -0.056415 139 69 19
-24.951189 -4.723410 0.782877 139 69 19
3.826620 -6.556522 0.992376 34 139 34
22.972215 11.149905 -0.170785 34 139 34
16.640442 6.642909 -0.918927 139 69 19
-4.080137 8.804858 0.246698 139 69 19
-13.490004 22.749592 -0.286807 139 69 19
6.784453 5.598168 0.416719 34 139 34
5.367316 -9.449421 -0.268358 139 69 19
3.516036 16.572723 -0.656388 34 139 34
-10.235889 -3.238670 -0.303480 34 139 34
-15.103876 -22.072726 0.425815 34 139 34
19.900686 -15.178360 -0.053088 34 139 34
7.477329 -12.340178 0.304244 34 139 34
-11.901553 4.637335 1.193047 139 69 19
21.381882 18.447730 -0.359213 34 139 34
-2.528897 -0.819135 -0.090612 34 139 34
-8.011960 -0.223700 0.214251 139 69 19
-17.015586 9.479900 0.118263 34 139 34
8.924701 23.042380 0.158356 34 139 34
2.447240 5.218030 0.137327 139 69 19
7.162368 -16.035294 -1.742530 139 69 19
0.709801 -21.411928 -0.126868 34 139 34
0.860248 -16.689134 -0.494478 139 69 19
-2.934330 10.394120 0.472200 34 139 34
-1.393554 -23.469595 0.869899 34 139 34
-17.623101 14.813569 -0.192006 139 69 19
0.780556 -11.465864 -1.186873 34 139 34
-17.383618 15.797642 0.417847 139 69 19
-24.334625 7.975144 -0.146794 34 139 34
13.034485 -10.429060 0.523699 34 139 34
-15.853870 -4.909970 0.689153 34 139 34
-1.975151 -23.423881 -0.018009 34 139 34
-8.510095 7.814493 -0.012057 34 139 34
-14.072715 -19.681568 -1.077915 139 69 19
-13.011451 -10.643288 -0.460132 139 69 19
-6.016528 10.047143 -0.557138 34 139 34
-17.662716 13.554950 -0.378088 34 139 34
23.554814 -18.738423 0.656831 139 69 19
-9.405506 6.850403 0.647997 34 139 34
21.392262 -24.520343 0.159360 34 139 34
-3.924411 22.834348 0.246460 139 69 19
7.414491 -5.742936 0.094493 34 139 34
-19.411226 -8.394804 0.214637 139 69 19
-13.154037 14.562201 0.070622 139 69 19
-17.979403 10.605647 0.027513 34 139 34
-22.399178 -17.649103 0.409094 34 139 34
5.154417 -0.464449 -0.458200 34 139 34
-13.662002 0.543096 -0.462463 139 69 19
9.474874 16.335381 -0.414533 139 69 19
4.578538 -2.492034 -0.483528 139 69 19
-13.868817 12.150565 -0.646252 34 139 34
20.617442 -1.638365 -0.332300 139 69 19
-0.664025 7.957046 0.688414 34 139 34
-16.020863 -0.763894 -0.597326 34 139 34
-7.130014 -11.036588 -0.181168 139 69 19
4.292118 23.987743 0.359799 139 69 19
22.361635 -5.606213 -0.337075 34 139 34
-1.275201 19.672866 0.901137 34 139 34
-3.441070 1.323457 0.288446 139 69 19
-14.792228 -1.850971 0.006905 34 139 34
0.873599 17.418015 0.454183 139 69 19
-7.472447 -4.830998 0.433289 139 69 19
24.765974 -16.878227 0.759332 139 69 19
-18.053072 7.313070 0.471494 139 69 19
-1.175300 -10.384847 0.207381 139 69 19
4.120682 18.675909 -1.296534 139 69 19
-4.537392 -20.747371 -0.598557 139 69 19
19.167539 19.709843 0.912789 34 139 34
-0.810361 -2.831416 0.634508 139 69 19
5.787789 7.739071 -0.109610 34 139 34
-24.621511 -24.027118 0.175392 34 139 34
-10.156366 22.859942 -0.289650 34 139 34
-11.967807 -5.573728 -0.517725 34 139 34
6.061448 9.431109 0.376479 34 139 34
7.710156 0.988217 0.630377 34 139 34
3.205253 -9.011712 0.842845 139 69 19
14.306257 15.160172 0.350675 139 69 19
-0.857961 8.904439 -0.037467 139 69 19
13.361951 3.901809 0.290535 139 69 19
0.749538 -12.141575 0.420757 34 139 34
7.590397 13.464864 -0.076881 34 139 34
16.334423 13.427810 0.020008 34 139 34
-7.594445 7.127470 0.160679 139 69 19
-5.092354 17.299408 -0.078171 139 69 19
-6.745323 -0.774981 -0.121015 34 139 34
7.368868 -5.166695 -0.205909 34 139 34
17.791766 -16.948816 0.713456 139 69 19
-24.367311 -3.324482 -1.038671 139 69 19
-6.111548 -10.378614 -0.206696 139 69 19
-2.981481 -5.069831 -0.059323 34 139 34
9.211858 8.033766 -0.053256 34 139 34
0.782817 -5.667074 -0.953879 139 69 19
-14.827418 4.829267 -0.410547 34 139 34
8.896713 -1.864283 0.400436 139 69 19
21.077376 5.472788 0.304546 139 69 19
-3.239309 -3.404074 -0.381476 34 139 34
-4.977786 -3.131357 -0.386497 34 139 34
-17.467340 -23.722864 0.484401 139 69 19
-16.965519 10.427313 -0.799353 34 139 34
5.241068 18.115513 -0.080774 34 139 34
-1.810480 23.305517 0.365656 34 139 34
17.084451 13.777637 0.967567 34 139 34
12.350709 11.926822 0.020752 139 69 19
5.938637 -17.508396 -0.409998 139 69 19
5.651736 -14.297752 -0.748261 34 139 34
-23.177826 -2.110306 0.683726 139 69 19
-10.900331 4.387646 -0.033884 139 69 19
23.507727 20.075070 0.738531 34 139 34
22.103841 10.891597 -0.582040 139 69 19
-16.465543 21.721415 -0.536819 139 69 19
19.065060 -14.378189 0.226586 34 139 34
1.393373 -5.274542 -0.345928 139 69 19
17.152954 -2.454825 0.028526 34 139 34
-11.543316 4.157753 -0.214595 139 69 19
9.359777 -5.576053 0.136627 34 139 34
-0.203401 18.170613 -0.324090 139 69 19
-6.388130 8.810202 -0.663427 34 139 34
-0.157725 -4.647504 -0.257792 139 69 19
0.036478 12.038229 -0.596953 139 69 19
2.928187 -5.124473 0.759688 139 69 19
24.317463 -20.884668 -0.186553 139 69 19
13.153948 12.548402 0.025601 34 139 34
-7.809738 -2.897444 -0.020151 139 69 19
15.973528 -8.197390 -0.425775 34 139 34
6.400756 -15.867107 -0.681302 139 69 19
-24.060158 21.591723 0.454559 34 139 34
23.364661 17.009766 -0.219530 139 69 19
-17.153246 -20.115921 -0.595324 139 69 19
-16.387597 24.183766 0.179655 34 139 34
-2.122966 -24.804811 -0.496987 34 139 34
22.614327 -18.898386 0.366872 34 139 34
2.620027 23.219815 -0.080907 34 139 34
9.211908 -18.668160 -0.261070 34 139 34
-2.798926 -8.928535 0.903568 139 69 19
-2.024658 14.948221 -0.728749 34 139 34
8.850392 18.629168 -0.084026 34 139 34
10.315550 -8.217860 -0.867752 139 69 19
22.288663 -6.398793 -0.004817 139 69 19
-11.222640 -7.029683 -0.992574 139 69 19
-13.576573 -1.131784 0.374437 139 69 19
-22.384550 6.354269 0.194878 139 69 19
-22.609627 -9.551821 -0.279021 139 69 19
23.540525 -9.777357 0.609862 34 139 34
-17.313306 -18.736340 -0.112395 34 139 34
-8.678628 -12.797754 0.448774 34 139 34
14.945798 14.064332 -0.493153 139 69 19
-2.444324 -16.967787 -0.541793 34 139 34
-21.425032 0.906406 0.024339 139 69 19
2.525020 20.852813 0.556704 139 69 19
-10.915090 0.484917 0.059110 34 139 34
-21.194120 -12.549034 0.823840 34 139 34
13.099197 -24.737336 0.207557 139 69 19
-10.526778 7.158855 -0.500939 34 139 34
-19.876419 12.188524 1.098881 139 69 19
-20.095561 -10.467387 -0.414567 139 69 19
-2.327719 -19.327150 -0.363121 139 69 19
-0.037075 -24.781829 0.037524 139 69 19
12.501395 8.849857 0.650433 139 69 19
11.873340 14.886787 -0.356313 34 139 34
-10.808749 -9.428867 0.040157 139 69 19
11.292644 -24.994239 0.083094 139 69 19
12.899789 21.276758 0.365172 139 69 19
-12.490027 16.687768 -0.017760 139 69 19
14.481934 -2.634283 0.048426 34 139 34
-2.734228 15.915651 0.419258 34 139 34
24.879375 17.095527 0.440572 139 69 19
-9.474743 6.991287 -0.623503 139 69 19
8.912332 -16.391183 -0.143742 34 139 34
3.766292 -11.355731 1.028915 34 139 34
-0.776854 -24.226565 -0.609050 139 69 19
23.896229 -16.313640 -1.185287 139 69 19
-0.069482 -8.237284 -0.023559 34 139 34
19.929733 -23.576970 0.278456 139 69 19
-7.816738 19.719754 -0.068018 139 69 19
17.365290 -4.458768 0.276145 139 69 19
1.191741 19.711454 0.232741 34 139 34
12.601171 -21.575266 -0.243884 34 139 34
5.444126 14.496708 -0.075756 139 69 19
-22.865645 20.600331 0.004268 139 69 19
-8.013364 -20.100735 -0.752965 139 69 19
-24.180732 -13.240006 0.099304 139 69 19
-0.893479 -20.281696 -1.032660 139 69 19
-17.146919 22.171205 -0.969224 34 139 34
13.082334 -1.562426 0.576258 139 69 19
3.039997 17.473976 0.481724 139 69 19
-10.748590 -1.380879 0.702936 139 69 19
21.279655 22.190427 0.139334 139 69 19
19.450833 5.258588 0.545101 34 139 34
-22.571035 -23.871062 -0.120059 139 69 19
-23.521724 2.310202 0.085305 139 69 19
-5.322611 18.648280 0.308344 139 69 19
14.305148 -20.953282 0.252000 139 69 19
-17.066701 -23.348979 0.343205 34 139 34
16.765782 -23.518383 -0.623722 139 69 19
4.247710 18.472862 0.456029 34 139 34
-11.964832 6.884567 -0.037872 139 69 19
-6.349910 -12.380040 -0.844660 139 69 19
-4.644974 -2.751482 -0.304439 139 69 19
10.381888 -8.752061 0.512725 139 69 19
10.286979 -20.980239 0.649816 139 69 19
-17.390771 -12.019036 0.475041 34 139 34
-16.769073 16.348594 -0.560400 34 139 34
10.659781 -18.604334 0.342320 139 69 19
0.591014 6.020324 0.372072 139 69 19
13.042653 -10.212728 0.572721 139 69 19
17.474622 -2.872312 -0.555561 34 139 34
-3.072940 -22.519374 -0.542449 34 139 34
18.844802 5.881673 0.606885 139 69 19
4.028402 -5.751843 0.150919 34 139 34
-23.671780 6.249805 -0.716212 34 139 34
-23.121346 18.659471 0.377207 139 69 19
-11.532480 -19.599111 1.067190 34 139 34
18.376077 -14.239552 -0.434517 34 139 34
-16.176321 -18.275519 0.583001 34 139 34
-13.887259 -3.153264 -0.441474 139 69 19
-19.669110 -5.181846 0.214596 34 139 34
-3.890439 10.713146 0.324109 34 139 34
16.252584 -13.240004 0.280148 139 69 19
-10.742837 18.053949 -0.438150 139 69 19
-9.381426 -24.099606 -0.389113 139 69 19
-2.047962 -5.834338 0.812987 34 139 34
14.759329 16.622531 -0.085668 34 139 34
-13.383355 -18.130992 -0.713542 34 139 34
-0.593811 -10.805986 0.067030 139 69 19
-6.494039 14.810835 0.057748 34 139 34
23.880721 7.973056 0.771291 34 139 34
-16.977273 -22.560468 -0.681549 139 69 19
-5.261941 13.669303 0.356745 34 139 34
11.898022 7.145398 -0.278873 34 139 34
17.689308 18.802804 -0.883059 34 139 34
-3.090845 -20.884937 -0.365366 139 69 19
-13.078890 15.322999 0.072551 34 139 34
-22.014211 18.098324 0.602629 139 69 19
21.387305 -14.822881 0.399871 34 139 34
-10.908543 -9.542504 0.402538 139 69 19
6.418525 8.020725 -0.263907 139 69 19
13.419573 -17.127629 -0.293323 34 139 34
-7.180265 1.759752 0.467552 139 69 19
23.400519 6.238329 -1.007566 139 69 19
-19.635642 -21.283161 -0.593992 139 69 19
-19.188795 -11.851390 0.403470 139 69 19
-3.614905 -8.267049 0.298952 34 139 34
-22.432803 -22.183939 -0.631030 139 69 19
-8.361366 -2.032994 0.715090 139 69 19
16.966085 18.775647 0.282743 34 139 34
-10.128005 11.990301 0.411742 34 139 34
15.746577 15.400964 -0.517175 34 139 34
4.034200 18.991504 -1.108052 139 69 19
24.365369 14.187931 -0.580292 34 139 34
19.499207 18.986933 -1.125008 139 69 19
20.631641 -17.101330 0.627969 139 69 19
12.348613 18.772380 -0.812891 34 139 34
16.581096 14.218615 -0.607127 139 69 19
-14.036733 15.164671 -0.090100 34 139 34
24.001046 -10.006846 -0.400635 34 139 34
4.521155 18.358040 0.760311 34 139 34
-11.581113 24.870331 -0.543966 34 139 34
-0.537583 -14.967823 0.612074 34 139 34
-19.180361 -5.502639 -0.458266 34 139 34
5.516129 -0.914429 -0.647605 34 139 34
-2.699115 -21.027232 -0.251679 34 139 34
3.420420 -3.756280 0.483866 139 69 19
16.168702 -19.987420 0.460250 139 69 19
12.491300 -2.306104 0.037574 34 139 34
-8.540591 14.577538 0.248427 139 69 19
23.340453 -20.413000 -0.156075 34 139 34
-24.484052 -2.518280 -0.043485 139 69 19
-21.954035 -1.752101 -0.523678 34 139 34
8.797539 -1.186889 0.247179 139 69 19
9.032263 5.647181 0.469622 34 139 34
3.419285 1.728164 0.560221 139 69 19
18.278598 16.918740 0.440726 34 139 34
16.024253 20.132516 0.170303 139 69 19
-23.683876 -14.453170 0.134277 34 139 34
19.666440 -10.826966 0.008255 139 69 19
6.322418 -9.217551 0.328363 34 139 34
10.801207 2.570332 0.597086 34 139 34
13.770921 22.895820 0.566485 34 139 34
-1.113706 -6.320328 0.033600 139 69 19
17.983202 20.673038 -0.086225 34 139 34
-3.963845 -19.572276 0.297169 34 139 34
5.625731 -7.330302 0.377662 139 69 19
-11.043554 -8.700032 0.058596 34 139 34
-20.447657 11.868043 -0.288716 139 69 19
-24.256295 -2.076461 0.405573 139 69 19
-22.078715 -19.909204 -0.531527 34 139 34
-18.501726 20.384811 -0.024580 139 69 19
-24.486507 16.116711 0.405844 34 139 34
11.415269 -18.393412 -0.155018 34 139 34
-19.876502 1.161300 -0.102752 139 69 19
23.687582 -15.889984 -0.229443 34 139 34
-9.293958 4.260228 0.323066 139 69 19
-1.505275 2.050745 -0.330649 34 139 34
-16.201098 -11.721781 0.007962 34 139 34
-14.004793 15.656411 -0.377880 139 69 19
-16.304870 -19.486857 0.162780 139 69 19
8.756717 23.227217 0.472403 34 139 34
-16.905838 19.748687 -0.494441 34 139 34
-1.246454 3.791865 -0.296793 139 69 19
-5.298018 -15.279537 -0.172606 34 139 34
-4.261950 -6.505235 0.324368 139 69 19
-1.595483 -23.695505 -0.728938 139 69 19
9.984501 -16.412755 -0.308920 139 69 19
-2.524000 -23.820330 0.734430 34 139 34
19.419375 0.615232 -0.050022 139 69 19
-3.181764 22.431287 0.731836 139 69 19
-15.707985 8.968598 0.365116 34 139 34
13.775132 -10.696458 -0.344584 34 139 34
-2.347605 9.581816 0.437729 34 139 34
22.287776 -2.239415 0.214447 34 139 34
-23.789854 -19.154448 -0.802346 34 139 34
-14.093307 -22.998689 -0.022961 34 139 34
-21.072786 -0.083572 0.859795 139 69 19
-8.989869 6.952589 0.496990 34 139 34
-5.098785 23.375476 0.810113 139 69 19
-12.014709 9.725507 0.156187 139 69 19
0.159406 21.875222 -0.319613 139 69 19
12.532226 -19.343864 0.413788 34 139 34
-22.051076 13.450187 0.543879 139 69 19
-20.179198 0.401352 0.201868 139 69 19
-2.820840 10.368183 0.401171 34 139 34
15.269176 -9.863319 -0.074967 139 69 19
4.721624 4.295591 -0.048516 139 69 19
-5.836821 -12.910187 0.506620 34 139 34
-17.911272 14.557373 0.268853 139 69 19
-10.787542 -6.212826 -0.463350 34 139 34
-6.799538 -24.487304 -0.540049 139 69 19
2.301806 -22.174509 -0.817342 34 139 34
-22.535229 4.782239 0.401267 34 139 34
14.313662 5.774476 0.473973 139 69 19
0.162078 1.366145 -0.100558 34 139 34
-15.075398 -11.426629 0.646993 34 139 34
10.243410 -17.570849 -0.288613 34 139 34
-17.628953 19.280719 0.656644 34 139 34
-19.665350 -2.916420 -0.366885 34 139 34
-6.024702 12.342798 -0.145186 34 139 34
16.095816 -6.152258 0.687095 139 69 19
12.967341 4.085182 -0.384205 139 69 19
6.047375 -10.003747 -0.972281 139 69 19
3.010844 17.790212 0.443215 34 139 34
-14.454562 -16.829597 -1.099801 34 139 34
3.997877 3.515671 -0.625060 139 69 19
2.702657 24.697106 -0.054347 34 139 34
13.714629 13.584783 -0.106387 139 69 19
-8.850446 -4.247652 -0.579527 34 139 34
17.390780 14.180422 -1.351774 34 139 34
-14.041314 -24.654355 0.592665 139 69 19
-24.173665 -10.629118 -0.584962 34 139 34
17.135282 -7.549790 -0.679935 34 139 34
-5.920036 6.395388 0.014191 139 69 19
8.110941 -24.082424 0.714593 34 139 34
-14.524830 -14.485802 0.317178 139 69 19
1.949660 -0.278612 0.583659 34 139 34
23.308785 18.255667 -0.512337 139 69 19
-15.396978 9.731595 -0.073562 139 69 19
-12.854556 -11.474740 0.006510 34 139 34
-1.563133 -10.253726 -0.337903 139 69 19
12.930104 -24.475944 -0.418655 139 69 19
12.946890 3.235581 0.370083 34 139 34
18.291608 -2.825486 1.347378 34 139 34
-9.183183 13.684667 -0.384032 34 139 34
8.635330 7.974645 -0.133724 139 69 19
-9.828908 12.983697 -0.412031 34 139 34
15.360991 -12.067533 -0.070552 34 139 34
-9.718499 -24.030042 -0.539354 34 139 34
-11.376221 -11.648619 0.118065 34 139 34
-2.202228 -1.808220 -0.297416 139 69 19
-3.602325 -5.503771 0.297686 34 139 34
17.400577 21.821457 0.143384 34 139 34
-13.003097 4.560329 -1.155892 139 69 19
-14.397775 -14.754547 0.783934 139 69 19
20.740876 10.185212 -0.058618 34 139 34
18.150177 -0.288656 0.047940 139 69 19
21.149950 -2.487950 -0.461902 34 139 34
18.005217 3.539515 0.774155 139 69 19
-6.586155 3.850846 -0.048150 34 139 34
13.465768 23.867633 -0.604141 139 69 19
8.639486 -24.422041 0.860121 139 69 19
1.333283 -5.489386 -0.600383 34 139 34
15.536000 -22.258470 -0.111849 139 69 19
9.380549 16.997824 -0.467436 34 139 34
-5.817066 5.059747 -0.112092 139 69 19
19.211538 -7.274467 0.414063 34 139 34
-16.830344 -1.919548 -0.151347 139 69 19
17.401746 15.481766 0.263167 139 69 19
3.778504 -9.883167 0.170736 34 139 34
21.582559 17.490076 0.045541 34 139 34
-7.704912 -4.250804 0.244481 139 69 19
-8.103380 19.056558 -0.313224 139 69 19
2.779820 18.052217 -0.212010 34 139 34
-13.866842 -14.212086 0.499729 34 139 34
-1.279808 -21.121163 -0.306619 34 139 34
12.216393 -15.421919 0.884366 34 139 34
13.987881 -16.182663 0.002077 139 69 19
24.157100 1.276574 0.255333 139 69 19
-8.713095 6.796227 0.350486 139 69 19
-12.324421 -17.425594 0.037913 139 69 19
3.112033 20.352799 0.077040 34 139 34
-4.588763 13.399515 0.161621 139 69 19
-16.375829 0.523614 0.067011 34 139 34
21.876335 6.912490 0.197757 139 69 19
0.109007 -8.630636 0.690298 139 69 19
7.493831 -18.342804 0.304676 139 69 19
-6.938247 22.400287 0.250416 139 69 19
-13.827309 -13.939689 0.236773 34 139 34
-6.616051 -2.122635 0.810144 34 139 34
-0.408413 -10.035743 -0.278234 139 69 19
-0.776969 -12.346516 0.418291 34 139 34
22.072973 -22.379615 -0.335953 139 69 19
6.543248 12.275805 -0.209939 34 139 34
-13.500850 6.258157 -0.013425 34 139 34
10.821569 17.610963 0.801006 139 69 19
-5.730857 4.509603 0.045343 139 69 19
18.516896 20.447435 -0.309754 139 69 19
-9.537352 10.742308 0.199339 34 139 34
-12.923953 -13.411940 -0.652922 34 139 34
-9.267857 -21.943252 -0.223821 139 69 19
2.396279 2.071201 -0.223575 34 139 34
-23.364962 -22.955015 0.551761 34 139 34
22.964998 17.375244 0.777448 139 69 19
-0.472923 12.018987 0.002714 34 139 34
-9.551613 8.259561 0.222696 139 69 19
23.533155 -16.727978 -0.288786 34 139 34
11.881103 -18.842458 0.584071 139 69 19
-9.026848 22.941017 -0.253269 34 139 34
-13.034643 -6.126950 -0.466743 139 69 19
24.511156 -18.558605 -0.056062 139 69 19
-15.163806 16.061929 -0.143620 34 139 34
-3.075063 24.178042 0.116484 34 139 34
23.734035 23.713076 -0.679682 34 139 34
24.027807 18.295098 0.178210 34 139 34
-7.018034 18.799025 0.018180 139 69 19
15.693552 6.557788 -0.766014 34 139 34
-17.158349 9.379970 0.250388 34 139 34
-16.089204 -3.619555 -0.379206 139 69 19
-4.258759 10.007570 0.112378 34 139 34
-21.304702 4.839931 0.618906 139 69 19
-17.860179 -10.293864 -0.922986 139 69 19
-2.797102 5.292035 0.470666 139 69 19
-7.592214 0.866691 0.839649 139 69 19
-6.910535 -15.593849 -0.403154 139 69 19
15.281230 -13.545010 0.125722 34 139 34
4.747781 -16.567379 -0.110852 139 69 19
23.647323 17.696907 0.171996 139 69 19
15.901988 6.678736 0.490509 139 69 19
6.280530 3.828523 0.270931 139 69 19
-15.035468 0.409572 -0.232717 139 69 19
10.793083 -8.467020 0.251098 139 69 19
-4.052417 21.605291 -0.280920 139 69 19
-15.153942 13.405406 0.519214 139 69 19
-11.915861 9.418273 0.287985 139 69 19
1.706429 -1.999771 0.822503 139 69 19
21.706852 2.372733 -0.179612 139 69 19
10.691928 13.085205 -0.526912 34 139 34
-16.856803 19.386172 0.452690 139 69 19
-5.259851 15.787695 -0.528240 139 69 19
12.677169 4.339638 0.140608 34 139 34
-8.115942 6.026560 0.172880 139 69 19
5.666585 4.239377 -0.610526 139 69 19
-14.039741 2.525193 -0.128290 139 69 19
17.605674 21.585286 -0.174040 34 139 34
5.572848 21.636156 0.001561 139 69 19
8.496946 -22.179548 -0.144891 34 139 34
-19.782713 -23.361426 0.623400 139 69 19
-12.107452 8.023983 0.107131 34 139 34
-15.309236 -10.319916 -0.391086 34 139 34
18.173734 8.669122 0.767759 34 139 34
9.299941 -1.442728 0.017790 34 139 34
7.010859 -20.313376 -0.133659 139 69 19
18.357404 11.380133 -0.551871 34 139 34
7.829717 3.668974 0.966602 34 139 34
22.172930 1.104531 -0.306663 34 139 34
-18.107014 -13.675688 -0.103083 139 69 19
-19.080178 15.752873 1.563269 139 69 19
-10.638971 -18.241422 -0.441872 139 69 19
-5.538435 24.060492 -0.274953 34 139 34
16.863270 21.006150 -0.173564 139 69 19
18.751699 -24.716740 0.002101 34 139 34
-1.343412 11.742099 -0.392401 34 139 34
-2.751196 -13.182743 0.777728 34 139 34
-1.260631 0.532266 -0.672997 34 139 34
-8.212021 22.510403 1.257296 139 69 19
-16.511448 1.169756 -0.144420 139 69 19
11.592460 -4.555563 1.360841 34 139 34
-21.206306 14.943607 -0.803222 139 69 19
24.403428 -17.569791 -0.235256 34 139 34
-23.714769 19.574783 -0.032961 34 139 34
-22.294065 14.225631 0.822510 139 69 19
-1.371863 10.157584 -0.073297 139 69 19
-12.054132 -13.270139 -0.317032 34 139 34
-3.368192 17.277075 -0.241840 34 139 34
20.431683 23.216163 -0.149032 34 139 34
8.837898 19.507315 -0.075763 139 69 19
-0.009531 -19.987722 0.013379 139 69 19
14.659772 -7.872980 -0.319820 139 69 19
6.871132 7.812185 0.330627 34 139 34
8.312274 3.193598 -0.395509 34 139 34
-21.179720 12.510376 0.073087 139 69 19
-8.875975 -16.187881 0.248031 139 69 19
-14.898694 8.821182 0.150716 34 139 34
-9.775236 -20.167358 -0.415707 139 69 19
10.415769 -20.626766 -0.723927 139 69 19
-17.557570 -15.797191 0.342319 139 69 19
-1.627873 12.954716 -0.664976 34 139 34
-7.418901 11.043036 -1.076369 34 139 34
6.630749 -24.955329 0.212582 34 139 34
19.915347 -20.473346 0.623850 139 69 19
-6.823586 -10.576851 -0.329057 139 69 19
-5.571240 -4.843197 -0.339551 139 69 19
-9.505164 -24.916204 0.322205 34 139 34
-6.549849 4.370360 0.469823 34 139 34
-10.030956 8.275357 0.267138 34 139 34
-18.247106 8.191003 -1.188852 34 139 34
-15.998671 14.565323 -0.302010 34 139 34
21.552019 18.695456 0.564813 139 69 19
13.721900 1.549785 -0.459110 139 69 19
-14.627098 -3.429696 -0.598111 139 69 19
-13.665473 -4.668355 0.868997 34 139 34
-14.216065 6.732403 0.075854 139 69 19
-7.530636 -19.577845 0.017396 139 69 19
-1.183753 -20.925404 -0.181201 34 139 34
17.503446 0.026780 -0.398718 139 69 19
-4.342739 7.382871 -0.249588 139 69 19
6.190608 -24.896388 -0.009950 139 69 19
14.855260 8.356092 -0.583005 139 69 19
-19.229561 -17.437260 0.373324 34 139 34
-21.057566 12.795451 0.040551 34 139 34
-10.034551 12.297863 0.309757 139 69 19
-7.729786 2.618545 1.163005 139 69 19
-1.941114 10.121056 0.680077 34 139 34
13.542216 -2.695577 -0.167227 34 139 34
-16.569251 -10.640036 0.289804 34 139 34
-2.951443 23.631982 -0.945623 34 139 34
-19.508097 8.938808 0.070221 139 69 19
-5.738810 -19.867507 0.494061 139 69 19
-22.281582 -11.599087 0.310476 34 139 34
23.095055 -22.417139 0.248838 139 69 19
-13.216364 0.052292 0.315100 34 139 34
-21.017156 3.662526 -0.287695 34 139 34
0.957241 22.045766 -0.883383 139 69 19
-21.511864 -18.859292 -0.462716 139 69 19
14.197246 -24.004872 -0.063721 139 69 19
18.081094 0.326150 0.163526 139 69 19
-23.345754 -13.184171 0.377883 139 69 19
-16.420622 24.371988 -0.880918 139 69 19
-6.760070 20.228751 0.316537 139 69 19
19.525501 5.823721 0.031944 34 139 34
10.636824 -6.692359 -0.621538 139 69 19
17.261689 4.846506 -0.703988 34 139 34
24.187662 8.673892 -0.192915 34 139 34
5.819856 -1.289469 0.293856 139 69 19
-17.875286 -17.935212 0.266426 34 139 34
17.266017 -18.746985 -0.320076 34 139 34
-15.994997 1.034558 -0.103688 34 139 34
-23.588555 -5.613031 0.350134 34 139 34
13.528747 -2.402744 -0.618820 34 139 34
10.813749 -11.166523 -0.300737 34 139 34
12.077438 -17.976288 0.659428 139 69 19
15.481400 0.594246 0.622968 34 139 34
-21.479452 -13.026441 -0.260842 139 69 19
-22.713210 -23.096830 -0.184131 34 139 34
-14.250561 -4.509931 -0.438540 34 139 34
-1.522228 -4.263202 0.306385 34 139 34
-15.761430 -14.246997 -0.134288 34 139 34
17.911164 12.292391 0.785699 139 69 19
15.416884 -8.728128 0.519633 139 69 19
0.664691 -18.780340 -0.517355 34 139 34
0.985558 18.651794 0.502609 139 69 19
10.946830 14.701419 0.469723 34 139 34
4.676973 10.783053 0.366231 34 139 34
-3.735929 -12.756107 0.423939 34 139 34
-12.930838 -21.825322 0.219804 34 139 34
-9.775584 11.147313 -0.506377 34 139 34
-1.226191 10.416701 -0.114286 139 69 19
3.680947 -17.496100 -0.402660 139 69 19
-7.583762 -7.069170 0.244729 34 139 34
22.451975 9.261016 0.401794 34 139 34
7.333814 3.157018 -1.451911 34 139 34
24.444600 10.855122 0.150188 139 69 19
-7.760638 16.968590 -0.349271 34 139 34
-20.183455 10.894819 -0.237663 34 139 34
18.152446 4.073280 0.711060 139 69 19
-21.565778 24.439016 -0.333454 34 139 34
-5.883803 11.281134 -0.226086 139 69 19
-15.357718 -7.605237 -0.109178 139 69 19
6.150210 20.787413 0.871156 139 69 19
-4.082472 -11.836655 -0.254320 139 69 19
-1.222407 -20.637714 0.108018 139 69 19
-17.715053 5.755060 0.880482 139 69 19
-15.736958 -20.485307 -0.287183 139 69 19
-7.190516 18.142121 0.057517 34 139 34
-12.765830 -20.091860 -0.368375 34 139 34
6.110027 1.599129 0.051565 139 69 19
11.699243 24.729504 -0.822041 34 139 34
12.358919 19.182541 -0.654049 139 69 19
19.859152 23.330588 -0.267669 139 69 19
13.379337 -24.765519 0.673236 34 139 34
22.763424 7.327241 -0.904073 34 139 34
11.696365 -7.255473 -0.447943 34 139 34
1.324934 -9.800413 0.496508 34 139 34
23.612275 -24.156606 0.907191 34 139 34
8.416977 -24.235552 -0.259904 139 69 19
13.822646 18.903553 -0.464404 34 139 34
4.486898 16.080578 -0.441843 139 69 19
6.673389 22.092485 0.154003 34 139 34
10.429540 22.468717 -0.726619 34 139 34
-22.377460 -5.481446 0.471928 34 139 34
-5.589705 18.481814 0.253721 34 139 34
-9.389319 -5.058022 1.223944 34 139 34
-20.274940 14.801527 0.024504 34 139 34
-4.101398 8.747373 -0.033558 139 69 19
-0.759195 18.216031 -0.214001 34 139 34
11.319036 14.034701 0.195516 139 69 19
-15.584240 3.077503 -0.097273 139 69 19
12.850167 11.570348 0.342048 139 69 19
-24.447923 -24.667104 -0.274167 139 69 19
0.310374 20.480864 -0.370523 34 139 34
-21.161651 -7.374691 0.720872 139 69 19
-6.009336 -13.290305 -0.405862 34 139 34
15.834017 -6.822834 -0.735015 139 69 19
-2.207294 -6.612908 -0.391273 139 69 19
9.790099 1.318262 -0.438910 139 69 19
-1.932655 22.563842 -0.445666 139 69 19
20.527175 -12.341084 0.072213 34 139 34
-8.700554 20.821268 0.232727 34 139 34
-22.611632 -1.298413 0.432056 34 139 34
7.462549 -1.619517 -0.352712 139 69 19
-4.044975 -9.107888 0.212842 139 69 19
0.721458 16.549014 -0.418416 139 69 19
4.494648 0.383120 0.253692 139 69 19
-19.974594 -3.268509 0.785722 139 69 19
-5.076078 -4.366779 -0.337555 139 69 19
0.997519 -8.678991 0.769513 34 139 34
1.896153 -18.331665 0.907476 34 139 34
3.669120 15.465812 0.229414 139 69 19
16.982536 -14.941514 -0.316594 34 139 34
21.622897 18.996179 0.317324 139 69 19
11.448801 18.473146 0.125169 139 69 19
23.356885 -8.436415 -0.333711 34 139 34
-24.769560 -23.392445 -0.217396 34 139 34
-13.292056 -11.922482 -0.487126 139 69 19
11.659755 -20.087599 0.080879 139 69 19
-3.690946 -0.547221 -0.587489 139 69 19
21.687249 -8.858092 -0.584120 139 69 19
10.074897 -8.193192 0.470741 139 69 19
-3.178055 0.208884 -0.329878 34 139 34
-6.993700 4.125717 0.082638 34 139 34
15.890362 7.727150 0.443399 34 139 34
10.268168 -11.842321 0.249631 34 139 34
-1.074535 14.759199 -0.228363 139 69 19
-6.294385 7.662183 0.300611 139 69 19
7.621748 -19.860299 0.126750 139 69 19
-2.712618 -2.365788 -0.610173 139 69 19
22.847756 -23.648209 -0.003504 34 139 34
9.795410 17.877863 0.105816 139 69 19
-21.742430 -8.855496 0.072390 34 139 34
-7.495142 -20.039616 -1.393517 139 69 19
12.850779 24.929421 -0.242277 34 139 34
-19.429728 6.658357 0.483111 34 139 34
24.113734 17.394101 0.780064 34 139 34
3.987041 9.759742 0.579094 139 69 19
-23.962512 -7.467149 0.922125 34 139 34
-1.762212 -5.114079 -1.249663 139 69 19
-1.429914 -3.305843 -0.215029 34 139 34
14.059596 12.074011 0.562430 34 139 34
18.469608 -24.869920 -0.221362 34 139 34
-24.013263 -7.521498 0.422196 139 69 19
15.218985 17.754892 -1.546071 34 139 34
-2.677051 -5.369977 0.267957 34 139 34
-0.360429 0.788669 -0.110517 139 69 19
11.115376 -7.874322 0.427101 34 139 34
-0.428513 -9.491152 -0.500890 34 139 34
4.347472 -14.640232 -0.404833 139 69 19
20.286694 2.488103 -0.436022 34 139 34
15.769808 -21.893164 -0.251674 139 69 19
24.528837 -24.467229 -0.213549 139 69 19
-1.667267 12.289319 0.388986 34 139 34
-20.284078 11.311633 -0.192034 139 69 19
2.041330 14.509129 -0.882062 34 139 34
-11.131267 8.437779 -0.312244 34 139 34
-13.798115 17.171989 -0.055151 139 69 19
22.595543 -10.138861 -0.299096 34 139 34
7.741769 12.748163 -1.577663 34 139 34
9.427625 -13.717361 1.202346 34 139 34
8.301003 -20.186657 -0.190631 34 139 34
17.696571 -24.769533 -0.344812 139 69 19
9.398649 -14.451824 0.001541 139 69 19
-12.078968 -7.896823 0.667528 139 69 19
-24.131363 8.817485 0.225447 34 139 34
6.174416 13.403462 0.095483 34 139 34
-13.711432 -18.723736 0.393318 34 139 34
13.131774 16.615116 0.235527 139 69 19
21.053167 -16.361546 -0.180362 34 139 34
7.150179 15.219154 -0.077398 34 139 34
-15.856486 -11.770205 0.663224 139 69 19
-1.319442 -4.781304 0.475965 139 69 19
22.340794 -20.117190 0.045349 139 69 19
-17.078584 -9.268759 -0.300465 139 69 19
0.397753 -18.724981 -0.555874 34 139 34
-17.521601 19.754264 -0.345351 34 139 34
-13.388098 6.560022 0.532547 34 139 34
-23.642604 -4.626624 -0.650983 139 69 19
-5.979362 3.419102 -0.363935 139 69 19
-24.920574 -8.767933 -0.023922 139 69 19
-9.318410 4.389109 0.092301 34 139 34
1.648880 9.515582 -0.281456 139 69 19
-7.711077 -22.598316 0.459416 34 139 34
-2.789286 -15.516008 -0.771142 34 139 34
-10.826161 -8.916974 -0.589977 34 139 34
-21.840042 2.356186 -0.253082 139 69 19
5.946487 -4.571865 0.398855 34 139 34
-21.729363 14.868634 -0.099558 34 139 34
19.209530 -4.714925 -0.242244 139 69 19
19.323140 -8.593448 0.940803 139 69 19
19.780573 5.282600 -0.060027 139 69 19
-24.270365 18.778680 0.278926 34 139 34
-9.447539 -7.954950 -1.347180 139 69 19
-17.119017 -20.291672 -0.244370 34 139 34
-6.851385 -0.541092 -0.088108 34 139 34
20.601058 17.824630 0.073209 139 69 19
-14.290380 -17.974409 1.085776 34 139 34
-3.021212 -22.518182 0.554339 34 139 34
-8.387002 -0.819260 0.405799 34 139 34
-3.072716 19.201186 0.007301 34 139 34
2.600371 3.155247 0.016328 34 139 34
5.645700 15.417414 -0.586134 139 69 19
21.276395 11.271310 -0.586818 139 69 19
8.460404 -21.347918 -0.353047 139 69 19
23.668066 23.934631 0.044853 139 69 19
-12.734012 -22.106823 0.129532 34 139 34
-17.310665 -2.527019 -0.021663 34 139 34
8.929250 0.732951 -0.371239 139 69 19
21.702461 -20.385170 -0.195732 34 139 34
-15.226398 -10.516220 0.223793 139 69 19
18.402937 6.491845 0.519343 34 139 34
6.557184 -20.967952 -0.223198 34 139 34
-6.196010 23.219965 -0.478133 34 139 34
10.125626 23.535359 0.401908 139 69 19
-3.278439 -5.440766 -0.260123 34 139 34
18.889583 -2.743655 0.796984 139 69 19
-14.526949 16.371604 0.262252 139 69 19
1.147726 0.411915 -0.702807 34 139 34
-14.788482 -16.911965 0.057706 34 139 34
23.626357 13.217367 0.080178 34 139 34
-23.376878 8.801814 -0.076422 34 139 34
1.360300 -15.881230 -0.146868 34 139 34
-20.677506 17.530962 -0.727707 34 139 34
-7.814393 -4.078624 0.749204 34 139 34
-10.723045 -11.309763 -1.128107 139 69 19
19.243724 -1.347116 1.096996 139 69 19
23.496646 -1.224743 0.450591 139 69 19
6.983468 16.237820 0.325547 34 139 34
-0.572458 22.571889 -0.145772 34 139 34
-14.389810 -3.331280 -0.974793 139 69 19
-17.226533 20.277778 -0.160218 139 69 19
-4.443385 6.286378 -0.105357 34 139 34
-13.421103 -14.607519 -0.849918 139 69 19
-0.374678 5.476038 -0.148970 139 69 19
-22.632342 10.346521 -0.590280 139 69 19
1.268372 2.561651 0.528869 139 69 19
-22.186449 19.626398 -0.088852 139 69 19
-15.363851 -12.110107 0.461446 34 139 34
-14.596191 19.784042 -0.282287 139 69 19
-19.331734 7.887061 -0.144160 34 139 34
-22.583754 -12.552470 -0.211423 139 69 19
-1.220020 -9.227110 -0.299624 139 69 19
-8.965664 -5.102341 -0.079002 34 139 34
7.815870 23.092012 -0.337751 139 69 19
-19.607696 12.817300 0.686817 34 139 34
-10.447952 -16.966502 -0.660362 34 139 34
17.469303 -18.407861 0.236339 34 139 34
9.359483 -0.400190 -0.287503 139 69 19
14.554050 -0.332334 -0.149097 139 69 19
-16.516811 12.615319 0.129723 139 69 19
13.839627 -4.283381 0.005292 139 69 19
21.684618 -6.516989 0.965670 34 139 34
-2.798403 7.353307 0.272091 139 69 19
-16.791062 17.088038 -0.032250 139 69 19
18.743804 -10.523161 0.597292 34 139 34
5.362815 -10.580937 -0.066314 34 139 34
-14.661875 3.605559 0.014184 139 69 19
20.426430 9.477847 -0.805762 34 139 34
-4.256717 -6.460776 -0.667762 139 69 19
-6.789258 -13.171407 0.014164 34 139 34
-10.628834 -2.754828 -0.152359 139 69 19
-23.904630 17.666084 -0.306171 34 139 34
-3.230262 -16.042575 -0.256937 139 69 19
20.777129 11.150043 -0.218344 139 69 19
23.860002 5.113998 -0.270899 34 139 34
7.203633 14.466857 0.037861 139 69 19
-2.752998 -1.511865 1.183838 34 139 34
-10.649853 0.061239 0.410583 34 139 34
-1.295311 -20.383897 -0.275229 139 69 19
-4.810310 -24.448089 -0.964622 34 139 34
7.103879 -5.242559 -0.122792 34 139 34
9.219143 11.993573 0.109695 139 69 19
-12.264925 -15.845727 -0.732968 139 69 19
-8.508530 8.775334 0.158014 139 69 19
-17.368420 -6.387638 -0.108871 34 139 34
4.469658 -6.497763 0.748110 34 139 34
-23.079144 4.653839 0.361796 34 139 34
18.322570 -22.948029 -0.091214 139 69 19
2.104235 -14.753421 -0.227665 139 69 19
0.723451 -18.186202 -0.469822 34 139 34
22.973384 9.770202 -0.491093 139 69 19
19.342696 11.032520 -0.788297 34 139 34
17.187403 -12.335836 0.150562 139 69 19
-19.180078 17.761889 -0.257603 139 69 19
18.356895 -22.144271 -0.145602 139 69 19
0.956598 16.630482 0.127838 34 139 34
8.026257 2.933353 0.863688 139 69 19
-3.947102 7.961181 1.312636 34 139 34
8.300050 9.359457 -0.270855 34 139 34
17.687608 14.958682 -0.033484 139 69 19
17.230394 24.958076 0.201997 34 139 34
1.564384 -23.677120 0.608033 34 139 34
-19.820779 -22.554305 0.557865 34 139 34
19.104362 -20.613377 0.070190 139 69 19
-1.380075 5.269020 -0.514454 34 139 34
0.626981 -9.700865 0.479217 139 69 19
11.081749 8.865037 0.962641 139 69 19
15.995400 -20.535841 -0.071465 34 139 34
-24.469586 11.652306 1.061520 139 69 19
22.962331 12.643381 -0.331777 139 69 19
17.701305 -22.413993 -0.010292 34 139 34
18.302364 -1.685529 0.092554 34 139 34
20.939370 5.096566 0.040128 139 69 19
23.470145 9.805828 -0.534946 139 69 19
8.198431 20.788029 0.384013 139 69 19
-0.240539 -11.074333 0.636919 34 139 34
6.094631 -8.645804 0.114828 139 69 19
21.107089 18.088713 -0.089179 139 69 19
21.186140 -10.498060 -0.485759 34 139 34
23.904495 12.508735 0.409986 139 69 19
11.617097 -19.984763 0.090061 34 139 34
20.489464 -22.228871 -0.193392 34 139 34
16.231241 17.205628 0.101251 34 139 34
-1.225957 -5.270140 1.834939 34 139 34
-6.884768 -20.353935 -0.359132 139 69 19
21.687430 -4.423877 0.770198 139 69 19
-12.482390 8.273289 0.354664 139 69 19
-16.364801 -17.843448 -0.045427 139 69 19
6.580431 -1.266056 -0.622037 139 69 19
-16.363281 7.488256 -0.746475 34 139 34
3.149765 24.870653 0.287135 139 69 19
0.522850 8.971681 0.676193 34 139 34
-15.250105 -22.635711 -0.198967 34 139 34
5.007340 -10.759926 0.567152 139 69 19
13.839886 -16.610614 0.513394 34 139 34
13.209043 -14.636814 -0.142993 34 139 34
7.611577 -7.391042 0.383510 139 69 19
11.319993 -7.895434 -0.168645 34 139 34
-17.497230 21.589151 -0.256545 34 139 34
16.536475 14.897175 0.061413 34 139 34
0.467159 -6.321665 -0.040534 34 139 34
-18.944611 21.611916 0.117205 139 69 19
20.810927 -17.883681 1.048133 34 139 34
-13.307883 -15.264762 -0.440292 139 69 19
13.911807 -13.950640 -0.417263 34 139 34
16.715181 1.124541 -0.647487 139 69 19
-14.891912 0.615711 0.043258 139 69 19
2.257042 -17.310889 1.046721 139 69 19
-22.606513 -2.005453 -0.006986 34 139 34
1.221807 16.440759 0.048127 139 69 19
24.693534 -19.948809 -0.375735 34 139 34
-20.906764 -23.275836 0.199157 34 139 34
12.950145 -7.273837 0.311400 139 69 19
0.272768 -10.816334 -0.139578 34 139 34
22.416446 10.405176 -0.365906 34 139 34
-4.040021 21.482096 -0.589536 34 139 34
-20.561260 -14.339530 -0.320039 139 69 19
-16.608307 -14.198213 0.214046 139 69 19
18.920217 4.452502 -0.106813 34 139 34
21.964900 11.886044 0.076462 34 139 34
-12.206459 12.490993 1.066142 34 139 34
-4.530061 -2.691364 0.400615 34 139 34
-13.978029 18.082110 -0.950904 139 69 19
-2.460921 -9.039332 -0.005435 139 69 19
9.850916 -20.075113 -0.008070 34 139 34
-21.758570 5.424241 0.237376 34 139 34
-4.298486 4.093268 -0.359027 34 139 34
0.271906 16.068388 0.707503 34 139 34
6.750058 -1.292841 0.080704 34 139 34
7.657691 -12.880565 -0.537436 34 139 34
-11.108266 -12.245978 0.098311 34 139 34
22.996585 -17.194700 -0.426713 34 139 34
-21.047324 -22.177753 0.035106 139 69 19
7.671602 10.965195 -0.675709 34 139 34
-24.740489 -22.386258 0.816939 34 139 34
16.156396 9.267035 0.210192 34 139 34
2.956185 -3.993856 -0.492005 34 139 34
11.325556 19.108523 -0.173334 34 139 34
19.598392 6.860472 -0.235705 139 69 19
-23.624812 24.232313 1.236090 34 139 34
-12.644428 -0.211963 -0.518017 34 139 34
-24.041044 7.916335 0.197529 139 69 19
-4.016229 18.910269 0.165439 34 139 34
6.885625 10.671000 1.211098 139 69 19
-17.870141 -8.895999 -0.801574 34 139 34
-3.528289 14.986127 0.002572 139 69 19
-22.021133 -3.388523 0.183826 139 69 19
20.944814 6.758045 -0.184625 34 139 34
5.806057 -15.230585 0.416220 34 139 34
11.808742 9.957777 -0.171852 139 69 19
5.616045 5.376537 0.226583 139 69 19
4.774836 -21.944684 -0.056797 139 69 19
2.902300 -20.058160 -0.206313 34 139 34
24.332287 12.217088 0.333341 34 139 34
-22.087146 -22.612772 -0.705746 34 139 34
22.089631 -9.037114 0.716657 34 139 34
-9.478701 -0.680755 -0.044498 139 69 19
4.029694 23.920283 -0.876253 139 69 19
-24.092110 13.333864 0.099020 139 69 19
-10.329060 7.411292 0.107072 34 139 34
-8.538436 11.353818 0.175875 139 69 19
22.105332 18.633644 -0.704179 34 139 34
22.574308 16.215481 -0.511501 34 139 34
11.590708 21.287993 0.022973 34 139 34
-4.524596 -24.292435 -0.218537 34 139 34
21.184129 -0.578487 -0.054735 139 69 19
-7.181930 -10.285359 -0.085176 139 69 19
24.759801 21.946814 -0.230895 34 139 34
12.331995 -13.105212 0.244578 139 69 19
-12.021393 20.942543 -0.286017 139 69 19
-14.574818 15.654037 -0.849638 139 69 19
6.760764 21.295471 -0.026338 139 69 19
-11.046288 -18.402929 0.007977 139 69 19
8.349839 2.741477 -0.559506 34 139 34
-4.664138 -3.151849 0.159327 34 139 34
1.886628 -20.316881 -0.026371 139 69 19
9.899498 2.351144 -0.418611 34 139 34
3.922017 0.881373 0.260104 34 139 34
-21.125549 9.318279 0.147756 34 139 34
-1.712107 23.017877 0.200165 34 139 34
7.008402 -21.952008 0.490182 34 139 34
12.353390 7.257587 0.757244 139 69 19
19.418719 14.211829 -0.743238 34 139 34
-17.197501 2.644380 -0.220245 34 139 34
15.816331 10.436106 0.375021 139 69 19
-2.327136 16.138383 0.118709 139 69 19
12.074831 3.593744 -0.953954 139 69 19
-10.206498 20.066663 0.362908 34 139 34
22.454848 19.509757 -0.508782 139 69 19
0.667537 -9.013407 -0.035173 139 69 19
-18.225741 16.729375 -0.093035 139 69 19
-8.553359 5.517529 0.653408 139 69 19
23.353232 4.728903 -0.977960 34 139 34
4.062632 -1.071233 0.740382 139 69 19
-20.480973 -4.320888 0.573210 139 69 19
18.848385 -5.031656 0.657650 139 69 19
19.118298 7.451562 -0.150465 34 139 34
13.306375 -23.155706 -1.162385 139 69 19
-18.370367 10.153440 0.803917 34 139 34
-22.531116 8.322110 0.143862 34 139 34
2.614015 9.587359 0.439341 34 139 34
-17.171643 9.646604 0.180943 34 139 34
-23.774444 12.519761 -0.457015 34 139 34
19.715670 -16.573675 1.137085 139 69 19
-22.574231 -17.950908 0.086370 139 69 19
18.014005 -21.216205 -0.191773 139 69 19
10.287994 -16.009433 -0.074616 139 69 19
-11.545197 -8.109103 -0.651818 34 139 34
2.055517 1.274019 -0.540273 34 139 34
-17.806362 -7.443310 0.206562 34 139 34
12.141243 11.409801 0.581380 139 69 19
-2.432855 -5.933553 -0.751270 34 139 34
20.396370 24.542107 0.238700 139 69 19
7.679136 13.169458 -0.148581 34 139 34
20.789934 16.664539 -0.093930 139 69 19
-5.403663 24.841013 -0.171553 139 69 19
-10.848668 -0.101939 0.212930 34 139 34
-8.385085 -1.447056 -0.541170 139 69 19
16.410583 23.976448 0.198160 34 139 34
2.711440 -18.812588 -0.543971 139 69 19
-0.594520 7.713049 -0.594715 139 69 19
0.201348 -4.550174 0.424496 139 69 19
-10.859636 13.507616 0.114036 139 69 19
5.850531 -5.380107 -0.641310 139 69 19
14.003071 -13.463996 -0.053869 139 69 19
17.581986 6.702225 -0.404150 139 69 19
-8.092059 -13.728530 -0.639763 139 69 19
20.677244 -20.421120 0.045119 34 139 34
-22.758736 19.211032 -0.103348 34 139 34
6.607487 -8.385992 -0.751408 139 69 19
12.291029 15.805400 -0.016651 34 139 34
7.792770 16.644362 -0.298597 139 69 19
13.246034 -5.315495 0.385577 139 69 19
-19.627051 16.257615 -0.610195 34 139 34
24.764291 -19.033256 0.811981 34 139 34
4.988880 24.951310 -0.023677 34 139 34
-23.778851 -3.574284 0.014528 34 139 34
-21.505265 -17.238028 -0.020467 34 139 34
3.836618 -14.545993 -0.629886 34 139 34
-13.656691 13.371867 -0.106305 139 69 19
4.475762 19.165806 0.072932 34 139 34
-20.006056 -8.850890 0.069595 34 139 34
1.009174 -10.725347 -0.212335 34 139 34
14.837754 -21.066699 -0.306704 139 69 19
-13.225694 -14.883645 -0.222326 139 69 19
-7.445098 1.943163 -0.740746 139 69 19
2.951483 -3.344180 0.236266 139 69 19
13.613187 15.485380 0.015449 34 139 34
-0.771664 -22.330474 -0.282921 139 69 19
24.888037 -18.178675 0.029254 34 139 34
8.299783 -20.468570 0.251328 34 139 34
-19.936648 22.004090 -0.387281 34 139 34
-21.315895 -0.023818 -0.023019 139 69 19
-18.830281 11.217829 -0.328768 34 139 34
19.189754 -19.684335 0.088478 34 139 34
-17.344381 9.683953 0.936268 34 139 34
7.037813 6.372526 -0.622616 139 69 19
14.276014 -1.740991 0.323089 139 69 19
5.109787 -18.300867 -0.153220 34 139 34
-20.081053 18.608436 0.570297 34 139 34
-2.486045 16.070966 -0.802778 139 69 19
4.401684 -7.205468 -0.308409 34 139 34
-24.014029 -17.904000 -0.742445 139 69 19
8.327271 24.633956 0.759418 139 69 19
-2.683645 -18.274833 0.197848 34 139 34
7.430462 -12.020974 -0.069781 139 69 19
10.584778 -9.717681 0.817325 139 69 19
11.962246 11.024542 0.020915 34 139 34
-9.259233 17.482508 0.658501 139 69 19
20.325692 -8.383061 0.120130 34 139 34
6.895568 -14.144430 0.199817 139 69 19
-11.107409 23.152595 -0.124408 34 139 34
20.221334 24.346371 -0.702222 34 139 34
8.553707 -20.172510 0.096882 34 139 34
14.752425 22.662012 0.885581 139 69 19
-23.772187 -24.196211 0.455170 139 69 19
-17.273153 -13.830073 0.341914 139 69 19
12.581405 10.749482 -0.028447 34 139 34
19.154372 1.257567 -1.219746 34 139 34
24.064303 14.153604 -0.085117 34 139 34
12.450976 1.680012 0.099068 139 69 19
-1.741403 23.503154 0.119623 139 69 19
-17.468695 -0.332920 -0.287165 139 69 19
0.005633 18.455392 -0.026111 34 139 34
-1.008039 -16.954858 -0.024296 139 69 19
0.983477 3.221932 0.355425 34 139 34
8.135783 -11.155931 1.151210 139 69 19
-17.020725 -14.586130 -0.254786 139 69 19
-10.381939 -9.120562 0.838458 34 139 34
16.310424 -23.962797 -0.228902 34 139 34
0.560784 11.439256 -0.259054 34 139 34
-1.603813 -4.190179 0.248230 139 69 19
24.655665 -4.177061 -0.045452 34 139 34
-9.430350 -8.539032 0.176472 139 69 19
-17.662349 -16.855361 -0.464604 34 139 34
-2.405060 4.447056 -0.037862 139 69 19
-4.329486 24.809844 1.343318 139 69 19
21.557529 19.891593 -0.136512 139 69 19
-15.640045 7.521147 0.328470 34 139 34
1.742949 -23.827938 0.180544 34 139 34
21.937565 -13.285758 0.505898 139 69 19
-19.311633 -1.518638 1.019372 34 139 34
-11.401000 20.018506 -0.187772 139 69 19
22.972459 -10.385378 -0.339840 34 139 34
10.487407 22.751402 0.315224 34 139 34
-21.355384 -4.088503 -0.098796 139 69 19
10.801133 -5.857330 0.172225 34 139 34
-12.089675 -20.903958 0.274598 34 139 34
-4.658923 10.849919 0.750370 139 69 19
-2.612377 -22.279849 0.390329 34 139 34
15.725880 -18.942245 0.775545 34 139 34
24.430324 5.324336 0.272642 139 69 19
-4.799602 -22.953418 -0.471865 34 139 34
24.713994 7.075010 -0.638920 139 69 19
-13.473638 -22.003640 -0.000202 139 69 19
-10.704351 -6.517239 0.432990 34 139 34
10.995698 16.479162 0.140906 139 69 19
-7.665377 -24.440502 0.145604 139 69 19
-6.808713 9.240466 -0.507879 139 69 19
9.172941 4.167094 -0.571627 139 69 19
9.066278 -8.826808 0.658753 34 139 34
-13.678192 12.508933 0.111210 139 69 19
23.737605 -17.139448 -0.135645 34 139 34
10.208827 -16.706619 -0.812737 34 139 34
22.623975 13.353684 0.060608 34 139 34
-4.227380 11.043597 0.735783 34 139 34
-16.711349 -23.139431 -0.319158 34 139 34
-2.039957 -5.162126 0.220494 34 139 34
-21.570340 -9.708093 -0.511904 139 69 19
-23.166091 8.820273 0.342901 34 139 34
0.862446 15.321465 -0.256160 34 139 34
-15.942758 9.053613 -0.098173 139 69 19
-7.341366 0.813912 0.158582 34 139 34
9.552997 10.663293 0.092890 139 69 19
-4.445258 -22.216524 0.064586 139 69 19
-2.105891 23.968064 0.513860 34 139 34
-7.988393 -12.335468 -1.348315 139 69 19
5.434272 -22.228356 0.059011 139 69 19
-6.511032 -14.897796 -0.590679 139 69 19
9.212460 9.302403 0.210754 139 69 19
-2.864770 15.062971 0.315140 34 139 34
3.415525 2.495418 0.082794 34 139 34
-15.502806 22.265983 1.005594 139 69 19
22.457172 9.728609 -0.723352 34 139 34
4.770078 -23.520564 0.568463 34 139 34
-15.768134 9.110440 0.321224 139 69 19
16.922597 -8.027704 -1.034566 139 69 19
23.984877 -18.894601 0.337183 139 69 19
0.910458 -19.780225 0.453471 139 69 19
-13.213473 -12.344722 0.719502 34 139 34
19.391659 -23.842236 0.230372 34 139 34
-10.204925 24.313017 -0.294466 139 69 19
-23.777487 9.871535 -0.735545 139 69 19
-7.930066 22.431251 0.223375 139 69 19
-10.082809 14.165569 -0.498506 34 139 34
10.983347 18.032464 0.836514 34 139 34
16.348190 -5.446969 -0.883399 34 139 34
17.311065 -21.943796 0.099729 34 139 34
20.540657 -22.511115 -0.341711 34 139 34
3.222966 10.142752 0.270671 34 139 34
-7.338555 9.450859 -0.407825 34 139 34
12.346657 6.822682 -1.555049 139 69 19
-17.572586 -0.418363 -0.628430 34 139 34
8.358855 5.937932 -1.195564 34 139 34
10.710118 -13.561303 -0.446903 139 69 19
8.955800 -17.746369 0.253478 34 139 34
-15.802777 12.819651 -0.014702 34 139 34
-0.536943 11.932962 0.714855 34 139 34
12.831253 22.122069 -0.061767 139 69 19
13.079975 -21.248302 -0.047104 34 139 34
8.450641 -0.080205 -0.376244 139 69 19
23.360789 -13.698930 -0.245565 34 139 34
22.713120 -22.759068 -0.518632 34 139 34
0.313531 14.639194 0.057320 34 139 34
5.038275 -4.866498 -0.240279 34 139 34
19.133588 -13.164781 1.165078 34 139 34
7.722801 3.704435 -0.703892 34 139 34
22.049105 6.251388 -0.585671 139 69 19
-1.250442 -18.078546 -0.128320 34 139 34
-15.499114 -23.789954 0.427695 139 69 19
17.141752 -14.152935 -0.140756 34 139 34
8.199952 13.130800 -0.283072 34 139 34
9.871493 -3.701878 0.265628 34 139 34
-17.266110 -4.589623 -0.312569 34 139 34
-7.724726 -2.140447 0.291852 34 139 34
-13.840598 -10.682122 -0.474045 34 139 34
-4.388295 0.588407 0.018519 34 139 34
16.205641 23.320509 0.740415 34 139 34
-22.927430 1.598600 0.453344 34 139 34
-13.429666 13.195105 0.227886 139 69 19
-0.158432 15.968144 -0.187783 34 139 34
-14.994838 -2.600203 0.276894 139 69 19
-10.410641 -24.585361 0.425787 139 69 19
19.493800 5.111438 -0.104686 139 69 19
-6.931867 24.506204 0.217387 139 69 19
-17.954152 22.258240 0.229552 34 139 34
-1.734253 -6.758392 0.443153 34 139 34
-21.880013 -21.351054 -0.195558 139 69 19
16.075751 21.871959 -0.461360 34 139 34
10.299761 1.362357 -0.014453 34 139 34
-22.001461 -23.711187 -0.453525 34 139 34
9.959402 -22.848406 -0.079300 139 69 19
-21.943335 -21.572873 -0.827500 34 139 34
-1.501806 -18.218578 0.036961 139 69 19
-11.752427 0.544579 0.576306 34 139 34
-17.525631 -0.204059 1.252743 139 69 19
-20.226361 -7.885994 0.510822 139 69 19
17.139467 -20.569494 -0.455150 34 139 34
-20.888461 -10.420463 0.328938 34 139 34
14.931840 3.315045 0.835485 34 139 34
17.407718 -2.329097 0.783290 139 69 19
0.871151 -13.238720 -0.030367 139 69 19
-14.748289 20.010486 0.299088 34 139 34
15.050607 20.812266 -0.395222 139 69 19
20.475803 11.959125 -0.254088 139 69 19
-14.135213 -4.159783 1.008159 139 69 19
-9.758281 4.434228 0.106312 34 139 34
-18.925729 -19.311715 -0.354157 34 139 34
8.464903 0.942010 -0.341645 34 139 34
19.035005 -20.179555 -0.277187 139 69 19
1.453230 15.353871 -0.203416 34 139 34
6.024311 -23.269856 0.090271 139 69 19
-21.392351 -0.360500 0.260371 139 69 19
-12.299910 -24.205845 0.634723 139 69 19
-16.827008 4.653793 0.410293 34 139 34
-3.272253 -6.785319 0.116484 34 139 34
-21.723741 -20.064908 -0.392084 139 69 19
0.601960 -8.205896 -0.013246 34 139 34
13.242817 -14.462335 -0.488990 139 69 19
9.531716 -19.254553 -1.121599 34 139 34
-8.534085 -4.904194 -0.600786 34 139 34
-22.130034 -11.393752 0.129669 139 69 19
0.234230 10.893911 -0.205390 34 139 34
-18.356577 -20.335252 0.539418 139 69 19
-16.608134 4.333610 -0.376429 139 69 19
-11.357237 -5.237764 -0.527810 139 69 19
-12.119192 -6.229433 -0.314543 139 69 19
7.604847 -21.658763 -0.135203 34 139 34
-16.368176 1.354824 -0.294240 34 139 34
18.256151 -9.342455 -0.562739 139 69 19
-3.764293 6.430010 0.774881 139 69 19
-11.098018 -6.301549 0.395540 34 139 34
2.978203 -12.246907 0.489499 139 69 19
-1.257080 5.430135 0.057830 34 139 34
-21.862265 18.873946 0.334170 139 69 19
-10.754771 -24.135684 0.158286 34 139 34
-14.277656 -12.835453 -0.851391 34 139 34
-6.605065 -23.352033 -0.684226 34 139 34
8.412556 -5.297499 -0.170933 34 139 34
18.840766 5.135632 0.277441 34 139 34
22.765229 -7.025702 0.652010 139 69 19
15.170920 7.915230 -0.753190 34 139 34
19.362209 -9.404107 0.647935 34 139 34
11.985006 -0.939861 0.285438 139 69 19
23.827009 -24.877766 -0.011109 139 69 19
10.965988 -3.389421 0.410237 139 69 19
-24.431797 -14.072617 0.395058 34 139 34
17.171458 -9.704506 0.305532 139 69 19
-15.141029 -11.362488 0.581946 139 69 19
17.088000 -11.937095 -0.942886 34 139 34
-8.972290 22.135484 -0.283697 139 69 19
-3.192450 23.094040 0.104957 34 139 34
-14.662426 -4.748649 0.374109 34 139 34
23.410544 6.656668 -0.752365 139 69 19
-7.191349 -20.267145 0.193393 139 69 19
5.995609 5.288411 -0.013852 34 139 34
0.189060 -23.650504 -0.931360 34 139 34
-14.773031 8.763206 -0.252144 34 139 34
3.590899 -5.321929 -0.601405 139 69 19
-9.361222 9.599990 0.080868 139 69 19
0.525990 9.101991 0.303055 34 139 34
5.787715 -15.405346 -0.689995 34 139 34
15.358085 19.855223 0.279714 34 139 34
24.569482 -15.132805 0.182758 139 69 19
-20.192234 19.688322 -0.066396 139 69 19
6.852904 23.607966 0.652139 34 139 34
4.852424 6.127312 1.255539 139 69 19
-14.321865 0.182993 -0.231903 139 69 19
8.722695 -20.003149 -0.674678 34 139 34
-4.082254 -22.584629 0.365408 34 139 34
24.377294 2.057219 -0.550069 139 69 19
20.634266 20.247655 -0.028172 139 69 19
24.168957 -4.074572 -0.850160 34 139 34
-22.077871 -6.064687 0.578500 139 69 19
23.026270 -9.359876 -0.054861 139 69 19
-6.827592 -9.238737 -0.725482 34 139 34
7.291538 1.567918 -0.938932 139 69 19
-19.992716 20.539292 -0.021880 139 69 19
-23.623641 8.118829 0.019486 34 139 34
12.887011 2.760624 -0.501831 139 69 19
4.159519 -22.994054 -0.536603 139 69 19
14.292061 -5.623115 -0.061482 139 69 19
-22.728043 -21.000201 0.067968 139 69 19
-10.009346 -7.214614 0.238291 139 69 19
5.639581 12.659165 0.118773 139 69 19
19.752777 14.564056 0.098214 34 139 34
-15.243605 -21.368648 -0.564111 34 139 34
-6.695201 17.189731 0.829005 139 69 19
-19.344472 -2.266182 0.740127 139 69 19
-2.260560 23.608371 0.003065 139 69 19
-9.945797 21.392085 0.582080 139 69 19
-24.951237 13.975024 -0.893186 34 139 34
13.902472 -0.839769 -0.453441 139 69 19
16.898161 -11.122788 -0.392224 34 139 34
-6.724730 23.042831 -0.642979 34 139 34
-11.195357 -23.605279 0.618857 139 69 19
20.787853 -0.881306 -0.234486 34 139 34
-8.721112 -24.289792 -0.227546 139 69 19
-12.380522 11.365566 0.071074 139 69 19
2.129684 0.234341 -0.497504 139 69 19
2.595601 2.389518 -0.863699 34 139 34
16.527587 -12.856614 -0.189227 139 69 19
11.042327 9.423809 -0.501870 34 139 34
-6.141770 -17.695320 1.005652 139 69 19
11.382988 -13.372939 -0.172593 34 139 34
-10.118527 -24.167355 -0.320978 34 139 34
14.524721 16.868465 -0.459891 34 139 34
-17.052818 -0.105805 -0.098892 34 139 34
-1.480701 -8.596934 -0.293951 34 139 34
2.091645 9.706739 0.589043 139 69 19
21.557948 -15.272837 -0.099734 139 69 19
9.581984 -20.825696 0.674108 139 69 19
10.856662 -24.796399 -1.098671 34 139 34
-1.711955 15.938723 0.026992 34 139 34
6.261103 4.216736 -0.344714 34 139 34
-4.908992 16.612014 0.070111 34 139 34
4.334411 8.718012 -0.021852 34 139 34
-19.643217 -0.331460 0.191282 34 139 34
-22.606262 -7.012083 0.327568 139 69 19
-17.743635 1.900978 0.066881 34 139 34
15.123790 -17.256880 0.583572 139 69 19
-16.172273 -14.791201 0.598036 34 139 34
-15.167704 -22.987758 -0.623247 139 69 19
19.461446 22.753259 -0.243246 34 139 34
-5.768555 5.499456 0.299865 139 69 19
20.032537 -15.636407 -0.005317 34 139 34
-5.910293 10.296137 0.281854 139 69 19
0.185118 9.175836 0.124967 139 69 19
22.012128 -3.162601 0.207183 34 139 34
17.953258 -0.176733 0.123466 34 139 34
-18.945487 9.135578 -0.744625 139 69 19
-22.603938 -14.088543 -0.034061 139 69 19
6.112473 -2.672230 0.565624 139 69 19
20.543064 -12.962950 -0.020148 34 139 34
7.501729 -7.712929 0.759034 139 69 19
-0.714591 -5.876170 -0.613668 139 69 19
18.529469 17.990239 0.269687 34 139 34
-21.322552 -5.516789 -0.100415 139 69 19
23.719091 -12.095857 -0.578942 139 69 19
-19.629813 13.236366 0.451782 34 139 34
-7.968505 17.174808 -0.025052 34 139 34
17.098026 -12.186766 0.173915 34 139 34
-18.004288 12.444931 0.225557 139 69 19
20.262519 -22.478019 1.635279 139 69 19
0.621612 -19.495212 -0.459917 34 139 34
24.962438 23.678134 -0.975774 139 69 19
23.214074 2.494190 0.569244 139 69 19
-15.753636 -7.610892 -0.511548 34 139 34
-3.666556 -7.456808 0.662491 34 139 34
0.059113 -24.051528 0.162529 139 69 19
16.561178 -17.194858 0.371117 34 139 34
24.960215 0.516985 0.336446 34 139 34
20.598433 23.220781 -0.244362 34 139 34
3.025795 -18.844183 0.459240 34 139 34
5.253953 2.695776 -0.384488 139 69 19
20.670752 -15.837443 0.159665 139 69 19
5.273262 9.518519 0.071857 139 69 19
-12.381157 23.789152 -0.110193 139 69 19
1.851323 20.699549 0.426437 34 139 34
22.019124 -4.360576 -0.193412 34 139 34
-22.777625 0.804938 -0.205437 34 139 34
-9.498267 -21.202720 0.782346 139 69 19
22.647156 11.870030 0.377048 139 69 19
11.243497 22.880116 -0.744953 34 139 34
-8.894846 -4.223707 -0.814945 34 139 34
14.375995 -11.565949 -0.011944 34 139 34
1.459616 2.835526 -0.554871 34 139 34
23.774259 16.949457 -0.166065 34 139 34
6.923023 -6.520144 0.522957 139 69 19
-20.675008 -18.047650 -0.551427 139 69 19
21.162926 13.940160 0.742920 139 69 19
19.751089 -4.137089 -0.102025 139 69 19
3.006213 8.177574 -0.087718 139 69 19
-15.575245 -10.419395 0.627600 34 139 34
-16.691498 20.403167 -0.124116 34 139 34
7.173480 10.355003 -1.086784 139 69 19
21.588035 -24.989200 0.428147 34 139 34
19.157005 -15.792144 0.752037 139 69 19
-3.587932 -24.165833 -0.205564 34 139 34
-10.859067 -13.199723 0.498599 139 69 19
14.330925 9.012055 0.702590 139 69 19
8.819602 -23.093465 -0.282781 34 139 34
-16.722787 -14.831222 -0.453230 139 69 19
-22.984371 -12.701460 -0.484215 139 69 19
15.789515 -23.823843 -0.297026 34 139 34
15.631060 -5.651808 0.426101 139 69 19
-2.997172 -21.098094 -0.591029 139 69 19
-6.451975 9.167162 0.081274 34 139 34
-16.413861 20.498625 0.511669 34 139 34
-7.962209 18.538647 -0.263947 139 69 19
15.038765 -8.687798 -0.849331 139 69 19
4.753416 -7.684256 -0.731217 139 69 19
-10.870429 -14.014304 -0.232099 34 139 34
-11.370791 -3.396117 0.019854 34 139 34
-7.680010 4.832449 -0.170794 139 69 19
-5.405670 -24.628707 0.600315 139 69 19
11.404511 -3.152264 0.233822 34 139 34
15.604931 -16.955700 0.144828 34 139 34
-8.943175 21.983461 0.450409 139 69 19
2.868529 4.442631 -0.052636 139 69 19
-13.278975 8.450917 -0.503741 34 139 34
18.835755 -14.286446 0.349494 139 69 19
16.432069 -1.811605 -0.580617 34 139 34
8.938088 -17.460888 0.229573 34 139 34
14.852823 2.282071 0.085685 139 69 19
-18.201344 -3.215081 0.188221 139 69 19
-10.361855 -11.476538 0.584298 34 139 34
-17.959359 22.152151 0.397721 139 69 19
20.696697 -18.173514 0.729526 139 69 19
10.779809 13.529149 -0.740198 34 139 34
-15.934738 11.257114 0.318482 139 69 19
4.503660 -15.436610 -0.631486 139 69 19
-13.806087 19.631712 -0.076897 34 139 34
-17.472640 14.862073 0.459020 34 139 34
-16.883989 15.697465 -0.706202 34 139 34
13.004424 5.374703 -0.295743 139 69 19
-16.069523 15.435429 -0.765142 139 69 19
-13.537031 13.288491 -0.300633 139 69 19
16.133801 10.079938 -0.271493 34 139 34
-5.013032 -0.484491 -0.512075 34 139 34
-9.193790 -10.641253 -0.043624 34 139 34
24.382585 -15.885254 -0.281153 34 139 34
-20.453097 10.758805 -0.100185 34 139 34
-0.686729 10.142984 0.153737 34 139 34
-20.934657 14.962736 0.388173 139 69 19
18.591396 -8.729766 0.016801 34 139 34
2.759333 -15.624133 -1.041849 139 69 19
11.915846 -4.817178 0.649999 34 139 34
20.519777 -21.711705 -0.034009 139 69 19
-6.660568 -18.926030 0.151177 34 139 34
-5.001679 9.865267 -1.023227 139 69 19
-21.822433 -20.233004 0.487856 139 69 19
-5.325981 6.302927 -1.029524 34 139 34
4.656934 22.128477 -0.321302 34 139 34
1.331578 1.681571 0.586783 34 139 34
6.064847 8.907312 0.864285 34 139 34
-18.716561 -3.802352 0.709812 139 69 19
-3.387590 -19.344635 0.031376 139 69 19
7.373187 -1.747604 -0.473924 34 139 34
1.281273 -24.905746 -0.303265 34 139 34
-7.079092 -2.799351 -0.742514 139 69 19
19.548316 17.853088 0.679848 34 139 34
-1.127491 3.771272 0.416119 34 139 34
-9.321060 23.250184 0.990394 34 139 34
18.587085 6.089205 0.690842 34 139 34
-14.115522 9.377779 -0.237634 34 139 34
-6.879473 5.615233 -0.050507 34 139 34
-20.468252 -1.547101 -0.197567 34 139 34
-19.235016 9.171790 -0.690585 139 69 19
18.596823 -24.196332 -0.307188 139 69 19
-17.859927 9.645928 0.187458 139 69 19
-17.290543 4.092177 -0.362379 34 139 34
-1.921377 0.248665 -0.492693 139 69 19
20.404518 -5.637644 0.239721 139 69 19
3.608997 -20.360250 -0.487001 139 69 19
20.224064 -5.179567 -0.869882 34 139 34
-9.571498 9.708471 0.023217 139 69 19
1.016461 -16.800196 -0.722795 139 69 19
1.276129 -15.798840 0.122558 139 69 19
5.784567 4.710704 -0.351425 34 139 34
21.132173 -18.458417 0.207292 34 139 34
13.107931 13.738812 -0.177389 139 69 19
-15.909744 -13.792561 -0.407265 139 69 19
9.326875 -21.426063 0.801236 139 69 19
20.117979 -12.662176 -0.635684 139 69 19
21.034731 -21.880812 -0.230945 139 69 19
-22.573188 -19.431714 -0.611184 34 139 34
-12.534874 14.314756 0.294706 34 139 34
13.546914 -11.500402 -1.126416 139 69 19
0.697083 12.227114 -0.309258 34 139 34
2.622218 -8.302515 -0.371351 139 69 19
5.471309 8.062488 1.156173 139 69 19
24.221537 23.779412 0.028759 34 139 34
-12.730538 -6.253131 -0.142390 139 69 19
9.000203 -17.139120 -0.094006 34 139 34
17.339523 23.758657 -0.508760 34 139 34
21.088239 10.900376 -0.190593 34 139 34
2.712355 -6.680858 0.505428 139 69 19
-8.824025 -23.999700 0.328188 34 139 34
-2.954326 4.655474 -0.216752 139 69 19
-3.358253 14.481169 0.021069 139 69 19
3.465469 22.233363 -0.699578 139 69 19
13.105628 12.278586 0.309903 139 69 19
-2.956825 11.590769 0.361465 34 139 34
-24.200648 -17.008964 0.576047 34 139 34
-0.919176 -22.807699 -0.045542 139 69 19
18.231487 7.341052 0.611917 139 69 19
-4.111164 -5.693023 0.473809 34 139 34
-20.407094 12.282175 0.043258 139 69 19
1.016540 -13.745340 -0.185575 139 69 19
-23.154568 -3.095328 0.781258 34 139 34
-22.873016 -18.347168 0.435711 34 139 34
11.563610 19.731628 0.368400 139 69 19
16.836400 -5.705650 0.348183 34 139 34
-15.356460 -9.001168 0.422353 139 69 19
3.241859 -20.817924 0.215492 34 139 34
-17.038869 4.603694 -0.225958 139 69 19
-14.429613 -8.770219 0.248301 34 139 34
-10.550480 15.020734 -0.244457 34 139 34
-5.393982 11.707290 -0.174471 34 139 34
16.203632 -21.132300 -0.887083 139 69 19
10.180223 21.768841 -0.291161 139 69 19
19.929016 21.333464 -0.197925 139 69 19
19.470390 8.753284 -0.209612 34 139 34
8.260360 11.763214 0.091400 139 69 19
-10.268361 -16.731415 -0.595290 34 139 34
-22.476096 10.071413 1.072329 34 139 34
4.672784 12.471984 0.243455 139 69 19
-9.489190 -19.591156 0.458295 34 139 34
3.714149 3.976579 0.752677 34 139 34
-17.048038 24.881938 0.582351 34 139 34
19.495488 24.580667 -0.694114 139 69 19
12.129707 21.303923 -0.341372 34 139 34
19.406330 6.784502 0.288161 34 139 34
-17.544882 -9.793205 0.008867 139 69 19
-17.952304 -20.854707 -0.190163 139 69 19
-16.452557 -22.625688 0.006081 139 69 19
17.692706 -0.957663 0.197615 34 139 34
24.814899 -9.365790 0.031897 139 69 19
-18.967821 23.229588 -0.479463 34 139 34
-15.624885 16.256795 0.682822 139 69 19
-23.243861 -14.086638 -0.363236 34 139 34
-4.495963 3.623346 -0.037943 139 69 19
-3.282624 14.078562 -0.256364 34 139 34
-11.234457 -9.866510 0.769860 139 69 19
-0.192956 16.213609 -0.131063 139 69 19
-4.074689 -11.819141 -0.490965 139 69 19
-18.828324 -11.381279 0.358083 139 69 19
17.932822 -17.650002 -0.112440 139 69 19
11.167573 7.472505 0.152640 139 69 19
-2.108151 11.972434 0.750819 139 69 19
-3.674055 8.893846 -0.088875 139 69 19
24.616618 -14.928417 0.643935 139 69 19
-6.257613 -19.394329 -0.845359 34 139 34
-20.435897 20.342756 -0.375794 139 69 19
-1.745914 5.527775 -0.026684 139 69 19
-22.673104 22.481133 -1.106039 139 69 19
-6.240748 -22.368404 0.235153 139 69 19
7.649588 11.973659 0.479236 34 139 34
-13.599358 -19.386058 0.972739 34 139 34
24.977234 17.926201 0.536418 34 139 34
9.999132 -19.974060 -0.128396 139 69 19
-13.260112 13.318765 0.534731 139 69 19
11.579299 -0.725882 -0.931903 139 69 19
20.215310 -4.949578 0.071755 34 139 34
-8.868102 12.820560 0.137668 139 69 19
11.945092 -8.482152 0.573621 34 139 34
-16.301025 -3.551296 0.070180 34 139 34
23.774818 -12.570085 0.022300 139 69 19
1.887852 -14.958808 -0.177162 139 69 19
-0.851428 17.477651 -0.301595 34 139 34
-21.091837 0.683949 0.628266 139 69 19
0.047578 -7.019437 -0.297354 139 69 19
-10.159689 7.011849 0.283343 139 69 19
20.033115 6.441297 0.289259 34 139 34
-2.018754 -16.587087 0.449761 139 69 19
-1.605911 -11.531712 -1.025006 139 69 19
21.828978 16.349292 0.049027 34 139 34
8.787301 3.389982 0.200213 139 69 19
10.515715 -20.921258 0.341156 139 69 19
-13.142472 -21.698553 -0.056300 139 69 19
-5.095790 16.680997 0.354856 139 69 19
-14.030543 -3.905045 -0.833067 139 69 19
-8.681068 -19.339303 -0.868217 34 139 34
3.463161 11.640056 0.004467 139 69 19
13.114935 16.893818 0.633829 139 69 19
-0.045800 -18.653622 -0.375034 34 139 34
17.511654 24.654914 0.176611 34 139 34
-8.960875 -14.628061 -0.090770 34 139 34
1.170386 21.567443 0.241941 139 69 19
-18.773165 14.810394 0.079891 139 69 19
-24.357585 -19.038694 0.785384 139 69 19
-14.008423 4.467317 0.075245 34 139 34
15.884801 9.623595 0.646732 139 69 19
-4.140586 20.907320 0.081995 139 69 19
-14.306998 -8.370001 -0.374273 34 139 34
-17.138048 -1.969831 -0.457618 139 69 19
4.223434 20.683036 0.056780 34 139 34
-19.828268 -11.678114 0.641659 34 139 34
17.747980 -14.105848 0.161355 34 139 34
-22.703330 0.028775 -0.475386 34 139 34
15.253323 23.172580 -0.459533 139 69 19
-0.637119 -6.069230 0.182015 34 139 34
-19.381958 15.788871 0.217788 34 139 34
16.947525 10.575054 0.122191 139 69 19
6.818403 -4.019921 0.110406 139 69 19
1.227105 19.304066 0.664559 34 139 34
21.984077 -17.913001 -0.125488 139 69 19
-24.428516 -17.038190 0.273095 139 69 19
-13.966450 -21.919177 0.092875 34 139 34
-1.706809 -9.850029 0.898449 34 139 34
-23.561602 24.294231 0.304538 34 139 34
-23.936157 17.683467 -0.130614 139 69 19
-12.058427 0.412204 -0.273137 139 69 19
1.144430 -23.932849 -0.281174 139 69 19
0.542144 23.243111 -0.123125 34 139 34
-16.083193 16.182873 1.039389 139 69 19
-3.026088 17.541943 0.275568 34 139 34
10.023968 18.453380 0.791763 139 69 19
-3.573968 2.604567 0.057192 139 69 19
13.532654 -24.138163 -0.370539 34 139 34
8.957421 21.421787 -0.500205 139 69 19
-4.146080 -20.840241 0.538188 34 139 34
12.125213 -7.856124 0.250717 139 69 19
-11.062510 -12.814128 -0.396163 139 69 19
-22.857605 9.991554 -0.401448 34 139 34
-18.914309 -21.455996 -0.327895 34 139 34
-16.165243 16.635054 0.335752 34 139 34
-22.857418 -4.395208 -0.767631 139 69 19
-13.360221 -19.002059 -0.052691 34 139 34
2.559635 23.399614 -0.485815 139 69 19
-10.525526 8.011184 -0.225316 34 139 34
9.845125 14.591246 0.545849 139 69 19
-21.375992 -18.426498 -0.214159 34 139 34
2.935488 -21.671866 0.037335 139 69 19
0.979938 -7.645247 0.201442 34 139 34
5.927927 7.507168 0.336746 139 69 19
2.391536 -11.411357 0.317501 139 69 19
4.226422 -4.341450 0.348109 139 69 19
-14.800986 7.837383 -0.387253 34 139 34
22.764578 4.549802 0.432402 34 139 34
23.111056 -5.487324 -0.415102 34 139 34
8.640980 2.264952 -0.637740 34 139 34
8.608159 -7.804284 -0.872689 34 139 34
24.218123 -9.483535 -0.772466 139 69 19
-8.420622 3.650313 0.270043 139 69 19
14.647740 2.277196 0.388672 34 139 34
2.190581 6.226078 -0.505942 139 69 19
24.824300 -14.866361 0.583683 34 139 34
23.939750 -8.977573 -0.094328 139 69 19
13.491049 6.845747 0.477164 34 139 34
-0.208493 -23.176709 -0.776621 139 69 19
1.517828 14.035956 -0.086562 139 69 19
3.945796 -16.925932 1.171014 139 69 19
-18.757638 -1.553639 -0.446598 34 139 34
-24.996468 9.708442 0.712051 139 69 19
-21.193530 24.201173 0.040185 139 69 19
-0.675009 -2.926556 0.567780 34 139 34
2.022051 23.940455 0.218062 139 69 19
-6.816691 21.635481 0.264326 139 69 19
6.510919 19.882902 0.574779 34 139 34
-21.274847 20.075926 0.063877 34 139 34
3.666398 -18.053597 -0.131167 139 69 19
16.256866 7.729972 -0.012369 139 69 19
3.481493 23.295957 -0.193780 139 69 19
-7.809139 15.348669 -0.066941 139 69 19
-5.480871 7.678695 -0.751713 34 139 34
-6.415520 6.728059 0.221443 139 69 19
-22.106715 20.744903 -0.034238 139 69 19
3.020426 24.208642 -0.286868 139 69 19
10.485012 -12.040240 0.147506 34 139 34
14.944333 4.682530 0.153758 34 139 34
-19.182576 17.076451 -0.082270 34 139 34
4.815060 -10.222638 -0.460598 139 69 19
-2.546235 5.152904 -0.361519 34 139 34
13.324172 -15.187989 0.054784 139 69 19
17.553807 20.098105 -0.967492 34 139 34
-9.285512 -22.058866 -0.655257 139 69 19
-16.197965 -17.773604 0.014034 34 139 34
19.968018 7.093799 0.759440 139 69 19
-11.728008 -3.738985 -0.671780 34 139 34
21.768949 -9.599128 -0.902058 139 69 19
-24.211362 20.613491 0.503896 34 139 34
-16.666304 4.217547 -0.336550 34 139 34
8.062585 -19.551789 0.549727 34 139 34
-13.794179 24.105558 -0.704192 34 139 34
5.442112 2.022150 0.246913 34 139 34
21.132202 9.916103 0.652537 139 69 19
-2.896779 12.390223 0.065255 34 139 34
10.811386 -23.212403 -0.155563 34 139 34
0.931922 9.069050 0.750858 139 69 19
21.178387 17.675675 -0.091597 34 139 34
13.205717 18.377269 -0.378954 139 69 19
-23.647363 23.199365 0.123759 139 69 19
7.004125 16.635070 0.505910 34 139 34
19.571440 -7.270636 0.025635 139 69 19
3.166460 0.230258 -0.099725 34 139 34
20.109386 -8.311998 -0.068327 34 139 34
11.740761 -24.685707 0.369766 34 139 34
3.925223 -14.222729 0.084722 34 139 34
1.695142 -9.064918 0.575307 34 139 34
-16.912542 -0.979417 0.493052 139 69 19
-1.596867 -15.195988 0.812387 139 69 19
2.988892 -8.563139 0.048386 34 139 34
22.334712 22.216327 -0.212348 34 139 34
-23.999099 -16.649275 -0.168440 34 139 34
21.632096 1.543545 0.698508 34 139 34
-6.822038 -10.596836 0.444789 139 69 19
10.472172 2.568882 0.358664 34 139 34
19.343067 24.528153 0.351433 139 69 19
-14.778724 4.169594 -0.317327 34 139 34
24.376304 -9.190628 0.050664 139 69 19
21.779870 18.281788 0.257287 34 139 34
13.771914 -21.463249 -0.352316 34 139 34
10.107232 -0.890091 0.492413 139 69 19
16.383159 1.776870 0.190905 139 69 19
-11.730913 -21.826112 -0.641115 34 139 34
9.269769 16.585139 0.003004 139 69 19
-2.615182 1.809299 0.265851 139 69 19
20.939841 -3.267943 -0.279760 139 69 19
-5.349983 1.985301 -0.209864 34 139 34
-12.795983 12.423778 0.422782 34 139 34
-15.838247 18.238828 0.485115 34 139 34
13.020187 -24.343102 0.183996 139 69 19
-13.091472 6.330770 0.329105 34 139 34
-13.897048 -8.242164 -0.213504 34 139 34
-21.008163 -15.841409 -0.176756 139 69 19
6.568944 -0.638806 0.075490 34 139 34
-4.905992 -22.303230 0.302314 34 139 34
-20.334679 -20.565569 -0.326238 139 69 19
-10.865532 6.735274 -0.214225 34 139 34
-21.358160 -20.526243 -0.422701 34 139 34
7.021896 12.228479 -0.291837 34 139 34
18.990362 1.633737 0.390205 34 139 34
-0.352470 -20.725629 0.878057 34 139 34
21.385718 10.953331 0.780391 139 69 19
-6.253620 -11.804746 -1.508709 139 69 19
17.662230 -1.019958 0.986699 139 69 19
23.262979 3.684840 -0.377334 139 69 19
10.169945 -12.694223 0.221320 139 69 19
-6.811121 -0.298416 -0.132168 139 69 19
-12.026983 5.529237 0.105094 34 139 34
18.999500 4.208753 0.048758 139 69 19
-3.409699 1.385085 0.667694 139 69 19
-23.417034 -15.140342 -0.887892 139 69 19
-22.352362 -0.996881 0.378621 34 139 34
8.667551 20.981968 -0.825523 34 139 34
-2.216950 6.429556 -0.438525 34 139 34
16.917421 -24.554231 -0.013377 139 69 19
-19.789344 -17.497489 0.307430 34 139 34
-5.695926 13.604809 0.430770 34 139 34
-23.337291 -22.846378 0.572043 34 139 34
5.751008 -16.070635 0.358876 34 139 34
-21.311017 2.935598 0.355761 34 139 34
-17.012114 10.526971 0.161727 34 139 34
0.029172 17.086546 0.159856 139 69 19
14.901062 -9.021721 0.230070 139 69 19
23.278897 -2.525317 -0.210307 139 69 19
14.351647 18.118140 0.144318 139 69 19
23.042983 17.862908 0.632347 34 139 34
-13.902124 4.157064 -0.040922 139 69 19
-23.913952 -23.775799 0.695752 139 69 19
-0.627795 3.839571 -0.285174 139 69 19
7.150605 18.536522 -0.165357 34 139 34
16.027872 20.367882 -0.164677 139 69 19
-18.091971 -6.496701 -0.991116 34 139 34
-23.222953 10.470400 -0.519163 139 69 19
15.937716 -13.811739 -0.210617 34 139 34
14.090060 -9.396317 -0.410772 139 69 19
-12.559242 3.202526 -0.238691 34 139 34
5.365850 1.471509 -0.182714 34 139 34
16.404246 -14.554693 0.472860 139 69 19
-3.425645 -19.837754 -0.750051 34 139 34
20.742286 -4.932799 0.235803 139 69 19
24.355959 9.461497 -0.123872 34 139 34
19.844803 22.995704 -0.819838 139 69 19
21.111391 2.178192 -0.184940 139 69 19
5.982740 -20.418251 -0.505806 139 69 19
-17.057559 8.996616 1.109488 34 139 34
12.985652 -2.962882 -0.559543 34 139 34
-5.130383 -4.403770 0.128030 34 139 34
23.739960 -17.263490 0.194504 139 69 19
7.964962 21.301193 0.347234 139 69 19
-0.593048 -6.834805 -0.478471 139 69 19
-9.869630 -2.033324 -0.463666 34 139 34
0.638544 -1.002867 -0.748226 34 139 34
-0.791262 0.389447 0.479065 34 139 34
19.476670 19.285731 -0.098189 139 69 19
-7.428385 22.413455 0.410499 139 69 19
11.204691 -6.628292 -0.141343 34 139 34
-20.182094 7.395758 -0.153135 34 139 34
16.616266 -3.818133 -1.329529 139 69 19
6.271267 3.172103 0.063138 139 69 19
-14.240380 -3.986672 0.365165 139 69 19
-15.655359 -1.040416 0.307879 34 139 34
-16.381626 3.842155 0.531984 139 69 19
-16.363639 -5.343196 0.294178 139 69 19
-9.219644 7.191810 0.738851 139 69 19
-13.079471 14.439937 -0.866325 34 139 34
-5.605636 7.171604 0.528310 139 69 19
3.393446 -2.473240 0.883631 139 69 19
-24.097893 1.708668 0.077991 139 69 19
-23.680700 21.678250 0.698679 139 69 19
10.536099 -19.190141 -1.049386 34 139 34
-6.862605 -20.989775 0.539462 139 69 19
-5.763149 2.370652 0.404657 139 69 19
-22.770181 19.665432 -0.089816 139 69 19
13.510679 -8.765357 0.544526 139 69 19
-5.406234 4.309206 -0.572153 139 69 19
-20.240301 -7.387857 -0.212902 34 139 34
-10.567009 -4.787347 -0.748667 34 139 34
20.375921 -4.695014 -1.182830 139 69 19
-0.062999 1.934900 -0.026208 34 139 34
-24.027290 9.382782 0.373245 139 69 19
-21.432480 12.750065 -0.909303 34 139 34
21.740802 -7.878590 -0.037200 34 139 34
-0.280697 5.994905 -0.526725 34 139 34
17.413024 -20.559358 0.324677 34 139 34
19.377727 -23.616882 -0.433168 34 139 34
-21.233947 20.422324 0.343170 34 139 34
-12.642900 20.634961 0.521881 34 139 34
-1.839267 0.527515 -0.500203 139 69 19
22.663627 -23.652033 0.536267 34 139 34
-1.330138 -21.982224 0.440228 139 69 19
-22.270843 15.824928 -0.027511 139 69 19
-23.528800 4.635178 0.189802 34 139 34
24.155066 -2.270490 0.131314 139 69 19
20.494198 8.887751 -0.531910 34 139 34
9.541523 -10.716664 -0.479336 34 139 34
-7.226547 1.099543 -0.394989 139 69 19
-18.243824 -16.355241 0.115740 34 139 34
-13.481018 -7.843897 -0.264338 139 69 19
-1.690720 16.180810 0.584523 139 69 19
24.626471 -16.495277 -0.299096 34 139 34
8.033055 24.651474 -0.216526 139 69 19
5.433844 15.644704 -0.509856 139 69 19
14.626873 -22.829874 -0.788546 34 139 34
-19.247101 -4.649190 -0.784478 34 139 34
-16.661892 7.375803 -0.502602 139 69 19
8.032933 22.450238 0.611738 34 139 34
-24.192768 -6.179667 0.626242 139 69 19
10.811045 -9.881343 0.319358 34 139 34
9.521732 -20.531428 0.580442 34 139 34
12.431116 -20.848806 -0.700404 139 69 19
11.907188 -20.203164 -0.651194 34 139 34
19.926265 -1.358911 -0.907891 139 69 19
-4.648164 23.119981 -0.094062 34 139 34
-10.179596 22.743277 -0.293897 34 139 34
-21.103870 2.846557 -0.923268 139 69 19
-22.700287 13.869194 -0.345654 139 69 19
4.803417 9.572826 0.846063 139 69 19
15.398840 -5.985880 0.627997 34 139 34
15.669295 14.788042 0.024574 139 69 19
-20.494390 -5.438529 -0.558921 34 139 34
-7.524582 18.455907 0.386927 139 69 19
-5.045144 9.686463 0.163480 139 69 19
11.838813 -11.324199 -0.137812 34 139 34
20.059781 -1.378008 -0.264368 34 139 34
-24.938110 -22.216008 0.573038 139 69 19
3.255005 22.709270 0.048592 34 139 34
-19.438730 19.118266 -0.426051 139 69 19
-11.699021 -7.296793 -0.832751 139 69 19
19.012252 -2.919350 0.289171 34 139 34
8.876261 10.051703 -0.192499 139 69 19
23.698665 -21.827457 -0.876507 34 139 34
-6.379041 22.471833 0.210494 34 139 34
22.415352 -10.347764 0.114555 34 139 34
20.011873 16.973116 -0.345432 34 139 34
11.427243 -6.467417 0.605840 139 69 19
-1.420179 -21.618310 0.146375 34 139 34
-7.247214 15.456679 0.353711 34 139 34
7.532125 20.022169 -0.713687 34 139 34
-3.090074 8.009645 0.273512 34 139 34
-24.756469 5.290959 0.277520 139 69 19
1.393528 21.894971 0.216850 34 139 34
4.931328 -17.379444 0.549034 139 69 19
-8.326053 -21.206553 -0.069217 139 69 19
-24.395198 -18.729024 -0.196790 139 69 19
-0.433447 1.134930 -1.140457 139 69 19
-23.565541 22.755404 -0.709165 139 69 19
-15.292873 12.891302 -0.398982 139 69 19
-5.982315 9.794985 -0.081176 139 69 19
6.860334 -20.468767 -0.448268 139 69 19
-2.827447 18.432726 -1.488467 139 69 19
4.988135 -6.557703 -0.527173 139 69 19
-3.411761 -3.372411 0.947241 139 69 19
-10.274801 -4.455084 -0.583330 139 69 19
7.858689 12.975674 0.200698 34 139 34
20.701104 6.585121 0.060225 139 69 19
13.118842 16.117736 1.145492 139 69 19
17.386120 19.286751 -0.374642 34 139 34
-17.201058 -12.753379 -0.582245 139 69 19
6.034268 -3.276958 -0.112152 139 69 19
-24.221668 23.270470 0.150813 34 139 34
5.995976 2.456794 0.384483 34 139 34
-23.861743 10.806840 0.525443 34 139 34
1.663075 -23.279054 0.202120 139 69 19
15.158597 20.952566 -0.249616 139 69 19
21.512976 -15.487116 -0.485621 139 69 19
20.344579 -12.180008 -0.356977 34 139 34
11.249998 -2.122375 0.116948 139 69 19
6.158454 -1.178776 0.574895 139 69 19
18.789369 9.173465 -0.329863 139 69 19
-8.453156 9.834991 -0.251263 34 139 34
-0.020752 -21.160741 0.048231 34 139 34
10.748578 -6.649657 -0.050366 139 69 19
-24.671195 -6.497495 -1.016420 139 69 19
-2.956987 1.832923 0.783575 34 139 34
5.813142 11.872697 -0.815648 139 69 19
23.177426 -3.267521 -0.269453 139 69 19
-3.809941 4.982363 -0.635372 34 139 34
15.781456 -4.840023 0.005736 139 69 19
-12.638349 15.982085 -0.115226 139 69 19
-9.388129 9.655099 0.470611 34 139 34
18.866184 18.770554 -0.567809 34 139 34
-13.327967 13.514722 -0.259598 139 69 19
-2.225079 -21.310493 -0.367879 139 69 19
-13.568913 -18.360934 0.002625 34 139 34
11.651312 4.306771 -0.175798 34 139 34
-21.647401 -18.177557 -1.025740 34 139 34
-2.709041 -18.582018 0.785633 34 139 34
-20.283651 -3.904398 0.585514 139 69 19
17.857854 -24.469606 -0.600049 34 139 34
4.190166 6.000919 -0.639178 139 69 19
-1.317528 -21.086125 -0.578677 139 69 19
9.841906 -16.371862 -0.277843 34 139 34
1.620223 -22.490099 0.143712 139 69 19
-13.592090 -4.940003 0.471112 139 69 19
-5.099711 -20.336105 0.390463 34 139 34
23.626109 -13.565886 -0.494058 139 69 19
-16.519610 -6.378411 0.603876 34 139 34
-21.788552 -18.011149 -0.441877 34 139 34
-19.678940 -23.129767 -0.336636 139 69 19
-13.562885 8.212058 -0.817615 139 69 19
3.275488 23.125749 -0.224365 34 139 34
7.315284 23.129680 -0.131143 139 69 19
-14.861621 7.949312 -0.032403 34 139 34
24.080969 0.689195 -1.059505 34 139 34
-1.963127 -17.951238 -0.410235 139 69 19
15.729594 23.710012 0.442979 34 139 34
-22.177336 -12.337443 -0.308941 34 139 34
-12.810662 -16.761926 1.175066 34 139 34
-3.942618 -2.437389 0.704161 34 139 34
17.133868 -12.673075 -0.431330 139 69 19
-18.743398 -14.898876 0.492612 34 139 34
-4.524473 -21.839808 -0.764000 139 69 19
-2.784066 24.604669 -0.757567 139 69 19
22.570530 -16.949509 -0.223200 34 139 34
-0.593918 3.589455 0.527824 34 139 34
15.193704 -2.398517 0.121059 139 69 19
16.325895 -21.233704 0.482911 139 69 19
24.927734 3.471155 0.167348 34 139 34
-8.617036 3.976861 0.410737 34 139 34
-10.187944 14.639684 0.287669 34 139 34
-15.166569 24.243014 1.008607 34 139 34
-9.181974 9.859449 -0.127966 139 69 19
-24.859116 -3.655172 0.099687 139 69 19
-4.683170 -16.199229 -0.412630 34 139 34
-18.580755 16.433005 0.172133 139 69 19
-22.842511 1.984965 -0.263803 34 139 34
-13.831903 24.739831 1.033865 139 69 19
7.080721 6.323788 -0.299420 139 69 19
9.519673 24.501549 0.176286 34 139 34
22.590382 12.485638 -1.242934 34 139 34
22.148162 -19.689187 -0.783403 34 139 34
-2.679307 16.743488 0.276499 34 139 34
0.662512 -9.023321 0.020947 34 139 34
-13.722733 -0.466721 0.534710 139 69 19
-2.912525 -2.920406 -0.647891 34 139 34
19.284281 24.132832 -0.072120 139 69 19
9.163319 -1.516792 0.308226 139 69 19
6.056847 22.273864 0.352126 139 69 19
-6.858882 -18.881541 0.340975 139 69 19
24.766019 2.166135 -0.642832 34 139 34
9.899319 -0.508076 -0.634418 34 139 34
-20.633049 18.145116 0.250341 34 139 34
-6.574893 -20.981092 0.681628 34 139 34
6.847351 -16.069952 0.230948 34 139 34
-24.939317 16.094109 -0.650464 34 139 34
18.448913 22.445372 -0.156226 139 69 19
16.191681 1.973132 0.999440 34 139 34
17.357134 11.735192 0.239494 139 69 19
-2.556610 2.989568 -0.356473 139 69 19
0.555190 22.171204 0.094659 139 69 19
10.343849 1.237323 0.472234 139 69 19
12.085503 -21.033283 0.331220 34 139 34
-9.818960 24.114147 -0.707478 34 139 34
7.331973 -18.157869 -0.187819 34 139 34
14.798400 17.557510 -0.087142 34 139 34
4.258594 2.407283 0.066276 34 139 34
-10.505393 2.641422 0.114702 34 139 34
-12.867259 -22.435843 -0.485860 139 69 19
23.632861 -13.993676 -0.274445 34 139 34
5.191652 22.619454 -0.346831 139 69 19
6.475691 12.166732 0.173285 34 139 34
-17.476421 15.156800 -0.083307 34 139 34
-5.876399 12.249517 0.240505 34 139 34
1.780468 16.292896 0.349517 139 69 19
-5.269964 -1.830722 0.418807 34 139 34
-0.100833 10.772069 0.281350 34 139 34
-3.714871 7.603418 -0.080891 139 69 19
-2.391556 14.272590 0.568556 34 139 34
7.650579 5.901584 -0.196803 139 69 19
3.113172 1.292814 0.549893 34 139 34
-8.036146 2.570581 0.707297 139 69 19
-15.274394 -20.056420 -0.169881 34 139 34
4.209901 -2.019164 0.338445 34 139 34
12.215352 2.202155 -0.247280 139 69 19
22.164437 16.590963 -0.146923 139 69 19
19.428463 6.341422 -0.218205 139 69 19
-1.590215 -12.787239 -0.242988 139 69 19
15.364683 -22.919212 -0.025827 139 69 19
-21.017871 20.617310 0.517153 139 69 19
-17.057405 -19.154190 0.409633 34 139 34
-17.144521 6.050048 -0.170462 34 139 34
-10.648160 5.112227 0.177377 139 69 19
-14.950873 19.542209 0.636036 139 69 19
17.275108 -14.959650 0.149709 34 139 34
12.202143 23.877834 0.889079 139 69 19
5.580444 7.963168 1.006411 139 69 19
0.810738 -8.228581 0.408820 34 139 34
-22.501406 13.573634 -0.614175 139 69 19
11.377397 -21.510949 0.427492 139 69 19
-16.190809 2.326540 -0.482823 139 69 19
13.592800 4.892373 0.293569 139 69 19
3.494535 9.597701 0.533972 139 69 19
6.176024 -4.454249 -0.593866 34 139 34
2.251797 8.139301 -0.918642 34 139 34
10.342349 -1.341522 -0.018975 34 139 34
13.932195 4.108488 0.121371 139 69 19
-12.452650 2.398012 0.072918 34 139 34
7.317891 20.898851 0.480052 34 139 34
11.356868 -23.116405 0.107765 34 139 34
11.778431 -2.925625 -0.349723 139 69 19
-15.472147 -18.414050 -0.545162 34 139 34
-20.285771 14.022038 -0.053515 139 69 19
0.489263 6.024419 0.607730 34 139 34
-6.185748 14.504549 1.074965 139 69 19
12.207421 -6.366337 -0.408950 34 139 34
23.606765 20.383318 0.495347 34 139 34
-24.221772 -18.838555 0.184928 34 139 34
-10.137491 -15.710711 0.101874 34 139 34
-13.095799 6.285982 0.519505 139 69 19
-6.633211 -8.301766 0.495222 139 69 19
19.974026 23.769449 -0.962244 139 69 19
13.133757 21.017686 -0.635187 139 69 19
7.436951 1.126521 -0.826861 139 69 19
-18.791889 -16.691335 0.688159 34 139 34
21.552706 17.352382 -0.119763 139 69 19
12.498319 23.249161 -0.198978 139 69 19
-22.140435 -24.906802 0.283404 34 139 34
15.046842 21.371013 -0.355283 139 69 19
22.331991 -7.149945 -0.850080 139 69 19
21.042132 -23.168640 -0.706063 34 139 34
-15.048729 6.073903 -0.071714 139 69 19
16.145163 -20.891482 -0.840560 139 69 19
8.101195 -7.133468 -0.135825 139 69 19
23.574603 8.697142 -0.021191 139 69 19
-13.867619 -2.916961 -0.040572 139 69 19
17.101165 -11.502422 0.704906 139 69 19
-18.790508 -22.501871 0.067218 34 139 34
11.012610 6.390067 -0.116722 139 69 19
-8.139934 -7.629308 0.392978 139 69 19
-4.000509 21.374521 -1.112915 34 139 34
6.152654 14.797893 -0.268658 139 69 19
19.585722 23.462294 1.505486 139 69 19
-6.796512 -4.376685 0.415322 139 69 19
-17.165439 21.784523 0.066720 34 139 34
2.131357 6.128884 0.348339 139 69 19
-14.232950 -20.730183 -0.712617 34 139 34
5.956593 -16.443039 -0.411206 139 69 19
-24.936765 -16.007730 0.503995 34 139 34
-17.045583 7.370108 0.420946 139 69 19
1.961095 -20.595270 -0.615749 34 139 34
14.846377 21.170658 -0.477714 34 139 34
1.322254 -11.605116 0.215557 34 139 34
1.014940 5.080760 0.039473 139 69 19
13.846203 24.499933 -0.322367 139 69 19
4.730805 7.556080 -0.281353 34 139 34
23.318099 8.231532 -0.426376 34 139 34
7.358986 -19.119871 0.653407 34 139 34
10.025823 2.251281 0.021098 34 139 34
8.125938 -22.920645 -0.969886 139 69 19
22.396478 24.249423 -0.540113 139 69 19
-4.576129 4.057845 -0.502738 139 69 19
-19.323092 -7.591420 1.774542 34 139 34
-1.845067 13.475016 0.064658 139 69 19
-17.795308 -18.424175 0.144356 34 139 34
24.210211 -5.076699 0.617560 34 139 34
-20.533257 -24.385709 -0.653437 139 69 19
11.810434 -18.829293 -0.011628 34 139 34
-11.831915 15.899283 0.052533 139 69 19
-14.861776 -7.056897 0.961133 34 139 34
-4.695063 -10.377752 0.291894 139 69 19
-4.443589 -12.249560 0.095727 139 69 19
0.756921 23.681671 -0.069520 34 139 34
24.099580 -2.160936 0.192172 34 139 34
15.857026 3.609602 0.493342 139 69 19
-22.247138 1.185723 0.813794 139 69 19
-19.710514 23.394390 0.190093 34 139 34
-21.858882 -7.439824 -0.591080 34 139 34
6.817793 -14.516598 0.006763 34 139 34
-11.588055 23.918571 0.358310 139 69 19
-16.555071 19.911602 0.604287 34 139 34
16.721670 7.936050 0.359129 34 139 34
-9.865981 6.493737 0.070804 34 139 34
5.438581 -15.322404 -0.369942 139 69 19
-21.482075 1.535220 0.003997 34 139 34
-21.061021 -23.004460 -0.064189 139 69 19
13.684845 1.483809 -0.524298 34 139 34
-18.174901 -19.262164 0.067171 34 139 34
-1.887373 -10.928612 0.369071 34 139 34
13.643004 -11.113947 -0.299131 34 139 34
19.912038 -7.978607 0.238178 139 69 19
10.596494 -15.552790 -0.237472 34 139 34
5.763593 -3.376335 -0.265985 34 139 34
7.216079 13.869807 -0.468087 34 139 34
-14.883911 -21.252535 -0.104972 139 69 19
8.880628 -24.927635 -0.126390 139 69 19
-2.851513 8.916220 -0.011376 139 69 19
24.546866 -7.881068 0.070159 139 69 19
-22.762921 -21.012983 -0.735519 139 69 19
0.027973 -23.379317 0.223987 139 69 19
6.838679 20.253898 0.000338 34 139 34
8.070472 -2.022030 0.005492 139 69 19
2.058481 15.991576 -0.727534 34 139 34
15.493478 12.883809 -0.167859 34 139 34
24.874987 22.697272 0.134605 139 69 19
-18.227834 -22.804849 -0.113834 139 69 19
8.312892 19.006435 -0.041091 139 69 19
-20.250840 23.656773 0.338528 34 139 34
-23.780982 -5.378243 0.192328 34 139 34
-0.150235 -23.862786 -0.306158 34 139 34
18.136318 -22.376323 -0.734541 139 69 19
-0.627325 19.098892 0.531766 34 139 34
-22.100691 13.116795 -0.274630 139 69 19
7.957053 -24.046599 -0.338254 139 69 19
-3.484134 -21.707558 1.322730 34 139 34
-20.375913 -4.531945 0.439489 34 139 34
-5.075243 -3.037866 0.096824 34 139 34
19.287951 8.660894 0.158324 34 139 34
23.084322 8.619782 0.442676 34 139 34
-7.083630 -10.016988 0.653956 34 139 34
24.884980 -14.472459 -0.353102 139 69 19
13.354686 -14.962106 -0.718605 139 69 19
24.871278 7.839689 -0.075095 34 139 34
-11.554855 -14.463364 -0.483893 139 69 19
-21.854094 6.326334 0.126423 139 69 19
-8.744793 24.334053 -0.432905 34 139 34
-23.061742 15.618082 0.322513 34 139 34
12.087702 19.423303 0.271889 139 69 19
24.660295 24.088519 0.367672 34 139 34
22.075821 -8.185349 0.228793 34 139 34
11.295961 -9.974008 0.348661 34 139 34
-22.095043 -18.081583 -0.138572 34 139 34
-12.837160 12.515755 -0.206306 139 69 19
-24.150649 2.458143 0.058007 139 69 19
-4.799568 4.186055 0.495227 34 139 34
-5.222326 -22.443076 0.499403 34 139 34
11.214670 10.695599 -0.004317 34 139 34
20.018159 -20.448523 -1.196834 34 139 34
-2.687802 5.656384 0.936034 139 69 19
-3.681626 -4.121482 -0.327613 34 139 34
-22.426786 -13.996956 -0.095830 139 69 19
7.120905 11.238369 0.721691 139 69 19
-6.050569 20.655149 -1.028857 139 69 19
-9.513297 20.114853 0.058167 34 139 34
6.469843 21.541095 -0.018381 34 139 34
-3.369858 1.477845 -0.055081 34 139 34
14.212007 -24.655130 0.244337 34 139 34
-16.228992 20.383648 -0.673877 34 139 34
-21.983301 23.414605 0.573471 139 69 19
-4.065237 7.171664 -0.434232 139 69 19
4.495457 0.121464 0.093462 34 139 34
20.139647 -10.590190 -0.732725 139 69 19
14.413821 -19.008492 0.101900 34 139 34
-5.179317 0.991636 -0.329500 34 139 34
-10.004605 -6.753563 -0.048075 139 69 19
1.548373 -4.370233 0.746292 139 69 19
4.996617 -13.014314 -0.321589 139 69 19
-9.975466 11.861438 0.264965 139 69 19
-13.363678 -6.103776 0.129242 34 139 34
-20.791954 8.653356 -0.010672 34 139 34
15.698310 -11.041357 -0.664267 139 69 19
-23.103588 -4.288955 -0.413790 139 69 19
-11.664100 -8.588501 -0.207168 139 69 19
6.677245 20.750473 -0.883899 34 139 34
-5.606418 -12.464700 -0.250036 139 69 19
7.500871 11.561944 1.139326 139 69 19
-12.990978 15.352760 -0.095411 34 139 34
-15.938615 -24.407740 -0.325557 34 139 34
-17.184924 -22.558444 -0.717907 139 69 19
6.165923 16.017936 0.220500 34 139 34
7.076489 -13.406461 0.210713 34 139 34
4.875012 14.473093 0.113444 139 69 19
-0.824063 9.427108 -0.011600 34 139 34
-6.564784 -20.578992 0.167098 34 139 34
-15.183809 -4.581936 -0.782230 34 139 34
-8.812049 20.419871 -1.081697 34 139 34
11.295550 -5.662099 0.234898 139 69 19
8.763798 24.477719 0.181916 34 139 34
22.263550 0.510759 0.417112 34 139 34
4.929337 -4.765852 0.027482 34 139 34
6.900182 9.358601 -0.640964 139 69 19
-19.209562 12.075612 0.339859 139 69 19
-2.696090 -3.797693 -0.450346 139 69 19
-1.997874 20.292569 -0.352722 34 139 34
12.079896 -7.709892 -0.016979 34 139 34
-1.271099 -20.574221 0.119335 34 139 34
12.340649 19.217418 0.384747 139 69 19
-23.333233 1.072576 -0.302319 34 139 34
-15.459914 -7.595393 -0.128057 139 69 19
-15.190231 -4.963920 -0.381927 139 69 19
9.849622 19.492649 -0.191257 139 69 19
-3.588976 18.162938 -0.239386 139 69 19
23.174041 9.935527 0.051079 139 69 19
21.279095 2.838864 -0.704389 34 139 34
-10.614642 19.199412 -0.582740 139 69 19
2.717155 15.412939 0.004233 139 69 19
24.682607 8.912116 -0.062396 139 69 19
-11.317601 -20.777317 -0.264210 34 139 34
-19.880401 -17.082577 0.773790 34 139 34
-8.998702 -10.810105 0.837509 34 139 34
1.749829 19.873676 0.166743 139 69 19
16.244746 22.238009 -0.106352 34 139 34
9.910612 -1.239890 0.105565 139 69 19
-12.372269 10.107426 0.974166 139 69 19
6.219650 -8.947383 -1.044581 139 69 19
-9.332003 2.624216 0.397178 139 69 19
14.664331 1.718566 0.480333 139 69 19
4.438459 15.003605 0.197701 34 139 34
20.281935 -21.882815 -0.133107 139 69 19
10.370115 2.423695 -0.213900 34 139 34
-3.163455 -3.641393 0.004711 34 139 34
-10.049398 -8.825685 0.675163 34 139 34
16.427314 -7.823824 -0.071050 34 139 34
-23.434168 17.339605 -0.389743 139 69 19
16.249930 7.738895 0.193825 34 139 34
7.151188 3.816179 0.470424 139 69 19
-6.729164 12.788283 -0.828234 34 139 34
6.555018 10.199906 -0.153358 34 139 34
19.357135 -16.269825 -0.070873 34 139 34
24.497194 14.825058 -0.139461 34 139 34
-12.787650 6.301040 0.076692 139 69 19
-21.494773 -15.768085 -0.420476 139 69 19
13.542738 -12.838349 -0.721994 34 139 34
-13.908438 -23.182195 0.017021 139 69 19
-19.019249 22.052803 -0.237220 34 139 34
22.142661 16.559597 0.665779 139 69 19
-10.990647 2.133057 0.714306 139 69 19
20.536575 -10.968243 -0.496714 139 69 19
7.094255 -7.399205 0.007672 34 139 34
-6.824930 24.893848 0.174800 34 139 34
-15.323444 -12.215470 -0.426890 139 69 19
-19.014560 8.098426 0.386360 34 139 34
12.532185 16.184669 -0.349033 34 139 34
-23.021985 17.565427 0.289536 34 139 34
3.490089 -24.147283 -0.684011 34 139 34
0.452979 15.767101 -0.188628 34 139 34
-12.331668 11.859752 0.311853 139 69 19
-13.733884 16.660906 -0.404968 34 139 34
-13.700116 -0.299737 -0.232773 139 69 19
-23.169514 9.907965 0.466267 139 69 19
11.727691 11.489635 -0.426964 34 139 34
15.056043 0.516590 -0.001395 34 139 34
16.654705 -3.063286 -0.620941 34 139 34
18.066583 18.152927 -0.016829 34 139 34
-14.329453 -23.059784 -0.268654 139 69 19
-18.715167 13.842530 -0.437542 139 69 19
20.177184 14.720374 -0.213539 139 69 19
20.012304 -17.106990 0.103882 139 69 19
6.164093 -22.674053 0.250092 34 139 34
2.485813 -1.350586 0.540618 34 139 34
20.140779 -21.268197 0.139994 139 69 19
12.853517 -6.565674 -0.054953 139 69 19
9.601802 -13.578799 0.397734 139 69 19
8.852340 5.423023 -0.586296 34 139 34
-8.553956 -12.147636 -0.236480 139 69 19
-15.236862 12.490820 -0.055463 139 69 19
5.351749 -11.323096 0.103237 34 139 34
0.438377 19.338658 0.300843 139 69 19
-15.746053 -18.215169 -0.091186 139 69 19
-1.826162 1.529474 -0.610365 139 69 19
-0.795758 1.709014 -0.138440 34 139 34
-13.341930 -21.313070 0.428651 34 139 34
-21.137536 -20.327164 -0.394389 34 139 34
17.989392 -3.883403 0.955019 34 139 34
4.125799 18.379170 0.577673 34 139 34
-8.038079 12.740827 -0.437140 139 69 19
-9.226769 2.623016 -0.021403 139 69 19
16.355388 -4.119810 -0.672731 34 139 34
21.631390 8.463677 0.191335 34 139 34
23.244186 7.302897 0.269928 34 139 34
17.631675 -21.697166 1.471319 139 69 19
3.183516 -13.567139 0.226107 34 139 34
-13.053174 -12.812897 -0.837439 139 69 19
-0.788435 22.793663 0.175895 139 69 19
15.642950 -2.816771 0.247759 139 69 19
0.602746 -2.949598 -0.723076 139 69 19
-17.208770 13.650940 -0.277530 34 139 34
18.965523 -23.840895 -0.591024 139 69 19
13.090816 -5.297605 -0.164194 139 69 19
16.008780 -19.707076 -1.344306 139 69 19
-21.536951 -13.140287 0.823583 34 139 34
-20.934899 -4.953253 -0.481999 139 69 19
10.265138 6.184821 -0.804581 139 69 19
5.943278 -17.111726 0.308505 34 139 34
7.078471 3.794559 0.354329 139 69 19
-11.422315 14.716481 0.189909 34 139 34
-6.242796 -18.222480 -0.907708 139 69 19
-7.418833 12.730778 0.315833 139 69 19
3.439390 5.983865 0.785842 34 139 34
19.154404 1.046107 -0.035988 34 139 34
-15.492691 -21.527728 0.100618 139 69 19
-7.559432 -7.230966 0.661827 139 69 19
-1.993543 -14.718564 0.248203 34 139 34
-24.107483 24.619456 -0.120419 139 69 19
7.468524 -11.664592 0.129117 139 69 19
12.664751 -13.819199 0.437481 139 69 19
14.275158 14.321258 -0.558827 34 139 34
-22.399756 -19.711890 -0.694429 139 69 19
-4.985926 -23.418710 -0.222513 139 69 19
-19.829725 -10.953455 0.014246 34 139 34
-8.766517 -8.712709 -0.326603 34 139 34
-16.074804 19.640504 -0.482791 34 139 34
12.685517 -3.792346 0.112121 34 139 34
-6.594743 17.253025 -1.014607 34 139 34
19.317391 21.213186 -0.098075 139 69 19
4.395904 19.310183 -0.002316 34 139 34
17.214621 -1.524177 -0.117765 34 139 34
21.746662 22.556298 0.132124 34 139 34
19.242643 11.794444 -0.236107 34 139 34
5.037579 -16.269164 0.680692 34 139 34
1.092328 23.248454 0.064199 139 69 19
15.882577 -14.382208 0.229851 34 139 34
-6.234993 -6.277835 0.888155 34 139 34
18.242651 -9.065545 -1.228869 139 69 19
19.002805 23.056072 0.044846 139 69 19
11.110838 -13.954695 -1.521454 34 139 34
-2.296766 -20.851018 0.917892 139 69 19
11.951520 18.617214 0.229548 139 69 19
-9.083956 -5.157158 -0.590047 34 139 34
5.339619 -4.215668 0.570306 139 69 19
-17.119207 17.843243 -0.753115 34 139 34
4.713542 10.755248 0.088687 34 139 34
-1.235788 -15.720390 0.059929 34 139 34
-20.789461 -10.290855 -0.299628 139 69 19
-6.793739 24.155015 0.671423 34 139 34
10.325346 9.578412 0.312229 34 139 34
-18.855766 14.402158 -0.342440 34 139 34
20.138020 -2.048727 0.156019 139 69 19
-24.830284 1.875816 0.637090 34 139 34
-20.057854 4.953711 -0.548826 139 69 19
-3.813045 13.330507 0.020366 139 69 19
21.572401 4.943240 0.568730 34 139 34
-18.190308 0.511209 -0.866402 139 69 19
-21.383925 -17.532169 0.502582 34 139 34
-8.255560 -23.244947 -0.040686 139 69 19
20.695779 -13.870392 -0.067976 34 139 34
0.929223 24.147953 -1.047564 139 69 19
-6.092825 22.735640 -0.401665 139 69 19
6.249618 -23.421470 0.265759 139 69 19
-3.238809 -10.033558 0.050171 34 139 34
-20.360194 -12.091198 -0.254984 34 139 34
16.764848 16.669296 1.096209 139 69 19
4.858404 -24.394120 0.185489 139 69 19
-10.056504 7.990533 -0.604864 139 69 19
20.127075 23.740602 0.380706 139 69 19
15.113118 0.619716 0.742439 34 139 34
-16.201605 -3.830634 -0.563972 34 139 34
-8.436155 8.549711 0.468566 139 69 19
16.222052 19.143273 -0.099178 34 139 34
20.846888 -15.178187 -0.104585 139 69 19
-18.161699 23.882202 -0.820701 34 139 34
-9.116964 -12.054806 -0.402537 139 69 19
18.628178 4.723243 0.588392 139 69 19
-17.015939 -16.661464 -0.414962 139 69 19
5.785898 24.232079 0.354990 139 69 19
-8.009685 -11.126869 0.632890 34 139 34
23.071608 16.082321 -0.918285 139 69 19
20.232234 -11.635165 -0.325178 139 69 19
-17.861839 -17.941482 -0.142993 34 139 34
-17.325447 -24.952643 0.099947 34 139 34
-7.252839 21.901740 -0.204188 139 69 19
17.981431 -17.145954 -0.506271 34 139 34
-7.098013 -17.788652 -0.270626 34 139 34
24.697344 22.269183 -0.355304 139 69 19
15.192572 5.894975 0.461889 139 69 19
-6.221168 19.392446 0.135352 139 69 19
-21.762171 -7.205871 0.316163 139 69 19
11.704904 -19.720593 -0.642394 139 69 19
-15.465950 -1.047003 0.770379 139 69 19
-23.789606 -24.057552 -0.261858 34 139 34
16.663982 11.455357 -0.141133 34 139 34
-23.988842 0.645744 -0.269345 34 139 34
-1.857036 -19.599962 -0.348999 34 139 34
-18.178360 13.148084 0.292970 139 69 19
-20.170877 15.040024 0.153468 139 69 19
15.212867 12.813396 -0.435975 34 139 34
3.543813 -9.509672 0.737134 139 69 19
1.055848 15.392603 -0.331296 34 139 34
3.001550 -11.546008 -0.019262 34 139 34
21.175038 -6.123187 -0.344849 34 139 34
-0.976761 -0.621215 -0.956331 34 139 34
-9.376279 -13.501632 0.405661 139 69 19
0.552234 -9.826920 -0.418286 139 69 19
-19.382741 17.615205 -0.239907 34 139 34
16.160735 -15.601881 0.264893 34 139 34
22.268798 6.351278 -1.051095 139 69 19
-16.059889 24.056538 0.636828 139 69 19
-4.190485 -11.274660 -0.264243 139 69 19
20.200364 9.001325 0.433918 139 69 19
18.609497 12.102569 0.037901 139 69 19
15.157979 8.384641 -1.131014 139 69 19
7.748760 -15.480723 -0.449820 34 139 34
-17.728359 23.672528 0.293987 139 69 19
21.684588 1.718775 0.472774 34 139 34
2.406693 6.538928 -0.087264 139 69 19
7.281583 22.815235 -0.613242 139 69 19
3.063008 -10.736205 0.863582 139 69 19
23.021627 -3.431379 0.458820 139 69 19
11.430193 -11.201109 0.874424 139 69 19
0.180581 -5.543830 1.167918 34 139 34
-4.937162 -17.010748 -0.599834 139 69 19
-6.724716 10.220812 0.183900 34 139 34
-4.254062 3.614909 0.332459 34 139 34
9.567382 -20.570895 -0.082510 139 69 19
20.453021 -5.050589 -0.515732 139 69 19
21.770520 23.642307 -0.138894 139 69 19
-6.200813 -20.694609 0.398210 139 69 19
15.333793 14.604803 0.347836 34 139 34
5.657133 -15.059069 0.638290 34 139 34
8.065149 -15.716188 -0.969050 139 69 19
8.509292 13.126495 0.152821 139 69 19
-10.858808 -15.540388 0.196030 139 69 19
-19.431972 24.169774 0.351601 34 139 34
-21.991355 23.838349 -0.768603 34 139 34
13.760035 -21.006578 0.360283 34 139 34
-16.631216 -24.461933 0.911331 34 139 34
11.685552 6.315560 -0.064496 34 139 34
-24.161698 3.741578 0.143991 34 139 34
-21.756801 -1.423451 0.740627 139 69 19
-20.888099 5.340095 0.478965 139 69 19
-20.998617 -16.124052 -1.267591 139 69 19
-14.148349 22.218396 0.146024 34 139 34
-5.415001 -20.664370 0.271341 34 139 34
9.544778 7.341640 -0.785418 34 139 34
-18.423781 -14.991920 -0.936674 139 69 19
11.686875 -18.517606 0.410413 34 139 34
-10.901049 23.368163 0.719718 34 139 34
-7.818617 -22.995626 0.218011 34 139 34
11.114938 -0.476472 -0.009167 34 139 34
11.802742 7.192193 0.678952 34 139 34
-3.700302 -16.915103 -0.482626 139 69 19
-8.570634 11.673645 0.079938 139 69 19
14.621059 9.041319 0.300179 34 139 34
-3.318253 -6.888199 -0.349092 34 139 34
0.885014 -3.925137 -0.209295 34 139 34
15.672458 -3.916010 -0.073683 139 69 19
-17.464386 -2.205690 -0.311301 34 139 34
6.267911 4.810941 0.619474 34 139 34
-1.051363 -14.777738 -0.854832 34 139 34
1.368131 -4.010117 0.078383 34 139 34
-7.002798 -22.536920 -0.525590 34 139 34
-17.811211 -20.302984 -0.759454 34 139 34
-7.701071 -21.326411 -0.071791 34 139 34
-14.769473 5.187494 -1.102704 139 69 19
17.700353 -14.289249 0.899866 34 139 34
-7.641728 -20.680860 -0.305791 34 139 34
0.467119 15.775030 0.451928 139 69 19
6.997174 4.505445 0.501515 139 69 19
14.851242 20.090549 -0.134341 139 69 19
22.973030 4.337740 -0.110120 139 69 19
-23.334285 -9.292251 -0.302972 34 139 34
21.090590 -18.408410 0.441415 34 139 34
-10.202822 -20.917403 0.179376 34 139 34
10.343236 -11.446331 -0.654558 34 139 34
-12.407283 -18.658382 -0.018250 139 69 19
3.665185 -11.166093 0.581976 34 139 34
-17.429818 -6.823207 0.479274 139 69 19
-2.149596 -6.127688 0.011187 34 139 34
11.190656 -1.794695 -0.760138 139 69 19
8.240249 -19.119687 -1.109610 139 69 19
12.621461 -2.063122 0.534187 139 69 19
18.607319 17.103111 -0.170592 34 139 34
4.183975 2.971257 -0.599473 139 69 19
1.451010 -19.745186 -0.992999 34 139 34
-19.091998 7.399790 0.624533 139 69 19
-19.532898 -22.473576 0.114337 34 139 34
12.523623 15.454586 -0.153707 139 69 19
-24.354252 5.516539 0.126931 34 139 34
8.279192 23.969149 -0.428441 34 139 34
11.241224 -22.557484 0.372999 139 69 19
8.525931 17.643479 -0.701824 34 139 34
11.036741 4.105290 -0.111236 34 139 34
-0.705499 12.367213 0.166985 34 139 34
22.812010 4.807778 0.247026 139 69 19
-14.627604 23.530182 0.332838 139 69 19
18.816765 -7.088673 -0.285788 34 139 34
-2.461103 -24.071840 0.308059 34 139 34
-18.790097 -7.700883 0.124502 34 139 34
-22.382304 -8.749907 0.182961 139 69 19
-7.424186 -11.583242 0.561499 34 139 34
11.062972 -17.335095 0.032346 34 139 34
16.121580 5.570512 -0.101286 34 139 34
-0.662192 9.648436 0.322313 139 69 19
17.165496 2.358804 1.429089 34 139 34
-22.968138 -14.816434 0.113613 139 69 19
4.207559 15.649878 -0.185915 139 69 19
-18.805412 9.972039 -0.280472 139 69 19
-17.355340 6.321769 -0.352634 34 139 34
-23.734873 -22.848426 -0.090096 34 139 34
-12.054373 4.999211 0.583713 34 139 34
-4.644443 -19.208265 0.324377 34 139 34
-9.274120 -21.761927 0.700754 139 69 19
22.996316 12.579046 0.019793 34 139 34
22.781174 -21.434470 -0.195558 139 69 19
-19.307913 -11.698115 -0.804664 139 69 19
22.411546 -23.684692 0.844297 34 139 34
6.426585 3.861553 0.404310 139 69 19
-2.179569 -10.761719 0.517801 139 69 19
19.694067 10.533748 -0.154126 34 139 34
12.679901 11.877090 -0.280550 139 69 19
5.229268 15.036288 -0.486370 34 139 34
12.461532 13.285487 -0.572514 139 69 19
9.721285 -10.738880 0.052632 139 69 19
6.599742 4.167551 0.198810 34 139 34
5.513270 -24.845254 -0.506246 139 69 19
8.799847 21.409795 -0.078776 139 69 19
2.155097 1.624875 -0.212161 34 139 34
-3.478811 -12.425716 -0.564245 139 69 19
-9.955028 3.531949 -1.269185 34 139 34
-24.327991 2.457711 0.029548 34 139 34
-20.049961 -23.617295 -0.729856 34 139 34
-14.946845 -22.478871 -0.467183 139 69 19
20.532817 -17.989855 -0.055236 34 139 34
10.502547 -12.628029 -0.204173 139 69 19
5.002244 1.501557 0.097045 139 69 19
-18.544576 13.865659 0.505235 34 139 34
-11.292420 15.790041 -0.018501 139 69 19
-14.386307 -6.363793 -0.233622 139 69 19
20.296053 -7.209166 -0.449050 139 69 19
20.646251 7.964818 -0.077544 139 69 19
6.796241 17.504279 -0.134342 139 69 19
-2.960283 -0.258286 0.190753 139 69 19
-2.644177 -2.089724 0.367487 139 69 19
-10.719626 2.068418 -0.176079 139 69 19
-23.331461 -24.967531 0.450335 34 139 34
4.807182 11.431721 0.499763 34 139 34
21.474305 4.503298 -0.480357 139 69 19
19.387659 -6.506843 -0.155065 34 139 34
23.829952 20.970840 -0.606228 139 69 19
23.120844 -9.737027 0.582072 139 69 19
10.938845 -0.303709 -0.318107 139 69 19
-5.028487 -5.357771 1.081234 139 69 19
15.705353 -3.626807 -0.481189 34 139 34
9.170642 6.514090 0.794828 34 139 34
4.999253 19.152212 -0.268216 139 69 19
8.625144 -22.560558 -0.240384 139 69 19
-5.100932 -5.672671 0.718312 139 69 19
-0.102354 -5.267324 -0.473457 34 139 34
22.395093 -0.295779 0.868787 34 139 34
19.185899 2.329042 0.384769 139 69 19
9.396305 -2.081591 0.022019 34 139 34
24.756947 21.290687 -0.625972 139 69 19
7.385245 -17.208427 0.603599 34 139 34
11.163767 19.322675 -0.879103 139 69 19
-2.322187 10.521134 0.079314 139 69 19
8.096436 9.973720 -0.039967 139 69 19
11.584318 13.752731 -0.692931 34 139 34
2.669949 -24.562681 0.142166 34 139 34
-19.313507 -14.408859 -0.079810 139 69 19
-17.291762 5.021689 -0.686640 34 139 34
11.520199 -16.501852 -0.453536 139 69 19
-14.238304 4.438436 -0.203930 34 139 34
-24.348058 4.544180 0.496023 34 139 34
9.080244 9.056142 0.517795 34 139 34
17.448221 -4.243068 0.044914 139 69 19
-1.313021 -15.044277 -0.923331 34 139 34
-21.364239 6.665020 -0.558235 139 69 19
20.760460 -8.817870 0.402504 139 69 19
-13.909807 6.178415 0.684154 139 69 19
-15.192867 19.647562 -0.729066 34 139 34
2.565771 -1.474376 0.078285 139 69 19
22.363754 21.251860 -0.859464 34 139 34
-13.277221 -16.648952 -0.719743 34 139 34
15.267401 -1.252866 0.695784 34 139 34
-3.363725 -0.176346 -0.078915 34 139 34
11.646183 -6.029243 -0.251739 139 69 19
3.217802 -21.324767 0.997490 34 139 34
11.039614 -18.575804 -0.393851 139 69 19
-6.691210 23.172034 1.003453 34 139 34
-15.233064 14.344305 0.145620 34 139 34
2.968520 -9.374610 -0.232269 139 69 19
-1.029222 12.053292 -0.536751 139 69 19
-1.591986 7.772972 0.331623 139 69 19
-13.411141 24.937975 -0.470193 139 69 19
18.677498 8.836370 0.588691 139 69 19
4.470549 9.050856 0.045074 34 139 34
-9.504293 4.950442 -0.698264 34 139 34
4.018438 2.942503 -0.792894 139 69 19
-9.737884 -3.884138 -0.793469 139 69 19
-18.297415 -2.576806 -0.155862 34 139 34
-5.842671 -9.948191 -0.111337 34 139 34
10.746165 7.097522 -0.039662 139 69 19
20.328954 13.830138 -0.954051 34 139 34
20.251362 -5.777842 -0.217668 139 69 19
-4.374048 -21.554598 -0.504362 139 69 19
21.567124 -3.665997 0.064712 34 139 34
-22.126404 19.192342 0.309699 139 69 19
-16.419162 22.896228 -0.427383 139 69 19
-1.083561 24.087863 -0.600991 139 69 19
-2.225209 18.129307 0.436991 34 139 34
-8.045042 -15.634679 -0.337588 139 69 19
4.493165 12.933756 0.321310 139 69 19
-5.430160 -6.517829 0.779171 139 69 19
-23.334793 -8.892727 0.107666 139 69 19
-14.134385 -23.718951 0.645981 139 69 19
-21.703807 8.553772 -0.895960 34 139 34
9.644280 20.651086 0.421947 34 139 34
-7.026041 10.969236 0.064880 139 69 19
6.461190 23.038450 0.472252 34 139 34
9.555734 5.654351 0.828051 139 69 19
11.215595 5.536273 -0.886560 139 69 19
-5.253269 -10.192905 0.357371 34 139 34
8.004129 4.124297 0.977822 139 69 19
-19.410846 23.497960 -0.636764 139 69 19
16.652688 -11.525822 -0.595651 139 69 19
4.679560 17.964167 -0.450078 34 139 34
-8.716104 -22.382766 -0.209110 34 139 34
-8.524493 -23.224558 0.146008 34 139 34
-8.922375 8.372891 -0.213596 139 69 19
1.275066 13.358292 -0.818511 34 139 34
15.209925 -6.156119 0.404064 139 69 19
19.304132 -15.861609 -0.538142 34 139 34
-7.481710 3.333719 -0.439426 34 139 34
-9.025352 8.434627 -0.145757 34 139 34
20.430399 24.458321 0.330241 139 69 19
-0.198594 -7.744649 0.399544 139 69 19
-13.892906 -5.371493 -0.286741 139 69 19
12.678140 -2.831209 -0.352409 139 69 19
-8.137589 6.173075 0.010324 34 139 34
13.418950 8.189400 -0.376826 139 69 19
17.538496 -12.013004 -0.170502 139 69 19
19.336127 22.356020 -0.133169 34 139 34
21.313613 5.088169 -0.897853 34 139 34
-4.673171 3.336126 0.350364 34 139 34
-8.524656 -1.291846 0.372021 139 69 19
7.984253 19.577354 -0.628602 139 69 19
-14.570547 9.122509 0.161558 34 139 34
-24.837073 16.312254 0.386256 139 69 19
16.795169 -0.596193 0.966700 34 139 34
19.536512 -18.996576 -0.524534 34 139 34
7.543911 -13.943987 -0.455356 34 139 34
-4.764789 4.360613 0.392460 34 139 34
4.260398 -4.960719 -0.532243 34 139 34
-24.444275 -7.390068 -1.000438 34 139 34
22.707562 3.376834 -0.552655 139 69 19
21.459494 19.958187 0.200748 139 69 19
13.622017 8.792711 -0.164466 139 69 19
-9.885407 -24.004875 -1.363760 34 139 34
4.477103 0.054149 0.176648 139 69 19
15.621555 -15.095699 0.238786 139 69 19
-23.595661 -5.696928 -0.609299 139 69 19
6.533220 -11.961372 0.505211 34 139 34
17.661477 -16.917595 0.233638 34 139 34
-1.255993 11.995544 -0.209302 34 139 34
-0.874478 -4.982550 -0.092810 34 139 34
-10.346965 14.289818 -0.024967 139 69 19
5.280946 -19.826061 0.558644 139 69 19
14.407032 -2.224207 0.584428 139 69 19
-3.920082 22.520850 0.658937 34 139 34
-24.149462 9.940835 0.016519 34 139 34
4.632627 14.404708 -0.046006 34 139 34
-7.796574 -16.412308 -0.588905 139 69 19
-7.556579 -5.084224 -0.763096 139 69 19
-3.445171 17.478984 0.166426 139 69 19
12.653787 3.479019 0.036363 34 139 34
-17.441922 -9.466172 0.464515 139 69 19
-18.901338 24.715750 -0.102177 34 139 34
2.772633 -1.079417 0.320329 34 139 34
4.154967 -3.936250 -0.068249 34 139 34
9.452404 -12.768391 -0.545017 34 139 34
-6.035368 19.655280 0.378575 34 139 34
-9.084947 -10.921660 -0.609167 139 69 19
-1.929120 -8.226807 -0.422668 34 139 34
1.392680 -1.007488 -0.640368 139 69 19
-8.597305 -4.688636 0.216563 34 139 34
13.855788 6.303588 0.131048 34 139 34
-11.960424 -4.770757 -0.888642 139 69 19
-0.132591 2.420456 -0.658491 139 69 19
-14.839736 2.840062 0.454108 34 139 34
24.566729 -7.178716 0.276319 34 139 34
1.728431 2.557348 0.814730 139 69 19
-12.333145 2.164376 0.119969 34 139 34
8.527293 -19.785900 -0.007979 139 69 19
-10.631757 19.338186 0.175264 139 69 19
20.007900 13.405824 0.484031 34 139 34
-13.401056 10.439469 -0.427151 139 69 19
23.363246 11.039588 0.024825 34 139 34
-2.327704 -8.301652 0.328894 34 139 34
3.711236 -8.199044 0.532480 34 139 34
-5.270286 14.700354 -0.080006 139 69 19
-21.190055 12.605276 0.398233 34 139 34
-2.901231 -19.432863 -0.835268 139 69 19
6.179217 -19.601260 0.450855 139 69 19
24.099256 3.709506 0.724151 139 69 19
-21.744718 -14.573191 0.122438 139 69 19
-11.265877 -22.880892 -0.102253 139 69 19
-3.028872 -19.201652 0.175358 34 139 34
-21.060719 -6.508610 0.038122 34 139 34
10.523839 15.991298 0.098970 34 139 34
1.549659 -12.277935 0.209037 139 69 19
16.869768 8.985894 -0.174765 34 139 34
7.257042 10.115391 0.239559 34 139 34
22.580626 -23.191114 -0.296188 139 69 19
24.110136 12.145669 0.670039 139 69 19
-11.624094 -1.204260 0.049857 139 69 19
-20.679036 3.824280 0.144261 34 139 34
-11.889066 8.054533 -0.098521 139 69 19
-4.677097 -12.376344 0.114631 139 69 19
21.020906 15.947069 -0.080791 139 69 19
24.781415 2.051498 -0.601014 34 139 34
-8.979177 -18.016953 -0.497558 139 69 19
9.322078 -7.371197 0.071968 139 69 19
22.620595 19.055326 0.026390 34 139 34
-24.396453 1.684641 -0.862088 34 139 34
5.013554 -6.491292 0.024090 34 139 34
-0.901525 9.606098 0.571420 34 139 34
6.547222 14.249047 0.174632 34 139 34
-7.839009 19.576446 -0.105043 34 139 34
16.460842 -11.870585 0.013731 34 139 34
-8.753909 8.191928 -0.492115 139 69 19
1.639809 11.055630 0.490994 34 139 34
2.563381 -23.319833 -0.098296 139 69 19
13.803974 9.717742 -0.130977 139 69 19
-17.359666 19.925159 0.279726 34 139 34
-21.787231 11.321768 -0.354237 34 139 34
3.629701 4.469948 0.365517 139 69 19
19.791522 -5.320261 0.501788 34 139 34
22.921008 1.072744 0.226701 139 69 19
-11.525378 -8.799308 0.675323 139 69 19
-20.896647 16.599801 0.985014 139 69 19
24.963152 2.167521 -0.477312 34 139 34
-21.422277 -4.913914 0.181051 34 139 34
-7.610690 17.684682 -0.706793 34 139 34
10.668620 -10.757733 0.061487 34 139 34
11.344576 3.477398 -0.974957 34 139 34
-13.006888 9.342606 -0.407826 139 69 19
6.649924 13.788429 0.698772 34 139 34
0.268791 -7.120802 -0.003353 34 139 34
-7.824758 4.353605 -0.263415 34 139 34
10.446197 16.587582 0.042266 34 139 34
-0.375827 16.735174 -0.656912 139 69 19
-6.127543 -20.308175 -0.431514 34 139 34
16.681281 -20.971342 -0.063248 34 139 34
11.310971 19.583672 -1.507867 34 139 34
19.625706 -14.165462 0.328853 139 69 19
-18.683296 -3.108141 0.128524 34 139 34
-24.260310 3.350979 0.842056 139 69 19
-8.650388 12.908694 0.352812 34 139 34
3.086149 -7.482067 -0.157232 139 69 19
-10.425506 13.565437 -0.083673 139 69 19
-13.692792 14.068090 0.070053 34 139 34
15.069087 15.976346 0.066277 34 139 34
-17.066326 -4.285884 0.113125 139 69 19
9.583426 -2.727687 -0.332101 34 139 34
-9.164793 -18.085898 -0.061448 34 139 34
1.983046 15.670461 0.399839 139 69 19
-12.006975 7.153558 0.050345 34 139 34
-2.606580 11.330921 0.355344 34 139 34
-9.303292 1.726723 -0.348835 139 69 19
7.242939 7.673364 -0.531283 34 139 34
14.011398 -8.353594 -0.837420 139 69 19
-23.269790 24.887450 -0.428678 34 139 34
-1.013628 -11.235285 -0.344812 34 139 34
20.951580 -0.717087 -0.096408 34 139 34
-3.301003 -9.251922 0.904965 34 139 34
-7.238491 2.702795 -0.389151 34 139 34
19.339712 18.272878 -0.019793 34 139 34
-21.953786 20.097494 0.284359 34 139 34
16.248403 -11.675334 -0.052126 139 69 19
7.046134 -18.875319 -0.895687 34 139 34
-11.093114 -6.340120 0.064073 34 139 34
24.152263 -24.505309 0.646765 139 69 19
4.308270 -2.721531 0.649351 34 139 34
8.052681 -17.298424 0.657535 139 69 19
16.086585 -10.006825 -0.557083 139 69 19
-4.484161 -18.172372 0.028587 34 139 34
-11.353835 16.148024 0.282589 34 139 34
-10.603851 -18.543346 0.604825 34 139 34
-6.021108 -14.753124 0.019555 139 69 19
24.653822 -1.966991 0.515952 34 139 34
20.247293 24.268366 -0.031507 34 139 34
-0.974990 19.858922 0.666440 34 139 34
11.994938 3.867956 -0.018950 139 69 19
10.732491 -19.194763 -0.710566 139 69 19
16.407418 21.683752 -0.348740 139 69 19
9.346275 -9.486120 0.232083 139 69 19
13.193252 17.351518 0.355746 34 139 34
1.755435 15.964841 0.547001 139 69 19
15.809021 5.386526 0.182792 34 139 34
1.713532 0.065660 -0.953537 139 69 19
8.394904 -13.740414 0.028938 34 139 34
5.231172 -20.124105 0.416125 34 139 34
15.167012 -12.393217 0.344129 139 69 19
-7.560552 -11.623620 0.128016 139 69 19
8.431267 -20.789598 -0.361306 139 69 19
-4.870355 17.711831 -0.305677 34 139 34
19.860797 0.814172 -0.364283 139 69 19
-24.066722 11.659202 0.846850 139 69 19
-20.607506 -5.957004 0.121609 139 69 19
-5.052945 24.467484 -0.058991 139 69 19
24.068233 -14.279934 -0.633138 34 139 34
7.405434 -13.239594 0.711055 139 69 19
-6.663181 -16.287715 0.286636 34 139 34
-8.705465 -9.622865 0.765983 34 139 34
-19.357207 -23.508992 0.186858 34 139 34
24.465299 6.361045 -0.590294 34 139 34
-8.831798 9.578486 -0.175114 139 69 19
16.841685 -15.528278 -0.430236 34 139 34
-5.880353 -24.838837 -0.361059 139 69 19
-0.985326 -20.881716 0.361202 139 69 19
-20.061435 -1.182527 -0.203199 34 139 34
-12.875528 8.926202 -0.019153 139 69 19
1.774802 -8.653436 -0.339957 34 139 34
3.824175 10.054230 -0.018884 139 69 19
3.012953 14.673146 0.000245 34 139 34
-18.035418 22.674008 0.154705 34 139 34
-19.026795 12.621555 -0.187374 139 69 19
-12.056225 13.287627 -0.211970 34 139 34
16.540799 3.853585 -0.145477 34 139 34
15.115427 19.081143 -0.104376 139 69 19
24.779438 17.860872 -0.332413 34 139 34
1.287829 -1.084135 -0.373722 34 139 34
6.770601 -19.304563 -0.196264 139 69 19
-21.512989 20.421844 0.422199 34 139 34
1.575872 8.228412 -0.434669 34 139 34
-24.324120 8.891878 0.847916 139 69 19
-17.168881 8.368758 1.168875 139 69 19
-12.495307 16.566221 0.765744 139 69 19
-5.462144 -15.931190 -0.808258 34 139 34
-16.701601 20.408456 -0.729468 34 139 34
5.084239 -2.319829 0.015644 139 69 19
-15.030261 2.474978 1.209904 139 69 19
20.792395 9.234948 0.321812 34 139 34
-15.103365 -11.169196 -0.357659 139 69 19
17.586499 -8.778869 1.184809 34 139 34
-9.130336 9.825367 -0.150482 139 69 19
-12.319280 22.743666 -0.311924 34 139 34
-6.950192 -5.679331 0.254480 139 69 19
-18.195559 8.838182 -0.418144 139 69 19
15.593992 8.676146 0.402267 34 139 34
5.972954 11.308488 0.835597 139 69 19
-11.572452 -1.832254 0.114353 139 69 19
17.234499 7.056696 -0.130998 34 139 34
2.978040 -11.929207 0.115427 139 69 19
-18.559804 -5.337927 -0.335765 34 139 34
13.182712 -1.377692 -0.149867 34 139 34
24.134538 23.097746 -0.258867 139 69 19
15.271673 7.932671 0.150697 139 69 19
2.705606 10.807108 -0.744912 34 139 34
2.188385 -24.300155 0.054144 139 69 19
8.212934 -2.172194 0.258501 34 139 34
11.943601 20.663964 -0.309976 34 139 34
15.220039 9.168357 0.289471 34 139 34
17.483791 -8.343416 0.318513 34 139 34
14.441033 -17.364676 0.338247 34 139 34
0.969275 -13.129428 0.803384 34 139 34
8.445061 23.238943 1.236898 34 139 34
11.947494 4.253887 -0.373468 34 139 34
-23.831830 3.806356 0.300909 139 69 19
-12.660374 1.840831 -0.576058 139 69 19
-8.892068 3.635435 -0.359297 34 139 34
11.568533 -6.803722 -0.881239 34 139 34
6.014700 -2.634050 0.523014 34 139 34
-5.469997 17.688294 -0.159709 34 139 34
-15.914861 -16.427183 -0.050507 34 139 34
-20.882257 16.119424 0.224516 34 139 34
-1.470230 18.906338 0.127012 139 69 19
-20.732919 -21.139550 0.850524 34 139 34
-9.763285 11.434007 -0.451397 139 69 19
-0.730204 8.663729 -0.073837 34 139 34
5.562559 -1.217426 0.297322 34 139 34
-22.384949 16.572797 0.178638 34 139 34
16.708557 4.722529 0.055906 139 69 19
-21.503541 7.597146 -0.318850 34 139 34
-15.269164 -2.842808 0.024277 34 139 34
1.870577 -6.485815 0.102126 139 69 19
-22.492766 -4.656738 -0.249140 139 69 19
8.046966 -15.263751 -0.189956 139 69 19
5.537694 1.157124 0.558015 34 139 34
3.574319 7.044207 -0.364963 34 139 34
-21.854380 23.620749 -0.061406 139 69 19
-3.455862 6.154274 -0.210759 139 69 19
-6.777904 -19.826319 0.152340 34 139 34
-3.619681 13.438549 0.198052 139 69 19
-4.533849 -6.825652 -0.591067 139 69 19
5.777114 13.494789 -0.207245 34 139 34
-11.443163 -20.331154 0.380309 34 139 34
11.942520 9.837079 0.686914 139 69 19
-7.562906 -15.988755 0.739931 139 69 19
4.716440 24.785482 0.331014 34 139 34
-20.275163 -9.019644 -0.677940 139 69 19
8.276646 6.190316 0.530034 34 139 34
-8.517813 -0.408709 0.546980 34 139 34
-7.369145 20.111408 0.428925 34 139 34
10.516150 10.141294 0.661459 139 69 19
-10.159509 22.149604 0.238183 34 139 34
-15.878838 -4.874414 -0.201351 139 69 19
19.406345 6.799123 0.067630 139 69 19
-11.871355 22.761937 0.114746 34 139 34
-12.792076 -20.380457 -1.019928 34 139 34
-15.525155 24.172795 -0.077417 139 69 19
1.028454 15.106840 -0.159271 139 69 19
19.096551 5.957737 0.414459 139 69 19
-1.440461 21.005730 -0.950884 34 139 34
14.539452 -15.678849 0.130991 34 139 34
9.714557 3.498447 -0.173358 139 69 19
3.492532 19.796021 0.268148 34 139 34
18.235428 -4.071779 -0.709313 34 139 34
-9.935427 -20.926131 -0.156364 139 69 19
3.210056 3.157980 0.038620 34 139 34
-0.461608 13.046986 -0.123261 34 139 34
-22.303864 -18.142940 -0.789173 34 139 34
-19.625550 -11.597902 0.009300 139 69 19
-16.891386 9.120321 0.278315 34 139 34
-13.767564 -2.977753 0.045458 34 139 34
-7.807994 22.169319 -0.209501 34 139 34
14.080578 -9.646283 0.180942 139 69 19
-8.554843 -19.982797 0.976727 34 139 34
-24.703247 -20.908425 -0.441218 139 69 19
-16.945184 -22.314925 -0.059933 139 69 19
19.307551 11.793001 -0.098410 139 69 19
-7.277405 -0.586398 -0.616890 139 69 19
-6.500600 -18.754679 -0.537142 34 139 34
-1.281168 15.902243 0.401445 34 139 34
-11.100995 5.407072 -0.218603 139 69 19
7.225102 14.925590 -0.706038 34 139 34
-18.649534 20.881439 -0.359903 34 139 34
-8.661159 -21.273850 0.019742 139 69 19
4.209215 -15.384174 0.077125 139 69 19
8.849340 -4.768274 0.030781 139 69 19
1.871102 20.165469 -0.032640 34 139 34
9.025456 19.054424 1.009100 34 139 34
-16.792347 19.260628 -0.253407 34 139 34
24.478014 -19.784455 -0.111752 34 139 34
23.105652 -22.623233 1.219113 34 139 34
-14.704943 -3.011316 -0.063121 34 139 34
21.918029 -9.615190 -0.740434 139 69 19
7.751908 -14.752038 0.457147 34 139 34
-13.288569 -15.329038 -0.160533 139 69 19
4.263624 -22.859148 0.145690 34 139 34
16.294117 -6.164884 0.216410 139 69 19
-0.546936 18.674117 -0.163034 34 139 34
17.585382 -16.210236 0.056913 34 139 34
5.462435 -11.408323 -0.164110 34 139 34
18.174223 4.453867 -1.268701 139 69 19
16.447209 4.869184 0.868740 139 69 19
-23.967524 13.192307 0.385154 139 69 19
22.465223 13.417519 0.224735 34 139 34
-3.584729 17.389347 0.027855 139 69 19
-20.490533 20.475935 0.290937 139 69 19
-16.952446 -5.875536 -0.028094 34 139 34
-22.815476 3.902554 -0.500169 139 69 19
-22.843149 -5.938422 -0.208196 34 139 34
-7.380561 -24.331863 -0.802441 34 139 34
-8.896479 -14.150683 -0.462023 34 139 34
-22.006470 -14.270304 -0.172438 139 69 19
5.175597 20.589304 -0.448605 139 69 19
-20.129729 -10.685369 0.318783 139 69 19
16.702819 0.498365 0.065739 139 69 19
-7.125269 17.752610 -0.530857 34 139 34
15.428446 -16.514871 0.093158 34 139 34
-10.411728 16.900827 -0.173462 34 139 34
16.613967 18.005523 0.208005 34 139 34
-0.529462 6.809573 0.917942 34 139 34
18.610002 20.317429 -0.137405 34 139 34
-7.412244 11.302260 0.055942 139 69 19
-10.023865 -1.187878 0.524766 34 139 34
15.448980 -8.878472 0.005672 139 69 19
9.734890 21.842150 0.530139 139 69 19
-20.148366 17.906771 0.089467 34 139 34
14.107030 20.633874 0.533120 139 69 19
17.189449 0.842814 0.180436 139 69 19
24.845442 -6.586738 -0.177417 34 139 34
-1.301164 -15.598493 0.285468 139 69 19
-22.913490 -24.888510 0.971678 139 69 19
20.491863 -19.484482 1.619198 34 139 34
11.268627 20.796351 -0.590033 34 139 34
-15.655573 0.615523 -0.593952 34 139 34
2.083213 -13.217816 0.019505 139 69 19
-11.925034 -0.204938 -0.325659 139 69 19
6.727672 23.467365 -0.476523 34 139 34
21.105459 18.636334 -0.062636 34 139 34
17.566280 -6.749641 -0.089348 34 139 34
-22.309901 -19.700586 -0.384372 34 139 34
15.160550 -24.056489 -0.451811 139 69 19
19.374514 21.999710 -0.076520 34 139 34
23.481378 -21.124598 -0.250169 34 139 34
19.526993 0.736750 0.410052 139 69 19
-22.466677 -24.279638 -0.030483 34 139 34
-16.533532 -8.082814 0.132543 34 139 34
-23.745951 17.819482 0.714340 139 69 19
23.307778 12.758334 -0.159530 34 139 34
-15.648986 -21.571598 0.169458 139 69 19
-5.486715 14.156660 -1.271532 34 139 34
21.650247 -22.722789 0.167742 139 69 19
-13.375692 1.582190 0.229155 139 69 19
1.297761 -4.988462 0.744506 139 69 19
-17.030874 -23.999143 -0.281655 34 139 34
16.235915 21.520876 -0.350800 34 139 34
-0.958149 6.634083 0.035248 34 139 34
7.020333 9.479949 0.813996 34 139 34
12.681659 1.079235 0.009493 139 69 19
19.748282 -13.718919 -0.464139 139 69 19
-4.607046 -16.106725 0.341787 34 139 34
-5.513378 12.894236 -0.767119 139 69 19
-6.661820 -6.486917 -0.178904 34 139 34
-6.825289 -22.936538 -0.139088 139 69 19
14.814910 22.377267 0.578770 34 139 34
7.344639 23.341004 -0.853087 139 69 19
-12.164653 6.299788 -0.610631 139 69 19
18.336057 -22.050211 -0.497258 34 139 34
16.579320 -21.122977 0.314233 34 139 34
6.316541 17.027830 0.487768 34 139 34
10.487392 15.646424 0.318194 139 69 19
9.342168 15.522143 -1.076537 34 139 34
-20.136304 10.431946 0.016483 139 69 19
-11.133062 -4.482371 0.862638 34 139 34
16.284794 -1.548203 0.211599 139 69 19
-11.764019 -13.295491 -0.026201 139 69 19
2.901082 -18.467571 -0.911589 34 139 34
23.204828 -18.096812 0.018569 34 139 34
1.870221 4.028172 0.015004 139 69 19
-23.883276 -0.244342 -0.242095 34 139 34
19.390122 7.657901 0.302832 139 69 19
-5.941549 -10.418495 -0.708346 34 139 34
21.651823 19.941866 -0.471662 139 69 19
11.673707 6.849430 0.410279 139 69 19
-15.207703 13.378607 -0.139764 34 139 34
8.866689 -5.479359 -0.113977 34 139 34
-22.948247 -15.037799 -0.153665 139 69 19
2.086654 -24.200382 0.467853 139 69 19
1.035736 3.248574 0.623030 139 69 19
-24.096724 5.509725 0.071448 139 69 19
18.391989 -8.672408 -0.519031 139 69 19
22.874865 -11.277829 0.283400 34 139 34
-22.581096 -5.769395 -0.059856 139 69 19
12.810845 14.725970 -0.223100 139 69 19
12.528788 -19.918731 -0.491634 139 69 19
3.587284 -15.454570 -0.485110 139 69 19
-10.966890 20.420230 -0.452092 139 69 19
-4.790425 -8.620581 -0.853702 34 139 34
19.087495 10.699884 -0.683494 139 69 19
9.312182 -4.595222 -0.212235 34 139 34
11.021087 -10.152067 0.245422 34 139 34
8.275080 -5.861248 0.180870 139 69 19
14.952741 6.695232 -0.213502 139 69 19
-7.806611 1.130162 0.564822 139 69 19
-15.328682 17.695327 -0.631061 139 69 19
-17.395710 13.284618 -0.549722 139 69 19
-14.189770 -4.284519 -0.304298 139 69 19
23.215207 -8.211140 -0.086104 139 69 19
-0.744568 15.856655 -0.090482 34 139 34
23.113623 -12.712721 0.707529 139 69 19
-3.766758 -4.490949 0.391725 139 69 19
13.059847 -14.767369 -0.204001 34 139 34
-9.391819 18.053173 0.697508 34 139 34
-8.530771 18.265064 0.839097 34 139 34
-13.414723 7.677475 0.355715 34 139 34
-10.395213 9.897363 -1.145468 139 69 19
-17.792236 12.818657 -0.401352 139 69 19
17.067818 24.179571 0.071907 34 139 34
20.171803 1.140721 -0.351449 34 139 34
-20.614119 -15.714969 0.665467 139 69 19
14.946202 13.903505 0.707135 139 69 19
-4.415202 23.611763 -0.305225 34 139 34
-2.445448 23.074763 1.238592 139 69 19
16.354158 0.020187 -0.549654 139 69 19
-21.839040 -12.198659 -0.870102 34 139 34
1.939882 -10.360597 -0.193940 34 139 34
-6.493190 -5.113014 0.244616 34 139 34
17.609162 -7.555888 -0.845086 34 139 34
6.308990 7.348368 -0.521919 34 139 34
-16.273925 22.402181 -0.876840 34 139 34
-22.008603 -11.715086 0.108578 34 139 34
5.129556 -6.988202 0.482360 34 139 34
4.950167 -0.850179 -0.558400 139 69 19
9.288989 6.758634 0.124086 34 139 34
8.793452 -21.442081 -0.224233 139 69 19
11.256881 24.609675 -0.385428 139 69 19
-18.144027 16.654641 -0.214684 34 139 34
-24.210175 11.122303 0.622208 34 139 34
-5.730685 -10.134442 -0.513483 34 139 34
-0.763129 3.533536 -0.045247 139 69 19
-2.389199 -9.715601 0.113792 34 139 34
23.548301 3.657964 -0.516619 139 69 19
-19.157367 -19.846812 -0.304832 139 69 19
11.031715 -9.926116 0.609302 139 69 19
-2.866500 16.098820 0.136377 139 69 19
20.498899 -13.718070 -0.432229 34 139 34
20.293866 -0.888789 -0.897925 34 139 34
-19.780660 5.699860 -0.365323 139 69 19
-20.353921 -24.534658 -0.001193 139 69 19
8.613946 12.124682 0.449826 34 139 34
-10.258557 -6.606003 0.146432 139 69 19
0.532259 14.466096 0.054331 139 69 19
18.021333 1.190409 0.123216 139 69 19
-7.683929 0.280191 -1.063644 34 139 34
16.626958 -5.363256 -0.125197 139 69 19
5.918524 -10.204723 -0.275805 139 69 19
-23.974474 14.776042 -0.212020 139 69 19
-6.213385 8.614797 -0.085557 139 69 19
-20.600480 1.520031 -0.973464 34 139 34
-13.620213 -19.185838 -0.160066 34 139 34
-17.515685 17.555691 0.029227 139 69 19
-2.206425 -23.519477 -0.339879 34 139 34
24.564829 10.713854 0.174206 139 69 19
-14.029270 17.102290 -0.703902 139 69 19
-6.919616 -5.718745 -1.110270 139 69 19
13.480028 11.262470 -0.016140 139 69 19
20.580244 -8.412480 0.921672 139 69 19
-16.854076 -10.674847 -0.027641 139 69 19
-12.068815 9.262154 -0.043657 34 139 34
-9.915438 -10.302565 0.271958 139 69 19
-4.738877 -18.562792 -0.337675 139 69 19
-10.048652 -21.270353 0.915227 139 69 19
10.181123 -16.385273 0.426908 139 69 19
6.225889 22.086248 0.633512 34 139 34
13.828523 -24.185080 -0.058652 139 69 19
6.630304 -5.659817 0.083396 34 139 34
14.685217 19.224013 0.605971 34 139 34
-8.534185 -0.670802 0.360581 34 139 34
11.281756 -13.215175 -0.240388 139 69 19
-23.750532 6.895067 0.191047 34 139 34
-9.568560 -17.304582 -0.368004 34 139 34
-19.816784 5.603399 -0.936098 34 139 34
-24.354349 14.372924 -0.242855 139 69 19
-5.802251 -17.573639 0.670210 34 139 34
7.739489 0.211338 -0.371113 139 69 19
3.971527 5.066909 -0.527782 34 139 34
-4.243583 9.016736 0.303832 34 139 34
9.112197 -24.659901 -1.043945 34 139 34
-11.096107 16.549783 -0.133249 34 139 34
-19.034923 -23.688559 0.161350 34 139 34
23.299946 -3.582237 0.214014 139 69 19
11.768294 -17.295891 -0.423687 34 139 34
-9.912407 0.820217 0.193926 34 139 34
-5.700410 21.605636 -1.077071 34 139 34
20.655293 4.084989 0.559213 34 139 34
24.997991 -21.604763 -0.299746 139 69 19
20.606034 13.664933 0.763164 139 69 19
12.400420 -6.870230 -1.075544 34 139 34
-18.439512 7.447064 -0.438171 139 69 19
-20.211912 19.414164 -0.803065 34 139 34
-3.249880 18.039912 0.632794 34 139 34
-7.527638 -2.537176 1.346623 139 69 19
9.235288 -2.602261 -0.365186 34 139 34
-13.938743 24.348101 -0.047260 34 139 34
-15.989816 1.144691 0.064480 34 139 34
-12.620313 14.769659 0.345623 34 139 34
-6.918215 11.909451 0.762842 139 69 19
16.883623 14.348798 -0.280855 34 139 34
-21.593102 -23.637094 0.009283 34 139 34
-16.193012 18.719580 0.159440 34 139 34
16.184006 -13.546308 -0.446980 139 69 19
13.930258 4.925974 -0.031937 139 69 19
-13.517850 2.044223 0.019085 139 69 19
-10.712932 -4.787686 -0.742158 139 69 19
13.942387 1.068422 -0.689219 139 69 19
-19.956315 9.862271 0.050170 34 139 34
-5.466035 -4.138662 0.281852 34 139 34
4.834880 18.257702 0.249494 139 69 19
-10.178453 19.640787 -0.115019 34 139 34
14.517916 17.367859 -0.507044 139 69 19
6.164826 -23.340180 -1.230757 34 139 34
10.548846 -16.605795 -0.552188 34 139 34
7.549103 20.109248 0.400385 139 69 19
-2.877753 3.263244 -0.329613 139 69 19
17.324821 -16.234758 0.746125 139 69 19
-13.736261 3.788192 -0.561723 34 139 34
18.602953 -21.557609 0.067233 139 69 19
-17.831869 -24.560260 -0.662183 139 69 19
4.324289 -20.557816 -0.341565 139 69 19
-20.677361 9.977952 0.532889 139 69 19
-16.913110 14.560024 -0.121537 139 69 19
-17.712288 7.425122 -0.269754 34 139 34
-22.984631 6.213527 0.131228 34 139 34
-6.502659 23.329039 0.484228 34 139 34
2.350534 -22.794119 -0.235614 34 139 34
0.882890 23.373272 -0.457937 139 69 19
-14.964494 18.249422 0.648249 34 139 34
16.242510 -21.481409 -0.268700 34 139 34
19.991194 -15.765974 -0.118537 139 69 19
-21.387552 15.233423 0.759354 139 69 19
-24.447156 18.404341 0.309687 34 139 34
-13.044416 22.991330 -0.746049 139 69 19
2.392266 -3.040682 -0.642102 34 139 34
16.221441 -15.353361 1.073730 34 139 34
12.151438 -8.017686 0.060125 34 139 34
-17.514355 -22.580795 -0.235303 34 139 34
19.406564 -5.964472 -0.080379 139 69 19
-17.473184 -11.233093 0.719332 139 69 19
-7.482759 12.041616 -0.490481 139 69 19
24.967109 -12.361617 0.198683 139 69 19
-11.014513 7.155290 0.787857 34 139 34
-6.414781 10.566883 0.324239 139 69 19
16.270946 -23.141134 -0.074781 139 69 19
-8.299913 -24.217553 0.691897 34 139 34
-7.713536 -19.293268 0.148659 34 139 34
6.171575 -23.913758 -0.800578 139 69 19
-3.090348 -18.295861 -0.199634 139 69 19
-14.682453 -12.809257 0.432779 34 139 34
4.965275 10.524440 -0.044629 34 139 34
-12.444862 0.889542 0.483623 139 69 19
-23.247435 -18.113525 0.535196 139 69 19
-0.260725 -9.861018 -0.100849 34 139 34
3.150985 18.045426 -0.524491 34 139 34
1.499749 -7.102571 0.584701 34 139 34
-2.491347 11.098020 0.858222 34 139 34
-21.292661 -23.366622 0.101399 34 139 34
7.876978 -23.250833 -0.314897 139 69 19
2.179812 22.332993 0.023533 139 69 19
-4.852846 12.501835 0.054592 139 69 19
-14.199257 1.558190 -0.796194 34 139 34
-21.829167 20.338663 -0.890791 34 139 34
-6.328509 20.854280 -0.098963 34 139 34
21.639174 14.339721 1.431954 139 69 19
21.372548 -7.037277 -0.517127 139 69 19
-9.514581 -20.918383 0.298393 34 139 34
6.892730 20.571272 -0.729243 34 139 34
20.932111 7.865515 0.796391 139 69 19
14.261129 17.514486 -0.063298 34 139 34
-17.156689 -14.765851 0.126798 34 139 34
5.606148 8.469782 -0.261196 139 69 19
3.790727 4.154948 -1.006161 34 139 34
-14.902872 -21.986855 -0.092371 139 69 19
-24.907343 10.968500 -0.943760 139 69 19
-10.338769 -10.619883 0.243583 34 139 34
24.383429 15.474901 -0.324281 139 69 19
21.092815 -4.456470 0.863525 139 69 19
24.843653 -8.752451 0.647069 34 139 34
1.113287 -24.948122 -0.760768 34 139 34
17.921910 15.094406 -0.102638 34 139 34
24.330808 24.399973 -0.022763 139 69 19
-23.890216 16.725220 0.193517 34 139 34
4.295834 -16.810414 0.016104 139 69 19
-9.143161 -15.701391 0.169772 34 139 34
-5.057231 -18.733083 0.256609 139 69 19
7.196034 -23.796855 0.412429 34 139 34
-6.299710 -4.818636 0.040908 139 69 19
-20.737860 -23.129182 -0.135201 34 139 34
-20.180813 6.391591 0.301317 139 69 19
12.149553 -13.637749 -0.696265 34 139 34
18.394323 -1.468570 0.223578 139 69 19
-4.335898 9.432198 0.012430 139 69 19
13.565705 -21.130316 0.352240 139 69 19
5.385582 10.811085 0.204739 139 69 19
-19.266521 -16.876455 -0.729672 34 139 34
-15.318790 6.739862 -0.412256 139 69 19
20.589183 21.539294 0.251327 139 69 19
21.950722 0.558913 0.199133 139 69 19
-20.455782 10.477491 -0.079309 34 139 34
-21.394387 -19.528949 -0.106201 139 69 19
-14.521962 13.068884 -0.367811 139 69 19
11.158734 20.064073 -0.432076 139 69 19
-12.856150 11.156852 0.720662 139 69 19
-11.547215 -20.387783 0.093419 139 69 19
-0.544065 -11.738378 1.050274 34 139 34
-22.429649 -6.746109 -0.193993 139 69 19
-17.759710 -4.746388 1.266427 34 139 34
3.868884 -24.596365 -0.403832 139 69 19
-5.127213 8.407972 0.477891 34 139 34
24.591243 -23.015592 -0.604298 139 69 19
-2.583767 -10.926419 0.063512 34 139 34
1.102159 -2.409821 -0.135257 34 139 34
-1.436874 -23.239015 -0.096079 34 139 34
12.042792 0.226128 0.158403 139 69 19
10.340965 14.454117 -0.462971 34 139 34
-0.294230 -20.777879 -0.126011 34 139 34
13.577915 -13.275475 1.233895 139 69 19
22.327494 11.241468 -0.044556 139 69 19
-18.585500 -10.639849 -0.138260 34 139 34
-8.388336 -8.156782 -0.316406 139 69 19
-5.913941 0.110751 0.683687 34 139 34
9.089218 -24.197383 -0.328751 139 69 19
24.132385 -0.987968 0.475281 34 139 34
-15.946330 -11.777583 -0.392902 34 139 34
-13.702149 -12.833728 1.075793 34 139 34
-10.950717 -5.854880 0.883414 34 139 34
-9.507729 24.353642 -0.460164 34 139 34
13.171588 -2.398793 0.337137 139 69 19
20.862287 11.684696 -0.368199 34 139 34
-3.427997 -16.377695 -0.329400 34 139 34
16.572569 13.870088 -0.445913 34 139 34
5.011101 5.816511 -0.001278 34 139 34
19.490297 -16.015514 -0.083172 34 139 34
-13.793709 -19.521888 0.607036 139 69 19
-24.660024 -0.367269 -0.590909 139 69 19
-19.149070 -4.197408 -0.082044 139 69 19
-3.111788 -13.108032 -0.410403 34 139 34
-24.450661 6.554721 0.101240 139 69 19
18.387424 -6.996036 -0.014198 34 139 34
-22.205487 -13.190495 0.100477 139 69 19
0.910636 -19.473159 -0.158869 34 139 34
-22.566392 -20.216383 -0.778552 139 69 19
-15.058529 -22.145601 -0.212091 34 139 34
19.445416 24.071801 -0.204423 34 139 34
18.491602 -7.474084 0.119192 34 139 34
-20.954856 18.437025 -0.234886 139 69 19
-7.628679 -15.904000 0.036957 139 69 19
21.618289 16.921647 0.268766 139 69 19
-0.847106 21.839396 0.468581 139 69 19
-21.557555 21.571286 0.809335 34 139 34
9.708994 16.281690 -0.357749 139 69 19
-23.707468 -15.163497 0.451584 139 69 19
17.369639 -20.859503 -0.585182 139 69 19
-10.724051 -24.059100 -0.678140 139 69 19
-8.897806 22.964980 -0.308704 139 69 19
9.236075 -10.035822 -1.033273 139 69 19
-19.909784 -10.853485 -0.122829 34 139 34
12.763495 14.445375 -0.716998 34 139 34
-0.038982 -4.675552 0.810612 34 139 34
-2.095760 -15.236168 -0.759617 34 139 34
-3.890023 -15.144962 0.905420 34 139 34
5.368267 -8.352021 -1.074724 139 69 19
-16.019963 -20.725923 -0.254924 34 139 34
-14.078616 -3.217743 0.318934 34 139 34
10.995537 -4.209261 0.080242 139 69 19
-10.405582 -21.842020 0.054864 34 139 34
22.122165 16.580523 -0.962984 34 139 34
19.699308 10.768541 -0.019281 139 69 19
-17.552023 21.175243 -0.258396 34 139 34
-0.935188 -4.401644 -0.571414 139 69 19
-16.130788 -18.968642 -0.535720 139 69 19
-5.520710 19.598940 -0.158509 34 139 34
22.314059 18.487885 -0.222712 139 69 19
-19.785102 5.079607 0.412891 139 69 19
0.700187 -21.337827 1.125310 34 139 34
6.432990 -15.145680 -0.201025 139 69 19
14.816897 -6.837787 -0.178703 34 139 34
-6.805382 11.737663 0.050469 34 139 34
-19.826215 -7.657638 -0.240839 34 139 34
5.921132 -5.715121 -0.024965 34 139 34
22.047504 13.978561 -0.113541 139 69 19
-9.064678 -10.961834 -0.298248 34 139 34
9.859860 -4.691806 -0.279657 34 139 34
21.754857 -0.206872 0.046959 34 139 34
-21.701154 -6.499220 0.766922 139 69 19
-12.003707 1.674882 -0.372932 34 139 34
-7.773783 -2.751641 0.361533 34 139 34
-8.286825 11.695986 -0.225073 139 69 19
7.313393 -23.915492 0.611711 139 69 19
-3.392082 2.175009 -0.447678 139 69 19
-13.893339 3.213759 -0.253880 34 139 34
-16.427730 -12.580696 0.267841 34 139 34
12.249331 13.802206 -0.166119 139 69 19
4.417791 -11.042887 -0.497046 139 69 19
-2.102972 -24.177933 0.458028 34 139 34
13.603504 -2.306748 0.809773 139 69 19
17.318244 10.406969 -0.400914 139 69 19
7.991112 -20.834288 -0.313251 139 69 19
8.826928 -7.903793 -0.778061 139 69 19
-21.487055 9.270317 -0.416728 34 139 34
-11.572032 8.343198 0.516152 139 69 19
-16.228923 23.943609 -0.525239 139 69 19
21.156900 -7.579085 -0.404438 139 69 19
-16.331838 -16.481114 -0.214328 139 69 19
-21.010844 -2.497908 0.342598 34 139 34
-7.506315 -24.392975 -0.243292 34 139 34
-3.791109 -9.847502 1.042183 34 139 34
6.001249 18.102836 -0.109617 139 69 19
2.974658 11.994323 -0.026380 34 139 34
2.933546 -4.040741 -0.303335 139 69 19
5.257966 -6.507261 -0.046118 139 69 19
-10.117266 2.601913 -0.301420 34 139 34
3.613569 -3.599273 0.541364 34 139 34
-5.564728 5.460755 -0.844618 34 139 34
-14.788463 -21.237568 1.034520 34 139 34
-22.329020 -18.660720 -0.778780 139 69 19
12.055482 4.099701 -0.258305 139 69 19
2.934092 -18.522501 -0.314759 139 69 19
-0.831825 19.078996 -0.152515 34 139 34
-1.476245 -12.846605 0.814206 34 139 34
22.768883 -9.915948 0.062688 139 69 19
3.982298 -10.072577 0.611309 34 139 34
2.541711 5.476519 0.321797 139 69 19
4.728712 4.788900 0.332831 139 69 19
9.905686 -12.096641 0.416846 139 69 19
-4.660248 19.506268 0.912443 139 69 19
-19.969964 -24.660820 -0.302399 139 69 19
-20.102325 15.719366 0.545847 139 69 19
-10.234495 10.849954 0.274420 139 69 19
-19.963145 17.694343 -0.052494 139 69 19
22.228524 11.645749 -0.204032 34 139 34
13.223234 -11.794073 -0.254325 139 69 19
15.627237 11.783163 0.381629 139 69 19
-24.928996 13.171446 0.451039 139 69 19
-8.667641 15.104588 -0.138979 139 69 19
-4.426679 5.663868 0.162227 34 139 34
-16.209498 22.535839 0.527295 34 139 34
-8.309961 3.752377 -1.059802 139 69 19
13.626797 -8.961835 0.305030 139 69 19
1.416223 18.378823 0.252184 34 139 34
-1.940863 24.547893 0.080196 34 139 34
-0.231509 3.602089 -0.300124 34 139 34
-7.665869 -0.725903 -0.034660 34 139 34
-7.193446 -10.855781 -0.088314 34 139 34
4.367954 -18.267897 0.409122 34 139 34
-14.869968 -24.109813 0.011436 34 139 34
20.687521 -20.871607 -0.332888 139 69 19
11.784156 4.654464 0.209559 139 69 19
-17.054780 -13.850325 -0.014804 139 69 19
7.260324 9.240074 -0.388516 34 139 34
-20.494615 -15.648872 0.093354 34 139 34
6.559595 10.158784 -0.916355 34 139 34
-11.053795 -22.591901 -0.115109 34 139 34
13.717441 1.102363 0.522546 34 139 34
13.006440 20.084938 0.758039 139 69 19
11.401048 -9.857775 0.216552 34 139 34
-23.252169 10.154235 -0.123185 139 69 19
-4.940383 13.306768 -0.105063 139 69 19
9.757487 0.321519 0.204943 34 139 34
-11.006797 3.633295 -0.604229 34 139 34
-19.565379 -1.323884 -0.685356 34 139 34
-8.475355 -10.389238 -0.466269 139 69 19
4.759045 22.402775 -0.587893 34 139 34
-10.740118 -1.264118 -1.035692 139 69 19
-12.783525 24.788213 -0.528548 34 139 34
1.478363 -20.631088 0.113476 34 139 34
-5.329603 -3.755925 -0.263419 139 69 19
-14.684322 -11.875183 -0.024990 139 69 19
-22.108017 20.999834 -0.421453 139 69 19
-1.864387 8.411385 -0.058339 139 69 19
-0.256861 -0.025645 -0.604123 34 139 34
13.716251 7.784027 -0.141338 34 139 34
-16.317946 24.914166 -0.405422 139 69 19
11.808309 15.740689 0.240660 34 139 34
11.201083 24.878725 0.326801 139 69 19
15.386227 -5.737587 -0.942457 139 69 19
24.160230 5.249765 -0.458186 139 69 19
22.150450 -8.310148 -0.740544 34 139 34
10.214699 0.731980 -0.260815 139 69 19
24.316243 -11.973590 -0.391319 139 69 19
2.230239 10.706508 -0.241244 34 139 34
19.463755 -12.011633 -0.325837 34 139 34
16.411614 -7.121531 -0.736686 139 69 19
0.796486 6.192722 0.426535 139 69 19
22.398780 24.082419 -0.928723 139 69 19
-16.177425 5.888222 0.548673 139 69 19
-17.731930 -4.911936 -0.608368 34 139 34
-14.174695 -14.802005 -0.771716 34 139 34
-21.809398 14.506028 0.297602 34 139 34
19.956756 -15.188949 -0.110961 34 139 34
-1.243922 10.064954 -0.825920 34 139 34
5.655952 -1.132605 0.007034 34 139 34
-14.337585 -12.457227 0.119229 139 69 19
-13.464678 -13.843677 -0.216100 34 139 34
-5.601662 5.126890 -0.436483 34 139 34
-20.340671 2.482647 -0.459420 34 139 34
-23.570217 -19.624775 -0.147946 139 69 19
-19.789405 -23.661806 -0.467789 34 139 34
-9.002314 -15.347118 -1.033151 139 69 19
23.550639 -17.475663 0.310889 34 139 34
-21.975051 -7.383386 1.036453 34 139 34
-2.165221 22.049825 0.759827 34 139 34
-6.680241 -7.104778 -0.527443 34 139 34
-20.587575 14.126005 -0.246472 34 139 34
-19.187686 -6.746524 -0.391776 139 69 19
-8.183140 -13.675398 0.391750 139 69 19
-20.958661 0.347524 -0.028889 139 69 19
2.898107 -8.416535 -0.449685 34 139 34
-12.101152 24.790335 -0.723594 139 69 19
-13.703029 -4.879490 0.851552 139 69 19
10.457875 18.145056 -0.411254 34 139 34
22.327216 13.557888 -0.335353 34 139 34
2.710198 12.517220 0.317146 139 69 19
18.374347 -6.526334 0.100798 34 139 34
3.880401 15.209180 -0.806807 34 139 34
11.366255 21.554979 -0.130957 34 139 34
13.827708 -21.839769 0.061968 34 139 34
19.704550 23.021708 0.431221 139 69 19
-24.149354 3.002986 -0.213741 139 69 19
6.316416 9.694837 -0.302004 34 139 34
16.387869 12.021084 0.562436 34 139 34
5.453400 -0.116840 -0.179683 34 139 34
4.178320 -8.667671 -0.184146 139 69 19
-22.033986 4.950839 0.358567 139 69 19
6.001354 -21.055495 -0.346621 34 139 34
20.360464 -8.377779 0.811000 139 69 19
-2.911069 -24.260144 -0.441994 139 69 19
-3.003617 13.744580 0.242868 139 69 19
-22.225803 -1.193277 -0.922008 34 139 34
20.008562 -9.050963 0.022591 139 69 19
-6.269662 -11.649154 1.568968 139 69 19
-14.476371 23.997463 -0.017812 139 69 19
-12.034001 19.928556 0.214238 139 69 19
8.797070 -4.599938 0.276530 139 69 19
-18.540585 -17.246192 -0.622141 34 139 34
-8.276016 19.615963 -0.679174 34 139 34
-0.257066 2.523980 0.162281 34 139 34
5.912132 23.486230 -0.843406 34 139 34
22.349543 -3.907572 0.085899 34 139 34
-4.983169 20.889986 0.170764 139 69 19
22.200096 8.017210 -0.121530 139 69 19
-21.584054 -15.345583 0.022504 34 139 34
-12.122603 -15.146768 0.250620 139 69 19
23.367884 -23.142647 -0.031373 139 69 19
-22.327023 9.497132 0.223187 139 69 19
18.929011 10.110609 -0.493681 34 139 34
11.535790 -23.141795 -1.023552 139 69 19
-23.185799 13.142352 0.369341 139 69 19
-24.721098 20.251389 -0.053870 139 69 19
-18.389933 5.069931 -0.406049 139 69 19
12.220970 14.667686 -1.321999 139 69 19
-3.596278 -0.320739 0.575358 34 139 34
24.498421 1.130618 0.411594 139 69 19
-23.349311 -4.523284 0.273302 34 139 34
0.146863 -4.814139 -0.004553 139 69 19
5.893575 -2.579136 -1.090371 34 139 34
1.948491 13.279328 0.021535 34 139 34
-17.922372 19.018703 -0.516979 34 139 34
-14.717861 4.879302 0.147452 139 69 19
6.602332 -1.295670 -0.201178 139 69 19
-7.437390 -3.256433 0.015462 139 69 19
-14.776256 24.234248 1.233689 34 139 34
-4.092078 11.157317 -0.262067 139 69 19
-3.799861 -14.493509 -0.473250 34 139 34
-17.906151 -22.504961 -0.213452 34 139 34
-15.200940 14.526071 -0.347405 34 139 34
2.417437 -24.780593 0.204362 34 139 34
-17.661525 5.511569 -0.271992 139 69 19
-0.257278 -13.426775 -0.295753 139 69 19
-13.041405 -16.428425 -0.043089 139 69 19
13.839852 -0.984646 -0.189664 34 139 34
10.645584 7.298485 -0.076771 34 139 34
22.923390 -18.200677 -0.437732 139 69 19
14.282824 -11.761320 0.113633 139 69 19
9.408879 6.898113 0.773297 34 139 34
-1.432499 6.410252 0.262785 139 69 19
-23.517776 2.947163 0.676150 34 139 34
14.432256 20.795213 0.529319 139 69 19
18.918340 -5.505657 -0.216225 34 139 34
-4.870003 -14.849331 -0.762533 139 69 19
7.596514 12.121118 -0.635711 34 139 34
13.091005 -5.959138 0.018597 34 139 34
19.643986 1.552466 0.075454 139 69 19
19.061578 -6.881279 0.086031 139 69 19
14.695740 -9.180522 -0.407454 139 69 19
-4.061838 0.252657 0.410366 34 139 34
-2.186868 24.945258 0.668203 139 69 19
-21.570419 -24.587265 0.073378 139 69 19
-11.882538 0.291974 -0.337085 139 69 19
3.160290 0.688062 -0.443249 139 69 19
-22.527037 -10.786469 1.248756 34 139 34
22.251062 -12.934290 0.718745 139 69 19
0.594548 -23.669291 0.453524 34 139 34
-20.986027 -0.862965 -0.200080 139 69 19
-10.388155 24.770807 -0.269958 139 69 19
-5.189817 8.914438 -0.361827 139 69 19
-6.318706 -15.250248 -0.796603 34 139 34
-2.438165 13.606815 -0.073531 34 139 34
-4.242870 -18.726177 0.526466 139 69 19
16.307944 4.880559 0.154617 34 139 34
-15.507676 19.825270 -1.387501 139 69 19
9.663701 -21.715704 -0.125749 34 139 34
10.737012 -6.764214 -0.198621 34 139 34
14.186235 -18.440348 -0.627172 34 139 34
-14.424725 1.129418 0.543766 34 139 34
-10.716682 -4.766733 -0.294368 34 139 34
-10.996484 -10.156962 0.184504 34 139 34
15.769435 2.351307 -0.128291 34 139 34
21.581959 -6.489851 -0.064645 139 69 19
-8.638388 -21.998686 1.523425 139 69 19
-22.646557 -18.280922 -0.068943 34 139 34
3.543462 -6.065965 -0.382268 139 69 19
-17.269631 20.194951 0.182714 139 69 19
17.715964 1.537898 -0.219086 139 69 19
-20.304119 14.058770 0.106168 139 69 19
14.928058 20.350951 -0.258217 139 69 19
16.027978 -19.547546 0.746725 139 69 19
9.603720 0.877849 -0.054864 139 69 19
-14.296588 -19.274438 0.562647 34 139 34
13.562902 4.327187 -0.114765 139 69 19
-6.899530 -24.945829 -0.009430 139 69 19
-1.897221 12.195562 0.031294 34 139 34
0.637914 6.359954 -1.000903 34 139 34
6.981286 18.556032 0.078395 139 69 19
7.556364 9.713205 1.277788 34 139 34
-15.798326 -5.186803 0.583048 34 139 34
7.988458 24.816294 1.457648 34 139 34
-1.969552 -14.071407 0.624939 139 69 19
19.818075 -16.510272 -0.161098 139 69 19
-22.151127 -8.508738 -0.516810 139 69 19
13.420330 4.527557 -0.506556 34 139 34
7.623124 -11.074950 0.199911 34 139 34
-22.466443 14.234738 1.431801 139 69 19
-21.057325 -24.336282 -0.620136 139 69 19
-19.407629 7.110388 -0.091552 139 69 19
-15.525473 11.541655 0.015167 34 139 34
-7.735556 -21.801076 0.140847 139 69 19
8.554284 -12.895341 0.021698 139 69 19
8.348419 -0.933723 0.416620 139 69 19
18.487552 -4.172342 -0.484545 34 139 34
24.999633 9.081182 0.375062 34 139 34
-0.488673 3.826578 0.489050 34 139 34
-9.784235 5.963576 -0.225225 139 69 19
-23.362357 18.467077 -0.050929 34 139 34
4.327500 1.357371 -0.194625 34 139 34
-19.291115 -2.968516 -0.032370 139 69 19
0.068634 6.645097 -0.152979 139 69 19
-8.413232 21.412292 0.102684 34 139 34
-7.467275 7.249199 0.111613 139 69 19
-6.898538 13.437417 -0.473459 139 69 19
-8.587192 -17.893141 0.931986 139 69 19
-13.708208 15.086789 -0.270579 139 69 19
16.265912 -13.612988 0.189409 34 139 34
-20.564913 16.298249 -0.201134 139 69 19
21.141407 12.454359 0.793342 34 139 34
-24.896676 14.541916 0.388570 34 139 34
1.007198 -9.662453 0.362414 34 139 34
1.759287 -21.348520 0.129213 139 69 19
10.304758 -24.463903 -0.055926 139 69 19
-20.298955 14.441073 0.193808 139 69 19
1.201595 -15.864717 0.093241 34 139 34
-23.470674 -2.854686 -0.003941 139 69 19
24.736647 16.098997 1.115983 34 139 34
9.374906 17.788759 0.104273 139 69 19
-6.844744 -13.028355 -0.982843 34 139 34
17.578833 4.581660 -0.424798 34 139 34
23.015448 -17.382516 -0.729714 34 139 34
17.782716 0.718931 0.489514 139 69 19
5.130154 23.280875 -0.473927 34 139 34
-6.729074 4.551561 0.494772 139 69 19
-2.136851 20.431261 -0.584672 139 69 19
22.710864 19.981118 -0.103818 139 69 19
-23.239963 -5.417897 -0.380048 139 69 19
-19.029439 -10.421796 0.289253 139 69 19
-4.686923 15.327903 -0.311593 34 139 34
-11.547229 -21.448025 0.583973 139 69 19
18.803858 24.177352 -0.276878 139 69 19
20.755595 -16.594446 0.424814 139 69 19
9.632535 -19.667264 0.747903 139 69 19
17.386314 13.865104 0.945253 139 69 19
1.717225 11.998340 0.835526 34 139 34
-17.923569 15.788050 -0.125227 139 69 19
-17.866613 -12.267073 -0.772319 139 69 19
18.893824 4.506044 0.046947 139 69 19
-19.124164 6.447543 -0.543104 34 139 34
-7.007333 16.115919 0.459787 139 69 19
-6.887761 -20.142689 0.169326 139 69 19
19.951821 -15.765649 -0.433695 139 69 19
-8.337157 10.625865 0.317886 139 69 19
-2.600652 -10.306015 0.362405 139 69 19
1.163053 22.004049 0.084352 139 69 19
-18.307539 2.674977 0.134011 34 139 34
10.886528 -12.718355 -1.061642 34 139 34
-23.854244 -8.756650 -0.220270 34 139 34
-13.948075 11.692240 0.381375 139 69 19
9.720747 3.218245 -0.013243 139 69 19
-8.217732 -8.449087 -0.000157 34 139 34
8.240596 -17.321582 0.894406 139 69 19
4.283950 -12.572512 -0.941478 139 69 19
-6.227021 14.784356 -0.212670 139 69 19
-12.605259 -0.785666 -0.994562 139 69 19
-20.913247 -5.552554 -0.449983 139 69 19
3.772489 2.281736 -0.066739 34 139 34
17.572586 17.112227 -0.014722 139 69 19
-4.674526 -18.142054 0.144424 139 69 19
6.827138 -8.943079 -0.935391 139 69 19
2.318325 9.893952 -0.475967 34 139 34
10.839429 12.362113 -0.275425 139 69 19
5.148453 1.349827 0.235259 139 69 19
8.560139 -7.409553 -0.495711 34 139 34
-14.432273 15.515085 0.608010 34 139 34
19.211043 -24.150193 0.036941 139 69 19
-9.144666 22.370906 -0.406917 34 139 34
3.958821 9.990786 1.557589 139 69 19
2.053047 2.790837 0.091844 139 69 19
24.550827 -23.342505 -0.820379 139 69 19
-15.443094 11.513539 0.241126 34 139 34
-17.853372 22.224845 -0.201016 139 69 19
-5.722098 15.635457 0.684507 139 69 19
-24.821906 -6.482439 0.261402 34 139 34
-10.337229 14.782295 0.314380 139 69 19
18.455548 23.218076 -0.018574 139 69 19
-6.475752 -1.771662 0.195306 139 69 19
6.597281 -4.753940 -0.004884 34 139 34
21.062799 -8.537067 0.083669 139 69 19
10.009943 -16.671615 -0.445051 139 69 19
-17.865720 -5.342570 0.514557 34 139 34
10.160315 5.459984 0.040007 139 69 19
12.012819 19.328607 0.452681 139 69 19
18.512744 10.963794 0.229637 34 139 34
22.586322 21.478129 0.257957 139 69 19
-21.373097 -24.808247 -0.273230 139 69 19
3.988564 22.322705 0.703163 139 69 19
9.739967 -23.206939 -0.010147 139 69 19
17.141813 -9.890214 0.843497 34 139 34
6.639748 3.093480 -0.187014 34 139 34
22.899551 -2.106485 0.041852 34 139 34
5.582734 7.459085 -0.216436 34 139 34
1.686838 -19.761195 0.832743 34 139 34
24.585914 -8.886774 0.336256 139 69 19
6.246048 13.959818 -0.133560 34 139 34
-24.593321 6.983680 0.236003 34 139 34
11.824159 11.358987 0.477336 34 139 34
13.303960 15.605883 -0.008405 34 139 34
18.946162 20.907702 0.433602 34 139 34
-23.383758 -11.921574 -0.165498 139 69 19
7.838481 -14.966222 0.106756 139 69 19
-2.646023 2.116328 0.210273 139 69 19
0.768886 -13.294776 0.325911 34 139 34
-13.426122 -11.928285 -0.525919 34 139 34
-5.906064 -5.971796 0.169934 34 139 34
-12.351064 18.181063 -0.142996 34 139 34
-22.408054 21.080838 -0.234173 34 139 34
-21.351991 9.871327 -0.392288 34 139 34
18.831229 19.919883 0.267058 34 139 34
21.713475 23.687131 0.464190 34 139 34
-21.295192 -19.734811 0.402882 34 139 34
-9.630846 -22.156441 -0.372384 34 139 34
-15.094972 3.834901 0.209629 139 69 19
-2.428415 -0.313435 0.357495 139 69 19
-11.810131 -21.144077 -0.389209 34 139 34
-12.594063 11.315360 -1.177879 34 139 34
9.630188 -11.299638 -0.829691 34 139 34
10.498991 -11.952542 -0.479857 34 139 34
-3.391079 -20.239317 -0.555623 139 69 19
-4.103526 23.297453 0.299083 34 139 34
7.117034 -12.843650 0.214009 139 69 19
15.158837 -21.372863 0.102407 34 139 34
6.365332 -3.165688 -0.174251 139 69 19
4.547092 0.823897 0.001934 34 139 34
0.931820 -2.038435 -0.352191 34 139 34
-12.155017 18.241029 0.724647 139 69 19
-1.354794 3.470964 0.065149 34 139 34
22.458728 19.991003 0.081278 139 69 19
-8.153103 13.118025 -0.226179 34 139 34
4.938580 -3.132484 0.516858 139 69 19
-23.008867 -2.061595 0.881525 139 69 19
17.847762 -3.938395 -0.105965 139 69 19
-23.507268 -5.938677 -0.004094 34 139 34
-0.976529 -22.504644 -0.578319 34 139 34
9.910864 -11.365472 0.203760 139 69 19
4.891374 -20.082958 0.905299 139 69 19
-7.733591 -13.855444 -0.158509 34 139 34
-1.794497 11.994123 0.035421 34 139 34
-22.050120 -6.290350 0.092838 139 69 19
6.591930 -17.673688 0.542198 34 139 34
-2.515527 -23.167492 -0.571929 139 69 19
-18.020066 4.218042 0.747672 139 69 19
6.346351 -22.047661 0.089169 139 69 19
-3.907826 -3.099188 0.853811 34 139 34
-7.199740 -16.176956 0.487125 34 139 34
0.087852 -18.929925 1.049496 34 139 34
15.237225 12.927419 0.377136 139 69 19
-21.937690 -9.654514 -0.056258 139 69 19
-3.945205 7.819296 1.120460 139 69 19
-0.772140 10.932490 0.520387 139 69 19
18.085992 -20.812413 0.228977 139 69 19
-17.116797 15.308700 -0.192595 34 139 34
0.557088 -4.319422 0.368822 139 69 19
15.937257 23.256059 0.098148 139 69 19
-24.189673 -0.769837 -0.204035 139 69 19
7.079211 13.517807 -0.761272 139 69 19
16.200322 9.517756 -0.705936 139 69 19
-12.546622 18.009615 -0.133587 139 69 19
9.700474 -22.410984 -0.075449 139 69 19
5.678181 -16.156553 -0.209626 139 69 19
4.510760 -20.711751 -0.189144 34 139 34
-15.666881 5.337997 -0.266197 34 139 34
-11.531441 -12.815933 0.070640 139 69 19
12.126814 20.828666 0.003239 139 69 19
19.199389 -24.758721 -0.164734 34 139 34
14.067153 21.636244 0.098317 139 69 19
-14.853131 -4.631610 -0.498802 34 139 34
8.539871 20.492939 -0.255889 34 139 34
10.023177 -9.017447 0.238365 139 69 19
-24.353569 -18.619845 0.063557 34 139 34
-13.318558 4.810616 0.559553 139 69 19
-9.078375 3.151493 -0.571531 34 139 34
2.054025 -22.312540 0.040098 34 139 34
19.040000 8.576137 0.767856 139 69 19
18.444831 -11.112571 -0.215755 34 139 34
0.371632 11.615947 -0.297826 34 139 34
1.156550 24.181828 0.920947 139 69 19
-3.044743 -14.327524 0.061726 34 139 34
-22.813567 21.267517 0.428922 34 139 34
9.860680 13.203606 -0.320481 139 69 19
23.823799 14.079736 0.439517 139 69 19
9.469966 -3.389194 0.119601 139 69 19
-16.306951 12.591463 0.217018 139 69 19
5.184969 22.986620 -0.421160 139 69 19
-6.668878 20.673901 -0.676367 139 69 19
8.120176 -13.951832 0.059850 139 69 19
-14.005467 15.920202 -0.556507 139 69 19
-23.547292 17.077394 -0.061363 34 139 34
-1.284680 -5.934915 0.214522 34 139 34
-13.595772 13.388023 0.748860 139 69 19
10.169538 -4.992400 -0.367782 139 69 19
0.540927 7.692832 0.145136 139 69 19
-1.895167 -24.159565 -0.590547 34 139 34
21.887074 13.138763 0.629706 139 69 19
1.417260 -24.155476 0.056857 139 69 19
-20.959921 -4.770885 -0.256013 139 69 19
-14.267650 -16.928008 -0.303422 139 69 19
3.968143 -23.120899 -0.317605 139 69 19
-6.828458 -5.205249 0.356080 139 69 19
-0.087758 6.829940 -0.757627 139 69 19
-14.407238 10.479534 -0.037894 34 139 34
-23.091122 -3.872920 -0.364534 139 69 19
15.824531 -20.965892 -0.070745 139 69 19
21.882794 23.203081 -0.068707 34 139 34
-16.075510 23.903235 -0.169060 34 139 34
7.269371 -11.850541 0.412457 139 69 19
3.725485 -10.918215 -0.327155 34 139 34
-18.944989 16.081243 0.239823 34 139 34
15.501716 -4.188762 0.476696 139 69 19
17.350116 21.634484 0.972029 139 69 19
-5.459088 -14.751377 -0.419596 139 69 19
-3.851993 -12.658716 -0.590087 34 139 34
21.488003 17.375727 -0.224578 139 69 19
-6.085099 19.251586 0.530200 34 139 34
23.961781 13.571415 -0.673976 34 139 34
17.171547 24.431251 -0.244348 34 139 34
-23.502823 -4.513894 0.062310 139 69 19
-14.275571 -3.041705 -0.281014 34 139 34
19.325273 22.509462 -0.843810 139 69 19
-15.014365 13.885314 -0.594280 34 139 34
-16.663742 24.962273 -0.147328 139 69 19
-18.945738 -1.843685 0.388298 34 139 34
5.075815 5.501552 -0.134936 139 69 19
-23.265010 15.911968 0.183006 139 69 19
-13.386743 -15.061900 0.606793 139 69 19
2.034156 -6.176632 -0.314155 34 139 34
22.788215 13.670167 -0.168925 34 139 34
3.701929 -5.173428 -0.082820 139 69 19
-18.113643 -0.734359 1.001237 139 69 19
-19.661420 -20.373351 0.069850 139 69 19
-3.311555 -5.931181 0.238683 139 69 19
-3.590800 14.420377 0.116129 139 69 19
10.764619 -10.611925 -0.100171 34 139 34
-10.090465 15.988147 -0.052094 139 69 19
8.757951 8.890772 0.048195 34 139 34
18.810052 -23.418526 1.010936 139 69 19
-14.513427 13.160840 1.105931 139 69 19
14.535943 21.072081 0.026335 139 69 19
13.665524 24.164300 0.400236 34 139 34
5.949193 -13.976157 0.425100 34 139 34
20.777157 16.803302 0.475823 139 69 19
-22.019125 -15.018812 0.458418 139 69 19
0.092492 11.761888 -0.082221 34 139 34
-17.120934 23.401310 -1.024858 139 69 19
-3.338046 2.109034 -0.409357 34 139 34
18.230633 -3.367712 -0.915463 139 69 19
-10.379964 -15.451126 -0.882169 34 139 34
13.931350 -21.782272 -0.196674 34 139 34
0.407267 7.276895 -0.765540 139 69 19
-5.410243 -24.572287 0.726033 34 139 34
-24.080807 15.483219 0.506585 139 69 19
-9.507365 -0.666171 0.028359 34 139 34
5.425365 -13.410886 0.461550 139 69 19
2.897820 -1.405694 -0.200373 34 139 34
20.367704 -15.768573 0.260469 34 139 34
-17.295196 -3.278341 -0.333889 34 139 34
-24.476114 23.270415 -0.853403 34 139 34
1.647859 -11.759801 -0.009801 139 69 19
18.024359 20.345613 0.827148 139 69 19
1.412181 -11.956278 0.926288 34 139 34
0.722242 13.995697 -0.268184 34 139 34
17.255645 2.658461 0.315689 34 139 34
4.626063 2.327950 -0.477337 34 139 34
-3.154608 9.276908 0.701108 34 139 34
-5.062558 -0.649252 -0.147079 139 69 19
16.506094 -2.084439 -0.380878 34 139 34
-16.370015 22.598169 0.181351 34 139 34
-9.126179 20.875844 0.021437 139 69 19
-15.459237 10.011256 0.697057 139 69 19
-13.391364 14.420368 -0.506998 34 139 34
-15.569360 -15.642364 0.105279 34 139 34
-15.145730 5.861108 0.061865 34 139 34
-2.811470 23.711917 -0.117669 139 69 19
-17.794678 13.237829 0.082687 139 69 19
-8.371705 8.346483 0.061213 34 139 34
-11.464735 -11.583984 0.087006 34 139 34
-21.531902 -11.015433 -0.047256 34 139 34
-22.450264 -23.438538 -0.637273 139 69 19
-9.855235 8.662740 0.505947 34 139 34
-19.618489 18.309530 0.470727 34 139 34
16.770634 -20.800309 -0.352356 34 139 34
-12.959309 11.393600 -0.819821 139 69 19
8.563521 3.263968 -1.272648 139 69 19
-13.967788 2.461520 -0.523494 139 69 19
-23.248284 -7.967590 0.097261 34 139 34
4.044358 20.817329 0.030770 139 69 19
2.484244 16.568570 0.531362 34 139 34
17.710415 9.384198 -0.598495 34 139 34
-20.536083 -6.222620 -0.677302 139 69 19
2.836858 16.090739 0.512812 34 139 34
-20.042125 -17.590600 0.268127 34 139 34
-22.668185 -12.021363 0.121635 139 69 19
18.256018 -14.576329 -0.292809 34 139 34
9.645007 -6.087379 0.265028 34 139 34
-9.851226 -24.157425 0.019818 34 139 34
-24.999241 19.523693 0.243588 34 139 34
-1.773334 -2.512026 0.955965 139 69 19
14.899539 2.121438 0.423674 34 139 34
17.597461 7.309031 -0.162247 139 69 19
-7.529810 -21.029471 -0.270782 34 139 34
-8.238727 -10.639793 -0.548480 139 69 19
11.184283 -14.021179 -1.490074 139 69 19
-8.542380 -14.164396 -0.506163 139 69 19
-20.749400 0.259655 -0.174712 139 69 19
12.919206 15.235896 -0.759570 34 139 34
-22.891054 13.685415 0.384352 139 69 19
-24.345977 -7.277190 -0.046333 139 69 19
12.298979 -16.138988 0.221421 139 69 19
-3.135389 10.534068 -0.523771 34 139 34
0.643092 6.528661 -0.019392 139 69 19
-4.353923 0.827024 0.389765 34 139 34
-19.710493 -16.150966 -0.132652 34 139 34
15.288415 6.593806 1.009603 34 139 34
-12.291868 -15.263576 0.565718 34 139 34
-11.523686 -17.963668 0.151884 139 69 19
-15.254020 -9.865232 0.769935 34 139 34
9.859971 10.511829 -0.799906 34 139 34
-22.647888 8.749816 -0.227821 139 69 19
-12.202092 -13.811628 -0.020493 139 69 19
9.505421 11.759883 -0.153090 34 139 34
3.234242 -11.931497 0.970202 34 139 34
-6.725199 -23.608993 -0.419232 139 69 19
8.552690 19.074279 -0.374088 34 139 34
-6.855993 9.573332 -0.646117 34 139 34
20.198163 -15.813147 -0.569327 34 139 34
8.872174 11.929505 0.245918 139 69 19
-4.187104 6.448479 -0.024938 34 139 34
-7.373944 -13.074989 -0.531800 139 69 19
19.694998 6.733003 -0.082069 34 139 34
-18.779746 14.068705 0.778704 139 69 19
-0.463140 -21.648508 0.047305 139 69 19
-10.451876 -11.182760 0.095691 139 69 19
18.139982 -8.296959 0.539167 34 139 34
-4.787906 -6.826100 0.243064 139 69 19
8.954391 10.622366 0.485279 34 139 34
2.646283 -11.706991 -0.011171 139 69 19
-4.305351 -18.578815 0.193544 34 139 34
-4.568715 21.739068 0.417940 139 69 19
-5.392300 -22.790619 -0.117782 34 139 34
-4.479232 11.466764 0.850239 34 139 34
-2.043597 -19.101735 0.799560 34 139 34
-23.513094 -24.047540 -0.683750 34 139 34
-23.312763 11.283907 -0.065354 34 139 34
-13.269469 17.621916 -0.493228 139 69 19
14.268644 -8.505505 0.188743 139 69 19
-12.496243 6.683524 0.150624 34 139 34
15.215381 -19.210297 -0.658809 139 69 19
15.633186 4.755695 -0.048170 34 139 34
21.967399 8.250171 0.303878 139 69 19
-15.968321 4.982770 -0.192187 139 69 19
12.150906 -4.221984 -0.399588 34 139 34
14.177616 -20.973820 0.224573 34 139 34
-4.190571 20.044255 -0.477230 34 139 34
-2.820958 22.638322 0.696415 139 69 19
6.973856 21.674836 -0.005540 139 69 19
-3.744285 -8.982950 0.339545 34 139 34
-4.941540 2.835933 0.463379 139 69 19
-20.282503 -8.694881 -0.308919 34 139 34
-12.886290 -22.340912 0.112140 139 69 19
-0.604141 22.682331 0.240608 34 139 34
-9.792179 -9.246004 0.424232 139 69 19
9.008955 19.540179 0.025717 139 69 19
19.766434 0.902544 -0.270309 139 69 19
-2.572748 2.088995 -0.175831 34 139 34
-16.168441 -17.820335 -0.426269 139 69 19
12.933663 -22.451133 -0.178990 139 69 19
5.015017 -23.913864 0.084610 34 139 34
24.047728 4.957805 -0.165910 139 69 19
12.797099 -13.360202 -0.017726 34 139 34
-2.050248 24.012343 0.348037 139 69 19
16.972552 5.925463 -0.499756 34 139 34
1.369035 -4.862579 0.451479 139 69 19
2.055165 -16.080363 0.608732 34 139 34
10.077996 -7.901070 -0.558326 139 69 19
4.895776 19.638294 -0.190370 34 139 34
-13.289625 0.970988 -0.259589 139 69 19
2.109181 12.656492 -0.166725 34 139 34
-19.682864 -5.731469 0.129792 139 69 19
-20.113427 -2.927344 0.586829 139 69 19
-3.201355 -19.938208 -0.216409 34 139 34
3.692537 16.584412 0.512448 139 69 19
18.779056 -8.337915 0.563127 34 139 34
-14.238812 -0.582108 -0.060702 34 139 34
-4.380008 -14.037458 -0.783193 34 139 34
16.038643 -6.668953 -0.961099 34 139 34
-19.027873 -23.130869 -0.077723 139 69 19
15.658253 -19.443334 0.429633 34 139 34
17.436895 9.110406 0.635277 139 69 19
7.512770 -16.149360 0.674525 34 139 34
-14.575538 -13.066498 0.032424 34 139 34
15.645503 -24.862043 0.244508 139 69 19
24.423442 -4.653257 0.539257 139 69 19
-12.882530 -17.479385 -0.763823 139 69 19
-1.078694 18.266544 0.785572 139 69 19
-7.528497 0.831833 0.290883 34 139 34
12.843275 14.685097 -0.252330 34 139 34
-19.791569 -8.088384 0.227931 139 69 19
-19.681189 -4.018550 0.148564 34 139 34
-20.530757 16.334246 -0.132149 34 139 34
-22.795954 -3.660330 -0.996815 139 69 19
6.263425 2.696658 0.126957 139 69 19
-14.601261 -12.451205 0.223463 34 139 34
2.148962 22.578123 1.152350 139 69 19
-22.445311 -0.340625 -0.109256 139 69 19
18.626626 18.576391 -0.823516 139 69 19
-20.359937 -9.845970 -0.063778 139 69 19
0.942337 21.733813 0.504966 34 139 34
14.751857 16.379994 -0.198151 139 69 19
-5.863798 4.767246 0.300072 139 69 19
-24.669453 19.052987 0.456824 139 69 19
-0.995460 7.225680 0.637526 34 139 34
-22.394004 -7.765432 -0.348592 34 139 34
6.311941 14.200657 -0.491933 34 139 34
-1.226431 -5.375004 0.160457 34 139 34
5.234806 -8.271160 0.328512 139 69 19
-15.430065 -24.131352 -0.387021 139 69 19
4.532280 -16.609345 0.070719 34 139 34
0.204207 6.716321 0.425969 139 69 19
-21.922281 -19.898790 0.317838 34 139 34
4.327235 -17.974164 0.408013 34 139 34
-7.901655 11.975266 0.184302 139 69 19
14.693449 -17.024177 0.110620 34 139 34
-22.309271 17.336002 -0.359134 139 69 19
-7.334540 -21.866337 -0.506148 34 139 34
-11.252780 -8.191455 -0.322980 34 139 34
19.337095 4.427788 0.061259 139 69 19
-15.751893 -7.548118 0.162931 34 139 34
16.963009 -10.836797 0.227628 34 139 34
-10.403864 21.522542 0.512881 139 69 19
4.902027 -14.813590 -0.299511 139 69 19
-17.649876 -18.977787 0.378662 139 69 19
-20.264255 24.460445 0.855925 34 139 34
-21.930821 -5.261037 -0.156362 34 139 34
20.420823 2.272540 -0.365293 139 69 19
3.069794 3.657234 0.665609 34 139 34
17.040171 -19.480731 -0.286933 139 69 19
-0.565329 22.433536 0.058150 139 69 19
4.156321 1.417754 -0.455945 139 69 19
-4.487516 -14.121166 -0.542849 139 69 19
23.381604 22.678990 -0.096272 139 69 19
-7.027003 15.004142 -0.142183 139 69 19
-15.468702 6.553698 -0.187952 34 139 34
9.898295 10.620948 0.252124 34 139 34
17.433031 10.058971 0.364906 34 139 34
10.224068 -11.032594 -0.050638 139 69 19
15.556521 22.877830 0.987600 139 69 19
-24.074536 16.123539 -0.024650 34 139 34
-12.172291 3.258720 0.269185 139 69 19
2.160856 -10.098745 0.707444 139 69 19
-14.050754 13.819869 -0.056980 34 139 34
-14.107804 -8.211745 -0.815673 34 139 34
-13.790908 10.539047 -0.073294 139 69 19
-14.992330 6.808629 0.286884 34 139 34
23.409423 -3.953839 0.382421 139 69 19
-19.801308 -21.116279 0.204577 34 139 34
5.790718 -5.926954 -0.007043 139 69 19
-17.824539 -15.667448 -0.072912 34 139 34
17.186566 3.559758 0.584610 34 139 34
17.556138 -17.147127 -0.190826 139 69 19
-2.085623 -18.615059 0.674915 139 69 19
-3.160077 7.094825 0.107702 139 69 19
5.111188 18.922258 0.693918 34 139 34
10.962171 -3.697820 1.095872 34 139 34
-22.510553 9.510622 -0.490534 34 139 34
-23.925745 22.780948 -0.577354 139 69 19
20.608366 18.209796 -0.141785 139 69 19
3.085721 10.340800 -0.693680 34 139 34
-1.202710 -5.822092 0.426493 139 69 19
20.878941 15.977974 -0.331019 139 69 19
-10.526402 -10.332547 0.104049 34 139 34
11.181771 24.379502 0.250357 34 139 34
-13.624246 -13.537966 0.051993 139 69 19
10.474829 -3.947766 -0.192992 34 139 34
0.058902 -8.271445 0.196864 139 69 19
-9.259371 -16.328866 -0.194268 139 69 19
19.383289 -6.753505 0.272712 34 139 34
-0.723492 -18.065178 -0.485508 34 139 34
4.680688 24.666966 0.310228 34 139 34
11.361225 2.569339 0.069698 34 139 34
-14.611021 0.419653 0.323149 34 139 34
-12.224517 21.119023 -0.130758 139 69 19
-15.406285 -7.609312 0.181839 139 69 19
3.464084 1.513655 0.339289 139 69 19
7.129496 -20.191206 0.113197 34 139 34
8.869070 -5.558044 0.389413 139 69 19
7.344303 7.925139 0.009475 34 139 34
-18.424377 15.833530 -0.425931 139 69 19
0.442279 -9.195122 -0.813575 139 69 19
-0.947183 21.644212 0.376836 34 139 34
5.248037 -10.766363 0.738440 139 69 19
-15.345112 -0.034176 -0.303519 139 69 19
0.748346 8.984409 -0.436371 34 139 34
-12.481046 13.388430 -0.261114 139 69 19
-21.002438 -5.542227 -0.607766 139 69 19
13.272522 -22.535470 1.232683 139 69 19
-16.597754 -1.704002 0.220709 139 69 19
18.999332 -15.214616 -0.524323 139 69 19
6.100081 -11.561858 -0.280998 34 139 34
20.316667 23.423752 -0.506582 34 139 34
-14.921109 21.198391 -0.250530 34 139 34
-13.387438 -10.581865 0.026206 139 69 19
-0.468183 -17.425841 0.466907 34 139 34
20.484142 -6.312187 -0.137548 139 69 19
-12.211669 -14.748839 0.735719 139 69 19
24.093891 17.321260 0.294284 34 139 34
-22.141832 2.572493 -0.303848 34 139 34
22.709024 24.700950 0.393472 34 139 34
-21.637395 11.639207 -0.285415 34 139 34
21.675287 -4.867484 -0.449341 34 139 34
-23.921057 -23.622359 0.391815 139 69 19
2.812770 13.342834 0.167015 139 69 19
-6.484378 -3.428279 -0.855986 139 69 19
-17.293748 -5.984634 0.255349 34 139 34
-21.176134 -22.134247 -0.255811 34 139 34
4.485420 2.909985 0.174340 139 69 19
0.157486 -20.532807 -0.224820 34 139 34
5.554843 8.109335 1.115269 34 139 34
17.024651 -0.286924 0.471734 139 69 19
16.779315 3.915906 0.119099 139 69 19
-22.029085 15.103170 -0.379515 139 69 19
7.517078 -21.171191 0.328235 139 69 19
7.367516 22.886328 0.070770 34 139 34
-9.306842 -8.584803 0.703443 139 69 19
-6.237482 -8.266823 -0.339207 139 69 19
-18.394992 18.997861 -0.075063 139 69 19
-11.097078 -7.841268 0.431469 139 69 19
2.403651 -7.193360 -0.046011 34 139 34
12.156969 -19.994631 0.046478 34 139 34
-19.142508 -12.985010 -0.086316 34 139 34
0.623353 2.767533 0.295561 34 139 34
13.770579 11.252244 0.799438 34 139 34
-3.620703 -3.551835 -0.108390 34 139 34
11.279428 -10.039493 -0.453494 34 139 34
-12.135833 -20.841983 -0.341315 139 69 19
7.846410 -13.617688 -0.546733 139 69 19
20.488618 -14.157642 0.399682 139 69 19
-9.389889 9.141048 -0.185961 34 139 34
21.499409 14.025337 0.517367 139 69 19
23.614450 -19.803233 -0.398038 34 139 34
23.748607 22.875542 -0.187355 139 69 19
-0.255701 12.439020 -0.315399 34 139 34
-11.471388 -15.875332 0.458334 139 69 19
21.394926 19.728809 -0.317792 34 139 34
-10.586063 4.144979 -0.467328 34 139 34
8.273835 -18.959707 0.458713 139 69 19
-17.707557 -3.251582 -0.557474 34 139 34
-1.020615 -20.065143 0.019916 34 139 34
0.933941 22.647139 0.565443 139 69 19
-21.289701 5.141879 -0.918328 139 69 19
-13.875707 23.932882 0.176916 34 139 34
0.285268 16.903455 0.663441 34 139 34
-23.308547 -7.983034 -0.371636 139 69 19
-8.636025 20.592063 -0.200261 139 69 19
-8.603637 -4.155609 -0.456855 34 139 34
1.541397 -22.423963 -0.199699 34 139 34
7.645458 -1.057944 -0.579741 139 69 19
-21.416304 -21.187788 -0.562424 34 139 34
-22.705780 -17.437359 -0.032876 139 69 19
1.495219 -5.267086 0.092028 34 139 34
-15.495884 8.044687 0.020279 139 69 19
-16.142557 -15.989994 -0.634636 34 139 34
-3.070608 -9.942289 0.074177 139 69 19
-14.270632 15.321937 0.538850 139 69 19
-6.614834 20.508058 0.381868 139 69 19
24.255381 19.016222 -0.073187 34 139 34
5.922765 -16.496966 -0.182815 139 69 19
-13.067679 -17.211184 0.981057 139 69 19
12.574212 -11.107369 -0.003063 34 139 34
1.305688 2.713335 0.294391 34 139 34
-4.050482 20.230716 -0.440821 139 69 19
-18.941592 -1.512985 -0.909242 34 139 34
20.016626 6.430624 0.043862 34 139 34
-23.637142 -18.160767 -0.290821 34 139 34
-17.507478 15.349961 -0.200369 139 69 19
24.840328 -10.036136 0.027879 34 139 34
-20.816348 -12.061847 1.225818 139 69 19
-19.657495 1.265240 1.002326 139 69 19
12.563711 -6.217998 -0.129503 139 69 19
-10.421720 23.062998 0.454844 139 69 19
-3.297024 -15.750069 0.437261 34 139 34
6.331562 6.705424 0.379911 34 139 34
4.726445 -7.279363 0.685759 139 69 19
-6.256212 24.585709 0.270557 139 69 19
-16.327290 24.738695 -0.101778 34 139 34
-17.802967 -16.958981 -0.264733 139 69 19
-19.860809 -5.980375 -0.078223 34 139 34
12.377950 8.956151 -0.200980 139 69 19
-4.104358 17.709789 0.222411 34 139 34
1.987581 -0.971401 -0.366341 34 139 34
4.595590 -3.369921 -0.978975 34 139 34
-18.841434 -9.222330 -0.039812 139 69 19
-17.839548 -10.749433 -0.891282 139 69 19
-20.535093 -16.608591 1.215255 139 69 19
-14.512087 6.965919 -0.729531 34 139 34
-17.879225 0.623228 -0.910343 34 139 34
17.387503 -9.426015 0.275126 139 69 19
-1.770076 -17.469099 0.304991 34 139 34
-1.899097 13.385598 -0.062617 34 139 34
21.945541 18.550888 -0.175764 34 139 34
-3.357294 -14.908438 -0.420607 34 139 34
24.456475 0.572556 0.381530 34 139 34
2.566665 -16.843454 -0.081733 34 139 34
-14.050298 22.001857 -0.064874 139 69 19
2.315137 6.848921 -0.122987 139 69 19
-9.612791 6.736225 0.410300 139 69 19
15.618850 21.892435 -0.015035 139 69 19
23.180795 -23.907243 0.213351 34 139 34
-10.453582 -20.352940 0.216851 34 139 34
5.445789 -20.198510 -0.222201 34 139 34
0.461939 -19.836515 0.868512 34 139 34
2.384967 -7.171531 -0.105337 139 69 19
3.462506 -1.431910 -0.727344 139 69 19
12.611547 16.740745 -0.439006 139 69 19
-13.647635 -23.394946 0.481952 34 139 34
7.827336 19.346276 -1.050634 34 139 34
-4.324482 21.986052 0.065387 34 139 34
-7.340353 -17.902840 0.445271 34 139 34
2.897767 -7.546856 0.287536 139 69 19
-9.475944 11.798418 -0.525377 34 139 34
11.356213 14.044534 0.036134 34 139 34
-16.801108 9.019496 -0.693249 139 69 19
-19.756331 17.549583 -0.397910 34 139 34
-23.940909 11.362679 -0.892431 139 69 19
13.792433 15.304298 0.358761 139 69 19
-10.209401 8.148610 -0.239584 139 69 19
20.298400 21.421943 0.711037 34 139 34
-12.792313 -15.787160 0.242315 34 139 34
8.378357 -17.228579 1.040719 34 139 34
22.543485 -15.809953 -0.103122 34 139 34
-12.758422 -22.323823 -0.914211 34 139 34
-24.363967 6.185483 -0.022905 139 69 19
-12.189148 -23.863699 0.599190 34 139 34
-13.605809 -23.302489 0.662098 34 139 34
-23.877633 19.308823 -0.093641 34 139 34
-10.369847 -11.037087 0.474650 139 69 19
18.139195 16.403687 -0.155045 34 139 34
-13.807107 10.435808 0.164573 34 139 34
-16.324746 13.579497 0.352820 34 139 34
14.299887 -8.010520 -0.448653 34 139 34
0.985961 21.751472 0.447796 34 139 34
-21.439851 -21.172057 0.168145 139 69 19
-7.841160 8.057710 -1.015862 139 69 19
-8.580795 10.765746 0.253389 139 69 19
-19.273540 10.493006 0.413008 34 139 34
-3.937113 -2.264941 -0.426404 139 69 19
-16.077750 13.911711 0.603372 139 69 19
-22.252861 23.709089 -0.334171 34 139 34
23.665872 -11.752369 -0.189644 34 139 34
-4.916956 -4.718055 0.894014 139 69 19
-0.188692 12.027985 0.246374 139 69 19
5.092422 -20.699706 -0.150081 34 139 34
9.470997 -2.798465 -0.124387 34 139 34
-19.483166 18.523567 0.017712 34 139 34
1.636867 -16.257507 0.244059 34 139 34
-0.472951 -1.648412 -1.087489 34 139 34
15.718187 4.307162 0.395678 34 139 34
-20.479783 15.772230 -0.166788 139 69 19
-7.163021 -12.809639 0.564056 139 69 19
-4.718998 -10.525805 0.192857 34 139 34
-20.040170 -4.981003 0.161813 34 139 34
18.282553 21.220547 -0.428661 34 139 34
-17.164435 -5.004243 -0.256536 139 69 19
23.755795 -19.970596 0.085828 34 139 34
18.874734 -9.587842 -0.171535 34 139 34
14.673241 -7.872892 0.125995 34 139 34
0.583998 21.280724 -0.033532 34 139 34
21.189101 2.721893 -0.014386 139 69 19
-10.544308 20.235614 -0.008442 139 69 19
-17.416232 10.481903 -0.231240 34 139 34
11.893447 -8.752192 0.111011 34 139 34
11.573960 8.000722 -0.280647 34 139 34
-19.979737 -2.491889 0.452763 34 139 34
-16.779696 14.017977 -0.385146 34 139 34
-12.885887 -0.470442 -0.618659 139 69 19
16.616803 5.159254 -0.024245 34 139 34
1.628759 9.777156 -0.469375 34 139 34
-18.034957 1.326154 0.305955 139 69 19
0.731425 -11.007352 0.547799 139 69 19
9.883075 22.759379 0.012994 34 139 34
22.233826 8.434952 0.341482 34 139 34
-12.782000 1.502548 -0.203792 34 139 34
-22.405947 -3.873201 0.977540 34 139 34
14.108725 -22.609770 0.044195 34 139 34
-2.441607 -9.573097 -0.590176 139 69 19
0.816930 -12.773970 -0.211731 34 139 34
-18.101789 6.574698 -0.144404 34 139 34
-19.045882 -14.034400 0.531555 139 69 19
9.488602 20.515934 -0.086649 34 139 34
-18.805897 9.863401 0.198169 139 69 19
23.431916 -19.328222 0.056265 34 139 34
11.180626 -21.333946 0.448845 34 139 34
9.647381 -24.847380 0.464472 34 139 34
-0.740650 -16.489240 0.713797 139 69 19
-15.429000 18.595035 -0.206484 139 69 19
22.483354 -15.131071 -0.286737 34 139 34
21.039663 23.577160 -0.894432 34 139 34
20.376548 -11.034059 0.100845 34 139 34
8.848956 5.313020 0.454297 34 139 34
-13.463489 -18.905059 0.905189 139 69 19
-7.255634 -8.240208 0.611031 139 69 19
-14.560304 -2.303484 -0.042561 34 139 34
-17.503322 24.275273 1.190667 139 69 19
-19.832465 4.178418 0.255527 139 69 19
-12.755077 -10.420414 0.450915 34 139 34
-9.430146 2.522557 0.058179 34 139 34
7.409248 18.153107 1.328704 34 139 34
-0.427809 18.985942 -0.237524 139 69 19
7.274951 2.702533 0.024117 139 69 19
-21.224729 0.361054 0.452116 34 139 34
17.219027 1.205835 -0.454240 34 139 34
-12.435588 13.771896 -0.082248 139 69 19
-1.244629 23.425273 -0.450703 34 139 34
11.707644 19.808826 -1.021062 139 69 19
6.227536 -14.025863 -0.046246 34 139 34
-21.871521 2.302223 0.846631 34 139 34
-9.232412 6.124096 0.352291 139 69 19
-22.870926 -5.350370 -0.053681 34 139 34
10.954106 1.056380 0.222522 34 139 34
7.270873 -24.502743 -0.724028 139 69 19
-6.400437 -13.497489 0.023878 34 139 34
-1.551417 15.260884 0.356655 139 69 19
22.542818 -16.886071 0.639002 139 69 19
10.692058 8.129495 -0.347429 34 139 34
21.338113 17.172472 -0.651776 139 69 19
-8.350845 5.804740 -0.127342 34 139 34
11.852914 11.849194 -0.141301 139 69 19
-21.653701 -4.048647 0.040001 139 69 19
10.714047 -21.736072 0.110349 34 139 34
1.184058 11.197610 0.599887 139 69 19
12.119013 19.831540 -0.362107 139 69 19
0.818997 10.795502 0.128831 34 139 34
10.320893 -23.292999 -0.299152 34 139 34
5.606822 5.270808 0.440927 34 139 34
20.294446 2.747008 -0.586865 34 139 34
-11.988376 8.324011 0.576752 139 69 19
15.840534 -2.843827 0.226098 34 139 34
-17.102113 -12.856109 0.438514 34 139 34
18.590444 -22.672787 -0.009304 34 139 34
3.249806 -9.113541 -0.035409 34 139 34
8.656014 12.785104 -0.304706 139 69 19
17.844510 -11.653864 -0.174438 34 139 34
10.870685 -1.622809 -0.364614 139 69 19
-6.807318 13.045214 0.521192 139 69 19
-15.739665 23.196759 -0.377825 34 139 34
-15.350123 3.112666 -0.289609 34 139 34
24.963146 -9.356893 0.254534 139 69 19
-18.016679 21.776689 -0.120978 139 69 19
12.022226 -24.942618 -0.017641 34 139 34
12.840509 -3.575260 0.095769 139 69 19
-14.887755 -1.823489 -0.371999 139 69 19
-7.795159 -14.947172 -0.314188 139 69 19
3.461096 -21.882934 0.908691 34 139 34
-13.599348 12.029785 0.112169 34 139 34
1.569723 15.498560 0.313621 34 139 34
-7.676843 -7.482827 0.258033 139 69 19
17.429930 24.719737 0.605494 34 139 34
17.935029 -2.132799 -0.590477 139 69 19
14.632671 18.744093 -0.983774 139 69 19
-1.246016 8.468122 0.361658 139 69 19
-7.824658 -20.155492 0.077107 34 139 34
-7.161978 14.601303 -0.032954 139 69 19
21.299478 -6.129426 0.727434 139 69 19
-3.985497 -21.489047 -0.085276 34 139 34
7.010261 4.361131 -0.134442 139 69 19
23.811936 -2.703995 -0.385627 34 139 34
1.497038 0.031103 -0.109461 34 139 34
-9.162877 -22.952110 0.591768 34 139 34
-6.549778 -21.023485 -0.103993 34 139 34
-14.719050 -0.760119 -0.536101 139 69 19
4.561993 -6.723547 0.245488 139 69 19
-5.937137 21.788254 -0.476465 34 139 34
0.828195 12.773438 -0.105214 139 69 19
-14.910325 8.628240 -0.442907 34 139 34
-23.901969 -20.129935 0.402483 34 139 34
-20.861084 -11.680660 -0.808736 139 69 19
0.672031 14.683557 0.900973 139 69 19
17.936067 14.569118 0.674606 34 139 34
1.288402 -15.612261 0.205994 34 139 34
21.361582 24.627740 0.008001 139 69 19
-9.649779 13.307562 0.292741 34 139 34
10.547269 7.232470 0.269357 139 69 19
5.569965 19.977816 0.284109 34 139 34
14.988839 -2.470532 -0.599289 139 69 19
-2.958873 -16.511314 -0.536882 139 69 19
-16.622503 -6.411399 0.210104 139 69 19
-17.001132 2.906449 -0.635268 34 139 34
-17.058360 7.362146 0.275389 139 69 19
-2.256221 -21.051595 0.030399 139 69 19
-3.833164 -17.728658 0.146607 139 69 19
11.020660 13.468032 0.364305 34 139 34
-17.672087 4.253551 -0.091834 139 69 19
11.283620 -4.486696 0.371708 34 139 34
-23.913628 -2.943813 0.833555 139 69 19
-1.684662 24.335503 -0.558244 34 139 34
-19.343099 -20.862844 0.512869 34 139 34
-9.196801 -21.074105 0.375274 139 69 19
13.583971 -8.951739 0.465974 139 69 19
19.716475 17.871797 -0.593965 139 69 19
-9.510351 -12.523801 0.118759 139 69 19
12.938176 -3.655851 -0.653546 34 139 34
-21.872105 -2.351294 -0.585522 139 69 19
-14.848543 18.315292 0.369580 34 139 34
-11.695131 -1.507475 0.667906 34 139 34
-12.307274 23.210274 0.610267 34 139 34
-17.117212 -15.018591 -0.053733 34 139 34
-16.681243 24.931033 0.008101 139 69 19
7.764396 2.372119 0.073229 139 69 19
-21.843790 -3.469852 0.101978 34 139 34
-14.187083 -11.581224 -0.293145 139 69 19
-0.769700 -4.819564 0.158459 34 139 34
-23.806443 -18.026685 0.148600 139 69 19
-6.054106 -24.993409 0.183293 34 139 34
13.861551 -8.002435 0.542631 34 139 34
-22.537508 9.255273 0.088388 139 69 19
10.186304 -24.582562 0.066034 34 139 34
13.046655 -24.447340 -0.372016 139 69 19
20.734186 22.732770 0.304490 139 69 19
-22.012258 15.632699 -0.111141 139 69 19
18.056294 12.986025 0.118017 34 139 34
-8.682634 12.763123 -0.581115 139 69 19
-10.000839 12.278929 -0.457138 34 139 34
20.972285 18.403428 0.565862 139 69 19
16.504725 -1.906798 -0.212360 139 69 19
-16.183924 7.734213 0.402149 34 139 34
-24.290265 -17.977852 -0.644744 139 69 19
-16.839086 -16.780382 1.066123 34 139 34
-18.324786 7.266728 0.823218 34 139 34
18.051712 -3.285945 -0.495321 139 69 19
-10.896027 23.881558 0.393376 34 139 34
18.048306 4.517759 0.490063 139 69 19
-19.172208 1.884661 -0.159003 34 139 34
-0.680713 -23.578827 -0.152118 34 139 34
21.602176 6.450957 -0.579281 139 69 19
-2.815195 -13.024869 0.250782 34 139 34
-11.925855 -1.757963 0.378287 34 139 34
19.191772 22.568314 -0.634626 139 69 19
19.297777 -24.435131 -0.006222 34 139 34
6.107157 23.905268 0.162528 34 139 34
3.186373 -10.164177 1.076927 34 139 34
13.933472 -15.616036 1.455865 34 139 34
1.889849 -14.923826 0.306624 139 69 19
-5.308455 12.782232 -0.777997 139 69 19
-23.638510 10.199490 -0.010125 34 139 34
4.798914 -1.549866 -0.409297 139 69 19
6.455550 10.619937 -0.245582 34 139 34
21.577039 7.073461 0.608921 139 69 19
-0.281186 -4.733027 -0.494693 34 139 34
13.252405 -19.883554 -0.358408 139 69 19
8.613809 -22.655355 0.587298 139 69 19
-9.900413 -11.824972 0.155698 139 69 19
6.509287 3.170959 -0.228940 34 139 34
-0.452963 -6.184784 0.134430 139 69 19
19.955845 -12.884660 -0.917850 139 69 19
0.645615 -3.323915 0.535467 139 69 19
-20.890552 -1.631581 -0.401097 34 139 34
14.430940 9.010725 -0.545219 139 69 19
-8.355292 -3.129180 0.271697 139 69 19
-16.547595 15.756212 0.195747 139 69 19
-24.629323 -13.132941 0.360504 34 139 34
13.294874 8.927926 -0.273514 139 69 19
-3.588192 -2.217578 -0.209437 34 139 34
21.558433 -0.398239 0.290655 139 69 19
0.222466 -21.769279 0.080899 34 139 34
-10.354096 3.071008 0.396373 139 69 19
10.993872 0.023501 0.722702 34 139 34
21.380801 23.124053 0.227133 139 69 19
-19.258204 -21.170173 -0.798628 34 139 34
-5.976363 -7.120621 0.005133 34 139 34
4.288543 10.680801 -0.599081 34 139 34
13.515975 5.465723 0.089747 34 139 34
-2.216086 2.891957 0.054187 139 69 19
2.948393 -1.187903 -0.049430 139 69 19
12.559785 -15.506665 0.486211 139 69 19
-18.402782 6.540599 0.059294 139 69 19
22.043741 14.573286 1.031786 34 139 34
4.838374 6.335313 0.462725 34 139 34
-15.313365 -17.154865 0.261907 139 69 19
-11.798770 -9.009468 0.942061 139 69 19
-2.873539 12.783476 -0.169371 139 69 19
-6.500315 8.923213 -0.051963 139 69 19
-3.269638 -19.353362 -0.260402 34 139 34
8.610356 -17.904670 0.001777 34 139 34
-2.909116 -8.391061 -0.131573 139 69 19
-23.456315 -19.857172 -0.244786 139 69 19
-11.691972 -10.249957 0.356171 34 139 34
-18.367007 -17.252484 0.270709 139 69 19
-16.412441 -23.776418 0.711745 139 69 19
22.724198 24.508202 0.765192 34 139 34
1.898531 -4.146657 -0.206074 34 139 34
17.357190 6.349170 -0.048775 34 139 34
13.263461 1.952538 -0.726790 34 139 34
2.827333 10.404435 0.331628 139 69 19
-18.622238 -23.152247 -0.608419 34 139 34
-24.171156 10.059342 0.343493 139 69 19
5.359009 12.762387 1.127499 34 139 34
21.258530 5.789128 0.626179 139 69 19
-16.414633 7.963309 0.527729 139 69 19
23.766304 18.044863 -0.111015 34 139 34
-15.517035 -16.133726 0.540614 34 139 34
7.431064 -8.739481 0.739339 34 139 34
-17.038473 20.669468 -0.765654 34 139 34
15.760457 7.062048 0.365737 34 139 34
6.121968 -12.609098 -0.356351 139 69 19
-11.665309 23.340839 -1.231016 139 69 19
-24.017169 19.427989 -1.233953 139 69 19
7.718839 18.972706 0.000222 139 69 19
-14.274028 4.865915 -0.430817 139 69 19
22.751831 -23.664316 0.367257 34 139 34
17.930929 19.927114 0.142801 34 139 34
8.001173 -17.841847 0.284363 34 139 34
15.018356 11.095909 -0.258553 34 139 34
16.954394 11.866513 0.015829 139 69 19
-14.463220 16.552928 0.513261 139 69 19
23.581934 10.095075 -0.567367 139 69 19
-16.744226 -11.628312 -0.283719 34 139 34
-9.850469 16.940585 -0.066019 139 69 19
-3.717290 3.746346 0.554638 139 69 19
20.726257 19.312668 -0.366989 139 69 19
-1.648708 -22.669592 -0.093666 34 139 34
-10.566268 0.779793 0.443144 34 139 34
17.325028 8.197682 -0.527943 34 139 34
16.982779 24.912917 -0.312650 34 139 34
2.581913 -4.951182 -0.109126 34 139 34
-2.879665 -12.916258 0.486929 34 139 34
24.556230 -13.030369 0.373055 139 69 19
0.346408 -3.943588 0.302938 34 139 34
-12.796664 24.508116 -0.527477 34 139 34
2.693734 21.941268 -0.159453 139 69 19
-24.427222 -16.402969 -0.497172 34 139 34
18.428814 -17.172130 0.384858 139 69 19
3.392525 18.907489 0.653624 34 139 34
-10.266887 7.184467 -0.068119 34 139 34
9.825191 21.393543 0.345132 34 139 34
-9.887793 -17.037152 -0.260108 34 139 34
23.239859 7.272825 1.011891 139 69 19
21.318507 -19.045116 0.005332 34 139 34
7.586275 -0.673622 -0.368318 139 69 19
4.865750 5.132786 -0.332090 139 69 19
-15.077053 -15.470301 0.692703 34 139 34
9.512764 24.417180 0.799369 34 139 34
-19.667731 11.605517 -0.239008 34 139 34
-11.423482 10.166675 0.004567 34 139 34
-7.742262 14.750883 -0.298635 34 139 34
-10.993705 17.808163 0.362166 139 69 19
8.272631 -1.100757 -0.159904 139 69 19
-13.532325 -23.138610 -0.195693 34 139 34
-13.023843 16.149611 -0.101228 34 139 34
7.473925 20.871841 -0.581090 139 69 19
11.386288 22.423317 -0.469632 139 69 19
-4.397011 -23.284089 -0.253646 139 69 19
3.724818 -2.060927 1.038574 139 69 19
24.183435 1.135444 -0.079779 139 69 19
9.216171 10.269506 0.031090 139 69 19
-12.457689 12.289054 -0.867100 34 139 34
8.947497 0.012844 -0.926650 139 69 19
6.570366 -7.947066 -0.185483 34 139 34
12.321210 11.103938 -1.067931 139 69 19
0.492146 -17.134482 0.358748 139 69 19
-7.887437 4.232044 0.409013 139 69 19
9.467928 3.237538 -0.416174 139 69 19
5.650084 -17.561696 0.430354 34 139 34
11.148935 14.247353 0.268913 139 69 19
14.299390 21.359091 0.090973 34 139 34
-12.055981 -4.792913 0.484054 139 69 19
2.418288 -22.744887 0.023777 139 69 19
-16.733370 -22.643106 0.712380 34 139 34
-19.154182 23.933329 0.048832 139 69 19
-6.117927 -0.332309 -0.474080 139 69 19
12.173304 9.599706 -0.626300 34 139 34
16.721142 -16.186839 0.145784 139 69 19
-13.150392 -19.045166 0.165810 34 139 34
1.091865 6.748500 -0.152772 34 139 34
-7.502114 -24.499396 0.424284 139 69 19
24.243187 11.534240 0.407183 34 139 34
-23.882581 -12.498101 -0.512006 139 69 19
-5.289853 7.122928 -0.012832 139 69 19
21.370740 -9.495115 -0.309333 34 139 34
-20.056704 0.541219 -0.186765 34 139 34
19.751397 13.111882 -0.327106 139 69 19
1.908978 -24.312929 0.192953 139 69 19
18.728392 -12.054868 0.723843 139 69 19
23.313968 -0.250951 -1.070126 34 139 34
-2.621540 -19.301535 -0.075674 139 69 19
-17.305395 21.461181 -0.390460 34 139 34
7.306127 -20.232756 0.192897 139 69 19
-6.488905 10.753752 -0.521977 34 139 34
-19.682196 -1.735060 -0.457723 139 69 19
-4.859269 -7.744832 -0.030773 34 139 34
24.421097 -23.928896 0.078565 34 139 34
21.594275 2.589713 0.253745 139 69 19
10.343207 -17.040382 -0.711843 139 69 19
17.900147 -22.990644 -0.239608 34 139 34
-24.372306 11.914714 -0.772744 139 69 19
3.923406 -6.286552 -0.275831 139 69 19
-19.078411 -4.665594 -0.296736 139 69 19
-22.536779 15.790574 0.663182 139 69 19
-11.591336 11.733099 0.026667 139 69 19
16.353887 2.585242 0.120988 139 69 19
6.094973 -18.251241 0.014440 139 69 19
-16.998807 0.340436 -1.086748 139 69 19
19.920633 14.957073 0.438206 34 139 34
23.982023 10.975676 0.965250 34 139 34
9.824707 10.169149 -0.350570 34 139 34
14.023804 9.937194 -0.092894 139 69 19
19.387398 -17.809498 0.116796 139 69 19
19.836913 7.194021 0.141369 139 69 19
-4.588439 3.612989 -0.251244 34 139 34
-9.006905 -13.601495 0.463258 34 139 34
-3.036900 13.824181 0.560677 34 139 34
10.523128 -22.410351 0.300599 139 69 19
8.111703 -11.802598 -0.115007 34 139 34
-13.289428 -5.485484 0.135847 34 139 34
-11.428687 17.626003 -0.223163 34 139 34
-14.069454 -16.648759 0.339936 34 139 34
-10.281989 -13.211726 0.012693 139 69 19
3.106568 -4.871202 -0.886406 139 69 19
-7.374104 -4.742451 -0.322388 34 139 34
17.865917 -11.438481 0.208894 34 139 34
-17.220331 0.488119 -0.338651 34 139 34
12.580015 -13.850022 0.465037 34 139 34
-16.965114 -22.430226 0.970413 34 139 34
-6.914956 -23.006616 0.514305 139 69 19
-22.275590 12.004124 -0.121971 34 139 34
14.901664 10.548105 -0.055105 139 69 19
-14.255129 9.352003 -0.456459 139 69 19
-2.741702 18.722392 0.556592 139 69 19
-5.723839 23.601337 0.793552 139 69 19
4.949135 10.006256 1.092396 139 69 19
-8.211645 22.848140 -0.303805 139 69 19
-15.220135 17.042372 1.160894 34 139 34
-17.212555 13.815769 0.326851 139 69 19
2.572289 21.226168 0.103294 34 139 34
-14.345105 -20.767463 -0.512660 34 139 34
19.502563 5.736546 -0.820951 34 139 34
1.871589 -13.331790 0.482249 34 139 34
3.817395 -13.277939 0.294019 139 69 19
22.177512 -20.504101 0.192688 34 139 34
13.670753 4.388678 -0.733504 34 139 34
20.492427 -1.724611 -0.707057 139 69 19
-17.883236 2.593321 -0.139214 34 139 34
-21.649726 -16.121196 -0.347410 139 69 19
-17.503085 20.845270 0.536445 34 139 34
6.381200 -12.004950 0.072084 139 69 19
1.144760 -23.262275 -0.777500 34 139 34
21.373196 12.815139 -0.267263 139 69 19
10.506899 22.751987 -0.604986 139 69 19
-9.339203 -21.196490 -0.724842 34 139 34
12.716019 9.426044 0.380198 34 139 34
9.670564 10.918461 0.390868 34 139 34
0.237985 -13.100235 -0.543657 139 69 19
-18.464657 9.334035 -0.068310 139 69 19
18.032944 -2.776632 -0.418321 139 69 19
-17.972084 13.200010 -1.152011 34 139 34
-7.263790 -2.905605 -0.403193 139 69 19
-11.259455 24.413894 0.500902 139 69 19
-23.223326 -19.195439 0.067345 139 69 19
-21.213249 -5.241885 -1.347074 139 69 19
1.174379 -5.347822 0.004123 139 69 19
-8.255249 23.278039 0.458747 34 139 34
21.419873 4.389169 0.678596 34 139 34
-24.887333 17.989480 0.566110 34 139 34
-23.179548 -12.776123 -0.518999 34 139 34
17.929412 -1.562548 0.462178 139 69 19
0.644754 6.406806 -0.439779 139 69 19
7.885324 -5.680143 0.785815 34 139 34
-17.232535 -6.320700 0.004707 34 139 34
24.910816 4.485389 -0.889784 34 139 34
3.280784 20.322022 0.464474 34 139 34
5.301092 -2.976949 0.058860 139 69 19
12.388739 6.137639 0.170354 34 139 34
7.252490 24.703966 -0.543437 34 139 34
0.028136 16.307156 0.020012 34 139 34
-4.260936 -8.110753 0.652514 34 139 34
-4.202045 -8.367760 0.144522 34 139 34
-6.049235 -13.768917 -0.287789 139 69 19
-18.195809 -0.104556 -0.667888 139 69 19
-0.954246 -11.462866 -0.464527 139 69 19
-5.331275 -2.496278 -0.888699 139 69 19
1.739438 -21.474699 -0.330623 34 139 34
-0.780701 24.329730 -0.897537 34 139 34
15.062013 -12.973071 -0.771594 139 69 19
-12.646665 4.858690 -0.758807 34 139 34
24.920584 20.351185 -0.961137 34 139 34
22.469084 13.150214 0.368029 34 139 34
12.743652 24.100193 -0.333048 34 139 34
10.468019 18.800936 0.462216 139 69 19
2.349042 8.067457 1.037379 139 69 19
-21.227691 16.495967 0.141051 139 69 19
-15.253756 -2.267510 0.402064 34 139 34
-4.425591 -16.447856 0.807941 34 139 34
22.069299 8.620644 -0.426618 139 69 19
-3.325184 5.724876 -0.373770 34 139 34
23.552540 22.584784 0.149099 34 139 34
-6.818276 2.975141 0.719163 139 69 19
-7.732471 6.839242 -0.444249 34 139 34
-1.452560 -14.038037 1.100625 34 139 34
-4.607877 -20.450634 -0.043038 34 139 34
-8.226644 12.122205 -0.143498 139 69 19
-7.688616 20.787904 -0.740520 34 139 34
-18.640060 16.480348 -0.081946 34 139 34
11.248778 22.030777 -0.008100 34 139 34
-14.980829 19.221881 -0.011731 139 69 19
10.748727 -3.890840 0.245166 139 69 19
-7.314768 -13.726754 -0.184935 139 69 19
-15.500681 10.973340 -0.681806 139 69 19
7.114386 -24.938306 0.039221 34 139 34
17.679550 1.382578 0.084293 34 139 34
8.925932 16.927853 0.336976 139 69 19
-14.333054 -1.199668 -0.498330 139 69 19
15.679133 -8.120793 0.788663 139 69 19
-3.593074 21.628855 0.539931 139 69 19
6.859486 -11.755672 0.611971 139 69 19
4.090851 8.902458 -0.304452 34 139 34
-20.388407 22.311171 0.330832 34 139 34
23.636355 6.228229 -0.552254 139 69 19
-23.226960 -23.756433 -0.611465 139 69 19
6.861781 13.055867 1.138052 34 139 34
23.894122 20.078777 0.484643 34 139 34
1.361837 -16.788789 0.435487 34 139 34
24.536622 5.990910 -0.489814 34 139 34
12.233802 11.421457 0.670562 139 69 19
-0.238353 12.173107 0.470349 34 139 34
-2.984485 18.739680 -0.618657 34 139 34
-19.334658 -22.898973 -0.261232 34 139 34
7.522326 -13.605280 0.637028 139 69 19
19.116074 1.511669 -0.040541 34 139 34
3.041198 -1.714536 -0.074630 34 139 34
22.885419 4.185033 -0.401393 34 139 34
-24.713148 -6.219208 0.801323 139 69 19
13.646442 -15.759802 -0.327200 139 69 19
4.381550 -15.837775 0.658417 139 69 19
18.538156 22.710782 -0.099672 139 69 19
9.816876 -21.524843 -0.665731 34 139 34
-5.533696 -24.442396 -0.697329 139 69 19
15.434835 2.317689 0.123673 34 139 34
-0.172617 12.619204 0.130600 139 69 19
-5.931137 -5.980666 -0.087162 139 69 19
24.928334 -7.936403 0.408227 139 69 19
17.149657 -22.747570 0.191780 34 139 34
-12.408529 11.476748 -0.268187 34 139 34
21.240039 -14.779436 -0.279012 139 69 19
-6.584956 -24.960221 0.482925 139 69 19
-7.834430 -14.169166 0.574114 34 139 34
21.960630 5.804218 0.154459 139 69 19
22.722954 -9.162847 0.711175 34 139 34
-22.146913 -7.413947 -0.688326 139 69 19
23.219792 13.933543 0.195393 139 69 19
-19.183605 -9.955185 0.261214 34 139 34
6.756225 -11.506555 -0.144475 34 139 34
21.407189 -13.215421 -0.067364 139 69 19
-13.914820 16.022632 -0.550906 34 139 34
-11.586941 -22.707717 -0.294091 139 69 19
-2.290763 -4.441066 -0.074712 34 139 34
16.344288 13.251844 0.376881 139 69 19
-21.694892 9.921174 -0.557819 139 69 19
3.480836 -17.008347 0.544329 139 69 19
9.268381 -16.189686 0.557035 34 139 34
19.604595 -15.557220 0.315016 34 139 34
-20.669156 11.168565 0.429879 34 139 34
5.507661 -21.931009 -0.092650 139 69 19
-9.335985 -12.095750 -0.044878 34 139 34
4.468569 -15.481006 0.254594 34 139 34
-16.612770 2.252062 -0.758808 139 69 19
-17.000585 -21.623213 -0.259547 34 139 34
24.470857 -13.748186 -0.406421 139 69 19
-23.979169 -15.930941 0.536364 139 69 19
-20.284381 -7.240253 -0.199672 34 139 34
-5.847263 -23.811418 0.339624 34 139 34
-20.756492 -5.347921 -0.121549 34 139 34
-12.883168 15.360535 0.243609 139 69 19
6.884140 -11.205577 -0.177254 34 139 34
5.899076 2.072141 0.590146 139 69 19
-16.428871 7.574815 -0.361586 139 69 19
5.608316 -12.622820 -0.191264 139 69 19
-18.526568 4.783972 0.275247 139 69 19
-13.909763 -1.361950 -0.570947 34 139 34
14.646475 -17.719216 -0.358957 34 139 34
11.769806 2.639448 -0.598625 34 139 34
-21.248795 -22.128985 -0.388444 34 139 34
19.723582 -1.286180 -0.587239 139 69 19
9.235780 0.518709 0.994268 34 139 34
-9.545532 -1.452273 0.423550 139 69 19
-1.479863 22.090449 -0.302548 139 69 19
21.167074 -12.659658 -0.572001 34 139 34
0.582018 7.757980 0.153425 34 139 34
-0.977889 -21.252758 -0.047560 139 69 19
-1.620233 10.333347 -0.388027 139 69 19
-6.619368 -15.947563 0.682860 139 69 19
-10.136361 10.022579 0.475206 139 69 19
-23.334551 -4.718965 -0.296268 34 139 34
22.079170 -12.834692 -0.371387 34 139 34
-23.952100 -18.917242 -0.011669 34 139 34
6.730228 -2.622593 0.395835 139 69 19
18.710854 -9.474393 -0.157935 34 139 34
-6.462995 -1.995184 0.299652 139 69 19
3.720547 9.930629 -0.399234 34 139 34
-3.199226 5.189784 0.346023 34 139 34
-17.670690 -21.424028 -0.466392 34 139 34
7.070609 5.948953 0.212725 139 69 19
0.439493 8.697562 -0.407660 34 139 34
4.418519 -22.344436 -0.009722 139 69 19
-1.339688 5.621612 -1.118532 139 69 19
22.156239 -6.378850 -0.612308 34 139 34
-11.446910 7.354172 0.380807 139 69 19
-13.590399 3.135697 0.041791 34 139 34
12.967976 4.604659 -0.191712 34 139 34
22.611341 -10.584898 0.137133 139 69 19
17.812096 -18.073760 -0.252115 139 69 19
-16.224911 -5.964763 0.292472 34 139 34
24.948005 -0.841272 0.555551 139 69 19
16.713914 -23.589866 -0.522790 34 139 34
4.569453 -17.444882 0.373183 139 69 19
-13.099694 4.463650 0.735650 34 139 34
-2.733511 -3.992010 0.196250 34 139 34
-6.717657 21.309768 -0.494271 139 69 19
-11.507750 -16.754321 -0.445530 139 69 19
-14.339175 20.986518 -0.442962 139 69 19
-17.916177 -12.218710 -0.004026 139 69 19
4.118928 23.304271 0.559996 34 139 34
17.940649 -11.415967 -0.212282 139 69 19
0.223576 14.636275 -0.465410 34 139 34
15.380959 -3.450234 0.539922 139 69 19
10.294562 6.520689 -0.083793 34 139 34
20.437324 14.474736 -0.059085 139 69 19
7.703270 1.189594 0.374209 34 139 34
12.339368 2.152126 -0.354880 139 69 19
-21.374870 14.518300 -0.451216 34 139 34
-23.063936 13.929011 -0.193052 34 139 34
-12.455560 16.299369 -0.126876 139 69 19
15.018142 -23.116610 -0.138048 34 139 34
16.779147 21.799136 -0.922394 139 69 19
3.423519 -18.221344 0.127414 139 69 19
-14.776186 -2.476454 0.202606 139 69 19
23.488715 24.513084 0.546450 139 69 19
-13.726238 17.507603 0.914073 34 139 34
11.139887 21.350399 -1.169763 34 139 34
24.571156 -21.832485 -0.450244 139 69 19
24.012183 -21.426861 0.669990 139 69 19
-2.110328 16.736465 0.113406 139 69 19
0.698788 -4.138395 -1.153001 34 139 34
-5.468990 -7.437016 0.196726 139 69 19
20.693394 3.198111 0.456417 139 69 19
-21.882350 -3.156094 -0.444738 34 139 34
8.180358 -5.734645 -0.486758 34 139 34
16.417900 8.225915 0.309621 139 69 19
-24.125763 20.643669 0.275007 34 139 34
-4.568646 16.097393 0.009452 34 139 34
-19.404879 -18.303736 -0.384541 34 139 34
-1.511906 -19.576783 0.329342 34 139 34
-5.007268 -16.988444 0.452993 139 69 19
23.746165 -24.010523 0.200431 139 69 19
-3.972406 10.675190 -0.471397 139 69 19
9.938135 -16.171029 -0.488401 34 139 34
4.863858 -22.713636 -1.900040 34 139 34
16.218486 -17.103317 -0.757632 34 139 34
-2.652600 -22.216542 1.012806 34 139 34
-20.361586 24.664335 0.091916 34 139 34
-1.711703 -19.616904 0.038262 139 69 19
-20.312759 7.192574 -0.263873 34 139 34
13.811354 -18.561795 -0.057333 34 139 34
0.862340 -3.521130 1.697573 139 69 19
-23.993018 -24.307818 -0.549487 139 69 19
24.114864 -1.253829 0.840554 34 139 34
-5.778923 12.698746 0.072331 34 139 34
19.229918 0.743166 -0.676968 34 139 34
22.629286 -12.640060 0.027149 139 69 19
-7.466911 -20.914079 0.470876 139 69 19
-1.695472 -8.532012 -0.080453 139 69 19
24.593957 24.309786 -0.594462 139 69 19
6.189997 -19.847735 0.156200 34 139 34
8.714041 9.204597 0.136218 34 139 34
20.047611 -18.469423 -0.495347 34 139 34
21.437811 -6.716871 -0.734313 34 139 34
17.277882 0.825671 0.208940 34 139 34
17.502429 19.423381 0.955060 34 139 34
-24.653219 -6.376522 -0.014140 139 69 19
-9.928799 -14.327323 -0.212964 139 69 19
19.707998 10.110324 0.192361 139 69 19
20.046954 16.466504 0.343068 139 69 19
13.612657 11.360105 -0.172768 139 69 19
13.273259 16.482469 -0.329751 34 139 34
-6.675180 -21.303337 0.336508 139 69 19
7.134038 12.136156 0.092352 34 139 34
-10.188610 -18.773827 -0.155498 34 139 34
-18.986718 9.606761 0.772462 34 139 34
24.852769 -3.837151 -0.501565 139 69 19
-18.035997 -0.258802 -0.438112 34 139 34
-0.555562 2.262756 -0.342322 139 69 19
-3.136186 -15.118316 -0.927608 139 69 19
-20.848855 9.043661 0.237806 139 69 19
-20.570235 11.896368 -0.254162 34 139 34
24.318880 9.855765 -0.350146 139 69 19
17.296751 -19.457012 0.491217 34 139 34
-5.584938 -5.148881 0.265066 34 139 34
-21.160467 5.068025 -0.200460 139 69 19
16.435124 -7.799360 -0.294129 34 139 34
21.065328 18.747870 -0.226003 34 139 34
-15.997189 5.705633 0.121348 139 69 19
2.332914 19.295712 -0.082185 34 139 34
1.727207 7.440882 -0.421473 139 69 19
21.672900 -21.651726 0.544723 139 69 19
18.360257 24.681638 -0.669173 139 69 19
-11.590285 3.870887 -0.510346 139 69 19
4.967480 -24.703450 -0.836725 34 139 34
-23.616251 1.627900 0.512538 34 139 34
-16.033242 -15.080810 0.565897 139 69 19
-12.553969 8.444136 -0.062361 139 69 19
-16.070299 17.578292 0.419792 34 139 34
-14.480788 -6.936078 0.036816 34 139 34
3.332109 -1.093940 0.643849 139 69 19
15.905831 -0.392941 0.322489 139 69 19
5.842114 -21.058707 0.018230 139 69 19
0.179485 12.200213 -0.127248 34 139 34
1.098870 -6.201292 0.128568 139 69 19
4.255152 -0.310905 0.095207 34 139 34
22.503415 3.031380 0.242031 34 139 34
0.557796 -14.945584 0.499150 139 69 19
12.853794 -14.417503 -0.350601 139 69 19
-1.047873 -2.119367 0.210044 34 139 34
9.183030 3.394018 0.694374 34 139 34
10.098995 -3.154363 -0.503202 139 69 19
3.498101 11.977329 -0.494235 139 69 19
-1.446921 -14.530493 -0.070557 34 139 34
6.870501 7.460710 0.273603 34 139 34
-2.888561 -7.221057 0.411748 34 139 34
-10.905905 24.547339 -0.134027 139 69 19
-15.628511 -7.111519 0.112855 34 139 34
-20.914653 -13.040100 -0.164874 139 69 19
-18.219489 -8.978021 -0.400784 139 69 19
22.845308 -17.873637 -0.444160 34 139 34
-0.276622 23.145622 0.172452 34 139 34
-19.779645 -11.550651 0.402629 139 69 19
7.088073 -0.771780 0.127117 34 139 34
-23.333085 -3.186584 0.454383 139 69 19
-4.244131 -9.561055 -0.339876 139 69 19
-11.567763 -0.775381 0.312693 34 139 34
24.609258 4.290072 -0.096189 139 69 19
-21.211945 -21.018156 0.033537 34 139 34
7.609341 -9.948368 -0.149608 139 69 19
1.067428 -22.014408 0.392272 34 139 34
9.728144 -6.114414 -0.241233 34 139 34
-5.021984 -16.689372 0.470650 139 69 19
21.215241 10.117680 0.363922 139 69 19
-18.388362 -4.041044 0.021997 139 69 19
-15.435798 -8.549628 0.815188 34 139 34
-20.724030 -14.542754 0.240260 139 69 19
8.027441 -15.018789 -0.281565 34 139 34
-8.597836 20.290981 -0.078480 34 139 34
-23.629846 20.112980 -0.029879 34 139 34
-23.380896 -9.208250 -0.410592 34 139 34
-21.699573 -19.351503 0.495883 34 139 34
-20.482683 6.903544 -0.683917 139 69 19
-23.817960 4.847634 0.210776 34 139 34
12.343329 21.817373 0.583078 34 139 34
3.364417 -2.503881 0.306800 34 139 34
-7.046448 19.175539 -0.442779 34 139 34
-5.630995 9.209896 -0.101209 139 69 19
-6.505676 -16.147146 0.138733 34 139 34
-10.144717 -9.335607 0.332477 139 69 19
16.206242 11.501176 -0.909433 139 69 19
18.996138 -7.045124 -0.263625 34 139 34
17.109531 -1.747833 0.346466 139 69 19
5.134140 -24.857224 0.064327 34 139 34
15.851792 -9.546034 0.616767 34 139 34
-14.375153 21.133272 -0.408019 34 139 34
4.233604 -23.613433 0.514075 34 139 34
-7.450483 -3.075996 -0.291549 34 139 34
11.065018 6.362733 0.723418 139 69 19
-4.643429 19.572941 -1.028727 34 139 34
-10.904311 11.706990 -0.742449 139 69 19
9.940975 16.538764 -0.378479 139 69 19
-3.086957 -24.042950 -0.210452 139 69 19
-16.301886 -2.536740 -0.000448 139 69 19
0.151343 -11.834091 -0.160343 139 69 19
-14.728455 0.281350 0.235607 34 139 34
3.296550 5.418566 0.247464 34 139 34
8.127036 -13.457103 -0.178934 34 139 34
23.487519 21.973567 0.622682 139 69 19
18.031695 0.820168 -0.767816 34 139 34
-3.394679 24.137493 -1.215278 139 69 19
-15.034111 -9.785448 0.383626 139 69 19
-14.946629 11.406124 -0.922763 34 139 34
-9.608789 -3.680428 0.436559 34 139 34
-0.391160 2.018295 0.267770 34 139 34
17.104391 5.711339 0.870389 139 69 19
-17.846822 -1.587062 -0.103927 139 69 19
-10.464508 9.368871 0.414055 34 139 34
24.749540 -12.345898 -0.241198 139 69 19
-10.625680 11.699444 -0.803223 34 139 34
2.311277 -1.564499 -0.458547 34 139 34
13.966994 -0.152199 -0.602884 139 69 19
9.627842 9.807966 0.633725 139 69 19
12.735339 -18.871894 -0.634100 139 69 19
-10.530600 24.939679 0.224320 139 69 19
-12.995820 12.385959 0.708145 34 139 34
-5.465200 -21.377349 0.022876 34 139 34
20.112166 -24.251402 0.154269 139 69 19
0.555870 7.550959 0.493097 139 69 19
15.200402 -15.723159 -0.365815 34 139 34
-5.277243 13.094885 -0.004795 34 139 34
17.697603 18.840048 -0.307518 139 69 19
12.062605 5.569252 0.320377 139 69 19
14.893531 -22.035772 0.445507 34 139 34
-9.310365 17.062660 -0.743367 139 69 19
-21.707759 -16.213055 0.646220 139 69 19
-18.614956 20.513012 0.360948 34 139 34
12.531385 9.525931 0.194759 139 69 19
11.176661 18.227169 -0.337354 139 69 19
-4.421646 15.905137 0.086711 34 139 34
-23.455527 20.964903 0.241186 139 69 19
11.710737 -0.386646 0.211576 139 69 19
-13.902998 17.518025 0.578514 139 69 19
-2.980095 -24.116775 0.228756 139 69 19
-2.531510 -22.934237 0.046755 139 69 19
20.140474 -2.110924 -0.328986 34 139 34
19.024921 -14.856782 -0.650132 139 69 19
11.931372 -24.549424 0.605118 139 69 19
-11.765407 -16.715317 0.487707 34 139 34
-19.865865 -0.017777 -0.288367 139 69 19
-23.593597 -10.857426 -0.010680 139 69 19
-14.082803 14.301820 0.192244 139 69 19
4.195599 8.598389 -0.050827 139 69 19
-12.104623 -16.090834 -0.687951 139 69 19
-20.147855 -13.125289 -0.018635 34 139 34
14.118357 -10.063485 -0.269057 139 69 19
-13.204290 -24.341130 -0.020915 139 69 19
-1.419205 -22.707949 1.847042 34 139 34
-12.532180 21.002497 -0.464329 139 69 19
-18.601995 -21.231435 -0.365549 139 69 19
18.546896 0.249803 -0.297855 34 139 34
-3.256265 24.219669 0.565380 34 139 34
5.825846 -5.994127 -0.018130 139 69 19
-21.664734 5.444220 -0.155901 139 69 19
-13.238658 7.154665 0.565667 34 139 34
-17.409607 13.277688 0.349116 139 69 19
-24.347811 -8.726043 -1.077773 34 139 34
-17.839754 -19.642198 0.800100 139 69 19
10.137196 5.014735 0.435121 34 139 34
-16.920823 -8.929503 0.142902 139 69 19
-0.060246 -15.757053 -1.176946 34 139 34
1.056182 17.510532 0.406795 34 139 34
-8.684617 20.718526 0.093979 139 69 19
3.391054 -20.989811 -0.033132 34 139 34
-23.432541 -9.165126 -0.558108 139 69 19
7.196597 5.133391 -0.109272 139 69 19
-1.588639 -21.328156 0.955014 34 139 34
-7.247067 23.241221 -0.547585 34 139 34
-5.224244 -2.595561 -0.161215 34 139 34
-14.327519 6.058854 -0.346074 34 139 34
-9.603531 6.206876 0.825184 34 139 34
-8.482856 10.544612 0.147885 34 139 34
8.042002 14.399831 0.246771 34 139 34
11.915142 6.736706 0.313758 139 69 19
-18.330031 -8.831001 -0.588304 139 69 19
15.476412 -12.931604 0.333940 34 139 34
24.970493 13.087196 0.137333 139 69 19
-21.337529 -15.207284 0.224831 34 139 34
3.276359 12.042934 -0.105950 34 139 34
15.093626 2.288922 0.807182 34 139 34
12.970229 6.827835 0.165573 34 139 34
-19.528418 2.801721 -0.667409 139 69 19
-19.319559 22.327585 0.084461 34 139 34
19.895126 15.212516 0.435652 34 139 34
22.939795 8.323906 -0.091244 139 69 19
-4.438580 -1.949428 0.203927 34 139 34
23.693646 -10.727686 0.544193 34 139 34
4.563511 -9.972189 0.141413 139 69 19
-13.502351 21.523214 -0.163519 139 69 19
4.487537 7.947218 0.629662 139 69 19
-11.679969 -2.028739 0.403407 34 139 34
17.627667 10.361128 0.349181 34 139 34
13.372693 -5.750126 -0.874239 139 69 19
-7.706329 10.893399 0.551655 139 69 19
-19.675487 -17.744790 -0.581877 139 69 19
10.483389 -0.799235 -0.207061 139 69 19
21.287610 17.664153 0.049027 34 139 34
9.137284 -24.968998 -0.202266 139 69 19
7.908306 -14.567780 0.185117 34 139 34
-16.668601 -4.439802 -0.429122 34 139 34
21.020226 -9.089526 0.010489 34 139 34
-11.274230 15.655527 0.512688 139 69 19
-10.844818 -21.508340 -0.897229 34 139 34
15.752911 3.017159 -0.263939 139 69 19
21.843071 1.467754 -0.003453 139 69 19
0.172237 -5.239328 -0.461812 34 139 34
3.631396 -7.312665 -0.478943 139 69 19
-15.242326 4.894729 0.445716 34 139 34
5.672800 -5.798568 -0.193681 34 139 34
-23.929198 0.658342 0.232980 139 69 19
-5.316704 -17.665378 -0.286757 34 139 34
10.805440 -23.915714 -0.362546 34 139 34
-16.402852 10.489271 0.306387 34 139 34
-16.915791 21.534392 0.242181 139 69 19
-3.713300 -5.094511 1.004962 139 69 19
2.662053 12.202788 0.579330 139 69 19
6.112687 -14.586131 0.019810 34 139 34
-1.289409 -24.674904 -0.698227 139 69 19
22.336675 14.260274 0.853567 139 69 19
0.228067 22.988944 0.496271 34 139 34
-11.833113 -17.391986 0.563760 34 139 34
16.456134 3.028593 0.251548 34 139 34
13.105690 12.480668 -0.754797 34 139 34
14.402027 15.664815 -0.270625 34 139 34
8.122412 20.428096 0.526048 34 139 34
20.761122 -20.634206 -0.481199 34 139 34
-12.591019 14.718342 -0.667270 139 69 19
8.701274 -4.984907 -0.127617 34 139 34
22.533833 -3.130066 0.038485 139 69 19
2.106591 -3.876553 0.342762 34 139 34
12.618530 12.112573 -0.071236 34 139 34
20.131673 11.448582 0.277043 139 69 19
-12.767221 14.036096 -0.661910 139 69 19
12.602648 0.902652 -0.306264 139 69 19
17.695049 -10.910371 0.305261 34 139 34
24.863132 14.652269 -0.068759 34 139 34
-20.898555 19.032946 -0.697410 34 139 34
12.148351 -12.701806 0.431882 34 139 34
-6.251155 -15.072359 -0.196159 139 69 19
-9.946336 20.434652 0.334455 34 139 34
-3.182761 8.543090 0.282595 139 69 19
-11.215704 -21.878056 0.016911 34 139 34
3.317839 15.839629 -1.084049 139 69 19
22.850307 -15.499494 -0.285197 139 69 19
-23.331225 -24.570301 -0.387382 34 139 34
5.435485 13.614981 -1.121206 139 69 19
12.034068 -1.743791 0.776462 34 139 34
4.850682 22.032518 0.098712 139 69 19
11.033886 -9.139546 0.613838 34 139 34
21.384988 20.763414 0.592905 34 139 34
20.876651 19.991360 -0.932553 34 139 34
-7.695192 -17.475469 -0.287510 139 69 19
16.767569 12.486461 -0.161867 34 139 34
18.060726 13.961925 -0.685514 139 69 19
20.990072 24.571474 -0.340404 34 139 34
-3.916738 5.216883 0.506501 34 139 34
1.994111 -22.684181 0.444618 139 69 19
-5.964021 10.359185 -0.445208 139 69 19
-6.617959 0.545453 1.003436 139 69 19
8.702356 -19.854581 0.745430 34 139 34
-6.336929 24.265192 -0.318660 139 69 19
-22.305517 -19.272434 -0.603630 139 69 19
16.419484 -8.897389 0.185171 139 69 19
11.431528 2.662563 -0.408905 139 69 19
10.485922 -2.162178 0.107867 34 139 34
-14.326873 4.384013 -0.400229 139 69 19
-20.997526 -16.742687 0.606843 139 69 19
17.209866 7.319903 0.034505 139 69 19
-9.770875 -3.338072 0.342152 34 139 34
0.642601 -24.516281 -0.105906 139 69 19
-19.010439 6.049703 0.484837 34 139 34
8.729316 6.719648 -0.409618 139 69 19
-18.097239 23.194126 -0.228938 34 139 34
-2.083844 12.326998 0.117291 34 139 34
6.863167 10.861200 -0.398839 34 139 34
-1.749589 4.820333 -0.436167 139 69 19
18.105115 -11.680678 -0.075319 34 139 34
-0.753383 3.715593 -0.327699 139 69 19
-6.782657 14.063072 0.329154 139 69 19
-12.934614 -10.804847 -0.456523 139 69 19
-7.054686 -5.216622 -0.476503 139 69 19
10.398183 16.865750 0.311655 139 69 19
7.855446 15.592124 -0.094140 139 69 19
-21.419629 21.879431 0.063524 139 69 19
23.852437 -0.318257 -0.388957 34 139 34
7.836877 -0.501873 -0.192144 34 139 34
6.636147 -9.944005 0.838282 139 69 19
-20.559368 -18.655673 0.354281 139 69 19
-18.237516 3.868530 -0.028872 34 139 34
-23.090834 18.614346 -0.654852 34 139 34
7.862227 4.130067 -0.069908 34 139 34
-23.171194 -24.677199 0.499455 34 139 34
-13.453578 -19.565050 0.148943 139 69 19
9.753438 -15.344389 0.403736 34 139 34
-4.395979 24.608470 -0.077842 139 69 19
-21.549979 -15.628858 -0.091509 34 139 34
-13.710184 21.133359 -0.596484 34 139 34
-15.673725 4.080478 -0.573386 139 69 19
-18.726308 16.059921 0.555895 34 139 34
-10.398995 0.675358 -0.106843 34 139 34
-6.878127 -0.488004 0.161627 139 69 19
-3.198611 -9.618337 -0.220112 34 139 34
-21.755529 -9.924256 -0.270178 139 69 19
19.298403 -15.469265 -0.157721 139 69 19
13.306703 2.578699 0.279587 34 139 34
-8.458744 17.593910 -0.858105 139 69 19
10.049173 17.498965 -0.009684 34 139 34
-15.235862 10.526449 0.674930 139 69 19
-7.748412 12.905352 -0.606621 139 69 19
-7.836624 22.173822 0.433314 139 69 19
-20.016464 -18.670627 -0.309803 139 69 19
20.205767 -9.113280 0.785727 139 69 19
4.267095 -6.878224 -0.114064 34 139 34
20.449236 22.029618 0.635846 34 139 34
-1.958278 3.768590 -0.266530 139 69 19
2.099957 -7.007078 0.327918 139 69 19
23.768084 3.869782 -0.304286 139 69 19
0.178277 21.763298 -0.518671 139 69 19
24.455241 8.388308 -0.087275 34 139 34
12.971231 -21.029740 0.448084 34 139 34
-18.113884 13.603032 -0.433030 34 139 34
23.574460 -12.633880 -0.107420 34 139 34
23.651701 -18.563668 -0.145039 34 139 34
0.515580 12.724309 0.261946 139 69 19
-13.335715 1.632411 0.095992 139 69 19
0.760849 10.710471 0.000719 139 69 19
19.724574 16.596879 -0.141797 139 69 19
-13.131521 -2.397741 0.009120 34 139 34
-15.118682 -9.735113 -0.370663 34 139 34
10.941075 4.037383 -0.455881 139 69 19
8.405978 -12.529368 0.044494 34 139 34
-14.682596 -17.967687 -0.194575 34 139 34
1.345471 -24.022755 0.477025 34 139 34
-2.242629 22.036361 -0.501223 34 139 34
16.291876 -19.891441 0.689172 139 69 19
-0.393852 16.977659 0.670004 34 139 34
18.160562 1.541746 -0.684121 34 139 34
1.965681 -10.908595 -0.249515 139 69 19
23.130414 -16.815444 0.252004 139 69 19
1.280986 4.457233 -0.585565 34 139 34
11.379343 -18.622589 0.153886 34 139 34
-23.550765 10.235599 -0.359089 139 69 19
12.439400 1.196475 0.054740 139 69 19
20.232602 -2.091715 0.376122 139 69 19
24.700344 -21.997056 -0.750490 139 69 19
17.967384 9.931939 0.958764 139 69 19
2.401271 -12.477309 -0.436866 34 139 34
10.123754 11.558388 -1.392798 34 139 34
7.935025 20.424959 -0.588259 34 139 34
5.711399 -20.647148 -0.848155 34 139 34
20.264520 11.818712 0.320528 139 69 19
-19.210063 11.927810 0.978778 34 139 34
20.458503 4.827844 0.367812 34 139 34
16.978310 15.339696 -0.443418 34 139 34
24.421226 14.614325 0.196538 139 69 19
-18.224138 -23.737462 0.146045 139 69 19
16.270117 1.775946 0.265757 139 69 19
-10.223673 1.088381 0.425934 139 69 19
-13.379027 20.969086 -0.144882 34 139 34
6.171435 -24.638155 -0.115885 139 69 19
20.368317 -6.134321 -0.661252 34 139 34
23.222245 14.765168 -0.113448 34 139 34
-18.424959 24.031384 0.351642 34 139 34
-3.666261 -7.443332 -0.156921 34 139 34
21.271654 -11.586333 0.787519 139 69 19
3.330219 0.387131 0.745885 139 69 19
-23.790711 8.884311 0.103267 139 69 19
2.105330 24.726087 -0.079824 139 69 19
-12.332868 -3.009267 0.294133 139 69 19
-12.964840 23.359844 -0.529984 34 139 34
22.897634 15.538594 -0.916774 34 139 34
-18.693206 12.471400 -0.537983 139 69 19
2.398946 -6.466679 0.670034 34 139 34
20.897495 17.238518 -0.338213 34 139 34
-23.588543 20.529334 0.285675 34 139 34
9.344899 -1.105385 0.558555 34 139 34
-19.797635 12.658509 0.381990 34 139 34
-15.601428 -22.461128 0.350810 139 69 19
-9.101171 -16.343369 -0.216157 34 139 34
-7.379336 21.923158 -0.077155 139 69 19
-16.926858 11.301377 0.211579 34 139 34
-5.828517 20.628432 -0.329566 139 69 19
-5.287521 22.518078 -0.198748 139 69 19
1.635705 -16.137639 -0.818389 139 69 19
14.792007 19.048336 0.365902 34 139 34
-12.265608 -13.581436 0.311610 139 69 19
-8.330748 0.228803 -0.598126 34 139 34
-14.344705 -18.013718 -0.670840 34 139 34
-9.730197 9.631845 -0.012746 139 69 19
13.157622 9.034254 -0.851366 139 69 19
5.353027 -1.697983 -0.145864 139 69 19
12.216042 -2.049670 -0.043609 139 69 19
20.961712 -0.741151 -0.625610 34 139 34
6.234649 23.692283 -0.622400 34 139 34
-16.269607 12.051347 -0.401771 34 139 34
-10.353873 17.043024 0.723596 34 139 34
-23.156845 -13.420179 0.436963 139 69 19
-8.980422 17.449046 -0.635088 139 69 19
-21.991292 12.850524 0.759843 34 139 34
-2.124737 3.988177 -0.195771 34 139 34
-15.808616 -12.818065 -0.318218 34 139 34
12.441478 -8.262653 0.143028 34 139 34
-2.073488 8.251625 -0.726284 34 139 34
-10.055191 9.869387 -0.074890 34 139 34
-18.331853 20.821906 0.492141 34 139 34
0.592775 -9.429148 -0.483777 139 69 19
-16.622787 -19.205688 -0.102995 139 69 19
13.504451 22.641770 0.446229 34 139 34
-12.492587 21.439123 -0.712869 34 139 34
-14.846183 -13.466763 -0.193591 139 69 19
-13.531640 5.471866 -0.879345 139 69 19
4.458187 -24.276749 -0.666858 34 139 34
-23.308909 22.214661 0.361168 139 69 19
-16.239273 -2.630876 -0.145086 34 139 34
18.039775 18.366443 -0.552347 139 69 19
7.528609 -17.737549 -0.029518 34 139 34
-16.661175 -0.836186 0.250814 34 139 34
6.374837 17.061674 -0.122709 34 139 34
-11.414289 23.935845 0.316972 139 69 19
11.274554 22.547290 -0.366731 139 69 19
3.768551 0.329343 0.272681 34 139 34
-10.656192 -8.940648 0.074930 139 69 19
-15.154191 -2.865193 0.120602 139 69 19
3.801889 3.385421 -0.497207 34 139 34
-18.314927 19.715596 -0.411590 139 69 19
11.017033 -22.322885 0.211746 139 69 19
15.352388 -6.396644 0.165109 34 139 34
6.418113 24.150175 -0.328525 34 139 34
-1.774793 16.276885 -0.115651 34 139 34
-10.853341 0.213853 -0.553728 139 69 19
-10.215801 7.638150 -0.620025 139 69 19
13.384397 -10.985096 -0.442304 139 69 19
3.705542 -15.932610 0.444351 139 69 19
20.197833 -2.998590 0.673121 139 69 19
4.926749 20.267560 0.082322 34 139 34
22.465989 -14.764404 -0.178710 139 69 19
-15.926941 -0.667535 -0.194409 34 139 34
-11.420971 -20.891495 -0.254209 34 139 34
14.977482 20.515316 -0.511205 139 69 19
17.274908 -12.132973 0.255742 34 139 34
-22.781005 -16.028170 0.423618 34 139 34
10.329452 21.175772 -0.563931 34 139 34
-17.458339 2.326686 1.032165 139 69 19
-1.183031 7.915591 0.220780 34 139 34
20.575054 17.510347 -0.000933 139 69 19
11.254820 9.338390 -1.075143 34 139 34
-23.885168 -15.374824 -0.221096 34 139 34
-0.447247 -24.306545 0.674744 34 139 34
-21.593909 -3.892550 -0.526480 34 139 34
-11.567209 21.073171 0.055167 139 69 19
-15.205327 3.265725 0.475355 139 69 19
13.764147 -22.392257 -0.111391 34 139 34
-1.173298 1.538684 -0.065069 34 139 34
-22.400775 -18.161773 0.202938 139 69 19
-14.550732 -18.329889 -0.657741 34 139 34
9.477800 15.255036 -0.671937 34 139 34
4.489023 6.600750 -0.212519 34 139 34
0.676280 -9.216353 -0.941664 34 139 34
12.491610 4.180900 0.064810 34 139 34
-16.209006 -1.478224 0.004218 34 139 34
23.235482 -2.638592 0.318662 34 139 34
-12.763932 5.781377 -0.361350 34 139 34
-13.401741 8.612353 0.257762 34 139 34
-18.738371 3.577282 -0.114526 34 139 34
15.665702 0.603147 -0.365021 34 139 34
23.167014 -8.689943 0.329667 139 69 19
4.284704 14.284972 0.176214 139 69 19
20.001838 9.179404 -0.032787 139 69 19
20.995930 10.877420 0.293810 139 69 19
6.627442 0.462615 -0.668466 34 139 34
21.963200 4.632000 0.245953 34 139 34
18.479272 5.400476 0.846877 139 69 19
-5.727645 -12.918200 -0.372920 139 69 19
23.155019 16.856226 -0.737542 139 69 19
-20.197921 -1.119963 -0.305281 34 139 34
6.310738 16.167240 -0.264513 139 69 19
-9.734712 -21.391397 0.125670 139 69 19
-7.600489 3.609980 1.157742 34 139 34
-10.872306 -8.783369 0.149178 139 69 19
10.214612 -6.997965 -0.963718 34 139 34
-3.655041 17.991551 0.567386 139 69 19
3.286432 12.329207 0.281452 34 139 34
-0.154628 11.693632 -0.629974 139 69 19
-9.988817 13.005442 0.634279 34 139 34
-17.163737 13.787585 0.507001 139 69 19
12.104167 5.004293 -0.024473 34 139 34
-7.192805 -14.917956 0.083360 139 69 19
-6.026196 -10.850676 0.920394 34 139 34
15.492109 -17.517897 0.380589 34 139 34
6.970735 -1.815789 0.085816 139 69 19
4.755143 -3.193407 0.314681 34 139 34
-22.191409 -11.193974 -0.797450 34 139 34
-11.918377 13.181407 0.384416 139 69 19
16.699445 14.986591 0.350236 139 69 19
-2.954812 15.115578 0.180305 34 139 34
16.751334 15.259490 -0.411600 139 69 19
-16.915410 -2.487898 0.201035 139 69 19
-9.190931 -14.835104 0.495830 34 139 34
-22.713985 5.934117 0.023038 34 139 34
4.041029 -4.563493 -0.469758 34 139 34
-13.388097 7.410057 -0.505555 34 139 34
-5.063798 -3.273462 0.639849 139 69 19
6.623473 7.726824 -0.156014 139 69 19
14.444113 -17.994619 0.219871 139 69 19
5.943453 -6.305246 0.127850 34 139 34
-14.800243 -5.025201 1.422801 34 139 34
14.520802 14.556392 -0.622403 34 139 34
-19.541749 -2.994352 -1.139048 139 69 19
12.444736 -17.700170 -0.092793 139 69 19
6.074924 10.243090 0.113022 139 69 19
-22.189161 -14.102832 0.552092 34 139 34
11.357841 -14.668530 -0.549835 139 69 19
-4.953693 1.103444 0.284016 34 139 34
19.411664 8.810127 0.640375 34 139 34
-4.013259 8.114019 0.046943 139 69 19
-14.779755 9.718502 0.133971 139 69 19
9.503047 2.483549 -0.344120 139 69 19
-1.193084 6.056459 -0.558386 34 139 34
-11.597297 18.738118 0.538102 139 69 19
-10.468113 -23.885711 0.610129 139 69 19
-1.147138 -1.286881 0.515789 34 139 34
10.570351 -23.275337 -0.789909 139 69 19
-18.552078 -21.650722 -0.302466 34 139 34
-22.586048 -20.033776 0.050643 34 139 34
7.768552 -0.080678 -0.908468 34 139 34
19.131978 18.974750 -0.462649 34 139 34
11.860001 -4.279448 -0.317576 139 69 19
5.025314 1.276254 0.067454 34 139 34
-19.102332 13.091715 -0.111643 139 69 19
-3.420415 3.544667 0.374201 139 69 19
10.073110 17.082024 -0.188160 34 139 34
8.468226 10.732077 -0.193953 34 139 34
21.319471 11.896375 0.025830 34 139 34
14.439976 10.008650 0.661890 34 139 34
-20.097976 16.786106 0.351497 34 139 34
18.550763 -13.514855 0.413523 34 139 34
-6.268405 -7.147048 1.082872 34 139 34
-23.312246 -0.293366 0.292336 139 69 19
16.199452 24.754729 -0.219707 139 69 19
7.864443 -20.144403 -0.082062 139 69 19
10.462014 -5.270932 0.405345 139 69 19
-2.708808 -7.548188 -0.050908 34 139 34
-23.227708 18.235796 0.088661 34 139 34
-20.325322 5.285792 0.252094 34 139 34
13.997816 10.178734 0.650357 34 139 34
14.234541 17.517958 0.526195 34 139 34
12.694741 -17.896883 0.108044 34 139 34
20.121742 24.815771 0.222530 34 139 34
9.259900 8.417851 -0.259382 34 139 34
-18.932818 -0.119213 0.356861 34 139 34
7.128347 13.461189 0.106436 139 69 19
-9.300666 -15.935307 0.424015 139 69 19
-6.441253 -9.864257 0.162181 34 139 34
-14.789049 -14.255996 -0.784146 139 69 19
-12.957164 12.664236 0.767006 139 69 19
13.859448 -7.834377 -0.658600 34 139 34
20.871056 -7.667983 0.103568 139 69 19
-6.695469 2.759817 0.426346 34 139 34
-5.421892 4.287195 -0.109100 34 139 34
14.107508 -6.755826 0.532249 139 69 19
-18.200464 23.841008 -1.086341 139 69 19
23.953810 -0.290847 -0.588407 34 139 34
-2.684599 -17.681669 0.680572 139 69 19
-21.090682 10.115195 -0.091831 34 139 34
-21.284021 -19.351025 -0.388918 139 69 19
-17.279737 -17.139353 -0.086140 139 69 19
3.948226 11.272294 0.856891 34 139 34
-17.428105 -16.072649 -0.747195 34 139 34
10.927458 21.329778 -0.713768 139 69 19
-13.595242 19.810491 -0.123553 34 139 34
10.785062 10.141500 0.570982 34 139 34
18.952436 14.976102 -0.248510 139 69 19
16.556739 14.037780 -0.135993 34 139 34
11.288324 -4.048507 0.244581 139 69 19
9.330387 -5.442405 0.246705 34 139 34
1.189063 2.518689 -0.009615 139 69 19
16.186313 -21.827428 -0.426843 34 139 34
18.098902 9.772401 -0.297240 34 139 34
0.499633 5.534897 0.598631 34 139 34
17.950661 -14.239683 -0.380661 139 69 19
10.146870 24.000848 0.307097 34 139 34
12.220563 3.025064 0.573428 139 69 19
-12.843943 1.282582 -0.467921 139 69 19
12.024666 -24.343043 -0.049501 139 69 19
23.221912 -16.036117 0.379412 139 69 19
-23.109390 22.758653 0.289945 139 69 19
13.774577 9.294830 0.376872 34 139 34
16.336168 -15.104585 0.745821 139 69 19
-17.575670 4.162976 0.574740 34 139 34
18.971107 -15.680846 0.981025 34 139 34
-5.468805 -6.293336 0.009534 34 139 34
-16.371747 -1.664765 0.044051 34 139 34
-7.607240 -15.262324 0.261795 139 69 19
-13.414587 -20.922963 0.570810 34 139 34
-5.345358 -3.572476 -0.412861 139 69 19
-18.473021 -24.775751 -0.431033 34 139 34
-22.358986 0.347841 -0.665596 34 139 34
20.515209 -15.241126 0.469264 34 139 34
6.495471 21.193204 0.632505 139 69 19
-18.972096 -22.233840 -0.029627 34 139 34
0.149086 6.841507 -0.041197 34 139 34
13.258165 -21.181687 0.225867 34 139 34
-16.198343 8.773135 -0.024541 34 139 34
19.084758 -10.071358 -0.710799 139 69 19
-17.457254 -6.034114 0.735693 139 69 19
0.881703 7.909855 0.184049 34 139 34
15.981359 -12.278907 -0.125997 139 69 19
-5.228281 -8.589355 0.310770 139 69 19
-12.307767 -3.638108 -0.420842 34 139 34
13.547186 -15.532434 -0.179583 139 69 19
-16.854504 21.486810 -0.348628 34 139 34
-14.903103 7.454871 0.235728 34 139 34
16.610118 16.981248 0.710404 34 139 34
0.530261 -21.455548 -0.907766 139 69 19
19.374323 -18.408824 0.178704 139 69 19
10.847035 6.477980 0.092766 34 139 34
11.199961 -1.212979 0.129265 34 139 34
9.907964 22.805823 1.182877 34 139 34
0.625981 9.255346 0.121473 139 69 19
-9.598354 13.925344 0.028183 34 139 34
13.464704 -7.882937 -0.152890 139 69 19
-12.667878 -7.888107 -0.610965 139 69 19
23.166273 22.759886 -0.540518 34 139 34
13.988282 -12.818832 0.810322 139 69 19
8.094334 -1.900973 -0.453301 139 69 19
22.385038 -22.980096 0.470676 34 139 34
-22.709857 17.362720 -0.853787 34 139 34
17.366501 -0.884843 -0.530877 34 139 34
6.000998 8.073989 0.324938 34 139 34
-5.966241 -0.555173 -0.487487 139 69 19
-9.252336 -22.676016 -0.198715 34 139 34
-5.691528 23.205241 -0.009006 34 139 34
14.194976 -20.367049 -0.768010 139 69 19
-21.152406 17.401482 -0.163365 139 69 19
6.572426 -15.015973 0.306053 34 139 34
11.623243 5.096756 0.368583 34 139 34
22.677915 19.885631 0.079587 139 69 19
-8.578723 -7.329069 0.010186 139 69 19
3.973656 -11.140606 -0.094223 34 139 34
-14.061241 9.288509 0.468544 34 139 34
18.531648 -15.181941 -0.055478 139 69 19
15.039454 23.813275 0.330398 34 139 34
11.609348 -20.315322 0.283505 139 69 19
-7.524186 19.794804 0.080799 139 69 19
10.175083 -18.313510 -1.121649 34 139 34
-1.804542 -22.497201 0.248934 34 139 34
-22.244131 -21.754895 -0.026442 139 69 19
-3.987102 13.892762 0.701114 139 69 19
16.608012 15.287453 0.086270 34 139 34
-22.556910 8.288944 -0.060635 139 69 19
12.704203 1.521459 -0.469701 34 139 34
18.152421 19.573187 -0.098780 34 139 34
8.048066 9.119027 -0.757537 139 69 19
-15.426220 -11.681742 -0.150943 34 139 34
21.615607 -8.175809 0.357038 139 69 19
-18.179354 -13.440767 -0.507561 139 69 19
18.516277 12.009881 0.571372 139 69 19
16.854524 9.626626 0.190952 34 139 34
-15.564660 2.035128 -0.554796 34 139 34
-18.307540 -19.599850 -1.245476 139 69 19
-13.461610 15.585255 -0.576372 139 69 19
17.209931 -3.458369 -0.303635 34 139 34
11.630359 -0.554436 -0.467164 139 69 19
18.439688 9.624514 -0.057141 139 69 19
11.993844 0.878154 0.306507 34 139 34
-2.400870 -18.404728 -0.271102 139 69 19
-23.431975 24.426124 0.304736 139 69 19
13.059582 -5.872700 0.732724 128 128 128
13.516450 -2.025867 5.637069 128 128 128
11.285253 -5.947405 1.009660 128 128 128
12.265333 -6.184905 10.615654 178 34 34
13.332035 -2.105087 0.986346 128 128 128
11.364497 -5.994748 4.017917 178 34 34
13.089064 -3.530076 1.003792 128 128 128
13.552856 -3.489955 0.898016 128 128 128
12.958754 0.265769 2.483281 128 128 128
12.816991 -6.050183 6.967159 128 128 128
14.099272 -6.394597 0.418314 128 128 128
11.807022 -3.497756 10.633810 178 34 34
12.868288 -1.633035 2.460046 178 34 34
12.319097 -3.944226 4.765731 128 128 128
13.324794 -3.990788 7.955718 128 128 128
12.060882 0.478602 6.282690 128 128 128
12.389567 -3.251675 9.205983 178 34 34
11.229891 -0.065143 8.817731 178 34 34
13.351719 0.819145 4.981240 178 34 34
12.233144 -1.054627 5.132544 128 128 128
11.335331 -0.398410 4.005086 128 128 128
14.001296 0.058125 4.821169 178 34 34
11.280518 -2.323039 1.050466 128 128 128
12.637882 -2.448424 8.255389 178 34 34
14.047545 -5.198562 9.270043 178 34 34
11.231944 -2.456960 5.685634 128 128 128
13.516896 -5.001103 0.850039 178 34 34
11.286585 -1.583664 10.458876 128 128 128
11.110848 -4.073735 10.235850 128 128 128
12.397599 -4.790552 7.717061 128 128 128
12.276466 -4.943139 7.462354 128 128 128
11.668006 -3.988196 3.399833 178 34 34
12.194229 -5.327754 8.290349 128 128 128
13.337556 0.492806 2.501860 128 128 128
14.047770 -4.164748 5.397357 178 34 34
12.357820 -0.476923 1.928643 128 128 128
14.072537 -2.917522 7.888695 178 34 34
11.913514 -5.643700 0.326924 128 128 128
13.505436 -3.631916 4.151781 128 128 128
11.120054 0.762263 4.914859 128 128 128
11.932692 -5.885598 2.930692 128 128 128
12.849800 0.872060 3.121031 128 128 128
14.141431 -4.742575 2.074324 128 128 128
11.363896 -5.521835 7.266738 178 34 34
13.776851 -5.704847 9.636341 178 34 34
13.653912 0.720511 0.958229 128 128 128
11.949925 -5.263797 5.761060 178 34 34
11.211993 -0.583779 1.382120 178 34 34
13.555188 -2.309074 6.605021 178 34 34
13.799764 -0.488253 8.744396 128 128 128
13.416359 -5.089033 1.831662 128 128 128
12.682945 -6.529895 9.472832 128 128 128
12.256722 -1.264367 3.193324 178 34 34
12.679132 -6.487116 4.451869 128 128 128
12.311326 -3.275853 6.930771 178 34 34
12.034203 -3.975103 2.716609 128 128 128
12.600946 -0.855212 6.241592 128 128 128
11.574910 0.031936 0.801597 178 34 34
11.663430 -5.330740 8.686697 178 34 34
12.868086 -3.965799 7.035460 128 128 128
11.918681 -2.989325 6.506473 128 128 128
11.483776 -2.981088 5.105846 128 128 128
12.905112 -2.370202 2.916784 128 128 128
11.342005 -1.808971 10.033043 178 34 34
13.540983 -4.652648 4.332582 128 128 128
13.328268 -6.158850 10.507195 128 128 128
12.840906 -2.316011 3.288904 128 128 128
12.319779 -3.283378 4.610735 128 128 128
12.564753 -6.285976 4.647925 128 128 128
11.796452 0.705707 2.363647 128 128 128
13.615700 -5.215974 10.084553 128 128 128
12.850079 -2.123628 8.949527 128 128 128
11.668505 -3.794449 4.759005 128 128 128
13.366682 -4.344889 8.806385 178 34 34
11.371702 -4.219519 9.248658 178 34 34
11.589932 -5.320483 7.593859 128 128 128
13.672364 -1.062120 4.175655 128 128 128
13.086645 -2.888447 4.773862 128 128 128
11.467067 -4.540796 0.009652 128 128 128
12.855837 -1.607546 8.695621 178 34 34
14.126719 -5.585268 3.770833 128 128 128
11.796753 -5.174796 3.974715 128 128 128
13.283719 -1.975273 4.069455 178 34 34
11.513240 -0.957784 0.877753 128 128 128
13.233918 -5.343161 2.631407 128 128 128
12.392855 -0.971531 3.089380 178 34 34
12.259130 -1.775490 10.706132 128 128 128
13.143802 -4.170978 2.744488 178 34 34
11.171413 -6.322734 9.227212 178 34 34
11.518064 -1.619070 8.531865 128 128 128
13.359156 -2.836233 8.232006 128 128 128
11.604937 -4.591182 6.738044 128 128 128
13.335252 -2.002705 10.150761 128 128 128
14.124047 -2.843338 8.880844 178 34 34
12.511848 -3.217520 10.362230 178 34 34
12.813373 -0.309984 7.254358 128 128 128
12.531827 -3.747124 7.845064 128 128 128
13.769714 -0.123483 1.842726 128 128 128
13.342163 0.844313 3.820261 128 128 128
11.451309 0.072835 7.030005 128 128 128
12.072996 -0.645765 7.218237 178 34 34
12.732783 -6.128868 0.871223 128 128 128
14.039569 0.063137 2.479268 128 128 128
14.079359 -0.282500 4.420457 178 34 34
14.102554 -2.061280 1.690196 128 128 128
12.614172 -3.310468 5.723878 178 34 34
11.544400 -5.210184 8.015968 178 34 34
13.463085 0.781777 8.315774 128 128 128
11.676704 -3.819187 2.061333 178 34 34
14.007132 -1.974553 9.362344 128 128 128
13.061030 -0.200305 8.009711 128 128 128
12.580502 -5.118990 3.670139 128 128 128
13.490214 -5.886303 8.132961 178 34 34
12.641684 -2.782961 0.474909 128 128 128
12.180449 -5.026201 10.982632 128 128 128
12.606997 -0.254110 1.977371 178 34 34
11.912550 -2.684039 10.332354 128 128 128
12.034346 -1.584350 7.356006 178 34 34
13.037935 -1.861108 5.763986 128 128 128
13.197856 -3.304006 0.041237 178 34 34
14.072098 -2.059802 10.371939 128 128 128
13.153668 0.216562 8.255568 128 128 128
12.340296 -3.113145 2.868605 128 128 128
11.793261 -3.754907 6.415992 128 128 128
14.067703 -4.318769 5.982548 128 128 128
13.707357 -4.592080 11.010825 128 128 128
13.321977 -6.177045 8.150469 178 34 34
11.875767 -2.378154 3.836635 178 34 34
14.095182 -1.289324 8.917642 128 128 128
12.519720 -3.721045 9.631855 128 128 128
12.743056 -2.193105 10.322701 128 128 128
12.125967 -2.634020 1.228298 128 128 128
11.796986 0.233489 10.509735 128 128 128
11.712422 -0.346648 8.661824 128 128 128
11.989542 -1.789329 9.699860 178 34 34
12.413533 -3.610337 4.644317 128 128 128
14.126744 -2.716829 4.696701 178 34 34
11.643178 -6.361887 6.013254 128 128 128
11.882580 -0.463574 1.698238 128 128 128
13.423969 -5.387845 10.681332 128 128 128
12.563941 -5.572075 1.055411 128 128 128
12.708293 -6.002832 2.067678 128 128 128
12.916818 -2.483642 9.325167 128 128 128
13.602912 -0.895295 7.431048 128 128 128
11.860942 -3.514059 0.907718 178 34 34
12.962484 -2.578354 10.446523 128 128 128
12.071432 0.136339 4.899629 128 128 128
13.520323 -3.284400 1.072423 128 128 128
12.839825 -2.371732 2.959231 178 34 34
13.053096 -3.525322 10.221365 178 34 34
12.558656 -5.037236 8.127458 128 128 128
14.128393 -1.234909 0.891355 128 128 128
11.888080 -1.637515 4.457029 178 34 34
13.437483 -3.001853 1.941090 178 34 34
13.047360 -1.496352 5.601526 128 128 128
14.064636 -0.273665 4.240620 128 128 128
14.173365 0.238024 1.679384 128 128 128
12.970336 -2.928930 6.380993 128 128 128
11.205910 -3.650829 5.296465 128 128 128
13.337009 -0.853494 2.482057 128 128 128
11.320603 0.333509 3.840838 128 128 128
11.852835 -4.137761 6.896087 128 128 128
11.948088 -0.483412 4.009181 128 128 128
12.031031 -1.741963 3.164823 178 34 34
11.569230 -4.722342 7.854472 128 128 128
11.214038 -0.071332 2.476617 178 34 34
11.480821 -1.521791 3.137593 128 128 128
13.972674 -2.909458 6.033753 178 34 34
11.426881 -1.735363 2.461724 128 128 128
12.695554 -6.501492 4.541152 178 34 34
12.920725 -4.793842 7.664230 128 128 128
12.043005 -0.212671 5.088968 128 128 128
12.587471 -5.710619 0.232395 178 34 34
13.123294 -0.104288 4.380623 128 128 128
14.171001 -2.354229 7.845787 128 128 128
14.113950 0.171241 6.635422 178 34 34
11.960330 -0.149891 3.610622 128 128 128
11.931331 -1.649755 0.947768 128 128 128
12.333114 -4.718500 6.010645 178 34 34
11.731179 -3.248024 7.007844 128 128 128
11.411065 -4.265396 5.811594 128 128 128
13.567329 -0.217875 6.988802 178 34 34
13.915926 -1.583898 4.501478 128 128 128
11.430629 -5.373615 5.757348 178 34 34
11.389762 -2.431442 0.049040 128 128 128
12.955837 -3.694909 3.616564 128 128 128
13.215293 -0.140038 2.580498 128 128 128
13.508091 0.577199 8.405369 178 34 34
13.761787 -0.405675 8.543984 128 128 128
14.014419 0.433502 8.829823 128 128 128
11.702978 -5.665322 0.301047 128 128 128
13.629298 -2.460829 2.739451 128 128 128
11.533395 -1.908055 8.117952 128 128 128
12.887610 -2.634016 8.047939 128 128 128
12.639442 -2.029127 4.973111 128 128 128
12.274472 0.209607 4.206112 128 128 128
11.594586 -3.897363 4.446147 128 128 128
12.303408 -1.543474 2.535185 128 128 128
12.995821 -1.827622 6.162012 128 128 128
11.534254 -4.050417 7.213522 128 128 128
13.635768 -2.310619 0.360951 178 34 34
12.501148 -3.410410 11.020188 128 128 128
13.225233 -0.072302 3.015971 128 128 128
11.232927 -5.203897 3.029002 128 128 128
14.074656 -2.616488 8.840160 128 128 128
13.915118 -4.103393 4.988611 128 128 128
11.552015 -0.997941 1.125999 128 128 128
11.908435 -5.110377 2.169614 128 128 128
14.143311 -3.030595 9.270578 128 128 128
14.095294 -4.904151 6.326763 178 34 34
12.723054 -2.083095 1.193885 128 128 128
11.297502 0.860042 11.037407 128 128 128
11.322671 -0.527473 6.226440 128 128 128
13.065788 -1.445108 8.008422 128 128 128
13.801341 -6.179747 2.092565 128 128 128
12.042537 -5.148646 0.646796 128 128 128
12.868820 -5.580314 3.475725 178 34 34
11.222969 0.161365 9.378968 128 128 128
12.902002 -2.769898 8.172582 128 128 128
13.433445 -6.336820 3.400265 128 128 128
11.794949 0.139612 5.169635 128 128 128
13.829642 -5.707868 0.455264 128 128 128
12.268993 -0.452248 1.723055 178 34 34
12.813783 -4.114763 5.185614 128 128 128
11.452498 -1.105526 10.262283 128 128 128
12.735394 -3.956136 7.631074 128 128 128
11.801450 -4.192670 6.917083 128 128 128
11.824932 -3.181592 10.969514 128 128 128
11.543091 -2.315186 8.544553 178 34 34
11.936891 -0.214777 4.928921 128 128 128
12.113613 -4.418518 0.894852 178 34 34
12.744040 -3.426469 8.354982 128 128 128
14.077560 -2.579398 7.379986 128 128 128
12.883449 0.204182 0.899056 128 128 128
13.683321 -5.346521 5.473925 128 128 128
12.115661 -4.903711 8.447288 128 128 128
12.751888 -0.595207 4.341649 178 34 34
13.605247 -2.396756 0.217974 128 128 128
12.035352 -1.580908 10.312477 178 34 34
12.911287 -2.068511 8.684471 128 128 128
12.421655 -0.353211 6.382374 128 128 128
13.779763 -2.453493 8.077127 128 128 128
13.690698 -5.724436 4.077204 128 128 128
12.245795 -0.607003 5.022018 128 128 128
12.065063 -4.248528 10.438692 128 128 128
13.653206 -1.571284 2.324458 128 128 128
12.679537 -1.944579 10.179289 128 128 128
11.733882 -0.248931 7.843164 128 128 128
11.863907 -0.108816 8.350815 128 128 128
14.060334 0.380288 0.575162 178 34 34
11.884054 -4.654395 8.834901 128 128 128
12.919212 -1.184541 1.020380 178 34 34
13.754285 -2.144929 9.308663 128 128 128
11.583355 -3.906357 9.744716 128 128 128
13.207193 -2.029669 0.936024 128 128 128
13.620576 -4.104417 5.383620 128 128 128
12.119956 -0.317277 7.748847 128 128 128
13.624989 0.637655 0.751985 128 128 128
11.627373 -1.463147 3.121452 128 128 128
12.266785 -4.845270 7.907369 128 128 128
14.150341 -6.050457 6.257613 128 128 128
14.037232 -2.416710 3.021017 178 34 34
11.130435 -1.764934 1.943443 128 128 128
12.069072 0.527789 6.491857 128 128 128
11.382668 0.589884 10.472896 178 34 34
13.279286 -1.468586 6.519214 128 128 128
11.184644 -5.996368 10.131124 128 128 128
11.979681 0.461856 9.781192 128 128 128
13.612238 -5.537080 2.344720 128 128 128
12.706753 -1.071822 5.948158 178 34 34
11.980756 -3.095067 9.850616 128 128 128
12.787538 -0.683900 1.790058 128 128 128
11.802580 -1.752708 8.943834 128 128 128
11.415647 -5.612793 2.375125 128 128 128
12.200374 -3.757255 10.251525 128 128 128
12.576759 -4.017944 7.327881 178 34 34
12.780480 -4.760413 6.189128 128 128 128
13.898216 -3.386376 0.918007 128 128 128
12.141953 -6.381611 8.513564 178 34 34
12.835120 -2.856689 9.111571 178 34 34
12.409347 -4.250345 10.230654 128 128 128
12.673986 -4.659799 3.211008 178 34 34
13.167065 -0.018460 7.110989 128 128 128
11.413087 -5.925108 9.734358 178 34 34
13.250532 -1.882789 9.750447 128 128 128
14.099362 -1.363281 1.906818 128 128 128
12.451321 -3.476144 8.899305 128 128 128
14.111889 -2.746757 9.797238 178 34 34
12.387702 -4.406901 4.107499 128 128 128
12.615938 -3.360606 10.570448 128 128 128
11.130645 -2.788399 9.309353 178 34 34
13.006118 0.840563 10.373920 128 128 128
14.131864 0.611187 8.156310 178 34 34
12.069739 -4.032249 10.483922 128 128 128
11.717540 -6.425062 8.982550 128 128 128
13.421485 -4.014546 8.942613 128 128 128
12.079444 -0.005515 5.121324 178 34 34
14.045114 -3.674595 2.547195 128 128 128
13.545503 -2.995968 5.471446 128 128 128
12.676817 -0.844624 9.487989 178 34 34
12.621281 -2.747890 11.056210 128 128 128
13.183349 0.835490 0.999688 178 34 34
13.951645 -0.754976 1.468235 128 128 128
11.193104 -0.970424 2.801392 178 34 34
13.668818 -4.537661 9.749608 178 34 34
12.582754 -1.462562 2.208129 128 128 128
13.873190 -2.662202 1.228859 178 34 34
11.197984 0.723977 4.395530 128 128 128
13.689680 -0.728609 6.838965 128 128 128
13.671229 0.927087 7.320525 128 128 128
12.837865 0.681427 7.915776 178 34 34
12.507682 -1.806848 9.429900 128 128 128
11.905835 -4.156228 6.233958 178 34 34
11.390779 -4.021259 8.693506 128 128 128
12.047743 -0.029630 5.572966 178 34 34
12.598553 -2.757017 8.782342 178 34 34
13.797271 -0.983067 5.170124 178 34 34
11.258767 -0.313658 3.826167 128 128 128
11.537134 -3.943230 9.853957 128 128 128
12.951899 -0.553638 0.550139 128 128 128
12.926897 -6.245736 8.898935 178 34 34
11.808064 -6.214559 9.833053 128 128 128
12.913988 -4.930528 2.996961 128 128 128
11.304657 -1.459199 7.713710 128 128 128
13.351728 -0.237765 10.894534 128 128 128
11.739088 -3.956627 4.471601 128 128 128
11.488276 -3.517341 1.106683 178 34 34
12.332859 -1.367918 0.264803 128 128 128
14.013592 -3.826347 1.185037 178 34 34
12.344692 -6.234369 7.140720 128 128 128
12.413942 -1.111708 4.419984 128 128 128
12.351575 -3.622164 3.170109 128 128 128
11.584230 -1.386946 8.660725 128 128 128
12.083640 -4.878228 5.411156 178 34 34
13.517757 -5.983920 5.256549 128 128 128
11.917406 -2.153106 5.933016 178 34 34
12.941479 -3.192767 8.930372 128 128 128
13.816802 -6.370822 10.319879 128 128 128
12.562071 -5.208424 6.851253 178 34 34
11.706395 -5.579248 8.373349 128 128 128
11.195259 -5.051713 5.371332 178 34 34
12.428827 -4.045603 0.227016 128 128 128
11.495410 -1.113074 7.783365 128 128 128
13.729692 -4.374880 9.261403 178 34 34
11.482371 0.110744 8.346381 178 34 34
11.284459 -0.023349 5.344535 128 128 128
14.174743 -3.487759 5.245257 128 128 128
13.189827 0.842570 1.550621 128 128 128
12.847140 -3.922327 8.610918 128 128 128
12.248481 -0.553113 3.241392 128 128 128
11.563484 0.464546 1.026938 178 34 34
11.483889 -5.858592 6.784604 128 128 128
11.357010 -0.025642 6.223286 128 128 128
11.867760 -0.572282 10.613752 128 128 128
11.743487 -1.897502 3.961239 128 128 128
12.850489 -4.910847 3.017115 128 128 128
11.194675 -2.761944 1.560199 178 34 34
12.107345 -0.035701 7.943053 128 128 128
11.193142 -1.807588 2.944052 178 34 34
11.251447 0.419409 4.409201 178 34 34
11.481588 0.632076 4.436504 128 128 128
14.064572 -1.131857 10.177203 128 128 128
12.693113 0.189479 1.883173 128 128 128
13.428834 -2.993700 9.221213 128 128 128
14.006591 -3.135877 9.680030 178 34 34
13.001646 -3.049960 3.007867 128 128 128
12.497886 -4.964956 8.910974 128 128 128
13.296008 -2.669428 8.049689 128 128 128
11.276250 0.790678 4.007887 128 128 128
12.697561 0.591962 4.161015 128 128 128
13.943200 -0.120852 2.682943 128 128 128
11.296455 0.213266 0.743292 128 128 128
13.610370 -0.631483 7.769939 128 128 128
12.875230 -2.890677 5.835430 128 128 128
12.151293 -3.055410 7.567152 178 34 34
11.704057 -3.276600 0.640115 128 128 128
12.922073 -0.995989 9.910041 128 128 128
11.506182 -4.132307 8.556864 178 34 34
11.230727 0.556993 4.454819 128 128 128
12.527382 -3.653715 7.693273 128 128 128
11.149063 -4.333986 8.328847 178 34 34
11.490016 0.332663 5.916072 128 128 128
13.927766 -3.326513 9.510250 128 128 128
13.385322 -3.869657 9.451542 128 128 128
11.485704 -2.928208 3.726695 128 128 128
13.908561 -2.343313 5.047117 128 128 128
11.874181 -5.008209 6.007281 178 34 34
11.621939 -0.042573 7.633025 178 34 34
11.849471 0.540542 3.824302 128 128 128
13.020036 -4.860888 7.414834 128 128 128
12.058494 -4.054513 9.674120 178 34 34
11.996024 -6.160806 8.102516 178 34 34
12.321120 -6.162380 11.030058 128 128 128
13.270495 -0.768217 5.822435 128 128 128
13.389697 -1.023804 2.970035 128 128 128
13.709937 -3.759191 7.506666 128 128 128
12.215444 -1.613243 9.283916 178 34 34
14.123260 -6.431156 3.815951 128 128 128
11.498055 -4.174817 10.808245 178 34 34
11.343251 -0.498779 10.219624 178 34 34
11.973492 -4.493301 2.378930 128 128 128
12.725873 0.530410 3.817560 178 34 34
12.224743 -6.479291 3.738633 178 34 34
13.105850 -6.280574 3.236926 128 128 128
12.242321 -1.244874 0.501092 178 34 34
11.200902 -1.959765 3.374473 128 128 128
14.147401 -5.223709 4.332480 128 128 128
11.240884 -4.359803 0.861109 128 128 128
11.393361 -0.070946 6.282604 128 128 128
13.504369 -4.708810 2.434729 128 128 128
13.013316 -4.381557 7.742362 128 128 128
11.588289 -1.933184 3.396758 128 128 128
13.354731 -2.640151 1.220514 178 34 34
12.961117 -2.925627 10.880760 128 128 128
12.184890 0.122897 4.322779 178 34 34
11.662288 -1.155349 7.549227 178 34 34
11.496298 -3.067583 5.374028 128 128 128
13.847122 -0.983330 7.532831 128 128 128
13.410859 -0.667847 2.460935 178 34 34
13.804785 -3.547565 3.165687 128 128 128
13.701941 -4.648555 2.347285 128 128 128
12.119782 -4.520643 2.932030 128 128 128
11.603772 -6.327293 0.697603 128 128 128
13.775783 -6.099277 8.385953 178 34 34
12.301638 -6.110816 2.896403 178 34 34
12.997172 -6.176328 7.979189 178 34 34
14.131819 -0.869044 1.179376 178 34 34
12.007134 -3.687722 6.683287 128 128 128
11.656010 -5.430910 8.903495 128 128 128
12.800869 -0.651239 9.073035 178 34 34
13.981587 -2.024765 1.218364 178 34 34
13.690547 0.403690 4.213467 128 128 128
13.051868 0.662099 9.599888 128 128 128
12.243031 -2.421999 6.903991 128 128 128
11.171549 0.134300 5.938370 128 128 128
12.991795 -3.077172 4.612951 128 128 128
11.545152 -5.949565 1.162037 128 128 128
12.197121 -2.604365 0.962287 128 128 128
13.131786 -1.563856 1.646050 178 34 34
11.414200 -3.984598 7.289827 128 128 128
12.939871 -5.868215 1.410184 178 34 34
12.591610 -1.972802 3.804416 178 34 34
12.616727 -3.958669 2.372930 178 34 34
11.672574 0.549320 1.030510 128 128 128
13.844457 -5.226333 9.748516 128 128 128
11.287209 0.667350 1.959608 128 128 128
13.169794 -5.480739 8.980167 128 128 128
12.136364 -1.781631 1.723833 128 128 128
12.758298 -4.306137 8.796654 178 34 34
12.523555 -5.183654 6.051503 178 34 34
13.614644 -3.562297 8.069049 128 128 128
13.578555 -0.310738 7.629906 128 128 128
13.794942 -4.726389 6.076655 128 128 128
12.591364 -4.309853 3.413629 128 128 128
14.139262 -4.040718 6.395792 128 128 128
12.253935 -0.681003 10.524875 178 34 34
13.981766 -1.557904 9.730987 128 128 128
13.812237 -0.756494 10.057588 128 128 128
13.184220 -1.929708 4.777953 178 34 34
13.548250 -2.485088 4.304051 128 128 128
13.126069 -4.179324 7.497293 128 128 128
11.213064 0.754768 4.365699 128 128 128
12.296119 -1.877695 10.237385 128 128 128
13.559302 0.636263 5.840023 128 128 128
13.653856 0.648558 6.597613 178 34 34
12.177855 -2.898877 0.573946 178 34 34
12.202278 -2.917067 5.177022 128 128 128
13.432787 -4.653539 0.656278 128 128 128
13.416939 -4.742725 7.149887 178 34 34
13.651316 -1.001179 9.603773 128 128 128
13.479565 -2.447232 6.631686 178 34 34
13.555406 -0.816798 8.319201 128 128 128
13.972537 -5.188558 1.769478 128 128 128
12.510332 -1.945876 1.842877 128 128 128
11.116372 -0.304013 8.522831 178 34 34
11.856381 -1.416070 2.639672 128 128 128
11.620738 -2.726716 4.215386 178 34 34
11.547114 -3.807557 5.558988 128 128 128
13.680048 -4.838664 1.232912 178 34 34
12.225278 -3.095300 5.211440 178 34 34
12.696850 -2.282974 9.538392 178 34 34
13.448115 -3.603819 2.939164 128 128 128
11.825524 -6.353544 11.030111 128 128 128
11.238243 -3.692500 4.158602 128 128 128
11.147980 -4.724749 6.892120 178 34 34
12.279915 -6.044101 7.873718 128 128 128
12.040304 0.493087 9.112026 178 34 34
12.074712 -0.660074 9.755890 128 128 128
12.324110 -4.085759 1.034209 178 34 34
11.658947 -0.190951 10.598891 178 34 34
11.268863 -2.027858 7.704782 128 128 128
13.168099 -6.400081 11.057054 128 128 128
11.431558 -1.556831 1.431478 128 128 128
11.466165 -5.824835 3.247364 128 128 128
12.286188 -4.064603 9.008197 178 34 34
12.238186 -6.485637 2.174271 128 128 128
11.276156 -3.188718 6.340536 128 128 128
12.630237 -1.535842 10.569322 178 34 34
11.614531 -0.013284 4.264588 178 34 34
11.279001 -3.157293 4.325581 128 128 128
12.220503 -3.248570 4.018426 128 128 128
11.307285 0.186461 7.832914 128 128 128
12.977602 -6.496161 5.198355 128 128 128
12.449572 -1.948582 1.273369 128 128 128
12.357832 -5.157344 6.548343 178 34 34
13.991076 -3.900734 1.320555 178 34 34
11.169136 -5.922839 6.448428 128 128 128
11.776230 -1.062025 2.036319 128 128 128
12.383880 0.151137 0.823099 128 128 128
12.003500 -4.947406 5.197250 178 34 34
12.397541 -2.741989 3.009905 128 128 128
12.380588 -2.450423 4.761687 178 34 34
11.416269 -4.922819 10.320138 128 128 128
11.698364 -3.486724 5.566564 178 34 34
13.882989 -1.558577 1.828835 128 128 128
12.075763 -6.440169 10.467126 178 34 34
14.048921 -6.387721 6.327940 128 128 128
11.644148 -1.298596 1.893475 128 128 128
13.648032 -0.524351 0.124300 128 128 128
12.027370 -1.359033 8.479023 128 128 128
11.235093 -4.051290 1.461071 178 34 34
14.004058 -3.822754 6.249040 128 128 128
11.873777 -2.437341 6.511318 128 128 128
11.877039 -0.466987 11.035821 128 128 128
14.099472 -3.458279 9.462979 128 128 128
12.543384 -1.686243 7.114774 128 128 128
11.383177 -4.578895 9.083112 178 34 34
11.647174 -6.301514 2.337227 128 128 128
12.916230 -2.035803 8.501597 128 128 128
12.956201 -2.038117 0.232847 128 128 128
11.768679 0.511924 1.956171 128 128 128
11.525072 -1.735818 10.236061 128 128 128
11.507445 0.696919 1.282773 178 34 34
13.753043 -5.336478 6.252699 128 128 128
13.851755 -6.218013 7.171839 178 34 34
12.585341 -6.009345 9.294671 128 128 128
13.874819 -0.401821 3.478772 178 34 34
12.536675 -3.798814 5.439511 178 34 34
14.087235 -2.367979 0.593955 128 128 128
12.884853 -5.159291 5.845398 128 128 128
13.142779 -3.481332 1.238784 128 128 128
11.795344 0.894028 0.346294 178 34 34
11.732416 -0.136127 7.541949 128 128 128
11.268550 -5.513942 7.872442 128 128 128
14.012116 0.286330 2.531536 178 34 34
11.891203 -0.637542 10.879046 128 128 128
13.373860 -4.383770 10.559317 128 128 128
12.242308 0.296593 10.082968 178 34 34
13.522321 0.280466 0.874870 128 128 128
14.154523 0.784000 8.374625 178 34 34
12.627894 -0.600630 8.404185 128 128 128
13.298922 -0.401670 3.453717 128 128 128
12.085768 -0.978782 1.687394 128 128 128
12.972031 0.375579 5.070602 128 128 128
12.316662 -0.286416 7.742146 128 128 128
11.191000 -2.982137 5.910332 178 34 34
13.409605 -0.747182 4.999621 128 128 128
11.908553 -5.631849 10.970850 128 128 128
12.303938 -2.474002 7.482590 128 128 128
13.878880 -1.352174 1.187230 178 34 34
13.994190 -5.054259 7.530439 178 34 34
13.105146 -5.340052 4.307055 128 128 128
12.454551 -4.595673 4.802716 128 128 128
11.259810 -0.100051 0.564909 128 128 128
12.147428 0.546915 9.393547 128 128 128
11.443461 -6.252685 5.461127 128 128 128
11.490933 -2.265124 11.066893 178 34 34
13.098069 -1.815141 6.490279 128 128 128
13.932416 -3.039065 8.792228 128 128 128
13.432624 -2.806718 7.904454 128 128 128
13.961885 -4.363469 6.220799 128 128 128
12.619263 -5.066269 10.707695 178 34 34
13.543031 -4.392938 5.540980 128 128 128
11.371381 -1.604708 4.546305 128 128 128
13.357071 -1.816692 7.551308 178 34 34
11.421327 -5.589743 10.618315 128 128 128
11.180161 -4.430015 8.840663 128 128 128
14.128670 -2.322669 2.819136 178 34 34
13.857319 -0.040150 7.081694 128 128 128
11.423628 0.040906 6.128349 128 128 128
13.513469 0.652909 10.395813 128 128 128
14.094707 -2.535108 7.213772 128 128 128
12.696997 -1.123418 2.139326 128 128 128
11.161216 -4.538740 2.015057 178 34 34
13.392676 -2.847171 5.796939 128 128 128
13.412396 -4.732986 7.005494 128 128 128
11.338363 0.646376 3.480111 128 128 128
13.649771 -4.270646 8.056826 128 128 128
13.598635 -0.052481 2.227842 178 34 34
11.867193 -3.019367 10.692400 128 128 128
11.719761 -1.178370 3.109760 128 128 128
13.888033 -2.116601 5.933527 128 128 128
12.635903 -6.373866 0.205050 128 128 128
12.218807 -0.059573 8.887737 178 34 34
12.080016 -6.322681 1.442355 128 128 128
13.638488 -5.859884 7.881388 128 128 128
12.136164 -4.882345 10.930369 128 128 128
12.471411 -2.928191 1.540042 128 128 128
12.623962 -4.857031 0.265436 128 128 128
12.509781 -1.073853 7.498258 128 128 128
12.247815 -5.063738 5.254310 128 128 128
12.372286 -6.085480 8.982116 128 128 128
12.795733 0.639381 5.446321 178 34 34
13.626100 -2.665965 4.251492 178 34 34
11.119418 -1.316796 1.521814 178 34 34
12.691154 -5.838849 8.517098 178 34 34
11.253731 -1.706509 9.643380 178 34 34
12.326455 -3.722967 0.419539 178 34 34
11.735632 -2.850636 4.548519 178 34 34
12.092427 -2.401571 8.459547 128 128 128
13.776859 -1.734544 7.562038 128 128 128
11.317772 -2.532361 5.924686 178 34 34
12.315298 -3.308824 0.874900 128 128 128
11.875270 -3.897916 7.619213 128 128 128
13.641377 -5.186551 2.788098 178 34 34
12.637023 -2.792884 10.127274 178 34 34
11.524641 -3.001759 10.381097 128 128 128
12.217294 -3.237368 4.184110 128 128 128
13.283636 -2.867631 1.948239 128 128 128
13.800068 -1.131078 4.920342 178 34 34
11.619716 -2.863412 8.222841 128 128 128
11.371842 -0.367249 3.972279 128 128 128
12.270870 -1.281453 7.742524 128 128 128
11.128499 -3.868328 4.531965 178 34 34
12.898045 -4.749502 3.489489 128 128 128
13.742823 -5.548399 7.794388 178 34 34
12.108869 -5.270049 7.202245 128 128 128
11.134898 -1.899546 10.159498 128 128 128
11.794325 -0.844108 5.217428 128 128 128
12.760912 -5.953600 2.895375 128 128 128
14.113715 -1.566035 0.206363 128 128 128
13.546695 -5.521913 1.869116 128 128 128
13.533009 -4.636543 10.472857 128 128 128
13.719684 -1.689143 4.388547 178 34 34
13.940047 -6.290656 1.952176 128 128 128
13.137152 0.903484 8.670227 128 128 128
11.447705 -3.465145 7.943050 128 128 128
11.775962 -2.149044 6.855008 178 34 34
11.977144 -3.115264 1.245275 178 34 34
13.915433 -4.893757 1.259934 128 128 128
14.174210 -1.225305 6.832318 128 128 128
13.166931 -4.570280 0.844256 128 128 128
13.490638 -3.535163 3.879487 178 34 34
13.498865 -5.210954 3.698142 178 34 34
12.374219 0.683115 3.669777 128 128 128
13.129416 -6.478570 0.481638 178 34 34
12.829157 0.236122 0.207171 128 128 128
13.067371 -4.148450 0.557611 128 128 128
11.319809 0.606581 5.406589 128 128 128
12.750198 -4.847640 6.960225 178 34 34
12.359808 -6.075118 2.340304 128 128 128
12.162545 0.378388 6.006326 178 34 34
11.209724 0.132201 2.465465 128 128 128
12.666679 -6.445262 1.975396 128 128 128
13.507559 -4.327791 5.977702 128 128 128
13.731971 -0.671557 0.953440 128 128 128
12.927389 -3.567706 0.117196 128 128 128
13.849501 0.346365 1.259939 128 128 128
13.483609 -3.566289 0.562006 128 128 128
12.349966 -1.941310 5.480562 128 128 128
12.418913 0.619628 8.729200 178 34 34
14.113058 -3.531060 1.308310 128 128 128
11.285335 -1.985126 6.134127 128 128 128
13.792885 0.203749 6.904065 178 34 34
13.351269 -3.011915 8.898853 128 128 128
12.752847 -0.856917 2.797226 128 128 128
13.097435 0.854750 7.925420 178 34 34
11.191957 -1.960512 9.601078 128 128 128
11.578356 -3.587511 3.779852 128 128 128
13.886680 0.027356 1.184888 128 128 128
13.272982 -5.525403 9.589129 128 128 128
11.340500 -1.345937 8.772284 128 128 128
11.983224 -0.923564 3.660832 128 128 128
12.809331 -5.396354 5.080145 128 128 128
12.063954 0.794619 3.325837 128 128 128
12.515021 -3.006291 4.483423 178 34 34
12.876707 0.197725 3.877284 178 34 34
11.655236 -4.786754 4.229052 128 128 128
12.448706 -0.052732 3.615645 128 128 128
11.561997 -4.931950 5.697942 128 128 128
13.544719 -6.458831 6.487875 178 34 34
13.652987 -1.487260 8.290908 128 128 128
11.339720 0.425694 3.206380 128 128 128
12.414673 -5.142150 6.972097 178 34 34
11.851273 0.488372 5.950799 128 128 128
11.430817 -4.298367 2.330572 128 128 128
12.506446 -6.382410 2.072284 128 128 128
12.168929 -6.083562 8.100799 128 128 128
11.625079 -0.408933 3.156717 128 128 128
12.386286 -4.209600 3.599929 128 128 128
11.198537 -2.326927 0.610815 128 128 128
13.681330 -1.946729 6.467472 128 128 128
12.610085 -5.856009 3.695177 178 34 34
11.567519 -1.073311 7.255225 128 128 128
13.820361 -1.399652 1.476964 128 128 128
14.091722 -5.371817 2.588400 128 128 128
12.769463 -3.562900 7.727792 128 128 128
11.395653 -4.605142 1.254576 128 128 128
11.224711 -3.455134 2.364249 128 128 128
12.929046 -5.359464 3.131083 178 34 34
12.304139 -0.819764 7.192106 128 128 128
11.776755 -4.023803 9.907869 178 34 34
14.026778 -5.827434 2.855021 128 128 128
13.222902 -5.579015 5.969653 178 34 34
11.522167 -3.286694 2.250920 128 128 128
13.692452 -0.273395 3.352714 128 128 128
11.405007 -5.826736 10.443701 128 128 128
13.543930 -2.966227 2.667195 128 128 128
14.103743 -6.135183 1.264847 128 128 128
11.744453 -1.992114 0.332139 128 128 128
14.098126 -2.996780 5.699176 128 128 128
11.601613 -1.951627 7.877641 178 34 34
12.211225 -1.708089 7.496035 128 128 128
14.037358 -3.806800 8.107623 128 128 128
12.827953 -5.788959 4.659640 128 128 128
13.126142 -1.438117 9.609655 128 128 128
11.510297 0.212083 4.555375 128 128 128
12.216865 -6.032931 10.373073 178 34 34
11.991737 -2.893320 6.456391 128 128 128
12.622378 -2.697630 7.438517 128 128 128
11.693750 -0.747642 9.779524 178 34 34
14.058739 -1.896744 2.072366 128 128 128
12.633738 -1.837343 0.955139 128 128 128
13.502576 0.486240 5.596557 128 128 128
11.285369 -5.733841 6.806875 128 128 128
11.916236 -1.831793 3.477303 178 34 34
13.667241 -3.694032 9.093178 128 128 128
12.053682 -3.712870 5.183686 178 34 34
11.326013 -4.528130 1.447690 128 128 128
12.459901 -3.401638 8.269476 128 128 128
13.396243 0.256015 1.276097 128 128 128
13.690389 -4.155477 1.083532 128 128 128
12.025405 0.308891 0.235601 178 34 34
14.025606 -5.711164 3.111121 178 34 34
14.150281 -2.565559 6.499404 128 128 128
13.731946 -6.315366 0.051518 128 128 128
13.807537 -5.883584 0.779494 128 128 128
12.442731 0.134994 4.385050 178 34 34
11.522088 -1.614039 0.092961 128 128 128
11.979313 -3.215930 8.743780 128 128 128
13.819606 -1.158576 3.515015 178 34 34
12.939760 -3.860188 4.069707 128 128 128
14.005302 -4.510511 7.542148 128 128 128
13.247733 -5.824490 10.664010 128 128 128
13.504448 -5.728882 0.828802 128 128 128
11.214029 -0.413775 5.049626 178 34 34
13.246938 0.342157 2.524657 128 128 128
11.727109 -2.861424 7.323822 128 128 128
12.525040 -2.017391 8.932943 128 128 128
12.289553 -0.957894 9.241831 128 128 128
12.376425 -2.850307 8.393850 128 128 128
11.617159 -5.653119 2.921119 128 128 128
12.611349 -4.260786 2.452563 178 34 34
11.159067 -5.852330 7.193521 128 128 128
13.251611 0.285637 4.977777 178 34 34
13.942589 0.599377 2.201539 128 128 128
12.150331 -6.209852 7.513350 128 128 128
13.442817 -5.311232 9.127524 128 128 128
13.860036 -4.811198 10.253302 128 128 128
13.701245 -2.073656 9.113075 178 34 34
12.667473 -1.223527 5.401101 128 128 128
11.205033 -4.596859 1.635151 128 128 128
13.392009 -4.155548 1.961294 128 128 128
14.089918 -1.986085 5.422938 178 34 34
11.206909 -1.430818 8.069751 128 128 128
13.415711 0.745296 9.966053 178 34 34
12.383681 -5.285382 4.347543 178 34 34
12.587502 0.114258 4.850248 128 128 128
13.181881 -0.571728 1.080067 178 34 34
12.692070 -1.037289 9.536591 128 128 128
14.051859 -2.061698 3.302511 128 128 128
13.357475 -4.693871 4.609861 128 128 128
13.418191 -1.052962 1.161180 128 128 128
12.055428 -4.261936 9.206733 128 128 128
13.588050 -5.481904 9.596336 178 34 34
13.533678 -2.342979 7.693987 128 128 128
13.546833 -3.120841 1.381879 128 128 128
11.137125 -0.863792 1.780272 128 128 128
13.949881 -6.235557 5.224873 178 34 34
11.551573 -3.641097 2.423612 178 34 34
11.798029 -5.513418 7.295874 128 128 128
12.822804 -6.094911 1.207724 178 34 34
12.644039 -6.049881 10.418347 128 128 128
13.622170 -4.001385 9.965389 128 128 128
13.783790 -2.004351 4.130088 128 128 128
11.185801 -1.329909 1.397691 128 128 128
12.325537 -2.162055 1.290696 128 128 128
13.636568 -0.489270 0.116070 128 128 128
13.857901 -1.026833 7.031201 128 128 128
13.795472 -4.088956 6.722871 128 128 128
12.252121 -4.956205 9.243261 178 34 34
12.691676 -4.753765 6.501441 178 34 34
13.239809 -2.140634 5.009742 128 128 128
12.420961 -0.882485 3.094808 178 34 34
11.161908 -0.973375 7.854517 128 128 128
12.806718 -0.152093 10.894370 178 34 34
12.284307 -0.679959 7.871887 128 128 128
12.933174 0.761599 0.008249 128 128 128
11.906554 -3.455476 1.264646 178 34 34
12.223507 -2.026140 8.096421 178 34 34
12.904992 -1.110664 6.327537 128 128 128
13.984843 -4.522456 1.949892 128 128 128
11.994576 0.006187 7.437524 128 128 128
12.968670 -6.484856 4.494120 128 128 128
13.594301 -1.823785 8.608503 128 128 128
12.077428 -3.054746 11.031484 128 128 128
12.229541 -1.145446 9.833529 178 34 34
12.357916 -1.147598 5.042066 128 128 128
13.765872 -0.980979 7.158088 178 34 34
12.971397 -3.168328 3.345088 178 34 34
13.957943 -4.476096 8.085423 178 34 34
12.721169 -5.952718 2.219641 128 128 128
13.917081 -1.494406 7.170674 128 128 128
13.182290 -6.443157 0.384925 178 34 34
12.554784 -6.245473 2.970336 128 128 128
11.241932 -0.258755 8.205477 128 128 128
12.233622 -1.880447 4.220050 178 34 34
12.903760 -2.941843 6.708656 178 34 34
13.162035 0.910255 1.052971 128 128 128
12.760382 -4.312629 6.221962 128 128 128
13.573330 -2.937546 9.477323 178 34 34
14.131194 -5.893392 10.151179 178 34 34
12.965835 0.387818 9.973180 128 128 128
12.010457 -5.687602 1.942871 128 128 128
13.609338 -5.273737 7.417958 178 34 34
11.954701 -5.218674 0.686861 128 128 128
13.199183 -0.596569 9.982917 128 128 128
13.459473 -0.129838 9.093252 128 128 128
12.669553 -3.422149 2.483506 178 34 34
12.717572 -3.619985 3.800249 128 128 128
12.862908 -4.539640 3.924204 128 128 128
11.481490 -1.366502 2.777745 128 128 128
12.607589 -2.360484 9.314134 128 128 128
11.250652 -6.395654 9.914609 128 128 128
13.301100 -2.866501 6.014811 178 34 34
12.699379 -0.865936 7.315999 178 34 34
12.604021 -0.521018 6.450409 178 34 34
13.266613 0.595406 9.721502 128 128 128
13.906212 -2.205033 6.729156 128 128 128
11.764416 -0.544934 2.683910 178 34 34
12.229970 -0.388708 6.310632 128 128 128
12.548334 -0.885196 3.264083 128 128 128
12.092110 -6.186308 1.639019 128 128 128
14.172561 -0.568517 1.947085 128 128 128
13.151447 -4.993758 10.791847 128 128 128
11.146226 0.029225 9.963868 128 128 128
13.437082 0.835993 9.404834 128 128 128
13.090452 -4.946191 0.411387 178 34 34
13.162930 -3.654404 2.757014 128 128 128
13.977780 -6.352680 4.248053 128 128 128
11.136355 -5.687320 11.023624 178 34 34
12.622209 0.791237 10.664978 128 128 128
11.131917 -6.046633 4.646075 128 128 128
13.969333 -5.755477 9.524167 128 128 128
11.380402 0.112420 0.202262 178 34 34
13.016067 -6.008524 1.167775 128 128 128
11.220765 -3.552317 1.346426 178 34 34
13.981220 0.864551 3.274602 128 128 128
12.747791 -3.865147 9.709215 178 34 34
11.655808 0.280870 2.699653 128 128 128
13.932562 -3.400332 4.311955 128 128 128
13.315403 -2.433256 10.445710 178 34 34
12.041657 -4.428178 0.454222 128 128 128
11.726914 0.680590 3.606560 128 128 128
13.285683 -1.548387 6.387739 128 128 128
13.337080 -5.521123 7.306158 178 34 34
13.581375 -1.507742 1.222987 128 128 128
13.453859 0.685785 4.229531 128 128 128
11.450374 -4.098684 3.338438 178 34 34
11.742431 -0.952770 5.695000 178 34 34
12.065819 0.119829 5.907829 178 34 34
12.490852 -0.478924 8.957550 178 34 34
13.932433 -4.654317 9.766892 178 34 34
13.138509 -5.632744 5.560275 178 34 34
12.929874 -5.450172 1.184166 128 128 128
11.865505 -0.693001 8.451666 178 34 34
11.874688 -6.073915 7.498149 178 34 34
13.516998 0.376507 0.293948 128 128 128
12.573716 0.248495 2.606964 178 34 34
12.197694 -2.547100 3.348181 128 128 128
12.332992 -5.248543 3.454102 178 34 34
13.174419 -3.281768 6.321722 178 34 34
12.467294 -4.163667 3.900181 128 128 128
13.139140 -3.902873 3.808653 128 128 128
13.949822 -1.717924 7.104113 128 128 128
12.752294 0.514472 4.615962 128 128 128
11.879682 -2.557265 1.882348 178 34 34
12.491580 -6.416394 1.398869 128 128 128
13.113964 -0.128028 2.715367 128 128 128
12.834230 -2.878946 9.754262 178 34 34
12.245578 0.150391 10.794447 128 128 128
11.769847 0.325244 0.358136 178 34 34
12.931239 -4.979301 6.963464 128 128 128
12.591592 0.905873 10.889030 128 128 128
12.555575 -2.321121 11.013951 178 34 34
11.893827 -5.180074 2.368784 128 128 128
13.431927 -0.226846 6.595814 128 128 128
13.097728 -5.560902 6.078243 128 128 128
13.776914 -5.432600 6.824847 128 128 128
11.901867 -1.867377 10.466162 178 34 34
-0.453750 -15.323704 4.522084 128 128 128
-4.137201 -13.477913 9.038254 128 128 128
-2.744932 -17.287807 1.657441 128 128 128
-2.337299 -14.288707 9.972965 128 128 128
0.737337 -17.193396 7.439420 178 34 34
-1.775526 -13.885249 2.440963 128 128 128
-3.773305 -13.364325 8.620385 128 128 128
-3.612350 -15.290290 9.460858 128 128 128
0.952812 -15.993666 0.897992 128 128 128
-4.962992 -17.461231 8.956296 128 128 128
-4.524434 -14.399756 8.527762 178 34 34
-2.304587 -14.336130 9.655149 128 128 128
-4.236220 -14.191296 1.741296 128 128 128
-3.257695 -15.646738 6.801405 128 128 128
-1.044969 -13.787190 5.945821 128 128 128
-2.846714 -13.489679 5.762034 178 34 34
-4.934742 -15.735704 8.663652 128 128 128
-2.485320 -15.331412 5.364497 128 128 128
-3.368775 -15.497744 1.963599 128 128 128
0.432618 -15.742203 9.967324 178 34 34
0.631215 -14.913018 3.367252 178 34 34
-4.050077 -15.937170 5.744588 128 128 128
-2.722039 -14.032319 7.898897 128 128 128
-3.688564 -17.448160 7.869213 128 128 128
1.077183 -15.402715 7.344629 178 34 34
0.872356 -15.236127 7.714982 178 34 34
-0.145429 -15.829995 2.356886 178 34 34
0.435481 -17.345269 9.895982 178 34 34
-3.417452 -14.332761 8.866894 128 128 128
-3.553984 -16.153218 3.531089 128 128 128
-3.683124 -14.874612 0.552750 128 128 128
-0.302653 -17.080939 7.686328 128 128 128
-0.572557 -12.890046 0.836170 128 128 128
0.420998 -13.231017 2.214745 128 128 128
-0.405335 -14.518288 2.787827 128 128 128
-4.143780 -17.268134 5.814643 128 128 128
-0.030288 -13.927390 1.138476 128 128 128
-3.420253 -15.129821 0.659192 128 128 128
-0.747099 -16.074387 9.502134 128 128 128
-3.456450 -15.585078 1.476118 178 34 34
0.550584 -17.340224 8.781165 178 34 34
0.173263 -13.340331 2.022860 128 128 128
-3.985698 -16.210987 2.140191 178 34 34
-4.727168 -12.841267 4.969883 128 128 128
1.047218 -13.595142 6.007717 128 128 128
-3.290889 -13.149776 0.855306 128 128 128
-2.490116 -15.393425 4.536064 128 128 128
1.345169 -13.510823 5.599892 128 128 128
-4.042816 -13.747202 2.023441 128 128 128
-1.625019 -17.164015 9.315542 128 128 128
-1.471680 -15.051409 0.607170 128 128 128
0.282652 -17.420375 2.132195 128 128 128
-1.254105 -16.251459 10.454846 128 128 128
-4.754071 -14.149809 7.915931 128 128 128
-2.589187 -14.090499 0.825306 128 128 128
-4.716796 -17.036549 3.623711 128 128 128
-2.347422 -13.531941 1.242541 128 128 128
1.025621 -16.925230 9.523369 128 128 128
0.238670 -14.213715 3.094290 128 128 128
-1.531615 -17.229184 0.717953 128 128 128
-4.897343 -15.493647 3.606503 128 128 128
1.495773 -13.968501 4.408417 128 128 128
-4.778063 -12.938042 2.384957 128 128 128
-2.122886 -13.226965 5.065688 178 34 34
1.323758 -14.686354 2.655200 178 34 34
-4.465761 -16.073241 1.331830 128 128 128
1.551819 -13.084459 7.664027 178 34 34
0.179024 -17.284666 5.533026 128 128 128
-4.174424 -14.703185 4.104997 128 128 128
-0.630744 -16.147402 8.192815 128 128 128
-1.765274 -15.188961 0.012895 128 128 128
-1.944225 -17.249732 8.155095 128 128 128
-4.179179 -16.875794 4.266317 128 128 128
-0.036747 -15.310050 6.643658 128 128 128
-4.596267 -14.784446 8.999650 128 128 128
-3.256840 -12.874275 10.382394 128 128 128
-2.817790 -15.318794 3.026898 178 34 34
-2.552381 -14.105582 8.923813 178 34 34
-2.610206 -16.053354 4.055673 178 34 34
-2.042744 -14.251315 5.484431 128 128 128
0.918589 -14.761810 8.951887 128 128 128
1.313583 -15.499402 3.412586 128 128 128
-2.967321 -12.897005 8.583059 178 34 34
-3.182937 -17.162733 9.407143 128 128 128
-3.395419 -13.760670 4.720662 128 128 128
0.182798 -12.844309 1.153622 128 128 128
-0.656099 -16.690038 0.576595 178 34 34
-2.954819 -16.947378 5.869182 128 128 128
-4.815654 -17.290609 7.388181 128 128 128
-3.798010 -15.494064 6.292827 128 128 128
1.041967 -14.636067 1.120364 128 128 128
-1.257137 -13.159108 2.907922 128 128 128
0.492406 -17.439798 3.929035 128 128 128
-3.682621 -12.926086 5.819307 128 128 128
-3.334737 -16.216413 7.083012 128 128 128
1.682446 -16.776408 4.576861 128 128 128
-3.429789 -14.230494 7.271971 128 128 128
-1.979017 -15.492270 7.825852 128 128 128
-2.014611 -14.274037 10.356726 128 128 128
1.713347 -16.798140 2.604927 128 128 128
-3.840252 -13.190519 1.908782 178 34 34
0.605864 -14.398071 7.581238 128 128 128
-4.114385 -15.754653 10.604687 128 128 128
-4.897859 -16.605632 6.833527 128 128 128
-2.139941 -16.493315 9.067052 128 128 128
-3.183336 -15.403495 2.698763 128 128 128
-1.611726 -16.584241 7.252029 178 34 34
-4.603861 -15.054258 9.930009 178 34 34
-0.494554 -16.137759 6.021175 128 128 128
1.123562 -14.701243 0.857617 128 128 128
-2.853874 -14.923645 3.916283 128 128 128
1.306085 -15.302804 5.428357 128 128 128
0.168094 -16.374435 6.328656 128 128 128
0.945844 -13.112062 6.388642 128 128 128
0.756083 -15.109973 6.188580 128 128 128
-4.047045 -14.967446 4.877062 128 128 128
-2.017527 -15.539521 8.135294 128 128 128
1.725806 -16.904423 7.659098 128 128 128
-2.723331 -17.345061 0.082225 178 34 34
-0.246342 -12.915923 9.902609 178 34 34
-0.938241 -17.392716 1.470518 128 128 128
-4.693518 -15.167881 4.409332 128 128 128
1.364483 -14.782411 7.834651 128 128 128
-2.268997 -16.761377 10.414835 128 128 128
-2.347796 -12.900200 10.464502 128 128 128
-1.161840 -13.991272 8.510954 128 128 128
1.621377 -14.025786 1.947693 178 34 34
-0.641138 -16.935344 10.370048 128 128 128
-3.753779 -15.364625 2.847641 128 128 128
-1.102903 -16.134013 6.322270 128 128 128
1.627968 -16.552423 1.348017 178 34 34
-0.708170 -16.089164 1.463829 128 128 128
-3.587309 -13.071453 6.131070 128 128 128
-4.723049 -15.426583 7.330959 128 128 128
-0.900463 -16.017654 5.172045 128 128 128
-2.356338 -17.307185 7.414460 128 128 128
-2.812089 -15.225911 2.454877 178 34 34
-2.249187 -14.139324 4.335662 128 128 128
-0.408383 -15.058324 5.023764 178 34 34
0.574108 -14.002597 2.942602 128 128 128
-1.150326 -16.839989 7.870421 128 128 128
-3.798328 -17.421847 1.240876 178 34 34
-4.514358 -14.123136 8.498213 128 128 128
0.770927 -12.991664 2.389563 178 34 34
-1.361615 -16.535691 9.637656 128 128 128
-4.548407 -15.485140 7.447889 128 128 128
-1.375517 -15.221663 3.136231 178 34 34
-1.164950 -14.107250 1.655722 128 128 128
0.598036 -15.199254 10.294296 128 128 128
-3.071301 -15.194746 5.178807 178 34 34
-3.752168 -13.835462 2.220702 128 128 128
-1.839168 -13.434962 3.605486 178 34 34
-1.555118 -12.998292 10.412989 178 34 34
-3.416510 -12.995266 4.451068 128 128 128
-4.897908 -13.568972 8.584885 128 128 128
-0.331302 -13.916646 10.235422 178 34 34
1.494722 -13.550664 4.037243 128 128 128
-1.273917 -13.747519 5.844962 178 34 34
-3.004088 -16.804994 4.463196 128 128 128
-3.969125 -15.168191 0.972757 128 128 128
0.801878 -14.816043 6.789148 128 128 128
-2.064831 -16.789419 10.637216 128 128 128
-3.014971 -15.818365 5.882500 128 128 128
-3.688249 -15.064684 2.977412 178 34 34
0.223560 -13.491231 9.500601 128 128 128
1.361886 -12.878834 0.064974 178 34 34
-1.902233 -15.168515 3.839559 128 128 128
-0.418700 -17.274692 8.820890 128 128 128
-3.380304 -13.050250 3.880269 128 128 128
-1.043640 -13.261723 9.677925 128 128 128
-2.985625 -15.034002 1.039120 128 128 128
-0.556575 -15.346290 6.145809 178 34 34
-4.553572 -13.271318 6.973986 128 128 128
1.619595 -17.347087 0.685308 128 128 128
-2.131870 -15.020511 10.613456 128 128 128
-1.445366 -16.388663 7.134109 178 34 34
-3.822182 -14.732062 7.537059 178 34 34
0.948129 -15.877179 9.818033 128 128 128
-0.937885 -13.182827 6.991554 128 128 128
-0.664837 -14.537287 1.668743 178 34 34
-2.578393 -14.125736 8.152357 178 34 34
-0.915000 -17.000600 6.735445 128 128 128
1.244039 -14.312253 7.936381 178 34 34
-3.809461 -17.071596 2.137193 128 128 128
1.809846 -13.988855 1.463680 128 128 128
-1.459570 -14.164076 0.697289 128 128 128
-4.931827 -14.718937 5.348200 128 128 128
1.536241 -13.535124 9.370602 128 128 128
-4.119352 -14.472574 5.245340 128 128 128
-1.276876 -15.645931 1.976756 178 34 34
0.825348 -14.975203 0.170343 178 34 34
-4.682363 -15.944172 2.634776 128 128 128
1.333559 -14.371307 7.935926 128 128 128
1.725486 -15.630520 6.899381 128 128 128
-0.155040 -13.720953 0.315273 178 34 34
1.263058 -14.436293 10.701622 178 34 34
-1.616286 -15.955238 8.411826 178 34 34
1.237170 -14.804564 9.624863 128 128 128
-3.661478 -14.913447 6.226589 128 128 128
0.559564 -14.044230 7.505198 128 128 128
-2.032972 -12.834202 8.361074 178 34 34
1.302515 -13.108596 6.562580 178 34 34
-3.044222 -13.882707 0.360220 128 128 128
-4.130606 -15.275319 7.160156 128 128 128
-0.181772 -15.634660 4.740368 128 128 128
-3.453403 -16.610770 6.417469 128 128 128
1.323206 -12.960265 9.240149 128 128 128
-3.877177 -17.263493 4.252449 178 34 34
0.764077 -15.707924 9.092679 178 34 34
0.212156 -17.193149 0.270832 128 128 128
-3.813784 -14.552511 7.240260 128 128 128
-4.322057 -14.907488 9.751068 128 128 128
-1.277998 -15.536294 8.455974 128 128 128
1.636304 -13.863464 3.428837 128 128 128
-2.539846 -13.777117 6.271896 178 34 34
-3.752406 -16.347225 4.561484 128 128 128
1.242387 -16.425013 8.552013 128 128 128
-1.319147 -14.922845 4.185659 128 128 128
0.153562 -16.810707 3.601630 128 128 128
-4.255375 -16.103802 4.245703 128 128 128
-0.145904 -15.888580 8.847320 128 128 128
-1.554920 -15.444897 9.050756 128 128 128
0.641030 -14.093853 9.571192 178 34 34
0.785904 -15.203621 9.298971 128 128 128
-3.234572 -16.335279 9.397370 128 128 128
-2.452285 -14.659824 2.514936 128 128 128
-2.004996 -16.296961 2.788798 178 34 34
-0.377466 -15.676206 7.993449 128 128 128
-0.521355 -13.735856 6.349193 178 34 34
-2.057567 -13.546037 2.043066 128 128 128
-4.006459 -14.624433 9.644965 128 128 128
-3.380853 -14.656262 0.971089 178 34 34
-4.935246 -13.117003 9.581793 128 128 128
-0.978591 -15.593781 3.907814 178 34 34
-2.738025 -13.394392 2.947324 128 128 128
-3.823855 -14.091946 8.519114 128 128 128
-2.093864 -13.732959 2.844932 178 34 34
-1.805250 -15.495924 3.019714 178 34 34
-3.037335 -13.214502 2.716690 128 128 128
1.498039 -15.888916 6.387329 128 128 128
1.517534 -15.060149 6.761931 128 128 128
1.505418 -13.388501 4.581011 128 128 128
-0.747428 -13.116611 1.424453 128 128 128
1.659072 -15.236230 1.065482 178 34 34
-2.535806 -13.259436 5.456198 178 34 34
-2.306889 -14.230655 4.343949 128 128 128
-3.600589 -13.952268 3.781332 128 128 128
1.469400 -13.752089 5.456768 128 128 128
1.820723 -13.827738 0.280056 178 34 34
0.535322 -17.043040 10.536160 178 34 34
-4.831902 -14.506346 6.605853 128 128 128
-3.711023 -15.025022 7.578184 178 34 34
-0.717010 -15.440937 0.486285 128 128 128
-0.321013 -14.859950 6.131091 178 34 34
-3.581632 -15.141072 1.150696 128 128 128
1.597300 -14.815634 5.474076 128 128 128
-1.450699 -14.773198 1.727746 128 128 128
0.915774 -16.107438 6.956317 178 34 34
-3.440054 -14.240920 5.811043 128 128 128
-2.420970 -16.651135 10.534671 128 128 128
-4.635637 -13.301391 1.070062 128 128 128
-4.245911 -16.070408 7.793552 178 34 34
-1.595628 -14.928013 10.569215 128 128 128
-3.374380 -15.971035 7.334408 128 128 128
-1.193827 -13.619459 6.972648 178 34 34
-4.805210 -17.426221 6.467643 128 128 128
-2.335520 -15.317337 10.599979 178 34 34
0.461748 -15.297669 4.745788 128 128 128
-1.884111 -14.479330 8.067527 128 128 128
-2.618831 -13.233753 5.283709 128 128 128
-2.223987 -16.611559 6.341677 128 128 128
-0.630219 -16.792628 6.144447 128 128 128
-0.680329 -14.762183 3.401536 128 128 128
0.488783 -14.288952 0.936680 128 128 128
-1.200250 -14.578415 4.507619 128 128 128
-1.882140 -15.911293 4.072942 178 34 34
-2.130165 -16.272311 1.339415 128 128 128
-2.105536 -16.817613 6.618660 128 128 128
1.053263 -13.515831 8.807132 178 34 34
-0.078678 -15.512359 1.156744 128 128 128
0.711499 -13.948600 10.647708 128 128 128
1.654363 -14.165834 0.256940 128 128 128
-4.076741 -14.888589 0.277305 178 34 34
-4.410649 -16.932298 0.416439 128 128 128
-4.978118 -14.448810 8.980305 178 34 34
-0.074125 -14.483451 3.479577 128 128 128
-2.175764 -14.594103 4.986245 128 128 128
0.939555 -15.260686 2.637270 178 34 34
-2.956689 -15.545579 8.561061 178 34 34
-0.636841 -15.428911 2.799728 128 128 128
-3.493507 -14.053779 6.047124 128 128 128
-0.785381 -14.369037 10.093985 128 128 128
-2.823120 -17.165223 2.269142 128 128 128
-4.718184 -13.481754 2.275609 128 128 128
-4.068483 -15.398675 0.309111 128 128 128
-1.400150 -16.616434 3.772383 128 128 128
-4.657255 -17.232316 1.054317 128 128 128
-4.595598 -13.804683 2.192700 128 128 128
-1.733076 -15.578184 1.768294 128 128 128
-1.316508 -16.549108 3.909483 128 128 128
-1.401032 -17.192575 2.661904 128 128 128
1.277510 -15.918020 2.474550 178 34 34
1.330074 -17.331525 9.766242 178 34 34
1.116500 -14.725004 6.372800 128 128 128
-1.354739 -14.291846 5.801755 128 128 128
-0.283093 -15.888622 4.661798 128 128 128
1.043832 -15.812414 7.716319 178 34 34
-3.384291 -16.435559 6.129597 178 34 34
-1.163928 -14.373333 3.492271 128 128 128
-4.061511 -14.336832 0.295930 178 34 34
-2.025671 -16.240370 6.815085 128 128 128
1.397824 -14.767081 5.286259 128 128 128
-2.301265 -13.145902 6.891233 178 34 34
1.670738 -14.099778 5.926651 178 34 34
1.197612 -14.208209 8.959694 128 128 128
0.449252 -15.607224 10.276075 128 128 128
-1.162436 -15.311472 9.978740 128 128 128
-2.135677 -12.913950 8.006367 128 128 128
-2.883255 -15.498085 8.651639 128 128 128
-0.559657 -14.094742 6.276703 128 128 128
-2.051299 -12.956531 5.976457 128 128 128
-2.915325 -14.989620 1.761337 178 34 34
-3.738149 -17.052449 1.248827 128 128 128
-2.591602 -15.650427 6.695878 128 128 128
-0.564893 -16.003553 5.911495 128 128 128
-3.041244 -13.643834 1.656461 178 34 34
0.814834 -12.838142 6.371200 128 128 128
-1.907388 -14.359511 2.489800 128 128 128
-3.595923 -13.289592 5.561893 128 128 128
-2.999502 -13.490038 1.095908 128 128 128
-1.774381 -16.583622 7.009523 128 128 128
-4.195627 -14.660549 8.409872 178 34 34
-1.684732 -13.260678 3.617207 178 34 34
-3.001173 -17.110498 10.559924 128 128 128
-0.475053 -13.294520 4.112067 128 128 128
-1.048522 -16.420208 2.936527 128 128 128
-2.448463 -13.594680 9.658185 128 128 128
0.420206 -14.979715 9.880277 128 128 128
-4.409662 -16.244958 1.670113 178 34 34
-3.391053 -16.303606 7.234983 178 34 34
-2.948078 -15.222925 9.968609 178 34 34
-4.712813 -17.432837 6.470080 128 128 128
-2.943604 -13.023032 6.924388 128 128 128
-4.057451 -17.173096 2.556494 178 34 34
-0.118508 -12.914358 9.353473 128 128 128
0.756362 -17.452697 9.707804 128 128 128
-4.544966 -15.172803 1.220386 128 128 128
0.714573 -13.957386 0.549134 128 128 128
-2.697095 -15.823726 6.553942 178 34 34
-2.229207 -14.772053 5.865496 178 34 34
-2.906259 -14.217835 6.822205 128 128 128
-4.504112 -13.573123 5.087820 128 128 128
-2.385425 -15.099708 3.325356 128 128 128
1.067347 -13.185170 8.826304 128 128 128
-1.979251 -15.926391 8.250712 128 128 128
0.669313 -15.820265 5.788631 178 34 34
-3.452566 -14.480016 5.368011 128 128 128
-3.580649 -17.488879 0.068541 128 128 128
-0.531114 -14.937576 9.745976 128 128 128
-4.444689 -14.316840 5.438682 178 34 34
1.746340 -17.430846 10.040520 128 128 128
-1.792885 -14.375561 1.570977 128 128 128
-0.387065 -13.430119 9.614341 128 128 128
1.576365 -14.321439 6.892735 128 128 128
1.847848 -16.995996 6.116193 128 128 128
-4.134261 -16.346792 6.572687 178 34 34
-0.916827 -17.471683 7.212931 178 34 34
0.583543 -16.812789 8.395307 128 128 128
-2.291334 -13.415828 5.698069 128 128 128
-0.030852 -13.656632 7.965049 128 128 128
-0.095766 -15.744306 7.308126 128 128 128
-4.286113 -13.175998 7.116893 178 34 34
-3.823070 -17.167705 2.864142 128 128 128
-1.328191 -13.785140 5.001688 128 128 128
-3.155159 -14.109446 0.430893 128 128 128
-4.810554 -17.457946 10.431672 178 34 34
1.611237 -14.962584 3.118637 178 34 34
1.823883 -15.858663 2.729106 128 128 128
-4.763920 -17.253270 7.899952 128 128 128
-4.367961 -13.815624 1.071564 128 128 128
-4.078526 -16.112953 9.783626 178 34 34
-1.692451 -15.760124 4.032961 128 128 128
-0.122938 -15.091516 9.904727 178 34 34
-1.120333 -13.655330 5.123149 128 128 128
-3.520529 -14.593963 6.920208 128 128 128
0.100433 -16.025868 1.250005 128 128 128
-3.096896 -15.768862 4.485412 128 128 128
0.477774 -15.924141 9.587548 128 128 128
-0.852680 -13.684879 7.634430 178 34 34
1.677208 -15.702762 7.425613 128 128 128
-2.874734 -16.436585 6.824527 128 128 128
0.358090 -16.573130 6.387807 128 128 128
-0.189633 -13.283878 1.206765 128 128 128
-1.370617 -13.915719 7.384504 128 128 128
-4.740909 -14.861826 10.338403 128 128 128
-0.926824 -17.384017 3.536966 128 128 128
-4.315911 -17.367469 2.179670 128 128 128
-2.643354 -13.842411 0.166129 128 128 128
-2.261431 -13.164686 5.136472 178 34 34
-0.173282 -16.522340 4.369153 128 128 128
-2.807424 -13.527058 1.347127 128 128 128
-0.662572 -16.998561 7.977098 128 128 128
0.758147 -17.337493 2.409765 128 128 128
-4.660885 -15.885390 8.444476 128 128 128
0.146329 -14.742439 7.317412 128 128 128
-3.060926 -14.039384 10.298887 128 128 128
-2.072646 -13.621927 0.831763 178 34 34
-0.226447 -14.705436 0.726405 178 34 34
-2.911949 -13.244233 0.087963 178 34 34
0.596607 -16.545256 7.106604 128 128 128
1.433367 -16.185270 6.243043 128 128 128
-3.977329 -13.469340 4.877610 128 128 128
-4.111258 -15.549009 2.010262 128 128 128
-2.478974 -16.808746 9.699096 178 34 34
-3.624537 -16.585508 7.877627 128 128 128
0.949299 -15.394070 10.243223 178 34 34
-2.227233 -12.910149 4.070901 128 128 128
-0.919009 -14.022611 9.194421 128 128 128
1.528812 -15.717106 10.555890 128 128 128
-4.632440 -13.175538 5.896406 128 128 128
-3.049626 -14.802940 2.685659 128 128 128
0.380943 -15.298498 0.148717 128 128 128
-4.953934 -15.728768 8.095982 128 128 128
0.245455 -15.962109 1.240527 128 128 128
-4.887689 -17.108518 2.619407 128 128 128
0.456836 -14.523002 9.196725 128 128 128
0.634433 -16.818257 5.938034 128 128 128
0.148278 -14.282313 6.965529 128 128 128
-0.718030 -14.402844 4.098232 128 128 128
0.017144 -13.286132 8.840631 128 128 128
-2.110974 -13.075381 9.818580 178 34 34
0.286756 -15.094746 8.872473 128 128 128
-4.426690 -16.552284 2.157339 128 128 128
-1.602921 -14.396375 8.004157 128 128 128
-4.545074 -14.872094 6.477638 128 128 128
-2.868593 -15.181250 3.670135 128 128 128
1.644113 -13.138536 8.246211 178 34 34
-1.271791 -15.377316 0.159087 128 128 128
-3.961912 -13.415719 4.251699 178 34 34
-0.065420 -15.990266 2.281159 128 128 128
0.742902 -17.225619 4.534734 178 34 34
-3.838097 -16.855312 6.249832 128 128 128
0.394489 -15.942816 2.069993 128 128 128
0.392551 -13.695316 4.690743 128 128 128
-3.125743 -13.634185 6.178001 128 128 128
1.488169 -13.763486 1.084567 128 128 128
-2.909339 -17.239395 0.165069 178 34 34
-0.472608 -13.028143 5.782190 128 128 128
-4.792020 -13.046152 8.490490 128 128 128
-3.376345 -16.375420 7.506330 178 34 34
-4.009514 -16.084116 3.277450 178 34 34
-4.134675 -13.816593 0.732709 178 34 34
-4.451176 -13.902284 3.995899 128 128 128
-1.238043 -15.057419 3.775758 128 128 128
-1.110802 -13.519351 10.379311 128 128 128
1.654669 -16.695394 1.025170 178 34 34
-3.216279 -13.856759 7.287355 128 128 128
-0.487409 -14.122885 1.239798 128 128 128
-2.430981 -13.977746 8.053068 178 34 34
0.472276 -15.828748 1.998387 128 128 128
-1.001122 -13.169885 2.038946 128 128 128
-2.780543 -16.294390 4.859044 178 34 34
1.106730 -13.929042 2.874313 128 128 128
-2.792159 -13.820181 7.358193 128 128 128
-4.195924 -14.643196 6.538475 128 128 128
-1.094755 -17.174880 9.196784 128 128 128
1.762795 -14.966964 1.091295 178 34 34
1.033972 -16.671378 2.237413 178 34 34
-2.554507 -13.021907 3.259082 178 34 34
-1.978740 -15.101093 0.845496 128 128 128
0.312388 -15.059010 4.184114 178 34 34
-4.576073 -13.746418 7.767191 178 34 34
-2.076623 -13.686420 8.867081 128 128 128
-2.932868 -15.938530 6.186624 178 34 34
-2.158578 -17.197234 10.495619 128 128 128
-1.030229 -14.404740 2.286204 178 34 34
-2.836877 -13.883996 9.878559 128 128 128
1.791469 -17.469912 3.683739 128 128 128
-4.299691 -14.773557 7.776079 178 34 34
-0.566969 -14.330102 7.746579 128 128 128
0.458860 -16.483638 4.075963 128 128 128
-0.969742 -15.750266 2.533341 178 34 34
-1.988735 -15.748682 4.791309 178 34 34
1.713632 -15.898758 7.639636 128 128 128
0.729587 -13.940974 7.466373 128 128 128
-1.305399 -14.671731 10.439357 128 128 128
-3.844747 -16.787264 0.265127 178 34 34
-0.527170 -15.312537 9.005768 178 34 34
-4.302183 -13.495733 5.849618 128 128 128
-3.217391 -14.066187 6.957159 128 128 128
-3.532559 -16.223346 3.851155 128 128 128
-2.294933 -16.085859 9.694069 178 34 34
-0.062154 -15.034553 10.042380 128 128 128
-0.318559 -13.189073 9.023454 178 34 34
-3.345121 -15.553301 7.599031 178 34 34
-0.931092 -13.600872 10.164706 128 128 128
-1.395747 -14.393292 1.029983 128 128 128
1.580257 -15.416135 0.728597 178 34 34
-3.813700 -15.487424 0.320557 128 128 128
-2.691593 -13.372910 8.241019 178 34 34
1.729550 -15.198541 9.307839 128 128 128
1.462079 -15.929273 8.132158 128 128 128
-0.091871 -13.766314 7.623335 178 34 34
0.194202 -17.400440 8.881899 178 34 34
-3.705658 -14.327424 8.764942 178 34 34
-4.324139 -16.613623 7.352988 128 128 128
-1.923566 -12.970703 10.088007 128 128 128
-3.510524 -13.813242 5.998754 178 34 34
1.188248 -17.070947 2.821518 128 128 128
-2.432971 -14.753742 10.006799 128 128 128
-4.518592 -15.018032 9.760896 128 128 128
0.882657 -14.585933 0.494475 178 34 34
-3.416025 -16.864462 10.662783 128 128 128
-3.352217 -14.847283 9.031861 128 128 128
-4.504003 -13.370036 3.765257 178 34 34
-3.954133 -12.891727 4.109595 128 128 128
-4.708385 -13.259328 4.844891 128 128 128
-2.801684 -13.575676 5.114758 128 128 128
0.640368 -12.903803 2.342361 128 128 128
-4.020643 -15.553507 6.295241 128 128 128
-2.898488 -15.169284 5.360834 178 34 34
-3.458157 -14.736985 8.307548 178 34 34
0.119317 -15.455413 10.170620 128 128 128
-2.639869 -13.075734 5.185689 128 128 128
-4.414157 -14.387699 7.940342 128 128 128
1.443710 -17.074396 6.840100 128 128 128
-4.040558 -16.378629 3.178895 128 128 128
-1.321375 -17.470616 6.046096 128 128 128
0.669537 -17.184074 4.919282 128 128 128
-1.429638 -15.111960 5.935627 128 128 128
0.042422 -15.645456 3.639595 128 128 128
1.290905 -13.187571 5.431353 128 128 128
-4.201959 -16.499171 10.396178 128 128 128
1.787274 -17.010649 9.264545 128 128 128
1.565337 -15.890730 7.007728 128 128 128
-3.571262 -14.481812 4.209880 128 128 128
-3.533235 -16.652064 8.705296 128 128 128
0.991744 -12.956600 4.829526 128 128 128
-1.664215 -13.380088 7.955031 128 128 128
-2.385017 -13.781095 4.181577 178 34 34
-4.643377 -15.646217 0.920132 178 34 34
-2.161387 -17.338078 0.164826 128 128 128
1.162069 -12.933510 0.839789 128 128 128
-0.376421 -16.456073 5.574421 178 34 34
-2.533527 -17.270364 8.674069 128 128 128
0.042232 -14.141440 6.978350 128 128 128
-2.408079 -13.909944 9.263026 128 128 128
-3.423944 -14.285751 1.021618 128 128 128
-3.980851 -13.490937 1.172088 178 34 34
1.679576 -14.738401 9.237585 178 34 34
0.366672 -17.167703 9.180213 128 128 128
-0.789604 -17.151590 7.689533 178 34 34
0.089609 -16.934604 7.761397 128 128 128
-1.502009 -15.826296 10.583370 178 34 34
1.233131 -16.292885 7.267423 178 34 34
-1.982941 -15.111902 8.069017 128 128 128
0.165501 -16.162716 4.357762 128 128 128
1.349202 -13.139478 2.908494 178 34 34
-1.947595 -16.197972 10.409287 178 34 34
-1.035951 -17.079561 6.486751 128 128 128
-1.485068 -16.203748 1.342016 128 128 128
0.426035 -14.389874 4.963924 178 34 34
1.147440 -16.770280 6.077690 128 128 128
-3.284312 -17.427780 4.165861 128 128 128
1.847071 -15.333931 8.307328 178 34 34
1.181453 -15.325208 4.216372 128 128 128
-0.447463 -15.150654 3.352800 128 128 128
-3.071536 -16.772305 9.785772 128 128 128
1.713496 -16.366666 9.771924 128 128 128
-1.920211 -13.036247 3.594783 128 128 128
-4.367752 -16.152899 2.791677 178 34 34
-4.088401 -16.330224 2.185761 178 34 34
-3.469224 -16.074649 4.892220 178 34 34
-4.772540 -12.938784 9.798973 178 34 34
-4.632569 -13.716317 9.089409 128 128 128
0.414259 -13.031417 6.064189 178 34 34
-1.966582 -14.036213 6.921861 128 128 128
-1.147750 -14.161150 8.611832 128 128 128
0.768797 -13.390000 6.370629 128 128 128
0.147073 -17.358462 6.103745 128 128 128
-1.813407 -13.470816 4.374171 128 128 128
-1.479144 -13.669888 4.211027 128 128 128
-1.153851 -17.064613 5.585365 178 34 34
0.529450 -15.530771 10.579939 178 34 34
-3.167664 -16.340737 7.607457 128 128 128
-3.596656 -15.904423 6.963596 178 34 34
-2.046301 -15.084529 8.376451 128 128 128
-2.860854 -14.084029 7.612571 178 34 34
-3.398730 -16.175597 9.056364 128 128 128
1.662349 -17.420412 9.898973 128 128 128
-2.535493 -15.876959 5.771016 128 128 128
-3.548055 -12.839022 4.657429 128 128 128
1.527404 -13.962058 9.107042 128 128 128
-3.926303 -14.509112 1.554211 128 128 128
-4.205686 -13.140526 3.073516 128 128 128
1.617954 -15.701673 2.743270 128 128 128
1.153105 -17.469039 1.716436 128 128 128
-0.403617 -15.563646 6.083458 128 128 128
-2.007020 -13.411277 10.461699 128 128 128
-3.813546 -13.999621 7.677557 128 128 128
-2.482534 -13.439025 4.423774 178 34 34
0.656814 -15.658722 8.128881 128 128 128
-3.441341 -15.455281 9.510956 128 128 128
-2.540408 -16.574881 0.670445 128 128 128
-0.996086 -17.000364 10.107188 128 128 128
-3.924050 -13.957649 0.078202 128 128 128
-4.934998 -13.621980 4.622841 128 128 128
-1.865254 -13.765693 7.677080 128 128 128
-3.453478 -16.766638 10.006154 128 128 128
-4.666867 -16.250471 8.713475 178 34 34
-1.122909 -17.309963 3.574249 128 128 128
0.818788 -16.459921 4.152765 128 128 128
-1.588937 -13.473661 1.614147 178 34 34
-0.107218 -16.273069 1.919256 178 34 34
-2.942670 -16.962696 0.054178 178 34 34
-1.357647 -15.224029 1.434936 128 128 128
-2.568470 -16.271138 5.368165 128 128 128
-3.460023 -15.334598 5.377657 128 128 128
0.819659 -17.054298 4.595944 128 128 128
-3.711941 -17.113613 6.754130 178 34 34
-4.377857 -16.566252 5.147942 178 34 34
0.412241 -16.422796 5.719624 128 128 128
-0.672831 -13.676005 1.429413 178 34 34
-0.996938 -16.570069 6.942217 128 128 128
1.610248 -14.322016 1.615741 178 34 34
-1.662717 -13.930034 5.594990 128 128 128
-2.070484 -14.204237 1.284262 178 34 34
-1.097900 -17.429605 7.106803 178 34 34
-3.380596 -14.105027 0.720697 128 128 128
-0.843594 -15.668552 9.201996 128 128 128
-0.323325 -15.284419 6.691826 128 128 128
0.443930 -14.133359 6.880679 128 128 128
1.469818 -16.607398 6.454763 128 128 128
-0.198705 -15.681071 2.034292 128 128 128
-2.996377 -15.571032 7.624843 178 34 34
-4.897617 -13.358991 3.069316 128 128 128
-1.527333 -17.015335 4.577873 128 128 128
-2.765230 -13.784603 0.744655 128 128 128
-3.250395 -12.946799 1.341295 128 128 128
0.566022 -16.716344 5.409960 178 34 34
-3.009544 -16.436259 0.270356 128 128 128
-4.852826 -14.643090 4.485172 128 128 128
-4.146428 -14.780431 0.368903 178 34 34
1.538781 -13.093749 1.840980 128 128 128
-3.184696 -15.299115 5.046509 128 128 128
-1.785125 -16.265196 3.078498 128 128 128
-2.273867 -17.140772 5.696586 178 34 34
-4.434262 -14.768862 9.610494 128 128 128
-1.922001 -13.032510 7.953097 128 128 128
-0.593405 -16.274745 0.995217 178 34 34
-2.057060 -15.431479 0.111348 128 128 128
-2.399350 -15.159180 2.145719 178 34 34
0.935895 -13.662161 6.979005 178 34 34
-3.252944 -15.746002 5.854551 128 128 128
0.029583 -13.847867 8.827690 128 128 128
-1.377903 -15.339973 6.277702 128 128 128
-2.080568 -16.689561 5.263207 128 128 128
-4.825472 -14.331332 0.955700 128 128 128
-4.421765 -13.299828 1.020602 128 128 128
-3.241337 -15.057193 6.130766 128 128 128
0.306712 -16.962567 6.052448 128 128 128
-1.294162 -12.891875 5.402238 178 34 34
-0.860357 -13.191112 1.434849 128 128 128
0.608121 -17.059950 6.607095 128 128 128
-3.629176 -16.648807 8.771695 128 128 128
-4.932533 -15.820486 0.090109 128 128 128
-1.815523 -16.926605 6.500294 128 128 128
1.827050 -16.850972 0.112693 128 128 128
-0.797781 -15.923505 0.090128 128 128 128
0.193686 -14.232811 10.222979 128 128 128
-2.006153 -14.051292 2.832035 128 128 128
0.917348 -17.334720 0.944426 178 34 34
1.171535 -13.034985 10.067210 178 34 34
0.668971 -14.614261 4.536767 128 128 128
1.509492 -12.955549 8.694017 128 128 128
-0.582397 -16.276874 10.374513 128 128 128
-1.674859 -16.236341 4.611897 178 34 34
-2.774660 -15.055566 2.305720 178 34 34
-1.235367 -15.098925 0.930712 128 128 128
-1.159586 -15.007763 2.225037 128 128 128
-2.196372 -17.225716 2.923918 128 128 128
-2.587961 -15.373459 5.662636 128 128 128
-3.974634 -14.378627 6.799455 178 34 34
-0.428666 -13.473177 4.408430 128 128 128
1.536625 -13.474955 3.930258 128 128 128
-2.189528 -16.276533 3.672208 128 128 128
-0.355254 -16.490977 1.425519 128 128 128
-1.570968 -13.347103 5.244918 128 128 128
1.234346 -16.093008 6.903869 128 128 128
-0.714259 -14.369240 9.915093 128 128 128
0.543723 -15.801208 6.641412 128 128 128
-4.199968 -14.190339 1.663216 128 128 128
-1.105057 -17.255711 4.663590 128 128 128
-4.690928 -15.700352 1.451993 178 34 34
-0.619163 -15.608339 5.965827 178 34 34
0.935862 -15.065387 3.627551 128 128 128
-0.284170 -13.182777 3.480763 128 128 128
-1.943436 -14.365517 6.877112 128 128 128
-0.104830 -15.286468 0.995475 128 128 128
-0.606147 -16.861344 8.193436 178 34 34
0.822383 -15.259435 1.271156 128 128 128
-3.579363 -14.426554 4.410457 178 34 34
-0.589845 -16.211650 2.425329 128 128 128
-0.336611 -13.629847 10.526778 178 34 34
-4.440365 -13.582571 8.602658 178 34 34
0.093953 -16.725396 6.657879 128 128 128
-2.496885 -12.869208 3.949591 178 34 34
-4.527744 -13.452045 4.524668 128 128 128
1.122339 -15.214795 10.516640 128 128 128
0.165194 -12.882615 4.974381 128 128 128
-1.122955 -13.388515 1.827640 128 128 128
-5.011473 -14.804463 7.957771 178 34 34
-4.690471 -17.036363 2.583584 128 128 128
-0.970407 -13.530069 4.725690 128 128 128
-1.831815 -13.056985 4.738112 178 34 34
-0.133204 -13.061028 0.030372 178 34 34
-0.597441 -16.043925 8.070849 128 128 128
1.476416 -14.963705 4.463682 178 34 34
0.601040 -16.086281 10.005414 128 128 128
0.689291 -13.682158 3.196570 128 128 128
-0.845449 -16.561744 1.551938 128 128 128
-0.825289 -14.659697 0.818828 128 128 128
-4.515990 -16.535002 6.965589 128 128 128
-3.976314 -14.978669 9.331096 128 128 128
-0.939871 -17.090877 0.532407 128 128 128
-0.385616 -13.962623 8.068742 128 128 128
-4.616858 -17.138272 7.043046 128 128 128
-1.837945 -13.737655 7.462151 128 128 128
-3.676832 -13.997442 7.822865 128 128 128
0.524666 -16.015789 9.474467 178 34 34
0.574098 -15.307553 6.664318 128 128 128
-0.972034 -14.460745 5.909454 128 128 128
-0.743935 -14.976287 2.262961 178 34 34
-4.519235 -13.843865 5.476795 178 34 34
-2.222389 -13.338036 4.081676 128 128 128
-0.599247 -16.186884 8.797360 178 34 34
0.762139 -15.026313 9.213116 128 128 128
0.820733 -13.391938 9.971595 128 128 128
-3.929238 -14.736710 6.496096 128 128 128
-3.163490 -16.256596 0.246090 178 34 34
0.522098 -12.851588 4.100831 178 34 34
-0.305872 -14.922201 5.409862 128 128 128
-4.883897 -14.905784 6.905789 128 128 128
-0.581503 -14.149582 2.209345 128 128 128
-3.101260 -15.272213 2.399105 128 128 128
-0.513367 -16.625146 8.878234 128 128 128
-1.267832 -13.112497 0.409614 128 128 128
-3.478601 -16.525250 7.705877 178 34 34
-0.715520 -17.359948 7.558656 128 128 128
1.742004 -13.000665 7.096359 128 128 128
-1.390398 -14.661412 5.916129 128 128 128
-2.704886 -15.991683 7.708899 178 34 34
-4.912992 -15.485931 8.760803 178 34 34
-0.685296 -13.116190 10.255555 178 34 34
1.339065 -15.899124 1.951702 178 34 34
0.806021 -17.372228 6.852816 178 34 34
1.505741 -13.576687 6.388600 178 34 34
-0.341424 -17.268390 9.907860 128 128 128
-3.875875 -16.081454 8.327362 128 128 128
-4.663984 -16.119445 0.269788 128 128 128
-2.863707 -16.504431 5.790795 128 128 128
0.281664 -14.846215 6.062976 128 128 128
-3.530837 -14.085216 5.943443 128 128 128
-2.655337 -17.287637 3.899133 128 128 128
-2.805581 -14.767392 1.949144 128 128 128
-1.261071 -17.044745 4.879372 178 34 34
-4.769181 -13.603026 8.056334 178 34 34
0.172015 -13.286214 9.859542 178 34 34
-0.776053 -15.488034 2.265252 128 128 128
-3.480472 -15.265047 9.355656 178 34 34
-4.503837 -17.426556 3.124484 128 128 128
-2.740350 -13.537971 1.314047 178 34 34
-4.497572 -16.310575 0.153188 128 128 128
-2.666607 -13.813332 1.010770 178 34 34
1.713881 -17.013556 2.430348 128 128 128
-0.191307 -15.395601 7.650608 128 128 128
-2.191184 -17.008903 2.353394 128 128 128
-0.359255 -14.634597 2.930589 128 128 128
1.256194 -13.686248 7.486550 128 128 128
-1.749364 -14.760097 9.106313 178 34 34
-3.292716 -15.004718 5.180958 128 128 128
-4.814816 -14.366572 4.383170 178 34 34
-1.416094 -15.921255 6.474246 128 128 128
-1.411759 -15.241977 2.261676 178 34 34
-0.360807 -17.360731 1.851306 128 128 128
-4.249262 -13.627353 3.561502 128 128 128
-2.973988 -15.423375 4.211275 128 128 128
-2.702800 -13.320929 4.313663 128 128 128
1.622650 -17.487535 3.122053 178 34 34
1.032792 -16.517386 5.228971 128 128 128
-2.383064 -14.615057 2.549135 128 128 128
1.331313 -13.940411 6.670777 178 34 34
-1.798624 -17.363175 4.896251 178 34 34
-0.159388 -16.452489 3.421235 178 34 34
-1.781728 -17.261911 6.721119 178 34 34
0.356986 -16.190589 8.021011 178 34 34
-3.179169 -14.497711 8.875294 178 34 34
-4.862656 -13.629182 4.123608 128 128 128
0.075455 -15.660755 2.943961 128 128 128
0.300411 -16.416259 10.474841 178 34 34
0.641446 -15.947690 7.857630 178 34 34
-1.053272 -13.281038 3.703361 128 128 128
-4.023808 -14.785625 10.682304 128 128 128
-1.547647 -14.851279 7.358069 128 128 128
-3.931054 -13.579031 6.674704 178 34 34
0.859739 -16.227033 7.703728 128 128 128
-0.217222 -14.410200 1.107633 128 128 128
-4.011785 -16.859971 8.635922 128 128 128
-3.682541 -14.082457 10.477393 178 34 34
1.850691 -13.170499 0.776656 128 128 128
-2.923330 -14.371370 9.722805 178 34 34
0.238405 -16.598266 6.849854 128 128 128
-0.203051 -16.956448 4.589184 128 128 128
0.830663 -13.662334 3.417636 178 34 34
-0.565744 -15.033275 3.310580 178 34 34
-1.759746 -16.321012 4.396863 178 34 34
-4.730157 -16.847891 7.260424 128 128 128
1.437091 -16.080088 5.373689 128 128 128
-0.845912 -14.297889 2.925131 178 34 34
1.260334 -13.703125 5.918724 128 128 128
-1.677474 -13.852996 8.147642 128 128 128
-4.099948 -13.378636 7.242385 178 34 34
-4.896326 -14.876749 0.920996 128 128 128
1.288091 -13.643000 7.673503 128 128 128
-4.877108 -13.642106 0.547211 178 34 34
-3.742670 -15.160026 4.169423 128 128 128
-1.877477 -17.480736 6.016634 128 128 128
-2.449441 -17.301701 1.108218 178 34 34
-1.510531 -13.473904 0.559684 178 34 34
1.249361 -14.234395 3.183310 128 128 128
-1.621766 -14.645833 0.405669 178 34 34
-2.868926 -13.173650 6.386081 128 128 128
-2.319662 -13.649671 1.784261 128 128 128
-4.565148 -14.997583 10.267443 128 128 128
-1.664798 -14.733633 0.397513 178 34 34
0.571566 -17.300377 10.347494 128 128 128
0.156352 -17.291897 0.970021 128 128 128
1.514048 -14.567254 1.398860 178 34 34
-4.078489 -15.686246 6.064539 128 128 128
-2.212467 -14.737644 6.788385 178 34 34
-3.793255 -14.152211 2.081161 178 34 34
-4.421230 -16.219214 9.492085 128 128 128
-0.624449 -16.352284 10.688828 128 128 128
1.586790 -14.036001 2.771459 178 34 34
-0.725899 -15.622517 7.777435 128 128 128
-0.470414 -15.726094 0.076695 128 128 128
-2.505039 -16.784150 8.804678 178 34 34
-2.447716 -13.099414 4.679201 178 34 34
-2.367814 -15.425773 8.015156 128 128 128
-3.517252 -15.185379 5.375304 128 128 128
-4.508238 -17.438331 5.524029 128 128 128
-3.561790 -14.618858 10.172992 128 128 128
0.491487 -13.213864 2.157827 128 128 128
-4.377770 -12.984745 9.943612 128 128 128
-3.855277 -13.314380 8.133118 128 128 128
-1.317684 -13.079943 7.015336 128 128 128
0.396565 -16.311289 0.815740 128 128 128
-4.328966 -13.357870 5.319765 128 128 128
-2.025978 -16.454788 2.395864 178 34 34
-3.528913 -13.926922 5.273928 128 128 128
-0.800957 -17.137183 10.382081 128 128 128
-3.747959 -14.373827 0.283644 128 128 128
0.925035 -16.225559 6.041121 178 34 34
1.737896 -12.881935 6.068778 128 128 128
-3.520331 -13.574999 1.952150 178 34 34
-2.758518 -16.564855 2.827045 178 34 34
-3.745856 -14.293931 9.347715 128 128 128
-2.083326 -16.098451 10.578246 128 128 128
-4.830393 -16.157361 1.119266 128 128 128
-2.976216 -15.969336 3.101770 128 128 128
0.090892 -14.296555 4.463764 128 128 128
-0.423221 -16.144937 8.946800 128 128 128
-1.312055 -16.951591 10.003843 128 128 128
1.393994 -13.570721 8.688763 128 128 128
-1.055377 -15.893549 5.922487 128 128 128
0.457356 -16.620055 9.094194 128 128 128
-2.966033 -16.799183 0.368842 128 128 128
0.219972 -14.205481 8.213838 128 128 128
-4.408452 -13.094896 4.806383 128 128 128
-0.455537 -12.949676 7.687071 128 128 128
1.319199 -13.610892 5.343902 128 128 128
1.114481 -14.658148 9.249538 128 128 128
1.144559 -14.238537 0.595642 128 128 128
-4.948801 -17.451076 2.142102 128 128 128
1.507346 -13.016787 4.266359 128 128 128
-0.345123 -14.805368 10.370717 178 34 34
-2.303373 -14.833549 9.262674 128 128 128
-4.006240 -16.115191 8.923769 178 34 34
0.204245 -13.362098 2.637973 128 128 128
-2.964429 -17.445581 10.211740 128 128 128
0.900287 -15.764960 3.390187 128 128 128
-0.660251 -16.588791 9.686977 128 128 128
1.829891 -15.704546 7.841161 128 128 128
-2.113624 -15.455631 3.794741 128 128 128
-1.368188 -15.153058 1.192550 178 34 34
-3.199338 -16.078310 5.212421 128 128 128
-1.297520 -15.547332 7.226685 128 128 128
-1.349880 -16.225137 0.672110 178 34 34
-2.250682 -15.350181 10.068515 128 128 128
1.318132 -14.542079 6.995089 178 34 34
6.127034 15.428188 10.544496 128 128 128
3.428859 15.195459 0.493276 128 128 128
3.379736 16.473196 0.986804 178 34 34
6.401981 14.793368 4.239115 128 128 128
4.868558 15.780871 5.655338 128 128 128
5.710449 13.639471 5.669897 178 34 34
5.514718 16.145403 6.826840 128 128 128
6.173374 13.355143 3.023759 178 34 34
3.859659 13.904341 11.332248 178 34 34
7.357686 13.215696 13.233246 178 34 34
7.035568 12.788121 12.174619 178 34 34
6.585692 13.661923 9.386291 128 128 128
7.094118 16.869818 5.026067 128 128 128
7.711278 17.029632 5.925548 128 128 128
4.339159 16.769305 9.720810 178 34 34
3.721136 17.683567 9.272173 128 128 128
7.913308 13.787195 6.377403 128 128 128
3.135837 15.594944 9.269686 128 128 128
6.288712 15.650393 10.431308 128 128 128
5.812454 14.619369 10.171362 178 34 34
2.839103 17.394886 13.487011 128 128 128
7.532163 14.299799 4.721686 128 128 128
7.138463 13.783324 0.295934 128 128 128
5.376842 12.607205 7.775119 128 128 128
7.002134 13.012444 12.301407 128 128 128
5.600497 16.321175 8.923699 128 128 128
4.559056 16.952940 3.997001 128 128 128
5.967618 15.491638 3.723668 128 128 128
3.856312 16.519459 2.908991 128 128 128
3.067226 16.656443 1.075034 128 128 128
7.786549 17.049460 5.585544 178 34 34
6.797545 15.038559 11.715066 128 128 128
6.952994 15.815473 6.609420 128 128 128
2.619899 13.461621 3.541613 178 34 34
3.722724 13.141376 0.131412 128 128 128
2.689590 14.623768 13.662999 128 128 128
5.029172 17.827813 7.116786 128 128 128
7.111589 17.990422 13.555316 128 128 128
5.379864 16.868881 7.054143 178 34 34
6.093862 13.911056 10.201940 178 34 34
3.362388 13.235498 9.672032 128 128 128
2.659563 16.034149 9.678384 178 34 34
6.907663 13.845591 13.850411 128 128 128
6.915372 14.757176 4.725455 128 128 128
3.195106 15.927868 9.431585 128 128 128
5.758485 14.208208 12.663067 178 34 34
5.766111 17.523038 11.933765 128 128 128
6.898505 13.207739 0.281746 128 128 128
3.379360 15.159605 10.581060 128 128 128
6.389346 15.657613 0.437856 178 34 34
7.108283 15.920494 12.425126 128 128 128
5.150691 13.426953 2.832530 128 128 128
4.015432 16.417935 6.467047 128 128 128
4.084166 15.246072 4.042329 178 34 34
6.139879 12.774751 3.284251 128 128 128
2.799016 13.572897 1.026320 128 128 128
3.126580 12.647567 3.871325 128 128 128
4.792862 18.004880 1.807239 128 128 128
5.724808 14.596725 12.282390 128 128 128
4.820126 17.697553 6.594365 128 128 128
3.385943 13.341949 5.290186 128 128 128
7.043843 14.056694 2.391749 128 128 128
3.993244 17.853816 8.334740 178 34 34
7.292819 14.301246 10.456096 178 34 34
5.871693 16.746704 6.325233 128 128 128
5.619142 16.775086 6.536081 128 128 128
4.952581 14.757773 12.749391 178 34 34
6.667435 15.775516 6.350412 178 34 34
4.693275 12.888291 10.916698 128 128 128
3.359828 14.257143 2.155982 178 34 34
7.484564 17.453107 4.022738 128 128 128
2.930094 16.057771 9.256414 128 128 128
6.225537 17.168169 7.073134 178 34 34
6.188733 17.709769 4.539109 178 34 34
2.979309 16.012139 0.826682 128 128 128
2.912548 13.689617 11.321320 128 128 128
4.808725 17.782321 0.637464 128 128 128
7.106079 14.981569 11.256332 128 128 128
5.808314 13.154232 0.866150 178 34 34
5.389840 16.136914 6.316773 178 34 34
2.628775 15.065679 9.203217 128 128 128
7.881219 16.299199 1.857047 128 128 128
5.074437 16.909783 6.990873 178 34 34
2.716112 17.840339 2.517469 128 128 128
3.723679 13.184679 2.900540 128 128 128
7.852972 15.922351 2.150868 128 128 128
6.635940 15.361551 7.480600 128 128 128
4.899356 14.202700 2.162935 128 128 128
6.380985 13.980203 3.612254 128 128 128
6.453388 16.115102 0.393053 178 34 34
7.840784 13.885555 12.450389 178 34 34
6.018089 13.566826 4.467760 128 128 128
5.922522 12.856815 6.152811 178 34 34
3.016868 12.844186 10.923355 128 128 128
5.470978 17.044308 4.486401 128 128 128
3.169261 14.915744 8.407839 178 34 34
7.939098 17.888667 9.036240 128 128 128
7.936555 16.026296 10.481256 128 128 128
4.432170 14.804575 12.603336 178 34 34
2.677916 17.458116 13.863823 128 128 128
3.744661 13.612284 5.294996 128 128 128
6.261346 16.294037 12.121331 128 128 128
5.827506 16.936521 6.876358 128 128 128
7.240247 17.517127 9.455805 128 128 128
2.607855 17.557275 4.127558 128 128 128
3.191992 14.458907 13.186457 128 128 128
3.386084 13.459599 8.266698 128 128 128
7.309445 14.738480 13.260594 178 34 34
2.543256 13.318050 10.018379 128 128 128
2.747134 12.888633 13.711454 178 34 34
7.326805 12.803253 1.354629 128 128 128
5.074791 17.537588 2.240985 128 128 128
2.826460 15.039450 12.888572 128 128 128
3.411583 17.398899 6.662865 128 128 128
5.687463 17.031599 4.893001 178 34 34
4.864734 17.078738 11.554591 128 128 128
3.082386 12.710040 6.021163 178 34 34
2.963032 17.125492 12.690057 128 128 128
5.234614 16.810697 0.759472 178 34 34
7.720652 13.480365 11.964098 128 128 128
5.133529 14.172226 11.345211 128 128 128
4.848927 14.440489 13.242788 128 128 128
4.803232 17.285601 11.607462 128 128 128
6.560799 15.928454 7.936636 178 34 34
7.403132 15.286034 0.406610 128 128 128
6.642184 14.731650 5.390671 128 128 128
6.665409 14.690821 2.662865 178 34 34
6.277707 15.084698 6.861564 178 34 34
7.131796 17.238379 2.333695 178 34 34
7.756856 17.892276 7.646465 128 128 128
2.931828 16.721240 13.532770 128 128 128
6.528392 13.139396 6.993800 128 128 128
6.534642 13.502901 1.311894 128 128 128
7.516948 12.780913 10.540192 128 128 128
6.961824 15.532096 1.021889 128 128 128
5.183251 16.956471 5.153653 128 128 128
3.804769 14.985634 7.004776 178 34 34
2.985450 15.223229 11.208122 128 128 128
2.639817 13.270795 3.527291 128 128 128
4.454254 12.939829 13.516348 128 128 128
5.681591 15.873043 0.701523 128 128 128
3.272806 16.628650 12.382975 128 128 128
3.635631 17.612913 6.341842 128 128 128
3.436982 14.483876 8.373414 128 128 128
7.440576 14.868229 0.797496 128 128 128
4.875356 12.923976 3.863976 128 128 128
7.581280 17.954154 13.467692 178 34 34
5.583952 18.021901 8.611973 178 34 34
7.562735 13.360541 4.315399 128 128 128
3.324151 14.918112 10.886115 128 128 128
5.769012 14.675260 13.129498 178 34 34
4.336146 16.532920 8.819622 128 128 128
3.830964 15.049066 5.259608 128 128 128
4.461380 13.043330 3.155097 128 128 128
6.113184 15.114188 1.851006 128 128 128
4.406714 12.636112 1.764504 128 128 128
5.229638 14.213166 2.922112 128 128 128
2.894368 13.690029 6.897912 128 128 128
4.937563 14.084256 12.133860 178 34 34
5.500110 13.038179 4.986472 128 128 128
6.035486 13.513499 10.631373 128 128 128
3.756781 17.022737 9.162299 128 128 128
2.756821 16.756008 12.852147 128 128 128
3.359404 15.675278 4.271469 128 128 128
4.153566 13.723242 6.312957 128 128 128
6.774398 14.944343 12.952097 128 128 128
7.763709 13.874241 13.750512 128 128 128
5.026959 15.095161 9.071865 128 128 128
5.642976 13.382037 7.055950 128 128 128
5.662086 17.533007 10.437393 128 128 128
7.857040 12.666625 3.617821 128 128 128
4.347699 13.098288 5.213443 178 34 34
6.299112 13.807429 6.996809 128 128 128
3.209364 14.983913 11.261008 128 128 128
4.456303 16.720974 9.852470 178 34 34
7.665765 17.905267 11.149780 128 128 128
3.959153 17.335450 9.091977 178 34 34
5.233857 12.634365 6.807365 178 34 34
4.749918 14.365438 0.071060 178 34 34
4.413899 17.142710 8.683757 128 128 128
7.621731 17.152986 13.551559 128 128 128
2.554096 14.043167 0.291841 128 128 128
6.176292 16.659641 10.337211 128 128 128
6.685806 15.614999 8.740663 128 128 128
5.875120 17.874371 4.519168 178 34 34
5.491154 16.880151 11.143938 128 128 128
5.016985 13.042246 0.723973 128 128 128
5.694714 17.686767 12.006221 128 128 128
4.696340 13.827707 13.632868 128 128 128
3.865758 16.058948 7.746918 128 128 128
2.673691 16.733268 7.874198 178 34 34
7.578661 15.580608 9.026225 128 128 128
6.771441 17.746541 4.499956 128 128 128
7.420735 14.644791 10.850018 178 34 34
6.429456 17.314132 4.294888 128 128 128
6.871899 13.888218 9.933984 128 128 128
4.542760 14.029226 13.557260 178 34 34
7.524884 14.774440 2.788273 128 128 128
3.823354 15.682750 7.924688 178 34 34
4.200805 13.592441 6.599385 178 34 34
3.101592 16.935587 7.292733 128 128 128
7.937931 13.944327 10.556033 128 128 128
4.960843 17.926015 2.087253 128 128 128
4.322042 13.795299 5.164756 178 34 34
7.474919 13.798231 7.370594 128 128 128
5.175364 16.688983 3.296886 128 128 128
7.353245 17.368623 5.466060 178 34 34
4.746458 13.373875 0.884545 128 128 128
5.990182 16.341099 3.684408 128 128 128
5.828705 13.086604 8.216993 128 128 128
4.222533 12.811567 3.061672 178 34 34
7.872692 16.352521 4.274296 128 128 128
4.510936 13.573728 10.373184 128 128 128
7.800670 17.911085 9.776491 128 128 128
3.981812 14.361357 7.867752 128 128 128
5.696042 14.370676 4.134171 178 34 34
3.278897 13.542587 3.377330 128 128 128
5.118353 17.118629 0.858914 128 128 128
6.513168 16.988505 12.657081 128 128 128
4.375616 13.242375 0.917959 128 128 128
4.430985 14.152262 7.877119 178 34 34
4.722866 14.558931 1.819206 128 128 128
5.941069 17.941396 9.409354 128 128 128
6.835754 15.616075 2.070653 128 128 128
6.146561 17.944220 7.929649 128 128 128
3.262090 14.786495 4.683061 178 34 34
2.683185 14.831323 10.302280 178 34 34
5.702661 16.178807 10.391303 128 128 128
6.613123 14.656143 2.727550 128 128 128
6.762605 14.723348 1.212090 128 128 128
4.702567 16.904650 5.324905 178 34 34
5.065335 13.547797 1.111613 178 34 34
7.156132 14.421252 1.009146 128 128 128
2.981333 14.596964 2.837407 128 128 128
7.663057 14.995035 2.023516 128 128 128
2.796915 14.793740 10.714128 128 128 128
3.309321 16.401659 11.746312 128 128 128
5.179240 12.684257 1.913927 128 128 128
2.577252 16.399487 1.581861 128 128 128
4.875722 16.658900 0.828115 178 34 34
6.795057 14.386953 7.948615 178 34 34
2.539506 12.664965 8.613687 128 128 128
5.734070 17.047388 13.209667 128 128 128
7.099287 17.801558 10.569244 178 34 34
3.965754 13.908792 4.560622 128 128 128
4.615571 13.489335 4.430492 128 128 128
3.809100 14.319869 6.070913 178 34 34
4.857599 16.990092 4.956029 178 34 34
2.903128 14.380150 8.730440 178 34 34
7.902254 12.616096 12.174336 128 128 128
4.759039 17.045098 9.968647 178 34 34
3.499918 17.566366 12.840613 178 34 34
3.343715 15.091748 12.944038 128 128 128
5.148624 14.184344 7.970309 178 34 34
4.272585 14.423908 4.243491 178 34 34
3.256903 13.003916 9.448278 128 128 128
4.158399 13.691133 9.762951 128 128 128
7.086967 14.854389 1.961779 178 34 34
7.286190 15.389781 8.085423 128 128 128
3.566366 16.131652 4.467988 178 34 34
4.505702 13.538005 0.727082 128 128 128
3.168676 17.333613 3.513757 128 128 128
2.572409 17.874889 11.896648 128 128 128
6.152498 14.353327 4.646842 128 128 128
5.261204 13.014474 12.622204 128 128 128
4.738303 13.402600 4.941114 128 128 128
4.628411 17.174552 0.048300 128 128 128
5.562885 13.253732 12.815299 128 128 128
6.925097 13.655829 7.633495 128 128 128
6.694206 13.536131 2.923616 128 128 128
6.062350 17.503263 6.544453 128 128 128
6.177772 16.883878 1.016553 128 128 128
3.810855 12.814063 11.172602 128 128 128
4.363436 13.856938 9.816815 128 128 128
6.348192 15.758381 8.151280 128 128 128
7.756282 17.821585 11.946347 128 128 128
7.008933 17.917877 11.349434 128 128 128
4.171313 15.446967 5.106724 128 128 128
4.109795 16.837779 10.109042 128 128 128
4.536585 17.843249 12.587776 128 128 128
4.871219 14.952971 2.149632 128 128 128
2.682474 15.912751 9.976786 128 128 128
3.921201 15.896542 13.625702 128 128 128
7.146790 17.424023 1.535436 128 128 128
4.373104 14.158915 5.455479 128 128 128
3.568013 16.174712 1.038168 178 34 34
2.629254 16.469125 3.799649 128 128 128
6.763450 17.054937 4.882487 128 128 128
4.551805 17.909706 4.917769 178 34 34
2.679074 17.505023 9.921419 128 128 128
2.893721 17.367177 1.144888 128 128 128
7.075571 15.644839 6.245338 178 34 34
5.952478 16.986271 13.748010 128 128 128
6.659129 13.350119 3.103222 178 34 34
3.309637 13.477406 6.329629 128 128 128
7.823408 17.533076 13.870587 128 128 128
3.870716 13.918324 8.408820 128 128 128
3.680129 17.189402 10.741745 128 128 128
5.643044 13.338926 5.102111 128 128 128
4.881943 14.835051 4.071867 128 128 128
6.172031 17.529933 5.817797 128 128 128
6.424707 15.066177 8.965636 128 128 128
5.819457 15.934313 6.119379 178 34 34
4.103535 14.364881 12.815553 128 128 128
6.551947 17.807460 4.443267 128 128 128
2.841951 17.416421 7.664681 178 34 34
5.898537 13.555188 7.116413 128 128 128
5.772709 15.868055 4.839889 178 34 34
5.709745 13.331528 2.588729 128 128 128
7.336094 13.591793 13.870247 128 128 128
5.792023 17.247452 11.788953 128 128 128
6.036474 15.959889 5.383433 128 128 128
2.890637 14.258444 13.142655 128 128 128
5.656551 15.194649 8.092222 128 128 128
7.595345 13.975132 7.019689 128 128 128
5.221004 15.690211 3.541874 128 128 128
7.605518 14.528666 10.474555 128 128 128
3.330282 14.754830 5.847677 178 34 34
3.118037 14.867996 11.599163 178 34 34
5.130585 14.073875 7.916563 128 128 128
2.802665 16.801804 4.648809 128 128 128
6.084149 16.634888 12.611784 178 34 34
5.323256 13.625848 6.342763 128 128 128
6.973617 13.564455 5.454768 128 128 128
4.409250 17.550460 12.097209 128 128 128
7.396225 16.344243 2.446958 128 128 128
6.896412 12.866692 5.036716 128 128 128
7.121094 13.766731 12.634708 178 34 34
7.790313 15.606949 10.169901 128 128 128
2.754782 17.326634 1.102886 178 34 34
6.538220 15.338082 3.078450 128 128 128
5.588140 13.535630 3.612646 128 128 128
3.245807 17.414931 8.441001 128 128 128
4.320574 14.546157 7.861565 178 34 34
2.756661 17.438861 0.353254 178 34 34
3.443217 12.632036 12.494596 128 128 128
6.627938 17.280889 9.351123 128 128 128
3.657141 13.184655 5.850589 128 128 128
7.468310 17.205576 4.517241 128 128 128
7.706455 14.398206 11.105639 128 128 128
7.120698 13.192166 12.301507 128 128 128
6.934246 12.726875 0.663450 128 128 128
6.252586 12.817043 1.897220 178 34 34
3.565870 13.176416 12.408839 178 34 34
2.813842 13.333881 13.812066 128 128 128
7.345492 16.934724 4.583913 128 128 128
4.393932 13.684635 8.790387 128 128 128
4.434874 12.768530 8.669173 128 128 128
7.195186 14.650167 1.465029 128 128 128
3.970781 15.484680 1.738537 128 128 128
7.202502 17.048739 4.186332 128 128 128
3.585874 14.117332 2.324262 128 128 128
6.068749 18.018876 12.781800 178 34 34
6.198439 17.186204 11.767072 128 128 128
5.395130 17.048388 1.924559 128 128 128
6.444177 17.783437 5.364913 128 128 128
5.865131 12.834808 1.734145 128 128 128
3.219711 16.260559 1.670060 178 34 34
5.563885 17.919431 12.760825 128 128 128
7.514820 17.613251 12.557276 178 34 34
5.147600 15.405598 0.164463 128 128 128
4.973767 15.555219 9.951398 178 34 34
6.841691 14.150298 8.942031 128 128 128
6.591001 15.196883 8.636663 128 128 128
5.038570 16.281010 0.511583 128 128 128
2.836284 14.226224 6.608206 128 128 128
4.300213 17.063459 9.067732 128 128 128
2.817092 17.402190 5.608317 128 128 128
7.741299 12.948749 7.272331 128 128 128
7.882504 15.435010 2.251190 128 128 128
5.299995 17.504756 2.944579 128 128 128
6.148699 15.274045 11.350861 128 128 128
7.825538 16.509998 8.744857 178 34 34
4.217635 14.471727 5.210063 128 128 128
7.463480 13.916050 7.535956 128 128 128
6.361667 13.001595 13.402400 128 128 128
5.004013 14.853578 2.018584 128 128 128
7.689569 13.664958 9.398523 128 128 128
6.223468 16.946210 11.551218 178 34 34
4.572565 14.671273 10.539065 128 128 128
4.063742 13.489030 9.346877 178 34 34
7.057306 13.657972 10.303596 128 128 128
5.358986 17.388254 11.416017 178 34 34
7.807901 14.699211 8.156444 178 34 34
6.334721 12.849054 12.101617 178 34 34
5.713901 17.879590 6.075736 128 128 128
3.734390 15.577894 12.073279 178 34 34
4.390057 17.128576 12.800558 178 34 34
5.583491 16.548713 1.321723 178 34 34
5.518298 17.268586 5.905735 178 34 34
2.525302 17.118186 12.542556 128 128 128
7.169008 13.116174 5.469747 128 128 128
5.555565 14.559620 1.189209 128 128 128
4.477402 15.488502 10.010085 128 128 128
5.704777 15.150314 0.964539 128 128 128
3.426287 15.575725 13.689326 178 34 34
5.702444 12.710617 2.616133 128 128 128
5.631270 14.125014 9.319582 128 128 128
5.658071 14.715567 10.774475 128 128 128
5.509470 17.990267 0.349323 128 128 128
6.517192 16.646308 1.769957 128 128 128
4.736081 16.396071 11.417024 128 128 128
5.911756 14.077550 10.671143 128 128 128
7.113946 16.897488 6.714851 128 128 128
6.775340 17.107059 1.343390 128 128 128
2.539079 13.955360 4.267612 128 128 128
4.484329 13.038262 8.610248 128 128 128
3.783014 13.809046 9.371705 128 128 128
3.036025 17.253609 2.615602 128 128 128
3.247129 16.696235 10.390769 128 128 128
5.137316 15.869108 1.358434 178 34 34
6.176675 14.004969 2.684703 178 34 34
3.606620 14.913395 3.040793 128 128 128
4.779287 16.084429 5.001905 128 128 128
6.442276 15.425227 1.196864 178 34 34
3.476904 13.125769 1.604917 128 128 128
6.332799 14.045552 1.184098 178 34 34
2.876254 17.408082 2.150079 128 128 128
7.086318 15.800252 11.920753 128 128 128
7.456731 16.398323 13.024061 178 34 34
7.289434 12.573805 1.406743 128 128 128
3.858914 13.783720 2.441300 128 128 128
3.741017 13.996007 13.929466 128 128 128
3.680427 15.075652 8.593558 128 128 128
6.651984 15.781890 2.981253 128 128 128
7.406189 13.590525 1.228802 128 128 128
4.504964 15.853049 10.369483 128 128 128
6.414358 16.862784 2.538057 178 34 34
3.281003 17.588206 8.207833 178 34 34
7.397054 17.783835 3.592467 128 128 128
4.071981 15.910918 3.526900 128 128 128
4.275353 15.517477 13.669404 178 34 34
4.842018 15.053760 2.801697 178 34 34
6.974476 13.288400 1.655551 178 34 34
7.867652 13.972468 5.604412 128 128 128
7.150419 12.825994 4.522989 178 34 34
5.136536 16.565744 8.047160 128 128 128
5.926046 17.237659 11.853712 128 128 128
7.973863 15.245980 1.907939 128 128 128
6.567429 13.473331 7.932258 128 128 128
5.693579 13.586429 10.421978 128 128 128
5.966033 15.140359 2.450270 178 34 34
6.900669 17.526699 5.308470 128 128 128
6.463137 13.879242 2.853934 128 128 128
3.204022 14.980969 3.767958 178 34 34
7.797593 15.892386 13.171079 128 128 128
3.591072 14.505702 3.829961 128 128 128
7.137713 13.033991 7.951040 128 128 128
7.790983 17.941362 1.112059 128 128 128
4.031508 14.163964 3.935012 128 128 128
3.567994 14.098677 11.175615 128 128 128
3.036254 12.599930 9.324049 178 34 34
3.895349 17.880037 0.382554 128 128 128
5.083234 15.103148 2.961702 128 128 128
7.161050 13.385162 13.704869 128 128 128
5.509822 13.082299 12.178831 128 128 128
4.027960 13.190524 4.896985 178 34 34
3.821093 13.929237 2.206167 178 34 34
3.258714 14.594659 9.766729 128 128 128
6.755783 15.791054 4.732755 128 128 128
4.177114 16.705500 10.270601 128 128 128
2.892692 13.047392 5.139676 128 128 128
4.121149 13.126290 2.697387 128 128 128
2.634919 15.117382 11.307668 178 34 34
5.970247 12.949860 8.353854 178 34 34
3.943585 16.148603 11.671392 128 128 128
3.373582 14.155032 0.234324 128 128 128
7.510804 17.418025 13.930574 128 128 128
6.643977 17.853688 4.321792 178 34 34
7.680751 17.153654 11.886483 128 128 128
4.995522 15.713333 12.515328 128 128 128
5.436744 15.331214 7.919016 128 128 128
3.281328 15.007321 1.473900 128 128 128
6.340481 15.387798 9.158533 128 128 128
4.326504 15.034539 9.644015 128 128 128
6.646714 15.450013 0.088943 128 128 128
2.617480 17.749636 11.017981 128 128 128
6.203877 17.056938 11.932813 178 34 34
2.585184 15.723854 5.519324 128 128 128
6.301748 15.450652 10.122539 128 128 128
4.903344 13.070525 8.295304 128 128 128
5.524325 17.847499 8.660544 128 128 128
7.647502 15.925163 0.677631 128 128 128
6.216231 16.674357 2.789668 178 34 34
6.297860 13.750304 1.006158 178 34 34
5.594541 15.273064 4.860368 128 128 128
3.661909 15.349254 0.113221 128 128 128
5.428879 15.177123 6.415525 178 34 34
6.939783 14.215021 6.926257 128 128 128
4.722460 13.325396 5.518425 128 128 128
3.566003 14.836370 11.456893 128 128 128
3.505353 16.726753 8.430804 128 128 128
4.003565 16.334253 12.471487 128 128 128
6.600229 17.354344 5.937002 128 128 128
5.178047 14.752568 4.043855 128 128 128
6.578795 15.240735 2.558824 128 128 128
3.479576 17.217379 11.808472 128 128 128
4.496872 13.623222 7.865948 128 128 128
2.532455 15.396241 11.214210 128 128 128
4.142928 15.813937 7.967830 128 128 128
7.043842 18.019370 3.484515 128 128 128
2.592044 14.242709 10.548054 178 34 34
7.162335 15.405204 5.360824 128 128 128
5.277405 13.064146 8.407186 128 128 128
3.845763 14.646431 11.291291 128 128 128
6.647774 13.262385 13.331887 128 128 128
6.137812 14.364862 11.646052 128 128 128
7.007933 13.935147 2.061675 128 128 128
3.069754 14.465718 1.902377 178 34 34
2.509527 17.381158 13.686018 128 128 128
2.982109 17.528627 0.226507 128 128 128
3.142471 13.810992 3.708337 178 34 34
5.116716 13.006177 8.372434 128 128 128
7.384549 15.246270 8.059462 128 128 128
7.000243 16.440820 2.645636 178 34 34
6.860798 13.071334 11.575497 128 128 128
3.384461 13.373656 8.876130 128 128 128
2.998046 16.820282 12.949375 178 34 34
3.991525 13.447941 1.465559 128 128 128
6.143381 15.679573 2.235481 178 34 34
3.257759 16.075055 8.670762 128 128 128
4.137185 16.397584 6.186606 128 128 128
3.515834 16.256571 0.694521 128 128 128
2.654361 18.006242 12.167874 128 128 128
4.007654 16.090663 12.426605 178 34 34
5.921949 15.977802 8.871190 128 128 128
4.123941 14.281306 1.812361 128 128 128
4.910229 17.130048 3.781787 128 128 128
3.499308 13.609973 0.916786 128 128 128
4.520867 16.483699 10.174512 178 34 34
7.298894 13.223543 7.040361 178 34 34
6.150071 17.371907 8.733250 178 34 34
5.355061 16.181547 11.680879 128 128 128
5.946166 15.994944 12.150664 128 128 128
6.238716 17.637057 4.754791 128 128 128
5.090766 14.457669 2.102688 128 128 128
3.610509 12.574823 8.566178 178 34 34
7.841106 16.662133 9.041418 128 128 128
7.035549 15.324876 1.697492 178 34 34
5.326862 17.636433 1.799829 178 34 34
5.643893 16.444821 5.368796 178 34 34
3.955418 14.949717 8.679982 128 128 128
2.543069 15.170464 9.811769 128 128 128
5.991237 16.157416 7.500139 128 128 128
3.583833 15.672995 10.967883 128 128 128
3.466885 15.575168 11.226030 128 128 128
5.442304 15.301234 8.072982 178 34 34
7.241778 14.863296 0.096608 178 34 34
7.493241 16.896497 11.369993 178 34 34
3.898262 14.635959 1.145212 128 128 128
2.691279 13.463164 11.687511 128 128 128
4.208000 14.110972 10.743180 128 128 128
3.511045 16.032374 13.658613 178 34 34
6.382231 17.165669 5.706741 128 128 128
2.497728 16.206239 10.687570 128 128 128
2.568502 15.845440 13.890088 128 128 128
3.018860 15.121397 0.597171 128 128 128
4.003712 17.994589 8.277743 178 34 34
5.312186 15.984650 13.789289 128 128 128
7.607626 14.938402 0.266176 128 128 128
6.825314 16.094484 2.513609 128 128 128
5.350622 13.508953 13.587991 178 34 34
5.383988 16.430532 4.067469 128 128 128
5.035414 13.355257 3.831308 178 34 34
6.970777 12.984327 10.771745 128 128 128
5.247782 16.501489 1.986246 128 128 128
4.776744 14.211129 7.773134 178 34 34
4.438314 13.248499 11.515838 128 128 128
7.554620 15.852953 10.041654 178 34 34
4.272008 13.153158 4.985920 128 128 128
7.683915 14.872287 12.460762 128 128 128
3.239699 13.158603 9.829797 128 128 128
3.642843 14.301846 12.785577 128 128 128
5.212250 13.249924 4.638621 128 128 128
2.966244 14.305447 4.862247 128 128 128
5.121957 14.879564 7.843426 178 34 34
5.264183 13.724192 13.877072 128 128 128
7.583903 14.904083 8.381176 178 34 34
5.727756 14.722962 13.487621 178 34 34
7.486540 17.081006 13.256895 128 128 128
2.516298 16.888493 4.783226 128 128 128
4.409951 13.929804 12.326047 128 128 128
4.897844 16.184038 13.305370 128 128 128
3.425023 13.825882 7.697322 178 34 34
7.295673 16.138614 13.030595 128 128 128
2.479077 12.883697 5.872238 178 34 34
6.545746 17.231942 6.238202 128 128 128
4.354435 15.243885 2.983513 128 128 128
6.894189 13.187771 10.709716 128 128 128
3.361942 17.697972 1.075970 178 34 34
4.243318 13.179125 12.640560 178 34 34
6.210506 14.896743 7.395019 128 128 128
2.780364 13.369218 13.271673 178 34 34
2.560363 12.823594 13.436344 128 128 128
2.851613 16.533798 1.447495 178 34 34
6.026778 18.027576 12.655291 128 128 128
6.684110 15.896374 8.501434 128 128 128
4.050324 14.263598 5.051432 128 128 128
3.406461 14.751884 11.442349 128 128 128
5.581376 15.924564 12.526243 178 34 34
7.529789 15.029149 1.033172 128 128 128
5.518703 17.601001 3.299840 128 128 128
5.042102 15.884763 7.920563 178 34 34
5.964242 16.874758 2.890272 128 128 128
2.478890 13.840561 2.619378 178 34 34
3.041181 15.487222 0.418578 128 128 128
6.275894 16.557107 6.551183 128 128 128
6.747717 15.083786 3.317386 128 128 128
5.335721 15.419735 2.221975 178 34 34
4.189794 17.694015 13.798944 128 128 128
2.875880 15.914585 11.181476 128 128 128
3.803028 13.797307 7.965610 128 128 128
8.000378 17.829270 12.671145 178 34 34
4.455332 14.929567 8.041594 178 34 34
3.809750 12.964057 8.647078 128 128 128
3.421308 13.611183 1.166564 178 34 34
3.062209 16.050369 10.615385 128 128 128
7.686243 13.669431 10.492711 128 128 128
4.984463 15.299366 7.666061 128 128 128
7.599844 16.475983 12.031532 128 128 128
6.457958 17.286547 9.600474 178 34 34
6.530588 14.562829 7.274513 128 128 128
7.909631 13.204279 5.480129 128 128 128
3.699810 17.674046 11.618047 128 128 128
3.402325 14.646582 9.287207 128 128 128
5.214308 16.120210 13.253221 178 34 34
3.118056 12.950815 3.609131 128 128 128
2.637611 13.133040 11.143940 128 128 128
2.540093 15.426953 1.790588 178 34 34
7.931334 13.006946 10.364485 178 34 34
3.711106 14.976934 13.283009 178 34 34
5.749219 16.168043 12.014295 128 128 128
4.560915 14.916570 8.290556 178 34 34
6.766279 14.647903 4.559053 128 128 128
7.051904 14.359094 7.387631 178 34 34
7.532888 12.986160 11.233134 128 128 128
3.307635 14.998463 10.365381 128 128 128
4.392247 16.456587 1.815064 128 128 128
6.586310 15.258810 1.388596 178 34 34
2.504841 17.632525 9.319081 128 128 128
4.776939 16.359323 11.236549 178 34 34
5.028916 17.919817 9.953403 128 128 128
3.333000 14.596414 5.163406 178 34 34
7.806197 12.812883 0.356557 128 128 128
5.879046 12.889106 12.201001 128 128 128
4.766705 15.528683 12.001279 178 34 34
3.850637 13.732328 2.656901 178 34 34
6.928377 16.186617 13.106529 128 128 128
7.207269 14.888075 8.916199 178 34 34
6.500760 14.970389 11.008510 178 34 34
3.213277 14.620281 8.379863 128 128 128
2.544114 13.363322 4.130025 128 128 128
5.412350 16.889312 3.359651 128 128 128
5.304803 13.248296 0.728720 178 34 34
3.206291 15.305035 12.603658 128 128 128
5.754710 17.040346 2.900519 128 128 128
6.766811 15.122400 3.229565 128 128 128
5.284435 17.431250 3.879479 128 128 128
3.585590 17.511115 6.342239 128 128 128
2.757626 13.050339 3.011535 178 34 34
5.124047 15.759354 11.885567 178 34 34
6.705451 15.863563 3.570706 128 128 128
5.428795 14.795776 1.856242 178 34 34
3.408454 13.091796 9.538746 128 128 128
7.639994 17.253959 8.587911 128 128 128
3.847593 13.614202 5.908149 178 34 34
4.625802 15.063000 12.792564 128 128 128
7.675943 15.769343 13.233130 128 128 128
5.825818 13.786566 1.297742 178 34 34
2.537200 17.834703 2.896917 128 128 128
3.794382 14.599073 2.956274 128 128 128
3.048479 14.930908 12.455394 128 128 128
3.837353 13.341444 3.337162 128 128 128
3.479684 14.725692 8.401237 128 128 128
3.148570 13.219598 12.028718 128 128 128
6.292120 17.385311 0.388353 178 34 34
2.527136 15.465231 10.701668 128 128 128
7.980804 14.745226 5.711795 128 128 128
7.800680 16.730076 4.932044 128 128 128
3.829550 16.083991 0.488724 128 128 128
6.268960 17.433170 6.000152 128 128 128
4.565139 15.792909 2.080111 128 128 128
3.381091 16.639701 2.633945 178 34 34
7.919206 14.581260 13.163962 128 128 128
3.431352 16.829281 0.316718 128 128 128
5.177158 15.281816 3.720338 128 128 128
3.672517 13.844307 6.580127 128 128 128
6.496429 13.737194 3.673097 128 128 128
7.039629 13.124820 8.261717 178 34 34
3.561063 15.018311 1.883339 128 128 128
5.958860 16.214121 13.772107 128 128 128
2.970960 16.182865 9.926753 128 128 128
5.904432 14.720646 6.058762 178 34 34
3.102160 14.368573 8.639518 128 128 128
2.748175 18.022604 13.130023 128 128 128
2.777669 17.337923 12.997527 128 128 128
4.603182 13.696274 3.649054 128 128 128
7.958160 14.431028 0.947303 178 34 34
4.400940 13.385803 3.009473 128 128 128
4.076630 13.657314 2.987760 128 128 128
4.633122 16.229034 11.168647 178 34 34
4.615305 17.278520 6.754041 128 128 128
3.258076 17.792374 8.094160 128 128 128
6.180273 12.732900 4.705854 128 128 128
2.633857 15.302703 1.208894 128 128 128
7.337140 14.726382 12.838112 128 128 128
3.783024 13.851072 10.621708 178 34 34
4.240063 13.152746 12.364887 128 128 128
2.834309 16.556495 11.123162 128 128 128
3.609309 13.828309 5.795309 178 34 34
3.936137 13.836449 5.581447 128 128 128
7.012626 14.995064 3.061238 128 128 128
5.084723 14.378700 0.666618 178 34 34
4.482983 17.111384 13.291156 128 128 128
5.961441 16.816603 13.810856 128 128 128
7.141890 17.311364 4.760948 128 128 128
6.578024 16.533967 3.708772 128 128 128
3.030412 16.615141 9.095522 128 128 128
4.894630 14.049807 2.273265 128 128 128
5.729194 14.038448 4.122100 128 128 128
3.937201 15.574480 6.118319 178 34 34
4.458197 13.499514 6.973431 178 34 34
2.795820 12.875477 7.055879 128 128 128
3.270001 15.814652 9.551422 128 128 128
3.872276 14.556827 6.055921 128 128 128
7.248879 13.966575 2.715482 128 128 128
4.110202 14.851176 2.848901 128 128 128
5.565435 12.640932 10.494270 128 128 128
2.526487 13.112824 8.823161 178 34 34
5.581957 14.512294 10.030543 178 34 34
4.215211 13.821645 6.302037 128 128 128
7.452151 17.849176 4.064871 128 128 128
5.612259 17.247777 3.507745 128 128 128
5.712194 17.322776 7.561807 128 128 128
2.643157 17.649438 9.478167 128 128 128
4.214638 13.624556 13.506710 178 34 34
7.718875 12.868392 6.103167 128 128 128
4.612457 13.547768 0.702082 128 128 128
7.893643 17.123017 6.542221 128 128 128
7.217178 16.648084 6.084467 128 128 128
4.934046 12.611224 7.204933 178 34 34
7.275312 16.025078 3.461891 128 128 128
5.796570 15.496994 0.483422 128 128 128
7.059603 12.912140 0.629827 128 128 128
2.603001 13.872205 4.910893 128 128 128
5.320106 15.190100 11.262806 128 128 128
5.403318 16.645459 6.922325 178 34 34
5.601670 13.453320 5.789171 178 34 34
6.119984 15.781010 8.936257 178 34 34
7.977187 15.717533 9.593144 128 128 128
6.011528 13.380541 11.771388 128 128 128
2.848020 15.844066 7.859040 178 34 34
4.289117 16.651979 8.353490 128 128 128
5.462069 13.875482 4.240277 128 128 128
7.424470 14.772063 6.832372 128 128 128
3.003347 14.539948 13.125807 128 128 128
2.522788 16.032621 7.153478 128 128 128
6.893258 14.441932 2.856926 128 128 128
7.315169 16.640191 8.660438 128 128 128
6.031215 16.091757 2.454550 128 128 128
7.051188 17.044516 0.975875 178 34 34
3.113610 16.641727 0.838859 128 128 128
5.972701 13.976544 9.984690 128 128 128
5.336540 15.386714 5.604543 178 34 34
6.648556 16.871347 12.524958 178 34 34
3.719169 15.544013 13.205672 128 128 128
4.491923 15.098276 11.011430 128 128 128
5.208687 17.682268 4.958507 128 128 128
4.705383 13.055793 11.757307 128 128 128
7.412878 15.539575 12.340707 128 128 128
3.124693 15.003590 4.829440 128 128 128
6.200722 14.061028 3.379290 128 128 128
6.065212 16.550283 9.031079 128 128 128
4.807694 14.219927 6.676411 128 128 128
7.834136 16.879641 9.122154 178 34 34
4.482815 14.234396 4.541900 128 128 128
5.899357 16.620274 6.406220 128 128 128
4.425905 13.801041 5.392608 178 34 34
5.563283 13.665736 2.115156 178 34 34
2.651651 12.594034 1.571321 128 128 128
4.614930 17.665217 7.259787 178 34 34
3.801458 17.283075 10.394251 128 128 128
6.811906 14.326181 7.019721 178 34 34
5.908752 14.409725 4.408062 128 128 128
4.757011 13.755714 4.336043 128 128 128
3.499038 13.734957 3.887571 178 34 34
4.932361 13.185959 8.656008 128 128 128
7.432070 16.482024 2.986235 178 34 34
6.865457 13.823961 3.805379 128 128 128
3.233886 14.370773 0.085762 128 128 128
6.163356 14.552706 7.359328 178 34 34
3.974013 17.927637 7.794455 178 34 34
6.896863 15.003003 5.403589 128 128 128
4.574075 16.695574 4.986440 128 128 128
5.734207 14.799074 3.474832 128 128 128
4.824312 12.583796 13.546789 128 128 128
6.203992 13.895244 4.342747 178 34 34
5.237465 15.789240 5.081599 128 128 128
2.678234 16.560668 6.866331 178 34 34
6.017490 14.986827 10.661142 178 34 34
7.697196 16.683014 5.932235 128 128 128
6.576568 16.627593 7.789917 128 128 128
3.202585 17.376258 5.928305 128 128 128
5.366415 14.421891 2.537931 128 128 128
2.764204 15.274123 0.874200 128 128 128
4.663210 15.488704 5.613296 178 34 34
6.228982 13.924710 6.330158 128 128 128
7.488184 18.002979 12.003811 128 128 128
7.247501 16.838089 11.601749 128 128 128
5.752772 14.124555 12.482458 128 128 128
7.148659 17.330049 9.766781 128 128 128
4.469804 14.610575 11.211256 128 128 128
7.068108 13.223619 5.545362 178 34 34
6.968016 15.484015 7.737175 128 128 128
7.243656 15.874004 7.233640 178 34 34
2.740694 14.946049 3.792450 128 128 128
5.581615 14.996126 12.995418 128 128 128
2.689719 14.990179 12.957696 128 128 128
3.223353 13.379623 12.046840 178 34 34
5.815311 14.860370 1.998422 128 128 128
7.244781 14.663288 5.162074 128 128 128
6.556801 13.803252 2.994921 128 128 128
5.696473 13.016559 6.754666 178 34 34
7.082366 13.678752 1.642306 128 128 128
7.853765 16.599622 4.838681 128 128 128
6.869538 14.912133 4.551026 128 128 128
3.247554 17.558721 11.298926 128 128 128
4.162602 12.694988 6.034434 128 128 128
2.949393 12.830108 7.216109 128 128 128
6.602018 17.903768 10.198209 178 34 34
5.147464 13.948145 8.426091 128 128 128
7.800061 14.601084 6.427734 178 34 34
5.962814 17.512076 12.246007 128 128 128
6.017481 15.485537 3.681430 178 34 34
4.290095 16.878494 8.150168 128 128 128
7.516710 17.729594 7.287205 128 128 128
6.497612 13.365470 7.473736 128 128 128
4.928308 17.537450 7.512578 128 128 128
5.399986 13.328103 13.097782 178 34 34
3.437081 16.141802 1.861875 128 128 128
7.048773 13.934855 9.640556 128 128 128
5.275103 17.097324 8.667778 178 34 34
6.337487 13.240901 11.992594 128 128 128
6.833222 14.571399 6.555439 128 128 128
7.164435 16.699125 3.845191 128 128 128
7.022593 14.358944 4.326291 178 34 34
3.347474 13.137848 4.880434 128 128 128
3.585222 13.976212 9.542318 178 34 34
3.371914 17.133024 10.204364 128 128 128
3.203358 13.284584 2.374934 178 34 34
5.015140 13.018744 13.550558 128 128 128
4.345619 15.850619 13.208880 128 128 128
4.312843 15.294401 0.831523 128 128 128
7.477428 12.973084 10.313766 128 128 128
2.780563 17.017044 11.666448 178 34 34
6.563343 15.116752 13.879001 128 128 128
6.108659 16.082054 0.823484 178 34 34
2.609272 14.803353 10.104560 178 34 34
7.217046 16.392720 3.684157 128 128 128
6.888564 13.269227 2.145274 128 128 128
7.740520 14.593879 11.304968 128 128 128
6.074064 16.014960 0.429352 128 128 128
4.638824 15.422011 6.541046 128 128 128
3.267435 13.287647 3.903715 178 34 34
2.801492 17.910074 0.812492 128 128 128
6.895384 14.877560 6.502041 128 128 128
3.031054 14.536262 2.927353 128 128 128
6.838255 16.028504 9.647306 128 128 128
6.964043 16.525855 12.769845 128 128 128
5.281369 14.656423 9.234804 178 34 34
6.251438 14.126948 1.051506 178 34 34
2.539718 13.983400 13.606258 178 34 34
3.000449 15.060029 6.717306 178 34 34
6.155513 13.261208 4.922651 178 34 34
5.192330 16.550138 10.675449 128 128 128
2.861007 12.731306 8.910935 128 128 128
6.351067 16.016501 5.023965 128 128 128
4.575373 16.643233 6.380851 128 128 128
4.956876 14.012903 9.722647 128 128 128
4.774004 16.863748 13.383264 128 128 128
7.108323 17.885088 1.502805 178 34 34
2.636935 12.600497 5.772480 178 34 34
5.044364 14.291465 4.589583 128 128 128
3.097455 12.620581 11.390919 128 128 128
5.640791 16.670145 10.250255 128 128 128
6.838382 17.762482 9.533473 128 128 128
5.841911 14.417649 8.586279 128 128 128
7.328008 17.428209 3.548967 178 34 34
7.244155 15.687019 13.036224 178 34 34
3.051036 17.380462 11.115457 178 34 34
3.372487 13.788653 4.604727 128 128 128
7.393992 15.510691 7.676651 178 34 34
4.552959 13.426982 7.180265 128 128 128
3.192907 17.264458 4.999707 178 34 34
2.689472 14.164511 9.584963 178 34 34
6.079461 15.800597 13.239900 128 128 128
4.861366 13.384400 13.171942 128 128 128
7.673252 16.185927 6.526486 128 128 128
5.504943 17.163082 5.284520 178 34 34
5.651350 17.303888 3.260458 178 34 34
6.623075 6.524918 8.677913 128 128 128
6.866077 5.240713 4.999828 128 128 128
5.071696 4.924259 7.290052 128 128 128
7.248712 3.031008 1.800443 128 128 128
7.211590 2.842638 3.784867 128 128 128
5.557706 5.041571 10.043785 128 128 128
5.752878 1.695668 9.400849 128 128 128
4.639844 1.248224 9.214937 128 128 128
5.831602 4.562416 7.720887 128 128 128
5.164090 1.861032 2.583353 178 34 34
5.019472 4.146551 11.230781 178 34 34
5.192996 5.611664 9.320437 178 34 34
5.682526 2.437070 5.950229 128 128 128
4.587944 4.412437 0.611862 128 128 128
7.534981 5.364483 8.604561 128 128 128
5.108438 2.245704 5.902915 178 34 34
7.514814 3.882720 5.233678 128 128 128
7.749420 2.194524 10.265761 128 128 128
6.909603 6.136740 9.797379 178 34 34
4.843939 5.040073 5.380913 178 34 34
7.862834 5.504364 5.331575 128 128 128
4.507737 5.492671 11.199130 128 128 128
4.729702 6.265424 8.125639 128 128 128
7.931961 1.853258 10.679068 178 34 34
7.502685 4.705039 1.847082 178 34 34
7.460279 6.035471 8.126893 128 128 128
5.964837 2.587512 9.906755 128 128 128
6.104037 5.539744 10.510342 178 34 34
7.239955 1.792537 4.242867 128 128 128
6.666135 3.140238 1.177949 128 128 128
7.904832 6.417988 6.787743 178 34 34
5.359146 4.337085 9.096679 178 34 34
6.775425 2.211767 9.166725 128 128 128
5.768756 2.022358 8.992192 128 128 128
5.330851 6.272037 10.763442 128 128 128
4.591054 6.456324 5.968037 128 128 128
6.755077 5.669974 10.252018 128 128 128
7.050534 2.003468 4.756989 178 34 34
5.820467 1.825836 5.241870 128 128 128
4.735471 6.476923 0.870398 128 128 128
6.384523 4.503822 0.342784 178 34 34
4.542923 2.279008 7.975747 128 128 128
6.105553 5.694752 8.509571 128 128 128
5.965391 1.218070 0.165618 128 128 128
7.376139 2.082401 1.472204 128 128 128
5.207477 2.240564 2.828541 178 34 34
7.808111 4.343654 11.011487 128 128 128
4.442886 4.737565 7.318468 128 128 128
6.080181 3.610329 6.993965 128 128 128
6.487085 5.917524 6.840456 128 128 128
5.474809 2.525636 6.356223 128 128 128
6.181039 3.637546 3.553178 128 128 128
7.009301 5.765606 9.841850 128 128 128
5.607200 4.333899 2.941469 128 128 128
5.956431 3.377454 4.547073 128 128 128
6.991329 4.913843 4.570299 128 128 128
7.618218 1.387403 4.708708 128 128 128
6.125547 6.420065 10.923600 128 128 128
5.401434 1.399583 0.472238 128 128 128
5.951060 5.006065 7.177954 128 128 128
6.791912 6.182345 1.019569 128 128 128
7.457660 4.214816 11.617550 128 128 128
5.393953 5.006288 1.514288 128 128 128
5.553189 4.419021 4.597120 128 128 128
7.376604 2.873011 6.253415 128 128 128
7.442499 5.221074 6.255040 128 128 128
5.341555 5.060360 9.437154 128 128 128
7.397575 3.357666 10.222709 128 128 128
6.762480 2.955349 1.656155 128 128 128
6.064847 3.956338 10.180322 128 128 128
4.632209 3.894809 10.572017 178 34 34
5.593629 5.381195 8.949627 128 128 128
5.203394 1.661667 1.819542 128 128 128
7.070507 5.970155 7.763649 178 34 34
6.694163 5.523761 1.003865 128 128 128
5.785894 2.355484 0.587965 128 128 128
6.754086 1.835138 8.168914 128 128 128
5.800996 4.759161 0.219665 128 128 128
4.836535 1.426954 8.321585 128 128 128
4.558984 1.231717 2.932037 128 128 128
5.986505 6.206861 9.517369 128 128 128
7.448089 6.743590 11.366256 178 34 34
5.014440 1.445191 5.244819 128 128 128
4.571583 4.566418 6.443853 128 128 128
7.407548 2.214567 10.042378 128 128 128
6.939476 1.360969 5.637807 178 34 34
5.786644 3.107391 5.440209 128 128 128
6.899704 4.447433 7.074754 178 34 34
4.737406 2.171872 2.748168 128 128 128
6.913451 4.900549 0.737995 128 128 128
7.371362 1.247998 10.683368 128 128 128
6.826293 5.979349 11.325502 178 34 34
7.093567 4.604455 11.250162 128 128 128
7.784706 3.712551 10.764513 128 128 128
5.077916 2.663336 6.830906 128 128 128
5.355677 2.255817 6.941863 128 128 128
7.320505 6.426966 0.626461 128 128 128
5.799684 3.234021 10.712903 128 128 128
4.859658 3.658089 4.478536 128 128 128
5.585169 3.241715 7.759691 128 128 128
4.747998 4.583280 6.195089 128 128 128
6.328585 6.122098 9.303677 128 128 128
5.977777 1.151890 1.385344 128 128 128
6.210946 4.572378 6.677459 178 34 34
7.751891 2.848178 11.387519 178 34 34
7.523696 5.360424 7.450722 128 128 128
7.854899 2.162925 4.158277 178 34 34
6.099638 5.761855 7.508166 128 128 128
7.543403 1.676038 9.666710 128 128 128
6.958379 6.410231 0.296194 178 34 34
6.464484 1.854572 6.449955 178 34 34
5.107121 4.104447 6.108055 128 128 128
4.498549 1.936770 2.802172 128 128 128
6.678975 3.197481 5.389469 178 34 34
6.417165 2.415474 11.161653 128 128 128
6.783504 4.720616 5.254342 178 34 34
5.297873 6.375822 1.113041 178 34 34
6.341067 5.724274 11.392397 128 128 128
6.698036 2.624190 5.975100 128 128 128
7.561476 2.949346 1.049297 128 128 128
7.152285 3.606675 9.195366 178 34 34
5.623427 2.382243 0.494575 128 128 128
5.014254 5.239958 11.483113 128 128 128
6.979210 3.010617 2.325581 128 128 128
5.293110 3.166625 4.317729 128 128 128
6.535082 1.558675 6.066107 128 128 128
6.118782 1.883571 4.936655 178 34 34
7.339052 2.932517 10.393245 178 34 34
6.187654 5.759376 2.551318 128 128 128
4.945113 1.830288 10.637013 178 34 34
5.883302 3.045179 5.869845 128 128 128
6.792672 2.355088 11.391082 128 128 128
6.956994 6.090752 0.385682 128 128 128
6.981331 2.643457 10.930016 178 34 34
4.956681 4.457441 11.497044 128 128 128
7.520537 4.927597 4.560528 178 34 34
7.731826 2.561261 10.756771 178 34 34
5.695364 6.118666 0.353843 128 128 128
5.121726 2.672146 6.218818 178 34 34
4.676166 6.778003 1.714671 128 128 128
6.542651 2.481889 6.194457 128 128 128
7.858469 6.090861 8.887122 128 128 128
6.720998 3.121596 9.938460 178 34 34
5.224698 2.533736 5.872589 128 128 128
5.392291 2.578365 2.221400 128 128 128
5.868302 3.430724 6.109674 128 128 128
5.803070 4.612553 10.562574 128 128 128
7.443609 4.786120 11.099855 128 128 128
7.745858 2.119111 2.048021 128 128 128
6.314017 6.410135 6.584091 178 34 34
5.792629 2.050743 2.856282 128 128 128
6.063328 2.276081 1.019689 128 128 128
5.525598 4.184684 1.385930 128 128 128
5.718052 6.086460 6.174327 128 128 128
4.465496 2.124289 1.057966 128 128 128
5.761558 3.725597 4.527271 128 128 128
6.732742 6.151304 10.311546 128 128 128
6.275741 1.209500 4.058958 128 128 128
4.524902 4.658990 2.426906 128 128 128
4.735024 3.506742 11.166849 128 128 128
4.689992 5.523379 9.833353 178 34 34
6.769855 3.861238 6.937328 128 128 128
7.003768 1.440988 10.696589 128 128 128
7.418982 4.427042 8.751018 128 128 128
4.604477 4.971298 2.392635 128 128 128
5.886450 1.331267 10.302102 128 128 128
6.269560 2.431495 10.308752 178 34 34
5.407633 1.830366 6.204104 128 128 128
6.850803 2.595353 8.040296 128 128 128
6.454923 1.287447 8.601184 178 34 34
5.287467 1.488449 0.763388 128 128 128
6.086400 1.613005 7.029664 128 128 128
6.099549 2.036271 1.119885 128 128 128
4.590064 2.712325 1.791407 128 128 128
5.357654 3.445735 9.282668 128 128 128
4.440952 5.074658 0.969218 128 128 128
5.271145 1.684141 7.305124 128 128 128
5.242701 5.291406 11.514266 128 128 128
5.217437 5.980689 5.830075 128 128 128
6.237173 6.728621 8.434529 128 128 128
4.922541 2.033525 3.959414 128 128 128
5.439223 5.734697 7.850866 128 128 128
6.914754 4.900322 2.468380 178 34 34
6.266514 4.734256 9.015819 128 128 128
5.419061 2.998981 1.253655 128 128 128
6.615086 5.358780 4.290206 178 34 34
6.919281 3.570498 0.338901 128 128 128
6.403256 3.790173 4.546784 178 34 34
7.743688 4.252081 3.404441 128 128 128
5.587998 2.292347 5.691796 178 34 34
6.558347 3.322189 1.583925 128 128 128
7.146007 4.813187 10.755001 128 128 128
6.061369 3.185950 5.461330 178 34 34
7.442035 2.399560 3.372367 128 128 128
5.129990 4.069412 5.571064 128 128 128
7.353955 4.614917 3.534168 178 34 34
7.046339 5.695941 6.216371 128 128 128
5.273184 6.429554 2.743821 128 128 128
5.674127 2.013769 2.710146 128 128 128
4.856228 5.167389 11.015071 178 34 34
4.605193 6.332302 8.611005 128 128 128
6.422484 6.375424 5.062045 128 128 128
5.677528 1.491274 3.896627 128 128 128
6.498466 1.239636 8.790054 128 128 128
6.948743 3.414923 8.950953 128 128 128
5.066253 2.791279 6.486746 128 128 128
4.547159 1.432036 2.188525 178 34 34
5.168165 2.083411 5.986858 128 128 128
7.445783 6.546947 0.493330 128 128 128
4.765952 5.241657 7.935296 128 128 128
7.163751 2.870812 7.713713 178 34 34
6.491433 1.579515 2.309601 128 128 128
6.951949 5.074214 2.111674 128 128 128
4.453515 6.233202 10.904664 128 128 128
5.033547 2.264008 7.798941 128 128 128
6.631582 2.971317 0.233251 128 128 128
7.339110 6.800790 6.801026 128 128 128
6.574903 1.772036 5.868647 128 128 128
6.991059 6.240473 1.225526 178 34 34
6.916351 4.245762 9.864022 178 34 34
4.542267 3.538326 2.433425 178 34 34
5.279053 4.387224 10.160773 128 128 128
7.519619 3.008763 2.452290 178 34 34
4.996038 6.790127 0.219630 128 128 128
6.383982 2.825914 2.189951 178 34 34
4.847591 4.579202 4.123336 128 128 128
5.896307 6.286349 7.285741 128 128 128
5.326124 4.918955 6.250954 128 128 128
6.317167 4.567101 7.004349 128 128 128
5.498344 3.695848 11.069771 178 34 34
4.757941 6.688219 10.034545 178 34 34
5.986862 1.673561 0.367920 178 34 34
7.660736 3.581127 10.529056 128 128 128
7.408567 6.664278 11.410667 128 128 128
4.783057 3.727110 0.676668 178 34 34
6.834859 2.477563 11.311991 128 128 128
4.830469 5.849781 8.922205 128 128 128
5.540532 6.349662 0.520769 128 128 128
6.840125 3.501871 2.389959 128 128 128
7.134317 3.937038 10.173110 178 34 34
6.344159 2.734496 5.246455 128 128 128
7.754619 6.275435 5.736801 178 34 34
5.811696 1.949948 2.624794 128 128 128
5.722215 1.362943 6.964616 128 128 128
6.140722 4.170699 9.443172 128 128 128
5.391025 1.537861 7.236132 128 128 128
6.979715 2.542666 6.803327 178 34 34
5.670390 2.892017 0.239970 128 128 128
4.615721 3.448678 9.057211 128 128 128
5.694958 4.752223 11.392258 128 128 128
7.685840 2.633593 1.149353 178 34 34
6.178407 2.534773 11.384805 128 128 128
6.861458 2.339794 2.874630 128 128 128
5.927837 1.704724 6.272878 178 34 34
5.350203 6.722147 11.505527 178 34 34
5.677391 1.411391 7.805369 128 128 128
7.813623 6.585411 2.228793 128 128 128
5.182704 3.273727 7.841588 178 34 34
7.442048 2.819717 6.207707 128 128 128
7.661750 1.486422 6.786355 178 34 34
5.695538 1.434426 10.509687 178 34 34
5.862946 5.353320 1.851875 128 128 128
4.668886 4.447359 7.196054 128 128 128
4.983960 1.424371 9.133407 178 34 34
7.631768 5.038808 6.741543 128 128 128
6.913236 6.433198 1.321343 178 34 34
7.809861 1.778326 3.373710 128 128 128
4.981388 1.736004 8.612724 178 34 34
5.871022 5.491078 10.069718 178 34 34
5.850838 5.662644 3.526973 128 128 128
6.149563 3.532761 7.442707 128 128 128
6.576447 4.563139 3.038566 128 128 128
7.233130 1.380864 8.195757 128 128 128
6.296326 6.191624 5.720960 128 128 128
5.507175 5.328166 9.458997 128 128 128
7.643573 4.130385 1.783674 128 128 128
6.255400 6.803197 6.739495 128 128 128
5.849594 5.260624 8.685829 128 128 128
4.957726 5.649497 1.742454 178 34 34
6.190204 6.404642 4.012949 178 34 34
5.770061 5.283755 5.428316 128 128 128
4.481914 3.931906 2.897157 128 128 128
7.017272 5.947837 9.035710 128 128 128
7.122165 6.270014 1.968373 128 128 128
5.397453 5.770637 8.117685 178 34 34
4.643063 2.409168 4.277195 128 128 128
5.017002 2.752908 2.861505 128 128 128
7.236306 1.885615 0.095057 178 34 34
7.686682 4.560767 3.880313 128 128 128
6.329192 4.544622 6.738488 178 34 34
6.668625 5.131570 7.210943 128 128 128
5.336481 3.654124 10.321731 178 34 34
5.476943 4.234062 6.385170 128 128 128
6.295569 5.603976 7.735528 178 34 34
4.544993 1.560911 1.026991 128 128 128
7.622500 5.886396 4.244768 128 128 128
6.575500 1.177278 10.655157 178 34 34
6.968924 4.181638 5.915839 128 128 128
7.251111 4.762420 10.450711 128 128 128
6.827105 5.711963 9.831837 178 34 34
6.044163 1.379049 1.915910 128 128 128
6.633488 2.322433 3.933661 128 128 128
6.364693 3.144493 4.220808 128 128 128
5.368688 4.704967 9.060988 128 128 128
6.099208 2.143277 10.201332 128 128 128
5.680720 5.011125 6.128957 128 128 128
7.665806 4.975158 6.987131 128 128 128
6.054121 6.046003 0.987341 128 128 128
7.039226 1.750148 2.240185 178 34 34
5.836108 4.123034 10.219859 128 128 128
4.644897 6.606000 0.002038 128 128 128
5.457588 4.328498 2.048763 128 128 128
5.149883 5.735892 1.898457 128 128 128
5.035072 5.299453 10.708034 128 128 128
6.348229 2.208149 4.742419 128 128 128
7.746682 2.409746 10.074260 128 128 128
7.930128 2.092925 10.483541 128 128 128
4.933577 3.770756 5.021530 128 128 128
6.400945 1.546745 8.660844 128 128 128
4.971079 4.269853 4.846379 178 34 34
6.951381 4.998716 7.276998 178 34 34
6.719048 2.316352 5.505729 128 128 128
6.257536 3.551473 10.761469 178 34 34
4.868212 6.469933 6.973738 128 128 128
6.906599 2.428921 8.670360 128 128 128
7.398453 2.803495 5.179303 128 128 128
5.728407 2.290368 3.866877 128 128 128
6.358872 6.017781 0.327382 178 34 34
4.557124 5.617474 2.488006 128 128 128
6.204727 3.235601 1.438510 128 128 128
6.705019 5.883621 0.044059 128 128 128
7.180714 2.013370 7.393130 128 128 128
6.386888 1.497314 0.345000 178 34 34
6.410056 3.278363 8.809149 178 34 34
5.030028 5.521279 5.165278 128 128 128
4.950126 1.898821 8.070348 128 128 128
5.735429 6.699375 2.753393 178 34 34
4.598981 3.327964 0.000941 178 34 34
7.624725 1.718966 7.902295 128 128 128
6.279001 4.466863 8.497219 128 128 128
6.651952 4.499172 6.272117 178 34 34
4.857875 1.790877 7.920481 178 34 34
5.398782 5.187059 9.121130 178 34 34
7.864852 1.193470 9.537797 128 128 128
4.831212 1.426514 5.426336 178 34 34
7.742918 3.731041 3.038521 178 34 34
5.838470 2.590477 10.990889 178 34 34
6.630670 6.492650 1.486124 178 34 34
4.829956 4.762480 5.969742 178 34 34
6.759381 4.305628 10.274028 128 128 128
7.333997 3.387522 1.085180 128 128 128
6.436398 5.860486 7.150929 128 128 128
6.608317 3.635877 9.138356 128 128 128
6.629314 3.124890 4.692990 128 128 128
4.930416 4.557705 9.003083 128 128 128
5.773871 1.167829 1.445266 128 128 128
7.378819 1.816468 9.833878 128 128 128
7.892230 1.600597 4.800040 128 128 128
7.375242 3.470789 7.678698 178 34 34
5.391504 5.752581 10.578001 128 128 128
7.801569 4.304088 6.634178 128 128 128
7.933768 3.085065 4.295826 128 128 128
7.798742 3.471982 8.341501 178 34 34
4.910516 4.594482 6.256031 128 128 128
5.278445 1.368683 11.310945 128 128 128
5.299230 1.460555 11.214518 178 34 34
5.098370 3.261761 6.471572 128 128 128
7.056558 3.822393 11.472827 128 128 128
5.650370 2.804862 2.875727 178 34 34
5.720384 6.153748 5.317687 128 128 128
4.821363 4.928341 1.270159 128 128 128
5.898417 3.846087 6.562313 128 128 128
5.167622 6.041449 1.054134 128 128 128
5.212579 4.664166 9.198729 128 128 128
4.960944 5.547095 3.320773 128 128 128
7.715473 4.919366 2.214813 178 34 34
7.554837 6.210917 4.806857 128 128 128
7.673352 4.740257 11.193571 178 34 34
4.620073 1.457210 6.951377 178 34 34
6.909850 1.333538 0.376054 128 128 128
5.966158 2.860188 1.618288 178 34 34
5.857154 1.554826 9.681658 128 128 128
5.401997 3.297674 4.766604 128 128 128
5.375434 6.272728 3.432252 128 128 128
6.281158 6.626220 4.351665 178 34 34
5.059683 2.438136 4.409762 178 34 34
4.765532 5.375699 10.266172 128 128 128
7.678556 2.836422 1.037922 128 128 128
5.140751 6.686023 3.519001 128 128 128
6.150660 4.482388 9.739390 178 34 34
7.212098 3.838393 10.054974 128 128 128
4.581647 2.669617 0.801963 128 128 128
7.871964 2.692372 7.819626 178 34 34
6.546849 2.124723 10.947642 178 34 34
4.851834 4.099698 4.071473 178 34 34
6.227273 3.845198 5.159548 178 34 34
5.764505 2.628943 8.197276 128 128 128
7.486589 4.261232 10.431072 128 128 128
7.367468 5.053804 5.942056 128 128 128
4.425656 2.902018 4.563088 128 128 128
5.784823 5.627530 9.225892 128 128 128
6.504499 3.172586 2.666292 178 34 34
6.361289 6.225852 8.043991 128 128 128
6.652452 6.723499 1.866068 178 34 34
5.458980 1.521090 3.603312 178 34 34
4.792454 3.457826 1.723199 128 128 128
4.830822 6.239451 3.689280 128 128 128
4.907803 3.557727 5.668636 128 128 128
6.865806 3.605153 9.482223 128 128 128
6.988654 4.153185 10.323357 128 128 128
5.650777 5.493782 11.020275 128 128 128
6.574715 3.222003 9.842954 128 128 128
5.488510 1.519023 8.156834 128 128 128
5.192168 6.797919 11.126054 128 128 128
5.470530 2.730121 3.490528 128 128 128
5.557882 2.023001 3.653743 178 34 34
5.722087 2.074511 7.402465 128 128 128
6.124269 6.471879 7.502091 128 128 128
6.087048 3.888728 6.737600 178 34 34
7.152486 2.197638 5.085167 128 128 128
5.420666 2.913254 1.370210 178 34 34
7.589758 6.605933 9.322355 128 128 128
5.898832 1.426286 7.707448 128 128 128
5.302949 6.465666 11.450905 128 128 128
6.150350 2.141360 5.296830 128 128 128
7.369115 5.619211 3.585156 178 34 34
7.886288 1.740247 9.152677 128 128 128
7.312713 5.065532 4.305914 178 34 34
5.728457 6.095838 10.012525 178 34 34
4.495263 6.622405 4.559690 128 128 128
7.705223 3.799132 2.650746 128 128 128
6.769347 6.415943 0.369235 128 128 128
5.305183 5.348074 5.091269 128 128 128
6.124206 5.378310 8.670650 128 128 128
4.708625 6.665725 11.516823 128 128 128
7.169670 5.457754 5.166871 128 128 128
6.715383 4.339344 4.927128 128 128 128
7.218766 4.806706 7.709483 128 128 128
5.342658 4.373396 6.008050 128 128 128
7.628127 4.372578 10.352139 128 128 128
7.575877 1.713394 3.886319 128 128 128
4.780084 2.382601 4.907917 128 128 128
5.769187 3.250774 10.791232 128 128 128
4.922897 3.499166 8.606626 128 128 128
6.935985 5.831685 2.407319 128 128 128
7.713938 6.206590 3.704933 128 128 128
5.649092 6.721897 5.662222 128 128 128
7.736380 4.157844 8.925274 128 128 128
5.519088 3.472596 8.244462 178 34 34
5.325918 3.108446 0.296617 128 128 128
5.661130 2.035458 10.306688 128 128 128
7.722205 6.145025 3.777880 128 128 128
6.703110 6.316332 7.096862 128 128 128
7.702038 1.645374 2.106677 128 128 128
7.823799 4.257055 6.313964 128 128 128
5.898323 2.646569 6.639040 128 128 128
7.827911 6.401245 7.490101 128 128 128
5.489437 1.531982 0.791028 128 128 128
7.246713 4.708946 6.586967 128 128 128
7.556594 1.708181 6.392578 128 128 128
5.836970 3.179148 10.269451 128 128 128
6.935735 3.070395 5.394164 128 128 128
5.664990 5.067008 10.983150 128 128 128
7.560593 6.795264 8.433577 128 128 128
6.956323 2.054052 10.511152 128 128 128
7.408075 4.135212 10.874822 178 34 34
4.870986 2.278288 9.110466 178 34 34
5.099158 4.065383 0.863670 178 34 34
5.011953 3.757381 8.416480 128 128 128
7.871279 4.723048 10.048191 178 34 34
6.934339 6.544003 5.200818 178 34 34
4.793706 2.934587 6.234850 128 128 128
7.349282 6.365309 9.369681 178 34 34
5.722160 3.603487 2.185671 128 128 128
7.264592 6.247624 0.639798 128 128 128
6.577448 5.033340 7.534369 128 128 128
5.671030 5.316564 4.798540 128 128 128
7.177359 2.302737 0.401463 128 128 128
5.382749 4.084236 3.083004 128 128 128
5.595682 4.714662 5.017227 178 34 34
5.942905 3.283909 1.100573 128 128 128
7.012953 6.522793 7.715227 128 128 128
5.286965 2.381120 8.801670 128 128 128
5.193412 2.627919 5.801340 128 128 128
7.290756 5.069023 6.462392 178 34 34
6.914947 3.258506 3.920169 178 34 34
7.684597 5.196450 1.101152 178 34 34
7.614329 4.104335 5.380260 178 34 34
5.329633 6.787568 9.559873 128 128 128
6.506091 4.577154 0.381389 178 34 34
7.927696 1.836083 8.460001 128 128 128
4.978871 1.282780 1.747149 178 34 34
7.888105 1.262861 3.487443 178 34 34
5.103150 2.597309 2.944615 178 34 34
7.387699 4.376510 8.861662 178 34 34
6.044743 4.523936 9.666399 128 128 128
6.752883 4.150226 1.898829 128 128 128
4.553044 4.244861 0.159742 178 34 34
6.105874 4.856737 11.548121 178 34 34
4.856277 4.715202 0.047010 128 128 128
6.425311 6.414063 7.206211 128 128 128
6.804627 3.511212 5.134487 178 34 34
4.635233 3.140200 3.880827 128 128 128
5.711559 1.201679 2.163219 178 34 34
6.852113 2.307018 2.585672 178 34 34
7.668784 4.524143 3.457453 128 128 128
4.635239 3.419349 2.489275 128 128 128
6.081717 3.210113 5.145237 128 128 128
6.349336 6.765498 3.610382 128 128 128
7.775399 2.113702 7.914713 128 128 128
5.720939 6.056181 4.177124 128 128 128
6.790883 1.561057 6.412360 178 34 34
4.815868 5.745775 4.526848 128 128 128
7.582977 3.229282 4.076030 128 128 128
6.471063 3.477417 9.245715 128 128 128
5.115988 6.578863 7.254851 128 128 128
6.279780 3.428065 7.339498 128 128 128
5.153891 3.380759 7.833690 178 34 34
4.568984 4.132091 2.894592 178 34 34
4.754241 6.523877 11.382032 128 128 128
7.165822 3.418030 0.300069 128 128 128
5.774364 4.129351 10.932865 128 128 128
6.575632 4.132186 0.045280 178 34 34
5.039591 1.648341 3.187751 128 128 128
5.577049 1.441843 4.905465 128 128 128
5.810035 4.436833 5.402833 128 128 128
5.012548 4.557447 3.788302 178 34 34
6.672799 6.067397 4.681000 178 34 34
7.581039 4.723050 2.329406 128 128 128
7.805898 3.824504 10.610668 178 34 34
5.816953 6.578128 8.200669 178 34 34
6.271987 2.998200 10.817596 128 128 128
4.901928 6.482666 0.832977 178 34 34
6.937188 1.944144 4.043130 128 128 128
7.634966 5.432720 9.661138 128 128 128
6.071146 4.422194 6.072376 128 128 128
5.883473 4.602743 0.084475 128 128 128
5.124482 4.301367 8.923377 178 34 34
5.806123 4.998819 1.137043 128 128 128
7.005936 4.630520 3.696110 128 128 128
6.351433 5.098660 11.007113 178 34 34
5.888180 3.893215 3.476884 178 34 34
5.040348 3.295335 10.631817 128 128 128
6.013795 4.020141 2.627807 128 128 128
7.523154 4.894645 6.609917 128 128 128
6.482023 4.073148 4.474049 128 128 128
6.015323 3.694570 4.356776 128 128 128
7.311124 3.571431 5.072807 178 34 34
7.222731 4.153306 1.881952 128 128 128
5.036995 2.711605 3.133657 178 34 34
4.946351 3.138607 10.186542 128 128 128
5.061586 4.581990 6.186380 128 128 128
4.592362 3.451774 9.059057 128 128 128
5.836598 2.100235 6.124104 128 128 128
5.117342 2.827601 5.506182 128 128 128
7.581271 3.474478 8.698441 128 128 128
7.294671 3.720400 3.638051 128 128 128
7.215992 3.625037 11.392805 128 128 128
5.814786 1.617097 0.631197 178 34 34
6.848118 5.402940 1.707010 128 128 128
5.604411 1.165505 1.575495 128 128 128
7.695655 6.130038 7.721558 178 34 34
6.216881 4.767867 6.758027 128 128 128
5.596670 4.204352 8.757888 128 128 128
4.842261 4.451055 10.911763 178 34 34
7.609923 4.766778 1.034598 128 128 128
7.609262 5.893650 9.573032 128 128 128
7.661259 3.009964 9.218643 178 34 34
7.665449 2.131005 9.123059 128 128 128
7.921678 1.462764 3.964379 128 128 128
4.893528 2.923582 1.788132 178 34 34
6.135373 4.651781 9.516703 128 128 128
5.086822 5.689025 0.872089 178 34 34
7.172364 5.254389 3.790294 128 128 128
6.212830 3.632017 0.874044 128 128 128
7.050414 5.826757 4.159997 128 128 128
4.678866 4.003855 1.972045 128 128 128
5.243470 1.228496 11.219545 178 34 34
6.082079 2.872924 2.118772 178 34 34
5.175024 1.649358 4.172528 178 34 34
5.500908 2.950362 11.443226 128 128 128
5.967589 6.325207 8.433083 178 34 34
4.767166 1.613979 10.502873 178 34 34
6.486529 1.955139 9.112937 128 128 128
5.738230 2.175408 1.462858 128 128 128
5.415416 1.616102 6.188544 178 34 34
4.441065 4.358300 10.366951 128 128 128
7.712407 6.212754 5.897780 128 128 128
7.736448 2.088562 2.237745 178 34 34
4.437718 3.821367 9.636831 128 128 128
4.991047 6.036179 6.630129 128 128 128
6.187604 5.076177 5.187346 128 128 128
7.849358 4.364740 8.951473 128 128 128
6.215863 5.262355 1.309667 128 128 128
4.563949 4.236314 8.862816 178 34 34
7.879169 6.175352 6.907803 128 128 128
5.634129 1.754036 9.949519 128 128 128
4.498713 2.220030 10.745540 128 128 128
5.488388 4.960356 3.103677 128 128 128
5.836608 3.939658 4.322351 128 128 128
5.504747 5.782972 1.691823 178 34 34
7.023109 3.820630 10.886445 178 34 34
4.616286 2.534359 8.552381 128 128 128
6.412931 2.071242 4.501341 128 128 128
6.332718 1.808449 3.650927 128 128 128
7.891897 2.504510 10.530441 128 128 128
7.473228 5.365728 5.598057 128 128 128
6.782699 1.176303 4.857694 128 128 128
5.518280 6.310670 11.017266 128 128 128
6.261141 6.287024 1.684131 178 34 34
7.410469 2.896631 5.737388 178 34 34
7.430533 5.476546 9.063531 178 34 34
6.010755 5.963386 9.317180 178 34 34
5.243761 4.738757 9.456716 128 128 128
5.912834 3.689258 4.329084 128 128 128
4.757244 5.222957 10.713595 128 128 128
7.443293 3.400123 2.118389 178 34 34
7.145308 2.383439 8.295584 128 128 128
6.512376 3.920050 1.641500 128 128 128
6.949515 2.031309 5.519240 128 128 128
5.907725 6.214249 10.674720 128 128 128
6.124600 6.702820 5.112772 128 128 128
6.532309 2.709611 0.858445 128 128 128
5.827762 3.077632 5.614809 128 128 128
6.807825 6.134802 3.576481 128 128 128
6.614707 4.540641 8.799607 128 128 128
4.495218 2.621961 7.003679 128 128 128
7.715856 1.786802 7.075956 178 34 34
4.480355 1.953159 0.840590 128 128 128
5.298454 2.684680 8.579688 128 128 128
4.594019 4.207210 2.565579 128 128 128
4.846030 5.010076 6.192143 128 128 128
5.010898 2.554108 10.461506 178 34 34
7.343911 4.535815 6.268269 128 128 128
4.981989 4.503325 5.331346 178 34 34
7.345139 1.455060 4.515080 128 128 128
7.138391 4.856066 9.150741 178 34 34
4.984929 3.185808 5.020549 128 128 128
6.746755 6.270074 4.235238 128 128 128
7.862553 1.614661 1.309442 128 128 128
6.928279 4.066978 8.356502 128 128 128
7.215693 5.844478 5.532652 128 128 128
5.082682 5.726263 8.039286 178 34 34
4.836500 5.598049 3.256107 128 128 128
7.883067 1.765276 3.069430 178 34 34
7.612772 3.219656 6.863008 128 128 128
4.761564 4.591813 4.489078 128 128 128
6.371000 1.925263 1.638107 128 128 128
6.484681 6.564486 0.525242 128 128 128
5.138563 4.278096 7.740289 178 34 34
7.268791 2.153123 2.037706 128 128 128
4.718406 5.895759 9.301140 128 128 128
4.962625 2.666732 8.367162 178 34 34
7.089445 5.892704 6.591506 178 34 34
4.688277 5.698948 0.980067 128 128 128
7.714877 1.630396 5.547800 128 128 128
7.261817 2.333847 3.164893 128 128 128
7.175617 1.397693 4.869597 128 128 128
6.810792 5.116850 1.390072 128 128 128
7.451353 2.152390 4.561468 128 128 128
7.235966 5.344157 4.025234 128 128 128
7.694971 2.706184 7.114014 178 34 34
6.150308 4.295920 4.841264 178 34 34
7.192512 3.039639 5.938218 178 34 34
4.795859 6.053812 9.277600 178 34 34
5.725128 2.744077 1.462030 178 34 34
5.161607 2.253125 7.328346 178 34 34
5.956655 5.823123 10.064564 178 34 34
6.861729 1.213423 0.666522 178 34 34
6.268355 3.738225 2.313379 128 128 128
5.567424 1.940174 1.373141 128 128 128
6.833683 5.834334 4.657622 128 128 128
6.304997 2.395790 2.875887 178 34 34
5.806406 4.955858 7.187853 128 128 128
7.510573 3.374332 0.586931 128 128 128
6.689177 2.510576 0.600104 128 128 128
4.811277 3.509455 7.052342 178 34 34
6.584947 2.082941 7.104602 128 128 128
4.473528 6.068938 9.825657 128 128 128
4.455466 3.419395 5.957751 128 128 128
7.197029 4.754837 3.953050 128 128 128
7.368586 2.520596 9.805136 128 128 128
6.837567 3.363568 2.367216 178 34 34
6.204680 2.080399 3.043674 128 128 128
6.005192 5.048307 1.497056 128 128 128
5.220284 6.348230 5.823082 128 128 128
7.687077 2.971989 8.316145 178 34 34
6.283450 6.063700 2.267482 128 128 128
4.904217 2.820909 5.170236 178 34 34
7.598898 2.326671 5.436289 128 128 128
5.808978 2.913309 4.260125 178 34 34
6.184861 4.473197 4.330113 128 128 128
7.706196 6.495964 1.637036 128 128 128
4.974326 6.533893 8.475474 178 34 34
7.178941 1.364311 11.033566 128 128 128
5.707140 6.230438 9.763368 128 128 128
4.728311 6.505411 3.967107 128 128 128
5.205560 5.290210 7.300790 128 128 128
6.881040 2.424216 11.282941 128 128 128
6.213493 3.911454 1.218421 128 128 128
5.039569 2.814045 9.576263 128 128 128
5.407948 5.743956 1.554628 128 128 128
6.348766 1.913740 7.283903 178 34 34
6.905452 3.435235 8.142165 178 34 34
7.348752 5.712802 6.754277 128 128 128
5.449266 1.577206 9.156597 128 128 128
5.703790 4.210359 8.832435 128 128 128
7.672012 2.917262 3.119976 128 128 128
4.471623 5.630694 11.557097 178 34 34
4.499509 2.407375 4.811855 128 128 128
6.413875 1.895200 4.508416 128 128 128
5.984706 6.747718 10.219276 178 34 34
5.053851 5.484675 9.918268 178 34 34
5.202715 5.489668 4.103884 128 128 128
7.816367 1.754472 2.015634 128 128 128
5.118701 2.791564 0.816569 178 34 34
7.266919 4.801780 7.711964 178 34 34
7.905887 4.949694 8.808222 178 34 34
6.804050 6.424405 2.704672 178 34 34
6.327437 1.913648 3.472142 178 34 34
4.830450 2.950110 5.445957 128 128 128
6.179709 1.757400 3.004667 128 128 128
7.435938 1.751277 8.378458 128 128 128
5.885593 6.685112 3.100716 128 128 128
7.924517 3.657732 10.329329 128 128 128
6.334135 6.733269 8.131659 178 34 34
7.882233 6.470488 8.206383 178 34 34
5.777233 1.848940 4.007371 128 128 128
6.166812 3.187609 2.253574 128 128 128
5.094316 3.616149 7.169654 178 34 34
6.995543 6.161788 3.006920 178 34 34
7.284490 2.762490 6.579087 128 128 128
6.682587 6.382129 6.103738 128 128 128
6.833203 4.098198 4.653373 178 34 34
7.609009 2.005595 10.593707 128 128 128
7.066115 4.015368 5.824694 128 128 128
7.403171 5.034275 9.929239 128 128 128
7.880228 5.361390 3.204856 178 34 34
7.098591 1.969295 4.990599 178 34 34
6.304383 5.654694 2.161538 128 128 128
4.799289 6.050842 6.752578 178 34 34
7.483833 2.488272 11.198552 128 128 128
6.474699 3.269666 7.842050 178 34 34
5.475815 3.030872 6.551216 128 128 128
6.045973 5.793728 10.586349 128 128 128
6.377038 3.269051 4.295366 128 128 128
5.092926 4.252352 4.324069 128 128 128
7.092167 3.900094 10.380908 128 128 128
6.011752 2.850680 3.828636 178 34 34
6.140177 4.823733 0.624130 178 34 34
5.089994 5.273077 4.504550 128 128 128
5.982776 5.238292 5.080907 128 128 128
5.619980 2.260860 2.992735 128 128 128
6.790519 2.400667 6.811414 178 34 34
5.092508 4.308693 3.721004 128 128 128
6.703227 3.438673 4.272165 128 128 128
4.831089 4.720622 4.764037 178 34 34
6.163057 4.111799 10.886704 128 128 128
7.386535 4.853238 5.424788 128 128 128
7.604265 2.548943 10.470559 178 34 34
5.249147 3.249896 7.388367 128 128 128
6.119274 3.956809 4.802711 128 128 128
4.901986 3.533901 7.977627 178 34 34
6.498295 4.121069 8.865735 128 128 128
4.942311 5.431542 1.365903 178 34 34
6.384309 2.972306 3.069700 128 128 128
5.352005 2.368061 6.512468 128 128 128
5.113644 3.955446 6.684892 128 128 128
4.808128 3.729231 11.038602 128 128 128
4.968897 2.899821 1.995205 128 128 128
7.844408 6.721305 11.162139 128 128 128
6.080831 5.904584 8.330251 128 128 128
7.870284 6.177284 6.596630 178 34 34
7.438766 3.205031 9.905081 178 34 34
5.905738 1.720588 11.040243 178 34 34
6.010196 4.195507 9.301849 128 128 128
4.514895 1.371499 9.646741 178 34 34
7.528196 3.322419 10.168814 128 128 128
4.480118 4.506058 0.242319 128 128 128
5.017558 4.430653 3.977346 178 34 34
5.867824 3.952147 5.165586 128 128 128
7.414380 2.946346 6.546217 178 34 34
4.929362 4.012322 3.134299 178 34 34
5.485495 3.357574 8.304515 128 128 128
5.231742 4.606098 0.545658 178 34 34
6.568117 1.818526 10.204706 128 128 128
7.578511 2.239407 11.372483 128 128 128
6.030447 3.435523 11.202695 128 128 128
6.019283 2.328476 8.047183 128 128 128
4.467672 4.334950 2.596753 128 128 128
5.517487 3.683369 10.404709 178 34 34
5.786466 5.587712 3.640789 128 128 128
6.838011 1.546299 5.229199 178 34 34
4.670854 1.366557 6.339118 128 128 128
4.969236 1.488702 11.350815 128 128 128
4.944393 3.873269 2.201686 128 128 128
6.059155 2.486864 9.490612 128 128 128
6.151851 1.560453 7.605433 178 34 34
5.106183 3.438728 5.398104 128 128 128
5.991448 2.050384 3.146277 128 128 128
6.195215 3.268127 0.452601 128 128 128
6.082097 6.335466 10.943045 128 128 128
5.723666 4.234765 9.291628 128 128 128
5.935870 3.271739 4.779572 128 128 128
4.533989 5.891958 7.643273 128 128 128
7.801111 2.580404 5.079154 128 128 128
5.957275 4.908770 1.982554 128 128 128
6.538219 6.149781 10.221433 178 34 34
7.790466 2.953533 7.699339 128 128 128
6.065137 1.384342 0.860579 128 128 128
5.683005 2.405752 10.010869 128 128 128
6.961155 6.533613 3.473088 128 128 128
5.152234 2.385587 7.431477 178 34 34
6.362800 6.023518 7.910471 178 34 34
5.871668 3.229619 3.689021 128 128 128
4.914733 6.748594 6.014951 128 128 128
5.861882 5.962905 7.473584 128 128 128
7.309533 6.085310 7.356310 128 128 128
6.458421 3.301512 4.835122 178 34 34
6.998069 1.501081 1.990085 128 128 128
7.932884 2.082482 5.492108 178 34 34
5.810208 3.335448 2.828627 128 128 128
7.652137 5.427963 8.741468 128 128 128
5.527485 2.810926 3.251942 128 128 128
4.556417 2.849574 3.317594 128 128 128
5.508693 6.303462 3.178336 128 128 128
6.040070 5.859544 5.062849 128 128 128
6.047651 4.002411 0.544449 128 128 128
7.551986 3.120862 8.412415 128 128 128
7.807604 5.866845 9.059557 178 34 34
5.944112 2.646467 6.124867 128 128 128
6.583549 5.820926 1.309018 128 128 128
5.412084 2.482222 0.700279 128 128 128
4.808666 2.936261 5.873226 178 34 34
6.703600 4.802423 10.448205 178 34 34
4.947888 1.606280 10.007358 128 128 128
5.187557 2.585452 6.809360 128 128 128
5.689179 2.419195 3.010645 128 128 128
4.565723 3.093657 9.523821 128 128 128
7.799216 3.536600 9.019565 128 128 128
6.110029 1.309454 9.050670 178 34 34
4.562190 2.459066 5.423819 128 128 128
6.535593 6.479142 3.620704 128 128 128
7.196564 5.060209 0.622580 178 34 34
7.328603 4.251171 11.230711 178 34 34
5.026626 4.890657 5.828501 178 34 34
5.270078 2.296126 2.695146 128 128 128
4.439106 4.459905 4.808619 178 34 34
7.271739 2.896038 1.176380 128 128 128
6.107771 1.791073 9.823539 178 34 34
6.380371 5.479632 3.429958 178 34 34
5.037547 6.227509 10.469035 128 128 128
7.903361 1.470844 5.661374 128 128 128
5.452145 4.323060 1.214456 128 128 128
7.001906 4.383249 7.826221 128 128 128
7.509234 5.538913 1.975214 128 128 128
4.533313 1.891502 2.655395 128 128 128
6.236908 2.214105 7.752925 128 128 128
6.645566 3.954099 9.263399 178 34 34
4.582407 2.784039 3.075651 128 128 128
5.037835 4.861883 3.004823 178 34 34
4.926292 2.750873 3.593216 128 128 128
5.085090 1.310805 0.139921 128 128 128
6.254926 3.398833 3.709549 178 34 34
7.345429 4.780448 7.080432 128 128 128
6.355090 6.271012 10.946335 178 34 34
5.499324 2.681700 0.071407 128 128 128
6.053538 4.752032 0.166222 178 34 34
6.967599 1.941025 4.041289 128 128 128
6.105712 5.050215 5.429739 128 128 128
5.520821 1.327153 4.459504 178 34 34
4.681518 2.046043 6.040041 128 128 128
7.731551 5.908036 11.130867 178 34 34
6.853586 2.372815 0.480891 178 34 34
7.500444 5.106677 7.004870 128 128 128
5.424897 2.911102 1.047711 178 34 34
4.607650 6.544154 1.469080 128 128 128
6.101792 5.023810 5.107438 178 34 34
7.308840 6.719177 9.551235 178 34 34
5.423724 4.521396 5.205679 178 34 34
5.320913 2.558054 2.577941 178 34 34
4.571790 4.718824 10.986139 128 128 128
4.697714 3.747021 8.849927 128 128 128
6.642495 4.531859 5.131031 128 128 128
5.307843 1.963038 6.225138 178 34 34
4.432703 3.425202 9.438246 128 128 128
7.183020 3.080654 11.191032 178 34 34
7.854140 1.667223 3.442076 128 128 128
5.625997 5.448768 8.032628 178 34 34
7.758538 5.707282 0.701356 128 128 128
5.560519 6.650011 1.050409 128 128 128
6.407179 4.606193 0.644018 178 34 34
7.345472 5.038630 7.026862 128 128 128
7.250815 4.705943 6.593123 128 128 128
5.258684 2.062492 2.468990 128 128 128
7.212736 4.471848 4.688112 128 128 128
7.265365 5.267017 4.092019 128 128 128
7.011345 2.567800 7.514082 128 128 128
5.654002 2.886558 6.257508 128 128 128
4.574425 2.311128 5.729149 178 34 34
11.442189 6.929081 8.634836 178 34 34
9.889023 7.087745 8.894539 128 128 128
13.085202 8.459315 8.721047 128 128 128
11.978462 8.396123 6.523161 128 128 128
10.354008 8.209571 8.156482 128 128 128
16.156391 8.400149 6.620546 128 128 128
16.093264 7.523911 2.900530 128 128 128
15.003636 8.303600 7.062329 128 128 128
10.455148 7.118679 0.488621 178 34 34
15.550211 7.758946 7.279310 128 128 128
11.297617 10.120742 1.155797 128 128 128
9.178620 8.008895 5.915463 128 128 128
10.055279 8.649624 0.078235 128 128 128
13.830042 7.910829 0.348883 128 128 128
15.917212 8.227407 6.956752 128 128 128
11.861427 8.491284 3.434138 178 34 34
14.509126 7.468038 7.923565 178 34 34
14.140697 9.734603 0.461182 128 128 128
10.468708 9.314289 7.692284 128 128 128
14.833034 7.442685 8.215903 128 128 128
9.393734 9.541222 7.940879 128 128 128
15.853407 6.559368 7.080493 128 128 128
11.389691 7.471416 3.344492 128 128 128
9.068071 9.304043 5.217463 128 128 128
13.160887 6.858138 0.834769 178 34 34
12.147448 7.401121 8.505082 128 128 128
8.855275 10.002554 8.952293 178 34 34
13.110230 9.448118 7.098013 128 128 128
12.260175 6.834237 0.842657 128 128 128
15.520688 8.535115 4.165188 128 128 128
14.641068 9.943943 1.074863 128 128 128
10.093889 7.407923 1.062459 128 128 128
9.975643 7.914517 5.872124 128 128 128
14.405016 9.143189 10.404710 128 128 128
12.750803 9.383392 1.453670 128 128 128
13.945292 7.252560 4.022640 128 128 128
11.431581 10.113474 4.302236 128 128 128
9.437912 7.052731 6.557611 128 128 128
10.192687 8.860709 9.266160 178 34 34
16.042151 8.081431 10.781547 178 34 34
14.354921 10.151067 10.077754 178 34 34
9.657401 7.391139 8.877275 178 34 34
8.897924 6.672233 7.741390 128 128 128
13.252646 7.854318 9.928428 128 128 128
12.973677 9.904731 5.822739 178 34 34
8.865113 7.739407 7.452903 178 34 34
15.492763 8.964363 3.346745 178 34 34
9.152781 8.421572 10.315725 128 128 128
9.979808 7.353178 0.415874 128 128 128
12.426049 7.420886 3.985522 178 34 34
10.007562 8.271290 7.278710 178 34 34
9.903921 7.035104 10.263447 128 128 128
10.951654 9.058248 8.668339 128 128 128
15.641172 9.645180 3.081616 128 128 128
8.865082 7.604943 6.692191 178 34 34
10.395636 9.749199 7.694078 128 128 128
16.304095 8.998078 10.452260 178 34 34
12.827417 6.881510 5.724326 128 128 128
10.319169 8.054166 2.970847 178 34 34
12.016919 7.296485 5.218803 178 34 34
9.463207 8.232946 9.235984 128 128 128
10.789241 8.716311 8.967515 178 34 34
9.796308 9.904327 2.893286 128 128 128
14.265533 6.713534 8.050131 178 34 34
14.067273 7.747142 6.795794 178 34 34
14.329521 9.270920 5.298424 128 128 128
14.473158 6.620037 5.194387 128 128 128
11.118152 8.795734 2.978762 128 128 128
8.889227 6.878804 3.690214 128 128 128
11.136483 8.073885 4.086983 128 128 128
15.173296 9.678557 1.020246 128 128 128
12.706171 6.755792 3.902077 128 128 128
10.341309 8.178422 3.243757 128 128 128
15.058895 9.202982 4.548464 128 128 128
9.457111 7.628356 8.774318 128 128 128
11.312310 10.157424 6.347012 128 128 128
14.980469 8.604276 7.786140 128 128 128
9.613101 7.155718 0.737715 128 128 128
10.789480 10.048850 2.797233 128 128 128
9.458799 9.542843 3.548546 178 34 34
12.002125 9.095770 5.697632 128 128 128
16.339552 8.053420 0.664141 128 128 128
9.791356 9.857834 7.411411 128 128 128
10.076626 8.339289 10.458296 128 128 128
14.069231 9.501210 6.193282 128 128 128
11.767206 7.906008 7.606523 178 34 34
10.653357 6.648610 6.973623 128 128 128
15.770413 6.641857 0.125506 128 128 128
10.806942 6.816028 5.350590 128 128 128
15.591340 6.493402 6.093567 128 128 128
10.099396 8.472838 7.463893 128 128 128
10.814764 7.839760 4.398590 128 128 128
16.172705 6.794512 0.634192 128 128 128
12.733120 7.313671 4.110891 128 128 128
10.409080 8.671221 1.421364 178 34 34
11.473213 9.141235 7.947304 128 128 128
13.431387 7.044444 7.593459 128 128 128
15.749187 6.713486 2.425403 128 128 128
9.668623 9.739442 4.673230 128 128 128
10.262799 7.455461 5.620646 128 128 128
10.866243 7.197680 5.536198 128 128 128
13.202316 8.648959 9.791440 128 128 128
11.407965 8.962457 3.002072 178 34 34
12.558950 8.892203 1.588100 128 128 128
13.399746 9.922985 5.104259 128 128 128
9.293118 8.014014 0.607712 128 128 128
11.761572 6.868818 2.351460 128 128 128
14.222443 8.813137 10.432352 128 128 128
15.720464 10.063347 1.002855 178 34 34
12.189445 8.338198 6.338490 178 34 34
11.555640 9.607049 6.310639 128 128 128
9.403303 9.183398 3.979640 128 128 128
13.850946 8.527618 8.347171 128 128 128
15.409234 8.444959 5.270537 178 34 34
12.811618 9.633283 0.103014 128 128 128
14.139767 10.091016 2.042119 128 128 128
12.840054 7.820225 5.468688 178 34 34
9.590917 7.975808 7.024849 178 34 34
13.077354 6.707634 7.203565 128 128 128
11.169603 6.512927 4.172536 178 34 34
9.534039 8.718276 5.295176 128 128 128
13.282280 6.543715 1.206320 128 128 128
11.386113 8.857496 10.645286 128 128 128
9.909022 7.855870 1.635793 178 34 34
16.196587 8.731389 1.629028 178 34 34
9.764000 8.178127 10.304056 128 128 128
10.587135 9.139294 1.117812 128 128 128
10.207200 8.836214 2.193953 178 34 34
10.060248 9.036465 6.016637 128 128 128
13.509516 8.866335 4.141778 128 128 128
15.010666 7.756300 1.733474 178 34 34
15.861079 8.755379 7.136239 128 128 128
12.953120 8.680242 4.397724 128 128 128
8.814187 9.406802 10.406587 128 128 128
10.336398 6.625179 8.029806 128 128 128
13.379327 7.422300 1.994141 178 34 34
14.545350 9.646796 10.218504 178 34 34
11.273442 7.975852 0.349020 128 128 128
11.608201 7.914875 2.133817 128 128 128
11.430725 6.925568 9.302527 128 128 128
15.443949 8.320377 2.621229 128 128 128
9.693664 10.135906 1.103572 128 128 128
10.276906 8.135415 7.775545 128 128 128
11.918198 7.897226 2.852750 128 128 128
14.994668 9.181754 8.643649 128 128 128
14.715802 9.070317 10.534894 128 128 128
10.240210 6.504180 9.539422 128 128 128
12.654806 8.350055 5.308290 128 128 128
16.228823 8.203102 6.355777 128 128 128
11.210594 9.552677 6.080220 128 128 128
11.016092 7.517563 8.172546 128 128 128
9.860397 9.891316 5.732206 178 34 34
14.551963 7.631360 2.175228 128 128 128
12.585421 7.072221 2.373073 128 128 128
16.384957 6.461420 3.688199 128 128 128
15.387801 7.618075 8.811522 128 128 128
8.760236 9.638261 7.616680 178 34 34
14.651269 7.829798 8.181332 128 128 128
13.838193 9.589785 8.978095 128 128 128
11.553147 9.923131 5.850220 178 34 34
11.725138 6.826917 1.584319 128 128 128
11.807334 9.081996 8.344355 128 128 128
16.264627 9.918962 7.619943 128 128 128
12.931407 9.076186 0.855398 128 128 128
8.945269 6.958784 6.847235 128 128 128
11.068429 6.510389 9.600246 128 128 128
15.638593 9.555641 6.254479 128 128 128
12.109866 6.995938 0.086936 178 34 34
11.527491 7.175706 2.063925 128 128 128
15.541776 7.495069 5.162690 128 128 128
15.506231 7.043958 4.693788 128 128 128
15.242262 8.470022 10.667048 128 128 128
12.635615 7.515144 3.298879 128 128 128
14.507457 9.186296 4.005083 128 128 128
16.065852 7.307743 0.267253 128 128 128
13.880883 8.020401 0.690765 128 128 128
8.901953 8.812802 4.189515 178 34 34
16.390952 9.689981 9.293719 128 128 128
12.966431 7.636488 7.572000 128 128 128
14.742264 9.371055 6.463483 128 128 128
10.091394 7.352370 9.826358 128 128 128
16.018693 8.425977 8.701711 128 128 128
11.555949 9.249259 8.479024 178 34 34
11.388574 9.722409 8.918416 128 128 128
10.108464 8.953712 1.654694 178 34 34
10.226195 8.467624 3.536348 178 34 34
10.687877 8.280201 3.069963 128 128 128
14.308504 7.341539 4.177282 178 34 34
10.428257 6.780389 4.254033 128 128 128
13.635161 8.917794 1.782018 128 128 128
13.238138 7.744401 10.006037 128 128 128
11.491038 7.433400 9.793624 128 128 128
13.930377 8.023819 6.689102 128 128 128
11.768946 10.151676 0.643207 178 34 34
11.648594 7.589173 6.920979 178 34 34
8.691756 7.116933 9.688681 178 34 34
11.852709 7.165213 3.815761 178 34 34
10.557234 7.350290 4.678266 128 128 128
11.605750 7.698130 7.533722 128 128 128
15.531451 7.036668 4.740281 128 128 128
12.914369 8.865137 8.259999 128 128 128
15.008181 7.143234 0.629051 128 128 128
14.744278 9.149403 5.979530 128 128 128
8.854504 7.622487 0.472384 128 128 128
9.337149 7.597844 10.461063 128 128 128
12.568901 7.089693 2.735450 178 34 34
16.320629 8.186823 0.830018 128 128 128
11.955053 7.007046 3.002940 178 34 34
12.602552 8.746663 5.177299 128 128 128
13.971620 6.973089 8.856637 128 128 128
14.254916 8.338771 10.306340 178 34 34
12.947751 6.583127 1.065356 178 34 34
12.631507 8.893845 8.920079 178 34 34
10.942150 8.617640 8.681916 128 128 128
13.699058 7.643007 1.371603 178 34 34
14.408816 9.970520 2.753302 128 128 128
10.151081 9.195571 9.825012 128 128 128
14.726014 9.239534 2.073581 128 128 128
15.879299 7.597002 5.713175 178 34 34
10.782235 7.347332 1.048722 128 128 128
12.129204 8.173252 5.023616 128 128 128
10.972019 9.814912 3.749078 178 34 34
14.131124 7.688625 0.068067 178 34 34
15.237629 7.577757 1.867950 128 128 128
15.858588 8.119250 4.055868 128 128 128
15.137489 9.141556 5.761428 128 128 128
12.422137 6.875035 7.172102 128 128 128
10.279869 8.951903 3.592465 178 34 34
11.359764 7.054800 0.241373 178 34 34
14.656959 7.063845 6.411529 128 128 128
9.729384 9.180179 0.162361 178 34 34
16.315514 7.067538 6.608520 178 34 34
14.232010 9.307678 6.806725 178 34 34
12.968030 7.086800 1.220574 128 128 128
12.281694 8.330566 2.379289 178 34 34
10.943589 7.735197 7.960218 178 34 34
13.522816 7.455992 3.457165 128 128 128
11.343582 9.181643 8.486642 128 128 128
10.645090 7.841369 5.017164 128 128 128
13.316936 7.873993 8.937633 178 34 34
15.958614 8.540026 4.069437 128 128 128
11.925898 7.638155 6.736051 178 34 34
10.413319 8.708141 8.531127 128 128 128
10.108917 6.786313 2.063573 128 128 128
12.161455 9.004531 5.050357 128 128 128
16.276086 8.559097 9.301181 128 128 128
10.322716 8.990056 3.659882 128 128 128
10.939568 6.583662 3.216554 128 128 128
14.478946 7.624522 7.232460 128 128 128
15.627487 8.288410 10.179644 128 128 128
15.980316 8.545431 8.928976 128 128 128
11.287124 9.637108 8.436172 128 128 128
10.301374 9.704739 7.048032 178 34 34
12.150268 6.921219 8.389357 128 128 128
13.419165 10.004195 0.464644 128 128 128
11.508200 7.236006 1.196073 128 128 128
12.971539 7.313443 2.204516 128 128 128
15.050373 9.345551 8.777501 128 128 128
14.130823 8.057379 6.112998 128 128 128
11.940546 9.706356 9.217681 128 128 128
11.523354 7.546629 8.707338 178 34 34
9.883427 7.484128 0.683847 128 128 128
13.735438 8.055641 0.488393 128 128 128
13.501300 7.334574 3.028486 178 34 34
16.175593 8.756311 3.965391 178 34 34
12.400666 8.444262 2.803812 128 128 128
10.443177 7.531898 4.413534 178 34 34
14.523453 8.752080 1.455629 128 128 128
14.260441 7.002356 4.535084 128 128 128
11.273978 9.522170 4.472005 128 128 128
9.536150 8.730547 4.236436 128 128 128
12.091392 7.758184 0.335287 178 34 34
11.623825 9.549181 4.112339 128 128 128
15.358274 7.625390 9.737352 128 128 128
14.058809 9.502309 1.841171 128 128 128
9.911362 7.234197 4.163020 128 128 128
14.396935 8.676893 3.106972 128 128 128
15.006209 6.773154 8.722506 178 34 34
13.100839 8.729190 8.877659 178 34 34
13.609732 7.924515 0.239232 128 128 128
9.691925 8.854618 7.569719 178 34 34
14.998351 8.743827 9.525675 178 34 34
11.434045 8.004726 2.580204 128 128 128
12.704626 9.155456 5.527415 178 34 34
15.714882 8.576005 6.179792 128 128 128
13.228039 8.909820 2.182407 128 128 128
12.366458 9.144633 10.443393 178 34 34
10.355378 8.817849 9.998561 128 128 128
11.507027 9.742471 3.639614 128 128 128
15.071146 7.562702 1.753937 128 128 128
11.253898 7.906692 8.028575 128 128 128
13.468841 8.220839 8.681934 128 128 128
9.762460 9.754483 3.152307 178 34 34
10.878381 10.045166 8.255863 128 128 128
9.347619 7.135529 5.246256 128 128 128
8.676078 9.940342 1.125535 128 128 128
14.447177 7.048188 9.968648 128 128 128
16.189886 7.744446 10.198159 178 34 34
11.330088 8.926299 9.671422 178 34 34
15.538468 6.972537 9.480443 128 128 128
12.132699 10.083868 0.028668 128 128 128
15.852354 10.110692 10.209157 128 128 128
12.075040 6.815543 2.072755 128 128 128
11.841183 9.553626 7.138695 128 128 128
14.114619 8.958353 0.511695 178 34 34
14.848291 7.864581 5.128299 128 128 128
12.611760 8.688582 10.586940 128 128 128
13.593705 9.126293 7.526302 178 34 34
9.003909 10.114219 7.808942 128 128 128
11.281857 8.688206 9.146030 128 128 128
11.586719 9.908758 9.273830 128 128 128
12.830794 9.757947 7.337764 128 128 128
10.413167 8.647527 7.642422 178 34 34
10.884711 7.881914 3.956659 128 128 128
15.497300 10.059328 2.076445 128 128 128
15.819651 7.492655 8.985891 128 128 128
8.962375 7.806517 1.957090 128 128 128
12.173026 8.006684 5.362174 128 128 128
9.753429 8.525074 1.885159 128 128 128
15.297104 7.299291 1.504684 178 34 34
10.567277 10.057692 1.283328 178 34 34
12.535184 8.816225 1.166896 128 128 128
11.560162 8.291799 2.462717 128 128 128
10.973870 10.144598 8.122523 128 128 128
9.795598 9.864775 0.959732 128 128 128
11.533409 9.755825 8.604404 128 128 128
9.921041 9.489660 4.834044 128 128 128
16.069446 6.687922 4.684102 128 128 128
15.253061 6.557002 2.901640 128 128 128
9.900734 9.558705 1.664518 128 128 128
15.284522 7.157842 6.424105 128 128 128
15.698303 8.041046 1.608744 128 128 128
12.951224 9.727499 7.137172 178 34 34
14.031667 9.556485 8.838995 178 34 34
12.004913 7.791863 0.813901 128 128 128
11.049528 8.434340 8.276779 178 34 34
10.089934 7.114685 0.072263 128 128 128
12.023454 8.632054 4.319681 128 128 128
15.513099 8.318035 2.095291 178 34 34
16.387422 6.586944 1.641190 128 128 128
8.833308 7.064211 8.902666 178 34 34
11.468767 7.546914 10.144367 178 34 34
11.933685 9.021726 2.974847 178 34 34
13.599401 8.400031 2.223373 128 128 128
13.908788 7.372285 7.787970 128 128 128
10.416006 6.504107 0.992485 128 128 128
12.352717 7.682291 6.615534 128 128 128
11.816203 8.331425 9.611380 128 128 128
12.777174 9.032002 4.914068 128 128 128
10.166634 7.975370 1.045253 128 128 128
10.550594 6.852585 5.912498 128 128 128
13.566757 7.779942 3.864437 128 128 128
10.319191 7.104364 4.437936 128 128 128
9.277837 9.311188 0.558509 128 128 128
16.212861 9.653505 4.958166 178 34 34
15.272345 6.483098 6.417888 128 128 128
11.217542 7.484060 5.158487 128 128 128
15.357324 8.597127 7.245492 178 34 34
12.977610 7.023548 6.278005 128 128 128
13.376528 7.585657 9.841515 128 128 128
13.567787 10.150638 3.824600 178 34 34
11.057663 8.715358 1.758970 128 128 128
9.926257 7.745722 6.603334 128 128 128
10.115008 8.773675 9.895933 178 34 34
9.150658 8.892169 9.270717 128 128 128
9.131909 6.679876 2.904661 178 34 34
14.382786 10.062908 2.075456 128 128 128
15.704256 10.054477 7.375381 128 128 128
16.174707 8.083023 10.318655 178 34 34
16.287048 7.323664 10.073480 128 128 128
12.435678 7.464039 2.890134 128 128 128
16.033605 6.514894 1.718600 128 128 128
13.995227 7.364060 1.858537 128 128 128
13.109919 6.685426 1.626685 128 128 128
12.544700 8.512582 3.893452 178 34 34
13.033796 7.733152 0.226438 178 34 34
8.801788 9.567428 2.263014 128 128 128
14.218369 10.001774 1.006503 128 128 128
10.096614 9.539102 5.476911 128 128 128
12.592551 8.769565 9.985271 128 128 128
12.029692 7.096283 5.840347 128 128 128
15.441899 9.043934 10.333645 128 128 128
13.582192 8.040617 4.463682 128 128 128
16.113211 9.238168 2.349850 128 128 128
13.384578 7.577051 9.382471 128 128 128
14.910951 9.596006 1.611795 178 34 34
15.254168 7.361020 9.936454 178 34 34
16.364703 8.767016 7.250035 178 34 34
11.005787 9.238991 6.960749 128 128 128
16.008313 9.991701 3.392023 128 128 128
11.819558 8.006287 9.991165 178 34 34
9.385749 10.042674 5.849477 178 34 34
12.816595 6.475357 10.343467 128 128 128
14.038200 9.074553 0.470615 128 128 128
14.092694 7.759429 4.471178 178 34 34
10.128872 9.191783 3.597052 128 128 128
13.750990 7.886746 9.172901 178 34 34
11.076231 9.799399 0.676743 128 128 128
9.068470 7.101502 7.766268 128 128 128
15.441712 9.763981 0.909572 178 34 34
10.786087 8.762055 4.139821 128 128 128
13.138461 7.100762 8.611408 178 34 34
10.769300 6.918435 3.802783 128 128 128
12.690102 9.909910 7.612786 128 128 128
11.642055 8.146845 0.652228 178 34 34
13.889395 9.863277 0.406673 178 34 34
13.392054 7.666400 9.155554 128 128 128
14.344312 7.019762 9.279083 128 128 128
14.551359 9.826210 9.881239 128 128 128
11.982615 8.326574 7.538909 128 128 128
14.931277 9.564235 5.252135 128 128 128
15.321179 7.988125 9.562909 128 128 128
16.090793 8.871412 2.834207 128 128 128
9.180336 9.217825 0.280583 128 128 128
11.645170 9.198491 10.376901 178 34 34
11.840694 8.796011 5.870662 128 128 128
13.434500 9.420371 1.765406 128 128 128
15.817871 9.589422 0.134084 128 128 128
14.981496 7.229644 10.682315 128 128 128
15.616614 8.886074 0.361192 128 128 128
16.323582 7.069540 2.688745 128 128 128
15.517987 9.002268 1.475409 128 128 128
9.016572 6.949431 5.084298 178 34 34
12.970964 7.479016 0.588793 128 128 128
13.854259 6.977055 0.465865 128 128 128
8.858480 7.842582 9.388691 128 128 128
9.464085 7.055889 1.488042 178 34 34
9.534887 7.871476 10.318534 178 34 34
13.584122 10.048782 8.986363 128 128 128
15.855580 6.556070 9.298971 128 128 128
13.347965 7.135285 1.380240 178 34 34
9.389318 9.785567 6.251916 128 128 128
12.578232 8.686407 10.592837 128 128 128
14.208395 9.114754 6.382389 128 128 128
11.844819 8.886011 4.414967 178 34 34
10.508634 9.331766 8.289121 128 128 128
14.859806 6.754095 8.667645 128 128 128
9.279155 7.244505 8.986850 128 128 128
15.727718 7.852387 7.324571 128 128 128
15.572692 7.934698 10.157395 178 34 34
12.676752 9.272928 5.357171 128 128 128
9.849567 8.007168 7.067642 128 128 128
14.511555 8.268410 8.755336 178 34 34
14.857702 9.333533 10.206059 178 34 34
11.382794 8.879654 3.156187 128 128 128
14.082668 9.124555 2.477205 128 128 128
12.294398 7.753869 8.559533 128 128 128
13.167579 9.014029 5.339352 128 128 128
11.579207 8.042181 7.778984 128 128 128
10.996357 9.314830 2.728047 178 34 34
12.626135 9.776712 6.326948 128 128 128
9.335155 8.500594 1.405228 178 34 34
16.109849 8.959391 0.315215 128 128 128
14.280671 8.826007 9.575591 128 128 128
9.586616 8.330444 8.982435 128 128 128
10.016554 7.038006 2.668770 178 34 34
15.851997 6.975431 1.491527 178 34 34
12.792508 6.898213 0.499559 128 128 128
10.429151 10.157056 5.981945 128 128 128
11.169536 9.567948 0.697349 178 34 34
11.604260 9.311280 3.009689 128 128 128
11.674776 8.430685 1.412760 128 128 128
13.323078 9.143097 3.158118 128 128 128
15.232866 7.290679 2.534221 128 128 128
16.103175 7.952775 7.384233 128 128 128
11.996994 7.704393 8.701187 128 128 128
9.546768 8.873829 3.328519 178 34 34
15.578085 8.746794 3.778843 178 34 34
12.350751 9.340889 6.154678 128 128 128
10.794400 9.973138 1.502109 128 128 128
15.693036 10.139736 4.605473 178 34 34
15.953377 9.268358 10.499015 178 34 34
11.192397 8.410995 3.168320 178 34 34
9.229725 7.042478 1.630865 128 128 128
10.617726 7.164692 4.386272 128 128 128
10.070807 7.668559 1.087598 178 34 34
9.618957 7.600925 2.777977 128 128 128
14.597281 9.470643 7.946627 128 128 128
14.842682 8.584442 0.392801 128 128 128
15.720675 10.061506 0.937060 128 128 128
8.892036 7.124349 0.492063 128 128 128
8.934004 8.813800 0.910300 128 128 128
9.060373 8.446062 1.383403 128 128 128
14.597498 7.463744 7.160202 128 128 128
13.256121 9.883886 5.104824 128 128 128
10.632003 6.662139 5.104248 178 34 34
9.464796 6.914781 9.622484 128 128 128
8.789956 9.170411 6.740435 128 128 128
8.731125 9.125443 2.267139 128 128 128
13.121025 10.107693 4.032293 178 34 34
15.627816 6.659288 2.240587 178 34 34
16.104327 9.516413 3.007035 178 34 34
11.816103 9.588406 0.074633 128 128 128
15.580876 6.490216 7.402245 178 34 34
15.435507 10.176299 1.015777 178 34 34
14.377511 9.601386 1.323979 128 128 128
10.096942 7.080420 1.505983 128 128 128
12.835869 7.070904 0.645772 128 128 128
14.889756 8.352509 8.901558 128 128 128
8.754262 6.514435 1.281179 178 34 34
15.656064 7.964499 2.526539 178 34 34
13.043578 6.829074 8.387590 178 34 34
14.362849 8.524534 8.993551 128 128 128
9.635425 9.348802 5.390985 178 34 34
14.082759 9.835548 10.080873 128 128 128
13.326704 8.969435 6.464336 128 128 128
9.258831 7.769469 2.824053 128 128 128
16.114067 9.175375 3.822964 178 34 34
14.435012 7.917389 4.774347 178 34 34
8.791375 10.105234 10.296371 178 34 34
12.373830 7.878047 8.166595 128 128 128
8.696594 8.556725 3.802913 128 128 128
11.029796 8.148797 3.951715 178 34 34
9.989174 10.004172 0.733049 128 128 128
10.304485 9.523476 0.576785 128 128 128
10.055329 6.862417 0.719564 128 128 128
11.081238 7.448318 3.669764 178 34 34
10.109521 7.456621 2.617573 128 128 128
12.937080 7.632270 1.909900 128 128 128
12.338022 9.924045 8.585640 128 128 128
11.331908 9.132007 2.583479 178 34 34
15.108166 7.879515 2.290174 128 128 128
11.857142 9.383914 2.645041 128 128 128
9.299396 6.532347 7.233782 178 34 34
9.704481 9.911166 9.386497 128 128 128
10.903709 9.325220 5.688359 128 128 128
15.417618 7.970667 7.937279 128 128 128
13.733961 9.329241 2.611236 178 34 34
9.609061 8.443199 4.870315 128 128 128
13.931210 7.866118 5.732739 178 34 34
12.088499 8.470207 10.478798 128 128 128
8.928407 7.689567 3.006398 128 128 128
13.798775 8.437291 10.028778 178 34 34
16.309913 7.871048 3.718370 128 128 128
15.390761 7.983318 2.375925 128 128 128
16.236337 9.383602 9.336303 178 34 34
11.795965 9.219469 1.794370 128 128 128
12.162474 8.792766 8.810016 128 128 128
13.475873 8.897982 0.868217 178 34 34
12.111432 8.427567 1.024106 128 128 128
13.448104 6.784275 7.172325 128 128 128
12.484433 8.294132 0.839816 128 128 128
13.468642 9.850475 2.776333 128 128 128
11.042419 8.034365 3.545630 128 128 128
10.156540 8.349571 6.692582 128 128 128
10.131863 8.054833 6.498881 128 128 128
14.690522 8.238815 7.880189 128 128 128
8.989579 9.401021 2.191257 128 128 128
9.448725 8.881646 9.735856 128 128 128
11.165495 7.194651 5.451271 128 128 128
12.209367 8.498869 10.555739 128 128 128
11.249224 8.577417 2.154188 178 34 34
15.636422 6.787488 8.081134 128 128 128
12.295241 6.835524 4.538221 128 128 128
14.960834 10.154706 9.735125 128 128 128
12.220644 7.301722 5.578231 128 128 128
14.779675 9.944427 10.525626 128 128 128
12.527766 7.112974 6.110854 128 128 128
15.481056 7.405025 4.263060 128 128 128
12.721576 6.896781 5.069585 178 34 34
10.988628 9.133289 0.374849 128 128 128
12.685307 8.599380 5.911404 178 34 34
12.305918 8.427293 2.118426 128 128 128
11.080749 7.610884 3.765306 128 128 128
14.023623 9.826243 8.390418 128 128 128
12.041622 9.606564 2.345404 128 128 128
9.579787 8.253649 5.758798 128 128 128
9.978625 8.171912 2.559882 128 128 128
13.845114 7.348767 5.172263 128 128 128
10.622623 9.214454 1.499470 178 34 34
15.236922 8.902473 5.995816 128 128 128
13.845314 6.889920 5.942815 178 34 34
16.315556 7.992472 0.943530 178 34 34
8.795064 10.043840 2.506336 128 128 128
13.784182 8.968997 3.861572 128 128 128
11.231672 7.599373 6.130659 178 34 34
9.515825 8.760761 1.080460 128 128 128
11.212391 6.678035 8.422284 128 128 128
16.198147 8.790733 3.534694 128 128 128
14.461805 8.878045 6.952252 128 128 128
12.981504 8.959363 0.853838 178 34 34
13.077758 6.912127 1.034162 128 128 128
11.681685 6.869907 10.385118 128 128 128
8.989119 9.760380 2.570999 128 128 128
10.189880 8.762404 6.802609 128 128 128
9.223620 7.880295 4.456992 178 34 34
16.207811 7.753643 9.459884 128 128 128
9.767640 7.583621 3.535835 178 34 34
15.592736 8.950677 8.992182 178 34 34
15.195057 8.899298 2.462862 128 128 128
9.819023 8.701545 10.183539 128 128 128
13.422848 9.444056 1.428983 128 128 128
13.619812 10.150167 7.188940 128 128 128
14.933544 6.921941 4.196009 128 128 128
9.535173 8.090673 4.466910 178 34 34
9.834330 7.023499 1.305803 178 34 34
11.936251 8.269598 7.771484 128 128 128
11.303300 9.008245 9.425460 128 128 128
13.352732 10.059861 6.375770 178 34 34
13.367962 7.942493 9.377300 128 128 128
11.293036 7.030048 3.221082 128 128 128
10.483658 7.279135 1.637522 128 128 128
15.438360 6.812288 0.823838 128 128 128
14.962901 6.909601 8.502841 128 128 128
10.904245 7.779675 4.249049 128 128 128
13.217459 10.003644 2.249878 178 34 34
8.683386 9.856552 7.421180 178 34 34
15.833870 9.064087 4.515157 128 128 128
11.377919 7.173833 5.768741 128 128 128
12.000516 9.314334 1.778191 128 128 128
16.261280 6.778243 2.380261 128 128 128
9.900256 7.608933 7.868383 178 34 34
13.662642 8.606201 7.467266 128 128 128
13.705540 9.951954 10.088369 128 128 128
11.834261 7.658656 0.184729 178 34 34
14.552452 7.756278 9.773918 178 34 34
11.702375 9.177981 5.821970 178 34 34
13.958274 9.756682 8.284568 128 128 128
12.745870 8.404321 10.183520 128 128 128
9.427751 9.725673 6.562463 128 128 128
11.425152 8.543044 7.781897 128 128 128
16.286451 7.711150 5.638386 178 34 34
10.797526 6.709293 1.528228 128 128 128
12.718090 8.821440 4.927165 178 34 34
11.390427 9.655819 9.259966 128 128 128
9.916159 7.575218 6.528776 178 34 34
14.939205 9.420538 6.651117 128 128 128
10.649520 9.977133 10.210811 128 128 128
10.672593 6.579098 4.464341 178 34 34
13.517911 9.548074 4.975761 178 34 34
13.532847 8.451455 6.896257 178 34 34
14.709970 9.279408 9.972015 128 128 128
16.226001 6.499787 10.623968 178 34 34
13.604244 9.518377 4.268267 128 128 128
11.222394 7.532968 9.778619 128 128 128
13.727026 9.063549 7.980359 128 128 128
9.060769 7.251685 10.439392 128 128 128
12.576502 9.405837 7.984421 128 128 128
15.306678 6.937506 9.898673 178 34 34
11.102314 8.988499 0.764472 178 34 34
9.819937 8.164201 2.664386 178 34 34
10.558598 9.947833 3.845660 178 34 34
9.050768 9.977023 3.932039 128 128 128
13.475198 10.177453 4.434548 178 34 34
10.535934 8.704329 4.061017 178 34 34
14.362874 8.788473 7.886546 128 128 128
14.814923 8.784329 1.373563 178 34 34
14.829586 8.769188 0.809334 178 34 34
12.646276 8.581086 7.107678 128 128 128
15.492473 9.416565 8.098650 128 128 128
15.568613 9.467783 3.515765 178 34 34
9.445647 9.022475 5.798084 128 128 128
13.395394 9.397758 8.393346 128 128 128
15.585644 8.453773 4.015501 128 128 128
14.806111 8.957871 1.460339 128 128 128
16.125221 8.800611 1.044354 178 34 34
13.582162 10.164685 8.350922 128 128 128
8.947332 8.755945 2.379781 178 34 34
11.484330 8.867730 2.819019 128 128 128
9.828244 8.823966 8.737191 128 128 128
14.192712 7.180120 6.908692 178 34 34
11.472268 9.352646 7.420859 128 128 128
12.179924 7.564891 7.230333 178 34 34
10.674919 9.984954 5.017258 128 128 128
14.135172 6.732534 5.302420 128 128 128
9.415149 8.419726 7.965050 128 128 128
11.976631 7.624697 10.571653 178 34 34
13.093536 9.118550 7.198776 128 128 128
14.298699 9.888685 3.438714 128 128 128
13.048363 6.600155 4.495100 128 128 128
10.010483 8.249178 8.998071 128 128 128
13.357371 8.704103 6.986508 128 128 128
14.657423 7.743767 3.169548 178 34 34
11.425733 9.153301 3.347808 128 128 128
11.703550 8.074286 8.983844 178 34 34
9.705801 6.757123 6.151131 128 128 128
13.185092 8.488985 7.080685 128 128 128
14.281939 9.339002 5.498044 178 34 34
16.244408 6.706322 2.448606 128 128 128
10.833353 9.179693 6.368030 128 128 128
12.928899 7.170500 7.418226 178 34 34
15.004741 9.989497 3.990539 178 34 34
9.992360 7.117975 8.277606 128 128 128
15.695384 8.177741 5.452733 128 128 128
11.227871 7.654222 3.935211 178 34 34
14.058747 9.560668 2.739255 128 128 128
11.400289 6.882993 5.906349 128 128 128
13.822989 8.421061 2.987849 178 34 34
11.447389 9.160111 6.998470 178 34 34
11.870443 8.968189 2.636495 128 128 128
12.955346 9.580283 4.598282 128 128 128
10.445493 9.774532 1.874744 128 128 128
11.569221 8.690722 1.783939 178 34 34
15.375812 9.660074 10.222373 178 34 34
13.723206 8.140356 0.587423 178 34 34
15.647740 9.609666 7.684460 128 128 128
15.221588 8.876829 4.728392 128 128 128
10.562707 9.847250 9.882396 128 128 128
10.728320 6.831112 4.304825 128 128 128
11.309167 6.561183 7.310195 178 34 34
14.963697 8.064784 8.755800 128 128 128
8.722552 7.225045 6.419779 128 128 128
9.526274 8.232607 9.572114 178 34 34
14.159928 9.285134 3.795099 128 128 128
14.597478 9.929837 0.972033 178 34 34
9.157777 9.198322 4.624262 128 128 128
14.224000 8.968421 0.276280 178 34 34
10.631687 6.910367 2.181710 128 128 128
12.451806 7.941002 0.605880 128 128 128
15.439854 6.463173 4.135761 128 128 128
11.964349 8.554146 8.911482 128 128 128
15.257584 8.139462 6.698235 178 34 34
15.670369 10.027004 2.515521 128 128 128
14.005979 6.583469 0.722825 128 128 128
11.238919 7.916547 2.513435 128 128 128
9.114231 9.567011 8.800971 128 128 128
16.418649 9.997946 7.985289 178 34 34
9.768085 9.510158 0.468994 128 128 128
10.757080 6.758207 6.529799 178 34 34
8.772325 6.678666 0.973749 128 128 128
11.641457 9.606432 1.393026 128 128 128
14.433477 7.662143 9.581897 178 34 34
10.100151 9.415921 2.082520 178 34 34
12.950313 6.562241 7.022937 128 128 128
9.542240 8.122886 8.561192 128 128 128
9.302849 9.657721 6.016249 128 128 128
9.046970 9.547591 10.341534 128 128 128
10.923132 7.264569 7.650794 128 128 128
14.758640 9.318440 4.422936 128 128 128
16.411259 7.873679 0.603538 178 34 34
9.441869 6.760122 9.240274 178 34 34
15.202374 6.985997 7.589908 178 34 34
12.003675 9.820958 1.769116 128 128 128
15.214379 7.713456 8.293377 128 128 128
10.127722 8.012460 1.227848 128 128 128
12.422932 7.970298 4.064904 178 34 34
14.033275 9.720941 7.773412 128 128 128
12.823483 9.274109 1.051995 178 34 34
13.655042 8.466692 9.427015 178 34 34
12.371609 7.674198 3.601520 178 34 34
11.244281 8.813964 0.515965 178 34 34
10.683968 10.074148 9.698764 128 128 128
12.279868 8.626105 7.425631 128 128 128
14.936789 7.719704 7.406597 128 128 128
15.915144 7.467161 7.692275 128 128 128
15.840410 7.330118 0.085937 128 128 128
9.887244 9.259543 5.353793 128 128 128
10.433982 9.036059 3.554881 178 34 34
12.611819 8.714356 3.220048 178 34 34
13.807679 8.438665 1.887958 128 128 128
9.029363 7.634676 1.361007 178 34 34
10.879951 7.322258 0.500167 128 128 128
14.583102 8.366764 9.142855 128 128 128
13.757033 9.616119 4.362111 128 128 128
13.737571 9.725369 1.334825 128 128 128
12.801636 7.293396 3.896584 128 128 128
14.996485 8.833370 6.281722 178 34 34
14.069644 9.633782 7.425888 128 128 128
15.191795 8.526308 3.035922 178 34 34
11.037320 9.938622 9.417171 128 128 128
15.981351 10.019886 0.673089 128 128 128
14.462066 6.749302 2.795445 128 128 128
13.087547 8.001527 6.499433 128 128 128
12.268568 7.484026 6.941718 128 128 128
11.418009 7.360637 5.858266 178 34 34
15.612701 9.827171 9.959116 178 34 34
9.776053 8.432760 2.543514 178 34 34
11.117715 8.755686 9.202313 128 128 128
13.984540 9.953572 10.041890 128 128 128
8.973407 7.009042 3.973660 178 34 34
9.912417 6.728373 0.564299 128 128 128
13.335344 8.469274 1.718051 128 128 128
12.971283 10.015637 0.756956 128 128 128
15.543626 9.181211 1.406383 128 128 128
11.865344 6.937168 6.929804 128 128 128
10.245854 7.910325 3.238419 128 128 128
8.951213 8.971692 0.460214 128 128 128
15.620979 8.957477 0.845411 128 128 128
14.692898 7.347775 3.372824 128 128 128
9.686516 7.027665 8.966019 128 128 128
9.021036 7.271003 5.534730 128 128 128
12.980984 8.953556 10.027949 128 128 128
11.984786 7.582715 8.666189 178 34 34
12.456845 8.669367 1.426753 128 128 128
12.577848 8.997782 8.552506 128 128 128
12.223660 7.106160 8.687699 178 34 34
10.910721 7.138720 9.656845 128 128 128
13.849724 8.341621 8.919329 128 128 128
13.060338 7.738263 1.462130 128 128 128
14.350838 7.831058 9.647870 128 128 128
12.295309 9.413670 9.016885 128 128 128
13.883609 9.572296 4.307385 128 128 128
14.877708 8.029891 2.281351 128 128 128
11.812266 8.187069 8.640782 128 128 128
13.121487 6.541091 7.911932 128 128 128
14.487796 7.164187 4.073506 178 34 34
10.850819 9.474656 2.990805 128 128 128
10.750836 7.599087 3.011805 128 128 128
12.255712 7.533337 0.658299 128 128 128
8.935640 9.285759 4.939366 178 34 34
10.061571 7.404683 8.685866 178 34 34
12.644928 8.000261 1.613438 128 128 128
10.152274 6.911789 2.035307 128 128 128
12.924128 7.450437 3.046366 128 128 128
10.912981 9.547603 6.284470 178 34 34
11.411105 9.663716 4.177571 178 34 34
15.704341 9.928703 4.271164 128 128 128
12.524425 9.361569 4.342624 128 128 128
9.724977 7.893076 10.017915 178 34 34
14.017301 6.696629 3.091774 128 128 128
14.898703 9.205020 1.814350 128 128 128
11.553142 6.853455 10.549438 178 34 34
9.452848 10.114416 5.153581 128 128 128
14.353051 10.156636 0.820472 178 34 34
14.755252 6.544211 10.031368 128 128 128
11.958454 6.922381 2.276989 128 128 128
10.288491 9.820330 4.031420 178 34 34
12.263863 9.467004 7.299586 178 34 34
12.299126 9.840726 9.183973 178 34 34
11.662607 6.463531 10.711201 128 128 128
9.113944 9.340784 10.244565 178 34 34
14.348921 7.805378 3.859524 128 128 128
8.687298 8.330372 0.089608 178 34 34
8.896909 8.145972 3.185323 128 128 128
12.928051 7.990404 3.555605 128 128 128
14.336445 8.200751 4.822520 178 34 34
12.904076 8.630831 4.471622 128 128 128
11.541562 6.894458 7.651992 128 128 128
11.426980 8.130917 5.830461 128 128 128
15.127605 8.385135 5.366116 128 128 128
12.237299 8.642122 2.017743 128 128 128
14.421940 8.142567 9.436681 128 128 128
11.876884 9.862916 9.673037 128 128 128
11.245802 7.015269 1.569765 128 128 128
9.703696 10.129106 9.901111 128 128 128
11.844554 10.054548 9.799954 128 128 128
13.961330 7.455090 8.514790 128 128 128
11.921663 6.751843 4.244548 178 34 34
11.393764 7.602778 0.553573 128 128 128
10.855906 9.948151 5.722210 128 128 128
13.959209 9.114123 8.099246 128 128 128
14.001609 8.858328 3.452731 178 34 34
14.787128 7.538706 5.914400 128 128 128
9.557653 9.623291 10.156716 178 34 34
13.623857 9.744411 1.921622 128 128 128
12.529778 7.966778 9.731651 128 128 128
12.838385 7.523743 5.651602 128 128 128
15.001663 8.616345 7.216881 128 128 128
14.510579 7.005768 1.001205 128 128 128
8.966361 7.007073 1.591281 128 128 128
10.811018 8.588382 9.569245 178 34 34
12.986998 7.449812 1.760041 128 128 128
12.884211 6.834356 10.324602 128 128 128
16.266608 9.681459 2.276814 178 34 34
9.875210 8.069685 2.655371 128 128 128
11.039145 8.131461 10.034237 128 128 128
14.148339 10.087934 8.418689 178 34 34
14.878556 9.635123 2.344158 178 34 34
15.765926 7.064969 4.742456 128 128 128
9.595577 8.493839 7.468799 128 128 128
14.269852 9.773033 7.739803 128 128 128
12.807666 7.827123 0.857437 178 34 34
10.651122 8.342666 8.011441 178 34 34
9.027557 8.967498 0.012672 128 128 128
12.868642 9.431985 2.675739 178 34 34
15.845515 7.885533 6.979203 178 34 34
11.779203 7.283312 7.117862 178 34 34
15.195070 9.832380 6.023000 128 128 128
14.587564 10.167201 6.167068 128 128 128
16.339664 6.846975 7.987871 178 34 34
12.158045 8.409120 7.173149 128 128 128
10.699250 8.334554 2.955936 128 128 128
11.646903 8.588768 10.604672 178 34 34
16.351562 8.547330 2.045933 128 128 128
13.308785 10.132685 1.508593 128 128 128
12.662349 9.395457 2.809895 128 128 128
12.243718 9.572199 4.546755 128 128 128
14.378615 9.998261 0.932320 128 128 128
13.636129 6.962881 4.001765 128 128 128
11.885596 8.098215 2.866907 178 34 34
9.693292 8.996291 0.826264 128 128 128
14.014605 6.792832 5.626672 128 128 128
15.300260 6.811467 0.074558 128 128 128
9.096902 9.511765 7.060407 128 128 128
13.854539 7.760285 10.128484 128 128 128
12.527411 7.773376 8.390652 128 128 128
13.142890 6.757917 10.499937 128 128 128
9.422028 8.838572 2.278755 128 128 128
11.512088 7.003829 10.159278 178 34 34
10.739886 9.204146 9.544451 128 128 128
15.958464 8.993268 6.844760 128 128 128
15.457911 9.899548 0.922667 178 34 34
16.051603 7.695854 7.160081 128 128 128
11.220059 9.249512 2.709003 128 128 128
10.989637 8.741960 0.817038 178 34 34
10.687858 6.539472 2.298648 128 128 128
13.175843 8.594904 3.834039 128 128 128
8.971611 7.647058 4.162539 128 128 128
12.016094 9.444879 1.112670 128 128 128
13.507112 6.752033 9.213965 178 34 34
