ply
format ascii 1.0
element vertex 15000
property float x
property float y
property float z
property uchar red
property uchar green
property uchar blue
end_header
13.192356 -20.483513 -0.515322 34 139 34
20.457337 24.150496 0.638334 139 69 19
0.629536 -2.513478 -0.563476 34 139 34
22.581311 -13.042421 0.242958 34 139 34
-11.402180 -20.881662 0.892996 139 69 19
22.044283 -6.962172 0.826931 139 69 19
17.126456 23.570871 -0.682523 139 69 19
7.446717 -10.428275 0.671863 34 139 34
-4.892547 17.295077 0.172348 34 139 34
23.382883 0.796081 1.427535 34 139 34
-15.116965 8.207200 0.012282 34 139 34
12.993945 2.663601 0.103068 34 139 34
-4.380677 13.856188 0.049229 139 69 19
-12.955747 2.327759 -0.142828 34 139 34
4.942377 19.105605 -0.640859 139 69 19
-1.241303 -20.131917 1.008496 34 139 34
24.805504 -6.941478 -0.740094 34 139 34
11.847714 20.704228 -0.163730 139 69 19
12.667651 22.117873 0.527275 139 69 19
15.189463 5.613858 -0.909927 139 69 19
-14.363300 16.989405 0.668625 139 69 19
-6.823147 -5.787820 -0.335575 139 69 19
12.946750 18.050744 -0.466828 139 69 19
10.007107 -8.771197 -0.185910 139 69 19
-8.831779 -14.887982 0.164279 34 139 34
-3.434096 -11.853249 -0.148579 34 139 34
-2.916273 -10.093181 -0.404624 34 139 34
12.738639 8.775824 0.595174 34 139 34
-9.217608 -11.468522 0.031771 34 139 34
21.427335 -6.159709 -0.146603 139 69 19
1.206434 -14.724598 1.038896 139 69 19
-13.203567 14.226741 -1.023073 139 69 19
-22.800012 0.442063 0.565160 34 139 34
-9.867114 15.458393 -0.606515 139 69 19
23.788672 -8.809699 -0.331619 139 69 19
9.864082 4.315481 -0.029160 139 69 19
8.417140 21.240190 0.000781 139 69 19
-24.900885 16.026375 -0.319277 139 69 19
4.493270 4.812186 0.881658 139 69 19
3.049370 13.371008 -0.319913 139 69 19
-15.454811 11.167416 -0.913338 139 69 19
16.625428 9.494061 0.220135 34 139 34
3.393578 -14.188165 -0.149588 139 69 19
10.737897 21.661636 0.165312 34 139 34
24.822084 4.008467 0.044091 34 139 34
0.864748 22.150655 0.786492 34 139 34
-0.469960 -6.377634 -0.556666 139 69 19
-20.121204 0.360443 -0.510610 139 69 19
7.405792 6.869033 0.365389 139 69 19
0.522470 0.653943 0.343911 34 139 34
-8.219710 -17.696790 -0.609482 34 139 34
20.579943 -12.655869 0.205249 34 139 34
21.904900 23.022880 -0.808062 139 69 19
20.409730 16.351891 0.130962 34 139 34
4.089762 -16.146566 -0.396050 34 139 34
-21.592067 -8.788647 -0.273801 139 69 19
4.093018 -7.536927 0.041004 139 69 19
-24.867945 -13.762541 -0.043431 34 139 34
22.961949 -16.783699 0.254018 34 139 34
3.576897 -11.747508 0.029838 139 69 19
2.768357 7.624184 -0.428872 34 139 34
22.752247 -10.342294 -0.366852 34 139 34
4.780879 -1.928709 -0.427145 34 139 34
-1.541063 15.253920 0.307427 139 69 19
13.735367 11.932518 -0.184974 34 139 34
10.415305 10.274082 0.644581 34 139 34
-6.678152 6.026494 -0.723541 34 139 34
-2.603335 -9.396680 0.122777 139 69 19
20.607642 -9.845673 0.020369 139 69 19
1.426978 -20.191013 0.382444 34 139 34
-9.006503 -13.248038 0.335015 139 69 19
-2.624886 2.845454 0.435043 34 139 34
18.274171 -19.908067 0.173980 34 139 34
20.578691 11.639700 -0.301690 139 69 19
3.870771 -20.028850 0.137039 139 69 19
1.791892 23.392874 0.413548 34 139 34
12.669090 9.778650 -0.900382 139 69 19
24.010200 0.911152 0.121692 34 139 34
-14.106331 3.230089 -0.691800 34 139 34
-16.870874 -15.062296 0.390569 139 69 19
21.575369 18.952132 0.726823 34 139 34
-22.708371 1.550708 -0.218959 139 69 19
15.152360 -18.041848 0.225471 139 69 19
-7.590054 -9.051726 0.338997 34 139 34
-21.023234 -16.170948 -0.046763 139 69 19
19.474720 -24.160044 0.455557 139 69 19
-15.980309 -8.619074 0.664707 34 139 34
-16.104199 -15.842885 0.610233 34 139 34
-5.014196 -23.188192 0.924850 34 139 34
-1.818911 -13.337694 0.553532 139 69 19
12.713533 -15.328077 1.112182 34 139 34
-21.019794 22.271478 0.568290 34 139 34
-17.390325 -5.095236 -0.936331 139 69 19
-24.219670 15.491985 -0.262730 34 139 34
9.412786 19.839105 0.463312 139 69 19
3.479026 10.888157 -0.586930 34 139 34
-0.021761 -10.075717 -0.573110 34 139 34
-8.287210 -0.901134 -0.523963 34 139 34
22.078709 24.736173 0.441551 139 69 19
13.064722 24.893360 0.402033 34 139 34
3.906409 12.434113 -0.396145 34 139 34
0.803490 -16.992317 -0.915497 139 69 19
-22.040152 -2.622399 -0.156434 34 139 34
22.810975 1.388312 0.412168 139 69 19
9.503741 -24.459351 -0.986307 34 139 34
11.727787 -13.050839 -0.547053 34 139 34
-9.153844 -17.538052 -0.187229 34 139 34
3.321389 -20.670250 1.174365 139 69 19
-22.380679 -22.203134 -0.343564 139 69 19
-10.215881 9.827221 0.091039 139 69 19
19.730266 -6.055619 0.813016 34 139 34
22.764764 -13.140963 -0.113431 34 139 34
-8.136348 5.552656 0.521179 34 139 34
19.880622 23.594547 0.132187 139 69 19
-20.970272 20.676269 0.479943 34 139 34
2.673658 8.294561 -0.649561 139 69 19
-16.381420 16.281000 -0.001933 34 139 34
-20.429878 6.608016 0.006357 34 139 34
24.230498 -6.837369 -0.070200 139 69 19
5.322136 -7.392680 -0.208065 34 139 34
-23.563051 -22.059020 -0.684460 34 139 34
-17.826739 -3.349885 -0.701424 34 139 34
-17.190215 -21.577978 0.156797 139 69 19
0.693106 -23.327621 -0.289836 139 69 19
-21.420486 16.441304 -0.568525 34 139 34
-2.892108 20.575876 -0.106650 139 69 19
10.930313 12.896025 -0.988713 34 139 34
-14.198043 -16.985507 0.256643 34 139 34
-15.253504 14.428695 0.244505 34 139 34
-22.422728 -7.729891 0.588736 139 69 19
-12.200682 15.350522 0.254736 139 69 19
-17.311307 -17.580585 -0.100610 139 69 19
11.260195 -8.528260 0.579250 34 139 34
9.959695 -15.240467 -0.185368 139 69 19
-19.180526 -22.000282 -0.911816 139 69 19
20.364914 -24.682384 0.558758 34 139 34
17.645436 21.251192 0.097922 139 69 19
-13.140199 -16.991391 -0.561842 34 139 34
17.205067 2.585694 0.788768 34 139 34
-3.728572 13.933820 0.626062 34 139 34
23.002263 6.392876 -0.695590 139 69 19
-17.679997 18.171055 0.181251 34 139 34
-3.222988 -2.127180 -0.394630 34 139 34
-8.475744 24.393798 -0.158018 139 69 19
1.871263 -16.679436 -0.832364 139 69 19
-16.286066 -7.060903 -1.164366 139 69 19
-7.385248 9.065193 -0.123535 34 139 34
-6.172452 3.064287 0.296960 139 69 19
3.276928 -12.751693 -1.965047 139 69 19
22.259954 15.089984 0.308684 34 139 34
-16.989617 7.616571 -0.282948 139 69 19
5.140693 3.296553 -0.240049 139 69 19
9.634903 -2.686011 -0.689174 139 69 19
4.094896 16.786920 0.363178 139 69 19
-9.854877 -6.337376 0.324039 139 69 19
13.370049 -15.739561 -0.473592 34 139 34
16.274999 -16.871513 -0.502339 34 139 34
19.415881 -4.602047 -0.193325 139 69 19
-1.694409 -23.808072 0.917802 34 139 34
-15.648212 -5.467558 -0.517637 34 139 34
13.388409 -6.679452 0.039530 34 139 34
9.357841 5.009103 0.051469 34 139 34
-2.831771 4.591903 0.259201 139 69 19
19.616931 -23.454430 0.431736 34 139 34
-23.981861 -24.708984 0.714634 34 139 34
16.148268 17.010187 0.867508 34 139 34
-7.500632 -11.429370 -0.399973 139 69 19
13.328612 1.640819 -0.361738 139 69 19
22.000822 16.688470 0.238907 34 139 34
-19.115328 6.757610 0.488798 34 139 34
18.646568 22.049054 0.082247 139 69 19
10.835854 19.153875 -0.591916 139 69 19
5.474747 1.069898 -0.926529 34 139 34
-23.065220 4.208266 0.982620 34 139 34
2.230995 -19.703605 0.470179 139 69 19
-9.790508 -5.632692 0.646459 139 69 19
15.721017 -2.467556 -0.104466 139 69 19
16.166049 17.165946 0.680593 139 69 19
-12.292904 17.971223 0.219445 139 69 19
-17.936900 -3.718598 -0.315286 34 139 34
-0.541359 17.244894 -0.182995 139 69 19
3.542940 -24.616336 1.362529 34 139 34
4.735944 -22.526086 0.083077 139 69 19
20.354398 18.526769 -0.106786 34 139 34
8.396961 23.773797 0.574657 34 139 34
-23.621390 -23.386091 -0.216214 139 69 19
4.031185 -8.464023 0.600062 34 139 34
-3.213146 -18.813289 0.158875 34 139 34
-12.766439 0.959035 -0.610559 34 139 34
21.755169 23.702733 -0.494114 139 69 19
-4.233371 2.908626 -0.175815 139 69 19
18.478024 -23.892505 -0.275329 34 139 34
15.933728 7.968056 0.484245 34 139 34
-8.984991 19.033872 -0.284756 34 139 34
7.298016 -1.044447 -0.336192 139 69 19
-23.273008 -17.722372 0.169507 34 139 34
23.602845 15.765818 -0.313054 139 69 19
-1.841838 15.615281 -0.199191 34 139 34
-9.231033 22.849346 -0.209188 34 139 34
-4.880695 -22.627156 -0.437657 34 139 34
6.778261 -18.833161 -0.068378 34 139 34
14.487266 20.416945 -0.633925 139 69 19
7.478414 -1.305598 0.345360 139 69 19
14.372555 -15.489194 -0.157652 139 69 19
24.596547 -13.147241 -0.059437 34 139 34
4.509364 3.878901 -0.315976 139 69 19
-10.241991 14.394652 0.400162 34 139 34
-9.530440 -1.036347 0.654240 34 139 34
-22.536581 -20.375039 -0.155950 34 139 34
24.179055 -2.334222 0.852997 34 139 34
3.951467 12.830907 0.640897 139 69 19
-1.191870 -2.046547 -0.823479 139 69 19
14.926706 21.336036 1.401582 34 139 34
24.488826 11.033496 -0.079264 34 139 34
22.254223 -6.487009 0.240091 34 139 34
-22.668971 -22.711964 0.020585 139 69 19
22.183416 23.642955 0.201154 139 69 19
-6.103827 0.201116 0.318905 34 139 34
21.703506 -9.573118 -0.303397 139 69 19
11.296824 -0.772781 0.824909 34 139 34
-8.903202 -20.804602 0.974021 139 69 19
12.605080 -19.017280 -0.829587 34 139 34
1.104570 -13.371172 -0.029955 139 69 19
-2.007214 -16.388121 0.154617 34 139 34
3.397310 -7.203205 0.680159 34 139 34
-19.716458 -23.296269 0.332597 139 69 19
5.929137 -4.143806 0.078038 139 69 19
1.946517 2.717339 0.495043 34 139 34
-21.035623 -10.530205 -0.014987 34 139 34
7.557587 -16.678035 -0.501080 34 139 34
-4.495816 9.361649 0.506020 34 139 34
22.408202 15.980691 0.304063 139 69 19
20.720998 -16.909340 0.100377 34 139 34
7.335121 5.750238 -0.121784 34 139 34
10.569382 9.777097 -0.747299 34 139 34
17.548354 20.400442 -0.029547 34 139 34
3.540286 -7.132892 0.113556 139 69 19
18.932345 -18.283860 -0.360161 34 139 34
24.154744 23.939304 -0.250175 139 69 19
23.313091 9.167530 -0.455918 34 139 34
-24.525252 23.135458 -0.376182 34 139 34
4.870966 -1.865682 0.500376 139 69 19
15.331407 0.237331 0.133783 139 69 19
-16.609903 -9.861673 0.375363 34 139 34
18.565053 -19.229482 0.155488 34 139 34
-3.346164 -6.830677 0.099306 34 139 34
-10.500001 -2.819964 -0.659826 139 69 19
-8.977229 19.668559 -0.668377 139 69 19
-22.083189 -8.031786 0.308155 139 69 19
16.367082 7.732168 -0.506953 139 69 19
-20.059107 11.757370 0.498083 139 69 19
-4.474581 16.348025 0.031622 34 139 34
16.355789 7.008136 0.148943 34 139 34
5.897236 18.904227 -0.840246 139 69 19
-24.968646 22.754645 0.909364 139 69 19
3.253817 -1.628514 0.307151 34 139 34
8.552732 -11.761353 -0.127087 139 69 19
-7.911916 -19.001672 0.039992 34 139 34
5.835653 13.634315 0.675236 34 139 34
-8.905089 -17.238523 -0.415856 34 139 34
12.846345 6.315131 0.394447 34 139 34
-4.372902 -11.354930 -0.464701 34 139 34
-16.362746 -2.472489 0.151535 34 139 34
6.874353 -22.693488 0.317222 34 139 34
11.020163 -10.888300 0.068448 34 139 34
-14.005971 19.356104 0.786391 139 69 19
-6.811397 -1.174515 -0.460202 34 139 34
-1.039191 -15.004460 0.784224 34 139 34
-17.182573 13.345695 0.558421 139 69 19
-16.393974 -3.661531 0.522943 34 139 34
15.344593 10.567397 -0.669646 34 139 34
17.069075 -18.405336 0.093001 139 69 19
-3.886836 -22.546875 -0.276700 139 69 19
-21.700232 -21.329668 -0.531194 139 69 19
-0.175558 -10.535235 0.562511 139 69 19
10.888945 23.656085 0.193876 34 139 34
23.196908 24.374263 -0.319118 34 139 34
-0.093604 -2.667809 -0.045501 34 139 34
-3.820877 9.405643 0.148845 139 69 19
19.533896 3.693284 -0.289315 34 139 34
-5.913635 7.987820 -0.041161 34 139 34
-1.193791 -15.487122 -0.261233 34 139 34
-14.938995 21.121589 0.023927 34 139 34
-1.505147 3.273925 -1.134099 139 69 19
-8.963648 -24.724283 -0.275361 139 69 19
-7.169765 15.835208 0.539750 34 139 34
-23.296017 17.841373 0.410561 34 139 34
-7.729801 5.762181 -0.251121 139 69 19
-9.357212 4.966504 -0.036194 139 69 19
-22.584575 2.029650 -0.283976 139 69 19
-24.908533 0.978325 -0.364628 34 139 34
-19.496457 16.539767 0.434588 139 69 19
-22.179148 4.987594 0.484059 34 139 34
-1.826775 -9.706012 -0.602781 34 139 34
0.371448 -6.399895 0.321018 34 139 34
-5.829868 23.889384 -0.369794 34 139 34
18.703429 8.444375 -0.222096 139 69 19
4.154825 -2.006164 0.454593 34 139 34
-16.574123 -9.379544 -0.173221 139 69 19
-21.777386 11.891323 -0.125529 34 139 34
2.681340 24.420725 0.535406 34 139 34
7.357246 18.917148 0.491516 139 69 19
-4.041395 5.764523 -0.103659 34 139 34
-18.973875 23.241299 0.398639 139 69 19
24.191068 -0.782871 -0.542838 139 69 19
-9.358610 5.722163 0.386700 34 139 34
-12.788539 -7.292682 0.593668 139 69 19
6.700285 -12.454870 -0.244719 34 139 34
-18.165380 22.036026 -0.496592 34 139 34
-2.110398 24.587586 -0.208410 34 139 34
18.042876 -9.261734 0.613582 34 139 34
0.868301 -5.720710 -0.487800 139 69 19
-8.378398 -1.777938 0.093534 139 69 19
-3.127963 15.028629 -0.685802 139 69 19
11.600225 23.891917 0.284749 139 69 19
14.442150 23.652246 -0.286982 34 139 34
-4.496600 -18.039897 -0.045266 34 139 34
-12.069732 9.918661 0.036842 139 69 19
-0.742465 -0.751002 -0.158832 139 69 19
6.372745 -21.493489 -0.348474 34 139 34
20.828632 12.376096 -1.070727 139 69 19
-18.851127 11.961670 0.030380 34 139 34
12.071106 -7.336680 -0.327505 139 69 19
-10.029002 6.391531 -0.183250 139 69 19
6.111917 -18.893174 -0.160876 34 139 34
15.180651 -1.032257 -0.235264 34 139 34
23.890962 6.144049 0.541505 139 69 19
8.864355 -19.864235 0.863945 34 139 34
-1.068639 -17.708240 0.232401 34 139 34
24.424782 -17.245916 -0.410581 34 139 34
21.475209 13.388734 -0.362783 34 139 34
5.496639 17.677013 -0.375055 139 69 19
15.976658 14.703282 -0.472311 34 139 34
-24.277468 -15.874897 0.210730 34 139 34
-20.866312 -3.101355 -0.042322 139 69 19
16.210923 1.703829 0.009011 34 139 34
3.153942 -9.414798 -0.365776 139 69 19
-12.821555 18.837756 -0.006107 34 139 34
-20.605402 11.489164 0.354178 139 69 19
2.079759 24.921362 0.110095 34 139 34
-13.452629 5.110537 0.629361 139 69 19
0.582290 8.070391 0.648758 34 139 34
-6.067954 -16.483166 0.347658 139 69 19
4.518366 -3.485686 -0.527515 34 139 34
-11.364027 15.887647 0.722477 139 69 19
-4.473713 -16.314581 -0.021957 34 139 34
-5.005776 17.814838 0.461347 139 69 19
-13.608711 -22.698761 0.367010 139 69 19
3.979000 -17.786300 -0.538164 139 69 19
-12.627139 22.680333 -0.732743 139 69 19
-22.516764 0.817207 0.013026 139 69 19
6.219538 -1.034638 0.131383 34 139 34
13.942173 -22.829277 -0.232623 34 139 34
-9.028526 23.107615 0.545360 34 139 34
17.916551 -16.404196 -0.178410 34 139 34
10.519077 -17.403298 0.460767 34 139 34
14.510774 14.076717 0.380486 34 139 34
-12.128329 -23.380520 -0.237741 139 69 19
-21.244768 -4.563277 0.653046 139 69 19
-10.078594 -3.219089 -0.117247 139 69 19
-9.964506 9.178925 -0.257698 139 69 19
23.630727 5.340806 -0.385192 139 69 19
-24.399658 -19.502383 -1.198844 34 139 34
20.778305 -0.678829 -0.068570 34 139 34
-7.789675 5.919553 -0.039171 139 69 19
-2.228772 7.202468 0.062850 34 139 34
10.219930 24.825753 -0.622191 34 139 34
19.238701 1.808704 -0.649516 139 69 19
-23.089750 -0.391566 -0.045148 34 139 34
12.817281 -7.906959 -0.426258 34 139 34
1.536891 23.283145 -0.554358 34 139 34
0.993405 -17.259520 -0.301384 34 139 34
23.140855 1.618376 0.246699 34 139 34
23.286776 -22.802428 -0.249552 139 69 19
-10.145083 3.882993 -0.151612 34 139 34
-10.498266 5.105032 -0.746993 34 139 34
-14.547901 -2.515686 0.155163 34 139 34
-24.545505 0.726984 0.216330 139 69 19
19.959444 -6.627538 -0.800345 139 69 19
-4.575772 -13.367324 0.731703 139 69 19
-1.982193 -14.212250 -0.225865 34 139 34
0.100129 10.817922 -0.096779 34 139 34
-16.592940 -11.416530 -0.231921 139 69 19
22.944659 1.762936 -0.070812 34 139 34
-12.971102 6.147066 -0.122026 34 139 34
15.317937 -9.630421 0.042947 34 139 34
23.688235 16.369715 -0.686010 139 69 19
-9.261053 20.122430 -0.570550 139 69 19
-10.960953 -15.439000 0.166811 139 69 19
-1.391881 21.882319 0.544756 34 139 34
-4.012473 22.282985 -0.527924 139 69 19
-22.253640 18.765068 0.280909 34 139 34
-21.229138 5.425552 0.411212 139 69 19
-21.961744 7.623787 -0.033393 139 69 19
22.078390 21.418285 0.095973 34 139 34
-19.464694 9.358982 -0.188533 34 139 34
-11.554409 11.347948 0.164133 139 69 19
12.754342 -18.332824 0.206659 139 69 19
2.956802 -19.390090 -0.037342 34 139 34
18.673553 8.472243 -0.206232 139 69 19
16.167328 -12.272929 0.581170 139 69 19
-22.534425 17.617486 -0.466646 34 139 34
17.431836 4.009519 0.457629 139 69 19
2.915832 -10.023031 -0.979321 34 139 34
3.676406 7.806773 0.349425 139 69 19
10.052476 -17.114174 -0.444184 139 69 19
-14.559066 -1.767697 -0.719404 139 69 19
20.356016 -18.051490 0.556234 139 69 19
-10.725377 -24.283635 -0.287546 34 139 34
-1.534475 -8.351297 0.506533 34 139 34
9.491791 8.625201 0.289856 139 69 19
-6.158927 8.700146 0.083755 34 139 34
8.784541 17.714514 0.772703 139 69 19
-18.901037 -8.580618 0.259152 34 139 34
-16.732990 3.311557 0.755837 34 139 34
-1.269897 -24.173536 0.023299 139 69 19
-0.977762 -6.331557 -0.596586 34 139 34
24.725660 -21.703470 -0.079138 34 139 34
-0.349526 -9.831486 -0.290886 34 139 34
-8.474253 -14.528415 -0.036323 139 69 19
8.928321 10.830230 -0.167385 139 69 19
-23.824909 3.695593 0.099177 139 69 19
-23.363926 -3.063177 0.214002 139 69 19
6.148323 23.561685 0.238153 34 139 34
8.575277 12.566497 0.387070 34 139 34
-7.380762 15.946340 -0.014185 34 139 34
4.575833 7.437809 -0.464057 139 69 19
-11.671419 -21.298233 -0.224423 34 139 34
-24.712743 -6.765193 0.927902 139 69 19
-16.960379 -17.511388 -0.681231 34 139 34
20.698679 -23.903804 0.150829 34 139 34
0.492651 12.539360 -0.646334 34 139 34
20.615886 8.919595 -0.044177 34 139 34
14.250852 -8.577974 0.151342 139 69 19
-19.593979 -11.909111 -0.846940 34 139 34
20.042800 -7.745210 -1.047503 139 69 19
-8.620146 -9.295995 0.274247 34 139 34
16.559583 -15.554303 -0.141158 139 69 19
5.861549 13.444514 0.377547 34 139 34
11.774999 -8.543795 -0.053428 139 69 19
-18.946841 -21.714543 0.267051 139 69 19
18.440369 -13.151550 0.055385 139 69 19
-9.785456 21.863829 -0.270019 34 139 34
20.913083 5.055234 0.337776 139 69 19
-14.055706 15.985797 0.338049 34 139 34
22.471261 -10.383969 0.073750 139 69 19
-14.408156 -2.677196 0.809243 139 69 19
3.697531 -20.838182 0.034305 34 139 34
-10.112053 14.506844 0.101718 34 139 34
3.835699 17.591337 -0.165541 34 139 34
-6.393736 -9.091063 -0.439514 34 139 34
14.812518 6.468325 -0.353136 34 139 34
3.694877 -0.498424 -0.179140 139 69 19
14.812388 -24.367141 0.045246 34 139 34
16.280727 -4.801878 -0.156039 139 69 19
-1.374444 -13.606204 0.341634 34 139 34
-17.232539 20.719024 0.143881 139 69 19
-14.575669 -2.258311 -0.933091 34 139 34
15.988168 2.619687 1.181032 139 69 19
19.637407 9.479734 0.643516 139 69 19
13.629319 11.417204 -0.221813 139 69 19
17.315404 23.248485 0.861719 34 139 34
-22.405099 -9.421138 0.907106 34 139 34
-23.661465 19.489270 -0.874062 139 69 19
6.328922 -5.141463 0.202370 139 69 19
-19.400940 9.436841 -0.337378 34 139 34
19.077858 -4.181768 0.398345 139 69 19
22.705895 4.984576 -0.673841 34 139 34
2.381027 -15.449854 0.490737 34 139 34
-10.782491 -24.640055 0.130289 139 69 19
16.939094 1.672810 -0.187065 34 139 34
15.070779 -9.250805 -0.776656 139 69 19
6.817828 17.914131 0.195681 139 69 19
13.035953 -12.540628 0.605425 139 69 19
-18.730437 -10.711669 -0.859879 139 69 19
17.320261 -6.362641 0.048094 139 69 19
11.512411 0.746992 -0.794982 139 69 19
21.180551 -8.943017 -1.189864 34 139 34
3.838163 -18.664394 0.323484 34 139 34
-4.670865 -0.204257 -0.172982 139 69 19
24.066343 2.608751 0.263837 139 69 19
22.297998 -7.400823 -0.158933 34 139 34
3.406529 2.574529 -0.769204 139 69 19
24.101306 4.462145 -0.174256 139 69 19
-22.245207 24.408174 0.141525 34 139 34
8.378459 4.941715 -0.000240 139 69 19
10.513372 14.862082 -0.277640 34 139 34
-9.662928 -1.655498 -0.723719 139 69 19
18.716612 22.413929 -0.275849 139 69 19
13.335183 23.511586 -1.350861 139 69 19
4.040212 20.802213 -0.447844 139 69 19
-8.458183 7.165395 0.535847 34 139 34
-24.184611 3.062587 -0.959687 34 139 34
14.065809 -10.894437 -0.196637 139 69 19
19.351011 -24.648496 0.308648 34 139 34
9.194644 -7.327605 -0.480822 139 69 19
17.390517 2.401680 0.416425 34 139 34
9.794896 -16.144754 -0.009270 34 139 34
-15.474503 4.054549 -0.570804 139 69 19
-0.072972 -5.132158 -0.255214 139 69 19
15.829213 18.174594 0.510343 34 139 34
12.567470 -4.428367 -0.053996 139 69 19
-7.544404 8.862037 0.372920 139 69 19
13.911757 -14.010302 -0.054542 139 69 19
7.842805 -9.514559 1.076108 139 69 19
18.789316 13.260159 0.278111 34 139 34
21.325296 15.001869 -0.843403 34 139 34
8.210959 7.490436 0.617911 139 69 19
-18.941692 -20.745725 -0.013816 139 69 19
9.122688 -12.457880 -0.017213 139 69 19
-9.230164 -15.773029 -0.082105 139 69 19
-16.941954 10.083331 -0.684421 34 139 34
23.601944 -8.925037 0.854939 34 139 34
20.339070 16.878388 -0.397763 34 139 34
13.089010 16.526177 -0.142587 139 69 19
17.762406 -13.427617 0.178515 139 69 19
-5.313368 -2.809131 -0.605305 34 139 34
-8.962327 -17.412960 -0.086662 34 139 34
-18.786909 -3.098540 -0.119102 139 69 19
21.658508 20.503342 -0.428561 34 139 34
-5.486808 21.263411 0.193003 139 69 19
17.352745 -22.291158 -0.237212 34 139 34
4.477358 -22.829387 -0.210150 139 69 19
21.362675 -17.839883 -0.210845 139 69 19
-24.659077 -22.029201 -0.029582 34 139 34
22.268205 17.162330 -0.889853 139 69 19
10.958700 9.338985 -0.030616 139 69 19
13.867518 20.787160 0.487962 34 139 34
13.776819 -12.461911 -0.283137 34 139 34
3.080236 24.629560 0.254225 139 69 19
0.973836 -4.390445 -0.192121 34 139 34
12.210700 -20.553222 0.319024 139 69 19
-0.678046 -9.216429 0.356635 139 69 19
-19.186900 -1.668187 -0.418123 139 69 19
10.564469 23.997126 -0.508107 34 139 34
8.036420 -19.237247 0.656734 34 139 34
-2.576359 14.735638 0.309655 34 139 34
15.051697 23.645540 0.055172 139 69 19
13.784309 -9.030027 0.705451 139 69 19
22.618778 5.163110 0.068338 139 69 19
-12.176455 8.899546 -0.802714 34 139 34
-1.810492 11.248356 0.281974 34 139 34
-18.623738 -22.286845 -0.083823 34 139 34
-3.819688 -7.370395 0.317596 34 139 34
16.725256 -18.246285 0.091784 139 69 19
-1.987164 21.555499 -0.303522 139 69 19
22.841091 16.654322 0.161046 139 69 19
2.899974 24.526861 -0.938339 139 69 19
22.416515 -20.886159 -0.785617 34 139 34
-11.712860 11.426041 0.379736 34 139 34
-0.048312 -8.674146 -0.101428 139 69 19
-5.750168 15.872924 -0.036893 34 139 34
-13.959178 19.577439 -1.085928 139 69 19
-6.346246 -20.111621 -0.668111 139 69 19
5.086892 -1.384918 0.874794 139 69 19
2.411785 6.689195 0.134440 139 69 19
-14.036419 6.045957 0.152685 139 69 19
12.023171 -4.732767 0.146365 34 139 34
-1.041826 1.672177 -0.084366 139 69 19
2.150808 5.037760 -0.124577 139 69 19
4.301430 10.313437 -0.291631 34 139 34
10.155966 -3.485207 -0.984671 139 69 19
-12.524342 1.236808 -0.343133 34 139 34
-2.484015 -6.663422 0.373588 139 69 19
11.811091 23.419473 -0.762895 139 69 19
-13.587899 23.756060 -0.920764 34 139 34
14.181009 20.046428 1.434810 34 139 34
15.465228 17.874579 -0.461185 139 69 19
-0.922694 11.748515 -0.524016 139 69 19
6.667183 -6.999925 -0.169945 34 139 34
-15.851301 1.986718 0.515098 139 69 19
-5.924589 -13.819986 0.135683 34 139 34
-23.694814 2.292305 0.494072 139 69 19
-9.820069 13.912233 -0.227488 139 69 19
11.099020 16.518812 0.241084 34 139 34
19.302819 20.887766 -0.697444 34 139 34
-9.438733 8.803006 -0.178124 139 69 19
0.704780 -19.614436 -0.638687 139 69 19
8.914060 -2.041594 0.101995 34 139 34
13.207213 0.877417 -0.052199 139 69 19
-0.388540 22.085120 0.164036 34 139 34
-17.682842 24.883460 -0.073994 139 69 19
7.258550 17.037539 -0.059313 34 139 34
-10.838654 -6.469229 -0.036212 139 69 19
1.012484 -14.401855 0.071582 34 139 34
18.296162 -12.434827 -0.165107 139 69 19
-22.342798 19.384437 0.636872 34 139 34
17.830595 12.850613 -0.233614 34 139 34
9.520410 18.603200 -0.020656 139 69 19
-17.494142 -15.862815 -0.528763 139 69 19
-8.687110 -10.674833 -0.215505 34 139 34
-1.091235 -9.010590 -0.660537 34 139 34
15.871702 -5.198060 0.303188 34 139 34
17.143211 -11.676073 0.704377 139 69 19
-23.069485 -0.263170 -0.732614 34 139 34
10.591930 -19.767774 -1.558382 34 139 34
-5.108457 0.924742 -0.263283 34 139 34
-9.743043 -9.854846 0.420013 139 69 19
-2.145291 -24.899636 -0.322900 34 139 34
11.352355 -14.637072 0.159343 139 69 19
-15.499416 -24.966494 -0.299600 139 69 19
23.388716 10.756538 -0.555652 34 139 34
-7.899576 -10.913946 0.196573 34 139 34
6.156628 19.162486 0.765986 34 139 34
-13.082105 -23.254579 0.481695 139 69 19
12.208096 -23.030913 -0.509098 139 69 19
-13.562902 -5.769784 0.578990 34 139 34
14.471138 -3.449310 -0.025966 139 69 19
-0.575569 21.210873 -0.373569 34 139 34
6.511863 -2.865914 0.184734 34 139 34
21.446092 17.959111 0.690692 139 69 19
14.045802 10.072316 0.397969 34 139 34
14.445556 14.280359 -0.503377 34 139 34
-8.859225 2.172717 0.496286 34 139 34
-18.201934 23.830070 -0.364594 34 139 34
12.922556 -18.903783 0.304768 34 139 34
9.985870 1.188008 -0.062098 34 139 34
-10.632799 -4.000430 0.505204 34 139 34
-22.525385 7.007661 0.064200 139 69 19
-19.761636 16.222468 -0.785986 34 139 34
13.177793 -16.252145 -0.116554 34 139 34
-15.703886 0.587583 0.096192 139 69 19
-9.410121 -18.331934 -0.513800 139 69 19
23.070181 2.511295 0.237613 34 139 34
4.440423 17.062625 -0.459940 34 139 34
-16.567257 -9.164664 -0.129192 34 139 34
-24.913316 -8.518365 0.629034 139 69 19
12.852825 -22.463794 0.836880 139 69 19
-18.968942 -8.486161 -0.880514 139 69 19
-18.536905 -14.511398 0.128360 139 69 19
0.251154 -22.873038 0.344833 34 139 34
3.151080 8.750280 0.139392 34 139 34
-17.258249 8.890836 0.085759 34 139 34
-2.675565 -24.706402 -0.273752 34 139 34
18.622106 12.645108 -0.192111 34 139 34
-16.838632 16.750485 0.686732 139 69 19
-21.886785 19.324434 -0.759162 139 69 19
8.159284 12.221471 0.082870 34 139 34
1.391877 -19.862396 0.774835 139 69 19
23.334951 15.322438 -0.713647 139 69 19
-0.306661 -5.706071 0.877546 34 139 34
4.109341 19.297867 0.769874 34 139 34
-6.739403 -6.417261 0.469339 139 69 19
-21.738552 4.567899 -1.079380 34 139 34
16.824196 18.615599 -0.879659 34 139 34
14.203711 -2.279861 0.278918 34 139 34
12.695794 -11.284017 -0.620831 139 69 19
-5.360449 -3.492493 0.923777 139 69 19
-7.588910 -21.948457 -0.018592 139 69 19
10.017181 -20.583197 0.104254 34 139 34
-12.916214 -9.987744 -1.109202 139 69 19
7.804697 -9.635164 -0.462248 139 69 19
7.586571 -15.891832 0.556465 34 139 34
-21.818289 0.177363 -0.004075 139 69 19
4.782389 -0.895695 -0.846281 139 69 19
16.717813 11.592126 -0.290514 139 69 19
-14.900511 -17.902731 0.218694 139 69 19
-20.492486 -1.587872 -0.252860 34 139 34
-17.706449 10.349882 0.333325 34 139 34
8.196724 8.462652 0.313201 34 139 34
11.858458 -5.475050 0.162460 139 69 19
-4.338744 -1.655060 0.205916 139 69 19
17.006340 11.634039 0.707915 34 139 34
-11.078715 -3.111013 -0.000641 34 139 34
9.676509 8.369920 -0.389000 34 139 34
22.796340 4.855892 0.472658 34 139 34
2.673843 7.220874 -0.125924 139 69 19
6.162819 19.547845 0.738588 139 69 19
15.193693 4.574373 1.017565 34 139 34
-10.726914 -10.450857 0.944346 34 139 34
0.573557 16.613905 -0.169710 139 69 19
-15.707688 -19.388755 0.045439 34 139 34
-17.329383 19.683999 -0.250713 139 69 19
13.767132 22.896077 -0.418064 139 69 19
-17.262893 7.738637 0.112361 34 139 34
11.187034 -20.152740 -0.696933 139 69 19
-8.281560 0.229435 -0.550356 34 139 34
19.818700 8.492340 -0.106571 139 69 19
-11.128565 -17.318048 -0.440684 139 69 19
6.896258 17.001768 -0.366153 34 139 34
12.747356 18.650207 -0.289842 34 139 34
-18.526353 3.318563 -0.458805 139 69 19
-13.021943 -17.306459 0.106110 34 139 34
22.269171 21.492999 -0.262723 34 139 34
17.022419 -16.506083 0.109837 139 69 19
4.215058 -24.754684 0.291343 34 139 34
22.913846 -23.277469 -0.096327 139 69 19
20.837907 -3.010261 0.413378 34 139 34
-5.468046 12.640461 0.450875 34 139 34
-20.307300 7.885915 0.422574 34 139 34
-20.776114 21.839559 -0.156473 34 139 34
-20.977090 3.201959 0.904123 34 139 34
-23.185091 -12.691149 0.579910 139 69 19
21.816106 -6.089404 -0.044269 34 139 34
24.929216 6.994697 -0.556488 139 69 19
-0.764172 -8.073605 -0.744304 34 139 34
5.140861 0.907616 0.839984 34 139 34
-16.499071 7.209554 -0.391895 139 69 19
9.209588 12.960876 -0.141291 34 139 34
-16.364585 -5.721455 -0.153131 34 139 34
13.262429 7.640922 0.165403 139 69 19
-15.635460 -22.478519 -0.287657 139 69 19
24.652952 -2.657164 0.401190 34 139 34
7.191737 21.958520 0.348955 34 139 34
-2.266454 8.358549 0.332853 34 139 34
16.195480 15.396945 0.486104 139 69 19
-9.377556 -23.768678 -0.282255 34 139 34
-22.667652 -2.225370 0.173966 34 139 34
-4.943699 -15.012404 0.046677 139 69 19
-1.520420 14.163440 -0.083575 139 69 19
-4.136456 -13.139751 -0.206189 139 69 19
18.884701 -5.876871 0.251092 34 139 34
13.116593 10.581143 -0.292378 34 139 34
8.581341 -23.690456 0.395705 34 139 34
8.040108 -8.334816 -0.582917 139 69 19
-24.976655 12.306249 -0.048047 34 139 34
-8.713348 10.176414 -0.129862 139 69 19
1.212980 10.775413 -0.247488 34 139 34
-18.845030 -10.887740 -0.438361 34 139 34
-23.953666 20.831000 -0.379778 139 69 19
20.437931 19.081225 0.606315 139 69 19
4.250355 -4.315618 -0.834957 34 139 34
-19.091855 1.526167 0.254964 139 69 19
23.683808 -13.561459 0.400626 139 69 19
0.200681 -16.864533 -0.253409 139 69 19
12.368593 -8.869249 -0.115364 139 69 19
2.728307 -3.237124 0.849643 34 139 34
4.722495 -18.681833 0.072303 34 139 34
15.800167 19.941350 -0.424773 139 69 19
-11.497467 -16.764720 0.628131 139 69 19
-17.085036 -8.569575 -0.622610 34 139 34
1.862097 8.236338 -1.079380 139 69 19
1.765538 18.043885 -0.002962 34 139 34
0.615171 -16.435850 -0.763155 139 69 19
23.554133 5.098873 -0.273545 139 69 19
19.750141 13.649670 0.630237 139 69 19
7.936981 -20.403088 -0.942876 34 139 34
-18.608932 -8.765903 0.337343 139 69 19
1.139203 14.032593 -0.504195 34 139 34
-8.350521 -11.812242 -0.073839 34 139 34
11.138961 13.369779 0.376843 34 139 34
8.015466 -10.343285 -0.118942 139 69 19
-19.389883 -12.644268 0.534703 139 69 19
8.808386 -15.509637 -0.293758 34 139 34
-20.847133 15.297168 -0.192477 139 69 19
-0.786925 12.891020 -0.241559 139 69 19
-14.552855 23.249184 -0.178467 34 139 34
9.863282 13.264344 -0.651509 34 139 34
12.381182 -4.698355 -0.739722 139 69 19
16.964438 -10.433738 0.488596 34 139 34
6.421452 -18.224328 -0.321211 34 139 34
14.499304 5.923221 -0.501230 34 139 34
-8.489981 -12.717712 -0.333462 139 69 19
8.486401 -3.857452 0.301401 34 139 34
20.252314 15.628061 -0.256736 139 69 19
-15.018819 3.637463 0.623547 34 139 34
-13.526020 -22.841556 -0.095977 34 139 34
15.841560 21.103311 0.317059 34 139 34
-9.994287 20.295593 0.077477 34 139 34
3.186526 10.171416 -0.686313 139 69 19
14.321199 14.155450 0.325929 139 69 19
3.926488 17.939275 -1.042456 34 139 34
-11.546925 -19.748419 -0.194128 139 69 19
-13.293547 -24.616830 0.052141 139 69 19
4.001071 0.074369 -0.243297 139 69 19
-10.718501 19.939581 -0.689693 34 139 34
-16.661096 2.507357 -0.796208 139 69 19
-0.739301 2.594284 -0.020618 139 69 19
0.514955 -13.038993 -1.209490 34 139 34
-18.672459 -0.912471 -0.037975 139 69 19
-5.426402 16.885054 0.418494 139 69 19
22.495073 6.528509 0.253848 139 69 19
-17.066550 -2.336004 -0.512632 139 69 19
-0.178949 9.313692 -0.136519 34 139 34
3.232068 23.047980 0.141871 34 139 34
14.216738 19.458186 0.186368 34 139 34
-7.715654 23.379808 -0.367506 139 69 19
21.971947 22.971674 0.608601 34 139 34
22.712379 0.457807 -0.401190 34 139 34
-14.483041 6.353984 1.001101 139 69 19
24.213090 19.217031 -0.088082 139 69 19
5.829805 2.810641 0.678130 139 69 19
24.498827 23.622766 0.461764 34 139 34
1.044872 -0.735503 -0.295029 139 69 19
-15.798308 17.841897 -0.174789 139 69 19
-5.661978 18.075712 0.070085 34 139 34
14.695435 19.334002 0.004733 34 139 34
-22.326659 3.520233 0.287486 139 69 19
-20.483821 -21.320726 0.294629 139 69 19
-14.286074 -10.219059 0.500491 34 139 34
-8.347136 14.386819 0.334723 34 139 34
-17.035409 -4.929279 -0.135471 34 139 34
5.430411 3.741905 0.523922 139 69 19
-3.820486 2.857415 -0.457441 34 139 34
-15.873899 -9.026207 0.174535 34 139 34
-18.116199 23.561292 -0.243546 139 69 19
16.993618 14.756089 0.420852 139 69 19
15.923509 15.039285 0.375804 34 139 34
-3.982886 -14.117761 0.245614 139 69 19
1.827529 -2.255424 -1.158018 139 69 19
4.327596 -0.897776 0.089605 34 139 34
-3.442724 -16.425929 0.044121 34 139 34
-12.647019 -9.907824 0.389416 139 69 19
-7.770240 14.325766 -0.394737 139 69 19
3.083219 -10.284355 -0.195274 139 69 19
-19.057743 18.397735 -0.811364 139 69 19
2.017451 -16.747548 0.773688 139 69 19
-5.656503 6.478505 -0.357411 34 139 34
11.461195 -16.130579 0.783414 139 69 19
-24.192821 16.991946 0.150931 139 69 19
-2.066567 -23.280780 0.398552 139 69 19
-8.894670 -22.320456 0.855164 34 139 34
-14.254804 14.735720 0.601227 34 139 34
-15.934330 -17.013399 -0.457534 34 139 34
15.883690 22.589238 -0.384553 34 139 34
19.135431 -11.917238 0.526165 34 139 34
1.302128 9.800679 0.281257 34 139 34
-14.921697 -16.175071 -0.383279 139 69 19
7.818547 23.624755 0.597482 34 139 34
21.364754 -11.664977 -0.666099 139 69 19
-4.437496 -5.772080 0.010686 139 69 19
20.832676 -1.927342 -0.068482 139 69 19
16.002412 -7.984984 -0.748578 139 69 19
-1.230508 19.846120 -0.324566 139 69 19
6.740608 8.216296 -0.651464 34 139 34
7.025460 -6.754347 -0.246571 139 69 19
21.549042 -12.937236 0.714940 139 69 19
19.840926 19.231780 -0.197446 139 69 19
4.674106 -20.752529 0.157409 34 139 34
-7.859682 21.652508 -0.347665 34 139 34
5.643481 -10.334227 0.587257 34 139 34
-20.389609 20.703258 -0.196506 139 69 19
12.817817 7.823983 -0.585521 139 69 19
-7.896417 -15.429989 0.261192 139 69 19
-3.245307 -8.407145 0.355148 34 139 34
12.762110 20.558884 -0.493559 139 69 19
-8.859113 -23.413526 -0.239267 139 69 19
22.243942 -18.593259 0.290791 34 139 34
-0.911563 -4.125455 -0.973484 34 139 34
-10.764019 19.958687 0.234203 139 69 19
10.195195 21.699063 -0.261043 34 139 34
-13.961180 11.849222 0.348138 34 139 34
-3.332818 -9.853192 1.103082 139 69 19
-9.912677 -15.416936 0.149960 34 139 34
-1.568337 9.952258 0.552213 139 69 19
13.232239 -13.442475 0.886296 139 69 19
-21.122523 21.251076 0.429709 34 139 34
-0.893612 -22.824859 1.220581 139 69 19
6.376042 10.977151 1.163624 34 139 34
-13.364801 10.664516 -0.895544 139 69 19
13.983435 -10.331892 -0.263533 139 69 19
-8.508046 0.773755 0.443331 139 69 19
-23.321664 14.670710 -0.495753 139 69 19
18.572948 -22.669834 0.315457 34 139 34
-5.375682 -1.184023 0.012004 34 139 34
6.117371 20.633777 0.725029 139 69 19
16.904827 -1.146945 0.342644 34 139 34
-15.643274 -12.575319 0.101151 34 139 34
-7.041453 -15.681255 0.306756 139 69 19
13.849552 -12.378758 1.242237 139 69 19
-5.920168 -18.267319 0.005743 34 139 34
-16.884299 20.696650 -0.468923 139 69 19
19.335940 17.972370 0.391857 139 69 19
-5.683501 -2.146072 -0.033811 34 139 34
-5.228836 20.590474 0.125658 139 69 19
2.853395 -1.987290 -0.268151 139 69 19
-12.201186 -17.601356 0.973084 34 139 34
-1.116817 1.344099 -0.367032 139 69 19
2.306734 1.278459 0.701619 139 69 19
0.935112 -9.944990 -0.105216 34 139 34
-15.530961 -2.469078 -0.206148 139 69 19
2.630709 -0.485372 0.313537 34 139 34
-7.957764 9.775310 0.210259 139 69 19
12.965166 13.264482 -0.010307 139 69 19
18.766838 -12.533817 0.375209 34 139 34
-12.117289 -11.820524 0.803664 34 139 34
19.663816 -4.186698 1.023680 139 69 19
-21.769990 23.596076 0.341226 34 139 34
-5.889114 2.314615 -0.562412 34 139 34
-14.744069 -11.231184 1.236794 139 69 19
8.683794 12.996266 -0.054582 34 139 34
-5.026603 6.657952 -0.244078 34 139 34
21.412247 -20.417476 0.193274 139 69 19
-22.896581 17.231556 0.264453 34 139 34
16.514879 -5.350636 0.563531 34 139 34
16.821976 14.618126 -0.300357 139 69 19
21.856928 14.493515 -0.731287 34 139 34
8.571523 3.196346 -1.023895 34 139 34
-16.391734 -14.138988 0.348114 139 69 19
9.106853 16.518803 0.101221 139 69 19
-6.013402 13.819793 -0.215254 34 139 34
-9.131804 -0.938664 0.235813 34 139 34
23.822293 -8.063006 -0.522807 139 69 19
17.211119 12.601229 -0.280015 34 139 34
-12.742665 13.527467 0.476043 139 69 19
19.128155 -3.473196 -0.247544 34 139 34
-2.235373 -5.949641 -0.066246 34 139 34
-15.115696 -14.097973 -0.544564 139 69 19
-17.896042 24.324260 0.467212 34 139 34
-14.004718 -16.909073 -0.036903 34 139 34
2.677620 -3.868957 0.550848 139 69 19
-4.229667 -10.674782 -1.223141 139 69 19
-16.806492 7.531153 -0.078285 34 139 34
13.285246 12.708299 0.342399 139 69 19
-17.990009 17.587434 -0.856297 139 69 19
-14.012118 -13.852336 0.223757 34 139 34
-17.263647 -6.668100 -1.482464 34 139 34
-17.141472 7.651680 0.608859 34 139 34
-20.572122 21.199855 -0.119592 139 69 19
-9.167865 -18.279573 0.912096 139 69 19
-5.638852 -21.945887 0.431447 34 139 34
21.359633 15.850949 0.238544 139 69 19
-11.286906 0.105090 -0.294767 34 139 34
-7.340496 -3.839871 0.174321 34 139 34
-23.844750 -10.521749 0.156650 34 139 34
-11.128118 -17.874400 -0.465347 139 69 19
13.919675 -23.668396 -0.651954 34 139 34
-20.668608 21.741641 0.294025 34 139 34
11.811228 13.835155 0.075839 139 69 19
0.795964 13.160744 0.492242 34 139 34
-13.285368 -20.765166 -0.072040 34 139 34
-17.398147 18.200377 -0.689449 34 139 34
-5.876094 -22.766475 -0.604003 34 139 34
-18.550230 19.251257 -0.078668 34 139 34
-0.546991 -5.279534 -0.888026 34 139 34
-1.918692 20.256552 0.328827 139 69 19
13.507548 15.631541 -0.514555 34 139 34
22.798126 5.049829 0.352186 139 69 19
24.656257 4.690835 -0.043882 34 139 34
7.991707 -10.981841 0.180927 139 69 19
7.204452 16.849819 -0.057891 139 69 19
14.171892 -17.543944 -0.155878 34 139 34
-16.882580 -22.798743 0.152369 139 69 19
23.271633 -20.274027 0.117158 34 139 34
-19.679783 20.118312 -0.347625 34 139 34
-7.341086 -20.758778 0.366107 34 139 34
-14.025936 24.179330 -0.341780 139 69 19
-8.791178 18.244732 -1.230636 34 139 34
-10.813075 9.513424 -0.712370 34 139 34
2.525621 12.522743 1.070154 34 139 34
24.073045 -15.707331 0.250176 34 139 34
-15.971724 -11.468867 0.409626 34 139 34
8.145722 14.036378 0.257211 34 139 34
10.494739 -22.081081 -0.105825 34 139 34
23.813962 8.547100 0.766637 139 69 19
0.490749 13.253351 -0.138241 139 69 19
-23.436704 -0.732766 -0.563917 34 139 34
-14.679292 -6.369577 0.477101 34 139 34
5.290970 3.693202 -0.059861 34 139 34
22.820673 12.760468 -0.379713 139 69 19
-17.548488 -12.651787 -0.381707 34 139 34
24.302706 16.992700 -0.187196 139 69 19
-1.262174 -19.952423 -0.022119 139 69 19
-10.101662 -14.876433 -1.199943 139 69 19
18.194157 -15.535251 0.010666 139 69 19
19.853189 15.100011 -0.185335 139 69 19
-10.432596 -15.574495 0.219741 139 69 19
-0.993485 24.358489 0.119295 139 69 19
15.097638 6.137088 0.637230 34 139 34
-1.784341 18.483022 -0.601130 139 69 19
15.120100 -19.722635 -0.010881 34 139 34
-16.678261 -0.068646 -0.019118 34 139 34
-12.621002 -6.971383 -0.005367 34 139 34
-5.463553 18.470502 0.488222 139 69 19
9.998913 15.500778 -0.941532 34 139 34
17.992975 -20.224845 0.229483 139 69 19
21.365274 -19.251319 0.111633 34 139 34
4.793889 5.528326 -0.737810 34 139 34
0.004253 -14.564888 -0.140392 139 69 19
-19.305641 23.833327 -0.371949 34 139 34
-16.499450 -5.913929 0.194553 34 139 34
4.899085 -8.575297 0.021289 34 139 34
-10.028566 8.579997 0.813227 139 69 19
13.714830 -8.830563 -0.421498 34 139 34
-24.650608 4.821731 -0.737124 139 69 19
-7.970817 -8.968643 0.212998 34 139 34
22.792365 0.649863 0.176284 34 139 34
-4.207636 -13.171050 1.007944 139 69 19
-2.959806 -23.265579 -0.026716 34 139 34
9.741484 -13.372525 -0.131361 34 139 34
-13.143375 -6.960658 -0.196084 34 139 34
-7.271005 -10.535388 -0.716745 139 69 19
-19.374713 -5.139818 0.260842 34 139 34
-22.170510 -7.505953 -0.386864 139 69 19
2.968875 1.406000 0.131661 34 139 34
-24.241729 6.044318 0.748321 34 139 34
13.381034 17.398380 -1.141104 139 69 19
11.544213 23.655689 -1.122940 34 139 34
-19.537855 3.172334 -0.243142 139 69 19
-13.855427 1.966325 -0.602784 34 139 34
-11.293578 6.295681 0.635534 34 139 34
4.939408 12.634563 -0.792661 139 69 19
-10.975326 -17.108532 0.134581 34 139 34
-23.890546 -20.730403 0.203240 34 139 34
6.358762 -6.348040 -0.237772 34 139 34
-8.842988 0.250802 0.358906 139 69 19
2.468908 9.276871 0.272299 34 139 34
-5.007580 17.112447 0.230370 139 69 19
-1.731166 22.003962 -0.176453 139 69 19
-4.212769 16.494720 -0.603982 34 139 34
-13.262902 4.121628 0.131941 34 139 34
2.494263 -9.459468 -0.158472 139 69 19
24.604337 3.974502 -0.224091 34 139 34
-19.018157 -3.355485 0.084758 139 69 19
-17.311887 21.453434 0.157229 34 139 34
0.408067 10.687512 -0.314636 34 139 34
-8.436931 -17.984734 -0.585667 34 139 34
19.327117 -18.177405 -0.298412 34 139 34
1.306005 -5.645668 1.580307 34 139 34
21.259469 9.103834 -0.076158 139 69 19
24.497248 -23.759938 -0.393406 139 69 19
-7.227426 7.897818 0.214367 139 69 19
3.704223 -1.947858 0.453210 139 69 19
-23.426218 -2.342282 -0.373916 139 69 19
-18.970752 -0.706625 -0.030579 34 139 34
14.162569 -14.609416 0.346501 139 69 19
-0.967049 10.409661 -0.076934 34 139 34
-18.344984 -16.603498 -0.426386 139 69 19
-2.986448 -11.160810 -0.669566 34 139 34
-19.471923 -0.136374 -0.031371 34 139 34
-6.051508 -9.072242 -0.473822 34 139 34
7.232911 6.406473 0.521504 139 69 19
-17.539706 1.998117 -0.270721 34 139 34
-22.901208 20.737263 0.027023 34 139 34
-6.796024 4.002327 0.100521 139 69 19
20.507771 -1.560732 -0.095626 139 69 19
10.891944 -12.186696 0.070528 34 139 34
24.016706 -3.321073 0.341460 34 139 34
-19.041300 15.105486 0.045316 139 69 19
16.202476 -13.730208 -0.281161 34 139 34
-11.213004 -12.864641 -0.505540 34 139 34
-14.851722 17.541513 -0.348232 139 69 19
21.134324 14.710144 -0.605435 139 69 19
4.958539 -0.836459 -0.420664 139 69 19
24.031293 6.759523 -0.601883 139 69 19
16.949190 -23.017764 -0.229970 139 69 19
-13.263551 4.149222 0.092622 34 139 34
20.470452 7.738263 0.483239 34 139 34
-24.578949 -8.440818 -0.096726 139 69 19
-17.435687 -10.555806 -0.261056 139 69 19
-2.530608 -11.721385 0.323121 34 139 34
14.100638 11.029290 -0.133451 34 139 34
-11.286959 23.598636 0.244155 34 139 34
14.455422 -14.285236 0.536659 34 139 34
-17.633760 -5.591995 -0.923101 34 139 34
1.742491 22.208764 -0.076086 34 139 34
4.942194 -19.502931 0.305685 139 69 19
-10.547793 21.611794 -0.321296 34 139 34
-8.032976 -21.035000 0.254768 139 69 19
23.602382 4.085869 0.237777 34 139 34
-13.902861 14.510354 0.719342 139 69 19
-2.415996 -10.213827 0.811339 34 139 34
-14.343318 7.925237 -0.415702 34 139 34
21.784680 -3.969700 0.231070 139 69 19
-10.757109 4.411398 0.073670 139 69 19
-0.720265 -20.892718 -0.396958 34 139 34
-11.248697 -21.400452 -0.615762 34 139 34
-11.021995 -1.350678 0.320500 34 139 34
-13.140141 19.064286 -0.609314 139 69 19
-3.494843 -5.553583 -0.708376 139 69 19
-19.936213 13.658146 -1.827715 139 69 19
-20.158994 0.899147 -0.214627 139 69 19
-13.972965 0.237592 -0.360882 34 139 34
21.190193 -10.597997 -0.252833 34 139 34
12.726450 2.184869 0.411944 34 139 34
-17.470034 -9.549980 -0.056007 34 139 34
-4.711038 13.249899 0.531543 139 69 19
-22.535864 -18.754097 1.017271 34 139 34
-11.467749 7.962019 1.225214 139 69 19
-24.363357 -18.720811 0.665889 34 139 34
-14.157486 -5.642073 0.648703 34 139 34
0.042794 -2.079216 -0.195919 139 69 19
-18.052642 2.427335 0.401676 34 139 34
-6.272722 18.197541 -0.095134 34 139 34
-19.698405 10.998865 -1.061785 139 69 19
8.564989 -0.334008 0.343434 139 69 19
-17.569095 -10.781698 -0.712403 34 139 34
-3.680425 -1.808079 -0.072636 139 69 19
-12.279099 3.720613 -0.743967 139 69 19
-6.154097 -20.301122 0.150897 139 69 19
23.762700 -19.736438 -0.202335 139 69 19
11.625566 6.891459 -0.054979 34 139 34
-0.574227 19.685940 0.078806 139 69 19
-3.447480 7.062857 -0.517978 34 139 34
24.157000 2.053608 0.527563 34 139 34
19.532668 -24.890386 0.242182 34 139 34
-20.071362 12.755572 0.581645 34 139 34
-24.559732 1.106611 0.007633 139 69 19
16.353031 -8.261176 -0.271935 139 69 19
8.008690 9.578584 0.398593 139 69 19
23.689380 -7.744915 0.697113 139 69 19
0.921949 17.503318 -0.598622 139 69 19
-18.753707 -5.788740 -0.271126 139 69 19
8.855306 13.215485 0.826907 34 139 34
-23.110181 13.818747 0.176581 34 139 34
-6.985202 6.408098 0.112913 34 139 34
4.060700 -14.819450 0.535294 139 69 19
8.512726 -17.724841 0.679240 139 69 19
18.829059 -14.036846 -0.003969 139 69 19
12.812426 3.646834 -0.715698 139 69 19
9.187576 -15.031893 -0.693073 34 139 34
-10.468439 -14.533706 0.573863 139 69 19
10.335287 21.386292 -0.380063 139 69 19
-1.510621 11.219471 -0.797171 139 69 19
16.345244 -16.276298 -0.131756 139 69 19
-23.883174 13.696379 -0.150121 34 139 34
3.462061 -18.487949 -0.221561 34 139 34
-22.172897 3.894542 -0.476309 139 69 19
20.664667 -9.960123 -0.064385 139 69 19
-22.056118 -1.454742 -0.556788 34 139 34
10.471473 5.230809 0.523525 34 139 34
21.133968 17.712585 0.086413 139 69 19
20.019942 22.531001 -0.061873 139 69 19
-23.877496 17.407804 0.249075 139 69 19
-5.938518 -16.781789 -0.040064 34 139 34
-24.412756 -19.793974 -0.881052 34 139 34
-13.221605 4.766882 -0.796715 139 69 19
5.871982 -0.000396 -0.391510 139 69 19
-22.975572 -19.249323 -0.161464 139 69 19
-13.481158 24.936284 -0.674675 34 139 34
-5.301571 0.650043 -0.096410 139 69 19
-2.293222 -5.264271 0.123175 34 139 34
6.556821 16.174651 0.305059 34 139 34
5.728180 20.870907 0.542570 34 139 34
-0.681637 19.756555 -0.079675 139 69 19
-17.439635 24.288497 0.891666 139 69 19
11.796395 -20.030826 0.740265 139 69 19
19.621027 -14.856769 0.249747 139 69 19
18.870167 0.132904 -0.553189 139 69 19
-17.702386 -5.953189 -0.167693 139 69 19
-2.157381 24.724718 -0.219694 34 139 34
0.001634 -3.509860 -0.265953 34 139 34
-11.103548 -11.545420 -1.071111 139 69 19
-7.761487 -6.111294 0.403497 34 139 34
23.044405 10.862642 0.522229 139 69 19
7.540076 -18.909606 -0.088559 34 139 34
-22.019545 19.144474 -0.231727 139 69 19
22.371653 3.432044 0.424208 139 69 19
-3.089389 -16.470686 0.184935 34 139 34
-12.196613 -15.123495 0.509382 34 139 34
-16.885923 20.263406 1.301017 139 69 19
15.274147 -3.351343 0.652806 139 69 19
1.588691 23.529708 0.972663 34 139 34
-19.257369 18.595041 -0.191678 139 69 19
0.908579 -2.649165 0.094950 139 69 19
-22.497234 -11.919477 0.696951 34 139 34
19.955261 -3.732461 -0.668091 139 69 19
15.471736 -2.901420 -0.728849 139 69 19
-14.724940 9.567458 0.604277 139 69 19
-18.884287 -12.971958 0.571119 139 69 19
-5.191367 -12.869455 -0.943891 34 139 34
-11.368589 3.363082 0.316827 34 139 34
16.828355 8.633038 -0.209979 139 69 19
0.222830 14.535344 0.197969 139 69 19
-20.746060 20.650795 0.515032 139 69 19
17.220449 8.994817 0.021367 34 139 34
-3.998170 -5.786906 0.097023 139 69 19
-14.482315 12.732007 0.552262 34 139 34
-2.463339 21.474410 -0.142484 34 139 34
-8.340321 11.288465 -0.010136 139 69 19
14.451933 6.654484 -0.208626 34 139 34
-14.958716 -4.357835 0.397300 34 139 34
11.783598 22.360982 -0.539475 34 139 34
19.058230 -20.166304 0.662573 139 69 19
9.874865 -0.962021 -0.143740 34 139 34
-15.330273 11.794215 0.497995 139 69 19
-23.631054 -22.165944 0.227310 139 69 19
-5.772401 -9.443212 -0.549089 139 69 19
-13.028855 -23.687354 0.293216 139 69 19
-11.379096 -24.717806 -0.257266 139 69 19
22.622677 21.536542 -0.162963 34 139 34
19.030259 20.189286 0.226944 34 139 34
7.358987 0.857720 -0.169120 139 69 19
14.403735 11.546342 0.054832 34 139 34
4.618072 14.036238 -0.640560 34 139 34
20.857958 17.752986 0.516762 139 69 19
3.063937 -7.244271 -0.135843 34 139 34
-21.774402 18.911598 -0.442477 34 139 34
15.196503 -21.859189 0.232927 34 139 34
11.858403 -24.843714 -0.427981 139 69 19
-15.401229 21.385376 0.646143 34 139 34
3.332485 9.610527 0.966591 34 139 34
7.377177 -3.214553 -0.740078 34 139 34
18.207618 -12.888753 0.131066 34 139 34
-12.898158 12.955135 -0.391536 34 139 34
-7.473631 17.062244 -0.226718 34 139 34
24.334345 15.041206 -0.516108 139 69 19
22.926480 15.232559 0.752681 34 139 34
-13.785001 -2.530561 -0.205027 34 139 34
-4.456144 11.173082 -0.002196 139 69 19
-16.458570 -22.023982 -0.465723 34 139 34
-1.916623 17.060604 0.462104 139 69 19
18.123914 -4.110037 0.500149 34 139 34
5.949731 16.226985 -0.505110 34 139 34
-17.377335 -7.255461 0.447810 34 139 34
19.068635 7.087185 0.058241 139 69 19
-7.817061 -18.264654 0.172653 139 69 19
-0.955209 -6.488205 -0.317475 34 139 34
-2.494532 3.890323 -0.073811 34 139 34
-19.091757 24.874462 0.107963 139 69 19
19.038005 -7.601016 -0.142203 34 139 34
-6.298615 -22.587744 -0.223729 139 69 19
-1.257614 3.563082 0.444141 34 139 34
16.290880 -15.540164 -0.547567 139 69 19
-6.439962 10.496735 1.356043 139 69 19
3.600964 3.582485 0.236052 139 69 19
-14.347937 -16.762564 -0.767621 139 69 19
-19.951095 1.189188 -0.807151 139 69 19
-20.015967 -24.560859 -0.468340 34 139 34
13.932329 19.742884 0.579174 34 139 34
18.379511 -6.218555 -0.609020 139 69 19
17.217553 -20.281325 -0.217480 139 69 19
13.668898 -5.602425 0.566425 34 139 34
-20.597182 -5.908114 0.198356 34 139 34
-9.565825 -12.326691 -0.023710 139 69 19
-15.034965 -14.980688 -0.107453 139 69 19
14.533765 -10.980739 -0.148112 34 139 34
3.592487 -24.656032 0.868515 139 69 19
22.391500 -13.524726 1.116504 34 139 34
9.214468 10.813075 0.147498 139 69 19
1.821081 -12.069569 -0.429637 139 69 19
8.409768 15.005465 0.124677 139 69 19
-1.324511 -15.738949 0.291326 139 69 19
16.166241 -16.825916 -0.319590 139 69 19
-4.521036 -5.289516 -0.156377 34 139 34
18.931936 12.506457 -0.040615 34 139 34
23.119718 -11.784994 0.277495 34 139 34
-7.313879 -17.920020 -0.857655 34 139 34
-0.318588 2.312358 0.308668 34 139 34
-15.608836 2.650621 -0.393755 139 69 19
4.560895 9.422976 -0.247483 34 139 34
-3.066822 18.269973 0.617784 34 139 34
-22.635548 -0.495626 0.256884 139 69 19
15.023618 24.187951 -0.470688 34 139 34
-11.304425 -20.666362 0.893134 34 139 34
-22.218710 -8.032806 -0.286727 34 139 34
-15.399463 19.590142 0.295654 34 139 34
-9.866972 2.435331 -0.210502 139 69 19
-9.962137 -24.962881 0.444816 139 69 19
-17.992601 13.873311 -0.100191 139 69 19
13.910857 13.105388 -0.326330 34 139 34
-6.499818 -14.323216 -0.508464 139 69 19
20.373255 -6.903102 -0.669610 139 69 19
8.234639 -10.617510 0.138130 139 69 19
20.454805 -17.812819 -0.033074 139 69 19
-18.364744 -9.119505 0.122247 139 69 19
-2.048512 -22.187464 0.686981 139 69 19
-11.737080 23.696474 -0.409016 34 139 34
18.022149 14.151313 -0.177572 139 69 19
18.344761 -17.352375 0.917974 139 69 19
17.326182 -6.385030 -0.112395 139 69 19
22.912181 8.719822 0.777495 34 139 34
-10.539597 20.912577 -0.098112 139 69 19
-2.899407 0.071473 0.246053 34 139 34
-22.220199 1.022252 -0.742832 139 69 19
-14.100307 12.456405 0.081285 139 69 19
-0.929061 4.495696 -0.044502 34 139 34
11.676409 20.008438 -0.227612 34 139 34
-2.357020 -18.449286 0.184051 34 139 34
-24.183711 9.044849 -0.165332 139 69 19
19.342181 11.435423 -0.888293 34 139 34
-3.242151 -8.819764 -0.120188 139 69 19
-23.309410 24.081811 -0.482992 139 69 19
-16.566911 -1.920332 0.098491 139 69 19
19.427555 10.696593 0.683756 139 69 19
-13.021829 1.403199 -0.471364 139 69 19
-11.696730 -17.430036 0.303433 34 139 34
-0.222061 -11.159520 0.687068 34 139 34
0.320925 4.627957 -0.235828 34 139 34
2.667751 12.972310 -0.369443 34 139 34
19.659988 -3.937499 -0.238304 34 139 34
23.331827 20.038967 -0.770200 139 69 19
14.669253 -14.831133 -0.376419 34 139 34
18.907396 -18.933316 0.806473 139 69 19
-21.738089 -14.704068 0.284977 139 69 19
-11.421283 -1.818227 -0.017896 34 139 34
13.097622 -7.426235 0.470903 34 139 34
-9.873778 1.648460 -0.169850 139 69 19
9.366357 18.661612 0.392751 34 139 34
9.438256 -14.681396 0.133231 34 139 34
20.235890 0.857373 0.063071 139 69 19
-9.769401 -11.635909 0.067026 139 69 19
-11.904636 -9.634285 -0.400009 34 139 34
22.923229 14.265424 0.213165 139 69 19
16.650764 0.436393 -0.468749 139 69 19
-10.189418 23.671226 0.201431 34 139 34
11.474383 -3.575423 -0.378895 34 139 34
19.151193 -19.262426 -0.083310 139 69 19
18.724218 -0.258418 -0.087182 34 139 34
-6.070003 12.050259 0.211532 34 139 34
7.424374 23.090884 -0.155610 34 139 34
0.938569 5.008667 0.742768 34 139 34
0.108972 10.433959 -0.324253 34 139 34
-24.898475 -8.477939 -0.397137 139 69 19
12.071690 0.180232 0.987317 34 139 34
1.259315 18.542632 -0.329035 34 139 34
-24.379658 -16.615858 0.188737 139 69 19
14.585602 23.726605 0.723618 139 69 19
-0.201874 17.712045 -0.113797 34 139 34
-4.586359 -7.416316 -0.817982 139 69 19
-8.123570 -7.747232 -0.029868 139 69 19
-1.759498 -20.262781 -0.315006 34 139 34
-13.905975 -15.605335 -0.015025 34 139 34
-2.366746 7.712818 -0.183442 139 69 19
-0.668018 15.664915 0.023889 139 69 19
9.882741 -4.169967 0.065623 34 139 34
-19.191690 11.202862 -0.233229 34 139 34
19.717496 -2.784132 0.327964 34 139 34
19.724212 5.222255 -0.225493 139 69 19
19.491083 1.466866 -0.296254 34 139 34
16.772312 7.895962 0.114850 34 139 34
-20.095245 23.836846 -0.742999 139 69 19
6.529763 -24.658780 0.645678 34 139 34
-14.916037 8.872265 0.618548 34 139 34
-13.682949 -22.321748 0.746418 34 139 34
22.328035 23.124334 0.694971 139 69 19
-2.675842 0.093711 -0.272883 139 69 19
11.151110 9.063836 0.243110 139 69 19
-24.849825 16.361102 0.730668 34 139 34
22.373780 6.878175 0.350791 139 69 19
-24.740684 18.615289 0.544199 139 69 19
-15.676248 4.280678 0.239912 139 69 19
-15.956532 10.787609 -0.323195 34 139 34
-18.059863 -6.281404 0.026175 34 139 34
11.085740 21.414312 0.015919 34 139 34
5.645620 18.080106 -0.257400 34 139 34
-2.025417 -10.339647 0.448797 34 139 34
-14.596401 -18.607890 -0.174335 139 69 19
-21.965600 2.084958 -0.142167 139 69 19
13.969492 7.478755 0.057363 34 139 34
-21.705246 12.719564 -0.289324 34 139 34
5.759847 -3.571602 -0.559775 139 69 19
-24.087654 13.218379 -0.214757 34 139 34
5.408700 11.324583 -0.161450 139 69 19
9.734187 11.788158 -0.795579 34 139 34
-3.112064 -2.437685 0.270583 139 69 19
24.809904 -16.664725 -0.218971 139 69 19
2.478377 -16.328755 0.377539 139 69 19
-15.595692 3.337857 -0.499761 34 139 34
1.280483 20.525625 0.113228 34 139 34
-13.792322 20.766765 -0.031363 139 69 19
5.284802 24.407375 -1.097167 34 139 34
-23.195521 -22.030619 -0.414852 34 139 34
-22.827944 -24.866575 1.258835 34 139 34
-17.171726 -3.084257 -0.955632 34 139 34
8.562588 10.115930 0.504252 139 69 19
-17.058667 -20.825007 -0.493157 139 69 19
3.413922 -17.623991 -0.741447 34 139 34
-9.859210 -24.796549 0.141173 34 139 34
-4.341639 8.177909 0.145546 139 69 19
22.779445 20.263633 0.162666 139 69 19
-0.389723 17.777411 0.028770 34 139 34
24.538400 -15.405949 0.323608 34 139 34
1.702728 -10.600263 0.125255 34 139 34
-24.271644 -14.090480 0.204999 139 69 19
24.328287 -1.124293 0.035822 139 69 19
-19.377967 -24.903592 -0.337515 34 139 34
17.308654 22.462043 -0.643806 34 139 34
-13.810034 -22.556551 0.224855 34 139 34
-9.088997 -10.210488 0.214330 34 139 34
-22.350320 2.329057 -0.088703 34 139 34
-2.135328 -11.134773 0.164103 139 69 19
-23.067541 -10.948289 -0.794321 34 139 34
-8.764576 5.834089 -0.398565 139 69 19
-18.193001 -20.256096 0.222969 139 69 19
-12.347100 12.050696 -0.261749 34 139 34
7.248957 1.542188 0.265020 34 139 34
5.691295 -5.400979 -0.848992 139 69 19
15.237134 -8.392793 -0.396255 139 69 19
23.991595 -4.413310 -0.704906 34 139 34
2.699149 -13.552741 0.317577 34 139 34
21.518063 6.057308 0.633076 139 69 19
-17.347326 -22.917569 0.436721 34 139 34
13.303671 -12.390473 0.237479 139 69 19
-8.659129 -19.685569 0.613191 139 69 19
-16.770802 10.578690 -0.583472 34 139 34
-2.046840 4.990710 -0.060889 139 69 19
7.363429 -11.640190 -0.153248 34 139 34
-6.464352 13.542327 0.307535 139 69 19
9.485335 -5.164323 -0.486524 139 69 19
5.458205 9.718106 0.344969 139 69 19
14.638556 17.162734 -0.259220 139 69 19
10.340886 4.572199 0.126886 34 139 34
-23.714386 -11.768298 -0.179006 34 139 34
23.903392 19.330995 0.005201 139 69 19
7.433880 12.772536 -0.157797 34 139 34
10.967813 -20.752746 -0.021599 139 69 19
-11.595075 -15.490111 0.942056 34 139 34
-0.808133 18.896260 -0.044513 34 139 34
-13.496811 21.489850 -1.376015 139 69 19
18.761041 2.487174 0.484474 139 69 19
7.277921 -16.625618 -0.277032 34 139 34
12.405999 -13.852274 -1.526024 34 139 34
24.154292 -12.593609 0.197762 34 139 34
-12.724280 3.623353 0.485971 139 69 19
15.776493 -1.060651 0.094431 139 69 19
1.847349 20.572419 -0.451887 139 69 19
19.424174 -23.551889 0.059720 34 139 34
20.472614 17.964429 -0.417639 139 69 19
-23.271098 22.704885 -0.355135 139 69 19
5.151767 -10.568100 -0.962648 139 69 19
-23.975949 18.369128 -0.075118 34 139 34
23.901017 15.111452 0.307031 139 69 19
24.821663 24.655528 0.432082 139 69 19
-17.623278 -16.786924 0.649252 139 69 19
8.518453 -3.695848 0.446518 34 139 34
13.529931 1.310387 -0.456370 34 139 34
-16.397940 -6.772679 -0.257560 139 69 19
-24.023452 23.467597 0.222988 34 139 34
-9.314157 -7.332755 -1.122764 139 69 19
-10.974889 10.661595 -0.113925 34 139 34
-18.080353 6.558447 -0.324724 139 69 19
-21.217706 12.332469 -0.441594 139 69 19
-4.571366 -19.595758 0.291402 139 69 19
-14.846755 2.935481 -0.778105 139 69 19
-11.896704 20.246854 0.226340 34 139 34
22.658623 19.341748 0.073907 34 139 34
1.958036 -7.355015 0.371871 139 69 19
18.481861 0.807370 0.043927 34 139 34
0.389559 0.610624 0.432635 34 139 34
-16.263741 1.411502 -0.341860 139 69 19
23.809563 -15.578863 -0.012782 139 69 19
11.542486 -7.703330 0.334679 34 139 34
15.955695 5.581946 0.093005 34 139 34
-1.066014 -14.890583 1.347339 34 139 34
-4.178182 -16.562948 -0.108060 34 139 34
22.527437 1.945632 -0.630162 139 69 19
8.360802 -19.263856 -0.001830 34 139 34
-4.793004 9.150244 -0.063675 139 69 19
13.982560 11.126363 -0.131903 34 139 34
2.398457 3.217269 0.110476 139 69 19
-5.320145 11.472737 -0.371115 34 139 34
-17.048938 11.063424 0.179912 139 69 19
-19.430689 -19.968257 0.151000 139 69 19
17.373026 -6.211215 0.116421 139 69 19
8.809763 -1.336235 0.763752 139 69 19
-3.640411 -6.257233 0.272235 139 69 19
-0.206135 -19.007013 -0.216780 139 69 19
-21.748850 -8.986922 0.046970 139 69 19
7.049297 3.765563 0.070535 139 69 19
11.674545 -8.843775 0.417868 139 69 19
-6.426811 13.666607 -0.151343 139 69 19
16.250763 -20.918951 -0.483810 139 69 19
-4.955002 -8.179461 -0.886311 34 139 34
1.170935 -17.801105 0.298610 34 139 34
2.138227 0.948566 -0.156165 139 69 19
13.168727 2.343395 1.058302 34 139 34
-14.679882 -10.873243 0.299156 139 69 19
12.343980 11.154199 -0.115030 139 69 19
21.389742 -7.575597 0.429542 34 139 34
14.055862 19.792180 -0.619785 34 139 34
-10.458838 9.046422 0.681268 139 69 19
-14.618642 13.222258 0.367859 139 69 19
-11.652862 -19.513421 0.462888 34 139 34
-5.985471 -2.630738 -0.131673 34 139 34
17.049157 2.176571 -0.190809 139 69 19
-20.922884 -20.112094 0.028708 34 139 34
-13.488586 11.580735 0.842478 34 139 34
-0.447166 -3.843616 0.017164 139 69 19
20.330850 6.966781 0.470492 34 139 34
-19.172465 2.548737 0.258186 34 139 34
18.526568 -0.149851 0.391091 139 69 19
-8.902447 15.774037 -0.452059 34 139 34
2.400158 10.419976 0.008808 139 69 19
-12.646398 -3.196233 -0.841521 139 69 19
-11.865549 12.982652 0.978999 139 69 19
-10.134771 -22.260057 -0.154152 34 139 34
6.143726 -9.275661 0.190391 139 69 19
22.421515 -7.556751 0.537046 139 69 19
20.949702 8.859914 0.686960 34 139 34
7.014973 -0.745079 -0.266661 34 139 34
-12.981665 21.655997 -0.246437 34 139 34
-18.356143 -15.433184 -0.621078 34 139 34
-15.651920 -5.813577 0.128524 34 139 34
-4.250364 -24.951091 -0.294932 34 139 34
-20.060171 18.740451 -0.077909 34 139 34
21.662661 -3.347453 0.039971 34 139 34
4.070950 -19.925412 0.238592 34 139 34
4.007292 -15.571698 -0.322768 139 69 19
13.293618 -13.178604 -0.348703 139 69 19
-12.718288 22.072509 0.378420 139 69 19
-18.744871 -0.643089 0.337599 139 69 19
10.815808 22.085144 0.230605 139 69 19
-24.024736 12.768094 -0.306590 34 139 34
21.998241 11.861234 0.087965 139 69 19
1.983385 13.331177 -0.029058 34 139 34
-23.282574 24.842331 -0.628699 139 69 19
16.589453 24.012298 -0.506667 34 139 34
17.564206 -17.859229 0.129442 34 139 34
-15.094332 -6.255102 -0.525523 34 139 34
-3.491992 4.183127 -0.208220 34 139 34
-20.678777 -14.305512 0.176165 34 139 34
14.639726 12.901708 -0.367463 34 139 34
5.798668 -5.184457 -0.296300 34 139 34
18.526524 -16.994226 -0.891899 34 139 34
14.252130 -0.074074 0.167740 34 139 34
10.364425 19.860470 -0.457814 34 139 34
11.111968 -19.130591 -0.510651 139 69 19
-3.733850 18.419270 0.201206 34 139 34
-6.063602 23.901330 0.357970 139 69 19
9.078700 17.324788 -0.251841 139 69 19
-0.523398 1.611524 0.395856 34 139 34
-20.341048 9.982642 1.472593 139 69 19
-10.364623 24.014018 0.438571 34 139 34
-14.536582 12.928219 0.134924 34 139 34
4.052473 -2.277314 0.040877 34 139 34
-10.886083 -5.622350 -1.618716 34 139 34
20.833408 10.251184 -0.814027 139 69 19
19.421280 2.902575 0.106648 139 69 19
23.448891 -8.278755 -0.045850 139 69 19
-5.832918 3.285083 -0.226472 34 139 34
-1.074026 -12.081197 0.104240 34 139 34
9.657702 -2.439058 -0.776085 139 69 19
-14.532409 18.907192 -0.419692 139 69 19
15.522918 1.197716 -0.228830 34 139 34
-2.373794 -20.906906 -0.469480 34 139 34
-3.957697 17.688119 -0.554951 139 69 19
-9.586279 19.374323 0.559698 34 139 34
15.214932 24.110111 0.356427 139 69 19
16.327692 15.535049 1.215147 34 139 34
-7.095219 -7.358810 0.166147 34 139 34
-11.317094 10.178747 0.543046 34 139 34
15.253404 -6.292619 1.294980 34 139 34
4.375682 -9.226475 -1.115373 139 69 19
5.516221 0.660653 0.861732 139 69 19
18.509549 0.473092 -0.286668 139 69 19
13.470754 -22.996699 0.084630 34 139 34
11.313227 19.811598 -0.223255 139 69 19
-6.518682 -5.334894 -0.605841 139 69 19
16.777066 -9.681352 0.593214 34 139 34
-6.342224 20.747628 -0.227944 34 139 34
-16.776641 6.545102 -0.144383 34 139 34
2.036154 -7.799781 -0.309895 139 69 19
6.971882 2.508226 1.039763 34 139 34
-11.218513 -20.159468 -0.449221 139 69 19
-0.628567 -7.033348 -0.009062 34 139 34
-7.157280 16.795907 -0.113689 34 139 34
-0.121507 21.511491 -0.259927 139 69 19
19.640495 9.386510 0.030169 34 139 34
-4.380299 5.623900 -0.017261 34 139 34
3.745644 14.039687 0.071162 139 69 19
7.842919 12.968322 -0.261629 34 139 34
-4.074939 -9.700396 0.377590 139 69 19
-12.311728 22.775057 0.111317 139 69 19
-9.998974 2.369780 0.571770 34 139 34
-6.510094 -2.610742 0.521677 34 139 34
-16.129839 12.603811 0.306273 34 139 34
1.724447 -4.470231 -0.140911 139 69 19
-3.528014 -19.669075 -0.457984 139 69 19
-7.866477 -0.950758 0.337569 34 139 34
-20.883990 22.710300 -0.549921 139 69 19
-8.464242 6.389356 -0.391315 34 139 34
0.419162 17.115613 -0.158645 139 69 19
6.702487 -0.158870 -0.409730 34 139 34
-16.777050 -14.563226 -0.350096 34 139 34
1.074949 -19.991010 0.132240 139 69 19
-3.851432 8.050164 0.660114 139 69 19
-2.158587 -21.765742 -0.457266 139 69 19
-17.595610 3.114703 0.020538 34 139 34
-2.494874 0.843711 -0.266561 139 69 19
18.178587 -13.999112 -0.071417 34 139 34
-2.613661 -10.927124 0.492251 139 69 19
24.374800 -0.814220 0.332401 34 139 34
-13.794780 20.947078 0.677279 34 139 34
-19.645581 13.840875 0.133467 34 139 34
21.778442 -17.798319 -0.943618 139 69 19
17.508640 21.815465 -0.522693 34 139 34
17.525292 -10.780606 -0.548428 139 69 19
-18.313150 23.245398 0.592645 34 139 34
19.857427 -19.911770 0.405322 34 139 34
-21.691649 9.670895 -0.903409 139 69 19
-18.778724 13.862038 0.481828 139 69 19
13.231747 -6.072409 -0.346945 139 69 19
8.760295 10.618102 -0.587902 139 69 19
13.926462 -19.898707 0.116296 139 69 19
0.886811 9.030091 -0.261457 139 69 19
-12.404862 19.940149 -0.464426 139 69 19
3.155133 -11.318855 0.350017 139 69 19
-23.994195 1.859923 -0.773865 34 139 34
7.713762 6.865489 -0.404250 34 139 34
21.921100 -0.484230 -0.242330 139 69 19
16.623212 16.154452 0.276758 34 139 34
1.545157 15.750233 0.560265 34 139 34
-15.695962 -22.401356 -0.420599 139 69 19
-22.282984 -23.878804 0.752167 34 139 34
17.553418 19.818507 1.000400 139 69 19
22.690589 -4.848004 0.065228 34 139 34
1.888239 9.610088 0.800174 139 69 19
23.290242 6.606962 0.408382 139 69 19
-23.964823 -5.664071 -0.029378 139 69 19
24.187791 13.877951 -0.856643 139 69 19
19.645123 -2.000367 -0.102636 139 69 19
6.529359 3.929096 -0.202180 34 139 34
-1.749798 13.318217 -0.217679 34 139 34
-19.988189 1.111549 0.679311 139 69 19
12.160891 -20.857740 -0.871614 139 69 19
-12.681981 -2.811531 -1.244872 34 139 34
10.919124 14.493477 -0.245309 34 139 34
-6.854953 11.798572 -0.877761 139 69 19
-2.128144 -24.763103 -0.398071 139 69 19
8.593243 24.050482 0.361941 34 139 34
20.154240 -2.972246 -0.263178 139 69 19
11.766245 -10.444960 0.281797 34 139 34
24.546159 -22.427803 0.425957 34 139 34
8.986707 -6.281293 -0.977262 139 69 19
24.766274 -14.345104 0.239065 34 139 34
-18.820896 3.424690 0.320736 139 69 19
-2.636500 4.203292 -0.049551 34 139 34
13.307172 7.118251 -0.304942 34 139 34
-4.657882 23.997555 -0.673135 139 69 19
1.852219 -22.760427 0.300364 34 139 34
-8.602134 8.106255 -0.006891 139 69 19
16.814388 5.485291 0.955331 139 69 19
-2.106573 -16.531344 0.321677 139 69 19
9.674962 20.997607 -0.484587 34 139 34
-4.518444 -20.143397 0.085310 139 69 19
16.129398 8.574413 0.193344 34 139 34
7.225421 13.163354 0.394447 34 139 34
7.901634 -0.680640 -0.261362 139 69 19
-6.734669 -14.510250 0.394771 139 69 19
7.499321 9.011922 0.447343 139 69 19
-24.914395 -14.088756 -0.298161 34 139 34
12.813436 13.068965 0.092000 34 139 34
7.517713 10.035040 -0.275150 34 139 34
-4.173442 20.815579 -0.484641 139 69 19
-18.610662 -13.874521 0.990547 34 139 34
16.513831 -13.989877 -0.084005 139 69 19
4.881580 -18.602755 -0.075436 34 139 34
23.279941 -23.969673 -0.079705 139 69 19
22.003844 4.917666 -0.045218 34 139 34
3.138027 -23.926412 0.661868 34 139 34
9.224410 18.229834 0.095265 34 139 34
-6.515358 -12.168979 -0.050635 34 139 34
-4.146515 -9.784552 0.349788 139 69 19
-18.241809 16.623670 -0.405955 139 69 19
18.613302 -1.447130 0.383887 34 139 34
-6.103475 -8.479312 0.124913 139 69 19
21.253330 -19.147672 0.636386 34 139 34
-7.670990 -9.371796 -0.036414 34 139 34
7.105570 24.475807 -0.696899 34 139 34
23.406715 -22.755499 0.140308 34 139 34
-8.931944 6.442348 -0.231777 139 69 19
-0.897263 20.685493 0.134544 139 69 19
18.679109 12.123207 -0.083810 34 139 34
2.510638 -5.942591 0.019680 34 139 34
20.217219 21.840953 0.234325 34 139 34
10.440578 -22.506898 0.333650 34 139 34
24.969087 -20.446548 0.138268 34 139 34
-20.448163 -0.125327 0.118684 139 69 19
-22.138205 19.089781 0.229143 34 139 34
8.046299 23.108142 1.142630 139 69 19
-9.233390 -18.377976 0.429408 34 139 34
21.959886 4.167271 -0.669205 34 139 34
5.035628 -1.711435 0.672598 34 139 34
8.175684 -19.752975 0.438953 34 139 34
-21.597123 -6.352321 0.400690 34 139 34
13.930285 11.333590 -0.428263 139 69 19
-20.248031 -22.931358 -0.061850 139 69 19
19.564060 -4.162311 -0.006644 139 69 19
-13.958892 -23.209282 -1.185858 34 139 34
-1.273489 16.504634 -0.543920 139 69 19
16.488717 10.585182 -0.041037 34 139 34
11.551915 -6.061169 0.786945 139 69 19
16.787424 -16.750977 -0.001281 34 139 34
-14.866128 -6.641079 -0.843055 34 139 34
-17.249163 8.494569 -0.175152 34 139 34
-8.624991 -13.229408 -0.610841 139 69 19
-14.916312 -20.891756 -0.310583 139 69 19
0.132962 -6.749361 -0.445952 139 69 19
-1.507953 18.163868 -1.522163 139 69 19
-7.495620 8.833474 0.165714 34 139 34
-24.099001 -10.901530 0.079009 139 69 19
11.599619 2.354073 0.058152 139 69 19
4.100860 -15.851990 -0.213505 34 139 34
10.229791 -8.543582 -0.939581 139 69 19
-7.388687 -9.397848 0.551299 34 139 34
3.617864 8.013535 0.827097 34 139 34
7.811618 -18.392419 0.023899 139 69 19
17.033538 3.374718 0.374149 34 139 34
-2.601211 -14.502348 -0.021008 34 139 34
-6.442766 7.919972 -0.072106 139 69 19
17.992523 17.950634 -0.469350 139 69 19
20.253122 -20.867094 0.499462 34 139 34
-4.796220 -4.240845 1.408408 139 69 19
6.302879 9.585312 -0.097965 139 69 19
1.621297 -20.192065 0.178536 34 139 34
-19.207394 -10.010384 0.458664 139 69 19
13.163017 4.341183 0.187191 34 139 34
5.084701 -11.758452 0.180615 139 69 19
-22.479116 1.179036 0.300574 34 139 34
-2.743043 -20.785565 -0.481675 139 69 19
18.291118 1.606503 -0.660489 139 69 19
-12.260034 14.837303 -0.014806 34 139 34
20.138842 -16.049801 -1.141021 34 139 34
8.102933 -22.182435 -0.150913 139 69 19
-7.914413 -24.617944 0.204936 139 69 19
-6.104005 -11.766788 -0.755259 139 69 19
-6.718663 21.652272 0.271565 34 139 34
3.204934 -0.425326 -0.455331 139 69 19
-18.862328 -8.178916 0.550047 139 69 19
-9.544299 -3.600106 0.483863 34 139 34
-9.525101 -6.941252 -0.037586 139 69 19
0.621173 10.353553 0.255595 139 69 19
-1.802168 7.182720 -0.523207 34 139 34
18.873063 7.562086 0.473986 139 69 19
-16.649407 12.361185 -0.087326 139 69 19
-16.461346 19.344616 0.190256 139 69 19
20.093186 -24.942256 -0.290804 34 139 34
18.893202 4.944324 0.564344 139 69 19
2.437699 -18.736322 -0.461633 34 139 34
-2.865366 -8.330112 0.184697 34 139 34
16.236953 -9.126063 -0.462420 34 139 34
-20.576853 -18.408620 -0.168424 139 69 19
1.658233 2.758146 -0.551824 34 139 34
11.503159 -13.849135 0.368432 139 69 19
11.206849 -0.014890 0.170444 34 139 34
17.444059 -14.345389 0.351583 139 69 19
11.930317 -15.898970 -0.473103 34 139 34
13.988350 8.528716 0.577041 139 69 19
-16.700760 -10.171113 -0.089029 34 139 34
14.753767 -15.903074 0.462295 139 69 19
12.981521 -2.225176 0.110278 34 139 34
20.405568 -4.547059 0.058329 139 69 19
-14.324004 -18.288875 -0.880913 34 139 34
8.182555 13.312940 0.447193 139 69 19
-10.382604 -3.760190 0.325235 34 139 34
24.656338 14.993111 -0.253184 139 69 19
-24.433464 7.270192 0.155382 139 69 19
-5.490081 19.130755 -0.648869 34 139 34
-6.481973 -20.650048 -0.030703 139 69 19
22.966673 15.058570 -0.991067 34 139 34
16.211958 9.131273 -0.478332 139 69 19
22.256134 6.700470 0.080922 139 69 19
14.987023 -4.025545 -0.416269 139 69 19
19.704190 14.997422 -0.003995 139 69 19
-0.332002 4.048212 0.498139 139 69 19
-23.537748 8.285235 0.050266 139 69 19
21.300779 -5.556075 -0.423693 34 139 34
2.933346 23.302377 0.913137 139 69 19
6.175288 -0.717454 -0.146120 34 139 34
-24.317816 -22.429315 0.100318 34 139 34
-23.963496 -20.149160 0.066781 139 69 19
-6.523769 4.898907 -0.017529 34 139 34
-7.299778 11.007294 0.302699 139 69 19
13.825403 -14.270679 -0.039452 139 69 19
-8.805489 -19.320335 -0.700901 139 69 19
-2.768218 -8.833474 -0.608056 139 69 19
8.543343 -15.738553 0.242016 139 69 19
18.368458 11.462967 0.220162 139 69 19
0.699867 9.063365 0.427950 34 139 34
-11.501684 -18.362370 0.230265 34 139 34
-2.371460 6.720641 -0.179894 139 69 19
24.965297 -18.773703 -0.638779 139 69 19
-0.988693 17.118999 -0.674717 139 69 19
-18.198727 -8.870779 -0.837365 139 69 19
3.044280 24.871324 -0.519946 34 139 34
3.121533 -22.789102 0.427036 34 139 34
-8.152056 -12.863905 0.417389 139 69 19
-0.824983 24.750872 0.136093 139 69 19
-17.589556 -19.282182 0.814101 139 69 19
-17.981150 3.716176 -0.269293 139 69 19
-18.539951 -17.043148 0.374037 34 139 34
-15.335934 13.953218 0.731614 34 139 34
8.914169 -0.786263 0.330964 139 69 19
0.476670 -9.528584 0.216102 34 139 34
23.582194 17.105652 -0.071422 34 139 34
3.841012 -13.665363 -0.578439 34 139 34
19.386706 -1.786794 -0.285331 34 139 34
-4.456554 -18.700567 -0.262651 34 139 34
-13.339574 8.796627 -0.144181 34 139 34
10.964143 -7.725863 -1.354444 139 69 19
-8.348194 -19.734214 0.234207 34 139 34
-14.722513 3.441153 -1.314220 34 139 34
-7.694687 2.003765 -0.628426 34 139 34
-4.569794 0.711202 0.841002 34 139 34
-4.360875 21.557193 0.285573 34 139 34
11.044603 -0.453211 -0.640314 139 69 19
-11.826816 10.102303 0.524178 139 69 19
-19.566197 5.312819 -0.321103 34 139 34
7.003424 22.184702 0.857333 139 69 19
18.571241 18.678246 0.387652 139 69 19
-7.268766 -22.136422 -0.512151 34 139 34
-19.046757 21.579217 -0.093350 34 139 34
-4.768100 3.246318 -0.663805 34 139 34
-0.125933 -8.643212 0.127868 139 69 19
-3.357889 -14.112438 1.034718 139 69 19
9.000981 -21.511437 0.791349 34 139 34
-7.094652 7.661987 0.143824 139 69 19
-15.799219 -20.527539 1.043113 34 139 34
19.936402 -4.283971 -0.490098 34 139 34
11.256970 13.794634 -0.394477 34 139 34
-12.851100 -3.333835 0.275759 34 139 34
8.740355 -1.810409 0.252613 139 69 19
2.049669 1.043299 -0.290504 34 139 34
1.196106 14.353939 -0.737532 34 139 34
-0.352321 -18.060981 -0.253396 139 69 19
-11.323818 -4.081193 -0.534866 139 69 19
15.284745 -15.326088 0.383224 139 69 19
9.234296 -13.201638 -0.260557 139 69 19
4.168890 -22.249460 0.413926 139 69 19
24.899788 -21.091010 -0.516239 34 139 34
-17.349919 -14.044083 0.344067 139 69 19
-9.229102 -16.610419 0.914873 34 139 34
12.495862 -0.961240 0.106005 34 139 34
10.703731 -17.803000 -0.013733 34 139 34
-5.860879 11.732241 -0.133947 139 69 19
-16.546328 -3.317066 -0.900663 34 139 34
-14.591933 19.182794 -0.013700 139 69 19
-17.034090 -2.298554 0.012917 139 69 19
-7.248411 8.736668 -1.116884 34 139 34
-10.402303 -23.242063 0.097174 139 69 19
-22.150393 -24.578228 -0.116460 139 69 19
11.259726 -23.744331 -0.003312 139 69 19
-17.604672 -10.383812 -0.481456 139 69 19
24.503415 8.530809 0.144552 34 139 34
17.607258 -18.033854 0.119025 34 139 34
-4.080329 -15.332612 -0.558707 34 139 34
20.489083 16.120430 -0.148769 34 139 34
-6.671112 -20.638634 -0.674180 139 69 19
10.265149 16.532511 0.253012 139 69 19
-13.279735 17.896462 -0.071091 139 69 19
1.774183 -1.719803 0.809227 139 69 19
9.658516 -13.800560 -0.636830 139 69 19
0.013628 -6.082320 0.292483 34 139 34
-24.380980 -15.347495 0.195532 139 69 19
-2.825381 15.486544 -0.090546 34 139 34
4.139729 19.728827 0.250341 139 69 19
-15.547991 -20.547085 -0.452850 139 69 19
6.683341 -9.051295 -0.585911 34 139 34
20.259638 1.973002 -0.406084 139 69 19
-6.017331 21.242141 0.208296 34 139 34
21.946104 22.813963 0.109992 139 69 19
7.127494 -21.896930 0.264539 139 69 19
24.002571 -20.131310 0.409498 34 139 34
-5.262557 -4.128368 -0.614210 139 69 19
9.146815 -15.476928 0.984743 34 139 34
23.590934 5.355482 1.416679 139 69 19
14.567998 10.402560 -0.651516 34 139 34
-5.905867 6.380192 -0.628438 139 69 19
21.077387 -24.315794 -0.226936 34 139 34
-22.529109 -19.146420 -0.443573 139 69 19
20.615638 2.999696 0.175396 34 139 34
-11.309852 -10.831216 0.356171 139 69 19
-17.782003 17.456591 0.071896 34 139 34
21.522494 14.808872 0.288774 34 139 34
4.819408 4.922868 0.069441 34 139 34
1.384206 -19.849604 -0.356349 34 139 34
-23.910017 -23.480354 -0.699566 34 139 34
-23.718706 -9.278622 -0.075804 34 139 34
21.058881 -14.763909 0.986809 139 69 19
10.122228 20.446668 -0.303604 139 69 19
7.226689 5.683354 0.060273 139 69 19
10.601877 -15.624818 0.432827 34 139 34
18.056383 13.880916 -0.247576 139 69 19
17.334288 6.244019 0.402611 139 69 19
-11.871828 -14.660082 0.142750 139 69 19
-20.076410 2.923021 -0.064188 139 69 19
-12.333533 -19.471798 0.384337 34 139 34
9.079817 -14.327538 0.146434 34 139 34
6.250310 -16.931048 -0.434117 139 69 19
-7.862599 -6.630552 0.156965 34 139 34
7.533637 -8.750384 0.482266 139 69 19
13.208485 -7.495943 -0.095087 34 139 34
-6.258773 5.033352 -1.386542 34 139 34
-14.671918 1.391389 0.275786 34 139 34
23.659429 6.989261 0.168322 139 69 19
-6.949990 10.648256 -1.618902 139 69 19
-3.765200 7.918400 0.083398 34 139 34
22.677395 -21.730740 -0.563393 139 69 19
11.857760 17.585335 0.582862 139 69 19
13.521879 5.988223 0.006003 34 139 34
-9.079771 -15.911489 -0.132015 139 69 19
-18.675184 5.329806 0.863208 34 139 34
-13.863029 -5.959486 -0.007657 34 139 34
-5.937502 -8.266562 0.347950 139 69 19
7.690959 1.710308 -0.136456 139 69 19
2.283914 -19.545079 -0.295976 34 139 34
12.775072 -24.590426 -0.581301 34 139 34
24.726103 0.119800 0.737780 34 139 34
16.201045 -16.911682 0.173731 34 139 34
-6.335215 -0.149470 -0.641505 139 69 19
-13.302417 -15.075205 -0.134562 34 139 34
7.399907 4.890473 -0.173429 139 69 19
5.415915 21.278021 -0.659736 34 139 34
5.966664 -23.792594 0.976412 139 69 19
7.327266 16.935317 -1.443508 34 139 34
10.308371 18.999267 0.176615 34 139 34
0.310656 -4.560196 0.039593 34 139 34
-8.404571 -5.136847 0.784413 34 139 34
-13.369299 9.801981 -0.122337 139 69 19
3.404201 23.198067 0.493994 34 139 34
13.584434 21.984046 -0.130860 139 69 19
-5.612323 -20.740765 0.362717 139 69 19
-9.554524 24.480451 -0.594922 139 69 19
-11.821560 0.093055 0.657022 34 139 34
-3.402546 -7.559330 0.150235 139 69 19
14.909406 5.726497 -0.267561 139 69 19
-14.324131 19.643918 -0.150005 139 69 19
8.452197 -16.654930 0.226664 34 139 34
-9.069691 2.134029 0.264996 139 69 19
7.321032 -20.265006 0.037214 139 69 19
15.123638 4.008590 0.203738 34 139 34
17.988446 -14.564417 0.331072 139 69 19
16.917552 -20.567052 -0.314385 34 139 34
-23.192873 -22.131686 0.088825 139 69 19
-6.395521 -20.846783 0.580154 34 139 34
3.952114 -16.131962 -0.031144 34 139 34
7.711893 11.139848 -0.248951 139 69 19
-5.311220 2.383243 0.336846 34 139 34
-6.962455 -8.799217 0.044330 139 69 19
-24.606617 22.138095 -0.007699 34 139 34
6.913006 -1.600411 -0.473851 139 69 19
3.255233 -7.711614 0.063633 34 139 34
22.612247 14.099035 0.072975 139 69 19
-16.317208 23.206291 0.872870 34 139 34
-16.621139 -7.071592 -0.269717 34 139 34
-11.117206 5.535751 0.530492 139 69 19
-16.172529 -15.242649 -0.503474 139 69 19
17.482119 -15.569993 0.257439 139 69 19
-2.471087 7.095168 0.503409 139 69 19
19.842050 16.446297 -0.928276 34 139 34
-14.508010 22.453758 0.159331 139 69 19
5.069911 -22.743960 -0.316508 34 139 34
-24.059423 22.173544 0.300584 139 69 19
-1.068252 -21.798524 0.481977 34 139 34
-14.147835 11.163767 0.270757 34 139 34
-18.716843 16.802837 -0.585288 34 139 34
16.798002 -10.458686 -0.027582 34 139 34
-20.904052 10.193284 -0.190082 34 139 34
-15.104085 -10.876844 -0.080164 34 139 34
17.272941 -7.045746 0.006820 34 139 34
-8.843759 21.075814 0.377312 139 69 19
0.669584 4.021413 0.779066 34 139 34
24.412355 22.009414 0.233212 34 139 34
-0.103479 3.554052 0.228662 34 139 34
-12.025328 11.950936 0.900090 34 139 34
1.429166 -16.241883 0.464152 34 139 34
17.620061 -4.189086 0.575101 34 139 34
23.108777 24.840554 0.227305 139 69 19
-5.397815 -18.467628 -0.527688 139 69 19
8.081453 -0.437504 -0.456393 139 69 19
7.239576 12.221333 0.720857 34 139 34
18.752079 -8.414487 -0.101351 34 139 34
19.762220 -21.525453 -0.208301 34 139 34
22.062240 -18.058760 0.132222 139 69 19
-7.766204 -18.903494 -0.261225 34 139 34
-24.667165 21.788429 -0.193603 139 69 19
-9.801507 -11.311683 0.850038 139 69 19
6.234636 19.180801 0.308722 139 69 19
-24.513622 5.022639 0.652790 139 69 19
10.317818 11.767445 -0.226764 139 69 19
-18.393582 8.732216 -0.059079 139 69 19
-3.206610 -4.884299 0.388770 34 139 34
-20.098916 19.592966 -0.128577 34 139 34
-8.104759 -17.475734 0.554316 34 139 34
-17.812363 11.559018 0.070582 34 139 34
20.982454 7.994622 -0.710230 139 69 19
-19.191221 -4.076379 -0.414325 139 69 19
14.587321 -14.158794 -0.228560 34 139 34
-17.447970 -14.778818 -0.023213 139 69 19
1.547051 1.349218 -0.479287 139 69 19
-10.715970 16.571876 -0.015451 139 69 19
-12.313626 18.626831 -0.645337 34 139 34
16.138040 21.839529 0.462224 139 69 19
-0.454438 -15.672032 -0.325643 34 139 34
20.083431 11.981753 0.427728 139 69 19
1.624791 -12.344432 -0.599558 34 139 34
-16.221183 -18.603182 0.172428 139 69 19
12.233290 -20.560568 -0.109237 34 139 34
-12.234034 -14.743242 -0.680729 139 69 19
0.926861 -2.076186 0.107314 139 69 19
-14.567878 -2.141124 -0.627304 139 69 19
-4.383735 -16.792086 -0.233648 34 139 34
17.324276 7.565550 1.047972 34 139 34
-18.960111 -11.505570 0.883974 34 139 34
-13.086926 6.212806 -0.704719 139 69 19
-14.826329 10.786084 0.156167 34 139 34
8.936524 -0.123760 -0.083548 34 139 34
15.709438 -4.115594 -0.414624 139 69 19
3.403379 5.206940 -1.153973 34 139 34
21.600920 -23.110944 -0.508536 34 139 34
-3.883451 21.495385 -0.550367 34 139 34
20.335277 -3.231964 0.137492 139 69 19
-2.015131 -15.629586 -0.908008 139 69 19
-3.212571 8.746328 0.434796 139 69 19
-8.815921 -12.847607 -0.043693 34 139 34
0.698573 4.942848 0.180750 34 139 34
18.614423 14.526294 0.462553 34 139 34
-19.550070 5.332767 0.073175 139 69 19
22.710807 24.218967 -0.752598 34 139 34
15.098811 23.069312 -0.068544 139 69 19
-24.684678 -10.406359 0.491424 34 139 34
-18.386588 2.724221 -0.190556 139 69 19
-3.203782 0.716160 0.265043 139 69 19
-24.374405 18.144968 -0.298199 139 69 19
-13.114278 -18.333182 0.381200 34 139 34
-16.239652 -2.687513 -0.388850 34 139 34
1.453007 22.101428 -0.251589 139 69 19
-18.438833 -3.212728 -0.449373 34 139 34
-14.204091 23.615182 -0.440158 139 69 19
19.740378 -16.135479 0.186805 34 139 34
-0.736397 -18.573481 -0.070110 139 69 19
5.808070 -0.800650 -0.538420 139 69 19
9.619124 17.120905 0.390427 139 69 19
-24.249755 20.997730 0.605646 34 139 34
-13.498190 -20.961883 -0.148824 139 69 19
9.826886 24.733115 0.108827 139 69 19
-19.133440 2.042218 -0.918217 139 69 19
-1.074338 9.886134 0.535592 139 69 19
-9.362292 -13.558334 -0.083514 139 69 19
-10.855012 3.493870 -0.420418 139 69 19
-22.450967 5.466599 -0.283628 34 139 34
17.148595 -19.653453 -0.170102 139 69 19
-18.940180 -21.197393 -0.879323 139 69 19
18.883969 4.896481 -0.282132 34 139 34
-15.940046 -15.480990 -1.117281 34 139 34
10.865901 -14.111535 -0.635051 34 139 34
2.334328 -6.847736 -0.451172 34 139 34
-4.056615 -23.228344 0.771419 34 139 34
-14.586201 16.142856 -0.037419 139 69 19
-2.005145 12.710712 0.031240 34 139 34
5.638651 20.643589 -0.497770 139 69 19
-2.381196 23.425578 0.934980 139 69 19
-2.877606 -12.198497 0.856925 139 69 19
20.708120 -15.653871 0.448981 34 139 34
-3.075388 -0.943228 0.506333 34 139 34
-15.476560 8.331332 -0.497660 139 69 19
-23.932738 -6.015690 0.483778 34 139 34
-0.940269 -8.531701 -0.191120 34 139 34
24.539737 -5.582759 0.429278 34 139 34
8.376410 6.961534 -0.491824 139 69 19
-19.314567 -15.057877 0.325133 34 139 34
-9.440272 -11.716466 0.396155 139 69 19
-9.388075 -15.654555 -0.231176 139 69 19
23.062794 18.625537 -0.016314 139 69 19
2.199440 -24.507941 0.235279 34 139 34
-8.511730 -5.140366 -0.655718 139 69 19
-20.460321 7.609716 -0.151707 139 69 19
-8.001334 22.746334 -0.654814 34 139 34
21.066319 -18.541352 -0.360193 34 139 34
14.970619 0.490752 0.456044 139 69 19
20.174573 -12.830247 0.138221 34 139 34
16.697961 -18.722739 -0.141487 139 69 19
-22.558283 14.088903 -0.850620 139 69 19
23.705498 17.054022 -0.118243 139 69 19
7.470575 12.210755 -0.658904 139 69 19
17.615648 4.152610 -0.100050 139 69 19
-13.632527 20.942618 -0.144761 34 139 34
-9.212772 -3.154243 0.016242 34 139 34
4.399715 -7.450443 -0.724685 34 139 34
-1.916617 8.447960 0.394521 139 69 19
9.395419 23.571016 0.335613 139 69 19
-24.284808 -3.615330 -0.027723 139 69 19
-20.468707 12.443199 0.232329 34 139 34
-24.910308 9.414538 0.112400 139 69 19
-1.947838 14.057649 -0.052622 34 139 34
6.729773 -6.966814 -0.127585 34 139 34
-16.966527 4.881182 0.122691 34 139 34
16.211642 -12.785607 -0.276244 139 69 19
16.904995 19.848276 0.713801 139 69 19
16.311929 19.618619 0.885621 34 139 34
-5.558964 18.741274 0.315869 139 69 19
-4.145656 -3.377054 -0.044109 139 69 19
16.847682 6.210382 -0.440204 34 139 34
11.740562 20.795648 -0.076872 139 69 19
2.286880 1.100694 0.669647 139 69 19
2.968623 -3.816763 -0.397636 139 69 19
-14.242331 -22.064551 0.358320 34 139 34
14.820289 13.086595 0.480547 139 69 19
-0.096100 7.243243 0.360172 34 139 34
-19.513948 -22.357692 0.001957 34 139 34
-3.976070 18.771192 0.450375 139 69 19
-18.674878 20.402248 -0.984596 34 139 34
13.741914 -1.889821 0.242127 34 139 34
-21.003573 13.198189 0.619390 34 139 34
6.828504 -12.452015 0.123606 34 139 34
17.672544 -10.792981 0.213108 139 69 19
0.084542 -10.186149 0.002792 139 69 19
-14.428408 -12.270867 1.366714 139 69 19
-14.024675 4.524982 0.305633 139 69 19
-1.535439 10.259573 -0.359613 139 69 19
-4.445319 -19.080327 -1.422504 139 69 19
-15.594846 17.298755 0.323222 139 69 19
-15.494034 -2.438703 -0.145692 34 139 34
-24.438537 -8.728194 0.092648 34 139 34
-23.229616 -4.672157 0.318221 34 139 34
-13.558648 -16.275145 0.163793 139 69 19
-11.615120 4.897825 0.241967 139 69 19
-8.067161 -24.764568 -0.128555 34 139 34
-8.099503 -0.395207 0.110960 34 139 34
-9.966527 15.385064 -0.932207 139 69 19
-7.462897 17.106395 0.038147 34 139 34
1.608785 -18.656232 0.033731 34 139 34
10.302999 14.779040 0.104045 34 139 34
-9.980517 1.995608 -0.036304 34 139 34
-15.702549 16.605341 -0.362637 139 69 19
-3.996862 -0.615297 -0.253666 34 139 34
18.543476 1.292142 0.590320 34 139 34
-18.543406 5.693854 0.023177 139 69 19
-20.042490 -21.382128 -0.319074 139 69 19
5.578541 23.187417 -0.214316 34 139 34
18.172263 16.691826 -0.142724 34 139 34
7.480041 9.895539 0.607087 139 69 19
-4.736816 24.576202 -0.247415 34 139 34
10.056662 9.315419 -0.863780 139 69 19
16.738666 10.896502 0.027525 139 69 19
-11.211249 2.812563 -0.288362 34 139 34
-3.216411 18.458572 -0.909529 139 69 19
21.833500 15.187154 0.023452 34 139 34
-23.126915 -22.974677 0.495740 34 139 34
-20.399408 18.845236 0.241976 34 139 34
5.015081 -3.262947 0.735189 34 139 34
9.255998 5.529500 0.050808 139 69 19
7.656916 12.749745 0.479920 139 69 19
20.469866 7.876742 -0.287950 139 69 19
4.585364 -7.190710 0.754766 34 139 34
-12.316065 -8.551446 -0.401426 34 139 34
0.465718 23.739748 0.632739 139 69 19
22.373080 -24.592605 0.395399 34 139 34
-3.086896 19.133289 0.586322 139 69 19
-1.962068 -10.501118 -0.527157 34 139 34
-17.347494 6.807348 -0.353970 139 69 19
-5.892381 -19.853112 0.212687 34 139 34
-18.919120 -22.618592 -0.726000 34 139 34
-22.084693 3.679995 -0.082740 139 69 19
16.497486 -19.717333 0.500163 34 139 34
11.622750 -23.480907 -0.136052 34 139 34
-18.724622 -24.356389 0.038941 139 69 19
-7.175546 22.425063 -0.065044 34 139 34
2.024082 -4.531034 -0.197544 139 69 19
17.521703 3.638950 -0.826858 139 69 19
24.966366 15.612348 0.112622 34 139 34
15.893785 18.403380 -0.380283 139 69 19
3.621405 -20.999604 -0.669378 34 139 34
-1.873169 -24.181809 -0.151513 139 69 19
11.900668 -15.043466 -1.332104 139 69 19
-13.491300 11.960460 0.725646 139 69 19
-15.782096 22.093310 0.330735 139 69 19
-17.106238 14.107135 -0.651159 34 139 34
-14.629833 -16.233274 0.788099 34 139 34
-17.821313 13.630837 -0.755104 139 69 19
-0.737494 -15.204873 0.139383 34 139 34
-12.116427 5.722617 -0.069149 139 69 19
21.890706 -7.995980 -0.805433 139 69 19
11.909421 0.717632 0.257323 139 69 19
-15.437329 -24.040177 0.404411 34 139 34
10.096507 3.010911 -0.478935 139 69 19
0.453227 -17.949903 0.227934 139 69 19
20.825267 0.575728 0.888087 34 139 34
2.023468 11.993282 0.608264 34 139 34
12.843318 12.487484 0.351063 34 139 34
18.171975 13.618313 0.498853 34 139 34
18.563680 -2.914263 0.466273 34 139 34
-3.575775 -10.343982 -0.411407 34 139 34
12.188348 6.482897 -0.463178 34 139 34
23.643248 -3.636907 0.596629 139 69 19
20.808212 -6.371768 -0.752778 139 69 19
-8.866886 -1.462035 0.346877 34 139 34
-20.100888 14.894224 0.196449 139 69 19
8.903535 -15.987217 0.720011 34 139 34
1.684862 21.530163 0.180494 139 69 19
-18.198174 12.401200 0.536533 34 139 34
-12.021237 -22.658809 0.497998 139 69 19
10.006902 -16.046423 0.604376 34 139 34
21.940116 -12.012685 -0.046316 139 69 19
6.427600 -21.492631 -0.282944 139 69 19
17.193388 -24.804321 -0.300381 34 139 34
-0.071338 -15.840275 -0.216907 139 69 19
-15.093103 -8.062930 -0.116557 34 139 34
1.663199 -17.891014 -0.072047 34 139 34
19.239961 10.615136 -1.421566 34 139 34
24.695409 -7.526335 -0.234528 139 69 19
5.070707 -0.536553 0.121607 34 139 34
-13.495288 18.903876 0.342875 34 139 34
2.048016 23.145522 -0.451499 139 69 19
1.531660 -5.790927 -0.465845 139 69 19
23.819692 15.985631 0.002413 34 139 34
-5.120402 13.914462 0.440044 34 139 34
0.330511 -24.870220 -0.494917 34 139 34
18.944250 2.457266 0.972204 139 69 19
5.110646 -7.802560 0.304661 139 69 19
18.542127 13.341482 -0.804199 34 139 34
4.311311 11.750498 0.874364 139 69 19
11.485689 -4.950073 0.512815 139 69 19
-17.127237 10.296691 0.118714 34 139 34
-3.227291 17.773651 -0.530259 139 69 19
-17.056493 19.654108 -1.040750 139 69 19
3.690228 -3.745723 0.174854 34 139 34
22.635825 1.320919 0.224053 139 69 19
0.219611 8.308318 -0.333262 139 69 19
13.699210 -6.889262 -0.446051 34 139 34
19.415939 -12.821493 0.337606 139 69 19
-1.232632 7.397572 -0.228657 139 69 19
1.682080 -15.553801 -0.361394 34 139 34
3.421533 16.588402 0.204663 34 139 34
14.917102 -12.681014 -0.359768 34 139 34
-21.530492 15.217239 0.728392 139 69 19
18.935374 -24.054804 -0.371462 34 139 34
-23.597090 -3.881355 0.014091 34 139 34
16.528103 1.061915 0.669982 34 139 34
23.368686 9.355563 -0.920711 139 69 19
-10.340228 -21.535254 0.002165 139 69 19
-19.259049 23.415947 0.255559 139 69 19
6.769359 -4.995545 0.721608 139 69 19
-8.455871 14.247560 0.431249 34 139 34
-19.467909 -24.936648 0.736731 139 69 19
16.157974 6.160560 -0.213713 34 139 34
-2.237387 10.270120 0.499848 139 69 19
-14.957209 24.942232 0.202058 34 139 34
-5.941039 19.943089 1.019377 34 139 34
10.358962 11.335817 0.732292 139 69 19
-24.404821 -12.076051 0.510453 139 69 19
14.055644 -9.188957 -0.184355 34 139 34
22.350053 -9.803542 0.431551 139 69 19
-8.272035 13.490637 0.815079 34 139 34
10.528908 12.481239 -1.044807 34 139 34
-22.141777 -7.463728 0.623342 34 139 34
-1.883912 12.518945 0.201476 34 139 34
23.171314 -7.086610 -0.895110 139 69 19
6.259300 -5.358564 -0.040914 139 69 19
10.739886 -1.945769 0.765348 34 139 34
8.061441 19.362719 0.555239 139 69 19
-4.417508 24.994318 0.118601 34 139 34
-14.266154 15.004208 0.566311 34 139 34
-24.409008 -23.255542 -0.012809 34 139 34
-20.723680 17.854392 0.150374 34 139 34
23.285321 -2.029939 0.842651 34 139 34
-16.924122 -15.887399 0.375282 139 69 19
23.958463 16.200888 0.039385 139 69 19
-0.400414 20.731208 0.698678 139 69 19
-0.958008 -6.045102 -0.665374 34 139 34
-14.410413 -4.005921 0.214876 34 139 34
3.280376 8.700498 0.113217 139 69 19
18.677085 -0.822212 0.317434 34 139 34
-14.722711 14.195841 1.612547 139 69 19
-16.093070 7.894035 0.001249 139 69 19
24.065508 24.270002 0.197798 34 139 34
-7.648075 17.729848 0.991340 139 69 19
12.442622 -22.880457 -0.315657 139 69 19
24.891535 8.844270 0.189257 139 69 19
1.325782 9.519059 0.207827 34 139 34
22.891907 -1.535464 -0.749837 34 139 34
-22.774125 -11.106795 -0.149276 139 69 19
7.837577 20.799701 0.838976 139 69 19
-12.828038 -11.529546 -0.498597 34 139 34
-24.632422 14.498827 0.259241 139 69 19
19.974954 8.816388 0.479027 139 69 19
16.168257 2.121847 -0.526222 139 69 19
-15.147634 14.918823 0.216719 139 69 19
1.347243 -8.660409 -0.085596 34 139 34
-17.835411 15.907999 0.013236 34 139 34
-10.898262 -23.422278 0.470234 34 139 34
13.108858 -0.039652 0.103153 139 69 19
18.129309 -11.727196 0.038823 34 139 34
24.110406 -23.515859 -0.059301 139 69 19
-21.389899 -6.780064 0.113887 139 69 19
23.368625 -10.867848 0.490752 139 69 19
7.619815 22.683244 -0.162292 34 139 34
-16.220300 13.200101 -0.443277 34 139 34
-3.576148 -23.003515 0.228382 34 139 34
-5.194768 23.510202 -0.377081 139 69 19
-24.980594 7.353685 1.027898 139 69 19
-0.392617 -10.050500 0.062830 139 69 19
11.704462 10.067107 0.524571 34 139 34
19.888608 0.786329 0.467279 139 69 19
-17.977287 12.752842 0.086823 139 69 19
24.312230 -19.833960 -0.501743 34 139 34
-14.680837 4.584347 0.080053 139 69 19
-18.091738 -6.528376 0.559808 139 69 19
0.979411 -5.270916 0.213971 139 69 19
-12.177316 22.408378 -0.576036 139 69 19
-7.408966 -18.977694 -0.512872 34 139 34
-11.230482 -7.409250 0.626904 34 139 34
-23.038636 13.280280 -0.022273 34 139 34
-12.494875 -22.084261 -0.240522 139 69 19
8.318209 -23.298725 -0.286334 34 139 34
-14.101249 4.651105 0.157561 139 69 19
13.882825 22.941739 -0.320576 34 139 34
-1.560788 6.204916 0.796084 34 139 34
-22.861845 9.785261 0.335425 139 69 19
21.687531 -10.140047 -0.238027 34 139 34
-5.802681 16.465247 0.471320 34 139 34
8.057550 22.109128 -0.401706 139 69 19
11.389480 -24.598487 -0.799177 139 69 19
22.068112 -23.433729 -0.669113 34 139 34
-2.375557 0.640016 -0.035227 139 69 19
-4.257473 -7.931037 -0.212870 139 69 19
2.061183 5.403384 0.535224 34 139 34
-1.867233 1.831517 -0.097045 139 69 19
24.441591 13.148218 0.012778 139 69 19
-23.234476 -20.114262 0.083321 139 69 19
13.409854 4.877535 0.671044 34 139 34
-3.417580 -24.068875 1.029394 34 139 34
23.842453 -20.637424 -0.207532 139 69 19
-16.692364 -7.987968 0.174042 139 69 19
-3.965264 -5.068155 -0.070173 139 69 19
-15.868093 -5.883659 -0.274007 139 69 19
-8.918846 -14.897157 0.337861 139 69 19
-18.891857 -13.010301 0.357523 34 139 34
12.341354 -21.338897 -0.615128 139 69 19
-0.611598 22.173823 -0.255235 34 139 34
14.115965 12.890597 -0.311738 139 69 19
19.004544 -24.987867 -0.381458 34 139 34
2.294212 -18.409068 0.385437 139 69 19
1.702336 24.410359 -0.302854 139 69 19
-5.226168 -19.542288 -0.054968 139 69 19
-2.303433 -20.415848 0.442418 34 139 34
1.779193 18.708292 0.318369 34 139 34
23.082183 22.924647 0.088773 34 139 34
-8.755482 -5.977283 -0.375566 34 139 34
14.738692 23.458589 -0.369312 34 139 34
-9.158268 -23.647121 -0.275818 139 69 19
-5.832330 12.995100 0.012203 34 139 34
-24.521238 -11.012717 -0.874775 139 69 19
3.908420 -11.616601 -0.142646 34 139 34
19.920657 19.502495 0.663064 34 139 34
8.354350 -12.963120 -0.217501 34 139 34
21.095956 6.510742 0.028730 34 139 34
-7.800338 -3.461360 -0.117906 139 69 19
-0.066670 21.811763 0.605054 34 139 34
17.235687 -5.897522 0.203515 34 139 34
5.158875 3.240782 -0.524189 139 69 19
-11.785509 18.827440 -0.643695 34 139 34
-16.252564 -23.311960 -0.689860 34 139 34
-8.099262 -24.910195 0.078580 139 69 19
-19.852389 2.528491 0.291354 139 69 19
-0.471297 -4.070918 -0.023190 139 69 19
19.562261 22.713343 0.231484 34 139 34
17.378715 11.468780 -0.800246 34 139 34
9.561938 -23.497839 -0.615795 34 139 34
-9.475730 6.870049 -0.930054 34 139 34
12.415585 -9.128465 0.120628 139 69 19
-16.468036 -8.504224 -0.327384 34 139 34
7.770192 3.237915 0.057371 34 139 34
-20.234920 17.014918 0.341505 34 139 34
9.040009 -2.725862 0.247783 34 139 34
14.156114 -4.646524 -0.687363 34 139 34
22.703162 -14.890479 0.555447 34 139 34
-8.957866 -8.837571 -0.824763 34 139 34
-19.738793 -19.978857 0.772456 139 69 19
-6.175473 18.612607 -0.348080 139 69 19
-12.235942 -9.392017 0.158298 139 69 19
-18.308679 -18.637635 0.682801 139 69 19
4.887943 -19.370577 -0.585030 139 69 19
-1.677883 -10.501594 0.225354 139 69 19
1.618732 15.698700 0.320776 34 139 34
4.307587 -14.131483 -0.656149 34 139 34
-12.658674 -15.852888 -0.381153 34 139 34
7.012926 1.223631 0.437530 34 139 34
8.339450 -12.352535 0.054609 139 69 19
-6.032768 3.439642 -0.132069 34 139 34
4.847201 -15.879175 0.442542 139 69 19
-24.003942 17.295649 0.520104 139 69 19
-11.862403 -4.136893 0.309041 34 139 34
-18.082555 -2.296288 0.349501 139 69 19
2.114702 -2.660496 0.042494 34 139 34
-1.204255 -3.882651 -0.318881 34 139 34
-16.745666 -2.333398 -0.597533 139 69 19
13.326331 14.921875 -0.074167 139 69 19
22.467900 18.346602 -0.016590 139 69 19
-14.093705 4.595130 0.092664 139 69 19
6.599697 -19.385908 0.083555 34 139 34
-19.203122 0.418058 0.251083 34 139 34
-21.200648 -4.995170 0.605608 139 69 19
23.170865 16.645194 -0.025286 34 139 34
-14.610046 -21.359284 0.046905 139 69 19
-10.126555 -17.764719 0.866034 139 69 19
-21.382785 11.574501 -0.822599 139 69 19
-18.038483 -16.997982 -0.274411 34 139 34
10.038812 2.128682 0.150527 34 139 34
8.535571 8.505041 -0.535094 139 69 19
-5.929072 4.632561 0.796735 139 69 19
-8.329057 17.320465 -0.502445 139 69 19
-20.874481 -3.419290 0.600367 34 139 34
17.348265 10.453533 0.588746 139 69 19
-24.070275 12.065278 0.401081 34 139 34
17.731020 10.442582 0.222436 34 139 34
-17.286201 0.310835 0.009762 139 69 19
23.562276 4.848313 0.430595 34 139 34
-23.165516 5.308865 -0.100675 34 139 34
-18.717942 24.206994 0.707276 139 69 19
9.295767 -15.573155 0.469122 139 69 19
-19.048429 -17.413622 0.068468 34 139 34
-7.932288 1.170635 0.229376 34 139 34
2.997832 12.466068 -0.467315 34 139 34
10.300456 22.725909 1.086739 34 139 34
12.483383 -11.615616 0.686017 34 139 34
20.210720 -16.585907 0.523721 139 69 19
9.151717 3.452048 0.616801 139 69 19
-20.085854 3.633088 0.207634 34 139 34
-9.195981 -11.257247 1.068696 34 139 34
4.576066 -12.992588 -0.319529 139 69 19
18.042131 -18.776114 -0.797309 139 69 19
-1.011303 6.071254 -0.087998 139 69 19
22.966862 -1.306580 -0.136767 34 139 34
16.807479 -8.474513 1.290272 34 139 34
-17.389853 13.167410 0.500854 34 139 34
4.315546 10.054496 -0.463984 139 69 19
0.949108 -8.189150 -0.298383 139 69 19
6.031868 16.409488 0.838446 34 139 34
11.527090 -23.156845 0.346396 34 139 34
-6.816225 -20.966102 0.528623 139 69 19
7.497329 9.072105 -0.247939 139 69 19
0.929323 -16.787051 0.274189 139 69 19
-6.215145 19.967070 0.016674 139 69 19
-19.325226 -15.982164 -0.363946 139 69 19
-11.252422 -13.779657 0.059144 34 139 34
6.167807 5.839299 0.272020 34 139 34
-7.902648 -16.550875 -0.258429 139 69 19
-15.208709 -1.532861 0.417170 139 69 19
-13.767354 -5.103533 0.637395 34 139 34
-20.769048 -11.631787 -0.032389 139 69 19
-22.385610 -19.435794 -0.191740 34 139 34
20.117482 6.116625 0.196435 34 139 34
15.167165 23.954439 0.033063 139 69 19
3.976617 -23.184784 0.043265 139 69 19
-11.136015 -7.421477 0.605003 139 69 19
-24.011412 19.167362 0.367410 139 69 19
21.784259 8.449172 -0.408863 34 139 34
2.163585 8.746981 0.103067 34 139 34
19.051740 -12.075275 -0.331380 34 139 34
3.333122 -10.881627 -0.024381 34 139 34
23.541933 13.704561 -0.391736 139 69 19
23.931973 1.240662 0.131144 139 69 19
6.005422 -3.495217 -0.893879 34 139 34
-21.694165 10.186446 -0.515075 34 139 34
-3.988852 -12.610627 -0.193134 34 139 34
-7.895989 -15.014082 -0.502272 139 69 19
-5.582919 -2.803643 0.725759 34 139 34
16.727552 -24.132221 -0.192932 34 139 34
-9.185534 7.818250 -0.519817 139 69 19
-18.625312 -1.839893 -0.733047 34 139 34
-21.231581 -7.431528 0.878529 139 69 19
-18.796234 -11.460208 -0.553699 34 139 34
-11.394883 0.484602 0.019978 139 69 19
-24.789165 21.111835 0.471783 139 69 19
18.235090 17.783094 -0.474784 34 139 34
-20.314581 3.002851 0.214964 139 69 19
-1.798986 10.275020 -0.380615 34 139 34
22.858169 -0.589911 -0.212669 34 139 34
6.203816 7.888189 -0.375795 34 139 34
-1.732096 19.790689 0.192332 139 69 19
15.018491 -15.889145 0.888826 139 69 19
-19.735348 -4.363461 1.162904 139 69 19
-18.633876 20.844601 -0.268798 34 139 34
11.482196 -22.426988 -0.331660 34 139 34
-6.218207 3.746984 0.081591 34 139 34
8.722230 -1.768061 -0.205829 139 69 19
4.375745 -8.661610 0.062794 34 139 34
-16.202408 18.940489 -1.229298 139 69 19
0.326569 5.659862 0.373151 34 139 34
-5.961546 -4.909329 -0.295455 139 69 19
11.601843 2.960675 0.853709 34 139 34
22.861801 5.951677 -0.036521 139 69 19
-4.605140 10.915031 -0.795140 139 69 19
-3.542948 -24.102843 0.554534 34 139 34
-5.568447 -6.206767 -0.237850 139 69 19
-11.380482 -24.609851 0.024284 34 139 34
-4.548587 2.542258 -0.454753 139 69 19
2.111583 -13.739078 -0.753757 34 139 34
7.894369 18.777279 -0.021748 139 69 19
-23.227341 -22.056503 0.661969 34 139 34
15.667822 10.514408 -0.617405 34 139 34
4.260127 2.524502 -0.623018 139 69 19
8.011208 16.302867 -0.139141 139 69 19
-8.391156 13.334671 -0.288203 139 69 19
-22.988084 12.981212 -0.353502 34 139 34
-11.402952 11.138191 0.443683 34 139 34
-0.524908 -23.134230 0.092239 139 69 19
5.690083 -3.786506 -1.124989 34 139 34
18.078608 1.945465 0.076537 139 69 19
0.783689 3.100987 -1.138110 139 69 19
-9.488245 -2.083807 -0.178153 34 139 34
17.410917 -11.760658 0.072080 139 69 19
-15.438554 -15.499285 0.698863 139 69 19
-17.017774 -15.698797 -0.221556 34 139 34
23.178407 -1.942563 -0.227988 34 139 34
-8.079110 -12.314556 0.019356 34 139 34
-4.976134 3.538500 0.117181 139 69 19
-3.188521 -21.534508 0.144272 34 139 34
-11.762907 24.636790 0.048093 139 69 19
22.575525 4.453695 0.021298 139 69 19
5.489114 16.479920 0.364839 34 139 34
-15.617297 17.747870 0.179655 139 69 19
4.238254 -11.666176 -0.660869 139 69 19
-21.725224 -0.066224 -0.223477 34 139 34
-23.316718 5.506269 0.228143 34 139 34
22.182412 18.971938 0.482556 34 139 34
-24.898276 -6.534764 0.651659 139 69 19
-13.093865 -0.197068 -0.293516 34 139 34
-12.609025 19.359425 0.006512 34 139 34
20.864383 -22.103625 0.391801 34 139 34
-22.739910 3.072919 0.010143 139 69 19
-11.203075 -12.533907 0.723417 34 139 34
-1.047159 3.381007 0.328157 34 139 34
12.350592 -2.552367 0.283077 34 139 34
24.082932 24.294150 0.148868 34 139 34
10.839600 9.931291 -0.179795 139 69 19
3.975038 -20.943702 -0.173323 34 139 34
-24.423770 17.892902 -0.424414 34 139 34
2.809030 -11.015598 0.771665 34 139 34
-20.835084 13.029937 -0.473688 139 69 19
13.505246 14.582986 0.435479 139 69 19
24.560250 21.238334 -0.458456 34 139 34
-12.321213 1.724100 -0.733058 139 69 19
15.476229 23.665530 0.064259 34 139 34
-9.872520 -24.632328 -0.126748 139 69 19
-16.426585 6.372169 0.780129 34 139 34
-12.791850 24.013008 -0.221377 34 139 34
17.455663 -22.807566 -0.217353 139 69 19
18.499557 23.710275 0.170516 139 69 19
-12.710532 23.316035 0.699038 34 139 34
14.883510 19.944266 -0.557740 34 139 34
10.654566 1.788989 -0.388031 139 69 19
18.220110 -1.133639 0.489547 34 139 34
-4.131150 10.251235 -0.120807 139 69 19
-0.477772 1.376331 -1.047093 139 69 19
2.425310 -20.286210 0.047749 34 139 34
1.387043 22.732865 0.276179 34 139 34
9.020993 4.854542 -0.368450 139 69 19
9.419525 -20.450650 -0.256490 34 139 34
3.763065 -3.047854 -0.314256 34 139 34
5.126079 6.425426 -0.086287 34 139 34
6.245615 19.610668 0.474345 34 139 34
-19.619729 2.744914 -0.106888 34 139 34
4.912016 6.592215 0.752216 34 139 34
-1.729071 -15.530815 -0.650883 34 139 34
23.415057 -19.390580 -0.317823 139 69 19
19.770506 -23.085442 -0.240999 34 139 34
13.706388 -19.748876 -0.127351 34 139 34
3.611570 11.155639 -0.614681 34 139 34
-19.936591 0.027920 0.915442 139 69 19
-16.666041 -12.649805 0.276285 34 139 34
-13.036752 9.523774 0.103890 139 69 19
-4.863637 16.218640 -0.134215 34 139 34
-0.938337 20.733159 0.916788 139 69 19
2.721126 20.498436 -0.247308 34 139 34
-3.637039 5.741774 0.894181 34 139 34
19.803732 21.527514 0.069641 139 69 19
-19.761169 -8.854927 0.624504 139 69 19
7.789024 3.663520 0.157651 34 139 34
10.381771 10.396461 -0.782802 34 139 34
-3.811419 9.099895 -0.322585 34 139 34
12.607932 -21.861698 -0.902751 139 69 19
17.650564 -22.225685 -0.301761 34 139 34
11.093782 -24.031090 0.203853 139 69 19
-4.239105 -2.264642 0.370868 139 69 19
-10.179147 6.375616 -0.518890 139 69 19
-12.927110 13.844784 -0.468414 139 69 19
-4.637037 -0.465371 -0.154799 139 69 19
12.142970 23.590880 -0.226456 139 69 19
-17.043833 -4.056264 0.158576 34 139 34
19.036700 -10.455199 -0.492869 139 69 19
-12.074742 1.817558 -0.269692 139 69 19
11.202201 -0.770987 -0.373255 139 69 19
-0.493304 -4.549124 -0.004847 34 139 34
-7.285052 22.030866 -0.579400 139 69 19
6.926182 -7.884782 0.499166 34 139 34
-18.724140 -17.731945 0.467830 34 139 34
-9.328754 4.802677 0.679248 139 69 19
-17.964492 -10.671077 -0.674195 34 139 34
13.385630 -4.897005 1.039693 34 139 34
-7.090275 -9.641892 -0.238583 139 69 19
20.035419 16.790900 0.074996 34 139 34
6.672392 3.431404 0.997457 139 69 19
-19.428177 9.896041 -0.142565 139 69 19
-15.614857 -1.609197 -0.153881 139 69 19
14.391989 -2.365031 -1.111441 139 69 19
0.115794 7.636070 0.362067 34 139 34
0.395033 16.368330 -0.727088 139 69 19
2.493182 -2.114366 -0.187856 139 69 19
-4.492846 -17.729647 -0.166651 139 69 19
-13.279783 18.225861 -0.577089 139 69 19
16.476351 15.586352 -0.146823 34 139 34
9.838014 14.847919 -0.027215 139 69 19
14.436089 16.283449 -0.800977 34 139 34
-22.420536 1.595578 -0.413768 139 69 19
-22.655587 -19.931317 -0.662370 34 139 34
-13.474214 2.965176 -0.225175 139 69 19
10.355867 -24.944409 0.613589 34 139 34
19.613558 5.570657 -1.091894 139 69 19
-20.863019 2.187678 -0.626551 139 69 19
-20.662640 15.390135 -0.145468 139 69 19
-8.608500 -18.778461 -0.806817 34 139 34
22.646463 7.599208 -1.159108 34 139 34
-12.908600 16.914754 -0.537686 34 139 34
-19.978503 4.598953 0.335417 139 69 19
3.097849 -8.386006 -0.484507 139 69 19
17.631132 17.181407 -0.337574 139 69 19
21.912420 -19.827136 -0.119694 139 69 19
1.491841 22.458532 0.273783 139 69 19
-24.349482 -3.138032 0.401090 34 139 34
8.309806 -7.658488 -0.454840 34 139 34
4.311179 -10.471329 -0.322911 139 69 19
-1.407944 7.647372 -0.384565 139 69 19
-0.826966 -24.644537 -0.008019 139 69 19
11.395526 -24.600074 -0.142300 139 69 19
-10.981045 -12.017787 0.203504 34 139 34
14.550915 23.136305 0.125257 139 69 19
-2.312649 22.151689 0.755332 34 139 34
-15.573977 17.214066 0.272005 34 139 34
1.274736 16.864219 -0.086340 139 69 19
9.581389 -24.301238 -0.384093 139 69 19
1.001748 -24.444858 0.103887 34 139 34
-6.477662 -13.945301 -0.534231 139 69 19
-4.974365 -20.509437 -0.142367 34 139 34
-24.700881 23.169356 -0.282516 139 69 19
-23.428293 -6.088434 0.691007 34 139 34
13.599445 -8.674067 -0.037477 34 139 34
22.168610 -22.815519 0.053368 34 139 34
-20.352944 -22.718514 -0.652323 139 69 19
9.969729 15.405238 0.204257 139 69 19
-24.186505 -10.793948 -0.636874 139 69 19
-20.930641 -20.858089 -0.383016 139 69 19
18.098280 10.582517 -0.111805 34 139 34
3.953785 -5.410827 -0.426663 34 139 34
23.268167 -22.774757 0.174271 34 139 34
-5.777504 13.621084 -0.177229 34 139 34
4.122765 21.966733 -0.147530 139 69 19
22.832639 17.133900 -0.601641 139 69 19
14.306108 -5.429094 0.717564 139 69 19
-11.634856 5.441132 -0.580187 139 69 19
14.268250 11.103276 -0.187692 34 139 34
-9.125304 -13.036279 -0.047324 34 139 34
15.255929 -5.021966 -0.609682 34 139 34
-19.872989 -18.621112 -0.210867 34 139 34
-17.065957 17.355631 -0.126333 139 69 19
-18.368048 -7.012100 -0.314679 139 69 19
7.391998 15.547829 -0.100181 139 69 19
15.696440 23.640787 -1.339954 34 139 34
-8.004965 22.407313 -0.819643 139 69 19
8.841844 19.582234 0.042379 34 139 34
-24.350760 20.596727 0.642576 34 139 34
-9.701761 23.874887 -0.578683 34 139 34
11.781359 -2.450745 0.451546 34 139 34
12.703448 9.436384 -0.238736 34 139 34
-13.063007 -3.490410 -0.056934 139 69 19
-2.702001 -21.588047 -0.705047 34 139 34
10.494332 3.547088 -0.083746 34 139 34
-5.810000 23.733990 0.573625 34 139 34
-19.293827 6.915487 -0.563786 139 69 19
2.087819 -3.107685 -0.229460 34 139 34
-11.756367 -20.470204 0.062917 139 69 19
6.399553 -0.579595 -0.267673 34 139 34
-15.034185 -2.105658 0.200885 139 69 19
-18.212040 -14.939455 -0.234169 34 139 34
-13.027056 -2.106722 -0.153978 34 139 34
-5.694817 0.677144 -1.181593 34 139 34
22.830436 -13.583506 -0.330853 139 69 19
13.993356 -18.492518 -0.297526 139 69 19
14.365892 14.203939 -0.367695 34 139 34
20.010274 0.157998 -0.796091 34 139 34
15.482763 -3.921438 0.057255 34 139 34
-19.330679 10.526767 -0.594143 34 139 34
-8.555206 -6.953502 -1.006263 34 139 34
-18.358136 -19.784089 -0.455641 139 69 19
12.445668 12.327396 0.571058 139 69 19
-12.225538 14.282571 0.872614 139 69 19
22.247250 -23.490666 -0.614137 34 139 34
-24.038213 -20.705565 0.388813 34 139 34
13.108472 -0.196333 0.748299 34 139 34
9.023509 22.810655 0.784583 34 139 34
-4.038537 14.627552 -0.369934 139 69 19
20.789393 16.328397 -0.119291 139 69 19
15.526330 -8.620196 -0.603530 139 69 19
24.187006 12.107354 0.073978 139 69 19
1.628092 -3.300168 0.553034 34 139 34
12.820208 -21.631240 0.493079 139 69 19
24.589095 -23.480136 0.046218 34 139 34
19.521934 2.322973 -1.163036 139 69 19
20.066056 16.099681 0.221205 34 139 34
23.279142 12.548159 0.991929 139 69 19
23.307421 -1.988200 0.530181 139 69 19
-8.625405 13.842430 -0.387355 34 139 34
-19.298554 18.329382 0.274165 34 139 34
-16.680872 17.004886 0.232044 34 139 34
22.019290 0.670483 -0.916369 34 139 34
5.555134 8.237136 -0.650436 139 69 19
8.877829 23.877870 0.368382 139 69 19
-3.281780 -3.081157 0.069496 34 139 34
-3.405959 -1.079568 0.445136 139 69 19
-12.543776 -13.670486 -0.232294 34 139 34
-8.490849 -9.075473 -0.039492 139 69 19
24.569113 -8.925595 -0.764200 34 139 34
0.913629 6.556307 0.070556 139 69 19
8.332397 -23.873403 0.125783 34 139 34
13.666619 11.477375 0.118924 139 69 19
-8.783500 -0.891164 -0.095615 139 69 19
3.765709 -13.721348 -0.272306 139 69 19
6.090107 -18.650362 0.138370 34 139 34
9.608733 8.064713 -0.025405 139 69 19
10.662592 -16.959624 0.468709 34 139 34
-0.673055 19.087708 -0.219349 34 139 34
-9.903049 8.380620 -0.254614 34 139 34
6.860579 -17.834844 0.565775 34 139 34
-15.497279 24.115609 0.542983 139 69 19
17.823000 -13.202807 -0.102196 34 139 34
-24.297625 8.056224 -0.823465 34 139 34
18.102991 19.350403 -0.796244 34 139 34
-2.496234 -22.923301 0.595437 34 139 34
-4.769065 9.425402 -0.039591 34 139 34
11.006937 -7.307813 -0.956068 139 69 19
4.467709 19.167140 0.686283 139 69 19
22.647433 15.601686 -0.381237 139 69 19
8.527723 -19.764617 0.527608 139 69 19
1.210725 -4.637190 -0.221635 34 139 34
22.347382 21.718114 0.442680 139 69 19
-19.392630 -24.658461 -0.350677 139 69 19
7.965040 -23.041402 -0.046727 34 139 34
13.450165 6.186233 -0.662058 139 69 19
19.411496 11.540236 -0.775489 139 69 19
-22.455161 8.533446 -0.726147 139 69 19
-17.720472 22.370654 -0.171041 139 69 19
-9.970347 15.153889 0.557921 34 139 34
9.238207 -10.727776 0.590058 139 69 19
1.254355 0.445942 -0.179147 139 69 19
-2.734691 -23.477253 -0.643930 139 69 19
12.578177 15.842592 0.249353 34 139 34
-4.982228 -11.763033 0.571804 139 69 19
-2.306516 -5.668471 0.119688 34 139 34
-1.726592 -3.574009 0.053339 139 69 19
13.505098 1.450613 0.216663 34 139 34
5.927895 16.772773 0.413944 34 139 34
9.657676 20.471962 0.589171 34 139 34
-6.707794 22.362053 0.070463 34 139 34
-17.333347 -12.213976 0.875801 139 69 19
16.529252 4.290959 -0.492718 34 139 34
20.029721 -2.088894 -0.063726 34 139 34
-4.316610 17.669580 -0.490787 139 69 19
-22.666069 -6.464141 0.361745 34 139 34
8.110485 5.190115 0.989248 139 69 19
20.164724 -5.656456 -0.705234 34 139 34
14.300586 2.788354 -0.390141 34 139 34
-22.608991 -11.409313 -0.217660 34 139 34
-5.670920 19.331718 -0.057564 139 69 19
13.926574 -15.968252 -0.186408 34 139 34
6.856126 -24.674229 -0.243944 34 139 34
22.577977 13.389784 -0.142552 139 69 19
12.684563 -6.885838 0.577779 139 69 19
21.082945 8.116967 -0.387970 34 139 34
5.707291 -18.643963 -0.933344 139 69 19
8.295154 2.528784 -0.154315 139 69 19
12.988204 -23.056767 0.342437 34 139 34
-24.796482 0.299320 0.424745 34 139 34
-4.089276 -24.110754 -0.238616 139 69 19
5.076724 24.874663 0.325654 34 139 34
11.946458 -16.432933 -0.745322 139 69 19
-24.195149 -5.660509 0.962209 139 69 19
21.882612 -14.082689 0.322034 139 69 19
3.261069 8.517575 0.119638 34 139 34
2.082506 -21.035184 0.259181 34 139 34
-19.181472 -10.480605 0.086530 139 69 19
-1.882759 3.773390 -1.001607 139 69 19
-8.250119 15.793952 -1.329972 34 139 34
-6.262920 -23.774374 -0.274692 139 69 19
-21.124702 -16.861252 -0.540351 139 69 19
-3.519153 -11.554849 -0.319373 34 139 34
-11.926572 5.876709 -0.087649 34 139 34
23.623728 6.460029 -0.541598 34 139 34
15.060757 22.534118 -0.288645 34 139 34
-18.084365 18.051200 0.236059 34 139 34
-7.646523 -24.160696 -0.067263 139 69 19
-23.436268 -10.776822 -0.545225 34 139 34
-21.949193 20.452640 0.237406 34 139 34
19.002502 -7.553285 0.755963 34 139 34
-6.821483 -4.848782 0.376463 139 69 19
-4.289436 -15.369907 0.574260 139 69 19
13.450263 -3.226224 -0.058195 139 69 19
-9.327641 -3.636577 0.450627 139 69 19
13.443813 6.255907 0.274073 139 69 19
-13.436888 12.055701 -0.074990 139 69 19
5.691078 1.877850 -0.746532 34 139 34
-23.086055 1.654753 -1.074028 139 69 19
-22.646885 15.266161 -0.292610 34 139 34
12.909728 24.632330 0.019090 34 139 34
6.495078 24.717862 -0.742743 34 139 34
0.318368 -10.478619 0.033093 34 139 34
-17.469376 0.694322 -0.646990 34 139 34
-23.132951 17.926768 0.523133 139 69 19
7.800010 -13.137500 1.039315 34 139 34
16.776066 -8.779461 -0.109852 34 139 34
23.293216 -22.505832 0.026342 139 69 19
-24.446529 -12.136017 -0.483880 34 139 34
-2.994500 -9.608731 0.322353 34 139 34
7.447098 18.870787 -0.109375 139 69 19
13.166912 -15.689762 0.523778 139 69 19
17.400302 -1.612129 -0.480386 34 139 34
-0.625758 -10.061048 0.120707 139 69 19
10.033975 -23.875459 -0.727931 139 69 19
6.555096 7.811955 -0.435552 139 69 19
-19.290025 -22.316558 -0.200664 139 69 19
6.585651 -17.530170 -0.528766 139 69 19
20.436759 21.729364 -0.439052 139 69 19
21.411243 -13.542361 -0.689539 139 69 19
-3.351127 6.030260 0.116958 139 69 19
14.749728 11.791067 -0.505763 139 69 19
2.815885 6.979118 -0.735449 139 69 19
22.455688 13.597757 0.240665 34 139 34
5.629910 -6.529202 -0.067512 139 69 19
-22.546162 -1.035244 -0.137582 34 139 34
3.248436 0.601683 0.138920 34 139 34
-20.708232 -10.665287 0.112833 34 139 34
-1.994223 -7.322089 0.421492 139 69 19
-16.142602 22.843233 -0.434646 34 139 34
18.536468 10.649540 -0.347606 34 139 34
-8.110453 4.523064 0.156697 139 69 19
6.930601 9.733971 -0.030707 34 139 34
23.983385 2.553788 0.061576 34 139 34
-18.566618 -8.876554 -0.428234 34 139 34
22.879045 -15.233034 0.903075 34 139 34
12.876502 4.533422 0.766282 139 69 19
-21.384194 -22.660626 -0.907865 34 139 34
6.289477 -24.875999 0.457696 139 69 19
5.589765 8.781937 -0.502437 139 69 19
-5.136113 2.846399 0.075181 139 69 19
11.081501 4.801771 0.179616 139 69 19
-21.689763 21.939087 0.313256 34 139 34
-23.924695 -18.410096 0.320843 34 139 34
24.859860 20.483145 -0.141528 34 139 34
-12.139693 -22.501441 0.116422 34 139 34
9.643835 20.307738 0.382329 34 139 34
14.053804 20.391981 -0.310333 34 139 34
-8.107796 -11.866516 -0.032995 34 139 34
17.437859 -0.752356 -0.457294 34 139 34
-0.766909 -8.626526 -0.108234 34 139 34
20.738490 -1.082083 0.134624 34 139 34
3.087468 -3.558455 -0.339988 139 69 19
0.048976 -6.826950 -0.030371 139 69 19
6.666258 0.283076 0.209585 34 139 34
22.660408 -15.559514 -0.186843 34 139 34
-24.830132 -20.384286 0.763704 139 69 19
-6.973562 8.058848 0.185858 139 69 19
-7.535197 -17.869411 0.312267 139 69 19
-6.420561 0.843322 0.015069 139 69 19
1.912081 10.299131 0.116434 139 69 19
-3.906666 -22.191974 0.841574 139 69 19
-10.883309 -7.297941 -0.481372 34 139 34
3.202814 0.289187 -0.823783 139 69 19
24.323699 -8.766129 -0.201680 139 69 19
-9.383760 10.976452 0.758200 34 139 34
3.114715 -7.368220 -0.257537 139 69 19
24.851258 24.626458 -0.023527 139 69 19
-9.348699 7.220674 0.727022 139 69 19
-15.712283 -13.607355 -0.252572 34 139 34
17.009513 3.089053 -0.471965 139 69 19
-1.799135 -22.636852 -0.285102 139 69 19
-4.415989 -19.206801 0.472967 139 69 19
4.110463 -22.794229 0.305566 139 69 19
-13.311010 -8.461215 0.181527 139 69 19
-2.751818 5.421885 0.566785 139 69 19
-6.809985 -20.070415 0.019716 34 139 34
-24.567520 -3.549472 -0.361796 34 139 34
-18.650986 -8.742077 0.019360 34 139 34
-6.322409 9.738651 -0.274904 139 69 19
24.697645 -13.255474 0.379787 139 69 19
3.947048 -6.922469 0.351209 139 69 19
2.621436 -8.422460 -0.302894 34 139 34
-3.192114 -24.371814 0.223406 34 139 34
6.749524 -16.967146 -0.705465 139 69 19
-14.248717 -6.391235 -0.592637 139 69 19
15.804585 -10.431046 -0.149187 139 69 19
-7.518549 21.006146 0.241596 139 69 19
-10.594240 -21.930671 -0.480023 139 69 19
-17.936564 -12.352962 0.766523 34 139 34
11.287844 -16.393849 0.431421 139 69 19
20.828754 -13.774488 0.059943 139 69 19
-5.520808 -10.108489 -0.405730 34 139 34
2.596161 20.579669 -0.724576 34 139 34
22.714359 -8.108707 -0.008608 34 139 34
12.738764 -3.966338 -0.861662 139 69 19
-3.836722 -9.568162 -0.368142 139 69 19
24.415759 -12.518455 -0.396699 34 139 34
9.481862 -20.246771 0.684993 139 69 19
-23.122739 23.353683 0.477270 139 69 19
23.236497 21.586771 -0.942137 34 139 34
12.916792 -2.886487 0.598228 34 139 34
21.253423 -3.660307 0.521760 34 139 34
0.661489 21.697021 0.280631 34 139 34
-4.862313 -15.632106 0.271619 139 69 19
23.968996 6.757857 -0.310800 34 139 34
-16.462775 -7.396111 -0.065591 139 69 19
7.034752 -10.174547 0.700753 34 139 34
22.649023 -3.664784 -0.667084 139 69 19
-4.315818 -10.938163 0.995806 139 69 19
-15.151419 -18.930443 0.353554 139 69 19
21.662637 18.224168 -0.896701 139 69 19
11.285021 -1.819599 -0.497715 139 69 19
22.510617 -6.278408 0.216811 34 139 34
-10.295447 -16.484958 -0.038765 139 69 19
-1.817167 -5.326410 -0.689616 139 69 19
-2.061421 9.884269 -0.282018 34 139 34
-20.900589 -23.445088 0.068845 34 139 34
-11.791089 9.539481 -0.243335 139 69 19
3.469363 16.817922 0.665426 34 139 34
-21.503352 4.605931 -0.629357 139 69 19
-20.347470 -10.331988 0.825714 139 69 19
-1.193338 -21.006504 0.932719 139 69 19
-5.940898 -24.340342 -0.740354 139 69 19
21.674219 21.519948 0.580526 34 139 34
-12.230907 15.785387 -0.137726 139 69 19
-14.216401 23.849531 -0.123221 139 69 19
7.631495 2.341710 0.812768 139 69 19
20.604189 -1.779941 0.227867 34 139 34
-15.677100 -15.944929 -0.899456 139 69 19
-15.834387 -11.019374 0.046390 139 69 19
-11.353941 3.446211 -0.036711 34 139 34
-3.631699 -7.936690 -0.229012 139 69 19
10.501363 -0.394550 0.328402 139 69 19
-12.445575 3.776410 0.759021 34 139 34
18.416997 1.442765 -0.462231 139 69 19
1.914651 -0.301909 0.716960 34 139 34
8.769148 8.428641 0.592495 139 69 19
15.494299 12.125348 -0.097729 34 139 34
4.368251 9.016712 -0.197367 139 69 19
21.331602 15.164575 0.575503 139 69 19
-0.623441 1.844446 -0.142740 139 69 19
-5.759287 9.098814 0.574197 139 69 19
17.165107 8.475742 -0.120793 34 139 34
17.227783 23.626903 0.577091 34 139 34
-15.324202 -6.772139 0.195868 34 139 34
-10.009730 2.097408 0.680234 34 139 34
20.149297 -5.791012 0.320181 34 139 34
22.745762 8.444015 -0.322968 139 69 19
-8.680443 12.575561 -0.295242 34 139 34
24.953959 -18.499248 0.055404 139 69 19
15.920319 -4.772436 -0.529482 34 139 34
7.887907 -13.772958 0.385638 139 69 19
0.485778 -22.844350 -0.619129 139 69 19
-22.451899 17.692001 -0.183006 34 139 34
16.684583 19.686605 0.320918 34 139 34
-8.063257 20.974109 -1.566243 139 69 19
19.099592 7.398859 -0.397461 34 139 34
-13.915008 -22.806249 -0.220180 34 139 34
11.247003 7.640962 0.009242 34 139 34
13.358528 9.211242 -0.013588 34 139 34
-14.591378 9.997705 0.026637 34 139 34
14.752600 21.762845 0.188557 139 69 19
-19.976025 -4.277765 -0.182294 139 69 19
16.531870 8.231350 0.505499 34 139 34
14.975760 -0.264000 -0.688314 139 69 19
15.120845 -24.132255 -0.128361 34 139 34
13.497379 -0.677143 0.350032 139 69 19
9.135745 19.065524 -0.604710 34 139 34
23.407863 -23.512283 0.120322 34 139 34
23.596597 2.837586 0.497836 139 69 19
-17.032849 -5.817933 0.020530 139 69 19
9.819891 12.188628 0.516065 139 69 19
-13.820347 3.273309 -0.078890 34 139 34
7.427185 0.494961 0.325860 34 139 34
-8.066817 -14.699138 0.266552 34 139 34
-21.694529 2.404316 -0.205591 139 69 19
9.566621 5.750793 -0.193117 34 139 34
9.787718 -5.575330 0.176081 139 69 19
-9.848032 20.196749 0.302712 139 69 19
15.487163 0.521820 0.556928 139 69 19
-6.477384 3.175179 -0.078590 139 69 19
-8.303017 21.167896 -0.678757 34 139 34
-24.588154 -15.781548 0.223713 139 69 19
-8.294648 -23.877547 -0.091662 34 139 34
19.440984 -16.387298 -1.178668 34 139 34
-7.885961 8.142939 0.318614 34 139 34
-0.893814 -17.157741 0.613766 139 69 19
-6.649172 18.227145 -1.979294 34 139 34
-8.152280 18.696777 -0.978384 139 69 19
17.440198 19.930056 -0.797153 139 69 19
24.060771 -16.061587 0.341729 34 139 34
12.474015 19.286092 0.017048 34 139 34
13.204596 24.193237 0.055950 139 69 19
-10.240491 -6.986998 -0.290996 34 139 34
-23.141644 21.729473 0.038177 34 139 34
-23.305439 11.793387 0.213380 139 69 19
-20.322080 18.501498 0.188252 34 139 34
-15.437912 19.144049 -0.019732 139 69 19
17.623727 -6.743786 -0.916373 139 69 19
-3.338706 23.755205 -1.241376 139 69 19
21.818065 -3.863996 0.343709 34 139 34
-1.930224 6.707443 0.234357 34 139 34
4.780898 15.531536 0.757257 34 139 34
-23.807431 -0.877781 0.244210 34 139 34
-16.833473 -2.333967 1.258727 139 69 19
16.257107 16.585597 0.444662 139 69 19
-8.473390 11.347408 -0.155305 139 69 19
18.060341 2.637281 0.467955 34 139 34
-14.339319 13.643738 0.237174 34 139 34
-5.257915 -23.657116 -0.410986 34 139 34
5.534450 -17.057017 -1.020983 34 139 34
-21.205806 -6.938561 -1.059275 34 139 34
11.722145 19.064197 -0.215112 139 69 19
12.096185 -13.217553 -0.342093 34 139 34
5.253807 6.014233 -0.373708 139 69 19
-14.842768 -1.573957 -0.784072 34 139 34
-15.440755 22.010356 -0.874533 139 69 19
21.002782 24.144358 0.917675 139 69 19
20.888987 -8.695986 0.214389 34 139 34
1.751050 17.167178 -0.008322 139 69 19
-9.188924 8.067774 -0.661112 139 69 19
-6.515338 -13.548776 -0.072686 34 139 34
-12.658402 1.387610 -0.433121 34 139 34
13.837665 -18.433025 0.308325 34 139 34
-24.377099 15.559942 -0.839124 34 139 34
-18.667859 22.209334 0.191145 139 69 19
-24.726992 -15.845027 -0.583937 34 139 34
14.044681 -19.694282 -0.272233 139 69 19
24.836550 -7.580688 0.632877 139 69 19
-12.832963 10.931387 -0.129172 139 69 19
9.090344 -17.797368 0.843189 34 139 34
15.923524 -4.527567 -0.139465 139 69 19
10.361288 9.387815 0.441968 34 139 34
-8.140500 -22.388675 -0.796183 139 69 19
-22.609578 9.439275 -0.100218 139 69 19
-10.218090 15.710417 0.257189 34 139 34
6.679758 16.963729 -0.305977 139 69 19
-4.753223 11.238329 0.169429 34 139 34
-16.800316 23.141394 -0.249818 34 139 34
21.758135 -2.417665 0.013123 34 139 34
-22.943211 -9.937412 0.641039 34 139 34
19.544190 -0.554811 0.236303 139 69 19
18.051598 6.367002 -0.272334 34 139 34
-18.655217 6.236026 0.034304 34 139 34
-9.350550 -14.946303 -0.618746 34 139 34
7.143371 -8.715491 0.044473 139 69 19
-5.606571 -5.221878 0.164032 139 69 19
-19.577276 -3.966010 0.208278 139 69 19
12.418717 -18.289056 -0.236866 139 69 19
3.088309 -11.265763 0.377667 34 139 34
-21.734667 19.229539 -0.030819 34 139 34
-9.815742 -4.603827 -0.939499 139 69 19
-7.944034 -15.722948 -0.656858 34 139 34
13.908683 -2.453866 -0.255355 34 139 34
-16.974142 8.346565 0.196796 34 139 34
16.144166 21.150397 1.228851 139 69 19
11.206161 7.727519 0.378195 139 69 19
-0.105795 10.103455 0.102532 139 69 19
-18.600830 23.946174 -0.347368 34 139 34
10.518437 -2.043321 -0.815602 34 139 34
-9.907230 8.664051 0.175714 139 69 19
-19.404649 22.024838 0.503944 34 139 34
0.659566 6.794344 -0.225804 139 69 19
-17.250417 -11.806047 0.679286 34 139 34
-4.413086 -3.641563 0.627288 34 139 34
2.731260 8.163257 0.157958 139 69 19
-8.713811 11.042085 -0.960744 139 69 19
16.291110 -16.819191 0.239742 139 69 19
-2.139397 -13.248624 0.057306 139 69 19
-21.378469 -6.011141 0.213177 34 139 34
6.764599 -21.334473 0.449481 139 69 19
-12.447459 -15.503921 -0.427309 34 139 34
8.666470 -3.502606 0.033025 139 69 19
-24.864396 -11.515279 0.370026 34 139 34
9.821424 9.270292 -0.327760 139 69 19
-21.753715 14.500863 -1.019475 34 139 34
2.861750 -19.194389 0.216798 34 139 34
8.283466 -6.574877 -0.099788 34 139 34
13.375518 -1.197514 -0.297849 34 139 34
-6.826313 -16.755774 -0.361137 139 69 19
-18.723316 -5.013690 -0.782553 139 69 19
-17.764223 -14.506156 -0.153654 139 69 19
-21.296742 -1.029086 0.220167 139 69 19
19.544556 -22.248284 -0.960605 34 139 34
-10.943281 -15.274426 -0.729672 34 139 34
-12.735210 -23.780925 0.236551 34 139 34
16.634362 -18.348502 0.640029 139 69 19
-7.371055 1.391692 0.424857 139 69 19
18.579431 -9.873247 -0.173809 34 139 34
8.329836 -10.723318 -0.163363 34 139 34
10.762464 -0.589805 -0.374918 139 69 19
-24.360034 8.742465 0.220918 139 69 19
-7.615282 9.400300 -0.641940 34 139 34
-17.105429 22.856694 -0.073732 139 69 19
24.832655 -24.292249 -0.123056 139 69 19
-8.883474 -0.798635 -1.423189 139 69 19
-5.542338 -5.359411 -0.029883 34 139 34
-3.435855 -20.854301 0.214566 139 69 19
11.799037 -11.723264 0.108667 34 139 34
1.861294 -22.807898 -0.653665 34 139 34
-7.867947 18.202922 -0.167104 139 69 19
11.656602 -15.482511 0.135950 139 69 19
22.100643 16.137198 0.759348 139 69 19
-1.731647 13.602942 -0.275337 34 139 34
-9.397446 -4.013148 0.460094 139 69 19
22.209685 10.174880 0.212245 34 139 34
-13.687066 -3.292844 -0.332057 139 69 19
-15.560049 -18.805578 -0.270953 34 139 34
13.088409 -14.385864 -0.149209 34 139 34
7.841072 0.649345 0.586313 34 139 34
7.648631 -14.931411 0.221153 139 69 19
19.003451 24.662923 0.185960 139 69 19
-3.013967 -17.553075 -0.061040 139 69 19
13.764657 7.946004 -0.708912 34 139 34
-18.725855 -21.136333 0.427765 139 69 19
19.173416 6.827574 -0.279079 34 139 34
-15.426639 -11.005492 0.274734 139 69 19
-20.634208 -4.634336 0.058150 139 69 19
19.748558 19.243296 0.413386 34 139 34
4.908792 -22.562064 -0.316785 34 139 34
22.618730 -24.064264 -1.427647 34 139 34
20.063802 16.002484 1.225880 139 69 19
15.216654 8.273320 -0.190109 34 139 34
-17.644258 -1.349631 -0.026425 139 69 19
-20.682735 3.968374 -0.878072 139 69 19
10.773725 16.426969 1.585672 139 69 19
-6.332171 -17.655038 -0.159034 139 69 19
-5.839458 -13.984627 0.907143 34 139 34
24.353094 -1.947262 -0.021682 34 139 34
20.999010 1.221683 -0.536056 139 69 19
-9.689185 15.574059 0.103609 34 139 34
17.921788 2.470582 0.121016 139 69 19
-21.450876 16.648355 -0.524668 34 139 34
-4.881867 -3.002852 0.191926 34 139 34
-7.075005 -14.981467 0.277002 139 69 19
14.222054 -15.924217 0.226545 34 139 34
-2.260459 -17.911629 0.033184 139 69 19
-13.219089 13.648179 -1.195062 139 69 19
10.480134 17.827233 0.717871 139 69 19
21.851549 -24.624396 0.540696 34 139 34
23.427166 5.976891 -0.521425 34 139 34
-13.816786 -22.834210 -0.300111 139 69 19
2.114231 -2.612805 -0.073505 139 69 19
-3.589487 -0.586794 0.197479 34 139 34
13.027503 12.223948 0.214681 139 69 19
23.929710 -23.051095 -0.613899 139 69 19
24.915132 -9.999832 1.035680 139 69 19
-20.343265 15.567375 0.045563 139 69 19
-17.633342 -14.283190 0.262542 34 139 34
-18.914879 16.365395 -0.222073 139 69 19
4.402910 -23.933978 0.194168 139 69 19
16.345568 -7.795768 -0.189869 34 139 34
3.581803 14.352564 0.406622 34 139 34
20.183465 -12.479173 0.212188 34 139 34
-14.668390 -24.924622 -0.771589 34 139 34
-19.380222 18.000683 0.734619 34 139 34
-5.505906 14.736433 0.334422 139 69 19
-16.548786 -17.813680 -0.354574 139 69 19
-21.535195 -4.112967 -0.504871 139 69 19
-21.615795 8.038926 0.402312 139 69 19
-10.230988 17.836826 -0.142437 34 139 34
16.731105 0.955135 -0.209749 34 139 34
6.729366 9.908206 -0.572593 139 69 19
-6.357551 -19.534322 0.030390 34 139 34
-13.419595 16.269501 -0.581613 34 139 34
-21.988634 20.997406 0.363398 34 139 34
-8.734967 -21.816657 -0.107491 139 69 19
-21.132682 -18.261060 -0.214333 139 69 19
14.191438 5.659002 1.070766 139 69 19
-11.758328 19.486500 0.941818 139 69 19
2.581518 -23.314031 1.067700 139 69 19
7.422195 0.604199 -0.395222 34 139 34
-0.707024 6.165815 0.442818 34 139 34
-21.594876 -7.548563 -0.710250 34 139 34
17.770489 -18.044054 0.872185 139 69 19
-14.684577 10.404440 0.504597 139 69 19
8.829120 -14.548875 0.182869 139 69 19
-2.293591 3.896873 -0.344998 139 69 19
-17.465909 -4.287409 -0.172382 34 139 34
9.132852 20.439850 1.031660 139 69 19
3.712952 -23.547269 0.453908 34 139 34
23.714285 -2.793821 -0.240583 139 69 19
-21.009590 0.360260 0.143096 34 139 34
-9.302828 -2.076565 -0.140568 34 139 34
-1.314379 24.222508 0.577667 139 69 19
-9.234654 22.790920 -0.107457 139 69 19
13.060080 -23.218890 0.136617 139 69 19
8.760467 3.658525 -0.498895 139 69 19
-15.626735 -18.555272 -0.193903 34 139 34
-22.138802 20.857639 0.039541 139 69 19
-23.335367 -2.319074 0.137561 139 69 19
-4.142633 -20.536264 -0.444978 34 139 34
12.483622 13.326250 0.363075 139 69 19
21.427113 24.585146 0.014136 139 69 19
0.986191 2.048436 1.137020 139 69 19
-21.813397 -22.510275 -0.210502 34 139 34
-6.039625 -5.006709 -0.515715 139 69 19
-21.456773 5.511783 -0.049966 34 139 34
14.366860 7.304144 0.261276 139 69 19
-2.565427 -2.760654 0.397479 139 69 19
-3.734606 14.041417 0.417180 34 139 34
6.833129 -21.590927 -0.717907 139 69 19
22.084618 -7.358289 -0.560600 139 69 19
23.723338 -0.262800 -0.337006 34 139 34
6.631989 18.405143 -0.375815 34 139 34
-16.348114 11.516440 -0.551792 139 69 19
7.673802 -3.054188 0.359896 34 139 34
-19.686261 -11.195702 -0.856524 34 139 34
20.943686 -0.701442 0.721868 34 139 34
12.931452 -9.665818 -0.052149 34 139 34
3.590784 -24.858368 0.044772 34 139 34
21.128509 0.737679 0.317828 34 139 34
-21.159466 -2.439291 -0.270058 139 69 19
-19.568143 7.971640 -0.786414 34 139 34
18.558269 -18.660436 0.176654 139 69 19
12.729554 4.795945 -0.452440 139 69 19
0.267448 17.188311 0.067914 34 139 34
-8.929138 1.741378 0.236885 34 139 34
2.234688 -11.592191 -0.385827 34 139 34
14.443683 -15.834077 -0.906801 34 139 34
17.608659 21.844235 -0.571846 139 69 19
10.853245 12.612975 -0.726939 139 69 19
-22.764635 -14.650602 0.115834 139 69 19
-22.165849 17.791796 -0.206457 34 139 34
7.001081 -21.678645 0.473238 139 69 19
24.378373 -22.512335 -0.219059 34 139 34
21.865715 1.940034 0.909990 139 69 19
-5.598246 -11.692794 0.915496 139 69 19
10.955499 -14.529977 -0.321554 34 139 34
-15.006571 9.116909 0.500496 34 139 34
3.081074 -14.318369 0.238748 34 139 34
-22.932486 -12.279384 -0.272524 139 69 19
-6.943014 10.389409 -0.442086 34 139 34
8.931679 2.628255 -0.074420 34 139 34
21.877426 -11.991910 0.028668 139 69 19
-9.640013 1.836457 0.292972 139 69 19
1.644252 9.823858 0.340887 139 69 19
-19.286351 -23.543524 0.790890 139 69 19
10.088358 -21.391801 0.043797 34 139 34
-8.845801 -5.312339 -0.492454 34 139 34
11.716297 7.251358 -0.263137 34 139 34
-14.063556 -5.861279 -0.350140 139 69 19
0.504394 8.909171 -0.335783 139 69 19
18.446060 -6.755286 0.197665 34 139 34
17.697562 13.778805 0.045391 34 139 34
13.045083 -6.922554 0.765919 139 69 19
8.365955 24.642258 -0.180327 139 69 19
8.397280 5.681343 -0.657284 139 69 19
-1.376862 1.265032 0.580979 139 69 19
13.802635 -21.094574 0.729076 139 69 19
-20.621839 14.435292 0.417608 139 69 19
-5.982266 -12.562382 -0.325747 139 69 19
8.320544 -22.566442 -0.634654 34 139 34
-9.493193 3.595773 0.343260 139 69 19
3.119818 1.252645 0.151566 139 69 19
-15.215770 2.025077 0.418891 139 69 19
-15.504213 -16.377513 0.193821 139 69 19
-6.915501 9.404008 0.024217 34 139 34
-21.012857 21.630482 0.342761 34 139 34
7.101855 -15.645189 -0.268789 34 139 34
17.899891 -8.656324 0.291705 34 139 34
-14.374128 -7.168657 -0.053211 139 69 19
12.207339 5.324024 -0.000911 139 69 19
-9.301998 -0.375752 0.048480 139 69 19
-8.960713 -1.619275 -0.480127 139 69 19
18.609311 -21.632726 -0.087566 139 69 19
19.765979 6.125022 0.175448 34 139 34
-24.944448 -14.573484 0.197952 139 69 19
-11.509512 -4.158257 -0.198176 139 69 19
-6.419675 20.446524 -1.098592 139 69 19
-19.351886 12.180130 0.125042 139 69 19
2.359713 -8.129216 -0.225031 139 69 19
-10.569513 9.808298 -0.309651 34 139 34
-15.356219 -15.504280 -0.063143 34 139 34
21.581921 -20.376829 -0.052646 34 139 34
-12.456528 -6.155448 -0.059447 139 69 19
3.136877 -14.854160 0.334532 34 139 34
-20.850288 6.549675 -0.243838 139 69 19
5.973832 2.586101 0.537176 139 69 19
-16.945941 -8.524919 0.289280 139 69 19
-0.746963 -11.403638 0.684735 34 139 34
8.079876 -1.933740 0.652199 34 139 34
19.160830 12.993700 -0.212817 139 69 19
18.680432 17.116626 -0.086342 34 139 34
-1.433110 1.319530 0.420050 34 139 34
-6.687528 -1.701303 0.153882 139 69 19
13.680002 20.452871 -1.031802 34 139 34
11.789252 13.200632 0.861946 34 139 34
14.828509 6.781692 -0.443243 34 139 34
-8.192431 15.643753 0.211581 139 69 19
3.301318 -14.867177 0.438148 139 69 19
-23.899462 5.029912 -0.080924 34 139 34
-6.561606 24.511719 -0.219802 139 69 19
-3.782156 -9.728152 0.843291 139 69 19
-21.681437 1.440634 -0.125668 139 69 19
1.479959 -9.811227 -0.119640 34 139 34
16.940116 -19.786894 -0.005784 139 69 19
-22.193844 -1.526462 0.250009 34 139 34
0.639582 -7.361075 0.313758 139 69 19
8.352052 17.208092 -0.141529 139 69 19
4.689520 -1.792347 0.553234 34 139 34
3.022768 -10.789826 -0.813256 34 139 34
8.625213 17.045586 0.504845 34 139 34
-24.354224 -23.962785 0.531074 139 69 19
-8.470522 -4.965199 -0.371648 34 139 34
-9.902176 0.180332 0.820726 34 139 34
2.610674 17.716697 0.109337 34 139 34
23.572266 -4.485998 -0.505604 34 139 34
-6.383222 19.802855 -0.696244 34 139 34
21.233005 -8.918972 0.274388 34 139 34
21.654987 18.139230 0.722340 139 69 19
-16.024255 -7.788667 -0.455542 139 69 19
22.314246 -11.435035 -0.743292 139 69 19
17.997323 13.635782 -0.779964 34 139 34
-10.756580 -15.147075 0.400606 34 139 34
-1.761249 -12.471492 -0.480993 139 69 19
15.467899 -15.515724 -0.142627 34 139 34
8.168723 -12.575900 0.874840 34 139 34
-16.449630 -2.256186 0.317866 139 69 19
11.105942 5.975490 0.646942 139 69 19
-17.616501 10.219941 0.356494 139 69 19
21.298433 16.356200 0.676396 139 69 19
-9.101145 -16.596200 -0.936665 34 139 34
23.122541 21.431170 -0.640786 34 139 34
-23.694753 -3.845307 0.140005 139 69 19
11.114048 -21.696910 0.392005 34 139 34
8.047045 7.962641 -0.290592 34 139 34
-10.596164 -14.263875 0.770179 139 69 19
24.797749 -9.130691 0.216129 139 69 19
24.976341 6.674956 -0.436686 34 139 34
16.677946 13.797598 0.925098 139 69 19
6.916715 -22.951509 0.928195 139 69 19
14.534469 -12.794216 0.801525 139 69 19
5.507848 13.788230 -0.270273 34 139 34
-8.431062 -22.363236 0.570645 34 139 34
-24.188004 20.629217 0.232383 34 139 34
-19.519887 23.699395 -0.713067 139 69 19
2.217842 -10.197724 0.490612 34 139 34
2.541159 -24.946595 0.794451 34 139 34
-4.954772 9.018358 0.346788 34 139 34
21.326627 -16.293577 -0.673785 34 139 34
-1.117093 14.902858 0.610394 139 69 19
0.683572 -9.678402 -0.289231 139 69 19
4.659924 -13.325680 -0.227156 34 139 34
13.912864 -24.842584 0.088010 139 69 19
14.364566 10.251634 -0.542851 139 69 19
11.095026 -16.936401 -0.146863 34 139 34
-10.098693 -13.895726 0.257754 139 69 19
-12.753951 -10.779637 0.202145 139 69 19
19.999751 24.183042 -0.274809 139 69 19
2.436272 -21.639067 0.126851 139 69 19
-6.262042 14.390492 1.013828 34 139 34
8.402502 -22.429780 0.309263 34 139 34
-16.457399 22.638437 0.843197 139 69 19
-2.307443 18.547176 0.337624 34 139 34
12.007840 2.628881 -0.095805 139 69 19
-9.052427 -8.684177 0.309434 34 139 34
-5.720230 -15.732099 -0.687833 139 69 19
-14.368538 -5.972247 0.051840 139 69 19
-15.673950 -18.569862 0.519753 139 69 19
-23.332660 -6.809866 0.697743 34 139 34
-18.461412 23.485350 0.364396 139 69 19
11.600883 2.625908 -1.205741 34 139 34
23.621571 -12.651136 -0.139188 139 69 19
-3.871453 -11.780240 0.134467 34 139 34
15.854518 20.851589 -0.065340 139 69 19
21.230081 -23.726864 -0.198377 34 139 34
2.282935 1.232923 -0.134212 34 139 34
-3.891463 -9.734779 -0.038924 34 139 34
18.283838 -23.382881 0.124220 139 69 19
-1.476624 -15.077460 -0.201715 139 69 19
8.337633 15.067244 0.173480 139 69 19
19.547731 7.814246 -0.874317 139 69 19
-14.527268 24.765626 -0.191012 139 69 19
15.836767 2.701919 -0.215807 34 139 34
-5.981125 -5.702644 0.384700 34 139 34
5.580372 -5.807187 0.317152 139 69 19
22.294934 8.180966 -0.758757 139 69 19
23.127574 16.876014 1.125346 139 69 19
-12.968581 -8.165073 -0.845295 34 139 34
-14.847391 17.340175 -0.152311 34 139 34
-2.411861 -24.696251 0.631845 139 69 19
19.826207 -22.368669 0.113151 34 139 34
13.601549 -18.335952 0.319119 34 139 34
9.997231 -23.224500 -0.550130 139 69 19
-23.032613 -18.902738 -0.061861 34 139 34
19.916633 -9.884593 0.748892 34 139 34
8.723469 18.659066 -0.157772 139 69 19
-7.628767 -2.591016 -0.406619 139 69 19
5.850975 0.998937 -0.137333 34 139 34
-13.306695 9.577268 -1.411954 34 139 34
-0.916807 -10.865263 -0.623079 34 139 34
-14.965246 3.195813 -0.046690 139 69 19
1.582349 -1.980703 -0.171680 139 69 19
-4.362718 3.601772 0.570780 34 139 34
-18.983777 -0.678197 -0.393119 139 69 19
16.668341 23.618659 0.538410 34 139 34
9.127763 -24.920784 0.594253 34 139 34
24.525486 13.373383 0.977032 34 139 34
21.514255 -7.206981 0.209207 34 139 34
3.609550 23.418042 -0.433306 34 139 34
10.143083 -5.940017 -0.111358 34 139 34
15.552424 -0.417798 0.211517 34 139 34
-17.693195 1.666557 -0.247076 139 69 19
24.689354 -6.653627 0.550041 139 69 19
-10.928559 5.518523 -0.036256 34 139 34
-15.107607 18.062742 0.038439 34 139 34
-19.492451 24.340103 -0.512525 34 139 34
3.133269 23.731950 0.310535 34 139 34
-11.372257 -12.564782 0.188066 139 69 19
-14.896974 6.338029 0.403682 34 139 34
-4.586781 -3.405471 -0.438589 34 139 34
4.663256 11.161229 -0.464531 139 69 19
22.410908 21.557632 -0.421095 34 139 34
-20.931957 -11.961041 -0.088095 139 69 19
-9.366550 1.058028 -0.293765 34 139 34
-14.927763 17.548585 0.055668 139 69 19
-24.102514 21.097626 -1.033202 139 69 19
9.478412 -22.198260 -0.070033 34 139 34
17.658113 -1.810817 0.388787 34 139 34
-7.232881 3.385992 0.878405 139 69 19
-3.524295 -21.330846 0.052630 34 139 34
2.597046 10.781658 0.600207 139 69 19
-8.101673 -22.838716 -0.042692 34 139 34
9.349259 -17.422205 -0.124304 34 139 34
-10.950745 -0.981443 -0.667085 34 139 34
5.843936 -22.312952 -0.221052 34 139 34
-6.504048 -22.155812 0.361636 139 69 19
20.635169 -13.401647 -0.275533 139 69 19
-8.685634 -10.694492 0.321669 139 69 19
-3.614561 14.751175 0.047766 34 139 34
-2.654047 -2.609116 0.664706 34 139 34
1.105358 -18.703132 0.458541 139 69 19
-6.452496 10.352662 0.085453 34 139 34
-18.979073 -4.197150 -0.080067 34 139 34
-13.566129 0.291858 0.043609 34 139 34
22.293090 0.429551 -0.610639 34 139 34
-3.410679 -23.652743 -0.303738 139 69 19
24.957508 11.414704 -1.194897 34 139 34
18.765321 -19.500796 -0.401805 34 139 34
10.897431 -4.191840 -0.010086 34 139 34
9.317771 -18.972514 0.235698 34 139 34
-16.835426 14.055871 0.506906 34 139 34
-8.507696 -24.823364 -0.254090 139 69 19
20.745189 -21.162864 0.270441 34 139 34
-1.567128 19.216113 1.386330 34 139 34
11.488395 3.213555 0.428434 34 139 34
-7.688351 -21.146339 0.643496 139 69 19
17.184575 -4.148861 -0.482532 139 69 19
6.166889 2.832942 0.438123 139 69 19
-17.425650 -9.839548 -0.114561 139 69 19
0.865409 17.029947 0.854867 139 69 19
18.325758 -22.766986 0.784218 139 69 19
21.547773 11.091653 0.557765 34 139 34
-9.750702 9.110679 -0.288005 139 69 19
8.207695 22.819873 -0.505281 139 69 19
21.198820 -2.323829 0.683394 34 139 34
-4.668003 -23.874994 0.342475 139 69 19
16.850909 -5.882336 1.126347 34 139 34
4.185192 -13.099732 0.956807 34 139 34
-8.113719 -4.227875 0.509661 139 69 19
-12.303602 -20.144227 -0.659938 139 69 19
14.131164 -19.479117 0.510696 139 69 19
1.781276 13.219419 -1.067676 34 139 34
-7.491634 -14.569819 0.113692 139 69 19
15.182519 -14.589191 -1.076611 34 139 34
-21.553463 -0.700784 0.391515 34 139 34
-0.248352 -4.136111 0.231608 34 139 34
-15.705467 -2.972653 0.021820 139 69 19
18.483108 15.580491 -0.048981 34 139 34
11.938021 -5.895241 -0.446349 34 139 34
7.042951 21.443000 0.272332 139 69 19
17.392796 -6.515575 -0.254487 34 139 34
20.255592 13.870546 0.105273 139 69 19
-6.768308 -15.015102 -0.546676 34 139 34
-21.376529 8.769030 -0.131517 34 139 34
17.777284 3.192146 0.126879 139 69 19
22.206062 -13.047795 0.262025 34 139 34
-3.138137 -16.494350 -0.547045 139 69 19
5.043248 -14.942715 0.135643 34 139 34
12.663810 10.714012 0.100822 34 139 34
4.028640 5.237636 -0.543197 34 139 34
-8.870543 21.273849 -0.777062 34 139 34
-1.370811 -6.227620 0.126770 34 139 34
-23.870318 20.897516 0.487038 139 69 19
-14.154677 21.693056 0.447888 139 69 19
-24.607596 24.736183 -0.509585 139 69 19
-10.688447 23.765032 -0.370415 139 69 19
-3.399709 -4.189326 0.355817 34 139 34
-18.424793 19.662716 0.560793 139 69 19
-9.446798 19.349354 -0.034862 139 69 19
21.399359 5.239898 -0.137464 34 139 34
1.481798 -1.072756 1.007652 34 139 34
0.174032 -1.231108 0.269335 139 69 19
-12.710982 -17.715082 0.193487 139 69 19
9.883151 -2.001463 0.595581 34 139 34
21.185315 17.217674 0.051417 139 69 19
3.908867 15.422704 -0.288237 139 69 19
4.232776 16.025295 -0.330911 34 139 34
-3.799906 12.845640 -0.107463 34 139 34
12.308740 19.505634 -0.321650 139 69 19
-23.156445 -11.657134 1.026831 139 69 19
4.903196 -6.576674 0.011397 34 139 34
-7.835226 -20.281452 -0.228698 139 69 19
1.358286 17.231514 0.021620 139 69 19
-22.379885 7.725876 0.405790 139 69 19
-4.409455 24.458039 -0.182607 139 69 19
-17.864713 -3.332968 0.110678 34 139 34
-21.166027 3.825742 -0.407047 139 69 19
19.984343 -20.441446 0.158687 139 69 19
8.752376 -18.186069 -0.197258 34 139 34
23.529394 -13.241766 -0.125102 139 69 19
20.357110 -23.887581 0.192810 34 139 34
-21.538005 15.739493 0.610122 139 69 19
23.017393 -21.687272 0.074327 139 69 19
-22.216018 7.422170 -0.358918 139 69 19
-23.192513 -0.263569 0.298609 34 139 34
7.854417 22.114563 -0.408275 139 69 19
1.359071 0.846046 -0.143298 139 69 19
17.598907 -21.202685 -0.268273 34 139 34
13.135971 -16.749344 -0.118486 34 139 34
-10.492079 16.087542 0.040451 34 139 34
-19.755124 -18.599155 -0.119682 139 69 19
-9.392530 -23.336576 -0.345788 139 69 19
-2.912895 16.292855 0.057234 34 139 34
20.720938 -21.955212 -0.961040 139 69 19
-2.779638 4.841517 -0.897915 139 69 19
13.560555 -9.267364 -0.348015 34 139 34
21.416989 3.294377 0.278675 34 139 34
-2.047550 18.211923 0.153571 139 69 19
1.960697 -12.520221 0.398828 139 69 19
-16.691328 14.967918 -0.504207 34 139 34
-18.801564 -1.918263 -0.264760 139 69 19
-9.113306 -0.661900 0.523243 139 69 19
-22.582126 18.904665 -0.909779 139 69 19
-13.347308 11.742109 0.164534 139 69 19
-23.914465 9.531316 -0.663208 139 69 19
0.366090 9.210052 -0.175889 139 69 19
15.075001 -5.300671 0.770808 139 69 19
5.792962 -19.061220 -0.598770 34 139 34
5.547658 9.097312 -0.358401 139 69 19
-19.579892 -21.414556 -0.718515 139 69 19
-3.221004 -3.673506 -0.090628 34 139 34
2.211454 1.544139 -0.265478 139 69 19
0.895708 -3.760125 0.011096 139 69 19
3.279013 -17.128460 0.010749 139 69 19
6.849428 -14.238976 -0.786226 139 69 19
-19.874491 -4.382891 -0.217586 34 139 34
-20.845259 -21.823816 0.043756 34 139 34
13.304498 -22.013059 0.131022 139 69 19
-16.714858 -1.737348 0.143456 34 139 34
-16.112611 23.505925 -0.402104 34 139 34
-23.178935 -23.819718 0.445227 34 139 34
-5.680632 15.695465 -0.403396 139 69 19
0.046693 23.755993 0.155620 139 69 19
14.430151 0.233840 0.855416 34 139 34
13.928711 5.262257 0.083506 34 139 34
-3.980619 3.447614 0.963574 139 69 19
21.288575 -17.513554 0.683812 139 69 19
-17.593694 12.163756 -0.462458 34 139 34
9.051973 13.463581 -0.077831 34 139 34
16.476418 3.664310 -0.515312 34 139 34
19.160474 23.747344 0.360155 34 139 34
1.440764 9.365247 -0.760925 139 69 19
23.187567 23.817029 0.211951 139 69 19
-16.109891 -23.609177 0.856500 139 69 19
-2.943608 0.146920 0.243542 34 139 34
13.426134 12.622422 -0.494358 34 139 34
20.036037 -13.368974 -0.116052 139 69 19
-18.279064 22.306109 -0.453944 139 69 19
-5.145842 0.318921 0.188362 139 69 19
-24.489404 19.511378 0.725259 139 69 19
15.200129 -24.893115 0.873663 139 69 19
6.778704 3.307582 0.127495 139 69 19
13.576683 2.663864 -0.376378 139 69 19
2.338511 -11.388220 -0.509483 139 69 19
9.988132 -10.576181 -0.170634 139 69 19
-17.445493 -1.181338 0.578447 34 139 34
11.782097 13.800151 -0.190718 139 69 19
-9.871757 -15.573386 0.854329 34 139 34
17.483352 15.059008 -0.725133 139 69 19
-7.346768 -19.187288 -0.254705 139 69 19
14.793392 11.897004 0.570806 139 69 19
-4.457517 0.797131 -0.623461 34 139 34
-4.461250 -1.040317 -0.398309 139 69 19
-19.269670 2.153886 0.550380 139 69 19
-24.383753 -24.833161 0.199180 139 69 19
-21.069360 12.582773 0.257857 139 69 19
16.913789 22.103471 0.354625 139 69 19
10.883385 -8.813567 0.158678 139 69 19
-11.284150 -5.406378 -0.119909 34 139 34
2.993767 17.165123 0.294371 34 139 34
12.312672 4.869673 -0.176830 34 139 34
-22.899321 -14.848370 -0.127732 34 139 34
8.555233 19.876429 -0.152808 34 139 34
3.480742 17.153821 -0.022585 139 69 19
17.956371 -15.503402 -0.130774 139 69 19
-5.076489 -2.330515 -1.237115 139 69 19
-17.471086 -18.539939 -0.721551 139 69 19
-12.072984 -11.313535 0.305454 139 69 19
-16.235592 -0.641650 -0.345595 139 69 19
-7.488216 -20.609011 0.546220 139 69 19
18.925762 22.535316 0.154271 34 139 34
15.623641 15.376034 0.664147 139 69 19
0.274225 -12.560988 0.015998 34 139 34
11.619901 -19.478823 -0.447517 139 69 19
-22.026209 5.718888 0.326979 139 69 19
-12.607177 0.011442 1.006851 139 69 19
12.972596 9.263265 0.094676 34 139 34
-17.532196 2.523249 0.594039 139 69 19
-16.243150 14.727563 0.295069 34 139 34
15.701800 0.099635 -0.935258 139 69 19
19.002179 -0.243246 -0.202168 34 139 34
-3.159989 -5.604594 -0.451054 139 69 19
-11.884857 -0.347074 0.076721 139 69 19
16.823404 24.844677 0.593385 139 69 19
-8.323314 -17.161950 -0.030063 139 69 19
-21.548820 -14.683010 -0.012354 139 69 19
15.047245 15.536836 -0.688516 139 69 19
-23.873675 6.634220 0.747658 139 69 19
-18.730380 -3.327099 0.642914 34 139 34
20.908652 13.464831 -0.701013 139 69 19
-15.351959 -4.403244 0.510296 34 139 34
-11.268664 14.399505 0.878176 34 139 34
22.649325 -16.868786 -0.014446 34 139 34
6.310145 -10.856639 -0.121301 139 69 19
14.143363 19.548053 0.910306 34 139 34
5.122455 4.914361 0.497843 139 69 19
-17.620692 -21.054767 0.368341 34 139 34
21.153365 13.203703 -0.751283 139 69 19
7.280159 -8.768500 -0.752101 34 139 34
4.298811 15.504458 -0.708231 34 139 34
-6.910789 -21.203031 -0.394937 34 139 34
-12.443958 -20.976785 -0.716213 34 139 34
4.724248 19.556477 -0.268101 34 139 34
-19.104976 21.384703 0.043229 34 139 34
-23.266509 24.970794 -0.066751 34 139 34
-3.292922 -15.743121 -0.378850 34 139 34
-5.346430 13.836469 -0.372095 34 139 34
23.888923 -22.763160 0.092036 139 69 19
-19.827542 9.628551 0.327478 34 139 34
-6.374556 10.378409 -0.207650 139 69 19
0.247875 5.608186 0.430197 34 139 34
24.640190 -7.984650 0.356997 34 139 34
-22.235624 -16.532389 0.258047 139 69 19
-10.517401 -8.639215 -0.253053 139 69 19
-15.719627 -18.232340 0.334889 139 69 19
-13.551216 -18.794568 -0.709608 139 69 19
12.165215 24.688955 -0.027099 34 139 34
22.943055 12.322810 -0.255783 139 69 19
18.431844 -16.679561 -0.527952 34 139 34
-20.585157 3.987771 -0.109173 139 69 19
-23.307730 -10.880754 -0.843854 139 69 19
7.303195 -12.011257 0.522631 139 69 19
-6.480964 15.084457 -0.248434 34 139 34
-3.129963 6.696107 0.257966 139 69 19
-3.600417 -21.728038 -0.023330 34 139 34
-18.353250 -17.522740 0.838912 139 69 19
16.905823 -8.298028 -0.609187 139 69 19
-8.084183 -21.586350 -0.108605 139 69 19
-14.464060 17.635679 -0.360071 34 139 34
5.279999 -12.421390 0.385114 139 69 19
-8.191905 18.128643 0.570370 34 139 34
5.245801 -20.787532 -0.304904 139 69 19
14.444009 -11.285368 0.341306 34 139 34
-15.333519 8.497969 0.678443 34 139 34
7.799205 -5.916203 0.159876 34 139 34
1.276169 5.676592 0.365904 139 69 19
-13.401122 -19.292040 0.756201 139 69 19
17.835237 19.858319 0.359439 139 69 19
-16.962881 8.825379 -0.349869 34 139 34
4.629456 10.789886 -0.635755 34 139 34
6.106334 19.801914 -0.109989 34 139 34
23.868889 21.232192 -0.341538 34 139 34
-11.945920 -8.861746 0.035868 34 139 34
3.869887 -19.190438 -0.195998 139 69 19
19.757465 22.513014 -0.323474 34 139 34
16.423116 -4.723861 0.536645 34 139 34
-4.925793 -2.465047 0.403587 139 69 19
-11.164613 22.397059 -0.223328 139 69 19
21.176236 -1.919344 -0.267109 139 69 19
5.187803 4.574180 -0.808869 139 69 19
-24.797692 10.573477 -0.051069 139 69 19
-22.573004 22.764196 -0.144899 34 139 34
11.392298 -15.535115 -0.226081 139 69 19
24.868328 -10.667703 0.019645 139 69 19
-18.839998 4.839431 -0.094271 139 69 19
-8.418575 23.980486 -0.592083 34 139 34
3.134882 11.363108 -0.228474 34 139 34
-21.327255 -2.975022 0.177227 34 139 34
-1.027697 7.394314 -0.541625 139 69 19
-9.671662 2.306407 -0.144187 139 69 19
-7.113988 21.178331 0.095804 139 69 19
8.016424 -18.561240 -1.019656 34 139 34
9.411593 -14.770845 0.254179 139 69 19
3.748837 -23.639492 -0.532687 34 139 34
-16.280246 -13.713137 -0.166646 34 139 34
18.369804 -9.455028 0.292430 34 139 34
-20.775741 -18.770514 -0.171508 34 139 34
11.597998 -20.323497 0.160828 139 69 19
-21.523411 16.823735 0.208749 139 69 19
23.176672 -5.632052 0.597938 139 69 19
3.348165 1.603706 -0.336144 139 69 19
24.208640 -1.722807 1.248011 34 139 34
-10.353607 -22.207884 -0.455457 34 139 34
-18.195173 8.974255 -0.576946 139 69 19
11.475432 -22.484860 0.674844 139 69 19
10.640849 -6.885635 0.264329 34 139 34
-12.957277 2.579981 -0.178402 34 139 34
-24.808614 -3.835951 0.056139 34 139 34
-17.650310 7.762334 0.090027 139 69 19
-12.926565 -7.907971 -0.306744 34 139 34
-2.861070 -1.847018 -0.300948 139 69 19
-4.796650 -23.849191 0.083132 34 139 34
-14.871719 -24.355433 0.770070 139 69 19
20.357764 -8.733000 0.572478 34 139 34
-0.799632 -18.705167 0.167512 139 69 19
5.853221 4.216945 0.843407 139 69 19
8.637685 22.041784 -0.426823 34 139 34
-16.245902 -20.049534 0.395678 34 139 34
-17.950435 -11.813429 -0.040298 139 69 19
10.485483 -15.177933 -0.223831 34 139 34
10.367518 9.817354 -0.157558 34 139 34
18.325103 5.960072 0.440637 139 69 19
20.663894 -0.558457 -0.051110 34 139 34
4.562594 14.183738 -0.650628 34 139 34
10.215195 -17.991556 -0.238395 139 69 19
-19.447237 -11.489895 -0.236722 139 69 19
2.838508 -2.314136 -0.217349 34 139 34
7.582010 -20.928103 0.186247 34 139 34
21.243312 19.986205 -0.140924 139 69 19
-9.262898 16.157320 -0.809100 139 69 19
4.667132 -18.474307 -0.685152 139 69 19
15.395415 -9.440230 0.394303 139 69 19
9.685306 -0.640934 -0.001511 139 69 19
17.775418 -9.005585 0.824696 34 139 34
-5.053912 9.501754 0.334821 34 139 34
15.625599 18.179981 -0.378063 139 69 19
2.058468 -17.872803 0.409238 34 139 34
4.698825 22.915136 -0.453764 139 69 19
-15.236931 -18.551020 -0.331766 139 69 19
23.553416 14.231167 0.430297 139 69 19
20.007424 23.524854 -0.949368 34 139 34
-7.008028 24.126956 -0.234094 34 139 34
14.288479 6.206553 0.370175 34 139 34
3.993795 -9.154268 -0.473045 139 69 19
-4.837901 0.666468 0.408353 139 69 19
-21.774246 10.552930 -0.106629 139 69 19
-5.291341 -14.796525 0.106154 139 69 19
0.737862 -9.165068 -0.857344 34 139 34
-22.950928 14.082298 0.442922 34 139 34
23.299596 -1.839557 0.554434 34 139 34
-20.037064 -4.300832 -0.080666 34 139 34
11.322285 16.550315 -0.472373 139 69 19
13.726443 -22.022993 -0.427058 139 69 19
11.234671 12.463053 -0.648507 34 139 34
-5.151427 -3.752861 0.100291 139 69 19
-4.714811 8.298886 0.641652 139 69 19
20.679062 20.868349 -0.194855 139 69 19
-23.592971 7.388799 0.507410 34 139 34
0.499272 -19.020055 0.435720 139 69 19
-12.682470 21.018094 0.186817 139 69 19
21.722483 -7.743099 0.256557 34 139 34
-4.675650 19.608110 0.237565 139 69 19
-6.671943 -3.854281 0.545241 34 139 34
11.994756 -23.654090 -0.013119 34 139 34
-5.123504 17.118738 -0.474411 139 69 19
-23.932236 -22.750711 0.250156 34 139 34
13.999188 -22.139275 0.202645 139 69 19
-13.502238 5.663405 -0.110927 139 69 19
-20.527005 18.784667 0.624089 139 69 19
-19.099586 -13.474539 -0.254547 139 69 19
12.077047 -5.619099 -0.284897 139 69 19
14.559062 -23.466199 0.416747 34 139 34
-22.811123 1.719368 -0.110144 139 69 19
6.199048 -17.397074 0.033055 34 139 34
-10.158362 4.911018 0.530037 139 69 19
20.796797 -0.745258 0.021946 34 139 34
7.245208 -23.671030 1.064161 34 139 34
23.255992 -9.899519 0.141973 139 69 19
6.264833 0.515978 -0.108898 139 69 19
15.940217 -19.858267 -0.230047 139 69 19
-6.104921 -6.169960 -0.032100 34 139 34
9.134210 -8.637452 0.420937 34 139 34
24.631017 -9.922205 -1.231036 34 139 34
-11.088816 5.437616 -0.905427 139 69 19
1.446500 20.925280 -0.633009 139 69 19
24.782524 -16.333668 0.926057 34 139 34
9.255594 18.840240 0.236281 139 69 19
-2.467136 -13.903082 -0.087130 139 69 19
18.257967 7.606775 0.033508 139 69 19
13.733782 22.780372 0.465679 139 69 19
3.269601 20.823179 -0.315553 139 69 19
-3.838049 2.363516 -0.003370 34 139 34
-12.729816 16.606369 0.044546 34 139 34
7.330250 4.698379 -0.568794 139 69 19
14.832047 10.931499 1.298360 34 139 34
1.757511 16.890916 0.044998 34 139 34
-16.047267 13.663444 0.137390 34 139 34
-21.681330 -9.258617 -0.304984 34 139 34
-8.934433 -2.092471 -0.013440 139 69 19
-20.543075 -7.160650 -0.266385 34 139 34
-18.218849 23.728531 -0.094290 34 139 34
-1.828624 11.926443 -0.439156 139 69 19
-0.482794 -12.911321 0.507932 34 139 34
0.734567 16.219465 -0.273725 139 69 19
22.950666 -5.358532 0.251866 34 139 34
-18.743408 -18.588139 0.515279 34 139 34
10.639687 22.056075 0.107133 34 139 34
9.072862 -17.973379 0.250589 139 69 19
2.094817 22.020733 0.739100 34 139 34
-8.120362 14.131805 -0.207352 34 139 34
18.447870 3.499262 1.428138 139 69 19
-24.901894 -20.941185 -0.227309 139 69 19
-3.071046 -23.750706 -0.563771 34 139 34
-9.895937 23.396206 0.232257 34 139 34
-19.268326 -19.686510 0.438698 139 69 19
-8.546807 11.579927 0.041874 34 139 34
16.433808 -17.990300 -0.275147 139 69 19
21.906135 -21.402267 0.348705 34 139 34
0.183566 -5.420776 0.562436 34 139 34
10.945638 -12.410185 -0.094368 34 139 34
13.922359 -18.600463 0.798949 139 69 19
7.746861 -13.105410 0.295605 34 139 34
17.584041 3.239040 -0.240380 34 139 34
10.806847 3.699612 0.101948 139 69 19
3.585722 23.396575 0.457710 139 69 19
-15.538130 2.755265 -0.413988 139 69 19
0.205032 -18.251274 0.606729 34 139 34
20.809022 -10.943060 -0.773095 34 139 34
-19.758089 -7.354396 -0.291876 139 69 19
-13.587730 -11.947262 -0.339123 139 69 19
-12.719781 3.143247 0.068643 139 69 19
-21.723965 -0.725354 -0.211200 139 69 19
2.003531 11.954004 0.191527 34 139 34
-23.846076 0.422639 0.055324 34 139 34
8.032785 -16.801380 -0.283827 139 69 19
15.975608 19.881367 0.281238 139 69 19
-14.964358 15.943376 -0.578782 34 139 34
3.517905 10.566983 0.425541 139 69 19
-24.086632 0.200747 -0.058460 34 139 34
20.818818 17.232200 -0.096347 139 69 19
-9.941202 9.448143 0.206767 139 69 19
-24.190231 14.669361 -0.308270 34 139 34
-2.153404 -15.530077 -0.796111 139 69 19
-1.389568 -8.490661 0.053058 139 69 19
-10.380978 7.703992 -0.160968 139 69 19
-15.378227 -23.051252 1.277602 34 139 34
21.402686 21.318356 -0.135368 34 139 34
7.751610 21.331108 -0.523906 139 69 19
23.585008 5.709013 0.162903 34 139 34
13.311649 -16.651756 -0.050517 139 69 19
21.893998 -20.623141 -0.937174 139 69 19
23.757335 -13.558124 -0.439007 34 139 34
2.357413 15.067183 0.424338 139 69 19
3.737742 4.274446 -0.759195 139 69 19
15.806410 -21.348739 -0.295863 34 139 34
5.599814 6.006572 -0.447165 139 69 19
16.726439 -2.694757 0.495075 139 69 19
13.672463 -23.819462 -0.574917 34 139 34
12.058738 11.158310 0.367561 34 139 34
-5.526683 -22.954824 -0.199326 34 139 34
-17.532092 2.133775 0.517708 34 139 34
14.737894 -17.797997 -0.868768 139 69 19
-14.911765 21.880458 -0.312354 139 69 19
-3.551433 23.052699 0.024694 139 69 19
6.653640 -16.585395 -0.528499 139 69 19
4.132578 -14.521828 -0.780418 139 69 19
-22.046303 0.768200 0.482428 34 139 34
9.112313 -13.179433 0.808619 139 69 19
17.645760 -7.966619 0.061750 139 69 19
7.948030 10.983472 0.654030 34 139 34
21.655364 2.382087 1.288452 34 139 34
-19.594156 5.077029 0.657339 139 69 19
2.279069 11.523356 0.314860 34 139 34
3.448767 -24.883786 -0.538969 34 139 34
-12.537947 2.311920 0.052177 34 139 34
-3.306710 -10.923636 -1.305208 34 139 34
-4.806831 18.743992 0.554494 139 69 19
1.301871 -0.686996 -0.331871 139 69 19
-15.747104 -7.941201 0.276063 139 69 19
-3.787711 8.259785 -0.102297 139 69 19
12.063961 -23.931762 -0.542408 34 139 34
6.143842 -24.387905 -0.782899 139 69 19
-11.238941 11.765750 0.377270 34 139 34
19.619037 3.373902 0.004059 139 69 19
3.535786 6.812066 0.467663 139 69 19
21.463812 1.029029 -0.709760 139 69 19
-6.460337 -22.194001 -0.276854 34 139 34
-21.511955 -17.098874 -0.416669 139 69 19
-23.632744 -19.580637 -0.112205 139 69 19
3.209697 -8.122333 0.577923 139 69 19
-16.521709 -17.720860 -0.105291 139 69 19
23.950070 -3.468178 -0.290358 34 139 34
6.911495 -20.821648 0.597619 139 69 19
-10.682521 5.839981 0.022993 34 139 34
-7.004052 -4.220298 0.025306 139 69 19
6.720276 -19.281112 0.186465 34 139 34
-17.507971 -3.185075 0.681866 34 139 34
1.169654 15.025771 0.006019 34 139 34
7.999038 17.733636 0.215837 34 139 34
24.814989 -11.324988 -0.012895 139 69 19
4.644523 -22.955724 -0.200601 139 69 19
3.734509 -19.730821 0.162478 139 69 19
4.009908 -0.319790 0.723691 34 139 34
-4.362124 12.529334 -0.130580 139 69 19
6.225832 24.257857 -0.353597 34 139 34
15.078837 15.748246 0.402385 34 139 34
-16.130991 22.158211 -0.246308 34 139 34
-20.325265 -18.176043 0.494869 34 139 34
12.028218 1.997864 -0.627413 34 139 34
6.520692 8.094058 -0.302694 34 139 34
-15.034843 -2.106035 0.244389 139 69 19
14.557222 16.759288 0.546953 139 69 19
-19.118307 -9.515446 0.193087 139 69 19
5.610175 22.322829 -0.004090 139 69 19
16.395937 -12.419433 0.403797 139 69 19
-24.629917 -19.279899 0.169260 139 69 19
-22.350997 -14.799163 0.593302 34 139 34
-2.577256 -24.712539 0.753493 34 139 34
-18.986160 23.970457 -0.648073 34 139 34
-8.365390 -1.405238 0.853358 34 139 34
-21.675458 15.093927 0.483101 139 69 19
14.011688 -14.232556 -0.454053 34 139 34
-19.287015 7.305550 0.104745 34 139 34
-13.302398 -12.113786 -1.258038 139 69 19
14.187179 4.464085 0.665123 139 69 19
-9.526297 -13.032121 0.342802 34 139 34
-3.958826 10.507639 0.043260 139 69 19
-20.721732 -19.631726 -0.589916 139 69 19
1.485461 12.737506 -0.686662 139 69 19
9.318700 -24.232395 -0.048634 34 139 34
-9.319599 -22.584198 1.454311 139 69 19
-8.389218 0.359962 0.313580 34 139 34
-24.287086 -17.402184 0.042578 34 139 34
11.343292 -19.588313 -0.312928 139 69 19
12.590185 -8.638324 0.275357 34 139 34
-12.920842 13.949737 0.312719 139 69 19
-15.312237 -19.711602 0.315455 34 139 34
-11.384823 0.021313 -0.770702 34 139 34
-9.630157 2.253474 -0.163513 139 69 19
-21.330250 -18.409548 0.118885 34 139 34
-16.451979 19.463971 0.560125 34 139 34
13.484501 -11.077643 0.556328 34 139 34
8.743799 -5.643791 -0.212531 34 139 34
7.857080 -5.632854 0.499118 139 69 19
-16.426096 21.541985 -0.166524 34 139 34
-5.548333 17.848709 -0.092033 139 69 19
-5.860987 6.003794 0.197707 139 69 19
5.859147 5.104598 -0.038628 139 69 19
-10.719906 -10.549900 -0.743019 139 69 19
-20.046598 -15.169085 0.842078 139 69 19
4.375592 -4.564892 0.071110 34 139 34
-17.252368 21.404271 0.356878 139 69 19
20.453670 -7.958339 0.907289 139 69 19
0.951260 17.194145 0.591542 34 139 34
-0.628389 -6.489275 0.247976 139 69 19
-7.787223 10.442753 -0.485128 139 69 19
-12.281321 -15.032682 0.219037 34 139 34
-20.191507 -18.787936 -0.081250 34 139 34
18.923481 0.941365 -0.569289 139 69 19
24.467546 1.201052 0.701825 34 139 34
-19.591881 -19.007443 0.691800 139 69 19
-3.120665 17.608353 0.149619 34 139 34
4.986168 -11.107697 0.608383 34 139 34
-22.888536 -16.696267 0.806579 34 139 34
-13.590366 -18.283968 0.752316 139 69 19
-1.955522 -11.732035 0.216257 139 69 19
13.804672 -10.989587 -0.305795 139 69 19
-12.893414 -22.336172 -0.137689 34 139 34
24.140262 12.576733 -0.567910 34 139 34
20.646033 -19.669443 0.449249 139 69 19
23.419551 7.441238 -0.234895 34 139 34
2.321928 -12.153284 0.052309 34 139 34
2.211511 13.168578 -0.420336 139 69 19
7.372432 -18.795131 -0.116387 139 69 19
8.890154 -5.288504 0.190212 34 139 34
-18.441084 18.407744 0.203643 139 69 19
18.989270 -4.714489 0.907253 139 69 19
9.469304 -20.244345 -0.188746 139 69 19
-8.351012 7.325113 0.425476 139 69 19
11.900693 17.760056 -0.103419 34 139 34
-23.921201 -21.885121 0.397297 139 69 19
12.514734 -16.665596 0.020654 139 69 19
0.612289 12.684966 -0.591980 34 139 34
-3.835935 -18.226039 0.791134 139 69 19
24.377699 -8.218286 -0.107671 34 139 34
-24.860271 -24.436701 -0.418080 34 139 34
-8.295646 8.312522 -0.572643 139 69 19
-21.170016 -13.042446 0.105592 139 69 19
3.703599 -23.222653 -0.427193 139 69 19
-4.536457 19.332227 -0.658898 139 69 19
-17.217546 -1.751390 0.661608 139 69 19
2.891601 -24.270930 -0.816982 34 139 34
-19.660685 -23.512973 0.766418 139 69 19
19.255590 -6.789550 0.507817 34 139 34
23.733732 -0.581015 -0.370757 139 69 19
24.775525 -15.946311 -0.756533 34 139 34
16.039579 -3.740141 -0.180451 139 69 19
6.738977 22.684561 0.988371 139 69 19
17.019331 3.887477 -1.068396 139 69 19
-23.431624 -9.461322 -0.417491 139 69 19
-19.499838 -17.400442 0.211273 139 69 19
-2.815149 -6.832081 0.243232 34 139 34
13.959044 0.530476 -0.212377 34 139 34
11.954200 -22.932588 -0.653478 34 139 34
10.901768 7.782596 -0.968463 139 69 19
-1.868512 16.635983 -0.336015 139 69 19
-14.747623 15.501785 -0.990610 139 69 19
24.184635 24.282529 -0.038691 139 69 19
-19.737585 -24.208229 0.104565 139 69 19
-5.564066 3.266151 0.296495 139 69 19
-21.534326 -15.870033 -0.872773 34 139 34
-14.825137 -6.193687 0.011749 139 69 19
14.369175 -20.375022 -1.022663 34 139 34
-5.881950 22.355265 0.183899 34 139 34
14.093157 -18.392343 0.055077 34 139 34
15.648615 -22.896916 0.628842 139 69 19
-18.869225 13.744726 -0.052801 34 139 34
7.249413 11.143705 0.187151 34 139 34
-10.105058 -9.478009 0.432609 139 69 19
7.367307 -11.058931 0.224563 139 69 19
-19.576198 -13.082412 0.270767 139 69 19
16.002562 -0.985260 -0.106672 34 139 34
-0.703418 8.121737 1.039166 34 139 34
-11.390350 14.715294 -0.600232 139 69 19
-22.617657 -0.969260 -0.080117 139 69 19
-17.154066 -14.787107 0.292898 34 139 34
-15.557898 -8.022363 -0.018588 139 69 19
4.356065 5.705022 -0.984156 34 139 34
-17.667698 -14.536978 -0.342172 34 139 34
-6.337114 22.609806 -0.215020 139 69 19
-13.682572 -4.885238 -0.328037 139 69 19
7.994223 -13.557855 0.082299 139 69 19
3.558991 -2.562920 0.261772 34 139 34
20.038389 -8.574131 0.518289 34 139 34
7.267163 24.258682 0.305484 139 69 19
-8.977478 1.357310 -0.475038 139 69 19
4.347476 -3.045384 0.176999 34 139 34
23.717536 17.549973 0.788363 139 69 19
13.260963 0.165561 0.407945 34 139 34
-10.592238 22.123606 -0.451406 139 69 19
-20.472058 -17.415547 0.672236 34 139 34
-15.517311 14.764438 0.413879 34 139 34
-4.950946 -16.301396 0.829829 34 139 34
-9.098831 -19.110684 -0.479464 139 69 19
-6.276858 21.692509 0.395537 139 69 19
6.005145 8.250646 -0.001892 139 69 19
18.659836 12.058367 0.100442 34 139 34
0.328929 11.767450 0.276240 34 139 34
0.685602 -22.433205 -0.685261 34 139 34
-19.440754 -9.153508 0.585839 139 69 19
-18.322281 9.059012 -0.020410 139 69 19
-7.161637 1.324052 -0.195470 139 69 19
4.185973 -23.358915 0.106675 139 69 19
19.510720 -20.485560 -0.118271 139 69 19
10.928523 -21.958967 -0.679697 34 139 34
10.578309 21.466991 0.631153 34 139 34
18.282189 3.732240 0.511852 139 69 19
5.788408 9.738153 -0.187604 34 139 34
-17.102588 -5.449178 -0.290768 34 139 34
-20.358160 24.342551 0.886412 139 69 19
-14.971046 -3.566777 0.395556 139 69 19
-9.429356 -17.784208 1.155098 139 69 19
8.261616 -15.014045 -0.390286 139 69 19
-17.756146 1.103260 -0.598034 139 69 19
-13.163269 -3.368507 -0.961765 139 69 19
-10.545414 10.679148 -0.400545 139 69 19
14.822473 -4.588482 0.741160 139 69 19
1.786590 -12.184357 -0.641932 139 69 19
5.051528 14.183005 0.278880 139 69 19
21.666620 -21.601334 -0.134595 139 69 19
20.306053 -15.924361 -0.044523 34 139 34
15.459434 19.286217 0.363204 34 139 34
13.268169 -12.677673 -0.455252 34 139 34
-24.381499 9.090239 -0.254734 139 69 19
17.279398 -9.020641 0.565421 139 69 19
-21.860642 13.718071 -0.266068 139 69 19
23.684443 21.031771 0.190814 34 139 34
12.897907 -24.249821 0.552865 139 69 19
-3.000514 11.707583 0.244256 139 69 19
-16.734533 -11.518078 0.286475 34 139 34
-8.511399 3.821929 0.484090 139 69 19
-15.651728 -22.782704 -0.014354 139 69 19
-14.975422 4.938590 -0.047178 139 69 19
6.029140 1.162041 -0.751442 139 69 19
-11.099912 8.663600 0.377585 34 139 34
4.758547 15.541938 0.507379 34 139 34
2.641422 -3.678817 0.518389 139 69 19
-14.294364 21.262036 -0.126095 34 139 34
10.904973 18.980452 0.951472 139 69 19
-17.634624 8.262684 0.276525 139 69 19
4.181666 11.683094 0.194186 34 139 34
-8.489662 8.112264 -0.072075 34 139 34
2.420231 -24.810564 0.259553 34 139 34
-1.101125 21.740954 -0.199326 139 69 19
4.541323 -0.482436 -0.478504 139 69 19
21.015639 -23.150104 0.464369 139 69 19
6.075598 21.520551 0.136815 34 139 34
11.166475 -24.235848 0.205632 34 139 34
-1.491632 9.059109 -0.852053 34 139 34
-11.079661 -2.858569 -0.004388 34 139 34
-10.954558 -5.703656 -0.162861 139 69 19
-14.037533 14.055506 0.187030 34 139 34
0.347861 -4.354534 -0.047308 139 69 19
3.281120 -18.045629 0.813405 34 139 34
13.245959 -16.908949 -0.610343 139 69 19
-16.853263 19.514555 -0.309563 34 139 34
-1.862505 -6.870193 0.128133 34 139 34
12.458516 -21.815504 0.288532 139 69 19
-11.611415 0.651269 0.451228 34 139 34
3.425580 -18.771901 -0.130418 34 139 34
-9.819473 6.205711 -0.085933 139 69 19
-8.578508 -4.785173 -0.352998 139 69 19
15.751792 3.428897 0.050594 139 69 19
-4.840985 -22.113584 -0.370405 34 139 34
15.562383 -8.137361 0.088201 34 139 34
14.903744 0.243688 0.768803 139 69 19
10.756377 23.878848 -1.139048 139 69 19
10.308907 15.680094 -0.199459 34 139 34
-14.177542 -24.336385 -0.151148 34 139 34
22.101396 15.417769 -0.310112 34 139 34
-19.322843 -18.513733 -0.505023 139 69 19
3.574987 23.120408 -0.282397 139 69 19
-22.974546 -10.466202 -0.387412 139 69 19
4.689949 6.102983 -0.165908 139 69 19
19.350839 20.008601 0.394706 139 69 19
12.495613 -22.549780 -0.608049 34 139 34
4.382519 -5.940199 -0.039128 139 69 19
-24.034647 -2.423783 0.068864 34 139 34
-2.754307 -20.009852 0.289952 139 69 19
2.140900 -19.661259 0.199750 139 69 19
-1.026886 21.825119 -0.069904 34 139 34
-14.473693 18.240057 -0.052944 34 139 34
3.194993 22.898820 1.279841 139 69 19
7.481731 8.287045 0.633397 34 139 34
18.133169 9.208842 0.376340 34 139 34
19.872952 18.348069 0.587872 139 69 19
0.734539 -23.290896 0.663609 139 69 19
7.334248 24.141545 0.171539 34 139 34
-12.394186 13.200804 0.374411 34 139 34
1.975025 19.275471 0.308768 139 69 19
22.780632 -23.917551 0.549620 139 69 19
-19.814193 -21.343587 0.560020 34 139 34
-23.818300 -7.075385 0.173862 34 139 34
-8.904844 -11.397476 -0.408120 34 139 34
-0.420978 10.056210 -0.068269 139 69 19
1.609085 -24.580801 -0.402768 34 139 34
16.473158 2.768696 -0.054363 139 69 19
17.609035 -11.330126 -0.127089 139 69 19
-7.246182 24.826196 -0.553680 139 69 19
18.033881 3.422210 -0.114221 139 69 19
18.007383 18.465420 -0.131935 139 69 19
-7.221609 2.580384 0.050371 34 139 34
-0.821952 -4.739191 0.312131 139 69 19
-17.792646 13.250287 0.154110 139 69 19
15.449471 -1.571607 0.202564 139 69 19
5.378555 23.876920 0.409097 139 69 19
22.675231 2.668012 -1.116138 139 69 19
-3.222695 7.070091 -0.734827 139 69 19
15.372125 16.749349 -0.302660 139 69 19
15.567090 -22.605513 -0.365564 139 69 19
9.246340 -16.725587 0.126773 34 139 34
21.836416 5.792798 0.091784 139 69 19
14.564550 18.407637 0.035335 34 139 34
7.797822 -14.625844 -0.061035 34 139 34
-5.065326 -17.925883 -0.707919 139 69 19
-15.902686 14.157748 0.127238 139 69 19
-11.634338 -2.196963 -0.824327 139 69 19
8.344861 -8.090378 -0.939696 139 69 19
-23.627004 22.134916 -0.833617 34 139 34
-17.338222 -1.405624 -0.539523 139 69 19
-23.583343 -14.016574 0.090540 139 69 19
9.326135 3.405331 0.230506 34 139 34
2.952501 1.299360 -0.387777 139 69 19
-5.253137 -20.377966 0.595840 34 139 34
4.263986 12.854876 0.209847 139 69 19
16.881218 17.263917 0.441704 34 139 34
17.121706 -23.427715 0.364261 139 69 19
0.662499 19.993418 0.039233 139 69 19
-23.206446 -4.734967 0.252002 34 139 34
4.817268 6.954003 0.567044 139 69 19
-4.348895 -8.683143 0.800429 139 69 19
3.454248 -8.130589 0.902916 139 69 19
-16.766320 -16.543371 -0.029973 34 139 34
10.798702 2.670431 -0.020120 139 69 19
20.618554 15.823091 -0.142413 139 69 19
18.635156 22.608008 0.056090 139 69 19
-9.500921 18.872460 -0.092318 34 139 34
-5.379004 -20.613556 0.315053 34 139 34
-6.578031 -13.174264 0.424640 139 69 19
0.133174 -20.285615 0.467431 139 69 19
19.581952 17.475449 0.165315 34 139 34
0.475436 14.931420 -0.076949 34 139 34
-10.568738 19.812658 0.004693 34 139 34
-23.131265 -23.858856 0.003173 139 69 19
-5.474680 3.286867 0.250509 139 69 19
-5.703632 -1.748028 0.134821 34 139 34
24.353544 2.864448 0.179705 34 139 34
-20.881868 -10.127666 0.305747 34 139 34
-24.727831 17.434657 -0.427390 34 139 34
6.828825 -5.341980 0.844530 34 139 34
-12.955517 13.894859 0.467239 139 69 19
-9.214746 -17.145502 -0.116014 34 139 34
15.359330 23.914953 -0.732625 34 139 34
-15.609550 -15.949928 0.955820 34 139 34
-7.831969 10.823258 -0.272882 34 139 34
8.636775 17.678203 -0.275665 139 69 19
3.532063 -22.895745 0.502484 34 139 34
-19.492595 -5.631355 0.724312 34 139 34
7.170096 -22.285182 -0.121680 34 139 34
-24.218222 20.245089 0.262767 139 69 19
4.385956 23.250659 0.298992 34 139 34
14.319593 -1.361026 0.861961 34 139 34
-21.784934 18.427661 0.143747 34 139 34
-14.925982 8.410492 0.622782 34 139 34
-14.727011 21.052777 0.085859 139 69 19
18.724870 -4.460081 1.515822 139 69 19
-12.094942 -1.988299 0.171723 34 139 34
21.896045 4.716711 0.142700 34 139 34
11.295207 -12.657111 0.890822 139 69 19
-11.534250 -7.032180 0.764640 139 69 19
-5.032425 12.004829 1.547971 139 69 19
-23.450375 10.693515 0.487932 139 69 19
17.600262 -15.053274 -0.698902 139 69 19
-15.330828 24.883658 -0.007623 139 69 19
-2.904102 -3.476273 0.028951 139 69 19
8.104951 15.670757 0.528631 139 69 19
18.212192 17.531636 -0.191887 34 139 34
11.968373 -7.204409 0.274244 139 69 19
-10.702854 -24.594397 -0.296106 34 139 34
-19.042580 -16.750897 0.985197 34 139 34
13.500411 -4.925845 -0.743241 139 69 19
-4.427547 -11.437164 -0.722961 139 69 19
24.355835 -3.745637 0.334873 139 69 19
-6.324485 -2.272049 0.713928 139 69 19
-16.033065 14.680840 -0.722361 139 69 19
13.510228 9.511493 0.252663 139 69 19
19.247663 -8.393173 0.091876 139 69 19
-14.412299 3.164601 0.315965 139 69 19
-17.111198 10.347001 -0.452997 34 139 34
20.221031 -0.811171 1.213490 139 69 19
15.627357 1.248252 0.001572 139 69 19
-7.014722 10.478352 -0.380343 139 69 19
-23.228822 -4.017518 -0.358690 139 69 19
-11.545753 24.461074 -0.084399 34 139 34
20.662892 17.180596 -0.033922 34 139 34
-5.216092 -10.072076 -0.008761 139 69 19
6.028837 16.925454 -0.505238 139 69 19
0.164798 2.405503 0.352285 34 139 34
-21.678905 -6.020726 -0.363576 34 139 34
16.462509 -7.951613 -0.206922 139 69 19
0.022540 -10.190916 -0.195077 139 69 19
-6.678883 -21.152003 -1.176718 139 69 19
3.997295 -17.696274 0.082868 139 69 19
-4.684178 14.599013 -0.331139 34 139 34
4.846391 -20.845935 -0.181167 139 69 19
-6.603971 9.675211 0.041035 139 69 19
8.042600 -3.411695 -0.001800 34 139 34
23.415227 -22.855037 0.313544 34 139 34
22.274215 -9.312265 0.163746 34 139 34
-20.522885 5.018030 -0.365905 34 139 34
2.479409 8.349930 -0.520415 34 139 34
12.021905 -12.356569 0.284906 139 69 19
-6.403365 24.914781 -0.186608 34 139 34
-19.729228 -4.304395 0.705829 139 69 19
19.997494 -23.413127 -0.029095 34 139 34
22.057681 22.072955 -0.419846 139 69 19
-0.208543 3.493586 0.289224 34 139 34
-19.010215 -17.820216 -0.836132 34 139 34
12.169654 12.345496 -0.165354 139 69 19
-14.601418 -20.765185 0.173467 139 69 19
6.034197 -23.200735 -0.723303 34 139 34
-7.455855 22.335916 -0.085649 139 69 19
-9.648258 -5.441417 -0.455842 139 69 19
21.072268 -9.198698 -0.385662 34 139 34
23.303721 -17.120879 0.204391 34 139 34
-24.428517 2.786061 0.467062 34 139 34
16.373359 -12.386954 -0.093641 139 69 19
20.935146 -23.543129 -0.004314 139 69 19
21.946713 4.270059 -0.435175 139 69 19
-8.560810 14.576354 -0.184375 139 69 19
16.391686 16.572612 -0.326977 34 139 34
15.034930 6.676763 0.251629 139 69 19
-14.784628 -1.049032 -0.866370 139 69 19
8.857141 -22.017383 0.236738 139 69 19
15.488131 8.571024 -0.073134 139 69 19
-8.334730 10.940052 0.315664 34 139 34
5.839432 12.725288 0.542829 34 139 34
-12.077103 -3.009976 -0.006387 139 69 19
-11.864934 -10.389141 1.538862 34 139 34
9.896290 -20.000493 0.693556 34 139 34
2.886972 -14.098497 -0.116024 139 69 19
-9.355984 -18.280994 0.262032 139 69 19
-16.843793 7.214505 -0.203653 34 139 34
8.231295 0.342405 -0.167768 139 69 19
-24.524306 19.071842 -1.299602 34 139 34
-9.823583 16.972215 -1.006167 139 69 19
-14.058905 3.132439 0.201862 139 69 19
8.272676 15.760194 0.425662 34 139 34
13.245951 -8.613468 0.388742 139 69 19
20.442895 23.934109 0.272174 34 139 34
-8.073883 -10.825195 -0.213068 139 69 19
-0.431348 -7.478425 0.189422 139 69 19
-19.284899 -16.355754 0.565408 34 139 34
-7.984658 -8.247545 0.009433 34 139 34
8.563624 -14.934916 -0.562428 139 69 19
-9.235049 -16.868905 0.465254 34 139 34
0.557933 -5.049228 -0.064412 34 139 34
7.741234 21.991136 0.444346 139 69 19
-16.413237 16.376376 -0.604809 139 69 19
-0.194867 2.949511 0.139402 139 69 19
-4.419645 21.744495 -0.488550 139 69 19
-22.306727 -19.279645 -0.569799 139 69 19
1.966293 7.310061 0.444549 139 69 19
-8.039127 -4.542023 -0.108868 139 69 19
-0.784244 -2.933143 0.657266 34 139 34
-4.732303 8.525466 -0.676269 34 139 34
16.255344 -5.427790 0.681996 34 139 34
-11.774242 9.134798 1.063798 139 69 19
-13.502859 0.092106 0.807296 34 139 34
-11.306028 -4.261745 1.074143 34 139 34
-13.471031 12.802220 -0.178293 34 139 34
13.235877 19.377903 -0.248148 34 139 34
-9.951667 -18.811604 -0.128884 34 139 34
-23.226806 -1.988760 0.170202 139 69 19
4.999491 -15.287459 0.839388 139 69 19
0.098671 23.838438 0.445486 34 139 34
4.655549 -11.442934 0.694922 139 69 19
-12.593174 3.050508 0.096940 34 139 34
-21.502187 18.199128 0.638425 139 69 19
-15.487570 -9.021567 0.071380 139 69 19
-9.972033 3.404473 -0.530696 34 139 34
-6.701406 -0.914168 0.451217 139 69 19
-16.420187 18.575577 0.128017 139 69 19
21.627875 -17.516652 0.147034 139 69 19
15.996065 -4.666975 -0.526055 139 69 19
-4.237619 13.420897 -0.364505 34 139 34
-20.680961 5.985605 0.323738 139 69 19
1.636463 19.222289 -0.737146 34 139 34
-17.311857 -1.233883 0.234153 139 69 19
-17.516958 24.931504 0.374064 34 139 34
-4.995646 -6.369268 0.392575 34 139 34
22.446407 -18.585112 -0.035535 139 69 19
-21.644793 15.256171 0.884160 139 69 19
17.819204 20.480786 -0.311172 34 139 34
14.372329 -8.324657 -0.110236 139 69 19
-24.855009 6.316751 -0.027387 139 69 19
22.145964 -10.063188 -0.412925 34 139 34
-12.663492 10.680850 -0.986405 139 69 19
3.642748 10.482686 -0.265823 139 69 19
-10.211474 -19.098470 -0.595927 139 69 19
24.329235 2.408285 -0.632944 139 69 19
0.415281 -6.714626 0.936693 34 139 34
-18.157641 17.565764 0.223223 139 69 19
-4.983603 -15.323785 0.493818 139 69 19
-3.555285 -12.936267 -0.050354 34 139 34
-21.858846 10.338955 0.556738 34 139 34
-17.884926 11.810851 -0.146288 139 69 19
24.930451 10.462970 -0.405694 139 69 19
11.976097 -5.033030 0.771117 34 139 34
0.868584 21.311409 -0.050978 34 139 34
-14.568934 -21.998142 0.347660 34 139 34
6.037319 -12.828659 0.388657 139 69 19
-3.988284 6.255896 0.634536 34 139 34
-20.762255 21.794390 0.351713 34 139 34
23.478856 -1.435823 -1.616562 34 139 34
-16.969501 5.553085 1.039309 34 139 34
10.185071 -20.255001 -0.281453 34 139 34
-24.708844 -22.415752 0.680257 34 139 34
-24.107591 -15.541269 -0.670403 139 69 19
22.108807 -10.261850 0.805903 34 139 34
13.336225 -16.507684 0.247575 34 139 34
-4.467881 -14.008912 1.273723 139 69 19
15.261891 3.388904 1.134526 139 69 19
-8.305461 12.491298 0.119689 34 139 34
-9.026207 11.945681 -0.200721 34 139 34
-4.684832 12.527811 0.635438 34 139 34
-15.116835 7.542578 0.145736 34 139 34
-9.661574 12.394686 -0.930335 34 139 34
6.331693 16.517707 0.555848 139 69 19
0.173426 -18.500280 -0.502303 34 139 34
-1.949470 1.651461 -0.085415 139 69 19
16.410202 18.585955 -0.183491 34 139 34
3.131603 -8.775143 0.426938 139 69 19
-1.850995 -22.991720 -0.153836 139 69 19
13.573375 22.590663 0.222825 34 139 34
18.949065 -8.499641 -0.393502 34 139 34
-10.717198 12.160862 0.057308 139 69 19
5.431307 -3.889048 0.266827 34 139 34
-17.906962 12.635586 1.013010 139 69 19
8.289538 -4.751688 -0.339939 34 139 34
8.602726 -9.928244 -0.747569 34 139 34
-20.588160 -19.946523 -0.040242 34 139 34
19.223653 15.931265 0.795576 139 69 19
13.742593 -11.991081 0.050718 139 69 19
-5.535125 10.350600 1.130337 139 69 19
12.777046 12.541774 0.741989 139 69 19
-24.007833 24.555538 -0.005119 34 139 34
22.616749 8.325176 -0.244900 139 69 19
3.749734 16.323594 -0.021090 139 69 19
7.804245 20.504927 -0.102981 139 69 19
12.990102 -21.864888 1.109501 34 139 34
-3.377273 -24.616745 0.128791 34 139 34
17.713369 -4.456472 0.813330 139 69 19
-5.641582 13.090760 0.125854 34 139 34
-2.710359 23.193105 0.849241 34 139 34
-9.295395 21.206147 0.135795 139 69 19
-2.200257 19.942520 0.150866 34 139 34
5.198354 8.111167 -0.107831 34 139 34
-9.162831 -7.551720 0.887572 139 69 19
4.323746 0.105220 -0.379585 139 69 19
14.244466 -2.926280 -0.456672 139 69 19
-22.197833 19.764886 -0.315098 139 69 19
-2.153709 13.541023 -0.096631 139 69 19
-4.062061 1.559870 -0.426095 139 69 19
1.600860 -10.859236 -0.054952 34 139 34
23.595830 -9.640175 0.317042 34 139 34
-23.886015 -13.647138 -0.113698 139 69 19
13.673848 6.106291 0.240143 139 69 19
-24.572826 -7.568727 0.152683 139 69 19
-16.631025 0.119317 0.223689 34 139 34
21.886436 9.308186 -0.701632 139 69 19
14.801839 5.906620 0.257911 34 139 34
-16.505742 -22.218099 0.179846 139 69 19
-4.817749 -6.871919 0.397808 34 139 34
18.134336 -21.676906 1.258109 139 69 19
21.592391 -2.582210 0.109256 139 69 19
13.546565 -9.818340 -0.255426 34 139 34
-3.525109 -20.660664 0.588198 34 139 34
-14.445365 1.404900 0.189933 139 69 19
-4.371964 -14.387707 0.137963 34 139 34
22.316772 -23.230602 0.183679 139 69 19
-11.908831 -12.114405 -0.265115 34 139 34
19.584602 19.673036 0.462558 34 139 34
11.499171 0.848611 0.100401 34 139 34
-4.667248 -13.575416 -0.648234 34 139 34
-4.895273 2.665499 -0.862112 34 139 34
-13.283938 -8.643764 -0.312186 34 139 34
4.660146 -15.475671 -0.692988 34 139 34
11.225190 7.287384 -0.707415 139 69 19
-13.280824 0.632975 -0.603760 139 69 19
-20.719652 9.955162 -0.864499 139 69 19
8.116738 -0.005630 0.589533 139 69 19
-20.312639 3.077339 1.045960 34 139 34
-23.593799 23.939168 0.186009 34 139 34
22.220332 -7.231976 0.353425 139 69 19
-0.123740 15.442411 0.024282 139 69 19
-9.300512 -2.897393 1.014490 34 139 34
23.445851 19.350533 0.077442 139 69 19
-5.740818 -10.110246 -0.441689 34 139 34
5.947263 -7.176636 0.571041 139 69 19
-4.369960 -23.686976 1.001399 34 139 34
-17.739325 11.569772 -0.296590 139 69 19
4.689985 -1.806966 0.936318 139 69 19
11.162922 -17.442611 0.383082 139 69 19
0.527437 -18.639301 0.796901 34 139 34
7.091281 -0.225851 0.186018 139 69 19
-5.083420 22.757377 0.284704 139 69 19
-4.081857 -17.058290 0.582190 34 139 34
19.468862 -20.167982 -0.089738 34 139 34
2.355419 -11.005383 -1.204327 34 139 34
-9.347804 -22.422249 -0.392116 34 139 34
-9.236187 -7.296896 -0.429591 34 139 34
3.360997 6.778238 -0.251447 139 69 19
2.705339 14.708819 0.246095 139 69 19
-2.665686 19.725765 -0.225554 139 69 19
4.230787 -24.876864 0.468085 34 139 34
-3.051907 -6.567757 -0.533250 139 69 19
-8.071912 -13.548394 0.740427 139 69 19
-1.665916 -7.529241 0.577836 34 139 34
17.192354 -9.273216 -0.064196 139 69 19
-15.581473 3.337358 -0.430411 34 139 34
6.349383 20.105970 0.066570 139 69 19
9.671705 -11.709782 -0.581975 34 139 34
13.028866 15.003880 0.112694 34 139 34
18.138887 2.203476 -0.097139 139 69 19
-23.679244 -3.232789 1.023296 34 139 34
1.196471 16.897389 0.167577 34 139 34
-10.860998 -10.959311 0.336297 34 139 34
20.412135 -22.039702 0.484876 34 139 34
15.142242 6.040344 0.576541 34 139 34
13.420174 18.853679 -0.104339 139 69 19
-23.066314 6.859339 0.169862 139 69 19
14.776909 -15.674860 0.631028 139 69 19
-5.170315 -15.142630 -0.333669 34 139 34
-11.278354 10.785846 -0.938521 34 139 34
-16.299398 20.298671 0.159255 34 139 34
4.044782 -8.773895 0.269990 34 139 34
19.115125 23.574558 0.028201 139 69 19
7.964504 -1.634332 -0.698204 34 139 34
-17.321870 -21.618785 -0.216235 139 69 19
13.573102 11.772044 0.255964 34 139 34
-7.620422 -23.052009 -0.076391 34 139 34
24.351936 5.968261 -0.101320 139 69 19
0.964058 -11.267175 -0.290891 139 69 19
9.756387 -4.379432 -0.469783 34 139 34
-3.660813 -0.287330 -0.387178 34 139 34
-7.148428 -15.970109 -0.828207 34 139 34
-19.074055 5.930064 -0.002577 34 139 34
-15.141241 6.636561 -0.526478 139 69 19
19.188212 23.096592 0.640636 34 139 34
2.496373 -19.041883 -0.745449 139 69 19
16.337997 -12.776677 0.444160 139 69 19
-9.497027 -12.178000 0.596817 34 139 34
-5.901333 4.019936 -0.555936 34 139 34
-24.779464 12.142689 0.092487 139 69 19
14.901053 -9.448554 -0.296426 139 69 19
14.195128 -0.042779 -0.040310 34 139 34
-8.340635 -11.267271 -0.115632 139 69 19
-19.134000 -1.467235 -0.146398 139 69 19
-8.446008 3.142427 -0.062241 139 69 19
13.609132 -3.809433 -0.495106 139 69 19
-1.117390 -12.859149 0.377950 34 139 34
18.534390 -0.482712 -0.474709 34 139 34
-20.270528 18.708712 -0.692483 139 69 19
23.425750 20.049464 -0.201833 34 139 34
5.715250 -13.253698 0.315759 34 139 34
18.572329 0.640098 -0.256841 139 69 19
13.890963 -7.430379 0.439735 34 139 34
11.001790 20.554329 0.076775 34 139 34
18.398292 4.036100 -0.392107 34 139 34
7.842620 4.550920 -0.686368 139 69 19
3.192318 -5.318596 -0.288930 139 69 19
8.083177 16.119442 -0.128325 139 69 19
19.424009 -13.586023 0.174803 34 139 34
18.421199 -20.958445 -0.591487 34 139 34
15.792339 -3.246299 -0.067672 139 69 19
-6.260019 -6.980306 -0.055807 139 69 19
-4.996010 23.832583 0.337693 34 139 34
-19.379346 -0.222370 0.071706 139 69 19
13.828573 24.243014 0.642881 34 139 34
-19.057958 3.870128 -0.172665 34 139 34
10.666653 3.812841 -0.312169 34 139 34
-16.630660 -4.757806 -0.509612 139 69 19
-21.720624 1.040445 0.256040 34 139 34
11.029064 11.413475 -0.076378 34 139 34
-6.197092 -12.409701 0.333900 139 69 19
-17.780469 19.526127 -0.129075 34 139 34
3.842454 -24.819832 0.646572 34 139 34
-7.201468 14.169445 0.114910 139 69 19
15.953917 -16.967576 -0.458308 34 139 34
-2.283992 -15.323746 -0.140397 34 139 34
-12.719882 -4.624121 0.607260 139 69 19
15.728517 -15.227124 -0.193166 139 69 19
-17.005926 12.937484 0.444055 139 69 19
11.265524 2.634743 0.689281 139 69 19
-20.126256 -1.416234 0.343703 34 139 34
11.568898 -5.822694 0.193549 139 69 19
-8.800234 -17.396083 -0.322869 139 69 19
14.515842 -23.792989 -0.242083 139 69 19
-16.075407 6.764036 0.115300 139 69 19
-21.881218 8.817429 0.221352 34 139 34
-14.173464 18.460716 0.905642 34 139 34
16.988207 6.111793 -0.752665 139 69 19
-7.680438 -15.421845 0.395212 139 69 19
3.219054 8.386970 0.221249 34 139 34
22.290075 -23.944549 -0.432674 139 69 19
-21.927992 -23.992919 -0.663165 34 139 34
11.734858 11.292757 -0.526567 139 69 19
20.445047 4.617840 -0.920205 139 69 19
0.419142 -23.458714 0.202744 139 69 19
-5.578759 -8.062215 -0.301884 34 139 34
20.383776 -22.710209 -0.295115 34 139 34
0.555088 4.467802 0.245654 34 139 34
-15.008289 -13.162096 -0.391580 34 139 34
-8.476610 24.794469 0.948345 34 139 34
-3.862804 -18.952557 -0.154644 34 139 34
-23.648698 17.989617 -0.386539 139 69 19
23.862328 7.853314 0.043856 139 69 19
24.736810 4.051666 -0.010781 34 139 34
-2.963194 21.063503 -0.568578 139 69 19
8.836991 -17.644085 0.310527 139 69 19
13.756384 -14.788698 0.373953 139 69 19
18.482256 -17.332092 -0.314768 139 69 19
-2.187314 22.331805 0.166267 34 139 34
-14.322416 1.735729 -0.014701 139 69 19
-14.312190 5.882979 0.867401 139 69 19
-10.142601 19.830411 0.195065 139 69 19
24.147608 10.093014 -0.399441 34 139 34
-24.673846 2.350076 -0.228017 34 139 34
-20.356086 -23.130091 0.241145 34 139 34
6.878790 -24.067475 -0.755664 34 139 34
-8.788847 6.420616 -0.662248 34 139 34
-16.898540 -4.396769 0.341371 139 69 19
-9.103296 -4.824078 0.072559 34 139 34
-24.040571 23.116038 -0.130541 139 69 19
-10.190665 -2.858029 0.590651 34 139 34
7.323922 -3.952316 0.131173 139 69 19
-8.035967 -21.439974 -0.920962 139 69 19
-17.886358 -9.500409 0.085680 139 69 19
-13.848166 4.905374 -0.101774 139 69 19
-14.621824 5.489115 -0.762624 34 139 34
-12.341062 -18.614820 0.331038 34 139 34
-2.148496 -15.612520 -0.416234 34 139 34
19.280665 -6.455910 0.159636 139 69 19
9.617944 10.748374 0.191637 139 69 19
-2.328261 -17.990934 -0.064208 34 139 34
0.716916 14.637629 -0.307785 34 139 34
-2.615896 -24.904046 -0.145264 139 69 19
-2.905333 14.211316 -0.369994 34 139 34
19.509619 -12.650512 -0.232288 139 69 19
-22.341219 -24.265307 -0.720173 139 69 19
5.804325 -3.501081 0.367935 139 69 19
-22.590458 6.668388 -0.399179 34 139 34
0.828685 -22.159637 -0.069001 139 69 19
-0.853166 4.099823 -0.808658 34 139 34
1.399157 5.275773 0.174768 139 69 19
13.915324 17.802455 0.418087 139 69 19
5.623620 -13.726251 -0.314767 139 69 19
-3.716194 -2.545147 0.200742 139 69 19
-24.623366 -23.797661 -0.676105 139 69 19
7.768433 -20.055389 -0.461493 139 69 19
9.516712 -9.127369 -0.508383 34 139 34
-3.488196 -10.527152 -0.481727 139 69 19
8.029042 9.218207 -0.413346 139 69 19
-14.037082 -23.071682 0.715701 34 139 34
-14.093800 8.670422 -1.000508 34 139 34
24.131958 -11.000530 -0.270479 139 69 19
-22.936688 12.252424 0.869820 34 139 34
23.219426 8.596350 -0.034093 34 139 34
-7.081604 -24.043341 0.786345 34 139 34
23.227563 -4.668043 0.688198 139 69 19
7.579308 -10.144201 -0.241054 139 69 19
-14.648063 13.586921 0.190436 34 139 34
-16.401937 8.722882 0.855448 34 139 34
22.842948 3.746787 0.401699 34 139 34
22.089638 -20.516547 -0.452616 34 139 34
-15.469025 -12.344769 0.781180 34 139 34
15.018760 -1.614661 1.213487 139 69 19
-4.740587 20.236930 -0.457311 34 139 34
14.575704 -17.466751 0.680562 139 69 19
19.951300 19.690821 -0.037102 34 139 34
8.506936 1.568631 0.153317 139 69 19
7.167964 -12.721493 -0.933186 34 139 34
-18.122189 -12.228114 0.412703 139 69 19
-15.834864 -15.634781 -0.826833 34 139 34
-3.510925 -23.843884 -0.566750 34 139 34
-12.086653 -13.298728 0.660848 139 69 19
20.393645 16.419578 0.255223 34 139 34
-21.953856 -13.861101 0.015560 34 139 34
19.846776 -21.589787 0.307421 139 69 19
-20.704109 -12.181931 -0.268053 139 69 19
4.354669 -17.680009 -0.687441 139 69 19
2.238701 14.068723 -0.594104 34 139 34
23.310275 18.302089 0.588165 34 139 34
14.248818 -17.644781 -0.030293 139 69 19
-6.953844 15.096779 0.582101 34 139 34
-16.831836 21.642155 -0.505949 34 139 34
-10.824615 21.375485 0.286195 139 69 19
-12.050217 -9.705287 0.675951 34 139 34
12.840329 -23.372353 -0.376634 34 139 34
14.755830 -17.844651 0.147868 139 69 19
-7.071422 22.993129 0.195318 139 69 19
21.809319 17.488571 0.708925 139 69 19
-10.045920 23.682379 -0.974495 34 139 34
-19.107004 16.490834 0.008421 139 69 19
23.553649 -22.325394 0.019032 139 69 19
2.472769 -9.437093 -0.449634 139 69 19
14.033736 -9.917336 -0.062030 139 69 19
24.749713 0.163173 -0.275434 34 139 34
-12.104354 4.777789 -0.592342 34 139 34
-5.874774 9.661719 -0.623715 139 69 19
24.116108 16.100146 -0.642369 139 69 19
10.432538 15.177946 0.009957 139 69 19
7.744718 -1.517185 0.465064 34 139 34
8.436373 -10.695691 0.133879 34 139 34
0.506203 -0.142033 -1.286622 34 139 34
1.525942 -1.313742 0.141143 34 139 34
16.263027 11.006378 0.003446 34 139 34
19.555480 9.711435 0.052090 34 139 34
18.247227 -15.304957 -0.405073 139 69 19
7.941720 -19.547019 0.356468 34 139 34
7.336301 -18.107691 0.291260 139 69 19
-7.715281 18.497761 -0.527700 34 139 34
-3.489658 -24.666113 -0.088087 34 139 34
-4.987069 -11.135394 0.090559 34 139 34
-2.710335 -15.402519 -0.252420 34 139 34
5.817554 -9.780964 0.240780 139 69 19
-0.838520 3.482497 0.196913 34 139 34
22.457725 -7.120636 0.511345 139 69 19
-14.821196 -4.505922 -0.484346 34 139 34
24.812947 13.120166 1.005406 34 139 34
18.007912 16.657468 0.955643 34 139 34
3.469428 -10.936614 0.602923 34 139 34
18.007386 -17.193371 0.031923 139 69 19
4.547707 -6.959955 -0.657819 139 69 19
-24.447301 10.098363 -0.083247 139 69 19
-0.489392 21.696457 0.191300 34 139 34
-10.246951 -14.531494 -0.159296 139 69 19
-0.819951 -12.967414 -0.165247 139 69 19
4.583935 -8.386955 0.396515 139 69 19
-6.027054 -0.577250 -0.897773 139 69 19
-12.135282 -19.303531 0.017382 34 139 34
-10.298979 -23.345129 -0.120853 139 69 19
-8.634608 5.860391 -0.815639 34 139 34
12.916550 5.341805 -0.397904 139 69 19
9.286880 -18.534072 -0.518817 34 139 34
-8.841634 -12.838114 -0.336503 139 69 19
-22.256638 20.803697 -0.762633 34 139 34
-2.284767 -9.637427 -0.298420 34 139 34
-8.090105 13.052079 0.673924 139 69 19
-5.446837 -13.653139 0.396987 34 139 34
10.390321 11.541136 -1.354957 139 69 19
-1.169736 22.858682 0.361639 34 139 34
-0.939765 1.056595 -0.280761 34 139 34
7.279588 21.621944 -0.792927 139 69 19
19.929778 -23.449305 0.165223 139 69 19
6.111190 22.870754 0.436973 139 69 19
-22.770754 -20.304178 -0.139913 139 69 19
-22.262941 -10.074596 0.539501 139 69 19
-10.565176 1.536562 0.230937 139 69 19
-24.083228 -3.470688 1.026963 139 69 19
-15.838465 -1.440974 -0.091917 34 139 34
-20.495876 0.240352 0.254557 34 139 34
11.093844 20.409595 -0.301179 139 69 19
2.817041 14.122048 0.308982 34 139 34
-1.162275 16.825428 -0.566932 34 139 34
10.712218 18.865735 0.187832 34 139 34
0.823810 17.224221 -0.017366 139 69 19
-3.774525 -10.338624 0.337185 139 69 19
-5.234419 -3.155120 -0.068844 139 69 19
0.824823 -22.803833 0.205613 34 139 34
3.793619 3.927679 -0.149330 139 69 19
22.012244 -12.973225 -0.037091 139 69 19
24.170634 11.939437 -0.325251 34 139 34
-22.815514 -14.303792 0.528974 34 139 34
7.939594 18.649777 0.242353 34 139 34
6.139861 19.186946 -0.625571 34 139 34
-18.457566 19.513516 -0.136022 34 139 34
-12.522154 -17.037314 0.112436 34 139 34
7.277943 -0.789386 -0.835262 139 69 19
-13.645779 9.020041 -0.044893 34 139 34
-6.941275 21.685460 0.286276 139 69 19
-16.449655 -7.429612 -0.138069 139 69 19
21.172722 7.632807 -0.129738 139 69 19
-7.470736 0.460523 1.013116 34 139 34
17.849056 -20.046032 0.007762 34 139 34
2.151469 -8.700977 0.183920 139 69 19
-19.101708 7.724849 0.159513 139 69 19
-15.187043 7.808672 -0.488339 34 139 34
-8.836062 -13.385165 -0.780077 34 139 34
8.870677 7.704843 -0.447526 139 69 19
-21.997682 1.949962 0.533749 139 69 19
2.605945 -23.905851 0.285718 139 69 19
16.970132 -7.093672 0.027916 34 139 34
-0.799572 -16.819136 0.463828 34 139 34
-21.084773 0.295460 0.297876 34 139 34
11.522135 0.492462 0.088636 139 69 19
-8.563122 -4.436008 0.267729 34 139 34
-13.313200 0.739733 0.491736 139 69 19
-2.916212 -7.172478 0.001310 139 69 19
-19.060662 -20.583078 -0.186961 139 69 19
2.571854 3.161832 -0.095565 34 139 34
-16.209607 -24.102849 -0.406050 34 139 34
0.851046 3.377047 -0.492515 139 69 19
22.914553 -3.284604 -0.651857 139 69 19
11.671519 2.110698 0.227263 34 139 34
12.336671 -15.413649 0.149976 139 69 19
-10.396981 10.700720 -0.343356 34 139 34
13.708317 22.683608 -0.070777 34 139 34
15.828957 14.018774 0.104529 139 69 19
9.805098 15.826829 -0.357192 139 69 19
-24.403349 -4.490069 1.064285 139 69 19
1.421982 6.144213 0.610702 34 139 34
7.212556 24.568305 0.975654 139 69 19
16.431721 4.802105 0.258345 34 139 34
-24.960118 -24.491278 -0.424368 139 69 19
24.796511 -13.593433 -0.787129 34 139 34
15.455353 2.252962 0.416115 34 139 34
-14.643415 11.223891 -0.305997 34 139 34
11.984067 -4.952080 -0.303289 139 69 19
-24.905906 -8.408141 0.390597 139 69 19
16.351818 -18.023802 0.545106 139 69 19
-3.980952 7.858422 0.551884 34 139 34
13.658881 -17.587496 -0.451599 34 139 34
21.445240 5.784782 -0.158921 139 69 19
-19.943486 -6.369880 0.781401 34 139 34
-15.791114 14.916865 0.320922 139 69 19
-22.439474 -16.068187 -0.226290 139 69 19
-18.674153 -9.055295 -0.056448 139 69 19
-24.895452 -0.651618 -2.032755 139 69 19
-14.721194 -15.283414 -0.829943 139 69 19
-14.902265 15.417561 0.007132 139 69 19
7.456657 19.201277 -0.678065 34 139 34
-24.002378 -17.059093 0.770703 139 69 19
-4.345011 14.666644 0.562003 34 139 34
0.212612 6.603192 1.022577 34 139 34
-1.832780 7.702789 0.401100 139 69 19
-24.595863 -21.728175 -0.151035 139 69 19
14.219781 -12.397207 -0.475822 139 69 19
-12.403028 -5.865741 -0.196879 34 139 34
13.351720 2.267044 0.954633 34 139 34
21.891230 -14.968410 0.363378 139 69 19
23.521704 -13.392451 0.598743 34 139 34
-10.601333 3.084056 -0.195354 139 69 19
17.120486 -19.361609 -0.379558 34 139 34
11.607672 -15.741765 -0.711846 139 69 19
10.849016 4.307798 -0.579344 139 69 19
16.119687 13.682880 -0.439129 34 139 34
-0.230008 -7.407433 0.133504 139 69 19
-13.784980 -12.224320 0.294773 34 139 34
14.371016 16.482389 -0.187384 139 69 19
15.153316 -1.633611 1.193904 139 69 19
8.795035 7.760293 0.216576 139 69 19
24.375714 -2.773237 0.671245 139 69 19
-10.369404 -19.928199 0.395857 139 69 19
3.439779 13.283753 -0.347513 34 139 34
18.864613 8.194018 0.003298 34 139 34
-13.706374 -24.999063 -0.466913 139 69 19
11.003399 15.252713 0.159316 34 139 34
-24.730640 -12.093822 0.325998 139 69 19
-6.388619 22.999389 0.201611 139 69 19
-9.071921 9.741888 0.147532 139 69 19
-4.663418 -5.474859 -0.029531 139 69 19
10.621853 -9.729308 -0.462453 34 139 34
16.791310 19.666237 -1.287972 34 139 34
2.684246 14.561493 -0.135240 139 69 19
-11.832821 -19.441768 0.601275 139 69 19
18.437032 -11.609407 -0.216823 34 139 34
-18.666065 -7.159572 -0.373803 139 69 19
-16.211113 -2.742553 0.691516 34 139 34
5.818745 21.234090 0.007724 139 69 19
1.037661 14.024340 -0.070386 139 69 19
-9.121555 22.425692 -0.443589 139 69 19
6.313787 21.399918 -0.053299 139 69 19
7.582439 -3.543385 0.188743 34 139 34
10.939175 16.929914 -0.537636 34 139 34
-20.460037 -13.279411 0.903902 139 69 19
-8.170355 -1.816566 -0.724657 139 69 19
3.583996 -14.232021 0.594166 139 69 19
-21.849548 -18.031664 0.416418 34 139 34
-18.811853 17.444020 0.073937 34 139 34
-15.894838 -5.836054 -0.541792 34 139 34
-15.128520 -1.584573 -0.237838 34 139 34
-20.413889 -0.075568 -0.534093 34 139 34
8.263275 21.197206 0.838458 34 139 34
8.658395 -4.512298 0.172415 139 69 19
-22.913437 -4.893487 -0.724059 139 69 19
-11.795754 -3.969499 0.235357 139 69 19
-1.358714 17.708353 -0.724590 139 69 19
-14.847719 -15.285391 0.694916 34 139 34
-5.450353 -15.879988 -0.365447 139 69 19
7.015817 -23.589377 -0.334213 139 69 19
23.980853 -19.724530 -0.581398 34 139 34
-7.995797 17.971339 0.936653 34 139 34
-10.797533 8.848715 0.398119 34 139 34
3.493265 19.533701 -0.695031 34 139 34
-14.536405 12.741958 0.594316 139 69 19
17.158878 13.834282 0.000641 139 69 19
19.302986 21.341537 -0.403833 34 139 34
22.324780 -7.786923 0.254236 34 139 34
5.507366 -21.103865 0.397072 139 69 19
-2.939479 15.496489 0.387808 34 139 34
21.073843 15.570985 0.816645 139 69 19
1.923437 6.018018 -0.057377 139 69 19
15.650429 19.376239 -0.047749 34 139 34
-14.645728 8.318920 0.263717 34 139 34
24.473671 -0.593330 0.713801 34 139 34
-18.706367 -15.023797 -0.207985 139 69 19
-15.432920 -19.658002 0.421871 139 69 19
-12.508187 -22.982013 -0.257217 34 139 34
16.491237 14.759515 0.630545 139 69 19
18.832296 -18.217340 0.783301 34 139 34
-5.463249 -7.654590 -0.044671 139 69 19
-6.590943 -20.346045 -0.362481 34 139 34
-6.181084 6.220933 -0.187559 34 139 34
14.857470 -21.880619 -0.333337 34 139 34
-15.025311 3.809416 -0.628443 139 69 19
-10.851353 -23.174227 0.051335 139 69 19
9.704640 3.435036 -0.409473 34 139 34
-15.568818 -5.518549 -0.331615 139 69 19
7.490504 -20.288332 -0.935174 34 139 34
-9.823370 9.394173 -0.463104 34 139 34
20.979854 1.783643 0.355225 34 139 34
-22.999889 17.563564 0.135992 34 139 34
22.809714 11.540587 0.046884 34 139 34
-0.177894 -10.979825 -0.107632 34 139 34
8.807815 -24.241095 0.020715 139 69 19
17.877597 0.273837 0.111639 139 69 19
11.925079 -8.835414 0.512049 34 139 34
1.347590 -5.244304 -0.236978 139 69 19
5.862816 -1.792818 0.675356 34 139 34
10.279781 15.758331 0.287077 34 139 34
-0.586103 -0.001148 0.420259 34 139 34
19.576626 -21.179894 0.709939 139 69 19
-2.235803 9.027287 0.271629 34 139 34
2.481465 24.648507 -0.099367 139 69 19
24.182967 -3.996479 0.383727 34 139 34
13.030045 0.316810 -0.159825 34 139 34
22.726208 19.323773 0.731777 34 139 34
14.434643 -6.359342 -0.980985 34 139 34
-11.784565 20.784878 0.747289 139 69 19
-3.217277 22.304175 0.340790 34 139 34
5.701305 -15.667409 0.431019 34 139 34
-5.309707 -16.185719 0.284990 139 69 19
13.430253 -5.257246 -0.429017 139 69 19
15.883064 -14.687028 -0.612494 34 139 34
6.504203 -8.877032 -0.955837 139 69 19
-19.369805 5.340873 0.495095 139 69 19
23.130488 4.596707 0.646376 139 69 19
-1.821843 0.914939 0.581201 139 69 19
21.499353 9.014253 -0.290967 139 69 19
-2.480523 -0.549370 -0.278416 34 139 34
11.671065 -23.816756 -1.002812 34 139 34
-7.638014 -16.742171 0.502749 139 69 19
-0.548333 1.578752 -0.077435 34 139 34
-18.783049 -15.108975 0.015709 34 139 34
3.088732 -24.029603 0.554475 139 69 19
20.685573 4.295224 -0.193051 139 69 19
8.340977 18.736342 -0.286833 139 69 19
-8.562731 24.400603 -0.334158 139 69 19
23.169845 17.909487 -0.479193 34 139 34
-23.022473 -17.304979 -0.297654 139 69 19
-2.802850 -10.613871 -0.693275 34 139 34
16.994630 19.652053 -0.557543 139 69 19
-18.681353 -14.302643 -0.469225 139 69 19
23.225427 -17.850646 -0.656174 34 139 34
24.949070 -17.227436 -0.040437 139 69 19
-3.990320 -11.416757 0.577172 34 139 34
-13.692641 20.283058 0.501637 139 69 19
-21.553575 0.001954 -0.218271 34 139 34
-22.113684 0.338989 -0.074827 139 69 19
7.405555 19.195026 -0.495928 34 139 34
6.625990 17.052332 -0.300901 139 69 19
21.642234 2.742333 0.021494 139 69 19
-22.024764 15.167742 0.315260 34 139 34
-7.548974 19.876855 0.592983 34 139 34
-1.916338 -18.639932 -0.444058 34 139 34
-15.824087 -20.281286 0.499188 34 139 34
9.567155 17.515436 0.367569 139 69 19
-7.557663 11.676929 -1.173770 139 69 19
20.015105 -13.245754 -0.435403 139 69 19
4.247767 -6.648166 0.430695 139 69 19
-18.960927 -14.241031 0.330995 139 69 19
-24.092184 22.930956 0.403965 34 139 34
18.766406 -14.087816 -0.642268 34 139 34
-0.485757 6.026040 -0.297509 34 139 34
-13.223327 -19.419009 0.076612 34 139 34
-23.501046 -0.801142 -0.661940 139 69 19
-12.199461 8.767431 -0.268253 139 69 19
23.318725 1.201239 -0.634949 139 69 19
-3.955010 -12.143788 0.333787 34 139 34
4.778037 -21.854160 -0.517890 34 139 34
-19.617101 5.626662 0.227947 139 69 19
-14.770494 -12.544208 -0.369054 34 139 34
-17.851196 18.636459 -0.634496 34 139 34
-20.113651 15.749442 -0.340205 34 139 34
15.788462 8.474514 -0.087963 139 69 19
10.569925 -3.750737 0.553523 139 69 19
21.933428 1.751839 -0.751031 139 69 19
-19.985500 23.896974 0.342196 34 139 34
3.600202 -19.942121 0.032720 34 139 34
-4.559062 24.922317 -0.360359 34 139 34
-9.552009 -3.542447 0.159764 34 139 34
8.376262 -20.411078 -0.064443 139 69 19
-7.299381 -21.827485 0.056037 139 69 19
11.441362 16.765714 -0.563088 139 69 19
-13.254602 -17.295335 -0.417570 34 139 34
5.231688 -23.027275 -0.879203 34 139 34
-0.581539 -12.878803 -0.171316 34 139 34
-6.609104 10.184198 0.407646 139 69 19
-1.960473 -12.893582 0.391002 139 69 19
-8.254519 16.100257 0.124525 139 69 19
24.801304 -19.946248 0.031122 34 139 34
21.311544 18.793653 0.313191 139 69 19
-10.992819 -12.389077 -0.080098 34 139 34
-2.783792 3.953205 0.026880 139 69 19
-22.471554 24.810262 -0.152907 139 69 19
-17.387563 1.813370 0.385209 139 69 19
-22.833644 2.861087 0.392496 34 139 34
12.957726 11.061917 -0.669930 139 69 19
-0.918558 -19.493201 -0.071018 139 69 19
-2.004421 -17.067936 0.190801 139 69 19
21.330463 14.693096 0.432190 34 139 34
2.378976 9.429233 0.018183 34 139 34
-2.502638 4.458468 -0.246005 34 139 34
-1.694808 -18.227159 -0.286961 139 69 19
-15.631024 11.052885 0.455295 139 69 19
15.132516 0.098181 0.291921 34 139 34
-16.647833 -20.383718 0.449639 139 69 19
-7.180710 -4.946634 -0.336405 34 139 34
-4.479246 -17.900518 0.417528 34 139 34
-14.575022 7.574974 0.031731 34 139 34
11.598655 20.075268 0.500763 139 69 19
0.398382 16.597828 0.383813 34 139 34
-9.618445 23.688840 -0.438337 139 69 19
-11.090560 1.596813 0.629184 139 69 19
11.903012 22.942299 0.119347 34 139 34
-11.888498 1.356508 -0.193840 139 69 19
24.816518 -6.681877 0.289173 34 139 34
-13.008660 17.067550 -0.320159 139 69 19
-23.822821 -10.241867 0.356944 139 69 19
15.953648 -0.584315 0.031913 139 69 19
7.834971 -4.295993 0.170014 139 69 19
18.928956 1.600031 -0.776732 34 139 34
18.620915 17.574194 -0.037309 139 69 19
22.519275 13.658411 -0.447050 34 139 34
12.778267 -18.814447 0.313773 139 69 19
-10.370620 -21.206788 -0.980888 34 139 34
5.017604 -21.991669 -0.767159 139 69 19
-24.960065 -0.068582 -0.395553 34 139 34
11.811994 -21.456073 0.131943 139 69 19
-11.954477 4.878613 0.135452 34 139 34
-24.692394 -5.459546 0.096417 139 69 19
-18.644788 -4.127479 -0.071623 139 69 19
-23.219192 21.674424 -0.323921 34 139 34
14.232022 -15.520217 -0.566508 34 139 34
-21.490562 -21.274771 0.838576 139 69 19
-11.956948 7.423233 0.463498 34 139 34
20.433236 -24.607713 -0.177916 34 139 34
-7.903619 -6.950095 0.132476 34 139 34
-11.266413 16.532180 0.362293 139 69 19
-14.831880 -14.246135 0.788784 34 139 34
-7.696716 6.486977 0.397198 139 69 19
6.000073 14.996730 0.423865 34 139 34
-0.386003 -7.253073 -0.802830 139 69 19
-0.521723 18.775036 0.659568 139 69 19
24.322781 12.767306 -0.638542 34 139 34
6.579093 -4.580352 0.097003 34 139 34
-4.960295 11.649180 -0.077540 34 139 34
8.841974 -17.027940 0.217868 139 69 19
11.727313 15.053930 -1.103452 139 69 19
-21.429704 16.271849 -0.002312 139 69 19
22.640364 10.923624 0.622772 139 69 19
-16.270540 11.146444 0.504295 139 69 19
2.568568 21.379973 -0.431732 34 139 34
-23.245968 -20.835261 -0.026383 139 69 19
19.780446 -19.461239 -0.242152 34 139 34
-14.309676 -17.776401 -0.251178 139 69 19
12.323003 10.463876 0.780190 34 139 34
1.575507 -23.030756 0.023702 139 69 19
8.722894 21.471560 0.067768 139 69 19
-5.494226 -6.571493 0.669563 139 69 19
13.541622 -13.533192 -0.186888 139 69 19
-17.507250 18.557364 0.137985 34 139 34
-23.058584 -13.616018 -0.289549 34 139 34
7.388832 15.654392 -0.262810 139 69 19
-6.511970 -22.356594 -0.597874 139 69 19
2.818395 21.775735 -0.259803 34 139 34
-4.167761 15.352998 0.342142 34 139 34
-18.445940 1.681538 1.001960 34 139 34
21.868992 -24.495130 0.463197 139 69 19
-4.139387 20.467787 -0.138317 34 139 34
-2.451219 20.113386 -0.512828 139 69 19
1.112704 10.148582 -0.188533 34 139 34
-10.442038 -17.645159 -0.461131 34 139 34
1.049664 14.965575 -0.676226 34 139 34
12.620732 -3.137464 0.556687 34 139 34
3.457003 20.358354 0.045053 34 139 34
17.332642 -21.779554 0.515459 34 139 34
18.177018 22.239679 -0.030617 139 69 19
-4.752146 -22.591924 -0.703401 139 69 19
-22.806694 1.771837 0.137105 139 69 19
12.503660 -15.416585 0.211493 139 69 19
-14.618423 22.742355 -0.500771 34 139 34
4.201435 -6.712785 0.160656 139 69 19
-0.612437 -18.982162 0.140416 34 139 34
7.338504 -0.685607 -0.695673 34 139 34
17.524880 15.368020 0.200352 139 69 19
16.644166 -23.951202 0.446925 139 69 19
-21.608625 13.892107 -0.271991 34 139 34
3.824556 24.938130 -0.211378 34 139 34
-20.264335 -15.084554 0.138075 34 139 34
-16.718504 20.083026 0.125275 139 69 19
2.785901 -12.900452 -0.415889 139 69 19
5.589198 -9.768110 0.368161 139 69 19
-5.398571 -2.173110 0.516054 139 69 19
-13.302941 13.800811 0.207560 139 69 19
-16.656883 -9.363251 -0.332743 34 139 34
11.743342 -9.306286 -0.477848 139 69 19
14.869010 7.506989 0.492003 34 139 34
-6.389798 -5.929559 -0.439710 139 69 19
13.082533 15.067094 -0.318289 139 69 19
-23.943654 18.948650 -0.432604 34 139 34
-16.926503 9.851640 -0.237817 34 139 34
-23.922208 23.450833 0.025880 34 139 34
20.033657 -6.693559 -0.003644 139 69 19
-17.177075 6.822988 -0.353971 139 69 19
-20.176540 18.950935 -0.292652 139 69 19
7.500983 22.481714 -0.217443 139 69 19
8.173677 9.045122 -0.869212 139 69 19
-3.588016 11.155822 -0.405992 34 139 34
16.202355 8.181618 0.078131 34 139 34
-1.010047 1.628127 0.961360 139 69 19
-23.162526 0.377361 0.409663 139 69 19
15.915091 -1.886399 0.174367 139 69 19
9.420143 14.009840 -0.624163 34 139 34
-22.951586 -22.103843 -0.285328 34 139 34
14.635582 18.539181 -0.370314 34 139 34
-15.136387 -15.561383 -0.632339 34 139 34
7.638675 -5.400224 0.269007 34 139 34
8.545186 -7.306384 0.319819 34 139 34
19.780147 18.602737 0.338786 34 139 34
-4.429727 19.752157 -0.162938 34 139 34
-2.532571 1.008450 1.053683 139 69 19
20.517932 -8.166050 0.381336 139 69 19
12.677183 -2.936880 -0.246189 139 69 19
6.308993 -6.775026 -1.313303 34 139 34
12.767165 23.574452 0.410506 139 69 19
17.068624 8.051153 0.701186 139 69 19
19.397667 -7.842564 -0.207853 34 139 34
20.691974 23.498075 0.160748 139 69 19
21.486333 15.401996 0.673642 139 69 19
-18.310295 -14.661767 0.563813 139 69 19
9.383462 9.285290 -0.306117 34 139 34
0.335052 -9.837788 -0.245071 139 69 19
9.707769 7.096406 -0.185843 34 139 34
-18.605248 13.930166 0.164733 139 69 19
-23.111434 17.402771 -0.657893 139 69 19
19.455521 0.917190 0.310419 139 69 19
-9.888157 -13.354592 0.679653 34 139 34
-10.160459 14.050951 0.078661 139 69 19
1.537151 -6.035469 1.480597 139 69 19
9.112541 12.376752 -0.821465 34 139 34
-2.851250 -14.320101 -0.215178 34 139 34
-21.441848 16.134231 0.145940 34 139 34
1.372621 13.939420 0.397764 34 139 34
3.410833 -19.614409 -0.212080 139 69 19
19.087525 6.324068 0.173622 139 69 19
9.992431 -1.148090 0.175730 139 69 19
9.989441 4.853802 0.621859 34 139 34
13.620606 -23.667590 -0.250784 34 139 34
6.857731 6.718004 0.257953 34 139 34
21.350591 20.113244 0.594450 34 139 34
-3.892312 -24.462169 0.131116 34 139 34
19.908360 8.864534 -0.892491 139 69 19
0.711060 -13.116249 -0.419558 34 139 34
24.591041 10.477217 -1.522452 34 139 34
-16.267496 -16.970488 -0.345879 34 139 34
19.811699 -15.042080 0.784721 139 69 19
-5.868217 16.004915 0.213336 139 69 19
-15.385804 2.744641 -0.325739 139 69 19
11.814328 16.693808 -0.068060 34 139 34
-2.855422 -15.928525 -0.358355 34 139 34
-6.099399 -3.321071 -0.240201 34 139 34
-16.113758 14.181350 0.786481 139 69 19
-14.256998 -4.470532 0.233829 139 69 19
19.786927 0.803300 0.328865 139 69 19
6.511739 -20.567225 -0.813080 139 69 19
-7.947222 -15.260104 -0.415640 139 69 19
-18.978894 17.136537 0.691929 34 139 34
0.906282 -9.760273 0.762215 139 69 19
-13.388700 0.190872 -0.720690 34 139 34
-6.555040 -3.797267 -0.064791 139 69 19
-1.306313 -10.134033 0.244999 34 139 34
17.739066 -14.677322 0.127009 34 139 34
3.377981 13.445278 -0.132028 34 139 34
-10.912246 22.507019 0.404048 139 69 19
0.703274 -10.242301 0.240878 139 69 19
8.757280 -19.869129 0.395472 34 139 34
5.980016 -2.364066 0.547502 34 139 34
-1.489696 2.944765 -0.180268 34 139 34
1.030983 15.948921 -0.153836 139 69 19
19.027189 5.445315 0.293431 139 69 19
-19.008859 23.279221 0.793472 34 139 34
9.308852 1.016406 -0.614775 34 139 34
-13.698908 -10.014339 -0.694976 139 69 19
13.378499 -17.904690 0.680739 139 69 19
-12.279225 -15.354182 -0.381675 139 69 19
-4.154886 -4.346991 -0.480104 139 69 19
6.355515 -14.716172 -0.607180 34 139 34
-12.871769 13.414624 0.669470 34 139 34
-14.478211 7.800599 0.006381 34 139 34
-5.011880 -10.446546 0.000657 34 139 34
1.656767 -22.260946 -0.116117 34 139 34
4.912918 -4.969662 0.015981 34 139 34
22.690574 10.114525 0.228864 34 139 34
-3.287414 21.459135 -0.183441 139 69 19
13.389803 -22.556505 -0.219083 34 139 34
-15.599038 -0.080328 0.567560 139 69 19
16.020893 16.634859 0.441004 139 69 19
5.785499 10.059033 -0.491273 34 139 34
4.149159 5.160900 -0.075476 139 69 19
1.034516 8.653828 0.403924 139 69 19
-0.412351 3.026512 -0.206640 139 69 19
-4.643087 2.028511 0.262621 34 139 34
-3.595086 -0.785131 0.882674 34 139 34
4.433231 3.087355 -0.527914 34 139 34
-4.478339 -10.312381 1.096179 34 139 34
0.885914 6.862622 -1.060846 34 139 34
-7.311742 -18.160025 0.534917 139 69 19
6.598987 -22.392550 0.106144 139 69 19
-10.211641 -22.922385 0.687989 34 139 34
17.967914 3.704168 0.997163 139 69 19
17.746867 16.004107 -0.223411 139 69 19
22.717112 -10.918509 0.130815 34 139 34
22.401858 -6.949252 0.466425 34 139 34
20.055345 -12.762244 -0.262400 34 139 34
-2.228199 -24.128624 0.097077 34 139 34
7.975311 20.525239 0.118023 34 139 34
-0.569944 -0.121495 0.484650 139 69 19
6.854341 0.053962 -0.370923 139 69 19
-21.979959 5.772181 -0.494546 139 69 19
-12.246605 -20.796627 -0.012716 34 139 34
18.944393 -12.296034 -0.307855 34 139 34
-3.757099 20.298065 -0.063923 139 69 19
-9.646673 -17.250149 -0.752437 34 139 34
-19.315465 3.864777 0.766566 139 69 19
16.971953 -18.648295 0.713803 34 139 34
-6.788285 -18.835439 -0.537243 34 139 34
0.812137 3.923423 -0.842616 34 139 34
4.445704 -13.031100 -0.141994 139 69 19
-9.866035 -14.239731 0.058451 34 139 34
-2.808792 15.076718 1.224949 139 69 19
11.672365 7.184368 0.386031 34 139 34
-22.051362 -1.833409 0.508779 139 69 19
-22.119718 -4.222201 -0.231251 139 69 19
9.173711 -19.909868 0.259451 139 69 19
-20.239779 -20.767183 0.565312 34 139 34
-18.957320 17.053621 -0.649108 34 139 34
-13.779183 -14.457313 -0.364761 139 69 19
-20.124968 5.230987 -0.480843 34 139 34
3.155463 -9.231261 -0.589660 34 139 34
8.837484 17.414174 -0.762443 139 69 19
-21.294585 -24.864793 -1.067333 34 139 34
5.246688 20.840474 -0.197482 34 139 34
4.735292 4.257978 -0.946710 34 139 34
-10.631997 -11.300561 0.559098 139 69 19
-19.867562 1.518804 0.353502 139 69 19
-22.181603 -20.725812 -0.564384 34 139 34
8.271684 2.080660 -0.189335 139 69 19
20.922932 0.100396 0.359545 34 139 34
22.330995 -8.687268 1.299260 34 139 34
-4.556557 -1.909760 0.597242 34 139 34
10.950300 0.354992 -0.778911 34 139 34
18.864077 -3.650650 0.277836 139 69 19
-11.472059 21.327360 0.382650 34 139 34
12.476837 -4.894891 0.122824 34 139 34
1.310782 8.929467 -0.120841 139 69 19
0.152805 -8.292551 -0.494504 139 69 19
21.945039 3.868198 -0.462935 139 69 19
-19.395420 1.509154 -1.464378 139 69 19
1.433020 -6.637266 0.238579 34 139 34
8.533164 13.016220 0.196925 139 69 19
2.435397 -12.437339 -0.327945 139 69 19
13.644262 6.432684 -0.266395 139 69 19
-7.761306 15.153488 -0.118142 34 139 34
-15.091569 -18.061182 -1.112712 139 69 19
6.261698 2.535458 0.697680 34 139 34
11.525943 -14.406922 0.182567 139 69 19
3.189195 -2.965007 0.294007 34 139 34
1.996940 13.047228 0.719796 34 139 34
-9.369016 -24.952233 -0.526574 139 69 19
-19.461196 0.002221 0.510641 34 139 34
13.781528 7.397754 0.455269 139 69 19
2.035719 -17.040823 -0.406494 139 69 19
-18.017208 -23.716095 -0.501735 139 69 19
1.660097 -2.575548 -1.036087 34 139 34
21.956725 -12.504667 0.049715 34 139 34
7.915893 -9.377271 0.403005 139 69 19
22.873040 4.424488 -0.562091 139 69 19
-9.148029 23.735775 -0.824964 34 139 34
-23.251135 7.610728 -0.447125 139 69 19
-0.318765 -23.144926 -0.093909 34 139 34
-17.609428 -6.058246 -0.828966 139 69 19
11.171638 -20.688930 0.219767 139 69 19
10.858782 24.378625 -0.358883 34 139 34
0.144558 4.037479 -0.238428 139 69 19
7.697031 -12.279279 0.877153 34 139 34
-4.080572 14.320287 0.124217 34 139 34
-15.343594 -14.579386 -0.330465 34 139 34
21.356836 6.709941 -0.775002 34 139 34
3.283264 -24.067983 -0.224415 139 69 19
1.524573 -14.324919 -0.450821 139 69 19
24.466624 -24.515215 0.066966 139 69 19
1.982007 16.158584 -0.597585 34 139 34
-6.236676 -23.680032 -0.005668 139 69 19
-16.475625 -15.517601 0.076039 139 69 19
0.273654 0.591412 0.296810 139 69 19
21.510513 -14.844501 -0.403696 139 69 19
10.066421 14.451181 -0.017758 34 139 34
-21.242042 -0.099669 1.304352 34 139 34
21.026911 -11.244218 -0.167531 34 139 34
-12.835536 4.760080 -0.466597 139 69 19
-1.686511 -5.465270 -1.145359 34 139 34
-24.666371 -13.448707 -0.052208 139 69 19
21.713844 4.291628 -0.044379 139 69 19
-16.683625 -15.495176 -0.610681 34 139 34
-23.056145 14.886861 -0.682588 139 69 19
-15.148724 14.547395 0.345606 34 139 34
-18.778644 -16.522186 0.539085 139 69 19
-13.892725 -2.059600 0.344260 34 139 34
-8.896707 -3.164982 -0.471939 139 69 19
17.424464 9.980978 0.935088 139 69 19
11.051411 5.646755 -0.506457 34 139 34
-20.959020 9.034601 -0.311685 34 139 34
-1.749484 -23.831643 -0.454545 34 139 34
-3.206859 3.996247 0.046536 139 69 19
15.628504 13.887262 -0.260550 34 139 34
-9.819278 -8.433585 0.463207 34 139 34
-5.525082 -12.752629 0.542842 34 139 34
-5.915542 -5.260027 -0.939077 34 139 34
11.778826 2.103022 -0.130143 139 69 19
17.831634 -17.722791 -0.453757 34 139 34
21.333481 -13.948786 -0.424532 139 69 19
20.657274 13.758819 -0.334081 139 69 19
9.735098 -18.559757 -0.312070 139 69 19
1.127055 -13.212580 -0.744549 139 69 19
5.979676 -6.026700 -0.100470 34 139 34
7.062859 16.601848 -0.499730 34 139 34
18.597333 -12.464546 -0.214880 139 69 19
-21.173139 -11.095330 -0.013200 34 139 34
1.511919 -23.349973 0.297074 34 139 34
7.974401 -17.103038 -0.632478 34 139 34
5.683836 -7.081339 -0.712596 139 69 19
-3.941163 6.374199 0.339861 139 69 19
-15.233155 22.802301 -0.929760 139 69 19
13.162659 -7.306559 0.275723 34 139 34
13.744743 -14.501519 -0.332666 34 139 34
-3.137673 24.703415 0.178527 139 69 19
0.218638 21.706300 -0.020856 34 139 34
11.532806 -16.107812 0.266925 34 139 34
12.299125 18.127531 0.330963 34 139 34
-23.157663 -16.496000 0.201943 139 69 19
-4.659172 3.486383 0.503907 34 139 34
3.037829 8.500778 -0.800109 139 69 19
-22.740907 -21.805216 -0.935954 34 139 34
-23.758503 -4.653547 0.322103 139 69 19
17.054336 -16.658343 0.220176 139 69 19
1.168157 -24.911653 0.379801 139 69 19
17.404092 -16.207885 -0.311938 34 139 34
23.844235 -20.442730 0.334239 34 139 34
-12.026664 -2.840387 -0.268256 139 69 19
-3.499147 -22.890665 -0.094271 34 139 34
-8.898722 -12.418619 -0.274413 34 139 34
11.710983 -1.332671 -0.321626 34 139 34
-23.118052 23.314705 0.231594 139 69 19
-7.602490 6.555449 -0.678092 139 69 19
-17.707343 18.427186 -0.131927 34 139 34
4.402603 14.135216 0.019802 139 69 19
6.215779 -7.664833 0.686958 34 139 34
20.897281 -1.462251 0.481506 34 139 34
-2.933978 24.246664 -0.898794 139 69 19
-22.894013 15.891381 -0.374979 139 69 19
3.481827 -10.135946 -0.060410 139 69 19
-3.809754 5.377868 0.638467 139 69 19
-6.416724 14.487209 -1.328157 34 139 34
21.781653 22.582967 -0.636302 34 139 34
5.681283 10.805589 -0.595580 34 139 34
-2.094454 18.395059 -0.761887 139 69 19
10.817576 11.434175 -0.413466 139 69 19
-12.773518 -16.222890 -0.180665 34 139 34
-0.323773 -22.156800 0.194950 139 69 19
-14.878910 -12.723216 0.386820 34 139 34
8.401108 10.748151 -0.527950 139 69 19
-3.392538 17.150322 0.170380 34 139 34
-17.460815 -17.222548 0.409872 34 139 34
-13.544446 1.558104 0.482521 139 69 19
-21.276527 12.084951 0.060999 139 69 19
-3.444974 12.828719 -0.132167 139 69 19
6.302533 -16.074161 -0.111990 34 139 34
-5.747369 -10.422877 0.011904 139 69 19
-18.870700 9.343605 0.094885 34 139 34
-14.994851 14.631200 0.227068 34 139 34
0.980106 -20.157860 0.055286 34 139 34
-11.977060 8.740946 0.403042 139 69 19
6.973920 14.926944 -0.126528 139 69 19
-24.940623 -21.927216 0.035690 139 69 19
-21.519502 17.627989 -0.495002 139 69 19
18.852683 19.596238 -0.266767 34 139 34
19.682537 5.067837 0.362668 139 69 19
-4.731224 18.987071 -0.336447 34 139 34
-15.712908 -15.382501 0.087367 139 69 19
-9.701109 -22.256263 -0.142982 139 69 19
23.158406 8.441446 0.546558 139 69 19
-13.183420 9.934564 0.235949 34 139 34
-19.686125 9.061168 -0.161858 34 139 34
19.558532 -9.135610 -0.480917 139 69 19
11.452745 -1.150354 -1.029249 139 69 19
-17.791142 10.372458 0.139618 139 69 19
14.579608 7.607795 -0.173978 139 69 19
7.839524 24.449381 -0.115899 139 69 19
23.257255 12.861582 -0.298849 139 69 19
-4.767776 19.773382 0.063639 139 69 19
5.642943 14.114115 0.354055 139 69 19
-14.966489 18.434159 0.773133 34 139 34
-7.630705 -9.087122 0.276862 34 139 34
-4.926278 9.655373 -1.227601 139 69 19
-9.690260 -11.504343 0.115641 139 69 19
24.495914 0.835206 -0.111166 139 69 19
24.203292 6.199550 0.530167 139 69 19
-17.486058 21.256742 -0.188965 34 139 34
-21.828787 -12.654966 0.366094 139 69 19
-13.561993 2.145082 -0.770081 34 139 34
-1.391644 -22.629706 0.496549 139 69 19
-5.163723 8.114752 -0.197371 34 139 34
-16.418104 -0.156135 0.285782 139 69 19
-2.198718 1.814672 0.460063 34 139 34
9.892162 -4.824319 -0.627081 34 139 34
-7.965233 5.275963 -0.364579 139 69 19
-7.114126 -7.550473 0.508786 139 69 19
3.229698 23.440426 -0.118039 34 139 34
-5.341393 9.690869 -0.529531 139 69 19
-22.453712 -18.515445 0.018269 139 69 19
-14.359038 14.447888 0.455655 34 139 34
20.151328 -19.882159 -0.031646 34 139 34
-4.265503 -12.634939 -0.136857 139 69 19
17.648762 0.144801 -0.082249 139 69 19
-7.271215 12.746524 -0.398636 139 69 19
-20.418427 -19.550034 -1.633317 34 139 34
-20.263039 5.249113 0.501677 34 139 34
15.956796 -3.823279 -0.152586 34 139 34
-9.012047 -12.261040 0.449601 34 139 34
15.684101 18.365245 0.725756 34 139 34
24.973323 16.679628 0.351256 34 139 34
-17.363173 -3.892648 0.283845 139 69 19
-2.029120 4.069455 -0.547714 34 139 34
19.394515 20.062821 -0.025016 34 139 34
-8.009386 -3.914223 0.203694 34 139 34
-16.455809 -8.787850 0.822472 34 139 34
-15.764319 11.978877 -0.044977 34 139 34
-13.137148 10.708968 -0.663470 139 69 19
-22.422287 1.133153 0.259923 139 69 19
8.691993 9.940120 -0.142615 139 69 19
-3.325753 24.838815 0.094635 34 139 34
3.549419 -9.718279 0.355020 34 139 34
5.962335 17.009010 0.134104 34 139 34
-7.085581 -23.360176 0.583830 139 69 19
-19.154449 -4.111290 0.228740 34 139 34
24.934066 -7.951450 0.893299 139 69 19
23.546114 -23.625952 0.826035 139 69 19
-6.679026 24.704153 0.029283 139 69 19
-18.647930 -22.348769 -0.791748 34 139 34
-20.016419 -16.143689 -0.653173 139 69 19
16.610080 2.678531 -0.924699 34 139 34
-1.318573 23.379523 0.392961 34 139 34
14.608334 2.545029 -0.016999 139 69 19
19.213508 -15.449761 0.581599 139 69 19
10.313012 -3.652950 0.195995 139 69 19
8.217778 -9.755203 -0.510976 34 139 34
18.060542 -5.058929 -0.381169 34 139 34
-11.081124 -20.573784 0.030814 34 139 34
10.545085 3.504044 0.688465 34 139 34
-20.076398 -13.883470 0.287015 34 139 34
-17.325535 -24.926509 0.022862 34 139 34
-6.839330 6.609388 -0.266106 139 69 19
19.750243 20.454145 -0.000106 34 139 34
0.095527 2.783846 -0.620806 34 139 34
17.693729 -21.955798 0.268432 139 69 19
8.788211 24.815372 1.106494 139 69 19
-17.480273 22.263028 -0.175205 139 69 19
14.561355 18.360611 0.546660 139 69 19
-0.136158 15.590843 -0.100588 34 139 34
1.359389 -14.089412 -1.218685 34 139 34
-13.580085 -21.559280 -0.371260 139 69 19
-9.326588 19.904991 0.873949 139 69 19
-8.746725 -8.595686 0.322920 34 139 34
-2.540556 -19.339158 0.107759 139 69 19
18.853064 2.009688 -0.280977 139 69 19
-24.646141 -23.454505 0.775564 34 139 34
2.958034 18.900423 0.479037 34 139 34
-20.000580 13.558925 -0.516729 139 69 19
-20.256990 -8.659584 -0.360928 139 69 19
-7.040538 -13.076282 -0.338915 34 139 34
18.341146 -4.984331 0.139189 139 69 19
-9.792231 -13.524209 -0.696210 34 139 34
-1.588561 -21.834365 0.645883 34 139 34
-22.375772 9.035151 -1.263620 139 69 19
-3.901101 -16.973820 0.038303 34 139 34
-1.632085 -14.814699 -0.660060 139 69 19
-19.829142 12.908244 0.053496 139 69 19
12.253030 8.713984 -0.699863 34 139 34
-22.976497 -8.486835 0.295255 34 139 34
3.517162 21.997027 -0.486856 34 139 34
16.704622 8.970538 -0.682908 34 139 34
15.341355 14.543697 0.428542 139 69 19
23.557305 3.976862 -0.919915 139 69 19
20.788024 -7.314180 -0.127256 34 139 34
-5.218430 14.576393 -0.760105 34 139 34
8.905265 -14.393908 -0.790020 34 139 34
1.171755 2.147460 -0.102558 34 139 34
-7.898134 -16.634075 1.033341 139 69 19
-0.904425 -11.176567 -0.171643 139 69 19
19.593784 -19.725624 -0.007311 34 139 34
7.719058 -9.514418 0.303903 139 69 19
-24.684044 -11.203903 0.319046 139 69 19
23.196145 16.707557 -0.613467 34 139 34
22.551655 13.243222 0.259802 34 139 34
20.522334 22.367334 -0.432186 139 69 19
-15.361277 -13.871570 -1.255236 34 139 34
2.666723 13.494011 0.019627 139 69 19
-4.809070 4.931636 0.224761 139 69 19
-3.264314 3.678552 0.322165 139 69 19
-4.665583 -7.597166 0.159122 34 139 34
-24.733099 -24.535560 0.508857 34 139 34
0.267108 6.587174 0.208920 139 69 19
-12.139283 -10.261821 0.283772 139 69 19
-8.598706 3.758198 0.772896 139 69 19
6.085976 -7.123716 0.742296 139 69 19
0.445200 5.824530 0.266846 139 69 19
17.653715 -20.548205 0.564690 34 139 34
-8.359213 14.334900 0.135424 139 69 19
-13.799301 8.865531 0.309521 34 139 34
-12.496695 20.752924 0.297826 34 139 34
18.567528 -20.847021 -0.570013 34 139 34
10.083944 5.493318 -0.550632 34 139 34
-2.187325 -9.509903 -0.681688 34 139 34
-2.585921 17.092333 -0.145096 139 69 19
-6.869787 -5.299186 -0.654014 34 139 34
2.551537 13.706005 0.744284 139 69 19
-23.204414 -13.671952 0.027545 139 69 19
15.145253 17.324291 1.140972 139 69 19
-24.681797 -22.110727 -0.434673 139 69 19
-22.258782 4.663100 -0.620091 139 69 19
-1.948733 -1.988636 0.572280 34 139 34
20.461872 -12.998117 -0.720985 34 139 34
-20.525820 7.244303 -0.140115 139 69 19
10.810662 -12.356942 -0.248934 34 139 34
3.192877 -9.792732 -0.314171 139 69 19
4.440436 7.716716 0.248554 34 139 34
-17.605111 -18.953866 0.774060 34 139 34
12.651175 -3.635867 -0.168893 34 139 34
24.186180 19.779064 0.435357 34 139 34
-10.870473 24.958222 -0.052331 34 139 34
23.146232 -3.792950 0.364511 139 69 19
23.386581 -15.594291 0.016899 139 69 19
-17.944087 -4.994606 0.209808 34 139 34
-7.875288 -1.191263 0.205407 139 69 19
16.445957 11.466351 -0.445924 34 139 34
-6.439305 -12.770419 -1.127279 34 139 34
18.617706 0.518192 -0.066239 34 139 34
-14.867975 -6.497140 0.239987 34 139 34
-23.319683 -15.530443 -0.036471 34 139 34
-20.935969 16.233982 0.631061 139 69 19
-20.315678 13.498079 0.203751 139 69 19
-18.411521 11.974487 -0.725069 139 69 19
21.559478 21.839258 -0.167016 34 139 34
1.445623 7.687346 -0.520352 34 139 34
7.580234 -14.972115 -0.774555 139 69 19
-6.181962 -23.117497 -0.232942 139 69 19
14.986717 18.272209 -0.320264 34 139 34
21.806354 13.486103 0.122661 34 139 34
18.388113 -0.933674 0.084208 139 69 19
13.140928 12.866567 -0.021781 34 139 34
15.766034 7.187509 -0.599045 34 139 34
-7.072826 -0.215276 -0.674282 34 139 34
-1.730787 -7.183304 0.184836 34 139 34
-24.366842 -24.455602 0.177618 34 139 34
-4.572233 22.078187 -0.251361 34 139 34
-23.665201 -10.812093 -0.040966 34 139 34
4.005190 8.242460 -0.102190 139 69 19
-10.258067 15.985938 0.101382 34 139 34
8.641827 -19.483488 -0.146729 139 69 19
-13.657699 -20.016656 -1.183449 139 69 19
-14.138765 -12.061053 -0.508484 34 139 34
-18.501914 22.846735 -0.365533 139 69 19
-8.288994 -0.165180 -0.472802 139 69 19
12.307579 -22.426950 -0.372468 139 69 19
-2.899152 -4.367662 -0.168813 34 139 34
-20.677775 14.273123 -0.586234 139 69 19
8.211672 -11.984509 -0.104822 34 139 34
-11.008642 2.258399 0.307868 34 139 34
1.219910 -0.901519 0.124187 139 69 19
19.531115 -0.719485 0.563645 139 69 19
-11.650816 -13.266318 -0.761526 34 139 34
-16.030248 0.155432 -0.179712 34 139 34
-2.649043 -13.489873 0.304742 139 69 19
-13.898491 13.354866 -0.571184 139 69 19
-22.066205 -10.061806 0.003354 34 139 34
-5.995761 5.232849 0.259692 34 139 34
3.907679 -9.804331 -0.403305 139 69 19
-7.711825 -24.222040 -0.206912 34 139 34
-7.669038 9.599933 -0.424408 139 69 19
3.400062 -12.963813 -0.760583 139 69 19
-9.797791 -24.197268 0.182498 139 69 19
-21.647018 18.248813 0.082923 139 69 19
-12.727287 12.241738 -0.192179 34 139 34
-22.985849 -22.901050 -0.357816 139 69 19
18.344569 1.773020 -0.676178 139 69 19
6.479534 22.482721 0.301769 139 69 19
16.573207 10.885427 0.406969 34 139 34
17.499728 -21.226031 -0.355325 139 69 19
0.936370 20.546736 0.158252 34 139 34
-20.972320 4.951994 0.071465 34 139 34
0.136257 -3.102089 0.191646 139 69 19
10.305445 22.989586 0.562582 34 139 34
4.134400 -1.477342 0.261217 34 139 34
-18.591027 24.510046 0.070050 139 69 19
20.034996 21.707301 0.112873 139 69 19
-9.477354 -10.253952 0.165184 34 139 34
12.493133 13.481940 0.153033 34 139 34
-24.527646 14.877635 0.367725 34 139 34
-0.526391 8.047290 -0.705369 34 139 34
-18.917692 13.072958 -0.092815 34 139 34
-12.594755 -17.007401 0.290932 139 69 19
13.808195 5.594754 -0.429977 34 139 34
-5.382448 20.180268 -0.432593 34 139 34
17.537350 23.206925 0.045131 34 139 34
-1.132103 23.381026 0.514890 139 69 19
17.765225 -2.935272 0.541594 139 69 19
12.156998 -18.528145 -0.220130 139 69 19
4.448160 -16.117585 0.013628 34 139 34
5.057764 -8.893927 0.197202 34 139 34
16.075934 13.485289 0.737225 34 139 34
-22.602502 -17.712078 -0.391790 139 69 19
-10.159654 11.066932 -0.695104 139 69 19
-3.316464 -14.507329 0.080103 139 69 19
5.350148 -7.226940 -0.699689 34 139 34
-1.698388 -9.933056 -0.040600 34 139 34
24.822668 15.895754 0.506449 34 139 34
-13.969154 2.237006 -0.101810 139 69 19
-4.584396 10.443497 -0.650196 34 139 34
1.732753 1.691222 0.163450 34 139 34
5.816632 -20.456038 0.393949 139 69 19
14.575429 9.515720 0.030132 139 69 19
-1.106039 -22.291618 0.195015 139 69 19
3.129349 7.050509 0.170795 34 139 34
6.011952 -8.666870 0.129385 34 139 34
14.752191 -19.232853 -0.755170 139 69 19
9.232045 -22.151720 0.549780 139 69 19
-15.584585 -17.975775 0.994358 139 69 19
20.645843 14.827308 0.161532 139 69 19
-22.257133 -24.537543 0.434636 139 69 19
12.208244 0.904321 -0.719961 34 139 34
18.967702 -8.995390 -0.510348 139 69 19
5.872694 9.813898 -0.470514 34 139 34
-1.496990 22.290465 -0.785577 139 69 19
10.935832 1.900368 0.536314 139 69 19
-5.222224 -3.706119 -0.556199 34 139 34
15.691219 16.374850 0.205174 139 69 19
9.778701 -22.723749 -0.369729 139 69 19
17.823778 14.640880 -0.023716 139 69 19
19.954892 -2.708226 0.289730 34 139 34
3.927961 16.734578 -0.626196 34 139 34
-24.642800 16.127246 0.254017 139 69 19
-15.735520 -16.000183 0.446968 34 139 34
-20.996880 8.173828 -0.434184 34 139 34
12.779129 8.390307 -0.143623 34 139 34
-2.811157 -15.224022 0.795048 139 69 19
-13.006685 23.073200 0.348320 34 139 34
0.079413 -22.972494 0.132847 139 69 19
-10.598737 21.295657 -0.885125 139 69 19
8.519628 11.738549 0.646847 139 69 19
-1.934790 8.822355 -0.126528 139 69 19
-24.233753 -4.866184 0.094977 34 139 34
9.774151 -6.415691 0.517702 34 139 34
-21.234389 14.064119 -0.405155 34 139 34
21.861353 -10.431298 -0.066539 34 139 34
-3.606876 11.474903 0.665109 139 69 19
23.903721 11.678216 0.240681 139 69 19
-17.664974 -19.761246 -0.500797 139 69 19
6.900175 -13.145793 0.605170 139 69 19
-10.241737 -8.678913 1.102275 34 139 34
-8.854808 -15.062915 0.128597 139 69 19
-10.193924 6.108386 0.448672 139 69 19
-23.953400 -23.503514 0.226131 139 69 19
0.586936 -10.193623 0.216129 34 139 34
15.077526 -10.989922 0.083395 34 139 34
-12.238500 -5.327942 -0.230921 139 69 19
-24.044789 -10.334978 -0.410601 139 69 19
-8.128581 5.584435 -0.119739 34 139 34
16.787143 -8.134271 0.309730 34 139 34
-21.561855 -6.714117 0.255564 139 69 19
0.554034 21.297915 0.010806 139 69 19
-2.921700 -11.215267 0.536330 139 69 19
-22.460460 22.698035 -0.143179 34 139 34
-23.849981 -14.548434 0.141384 34 139 34
-3.193260 -13.915200 0.060425 139 69 19
7.354840 22.846538 -0.818426 34 139 34
3.048576 -9.062697 -0.271530 139 69 19
13.991902 -14.071648 0.754802 139 69 19
-15.751936 -7.005738 -0.680896 34 139 34
-9.461968 14.090440 -0.359426 139 69 19
-15.807869 -10.377032 0.523878 139 69 19
-17.333153 12.516149 -0.107578 34 139 34
4.188759 -23.951774 0.020411 34 139 34
5.574170 18.420632 0.128721 34 139 34
-10.352443 22.050385 -0.613477 139 69 19
-3.412320 6.846866 0.524919 34 139 34
-6.782150 -3.641788 0.308789 139 69 19
-3.683171 -19.679779 0.189729 34 139 34
-4.281960 -20.471695 0.516017 139 69 19
-3.588502 -22.740833 -0.804038 139 69 19
10.879293 -7.653216 -0.405391 34 139 34
15.404468 -18.624855 -0.709282 139 69 19
-8.736591 23.064010 -0.104742 139 69 19
13.510399 -23.091705 -0.304986 139 69 19
-18.108105 -14.921770 -0.039258 139 69 19
21.620798 0.524699 0.359009 139 69 19
-14.183010 3.475341 0.247250 139 69 19
8.287644 -8.460266 0.576684 34 139 34
-24.078227 -5.936867 0.473430 34 139 34
-20.813484 15.510986 -0.417392 139 69 19
3.430936 9.544441 -0.485045 139 69 19
17.336803 -9.744796 0.275850 34 139 34
13.684871 7.989491 0.696789 139 69 19
-11.361349 7.343084 0.090149 139 69 19
-20.428916 2.853854 -0.052229 34 139 34
14.378848 -5.118135 -0.784278 139 69 19
-13.001768 5.714538 1.117710 34 139 34
24.203230 19.624537 -0.856579 139 69 19
-5.844943 -0.648361 -0.262975 139 69 19
-3.637825 -16.437337 -0.908660 139 69 19
7.790071 21.261314 -0.094542 139 69 19
-0.165932 8.149161 0.912098 139 69 19
-9.525310 5.083206 -0.928754 34 139 34
4.177471 -4.097275 -0.197890 34 139 34
11.958903 -9.107404 0.623186 139 69 19
2.535472 -3.413670 0.264048 139 69 19
-7.315140 -23.703337 0.327739 139 69 19
11.879818 20.936649 0.693715 139 69 19
13.429160 22.591557 -0.067956 139 69 19
-21.350434 7.392841 0.775351 139 69 19
21.709947 -21.515848 -0.060724 34 139 34
15.828483 -7.557600 0.502375 34 139 34
-0.231517 -22.352735 0.952212 139 69 19
19.924597 -17.231940 0.029444 34 139 34
-0.048667 -11.111053 0.677852 34 139 34
-7.496872 14.632730 -0.420009 34 139 34
19.927264 -7.755806 -0.442527 139 69 19
-18.422068 10.873843 -0.004642 139 69 19
-24.450056 10.597505 0.169400 34 139 34
-5.296230 -4.854005 0.506833 139 69 19
20.350225 0.306046 0.516970 139 69 19
-12.705584 -12.813365 0.097665 139 69 19
0.491040 8.990557 -0.413720 139 69 19
-13.032839 18.164986 -0.188097 34 139 34
6.047551 -22.714080 0.120704 34 139 34
-12.246896 -9.983427 1.140863 139 69 19
0.546532 16.222210 -0.072677 139 69 19
-17.152162 7.783090 0.265674 139 69 19
6.715664 10.967168 -0.417556 139 69 19
22.855481 16.950669 -0.692478 34 139 34
-20.413445 21.245496 0.142354 139 69 19
14.162612 -24.342186 0.692812 139 69 19
17.465586 -17.651625 0.530257 34 139 34
-0.974541 7.763572 0.252722 34 139 34
-21.763942 5.087111 -0.071825 34 139 34
-16.078686 22.077209 -0.243258 139 69 19
1.866450 -8.388700 0.851674 139 69 19
17.119159 -13.623198 -0.054933 34 139 34
7.502344 -2.176735 0.395434 139 69 19
13.923745 13.976780 0.135274 34 139 34
-21.845462 17.602146 0.864262 139 69 19
-10.175906 2.008678 -0.249668 139 69 19
-17.460723 5.331895 0.403576 34 139 34
-22.217038 -1.858261 -0.365852 34 139 34
16.734057 13.737417 -0.347983 139 69 19
13.267000 -16.328493 0.004681 139 69 19
-10.654275 -11.733991 -0.489898 139 69 19
8.411294 -21.069668 -0.615538 34 139 34
2.034686 19.991283 -0.200279 34 139 34
-10.960801 -10.685104 0.283341 34 139 34
-17.901568 10.070592 -0.549266 34 139 34
12.773859 -16.301855 -0.709142 34 139 34
2.805648 -16.663286 0.104635 139 69 19
-1.610037 4.716895 0.470493 139 69 19
23.958036 -17.574018 -0.551218 139 69 19
-22.655698 4.866249 0.549753 139 69 19
22.055328 24.558498 0.381552 34 139 34
4.491704 -0.712072 0.346784 139 69 19
-8.489500 13.038547 -0.597399 139 69 19
18.699446 -21.313468 -0.616541 139 69 19
-17.469160 16.555677 0.286636 139 69 19
22.235442 -2.768829 0.195106 139 69 19
-23.828556 24.879974 0.329790 139 69 19
9.869286 -15.258254 -0.634731 34 139 34
-5.720821 -15.299533 -0.337740 139 69 19
-20.144668 -8.764417 0.299520 139 69 19
12.755773 -21.708878 0.000503 139 69 19
-21.989480 -2.020728 -0.275480 139 69 19
-4.700486 10.530896 0.516851 34 139 34
-16.840489 18.545253 0.332206 34 139 34
0.322511 -6.650016 0.457061 139 69 19
-9.180578 3.498591 0.448517 139 69 19
5.835138 -21.432555 -0.037260 34 139 34
16.296905 -10.406929 -0.072194 34 139 34
-9.814350 1.255049 1.165326 139 69 19
16.240895 3.547540 0.599036 139 69 19
-9.322096 -19.121591 -0.276569 34 139 34
-21.573926 22.227851 -0.387188 139 69 19
-23.087776 -2.395424 1.224716 139 69 19
-6.805677 -12.479507 -0.120159 139 69 19
-6.649846 13.141823 0.497098 139 69 19
6.915526 2.840045 0.371884 139 69 19
-20.700600 5.107275 -0.531512 34 139 34
-22.621004 -10.034758 -0.908149 139 69 19
-0.797675 21.517668 0.027979 139 69 19
-0.927734 -20.476298 0.300162 34 139 34
20.448008 6.483561 0.485364 34 139 34
7.679193 -2.549116 0.121219 34 139 34
14.845453 -6.926596 -0.311650 139 69 19
-2.148358 -4.211732 -0.331066 139 69 19
6.899809 -3.526995 0.267541 139 69 19
22.204701 -8.711278 -0.138310 34 139 34
-0.954854 15.711718 0.208584 139 69 19
18.581114 -2.526462 -0.281177 139 69 19
-17.697063 -14.774683 -0.943698 34 139 34
20.310080 -17.165388 0.189915 34 139 34
16.713915 -9.689728 0.669835 34 139 34
6.139584 -16.756848 0.420603 139 69 19
11.243796 13.300996 0.369858 34 139 34
5.254163 -18.249662 -0.189294 139 69 19
2.308906 -19.405058 0.342280 139 69 19
-17.858783 18.535976 -0.080790 34 139 34
-20.255524 13.015514 -0.381034 139 69 19
-3.125516 -0.693478 -0.377692 34 139 34
14.690342 -6.541089 -0.430198 139 69 19
-18.863653 15.530098 -0.024381 139 69 19
-24.223097 22.620924 0.137993 34 139 34
6.567334 23.821139 -0.056918 34 139 34
-8.298130 -11.846309 0.422870 34 139 34
5.314473 -6.645252 0.306159 139 69 19
20.768028 14.467976 -0.419641 139 69 19
17.446858 0.278575 0.086258 34 139 34
4.655737 10.864239 -0.468190 139 69 19
15.728795 -3.442793 -0.638471 34 139 34
12.606550 22.120386 -0.258334 34 139 34
20.831684 15.017574 0.686503 139 69 19
-22.030083 19.922588 -0.187927 34 139 34
-21.815994 2.840167 0.071154 34 139 34
-7.286755 -5.567680 0.839359 139 69 19
2.608973 -23.056656 -0.806485 139 69 19
-3.203620 21.374707 0.551433 34 139 34
-10.190202 -4.164601 -0.225542 34 139 34
14.930535 -8.595107 0.098811 139 69 19
8.123001 -4.577880 0.779337 139 69 19
-18.312347 -2.408141 -0.538512 34 139 34
-21.290097 -10.271240 -0.690585 139 69 19
-8.702977 -2.773538 0.140886 139 69 19
5.653685 -5.708338 0.052541 139 69 19
20.188783 22.852735 0.369278 139 69 19
-7.852132 2.621423 -0.315241 34 139 34
-23.860716 16.322250 0.661401 139 69 19
-22.359497 17.490780 -0.313915 139 69 19
24.283437 23.970271 0.276739 34 139 34
-8.013583 -19.607264 -0.006727 34 139 34
24.690985 6.728659 -0.893929 139 69 19
16.110163 16.001259 0.800067 139 69 19
-13.658681 -24.456469 0.286955 139 69 19
-23.581667 -18.774993 0.702162 34 139 34
-10.688433 -15.024354 -0.727622 139 69 19
21.159105 -23.699497 0.314540 139 69 19
7.099854 -6.350343 0.474587 34 139 34
-19.204735 -19.534180 -0.326153 34 139 34
10.969823 2.566292 0.468875 34 139 34
15.404677 2.534861 0.496129 139 69 19
18.612243 -14.363632 -0.440814 34 139 34
22.440215 19.367170 0.341589 139 69 19
6.134601 2.908751 0.116010 139 69 19
-5.624853 -19.613883 0.945970 34 139 34
11.827510 5.137472 0.070555 139 69 19
-19.347551 -16.761846 0.830752 139 69 19
-16.307509 15.399812 0.585834 139 69 19
16.170167 13.725045 0.067256 34 139 34
-0.659118 -8.874442 0.655643 139 69 19
0.905338 -4.648364 -0.527971 139 69 19
0.008085 6.293624 0.300479 139 69 19
6.000173 1.505093 0.440569 34 139 34
15.201403 -16.125780 0.035164 139 69 19
10.009859 -11.360814 0.006640 139 69 19
-18.532384 -17.651018 -0.205997 139 69 19
0.061620 -12.551451 0.471003 34 139 34
-18.257662 -1.329861 -0.077902 139 69 19
20.626285 0.743306 0.137519 139 69 19
6.159206 -4.299918 -0.809966 139 69 19
-4.111797 19.149728 -0.191662 34 139 34
-18.716467 -23.134656 -0.302983 139 69 19
21.038659 -14.471922 0.056846 139 69 19
7.996369 9.144628 0.415490 34 139 34
17.455820 -1.203359 0.526216 34 139 34
6.590624 0.658751 -0.052768 139 69 19
5.766217 -10.721645 1.087696 34 139 34
-11.839149 15.225395 0.436940 34 139 34
24.155269 0.100613 0.122773 139 69 19
15.671063 -22.530598 0.536868 139 69 19
14.087851 13.669892 -0.284677 139 69 19
-13.261372 -19.091717 -0.800932 139 69 19
12.659599 20.109911 -0.530052 139 69 19
10.874988 -17.537985 0.363115 139 69 19
-2.896003 7.987664 -0.891339 139 69 19
5.094506 -20.119343 -0.004501 139 69 19
-13.138652 21.716704 -0.123387 34 139 34
23.904240 12.361446 -0.398352 34 139 34
-9.249266 -22.714883 0.866524 139 69 19
-5.260205 17.692983 -0.032675 139 69 19
-10.057183 -19.733488 -0.158011 34 139 34
-6.563673 -4.888688 0.113228 34 139 34
-15.773013 -14.561459 0.198774 139 69 19
-9.479327 20.388953 0.137674 34 139 34
21.243462 -11.305082 -0.221188 139 69 19
-16.228231 15.390473 -0.120527 34 139 34
-14.040922 -8.332364 0.401294 34 139 34
-16.323512 -21.053158 -0.182185 139 69 19
-8.167711 -18.226090 -0.161344 34 139 34
19.386609 -12.164515 -0.217942 34 139 34
14.198717 11.882725 0.254671 139 69 19
0.707265 1.220117 -0.186847 139 69 19
-11.443605 -0.526064 -0.874329 139 69 19
-4.898817 8.479922 -0.725027 139 69 19
20.365246 -10.249173 0.529920 139 69 19
-15.894754 -18.439072 0.713333 139 69 19
12.441651 -4.945590 -0.483679 34 139 34
-10.010708 8.316323 -0.206802 139 69 19
14.369809 18.173704 0.631898 139 69 19
-18.478294 12.417928 0.079912 139 69 19
-10.501892 19.955105 0.131290 34 139 34
21.669097 -23.852929 -0.236024 34 139 34
17.028545 23.305323 0.069369 139 69 19
23.049079 23.482919 0.829899 34 139 34
17.259145 -5.055555 0.128028 34 139 34
-0.909278 -7.836620 -0.133815 34 139 34
18.791564 21.913788 0.451560 34 139 34
22.593971 -1.279127 -0.371630 34 139 34
-21.657195 24.069867 0.484991 34 139 34
-10.749553 20.419319 1.019231 34 139 34
-22.149329 -18.893017 0.081738 139 69 19
22.370962 3.742604 -1.136615 34 139 34
-15.837973 18.928827 -0.554420 34 139 34
-12.189139 -11.966605 0.496130 34 139 34
24.552218 0.604984 0.301304 34 139 34
-12.519673 -18.618927 0.400730 34 139 34
-8.375316 5.474737 0.526621 34 139 34
-11.274802 -16.044453 0.176292 139 69 19
-5.331299 -16.347663 -0.445589 34 139 34
8.206560 19.681140 -0.165406 34 139 34
-9.787656 20.473265 0.025222 34 139 34
21.379768 -4.948090 0.357166 139 69 19
-24.309675 2.400557 0.070746 34 139 34
-20.262970 -9.912046 0.432504 34 139 34
12.942583 -6.057088 -0.178585 34 139 34
-4.785547 20.591140 0.793559 34 139 34
-4.636640 23.666117 0.196228 34 139 34
-21.905342 -0.830073 0.568748 139 69 19
-20.193659 4.484827 -0.470361 139 69 19
-4.155477 7.752028 -0.541146 139 69 19
6.422289 10.968443 1.128940 34 139 34
-21.872502 1.659995 -0.495857 34 139 34
-7.806441 -0.190597 0.622074 139 69 19
7.968546 23.424302 -0.945532 34 139 34
16.380148 -24.075157 -0.126639 34 139 34
3.119915 9.377572 0.497951 139 69 19
19.348450 -10.596066 0.208135 34 139 34
6.748753 7.864443 0.216981 34 139 34
-24.672553 -1.395786 -0.644650 139 69 19
-11.285382 22.895338 0.137261 34 139 34
-13.603520 24.289892 -0.126111 139 69 19
-2.176262 -24.239316 0.621754 34 139 34
-7.662029 19.354143 -0.035122 139 69 19
7.108721 -15.821375 -0.142117 34 139 34
15.328175 20.120519 -0.260433 139 69 19
-21.278362 -20.167999 0.301059 34 139 34
5.337593 -14.825945 -0.084894 34 139 34
-5.061755 -1.546420 -0.010045 139 69 19
-14.192307 -18.615760 0.184951 139 69 19
11.489155 -6.481156 0.134925 139 69 19
18.885944 -24.993998 0.319167 139 69 19
-6.136435 19.062809 -0.161167 34 139 34
9.983356 6.396772 -0.336853 139 69 19
-13.949456 22.997883 -0.364620 34 139 34
5.379387 -22.149271 -0.539771 34 139 34
16.342011 -15.740151 0.047997 139 69 19
-12.334878 12.461486 -0.017478 34 139 34
-3.993127 22.261183 -0.243363 34 139 34
0.227926 16.505277 0.835888 139 69 19
22.073285 21.762007 -0.319387 139 69 19
18.073036 -0.637165 -0.433798 34 139 34
-2.479583 -11.712269 -0.392160 34 139 34
15.584737 -8.863997 0.235275 34 139 34
-24.142783 -19.713491 0.339044 34 139 34
-2.908503 14.361409 -0.256457 139 69 19
-15.359234 -21.016595 0.417656 34 139 34
-8.440124 6.835271 0.249604 34 139 34
-24.464198 -0.329149 -0.155198 139 69 19
8.526911 -17.120326 -0.164162 139 69 19
13.127833 20.114834 -0.023485 139 69 19
0.576744 -0.993865 -0.345320 139 69 19
2.859909 -11.514177 -0.176595 34 139 34
-22.633125 6.658148 0.198406 34 139 34
6.825217 12.797922 0.525165 34 139 34
4.199360 1.201434 -0.508625 139 69 19
20.717601 9.300080 0.126682 139 69 19
-15.219120 -12.929033 0.504512 139 69 19
2.422440 -18.304882 0.532042 139 69 19
7.154263 -15.806174 0.192805 34 139 34
-20.592238 12.924145 -0.004184 34 139 34
22.475622 -6.690498 -0.163803 34 139 34
-24.543944 3.668126 -0.434498 139 69 19
0.912327 -20.115551 -0.267100 34 139 34
16.932550 3.818110 -0.011084 34 139 34
5.603997 -13.114162 0.686079 34 139 34
-16.616081 -6.510839 -0.023103 34 139 34
-15.774528 0.661759 0.130614 34 139 34
11.680871 18.106829 0.170397 34 139 34
12.897692 -13.085418 1.079181 139 69 19
6.364755 11.755184 -0.308730 139 69 19
-23.009133 19.696827 -0.300897 34 139 34
-11.669237 -6.607639 -0.168613 34 139 34
23.304264 23.634530 0.500679 34 139 34
-1.164772 22.504897 -0.254139 139 69 19
7.731057 23.672655 -0.064177 139 69 19
0.304342 21.992677 -0.193229 139 69 19
-0.538704 12.040384 -0.707008 34 139 34
19.084442 -8.506132 -0.854458 139 69 19
18.453443 -1.142188 -0.396742 139 69 19
-13.979892 6.330060 1.168288 34 139 34
9.016694 15.001505 -0.277260 34 139 34
-2.946621 -22.080813 -0.629277 34 139 34
17.907943 -12.458595 -0.074762 139 69 19
-2.713229 18.149871 -0.593005 34 139 34
3.393380 -1.618094 0.473095 34 139 34
-9.248535 -13.124889 0.309449 34 139 34
-5.790825 -2.571361 0.059010 34 139 34
-20.144263 14.182001 -0.216351 34 139 34
-9.268492 -12.151616 -0.007357 139 69 19
-12.765329 -2.100959 -0.938792 139 69 19
-19.359413 5.035022 0.222034 139 69 19
15.444748 7.810285 0.209077 139 69 19
-23.528928 16.557704 1.156712 34 139 34
14.216188 -16.955314 0.654021 34 139 34
15.544113 -13.799710 0.459800 139 69 19
5.604555 -13.346479 0.587817 34 139 34
9.100707 3.485812 0.757389 34 139 34
1.265710 -20.339376 0.388312 34 139 34
-12.074986 13.801838 -0.763286 34 139 34
10.631483 -2.915238 0.161703 34 139 34
14.722445 11.131954 -0.622113 139 69 19
-18.830493 15.649486 0.314448 34 139 34
21.762503 -6.114521 0.123523 139 69 19
6.334433 7.264256 -1.330962 34 139 34
-9.797282 -10.173166 -0.526739 139 69 19
17.079759 24.957756 -0.555750 34 139 34
11.044385 5.310588 0.422588 34 139 34
-21.866884 -8.758886 0.176635 139 69 19
-4.925999 10.890554 0.690326 139 69 19
1.831455 -12.540253 -0.027585 139 69 19
9.590332 8.447488 0.947173 139 69 19
-4.282674 -20.794699 1.007722 139 69 19
-15.287701 19.121063 1.368674 139 69 19
11.606626 23.721683 0.409187 34 139 34
20.581417 -15.908907 -0.092323 34 139 34
-0.734969 2.981021 -0.036362 139 69 19
-21.722100 -8.114709 -0.002925 34 139 34
8.477280 -15.891970 -1.429788 34 139 34
-17.969017 3.189192 0.643879 34 139 34
6.834324 22.454508 -0.043289 34 139 34
0.305849 -5.617011 -0.112080 34 139 34
-5.737744 23.098193 -0.263059 34 139 34
4.947972 -4.932751 -0.044375 139 69 19
-8.534677 -23.007790 -0.387423 34 139 34
19.482918 -5.101299 -0.246190 139 69 19
22.291484 -18.285480 0.261609 139 69 19
10.418611 -23.791264 -0.989987 139 69 19
-8.578241 -11.428183 0.368725 34 139 34
-6.007951 18.459848 -0.657274 139 69 19
-2.726495 7.150797 -0.341986 139 69 19
-11.505447 8.008230 0.560519 34 139 34
-13.730587 3.331365 0.267526 139 69 19
-14.685235 -4.692286 -0.541762 139 69 19
-11.440187 9.159107 -0.089455 34 139 34
0.154740 13.533478 0.194443 34 139 34
-18.879000 4.254914 -0.010386 139 69 19
9.544195 -3.375372 0.355138 34 139 34
12.110756 16.980910 -0.533083 34 139 34
-1.672248 20.064975 -0.131844 34 139 34
-23.006310 12.629598 1.122625 34 139 34
-14.354286 6.533363 -0.281119 139 69 19
-22.669557 10.410164 0.887154 34 139 34
1.501795 16.929225 1.223513 139 69 19
18.612815 12.138044 0.889223 139 69 19
-0.093570 18.381630 -0.162656 34 139 34
-0.216783 6.350363 -0.099890 34 139 34
-14.110372 -6.173464 0.895960 34 139 34
15.114550 -0.313606 0.036263 34 139 34
24.641457 24.002659 0.398579 139 69 19
-19.186372 -18.431417 0.683345 34 139 34
-6.851413 -22.519799 -0.490502 139 69 19
15.054733 23.605914 -0.354456 34 139 34
15.661894 -17.023795 0.394328 34 139 34
-5.198033 -7.945726 -0.343852 34 139 34
2.920151 -9.219293 -0.081471 34 139 34
-3.827360 16.775484 0.003586 139 69 19
-11.435545 20.018069 -0.553648 34 139 34
-11.765418 22.749857 -0.090983 139 69 19
3.546703 -24.224183 0.043238 34 139 34
7.177870 13.078221 -0.135381 34 139 34
3.861722 -7.185615 -0.400714 139 69 19
-0.767904 0.295360 0.091075 139 69 19
11.060954 23.812460 0.034160 139 69 19
-12.376186 -20.816004 -0.072371 34 139 34
-19.584291 2.881149 0.366148 34 139 34
8.302454 12.478296 -0.088962 139 69 19
-9.600140 -20.561174 0.787291 139 69 19
-5.394574 -5.363062 -1.043360 34 139 34
-15.211961 8.616420 0.016289 34 139 34
24.217489 -4.419432 -1.011721 139 69 19
-0.711642 -24.741144 0.204986 139 69 19
0.564489 -5.427510 -0.051648 139 69 19
-7.363451 15.089078 -0.672138 139 69 19
-16.369234 16.340430 0.247894 34 139 34
16.160671 21.742547 -0.208573 34 139 34
19.319765 -20.045761 0.589569 139 69 19
-3.354000 -17.402214 0.501061 34 139 34
2.769912 -13.276176 -0.463931 34 139 34
4.006798 15.423719 -0.427667 34 139 34
-0.641458 -24.495720 0.491834 34 139 34
4.334255 -18.888823 0.467079 139 69 19
-24.221398 -1.022181 0.993076 139 69 19
-11.220495 20.820946 0.026639 139 69 19
19.232157 4.575894 -0.332703 139 69 19
-16.236113 -5.209848 1.159353 34 139 34
7.044594 -15.217428 -0.956842 34 139 34
1.109590 10.935285 -0.101169 139 69 19
1.662356 -12.674678 0.050867 34 139 34
5.148389 -8.011677 0.101925 139 69 19
-23.782616 -18.241367 0.640587 34 139 34
-13.128674 -20.162310 -0.376012 34 139 34
-18.018227 3.564006 0.539672 139 69 19
-5.497874 -14.368733 -0.160699 139 69 19
1.491223 -15.686426 0.093002 139 69 19
23.093512 8.797556 -0.320877 34 139 34
-19.116595 -5.459554 -0.103865 34 139 34
1.921724 -10.267320 -0.576217 34 139 34
24.583245 17.205182 -0.144466 34 139 34
-3.144107 5.795983 -0.755065 139 69 19
12.067582 13.672666 1.004443 139 69 19
1.280918 -8.927623 -0.630095 34 139 34
-13.909943 20.564138 -0.647843 139 69 19
5.968872 3.034707 0.365101 139 69 19
5.181751 -24.047364 -0.224177 34 139 34
-6.857117 -0.522699 0.400632 139 69 19
-24.330252 2.090240 0.039056 34 139 34
23.322571 20.101622 -0.202297 139 69 19
-21.185873 -24.440891 -0.857875 139 69 19
24.826484 22.986311 -0.739602 139 69 19
-2.409308 -7.123575 0.493597 34 139 34
-12.963896 16.539983 0.075783 139 69 19
-3.996320 -4.806438 -0.821480 34 139 34
-20.234421 -0.140623 -0.263861 34 139 34
4.768295 -12.941040 -0.524736 34 139 34
-23.756727 -3.206951 -0.674690 34 139 34
10.688893 -6.967050 0.585078 139 69 19
1.948282 14.229103 -0.473630 139 69 19
1.813690 -21.319096 0.169283 34 139 34
-19.028121 -7.861541 -0.061312 139 69 19
-8.784786 -23.641846 -0.261936 34 139 34
-17.753599 0.172481 0.752027 34 139 34
-24.937670 -13.627052 0.684147 34 139 34
-10.923609 -16.109826 0.401606 139 69 19
21.081907 -15.625853 0.331572 34 139 34
-1.945678 -17.585556 -0.755337 139 69 19
7.823071 -8.052559 0.477125 139 69 19
23.261957 3.139925 -0.679276 34 139 34
-17.177997 -3.397732 0.142934 139 69 19
10.901607 -11.173266 0.047555 139 69 19
-24.213963 11.471960 -0.628595 139 69 19
-23.429777 -10.831063 0.495826 34 139 34
15.082899 -24.643090 0.056654 34 139 34
0.913371 -10.264932 -0.238703 34 139 34
7.669688 -21.548390 -0.255608 34 139 34
23.529174 -24.948353 0.203065 34 139 34
17.782090 -16.418412 0.722957 34 139 34
13.327178 12.812418 -0.181847 139 69 19
10.753297 -17.407556 -0.902757 34 139 34
17.465757 3.572598 1.052724 34 139 34
14.726387 -0.939261 -0.388821 34 139 34
-24.934043 -3.912337 -0.027127 139 69 19
-21.543803 8.684530 1.043720 139 69 19
12.303313 21.738227 0.719297 139 69 19
19.196688 10.089507 -0.064714 34 139 34
3.160131 15.639450 0.552451 34 139 34
-12.020741 -19.105490 -0.125777 139 69 19
-9.639809 9.682412 0.577037 139 69 19
12.098164 -0.893495 -0.567272 139 69 19
4.659723 -6.429600 -0.021534 139 69 19
-12.274990 -1.504658 0.016094 139 69 19
18.244698 -6.303307 0.091422 139 69 19
-9.038118 -5.581498 -0.309792 139 69 19
-21.560587 -5.940413 -0.556047 34 139 34
-7.062728 17.667530 0.627798 34 139 34
12.347577 -1.006955 0.753031 34 139 34
-22.805177 17.032909 -0.248694 139 69 19
-4.901545 -6.276827 0.010832 139 69 19
5.485260 -19.483997 0.544628 34 139 34
0.338026 10.097580 -0.396113 139 69 19
1.170734 0.386973 0.282638 139 69 19
22.767233 -17.047987 0.094518 139 69 19
1.363810 -11.286216 0.706894 34 139 34
-21.639964 18.094911 0.144806 139 69 19
-13.585216 2.586512 -0.439962 34 139 34
-4.078467 -0.990459 -0.665648 34 139 34
18.502189 1.601936 -0.016121 34 139 34
20.344854 12.612983 0.445292 34 139 34
5.378015 -20.050039 0.098564 139 69 19
-3.771924 -19.465966 -0.231307 34 139 34
3.822073 -19.588353 -0.251031 139 69 19
17.045475 -15.863041 0.062682 139 69 19
15.539421 1.168652 -0.514145 34 139 34
-1.143691 -7.690680 -0.338256 139 69 19
10.619871 -1.396678 -0.399278 34 139 34
13.353440 22.981235 -0.104118 139 69 19
19.893095 4.151572 0.173444 34 139 34
-16.896451 3.155143 -0.027453 139 69 19
-24.517710 -14.040000 1.036086 139 69 19
9.666493 -15.595771 -0.650661 139 69 19
24.355475 24.113215 0.906212 34 139 34
23.042239 15.200061 0.138107 34 139 34
15.082177 -6.187245 0.694491 139 69 19
-13.158100 9.758748 -0.570876 139 69 19
19.259079 13.335587 -0.117193 34 139 34
-5.906208 24.009503 -0.488893 34 139 34
-11.921309 10.444423 -0.885385 139 69 19
5.083939 -22.683217 -0.446332 139 69 19
-7.850474 -12.899244 0.276965 139 69 19
13.646231 -2.511022 -0.146973 34 139 34
-0.502419 11.514277 -1.390096 139 69 19
3.215630 -15.324640 -0.466492 139 69 19
21.363825 19.871884 0.172566 34 139 34
-14.800251 -13.983448 1.002568 139 69 19
8.618271 -4.966993 -0.919356 34 139 34
-17.707418 22.873887 0.310234 139 69 19
6.829704 -24.112046 -0.209588 34 139 34
-6.270520 15.593296 0.146272 139 69 19
-0.607196 12.939581 -0.083529 34 139 34
21.280335 -1.898784 0.277337 34 139 34
22.134111 -14.781678 0.496351 139 69 19
-16.012535 21.417710 1.301042 139 69 19
2.808390 -7.713995 -0.371766 139 69 19
-2.407338 19.566984 -0.525913 139 69 19
-1.986332 -23.576472 -0.755701 34 139 34
-9.665204 -21.636791 -0.323514 34 139 34
7.195650 15.559362 0.075068 139 69 19
-5.586650 -14.443629 0.845613 34 139 34
10.822168 -0.337267 -0.057132 34 139 34
17.701277 -2.495942 -0.238774 34 139 34
4.404725 -12.861253 -0.237066 34 139 34
15.833404 -10.546129 -0.571345 139 69 19
-22.380710 9.226864 -0.029503 139 69 19
-19.057796 24.078333 0.869339 34 139 34
17.223070 -20.629716 -0.317536 34 139 34
20.961430 23.342084 0.464700 139 69 19
21.214707 -4.394817 0.078615 34 139 34
14.809944 24.420953 -0.018515 34 139 34
9.965463 11.542418 0.276023 34 139 34
17.418483 8.994881 -0.212885 139 69 19
-23.317544 -12.440886 0.578015 139 69 19
17.118721 -4.053086 0.365215 139 69 19
17.361943 18.358913 1.121536 34 139 34
4.642755 18.567032 0.137398 139 69 19
-18.868267 24.584659 0.113815 139 69 19
-11.245738 -16.693144 0.156416 34 139 34
13.862033 7.150698 -0.205971 34 139 34
-5.361033 -5.233380 0.577580 34 139 34
-9.475733 -0.568313 0.179153 139 69 19
-18.405142 21.526771 -0.096031 34 139 34
-4.949040 9.474114 -0.363691 139 69 19
13.579329 4.100185 0.004635 139 69 19
-2.630729 -11.281894 1.116822 139 69 19
-9.500132 -4.428770 0.036257 34 139 34
-4.434873 23.489629 0.331229 34 139 34
12.401002 -21.153560 -0.514435 139 69 19
-9.782487 -18.656365 0.190264 139 69 19
18.282622 -11.586760 -0.506454 139 69 19
-10.349575 2.719963 -0.033989 139 69 19
-3.302757 -1.291408 -0.319861 139 69 19
-11.853079 -4.195325 0.124281 139 69 19
-4.953412 -20.138415 0.744563 34 139 34
24.764367 5.321446 0.091742 34 139 34
15.742882 -18.437147 -0.465483 34 139 34
9.247191 16.449026 0.488202 34 139 34
18.356708 20.661494 0.015721 34 139 34
-21.206869 -6.690153 -0.037691 34 139 34
18.618942 22.564984 0.134738 34 139 34
-17.166131 -10.991979 -0.188285 139 69 19
7.953263 -8.891819 0.019641 139 69 19
-10.086715 8.921237 -0.241889 34 139 34
-1.306112 14.510272 0.331312 34 139 34
4.751778 10.579384 0.396304 34 139 34
-3.306015 12.422167 0.033344 139 69 19
-14.195395 -11.183901 0.313711 34 139 34
9.441684 12.564638 -0.073414 34 139 34
17.458189 1.060496 -0.421786 139 69 19
-13.241716 6.516076 0.584540 34 139 34
23.807740 -21.394685 -0.701827 139 69 19
-12.899187 -18.228901 0.242041 34 139 34
-19.320399 1.339100 0.072966 34 139 34
7.428549 3.223784 0.358291 139 69 19
11.141603 11.789096 -0.156785 139 69 19
-24.501771 -6.902050 -0.214827 139 69 19
13.977059 6.392453 0.521236 34 139 34
-11.414291 -14.024677 -0.029044 139 69 19
-7.997728 3.600168 -0.414224 139 69 19
16.364577 3.690721 -0.574904 34 139 34
-12.625220 21.776569 0.136125 139 69 19
-20.551164 1.796407 -0.591182 139 69 19
24.536870 6.094977 0.109065 34 139 34
-23.873897 7.987696 0.394453 34 139 34
21.879898 -0.905385 0.178540 139 69 19
18.936527 21.719541 -0.599246 139 69 19
17.695774 -21.375070 -0.354044 34 139 34
-10.413606 -12.226855 -0.129288 139 69 19
17.405138 20.398562 -0.097204 34 139 34
-9.137111 -24.498843 0.360623 34 139 34
1.101169 19.240365 -0.168429 139 69 19
-5.161582 21.703633 -0.028249 139 69 19
-13.770539 -23.622108 -0.813684 139 69 19
11.604590 -17.191858 -0.039203 139 69 19
14.225359 15.787093 -0.228605 34 139 34
18.763281 -17.285458 0.193672 139 69 19
19.991532 0.990297 0.511924 139 69 19
-9.258239 -17.915613 1.078257 34 139 34
2.832615 -16.936990 0.532477 34 139 34
23.094723 -8.595844 -1.080931 139 69 19
-16.592615 13.919230 -0.559306 139 69 19
17.224725 -16.496621 -0.476291 34 139 34
-17.492347 17.736461 0.048125 139 69 19
4.517201 7.921896 0.548678 139 69 19
-1.424907 2.598369 -1.461924 34 139 34
-15.072399 18.209175 0.277146 139 69 19
-4.568537 10.064742 -0.140866 34 139 34
5.393821 24.499581 -0.073489 139 69 19
22.846703 -0.361676 0.202104 34 139 34
4.563147 -6.494654 -0.420168 139 69 19
6.800600 7.374504 -0.666878 139 69 19
-23.113827 -5.370477 0.055038 34 139 34
19.174640 -13.843629 -0.342153 139 69 19
16.668552 -23.714684 0.013143 34 139 34
-23.923069 5.961897 0.021851 139 69 19
-12.536618 22.779684 -0.693744 139 69 19
0.151548 -16.839456 0.228540 139 69 19
19.419613 -10.565856 0.233637 139 69 19
14.447304 -7.986112 0.325652 139 69 19
1.320362 -19.378247 -1.324744 139 69 19
23.648180 8.874681 0.125600 139 69 19
-3.031787 8.127467 1.460401 139 69 19
0.879516 11.451160 0.794416 139 69 19
12.448142 3.770319 0.297912 139 69 19
1.423659 0.287958 -0.291595 34 139 34
-4.006582 -16.079318 0.576428 139 69 19
6.395076 -22.146399 0.438464 139 69 19
4.199897 -2.333078 0.472693 34 139 34
-13.526652 -5.112677 0.273693 139 69 19
4.728976 -4.583973 0.142157 139 69 19
-21.229147 -16.025253 -0.853291 139 69 19
-3.902235 -19.267264 -0.182044 139 69 19
4.591664 -20.259145 0.294513 34 139 34
-20.659831 -19.618686 0.117971 139 69 19
-7.923359 10.605588 -0.186139 34 139 34
-3.302697 3.611754 0.705636 34 139 34
-19.744042 -16.567241 -0.033376 139 69 19
18.187293 -11.805677 -0.137154 139 69 19
-12.858176 20.836284 -0.312057 139 69 19
-22.969423 -7.676411 0.014646 139 69 19
-4.171690 -0.333858 0.469316 34 139 34
-12.918915 5.272599 0.075556 34 139 34
-0.325984 13.225456 -0.492244 34 139 34
-0.411513 -11.377877 0.016914 139 69 19
-12.290793 -24.460475 0.158894 139 69 19
1.375880 0.239049 0.128519 34 139 34
10.323123 -22.867151 -0.280807 34 139 34
-17.371374 -4.384457 0.882457 34 139 34
-22.061184 14.305890 -0.088975 139 69 19
-3.696616 18.887264 -0.028893 139 69 19
0.077697 9.733373 0.731854 139 69 19
5.507887 -3.537441 -0.319152 139 69 19
-19.814593 1.456593 0.090650 34 139 34
7.461955 17.766424 0.030924 139 69 19
14.309858 -11.806323 -0.130918 34 139 34
17.377113 -24.038667 0.122874 139 69 19
-21.360207 3.381801 -0.109868 139 69 19
15.291881 12.338790 0.714918 139 69 19
12.797016 -12.182143 -0.443502 139 69 19
20.915338 -5.185595 -0.844643 139 69 19
10.582971 -10.258471 0.390534 139 69 19
-17.270419 -1.187041 -0.790077 34 139 34
5.899879 -18.615238 0.810027 34 139 34
-2.295282 -17.088264 -0.225263 139 69 19
-5.657635 2.196134 0.216332 34 139 34
8.670267 -10.002820 -0.888856 34 139 34
15.950597 -23.119326 0.468808 34 139 34
0.393942 13.132450 0.052608 139 69 19
-23.980580 5.507155 0.152424 34 139 34
-24.318451 -9.130921 0.262388 34 139 34
-14.260420 4.756166 -0.736258 139 69 19
17.117717 -20.779230 0.220659 139 69 19
4.972104 4.522998 0.038462 139 69 19
12.477669 20.505994 0.560449 139 69 19
-18.864746 20.183160 0.517435 139 69 19
-6.131830 -14.412709 0.428120 34 139 34
9.873862 13.071151 -0.475677 34 139 34
-21.126121 7.796546 0.195951 34 139 34
19.968847 -20.576776 0.013142 34 139 34
-23.709864 18.754336 -0.314503 34 139 34
2.004953 -20.559414 0.913085 139 69 19
-15.830251 -16.178281 0.221551 139 69 19
0.829347 22.868228 0.182388 139 69 19
-22.243120 2.651182 0.119585 34 139 34
-1.031280 -11.264505 0.166647 139 69 19
6.860184 -22.529869 -0.378915 34 139 34
-9.838636 -12.387207 -0.208790 139 69 19
23.824516 -13.888988 -0.547225 34 139 34
23.017787 -4.112114 0.420012 34 139 34
5.188192 7.516519 -0.035447 34 139 34
-7.223338 8.508175 0.217554 139 69 19
10.393437 20.877154 -0.550244 34 139 34
0.915734 0.549513 -0.865953 34 139 34
-23.178980 -4.104784 0.210622 139 69 19
21.000660 -16.163209 0.317366 139 69 19
-1.248681 -14.976909 -0.307282 34 139 34
-24.291676 21.139519 -0.535702 34 139 34
0.019031 23.934135 -0.784639 139 69 19
0.304430 24.441572 0.015208 139 69 19
-15.779426 17.026692 -0.372366 34 139 34
12.376713 22.598657 0.288073 34 139 34
-20.928431 -8.381735 -0.061243 139 69 19
9.409239 -7.425659 -0.502601 34 139 34
19.527298 -21.003490 0.069766 139 69 19
-21.511565 6.346738 -0.386057 34 139 34
21.994153 6.626732 -0.380308 139 69 19
24.571627 20.196064 -0.333433 139 69 19
13.090403 -21.149539 -0.640712 139 69 19
-11.120056 -13.814546 0.125778 139 69 19
-4.162965 3.467958 0.662863 34 139 34
-4.527141 -13.038889 -0.554221 34 139 34
4.257277 -14.681022 0.013133 34 139 34
16.008303 5.130674 0.028221 34 139 34
-4.942688 -14.693624 -0.098427 139 69 19
19.395345 -2.611906 0.258217 139 69 19
-19.335844 -21.552047 -0.227029 34 139 34
24.228185 -20.589872 0.682575 139 69 19
-0.483315 -10.180684 0.299744 34 139 34
18.051425 -18.745256 -0.434467 139 69 19
-6.120812 4.489526 -0.283825 139 69 19
1.548841 20.256718 -0.896167 139 69 19
12.526973 5.593503 0.907073 139 69 19
-2.744860 -19.083485 0.610865 139 69 19
0.418881 16.311057 -0.481522 139 69 19
-16.247451 21.339173 -0.516440 34 139 34
12.835500 -11.590254 -0.791793 139 69 19
-4.741129 12.978243 -0.826465 34 139 34
-24.459050 5.184522 -0.264233 34 139 34
24.356309 -3.592001 -0.380704 139 69 19
-11.142668 -11.458416 0.031525 139 69 19
14.438474 -14.467233 -0.471918 34 139 34
-10.685876 -3.740292 -0.132456 139 69 19
17.337234 24.401473 0.054025 34 139 34
22.095175 13.606699 -0.200847 34 139 34
5.720631 4.278660 -0.917864 34 139 34
-5.259260 22.050855 0.252543 34 139 34
-24.897245 -7.543843 1.041039 139 69 19
15.772795 -8.919005 0.552535 139 69 19
6.692469 -6.791506 -0.067963 139 69 19
22.962295 -14.814425 0.235690 139 69 19
-6.513205 -21.435128 0.290671 34 139 34
6.140471 -9.324523 -0.014670 34 139 34
-0.298322 10.670030 0.200581 34 139 34
-18.772162 10.960963 0.517041 34 139 34
24.205098 -0.872376 -0.560188 34 139 34
7.402323 3.115380 0.030696 34 139 34
14.424137 20.325489 0.357236 139 69 19
-22.767357 23.972173 0.700954 139 69 19
-13.637781 -18.091896 0.216938 34 139 34
-11.310405 11.237963 0.097367 139 69 19
2.060275 21.294810 -0.020268 139 69 19
6.854327 -7.683967 0.107320 34 139 34
12.873886 -5.689275 0.248769 34 139 34
5.687269 7.155229 -0.265835 139 69 19
-18.306301 -9.269895 -1.138346 34 139 34
6.228854 13.213293 -0.271715 139 69 19
-13.094327 3.366183 0.220864 34 139 34
15.901938 -14.115059 -0.140716 139 69 19
-9.892751 15.156483 -0.198764 34 139 34
15.370127 6.496230 -0.417655 34 139 34
17.112601 -9.840411 -0.308547 139 69 19
-11.690604 23.322547 -0.170416 34 139 34
-13.503192 21.021719 1.004813 34 139 34
22.714898 23.154395 0.311322 139 69 19
-10.238427 16.917164 -0.490610 34 139 34
15.799320 -13.442478 -0.224782 139 69 19
18.829861 18.694635 1.022639 139 69 19
-16.237595 -16.694408 -0.297856 139 69 19
0.908471 7.181338 -0.222931 139 69 19
12.971798 -21.386915 0.601894 34 139 34
13.937722 -2.666762 -0.603856 34 139 34
12.645245 -11.596079 -0.011827 139 69 19
-8.494567 -19.596131 0.748583 34 139 34
1.704179 11.734194 0.668121 139 69 19
17.661077 5.623789 -0.484203 34 139 34
12.234444 15.085495 0.451119 139 69 19
-23.636444 10.731524 0.903290 139 69 19
-2.947508 -14.074283 -0.794132 139 69 19
-20.641220 -3.378444 0.524583 139 69 19
16.256982 -6.624589 -0.257731 34 139 34
-12.124036 -9.724031 0.103698 139 69 19
-18.947514 -13.965955 0.641114 34 139 34
14.193712 -21.465909 -0.187698 139 69 19
-4.521114 -19.652591 0.308016 34 139 34
23.985432 -14.502793 0.195062 139 69 19
-6.497447 -14.984414 -0.231896 139 69 19
7.971374 5.196482 -0.161404 139 69 19
-15.816646 -13.250850 0.753655 34 139 34
-3.909151 1.773779 0.247842 34 139 34
-22.383965 -12.004752 0.177573 139 69 19
-9.979378 -20.146261 -0.518076 139 69 19
-24.510012 7.549727 0.110465 34 139 34
14.624164 -7.804203 0.092308 34 139 34
18.597049 9.987029 -0.389873 34 139 34
-14.651367 20.057839 0.118986 34 139 34
-4.665954 -19.779689 -0.669290 139 69 19
-20.790561 -0.142474 0.136824 34 139 34
-4.790286 -17.648821 0.309531 139 69 19
-16.332127 -17.903818 0.254086 34 139 34
-11.710716 0.205206 -0.061493 34 139 34
-5.080943 19.904505 0.135770 139 69 19
-9.523808 -6.646196 0.297115 34 139 34
-3.434862 2.082699 0.578118 34 139 34
9.203744 -8.159812 -1.339158 34 139 34
12.657669 -14.245460 0.169303 139 69 19
-24.445188 13.626988 -0.284941 34 139 34
-8.414479 9.058943 -0.694388 34 139 34
-23.193538 0.277698 0.267931 34 139 34
1.033356 10.393953 -0.122488 34 139 34
23.796403 -7.484151 0.375139 34 139 34
5.380994 -0.599808 0.084131 34 139 34
-4.604650 15.841678 -0.764720 139 69 19
11.612762 19.820412 -0.428828 139 69 19
20.275754 -23.084044 0.398093 139 69 19
-17.241637 -17.403431 -0.395558 34 139 34
-17.031718 7.684790 1.118312 34 139 34
5.307226 -2.633993 0.196277 34 139 34
-23.759869 19.980962 0.162130 139 69 19
-14.068427 13.130956 0.255268 139 69 19
-2.868025 23.041736 -0.563250 139 69 19
-4.121312 5.316383 -0.054821 139 69 19
17.287615 16.893311 -0.686655 34 139 34
21.264215 5.534783 -0.302273 34 139 34
22.690980 -9.027714 -0.465132 34 139 34
24.424867 -10.246250 0.450899 34 139 34
19.181671 16.606252 -0.261048 34 139 34
19.818681 7.396522 0.528346 34 139 34
12.392654 21.082154 0.405019 139 69 19
-11.041950 -0.739213 1.048235 34 139 34
-14.457200 15.018083 -0.035985 34 139 34
-17.586350 -23.494726 -0.737647 139 69 19
-24.023537 14.329231 0.145625 139 69 19
-16.548866 -16.244369 0.250112 34 139 34
6.650129 17.630276 -1.090133 34 139 34
-1.763381 -14.244199 0.363884 34 139 34
2.096622 20.021722 -0.205687 139 69 19
15.392310 -14.089437 0.175882 139 69 19
10.337504 -6.785158 0.020107 34 139 34
-23.062843 8.515100 0.614512 139 69 19
24.974629 7.423612 -0.246548 139 69 19
-6.418674 2.242243 -0.502603 139 69 19
-1.434503 23.146987 0.549962 139 69 19
-11.450641 21.961390 -0.586688 139 69 19
-21.137533 0.352694 -0.026746 34 139 34
17.499250 -23.013448 0.277068 34 139 34
-6.799359 -22.326012 0.632299 139 69 19
15.832985 15.370221 -0.889039 34 139 34
-6.994344 -23.344108 -0.021786 34 139 34
24.932040 -10.442945 -0.296555 139 69 19
-19.481807 -9.620071 -0.836024 34 139 34
4.161413 -10.743761 -0.606081 139 69 19
-0.789839 -1.034348 -0.129819 34 139 34
-22.775159 -13.130192 -0.331718 139 69 19
18.277262 -1.503327 -0.858418 34 139 34
2.856369 -19.936287 0.670450 139 69 19
21.692646 -4.930777 -1.074930 34 139 34
-12.261135 24.358245 -0.337809 139 69 19
-1.910608 -17.099020 0.429489 139 69 19
1.072230 20.561444 0.394116 34 139 34
13.058301 5.578756 -0.210359 34 139 34
-12.486968 19.215476 0.131045 34 139 34
-16.830530 -20.202202 -0.067542 34 139 34
1.083701 -8.610306 0.047825 139 69 19
2.069208 10.156319 -0.365276 34 139 34
-22.497632 14.875490 0.179288 139 69 19
-10.334396 2.076408 0.267847 34 139 34
-15.674879 -15.080146 -0.222588 139 69 19
-3.155939 11.514556 0.558241 139 69 19
-17.701186 -20.263668 0.405409 34 139 34
1.933300 19.634373 -0.318964 34 139 34
12.760813 -1.017988 -0.177213 34 139 34
1.865875 18.817566 0.132500 139 69 19
-9.121281 -4.355583 -0.153780 139 69 19
7.212563 -12.947193 0.207536 139 69 19
5.561169 9.284151 -0.957726 139 69 19
-4.670098 -10.398617 -0.221685 34 139 34
7.454538 12.575580 -0.680059 34 139 34
20.763382 -4.861752 0.231835 139 69 19
21.500832 4.561971 -0.949092 139 69 19
-3.585502 14.067638 0.381088 139 69 19
-16.358167 11.979230 -0.311393 34 139 34
2.821090 -22.519779 -0.221390 34 139 34
24.068122 13.498271 0.010366 34 139 34
-24.286465 -9.643867 0.051862 139 69 19
3.956229 18.327139 0.188903 34 139 34
-7.981974 -9.142135 -0.216411 139 69 19
13.755268 -15.758341 -0.736935 139 69 19
9.796679 -7.038450 0.215962 139 69 19
-4.069293 -23.105263 -0.737376 139 69 19
12.937838 -13.074171 -0.143719 139 69 19
16.202839 0.047392 0.519638 34 139 34
-4.389324 -20.337222 0.194081 139 69 19
20.694472 13.506903 0.068070 34 139 34
22.204101 -2.608108 0.563430 34 139 34
8.433604 -13.827777 -0.627745 139 69 19
-0.097283 -16.165119 1.027415 139 69 19
-5.213498 -7.142413 0.433957 34 139 34
-16.690879 16.439039 -0.247762 34 139 34
5.516377 17.727681 -0.085680 139 69 19
-12.299870 7.646089 -0.194795 34 139 34
20.874568 -6.848951 -0.180186 34 139 34
-19.931992 -14.062808 -0.366824 34 139 34
0.400228 5.013146 -0.489517 139 69 19
22.743642 -13.602017 -0.685791 34 139 34
18.908994 22.581476 0.524914 34 139 34
14.319090 3.901329 -0.538023 139 69 19
15.990746 24.107670 0.556963 34 139 34
-23.039861 -0.435956 0.574498 34 139 34
-16.622976 -10.018261 0.709707 34 139 34
-6.888019 22.583958 -1.000670 139 69 19
-16.087395 -11.260746 0.421004 34 139 34
-17.692815 -9.129986 -0.286071 139 69 19
3.934394 -7.233026 -0.321564 139 69 19
-13.110451 -5.573679 -0.421503 34 139 34
18.308884 -20.767912 -0.499548 34 139 34
12.399697 13.979113 -0.523183 139 69 19
18.731206 -9.134231 0.164510 34 139 34
3.430108 -9.041278 -0.928139 34 139 34
-22.093877 -16.861045 0.065665 139 69 19
7.356980 1.259434 -0.348307 139 69 19
23.510583 -13.494270 -1.005203 34 139 34
24.741051 -24.178744 -0.823423 139 69 19
-8.404250 17.069958 0.393999 34 139 34
7.336376 24.191148 -0.086732 139 69 19
15.638370 19.470483 -0.028619 139 69 19
12.064412 -18.824015 0.409378 34 139 34
-20.791971 8.812376 -0.527524 139 69 19
-3.843319 9.523673 0.002027 139 69 19
-5.230922 13.592312 0.934031 139 69 19
-9.125619 -18.091536 0.409837 34 139 34
-13.714974 4.527088 -0.184529 139 69 19
18.321528 21.015908 -0.020270 139 69 19
-21.092217 2.331863 -0.390533 34 139 34
11.185615 -22.515721 0.246821 139 69 19
-20.603406 15.411605 -0.426393 139 69 19
-23.273618 8.952868 0.709927 139 69 19
2.964779 22.595730 -0.349266 139 69 19
-16.287697 -17.021756 -0.433730 34 139 34
14.798718 -5.267947 -0.670068 34 139 34
-22.275206 6.837034 -1.285472 139 69 19
16.863678 7.134334 0.162567 139 69 19
10.551552 -14.312178 0.372913 139 69 19
21.040673 -16.677709 0.197692 139 69 19
23.808069 23.536280 -0.014519 34 139 34
20.352722 19.543676 -0.903091 34 139 34
-11.874145 -18.655426 -0.016597 34 139 34
-21.100357 22.880936 -0.332938 34 139 34
-4.432038 -12.792838 0.005234 34 139 34
-8.749484 17.812807 0.404542 139 69 19
10.359158 -8.910252 -0.254653 139 69 19
14.192831 -16.858300 -0.414360 139 69 19
1.071343 -14.139747 0.315664 139 69 19
15.604336 13.141607 -0.126724 139 69 19
4.800459 11.080232 -0.213627 139 69 19
-6.136720 24.035365 -0.432521 34 139 34
22.356213 12.183478 -0.961402 139 69 19
6.653264 -7.302807 0.335207 139 69 19
5.486715 -2.539632 -0.095845 139 69 19
20.231156 -5.298477 0.145170 34 139 34
20.681811 -24.271390 -0.674339 139 69 19
-21.144471 5.112193 -0.481452 34 139 34
15.945054 20.237263 0.518851 34 139 34
12.180165 -14.045479 -0.469888 34 139 34
-24.632492 23.441066 0.515821 34 139 34
15.283389 8.887625 -0.423792 34 139 34
23.087442 10.614682 0.832203 139 69 19
22.207869 -20.981399 0.726774 34 139 34
-3.668022 -14.447917 -0.230196 139 69 19
13.030856 1.463260 -0.518154 34 139 34
-2.356546 -5.700669 -0.867029 139 69 19
4.142547 18.088105 0.583798 34 139 34
10.657841 -9.855258 0.424861 34 139 34
-0.749956 -1.121941 0.205103 34 139 34
18.387403 -13.021734 -0.718024 139 69 19
-23.302241 14.603422 -0.108838 34 139 34
6.904050 4.171218 -0.562513 34 139 34
-6.279164 -16.290544 -0.253241 139 69 19
-7.389680 -7.475831 0.284760 139 69 19
-5.102938 15.917045 0.557660 139 69 19
6.667375 -20.200254 0.023905 139 69 19
-7.116865 17.542342 0.671392 139 69 19
9.487365 -19.474624 -0.419866 139 69 19
6.245809 5.597232 0.211755 34 139 34
1.952390 19.658606 0.257016 139 69 19
6.849265 8.558872 -0.133240 139 69 19
18.743120 23.140911 0.078663 34 139 34
16.732598 -8.786033 -0.003359 34 139 34
-18.140905 0.574483 0.186333 139 69 19
-10.383233 -8.751289 0.785945 139 69 19
0.242454 12.475614 0.270032 34 139 34
-24.971551 -16.384818 0.284885 139 69 19
-11.191934 6.368663 -0.188275 139 69 19
-5.068118 -23.149751 -0.583889 34 139 34
-7.476305 18.312522 -0.522628 34 139 34
-14.515908 -11.094563 0.241856 139 69 19
1.315541 -18.755359 0.429079 139 69 19
8.438390 -0.584209 -0.336550 139 69 19
-10.240331 20.202926 -0.231464 139 69 19
15.951197 -0.896791 -0.746799 139 69 19
6.117593 -13.125484 0.030530 139 69 19
16.461931 -10.207881 -0.299237 139 69 19
0.418662 21.186106 -0.477078 139 69 19
-5.477533 -9.050609 0.419489 34 139 34
-20.496604 10.820112 -0.573213 34 139 34
-17.798426 -14.398427 0.301621 139 69 19
-22.049524 1.613960 -0.347400 139 69 19
0.370082 22.393374 -0.044840 34 139 34
-8.558539 -11.845733 0.230402 34 139 34
-5.121511 7.745941 -0.223211 139 69 19
-24.948568 -13.962527 0.213244 34 139 34
13.502680 3.735815 -0.605028 34 139 34
-14.252748 7.144470 -0.049283 139 69 19
2.395608 16.060061 0.050811 34 139 34
23.705701 -10.396421 1.355918 139 69 19
-18.395255 -23.595340 -0.620145 34 139 34
-14.901953 11.002783 -0.427671 139 69 19
-21.594153 -17.573392 0.770880 139 69 19
-12.707970 -18.660389 0.457530 139 69 19
-20.643893 1.282358 -0.145851 34 139 34
4.277073 -14.306804 -0.569171 34 139 34
3.536867 -5.941900 0.717023 34 139 34
2.432148 10.800459 0.018191 34 139 34
-6.120318 0.683388 -0.215219 139 69 19
16.020578 23.128234 -0.077893 139 69 19
-15.910719 10.037871 -0.284663 139 69 19
-23.692683 -3.422257 0.416524 34 139 34
-9.209702 21.477960 -0.064639 34 139 34
-7.826398 -10.669283 0.199432 34 139 34
15.197677 -6.086346 -0.492052 34 139 34
20.806754 -11.591240 -0.302549 34 139 34
-24.149976 10.386009 -0.247340 139 69 19
-16.243103 -20.129053 0.348202 34 139 34
16.136543 0.671118 0.569742 34 139 34
-8.375717 8.185164 -0.012780 139 69 19
-15.510762 24.483892 0.275998 139 69 19
-21.665288 3.657739 0.574083 139 69 19
15.182158 12.216155 -0.080772 34 139 34
23.893600 0.547832 0.423877 34 139 34
24.449776 5.649303 -1.197028 139 69 19
18.756094 11.656342 -0.498906 139 69 19
10.109729 4.474154 0.017485 139 69 19
-10.766097 10.332056 0.003667 34 139 34
19.119159 -11.472046 -0.093765 34 139 34
-9.087565 16.846164 0.764687 34 139 34
15.659069 -4.432698 -0.439579 34 139 34
-8.908290 -14.487437 -0.191293 139 69 19
23.220707 -22.871616 -0.037070 34 139 34
-6.328590 -6.758939 0.532540 34 139 34
-5.860862 7.382059 -0.055605 139 69 19
-1.723494 -16.540681 0.237664 139 69 19
5.532783 16.061136 0.680330 34 139 34
15.928602 -6.591415 0.468058 139 69 19
6.130914 9.625239 -0.169392 34 139 34
-13.470589 0.696748 0.230168 34 139 34
-20.457095 8.609747 0.061303 139 69 19
0.918475 -4.453458 -0.853742 34 139 34
-0.398471 -11.014771 -0.079176 139 69 19
7.365016 21.772914 -0.345835 34 139 34
-1.556155 -0.429644 -0.315988 34 139 34
-6.525142 1.790040 -0.556847 34 139 34
12.543360 -3.322471 0.483889 139 69 19
-12.500516 -17.056994 0.033097 139 69 19
3.732641 -15.630460 0.108263 34 139 34
9.989966 1.608051 0.225936 139 69 19
-14.651812 -1.487047 -0.455259 34 139 34
23.446651 17.462765 0.322388 34 139 34
2.388115 15.850940 -0.409497 34 139 34
-8.528002 22.657472 -0.274485 139 69 19
16.491861 16.142155 -0.243055 139 69 19
4.427876 7.125617 0.308440 34 139 34
4.286544 0.319663 -0.811715 34 139 34
1.699724 -13.289241 0.425275 34 139 34
3.634273 2.822044 -0.356052 34 139 34
9.799864 -20.435847 -0.460736 34 139 34
9.172140 -22.705753 0.674968 139 69 19
-2.176249 15.905711 0.020501 34 139 34
13.740342 1.909063 -0.100883 34 139 34
-17.140324 6.483056 -0.325223 34 139 34
-24.107617 9.881805 0.014720 139 69 19
-2.095296 10.288976 -0.439247 34 139 34
7.766818 -16.107952 -0.078231 34 139 34
-22.707919 -23.142756 0.581015 139 69 19
-17.017784 -2.591133 0.526553 139 69 19
19.116400 -13.424100 -0.387824 139 69 19
-0.435216 -3.020052 0.520964 34 139 34
-1.915021 -6.935301 0.371767 34 139 34
8.423191 20.772313 -0.524122 34 139 34
12.141860 12.788428 0.776660 139 69 19
17.421019 11.310773 -0.402999 139 69 19
14.887091 -3.520345 -0.015096 139 69 19
-21.022174 -13.154435 -0.022585 139 69 19
16.494164 -5.398185 0.186148 139 69 19
5.200907 -2.202178 -0.085212 139 69 19
-16.312641 -19.927591 -1.256028 34 139 34
-8.422338 -20.809249 0.556238 34 139 34
22.138696 22.157435 0.197985 34 139 34
-2.114698 18.459025 -0.124641 139 69 19
-5.207774 24.052215 -0.204776 139 69 19
-19.181562 5.301129 0.282265 139 69 19
-10.906847 -21.457660 -0.602931 139 69 19
-3.555107 -15.314195 0.279551 139 69 19
-15.077500 -18.916590 -0.345550 34 139 34
-22.650079 -12.687464 -0.339291 139 69 19
19.296354 -24.483737 -0.234088 139 69 19
-2.558312 -21.412480 0.443313 34 139 34
3.842839 -23.387651 -0.040407 34 139 34
24.272489 -0.810851 0.153153 34 139 34
13.190102 18.212787 0.041384 34 139 34
13.617718 18.055331 -0.126855 34 139 34
0.309507 9.839034 0.366925 34 139 34
14.662886 -2.738577 -0.719676 34 139 34
-2.671623 16.000598 -0.353047 139 69 19
-14.553602 -12.354233 0.637920 139 69 19
13.772068 5.113650 -0.627901 139 69 19
-4.794216 -13.687866 -0.037312 34 139 34
-0.735590 -0.169334 -0.275325 139 69 19
24.679039 19.470480 -0.228477 139 69 19
-15.666432 -6.914777 0.440751 34 139 34
1.173333 20.771495 0.059592 139 69 19
-22.166189 -1.012690 0.162026 34 139 34
-18.027418 -16.225081 0.139315 34 139 34
17.978230 -8.604740 0.028209 34 139 34
3.728407 -24.338550 -0.149781 34 139 34
-8.705325 8.389164 0.144132 34 139 34
0.095235 -11.193091 0.638914 139 69 19
12.686696 21.181258 0.254192 139 69 19
-5.213575 4.652989 -0.052203 34 139 34
7.132408 -6.003775 -0.867040 34 139 34
-6.311642 19.172569 -0.046676 34 139 34
0.016471 -17.248856 -1.202876 139 69 19
-6.598201 20.233480 -0.229607 139 69 19
-23.821533 -20.040967 -0.330042 34 139 34
9.989213 11.233022 0.188039 139 69 19
21.082491 20.060647 -0.141072 139 69 19
16.340005 8.928237 0.198026 34 139 34
-7.626836 17.220602 -0.246968 34 139 34
-7.434319 -4.190455 -0.510886 139 69 19
-3.485164 14.966512 -0.242330 34 139 34
-13.519638 23.330595 0.094810 139 69 19
-20.348467 -16.266454 0.327640 139 69 19
-9.551902 23.449219 -0.657845 139 69 19
9.421764 4.060962 0.367438 139 69 19
-23.333554 15.156079 -0.790558 139 69 19
-19.783752 15.324622 0.449625 139 69 19
8.270392 -12.676388 -1.440667 34 139 34
9.034280 23.606685 -0.247448 34 139 34
18.640857 -4.561608 0.686132 34 139 34
-4.974446 0.667007 -0.186659 34 139 34
22.206622 4.005567 0.246172 34 139 34
1.383961 -6.969381 0.480165 34 139 34
5.422304 19.494994 -0.465713 34 139 34
12.964348 0.758712 -0.473440 34 139 34
6.541391 15.810093 -0.435888 139 69 19
-9.884135 3.391227 -0.022458 34 139 34
-19.687372 20.058595 -0.163069 139 69 19
9.014187 3.706335 0.164175 34 139 34
12.445120 -5.170682 -0.313397 34 139 34
-14.092335 -13.290590 -0.416563 139 69 19
-24.395170 7.650900 0.177277 139 69 19
3.741158 6.975615 0.699176 34 139 34
-9.851879 2.159466 -0.258368 139 69 19
-10.602852 9.057583 0.555470 34 139 34
-1.909968 -5.844400 0.408853 139 69 19
16.687297 19.148374 0.018289 34 139 34
4.677964 -11.387210 0.570682 139 69 19
-6.872359 1.505038 -0.786221 34 139 34
5.238511 15.846383 0.304651 34 139 34
7.084030 -16.171427 0.129023 139 69 19
3.911035 -14.272509 0.140025 139 69 19
14.966312 0.048070 -0.636474 139 69 19
-5.700801 18.143852 -0.266309 34 139 34
7.330209 -18.379895 0.290338 139 69 19
-8.140371 3.950523 0.316817 139 69 19
20.982454 24.647584 -0.816488 34 139 34
24.877841 23.777446 0.557920 139 69 19
-24.840268 -4.818935 -1.427002 34 139 34
2.498034 0.614404 -0.199260 34 139 34
-19.908228 -6.609256 -0.173744 139 69 19
22.522006 -21.159663 -0.885195 34 139 34
-10.011809 22.882393 0.364364 139 69 19
17.592040 8.798248 0.550697 139 69 19
2.518054 -6.235647 -0.320157 34 139 34
-4.417736 24.826922 -0.375134 139 69 19
-16.656565 -4.128332 -0.164695 139 69 19
-10.371571 8.890453 -0.387359 34 139 34
8.573641 -21.010303 -0.158317 139 69 19
5.929084 0.696185 -0.716159 139 69 19
-23.928983 12.753131 -0.065786 34 139 34
-3.143068 -4.102765 0.107105 34 139 34
-2.572235 22.518905 -0.129850 139 69 19
-22.283009 12.718459 0.155939 139 69 19
-7.070771 -6.263317 0.372012 34 139 34
15.948371 -24.890164 0.211626 139 69 19
16.992761 15.979098 0.473048 139 69 19
22.336202 24.051384 -0.122903 34 139 34
2.739008 14.513541 0.217468 34 139 34
16.625386 3.876629 0.084073 34 139 34
-9.939071 -10.707801 -0.601887 34 139 34
-4.487967 -0.951691 0.089635 139 69 19
-21.918447 -18.518943 0.639444 34 139 34
0.999929 21.996075 0.279568 34 139 34
-11.079006 6.857503 0.055769 139 69 19
-15.430091 9.397838 0.472744 34 139 34
-24.321630 -16.326512 -0.758482 34 139 34
-23.717915 -20.401417 -0.389005 139 69 19
-19.639907 2.229057 0.451909 139 69 19
-22.419423 5.010830 0.244083 34 139 34
2.698247 20.877880 0.366450 139 69 19
23.049256 -14.620629 -0.144061 34 139 34
-19.731155 -9.958574 0.633128 139 69 19
21.089360 5.068749 0.107395 34 139 34
-19.431251 14.244830 -0.093321 34 139 34
23.776905 -17.485995 -0.284906 34 139 34
24.819067 -8.106792 -0.583466 139 69 19
-16.390249 -21.039962 0.282364 139 69 19
-24.540046 -21.346797 -0.354510 34 139 34
-3.422031 21.165888 -0.394253 139 69 19
3.526836 22.614252 0.518805 139 69 19
-24.582447 17.208017 0.324861 34 139 34
-7.224385 3.790180 0.154398 139 69 19
4.381082 6.218251 0.864819 34 139 34
-15.624044 -2.294562 -0.077841 139 69 19
-5.976423 -15.031851 -0.068774 34 139 34
-14.053660 15.939108 -0.060004 34 139 34
-13.974266 8.778812 -0.746744 139 69 19
-9.211059 -17.901860 -0.248553 34 139 34
19.978785 17.100981 0.366510 34 139 34
-15.316745 -12.059109 0.661979 34 139 34
-20.059172 0.767611 -0.315186 34 139 34
-20.765444 -16.981717 0.980995 139 69 19
-6.696660 -6.661973 -0.735310 34 139 34
0.256074 -13.767194 0.336019 34 139 34
-6.885733 14.877254 -0.680610 139 69 19
-1.261706 -14.485250 0.618110 139 69 19
-17.520746 6.252717 -0.152405 34 139 34
0.626491 -2.672128 -0.385123 139 69 19
-6.072802 15.762000 0.078448 34 139 34
3.071608 14.689860 -0.401394 139 69 19
-3.657433 4.111547 -0.791974 34 139 34
15.792699 -18.675931 0.200632 139 69 19
-14.011172 -21.963744 -0.787444 139 69 19
-24.714533 -23.467603 -0.240317 139 69 19
24.440920 3.546506 -0.435255 139 69 19
-3.820397 -6.511170 0.022004 34 139 34
12.677846 -5.756690 -0.368430 34 139 34
-17.453720 10.115693 -0.076825 139 69 19
23.959037 3.750892 1.256101 139 69 19
-3.189559 1.261891 -0.385411 34 139 34
-14.655941 1.914834 -0.763733 139 69 19
10.392845 -4.489305 -1.208164 139 69 19
10.140297 12.436155 -0.316813 34 139 34
-1.941791 -10.544352 -0.155214 34 139 34
2.103528 -16.063618 -0.440839 34 139 34
24.611057 6.927327 -0.358325 139 69 19
-9.877961 18.899646 -0.096495 139 69 19
20.421600 -22.603283 0.570541 34 139 34
-16.524674 -3.123376 0.001995 139 69 19
1.642574 -20.738237 -0.682099 139 69 19
12.716624 -19.880280 -0.883123 139 69 19
14.316552 -3.431737 -0.141113 34 139 34
13.322578 -19.920493 -0.259453 34 139 34
-16.391699 4.890442 0.025869 139 69 19
3.455383 15.577398 0.397494 139 69 19
12.786757 14.598185 -0.302766 34 139 34
-0.210348 22.956987 0.449215 34 139 34
-1.278481 15.917016 -0.477358 139 69 19
-9.979913 6.628490 -0.648203 139 69 19
0.807454 -0.611396 0.263948 34 139 34
5.601162 -2.044064 -0.786986 34 139 34
-13.248622 10.577987 0.106696 34 139 34
8.764186 -19.230935 0.549452 34 139 34
-23.171138 13.717870 -0.114634 139 69 19
17.799902 -14.594533 0.100516 34 139 34
0.617511 -10.091317 1.007867 139 69 19
3.152538 -16.264169 0.038077 34 139 34
-8.676148 -7.770421 0.542423 139 69 19
-13.051905 16.350783 -0.206110 139 69 19
5.345507 2.862650 0.315116 139 69 19
9.620746 2.199503 1.117646 34 139 34
-14.657417 -2.366343 0.046218 139 69 19
6.318240 -14.931893 -0.276045 34 139 34
16.803229 -15.830702 0.369731 34 139 34
4.928110 -6.581497 0.245348 34 139 34
-8.204844 -14.945242 -0.369687 139 69 19
-8.005690 -20.139458 -0.194400 139 69 19
-3.823461 -17.918273 -0.121880 139 69 19
3.317102 -15.201525 -0.707522 139 69 19
11.933367 -2.632624 0.789296 34 139 34
-6.015183 -3.777449 0.104176 34 139 34
7.763489 10.580820 -0.328232 34 139 34
-22.510589 -16.292594 0.311330 34 139 34
10.535398 -7.054717 -0.341490 139 69 19
6.950754 -8.235276 -0.098013 34 139 34
-11.185905 0.442858 -0.677309 139 69 19
22.038966 -21.820539 0.810114 34 139 34
-22.600883 -14.839440 -0.315902 139 69 19
-13.246629 -15.179133 0.708440 139 69 19
-15.644149 -23.608926 -1.087050 34 139 34
-4.820814 21.438470 0.529898 139 69 19
-14.281420 8.095568 0.707867 34 139 34
-14.589886 -21.188907 -0.368136 139 69 19
-14.976112 -2.189322 -0.125579 34 139 34
-1.555161 -2.954197 -0.200087 139 69 19
-13.271211 17.728726 0.419544 139 69 19
-5.402967 21.383322 0.200052 139 69 19
19.746441 20.813096 0.232243 34 139 34
24.555279 -1.947986 0.017353 139 69 19
7.176422 19.041842 -0.031211 139 69 19
-11.699899 23.829933 0.266042 139 69 19
-11.194429 8.549171 0.462322 139 69 19
-15.359054 -17.471449 0.150887 34 139 34
4.802966 10.839644 -0.422151 34 139 34
-10.368922 8.769322 -0.190659 139 69 19
15.861241 -3.922348 -0.381390 139 69 19
-18.180042 2.217173 0.287185 34 139 34
-21.999376 -22.484864 -0.381103 139 69 19
19.370955 -6.783525 0.150043 139 69 19
17.308063 -6.914129 -0.308220 34 139 34
23.769670 6.054509 -0.808390 34 139 34
-14.055225 10.232797 0.471988 34 139 34
-0.547130 13.912485 -0.047264 34 139 34
-6.936456 -20.495676 0.109931 139 69 19
0.271684 -7.264481 -1.080947 139 69 19
-2.233164 -17.474483 0.417619 34 139 34
24.376540 20.389368 -1.078344 139 69 19
8.934644 -8.722569 -0.465084 139 69 19
9.121462 8.934325 0.797705 34 139 34
-16.937984 6.598048 0.096696 34 139 34
-20.421514 7.234949 0.306057 139 69 19
-8.715679 11.373633 -0.405559 34 139 34
-15.295580 1.947534 -0.332081 34 139 34
-20.646757 -2.241305 0.015592 139 69 19
21.203423 17.263636 0.413033 34 139 34
7.184762 -1.073949 -0.493757 139 69 19
5.292523 7.077310 0.264275 139 69 19
12.768253 -8.395842 0.101036 139 69 19
14.740071 -12.813958 0.484207 34 139 34
-12.694963 20.002496 -0.035089 34 139 34
-10.497184 15.778058 -0.301777 139 69 19
-23.744890 8.727765 1.202954 34 139 34
-20.518828 -0.900625 -0.063560 34 139 34
-7.493944 8.856302 0.059784 34 139 34
-2.132552 -12.414038 -0.206780 139 69 19
17.047722 22.537793 -0.260411 34 139 34
22.572535 9.404890 0.489048 139 69 19
-7.607807 5.028632 0.364349 139 69 19
2.595645 16.919392 0.050664 34 139 34
7.521180 19.778769 -0.155874 139 69 19
-24.815427 12.434694 -0.218676 34 139 34
11.272639 -1.280576 0.408325 34 139 34
-14.491965 -0.887133 -0.068291 139 69 19
-9.792526 -3.492513 -1.376522 139 69 19
13.708848 -12.870174 -0.252698 139 69 19
-7.666179 -0.562037 -0.782957 34 139 34
-19.679008 -24.670389 -0.428068 139 69 19
-9.312506 -15.026500 -0.024709 34 139 34
8.830586 18.225136 0.024741 139 69 19
-15.661589 20.511195 0.533857 34 139 34
-23.141473 21.430241 -0.031170 34 139 34
-11.178196 -6.780452 -0.397764 139 69 19
-9.678324 -5.233998 0.220511 139 69 19
2.107077 -6.100980 0.110662 139 69 19
-17.702440 24.580319 -0.248799 34 139 34
22.483841 20.566108 0.376626 34 139 34
11.435933 6.467244 0.365535 139 69 19
18.971086 17.119704 -0.292026 34 139 34
-14.011990 11.943171 0.127554 34 139 34
-3.104672 -13.312308 0.605224 34 139 34
13.310862 -9.399499 -0.310257 34 139 34
-21.895799 22.939968 0.749551 139 69 19
8.562468 -17.854800 -0.496997 139 69 19
-11.865853 20.859012 -0.048919 34 139 34
-11.963421 -12.787967 -0.064404 34 139 34
11.200631 8.809719 0.092492 34 139 34
12.160713 -16.191141 0.953839 34 139 34
15.221909 -20.811175 -0.875285 139 69 19
6.087814 23.877341 0.489829 139 69 19
10.184778 -0.405322 -0.269161 139 69 19
-19.094006 21.819378 -0.011133 34 139 34
1.680107 -15.438365 0.210868 139 69 19
-2.808503 -8.754144 0.499120 139 69 19
4.106309 -19.743742 -0.515066 34 139 34
-4.073293 -8.074969 0.555653 139 69 19
-22.583491 -7.627288 0.274660 139 69 19
4.841227 -16.128124 1.130805 139 69 19
1.825670 21.029102 -0.050296 139 69 19
-2.545841 7.234907 0.509886 34 139 34
12.536641 -1.164330 -0.629696 34 139 34
-13.849096 -9.584875 0.437427 139 69 19
5.949634 10.592844 -0.201906 139 69 19
-5.417313 -20.857025 -0.995258 139 69 19
-24.222663 12.556680 -0.531446 34 139 34
-1.546840 -8.203566 0.561400 34 139 34
22.615361 -22.842798 0.601210 34 139 34
-5.810492 -8.438777 0.154661 34 139 34
12.768974 5.267138 -0.288560 139 69 19
19.310663 -0.390904 -0.232243 34 139 34
-17.943228 -1.119481 -0.447865 139 69 19
22.358131 9.745690 -0.081233 34 139 34
14.845784 23.573189 -0.132717 34 139 34
5.955100 12.792572 0.137927 34 139 34
-3.259082 -13.886979 -0.206188 139 69 19
24.421664 -14.050485 0.425946 139 69 19
18.023306 3.619713 0.132141 139 69 19
9.533576 6.500499 0.482047 139 69 19
3.465941 10.957260 -0.515154 34 139 34
-23.036347 -10.427378 1.546665 34 139 34
5.375479 -23.228408 -0.877995 34 139 34
20.657545 -4.426592 0.761431 34 139 34
23.369512 -10.980381 -0.509241 139 69 19
14.164075 -13.497138 0.257094 34 139 34
8.318297 14.215721 0.600809 34 139 34
1.477122 -12.294787 -0.263627 139 69 19
-0.545623 -23.663059 0.111428 139 69 19
-22.132254 2.543993 0.252086 139 69 19
23.669206 10.630571 0.285049 139 69 19
-3.971124 24.615471 -0.644020 34 139 34
1.513883 10.450385 -0.126052 34 139 34
5.978255 -24.035368 0.966985 139 69 19
-12.325557 -17.080194 -1.397132 139 69 19
-22.767309 13.186465 -0.082838 139 69 19
17.403679 22.739600 1.211534 34 139 34
17.412327 13.105859 -0.397208 34 139 34
-1.327489 16.189306 0.022040 139 69 19
-8.585888 21.396282 -0.239864 34 139 34
-9.370056 20.659065 0.492236 34 139 34
-10.386881 19.464777 0.331220 34 139 34
16.882793 3.326355 -0.225416 34 139 34
-3.180084 -0.021771 0.518499 34 139 34
-1.790797 8.030778 -0.433258 34 139 34
-8.285861 20.805598 0.081119 139 69 19
-14.291026 -18.607469 -0.518978 139 69 19
7.030627 13.960262 -0.602057 139 69 19
-5.294174 -19.197800 -0.564252 139 69 19
4.394159 14.260127 0.194940 139 69 19
12.739596 7.052106 0.498381 34 139 34
10.689500 22.309871 0.028996 139 69 19
-6.370266 7.801083 0.314278 34 139 34
16.382370 -12.345899 0.596337 34 139 34
-15.652698 -17.640910 0.192556 34 139 34
-17.480091 -6.144658 0.036014 139 69 19
-21.152893 1.701471 -0.990732 139 69 19
-14.252116 4.976222 0.756194 34 139 34
14.482548 -23.971224 -0.176706 34 139 34
-11.805673 -0.422198 -0.303142 139 69 19
-13.671628 18.326828 -1.198224 139 69 19
-12.499810 -0.670455 -0.449819 139 69 19
20.685209 -17.472253 -1.062408 139 69 19
19.061680 4.619243 0.584828 34 139 34
-2.789761 -22.186412 -0.011231 139 69 19
14.940384 18.231046 1.098243 34 139 34
19.635858 14.453790 0.542626 34 139 34
10.289188 20.932324 1.171849 139 69 19
0.828365 7.850936 0.123743 139 69 19
19.501358 4.374042 0.172178 34 139 34
21.311943 -13.928853 0.239595 34 139 34
13.834561 -3.775606 -0.741285 34 139 34
-20.276276 23.750914 1.202000 139 69 19
-5.896897 16.482196 -0.611945 139 69 19
-8.240793 -12.081529 0.534659 34 139 34
12.319807 6.775400 -0.396575 139 69 19
7.550519 22.111851 0.302393 34 139 34
-24.577599 2.024775 -0.235397 139 69 19
-8.122513 -17.804903 -0.651807 34 139 34
-6.706028 -0.651598 -0.460431 139 69 19
6.702078 -17.588451 -0.008872 139 69 19
-11.748689 -20.995892 0.782221 139 69 19
10.709393 2.224683 0.495630 139 69 19
-2.324217 -18.095069 0.464601 139 69 19
-12.594837 -14.614266 -0.448184 139 69 19
2.827059 7.665883 0.873671 139 69 19
-5.664241 -13.724847 0.154794 34 139 34
4.567998 -13.263094 -0.102423 34 139 34
-10.521537 -16.381451 0.579979 139 69 19
-2.803720 -10.956190 0.828771 139 69 19
24.614741 -22.342786 -0.519494 34 139 34
-3.949066 19.860114 0.656968 34 139 34
-2.089881 6.733416 -1.044324 139 69 19
19.352027 3.418643 0.449468 34 139 34
12.385655 3.620415 -0.185540 139 69 19
21.307636 -11.316612 -0.169711 34 139 34
-6.516580 15.334448 -0.058142 34 139 34
20.686188 -4.366562 -0.168906 34 139 34
-21.690504 22.135599 0.369783 34 139 34
-17.380370 15.857075 0.602188 139 69 19
20.261297 9.985645 0.309086 139 69 19
-13.643221 13.850080 0.240101 139 69 19
16.469842 2.448663 0.550912 139 69 19
-19.591938 -19.497381 -0.265975 139 69 19
-9.242417 5.368438 -0.747805 139 69 19
3.955142 21.991531 0.617880 34 139 34
-21.405482 -22.661922 0.829187 34 139 34
11.345982 2.407514 -0.459703 139 69 19
-11.801828 -5.633658 -0.073073 139 69 19
5.122109 6.685814 -0.050247 139 69 19
-3.163636 15.842725 0.210111 139 69 19
-19.761661 23.447966 0.299404 34 139 34
5.611951 3.027100 -0.342610 34 139 34
3.318358 -22.214199 -0.279492 139 69 19
6.670788 -22.616281 0.097447 139 69 19
19.545989 14.137330 0.276233 139 69 19
-17.435787 23.475708 -0.198737 139 69 19
-19.216790 -18.084907 0.075512 139 69 19
-7.499877 4.034498 0.054675 34 139 34
3.593489 24.199499 1.090021 34 139 34
16.943356 -21.436268 -0.437257 34 139 34
12.193496 -21.868064 0.303446 139 69 19
-20.391559 14.807242 0.094744 139 69 19
-16.024934 -6.763491 0.443532 34 139 34
19.142780 19.174747 -0.493576 139 69 19
19.415644 -0.844916 -0.020370 34 139 34
19.988438 2.573180 0.488399 34 139 34
-19.304737 19.799298 -0.070888 139 69 19
-11.575319 16.975559 -0.756894 34 139 34
-10.564761 21.183298 -0.261169 139 69 19
18.181074 22.679388 0.151944 34 139 34
21.237773 -1.408085 -0.086699 139 69 19
10.863714 -14.367412 -0.238174 139 69 19
-2.406482 1.295716 0.314095 34 139 34
8.002313 -17.751226 0.150188 139 69 19
0.781347 16.092931 0.436125 34 139 34
-14.600126 -17.767960 -0.740875 34 139 34
-17.971398 -21.342624 -0.549452 139 69 19
4.035105 -10.062181 -0.927119 34 139 34
1.937835 -17.477279 0.386412 34 139 34
6.111961 19.521463 0.718781 139 69 19
4.715573 -17.483666 -0.722929 34 139 34
-17.409758 0.428786 0.236978 34 139 34
13.476517 -6.626100 0.714383 34 139 34
3.870927 -4.307058 0.186910 34 139 34
-22.845332 8.127793 -0.505464 139 69 19
11.987213 23.578174 0.625614 139 69 19
20.467375 18.022910 -0.375019 139 69 19
0.047432 4.929801 -0.010656 34 139 34
-21.428257 -2.983310 -0.072697 139 69 19
12.042720 23.906505 0.543779 34 139 34
-0.871259 -10.922309 0.156501 34 139 34
1.783636 -10.820116 -0.507454 34 139 34
22.307703 -0.145933 0.208286 34 139 34
7.345601 -1.509761 0.568144 139 69 19
5.424744 8.605632 -0.052451 34 139 34
15.650151 12.213678 -0.205771 34 139 34
-24.737855 -4.491568 -0.434014 139 69 19
-9.362690 23.901322 0.222403 139 69 19
21.664341 -2.733754 0.164966 34 139 34
-24.016891 12.582143 0.581298 34 139 34
-15.271014 -7.813068 0.658779 34 139 34
7.210952 12.747214 0.460001 34 139 34
2.518686 -5.610059 -0.052309 34 139 34
-9.400846 0.035681 -0.548788 139 69 19
-9.347626 14.485833 0.233185 139 69 19
6.502255 -18.816668 0.402095 139 69 19
0.979189 -12.752573 0.119757 139 69 19
-23.166921 2.388408 0.071647 139 69 19
-6.040302 -18.341852 -0.308844 34 139 34
-0.608412 18.602557 0.718051 34 139 34
10.099614 13.219202 0.759662 34 139 34
16.831418 11.447453 -0.127373 139 69 19
-13.022570 12.836330 -0.550340 139 69 19
9.277650 5.728844 -0.537538 34 139 34
2.030691 9.046852 0.898257 139 69 19
8.292353 10.874189 0.448207 139 69 19
-18.436704 -22.258447 -0.195850 34 139 34
-20.424038 -10.950901 -0.334957 139 69 19
-5.969669 16.228199 0.432624 34 139 34
10.191817 9.462413 -0.603073 34 139 34
-23.039276 -4.429197 0.301563 139 69 19
-0.368173 -9.872735 -0.248793 139 69 19
-1.116504 -5.845692 0.537438 34 139 34
-1.911719 -11.269512 0.932822 34 139 34
13.810121 22.359638 -0.454696 34 139 34
-19.187082 -24.531822 -0.362863 139 69 19
-5.824666 23.524446 -0.420097 34 139 34
-17.433257 -23.564020 -0.726914 34 139 34
-3.686820 -3.635829 -0.192146 139 69 19
-0.774162 -7.656880 0.520948 34 139 34
24.623521 -1.737575 -0.067290 34 139 34
-8.041346 -6.832812 -0.631009 34 139 34
23.810184 20.083227 0.092264 34 139 34
11.100669 11.447117 0.287366 139 69 19
12.895238 -6.132823 0.578542 139 69 19
-15.911667 -23.273191 -1.147470 34 139 34
-8.000201 -7.099816 0.134533 34 139 34
4.011002 -23.226675 0.088129 34 139 34
-19.093749 -9.849457 1.198398 34 139 34
-9.008052 -22.971211 -0.249859 34 139 34
5.367551 -11.393285 -0.366594 34 139 34
4.500047 15.515727 -0.530478 34 139 34
20.788581 -21.047655 0.229119 34 139 34
10.162905 4.470543 -0.405778 34 139 34
19.828871 21.743422 -0.417664 139 69 19
1.511125 -13.977508 -0.427227 139 69 19
-8.625696 16.820275 0.209316 34 139 34
-13.425768 1.143557 -0.166896 139 69 19
14.423993 0.495593 0.347144 139 69 19
-22.698600 12.212811 0.103401 34 139 34
24.566560 -14.201508 -0.113085 34 139 34
21.878592 11.308294 0.722131 34 139 34
5.467654 3.194109 0.013543 139 69 19
7.567292 10.981799 -0.985904 139 69 19
9.432578 13.095907 0.454470 34 139 34
-21.450091 -1.079100 -0.037048 34 139 34
15.347810 -8.233287 -0.328409 139 69 19
18.868712 11.117972 -0.251037 34 139 34
-19.111403 17.393916 -0.362630 139 69 19
-20.555724 5.482548 0.207568 34 139 34
12.680432 19.706523 0.293626 34 139 34
10.408892 -17.535126 0.906201 139 69 19
-2.413641 -19.655846 -0.320739 34 139 34
-21.834267 -4.550546 0.754666 139 69 19
-9.609527 -7.256352 -0.445497 139 69 19
-8.068767 21.049784 -0.164525 34 139 34
5.047304 -22.901538 0.515366 34 139 34
-9.569662 -8.112697 -0.424996 34 139 34
-1.981918 -23.582642 0.199005 34 139 34
-17.608322 1.218062 -0.489855 139 69 19
8.488247 -14.456913 -1.136061 139 69 19
-0.289283 4.313406 0.648705 34 139 34
-20.314530 -2.409512 -0.746532 34 139 34
12.614002 -12.178849 -0.293761 34 139 34
-13.601899 -10.527468 0.256037 139 69 19
-4.151728 23.142783 0.003329 34 139 34
9.768134 6.736321 0.538384 139 69 19
-3.334176 -5.439214 0.692481 34 139 34
12.798450 24.304456 -0.418664 34 139 34
9.385082 -8.832554 0.330673 34 139 34
-15.171462 -8.233136 0.068778 34 139 34
4.612316 9.177982 0.703066 34 139 34
-12.106234 -11.800676 0.058635 34 139 34
3.560395 -10.698927 -0.589968 139 69 19
21.659342 -19.831924 -0.565237 34 139 34
13.736622 -17.265438 0.337176 139 69 19
13.544057 -2.399759 0.695512 34 139 34
-7.197369 -2.969129 0.873128 34 139 34
-20.994084 -11.283808 -0.172054 139 69 19
3.013957 20.454858 0.127662 139 69 19
-1.361942 -20.271045 0.211879 139 69 19
-5.852757 -20.009395 -1.186612 34 139 34
4.439427 -17.723263 -0.356725 34 139 34
-19.672452 2.810347 0.537556 139 69 19
-1.118236 0.245283 0.309812 34 139 34
4.845086 -14.680915 0.379621 34 139 34
-2.446684 3.288891 0.271210 34 139 34
-22.455754 20.843406 -0.918200 139 69 19
-13.406144 -7.386983 -0.163063 34 139 34
-0.462823 -13.153168 0.693827 34 139 34
-11.145487 20.361261 -0.036607 34 139 34
-22.985383 -14.074063 0.694093 34 139 34
9.557696 -2.661472 0.010698 139 69 19
-9.412846 -8.756612 -0.457893 139 69 19
1.395461 -8.147899 0.216584 34 139 34
5.239922 -16.660677 -0.089272 34 139 34
20.156450 -3.631425 -0.097096 34 139 34
-1.515043 -6.369062 -0.277173 139 69 19
3.470750 1.126419 0.245635 139 69 19
2.967414 14.849057 0.251458 139 69 19
-17.267295 20.707407 -0.209251 34 139 34
23.598312 20.703087 -0.189655 34 139 34
13.059383 -18.341969 0.451327 139 69 19
-20.665605 -23.413744 -0.636451 139 69 19
21.640992 -15.424279 0.179462 34 139 34
11.132215 -11.282315 -0.614260 139 69 19
24.874216 13.852942 -0.444893 34 139 34
3.231047 -24.547483 -0.087564 34 139 34
2.888898 -8.219186 0.273104 34 139 34
-20.439547 -8.786603 -0.235129 34 139 34
-9.500467 5.070051 0.120977 139 69 19
19.562529 10.123531 -0.023865 139 69 19
16.377926 19.432182 0.293518 34 139 34
-0.012496 15.568203 0.022938 139 69 19
19.645667 -13.316714 0.235614 139 69 19
-22.090314 -22.237039 -0.551628 34 139 34
-5.114815 -7.000110 -0.155378 34 139 34
-21.019284 -11.661435 0.056648 139 69 19
19.576964 -21.904064 0.005686 139 69 19
-21.416041 23.639639 0.476178 139 69 19
6.917944 -20.658021 -0.415736 34 139 34
-1.004350 -16.380806 -0.467334 34 139 34
17.308792 -10.013873 1.026235 139 69 19
-7.173240 -12.596529 -0.222444 34 139 34
17.965328 13.122886 -0.094897 139 69 19
8.593076 12.261225 0.041541 139 69 19
-16.269093 4.842255 -0.394604 139 69 19
-8.262718 22.299579 0.225225 34 139 34
-0.470196 -21.512690 -0.233468 34 139 34
-0.475818 -2.224283 1.178667 139 69 19
-8.283300 15.110921 0.117582 139 69 19
16.740390 -7.018544 0.612406 34 139 34
-24.660588 -24.369872 1.359146 139 69 19
16.386639 -16.359491 0.507689 34 139 34
-0.205816 -11.125261 -0.894416 34 139 34
-23.160274 -6.060561 0.663234 139 69 19
-16.158273 1.426802 0.220644 139 69 19
6.776792 18.694525 0.127058 139 69 19
24.953020 -15.248324 0.623911 34 139 34
-13.128911 22.405962 -0.745215 139 69 19
12.108561 24.043623 -0.345132 34 139 34
-7.222164 5.007810 0.678995 139 69 19
4.971785 -24.311074 0.164542 34 139 34
-13.818694 -4.501287 -0.003212 139 69 19
21.041994 -15.616780 -0.062850 34 139 34
-0.374476 -12.585804 0.493898 139 69 19
5.900562 14.430431 0.693198 34 139 34
0.935256 17.732547 0.220247 34 139 34
12.752070 16.817747 0.672996 139 69 19
-6.984017 -18.100567 0.011361 139 69 19
-22.953371 19.962609 -0.558603 34 139 34
22.459519 -3.724319 0.422727 34 139 34
-11.853031 -6.946242 0.413858 34 139 34
20.455232 20.000177 -0.368160 139 69 19
21.357798 -22.210597 0.620021 139 69 19
-22.398455 -5.140433 0.088739 139 69 19
-0.015731 -16.302198 -0.104578 34 139 34
-5.846874 -9.907614 -0.170315 139 69 19
-2.843548 22.419952 0.626217 139 69 19
24.579426 -20.921834 -0.037686 34 139 34
21.074517 -21.426184 -0.412001 139 69 19
-7.626098 -21.370390 -0.174180 139 69 19
-16.207614 8.623220 -0.428831 139 69 19
-20.135663 4.255996 0.719611 139 69 19
-9.430631 18.789105 -0.446178 34 139 34
10.918014 -14.824852 -0.307597 139 69 19
-8.089954 -18.788891 0.037038 34 139 34
-2.637492 15.565669 -0.006228 139 69 19
-12.023386 -5.732583 -0.190369 139 69 19
15.506156 8.047507 -0.895387 34 139 34
22.724725 -10.188227 -0.043446 34 139 34
-22.984074 -21.249606 1.151062 139 69 19
23.761441 11.512593 0.851581 139 69 19
23.684935 -8.723955 0.426437 139 69 19
-23.823790 9.177312 -0.637245 34 139 34
18.037826 10.393364 0.112341 139 69 19
12.731941 -5.535851 0.104435 34 139 34
-22.335409 -8.012297 -0.505961 139 69 19
20.920451 24.168722 -0.458382 34 139 34
-15.670562 -14.612780 0.814914 34 139 34
-10.160655 13.943893 0.696091 34 139 34
-21.713554 15.027343 0.419523 34 139 34
-10.132254 -6.769322 -0.151791 139 69 19
24.892852 3.404444 -0.205279 139 69 19
-0.441138 -2.072908 -0.451364 139 69 19
-9.536975 22.156103 1.150621 139 69 19
-7.530642 14.621851 0.540195 34 139 34
11.607806 -18.379993 -0.410724 34 139 34
-24.758599 7.921809 0.895785 139 69 19
2.771588 9.625220 -0.672271 34 139 34
21.908312 -20.355626 -0.183271 139 69 19
-10.186037 1.082413 -0.054976 34 139 34
20.011034 -13.695110 0.239286 34 139 34
-15.544257 -12.589299 0.255822 139 69 19
-23.863059 -24.424566 0.238511 34 139 34
-6.340373 21.804162 -0.310914 139 69 19
-19.008602 1.848870 0.035760 34 139 34
-21.317656 -6.453288 0.502887 139 69 19
1.714500 16.252323 0.952641 139 69 19
19.488333 -7.842632 0.440258 34 139 34
-13.452266 -2.745555 0.074511 34 139 34
5.279975 -15.270665 -0.290062 34 139 34
-20.246239 -19.875102 -0.198435 34 139 34
12.718427 -24.891258 0.074345 34 139 34
-7.378853 -11.689749 -0.545050 139 69 19
-11.217744 11.292454 0.467943 139 69 19
11.508598 -8.421102 0.411300 34 139 34
-18.077066 -21.323205 0.851539 34 139 34
-8.903342 7.750007 0.553123 139 69 19
12.666243 -14.648693 -0.268578 139 69 19
-24.587458 6.059319 -0.181688 139 69 19
23.554253 -15.085570 0.976741 139 69 19
-6.264980 4.951165 0.909881 139 69 19
4.604421 -6.765316 0.826679 139 69 19
-11.319285 20.403005 0.137563 34 139 34
-14.228514 -11.832147 0.633485 139 69 19
-21.864355 21.905128 -0.305720 34 139 34
-10.777555 7.766892 -0.173006 139 69 19
-9.192823 -17.748106 -0.807632 139 69 19
16.976130 -4.326722 -0.016232 34 139 34
1.299164 -3.297972 0.542829 34 139 34
23.547450 -19.726759 0.143167 34 139 34
7.684302 -24.985752 0.680234 34 139 34
21.777666 -6.582173 -0.592602 139 69 19
-18.039095 13.349108 -0.202978 34 139 34
-16.794479 -9.577969 -0.947511 139 69 19
6.011609 -8.354727 0.108054 139 69 19
2.592421 -5.151125 -0.151927 139 69 19
-16.970747 -13.662570 -0.303713 34 139 34
-6.586300 -15.321294 -0.658670 139 69 19
20.154096 21.217475 0.144504 139 69 19
-1.286198 19.710768 0.595642 139 69 19
7.792457 11.638004 0.134650 34 139 34
22.753395 14.058966 -0.139046 139 69 19
-19.356454 -12.118286 -0.638729 34 139 34
-18.420493 24.287930 0.005363 139 69 19
-6.027143 -21.989657 -0.876308 139 69 19
24.818408 -15.754917 -0.664887 139 69 19
20.059169 16.622068 0.035840 34 139 34
9.307024 0.094046 -0.369923 34 139 34
7.506336 -2.791023 -0.081114 139 69 19
18.830762 -12.951118 1.132098 139 69 19
-21.146729 7.168567 -0.374881 34 139 34
0.782854 -2.679051 0.312568 34 139 34
20.730340 -20.779637 -0.335779 34 139 34
6.999004 -9.707421 -0.243899 139 69 19
-14.064701 19.411348 -0.236420 139 69 19
3.764373 22.633721 -0.189148 34 139 34
-4.192352 -1.950543 0.203886 139 69 19
-19.948451 -8.516617 0.890093 34 139 34
11.036229 13.665660 0.309006 139 69 19
4.101872 -22.076416 -0.071419 139 69 19
20.404082 14.759925 -0.572597 139 69 19
-19.273465 -20.033069 0.684510 139 69 19
0.423982 -9.919947 0.189525 139 69 19
-8.286329 -24.010250 1.088216 34 139 34
18.410233 8.393803 0.323540 139 69 19
11.953176 -7.133076 -0.207684 34 139 34
24.434490 -2.893196 -0.107167 139 69 19
15.397599 13.914459 0.087939 139 69 19
7.384377 0.059101 -0.248093 34 139 34
-20.441761 23.668608 0.277115 34 139 34
9.520483 -20.850075 0.493647 34 139 34
-21.152575 4.365672 -0.044423 34 139 34
11.679931 10.877748 0.809162 34 139 34
-12.086831 3.242805 -0.318977 139 69 19
-2.206822 12.851307 -0.713537 34 139 34
-6.634563 -20.883634 1.268232 34 139 34
7.186789 -0.956382 -0.115943 34 139 34
-1.140874 -5.874566 0.454055 139 69 19
21.633192 -5.597218 0.494942 34 139 34
-13.439276 -9.629875 -0.024814 139 69 19
22.692675 -4.056420 -0.919163 139 69 19
-12.048662 20.885186 -0.087835 139 69 19
-0.925961 23.052440 -0.193959 34 139 34
-3.450123 -10.751369 0.005495 139 69 19
-13.631539 -16.044098 -0.235904 34 139 34
6.906441 23.024943 0.036592 139 69 19
-22.538555 -5.381032 -0.453637 34 139 34
23.910707 -23.360543 -1.153027 139 69 19
1.651116 -16.022052 0.027419 139 69 19
-9.006338 -15.157663 0.168298 139 69 19
2.246705 -13.494347 -0.006782 139 69 19
16.004179 -23.708309 0.075796 139 69 19
-15.713504 4.601759 0.575393 139 69 19
12.548562 18.130564 -0.074094 34 139 34
-23.761122 -19.183258 -0.205150 34 139 34
21.574956 13.692406 -0.338384 34 139 34
-23.994213 -6.454270 0.391803 34 139 34
11.003141 15.905902 -0.904084 139 69 19
-18.627433 0.448524 1.422470 34 139 34
8.473743 12.564438 -0.434555 139 69 19
-11.567831 -2.143749 0.327592 139 69 19
16.157632 -0.388953 0.109181 139 69 19
6.501378 -0.957220 0.091706 139 69 19
-0.489378 -5.759466 -0.227152 139 69 19
-12.151317 -18.219555 -0.379537 34 139 34
-14.829354 20.088964 0.733545 139 69 19
14.531904 9.067969 0.032209 139 69 19
-7.398858 10.765348 0.578155 139 69 19
-19.873381 3.729431 -0.469373 139 69 19
23.606518 -23.829368 0.846381 34 139 34
11.231809 18.673159 0.358869 139 69 19
13.017411 -1.233756 -0.402223 34 139 34
7.073501 11.904818 0.233293 139 69 19
-13.255380 -8.943278 -0.403742 139 69 19
-2.965976 -3.013850 0.159085 34 139 34
23.144946 6.942426 1.252476 139 69 19
-6.352118 -1.039164 0.118910 139 69 19
24.993362 -14.345911 0.220110 34 139 34
-12.874597 -24.464011 0.614983 34 139 34
5.064902 -16.938425 0.242050 34 139 34
-22.416353 8.801618 -0.436702 139 69 19
-14.398477 -11.572862 0.504742 139 69 19
-17.479422 -3.722919 0.599235 139 69 19
18.050496 -9.803180 -0.499981 34 139 34
-17.651118 -14.019959 0.102962 139 69 19
-15.189980 -24.952118 -0.499259 34 139 34
-20.347624 0.240694 0.277072 34 139 34
-22.029985 16.582013 -0.226193 34 139 34
-1.652412 7.664944 0.354144 34 139 34
18.090765 -5.185892 0.114967 34 139 34
-12.087821 11.855104 0.396803 139 69 19
16.047689 -6.961682 0.303526 139 69 19
24.599792 0.843980 0.170461 139 69 19
12.402021 -22.046286 -0.155596 139 69 19
12.942327 20.642316 0.517662 34 139 34
-10.535712 -4.407249 0.015298 34 139 34
-23.314360 -6.893545 0.526383 34 139 34
-9.238985 -22.181512 -0.133627 139 69 19
18.444589 -0.373870 -0.141453 139 69 19
-1.398122 18.917964 -0.229795 34 139 34
-5.379799 3.702230 0.287408 139 69 19
16.392283 9.631733 0.624874 34 139 34
23.325102 -19.024142 -0.002848 139 69 19
-24.591403 -18.360710 0.403120 139 69 19
-0.201703 1.480451 -0.626019 34 139 34
10.995054 13.042896 0.122695 139 69 19
-15.013464 -22.574266 0.421083 139 69 19
-5.355116 15.135245 -0.029677 139 69 19
23.283356 6.250008 0.077165 34 139 34
-5.327221 8.964068 -0.086278 34 139 34
-14.408727 -16.427845 -0.395890 139 69 19
18.512068 -16.915117 0.617178 139 69 19
20.048638 23.097352 -0.704794 34 139 34
3.595875 21.744326 -0.095821 139 69 19
0.152311 -6.074855 0.721751 139 69 19
23.038668 11.976620 -0.370499 34 139 34
-10.847978 -7.644186 0.369583 139 69 19
8.021724 -17.840227 0.298869 139 69 19
-19.553686 -3.502378 0.516596 139 69 19
-7.717437 -19.179771 -0.050487 34 139 34
14.262943 23.940717 0.248071 139 69 19
22.804851 -23.005178 -0.171411 139 69 19
-20.775269 -15.934376 -0.066677 139 69 19
15.290774 -18.827006 0.750221 139 69 19
7.681470 19.976570 -0.831199 34 139 34
-10.938641 -24.278121 -0.408718 34 139 34
-17.051166 5.607253 0.006964 34 139 34
23.295569 21.587132 -0.338792 34 139 34
-11.905551 4.325795 0.564714 139 69 19
22.799433 15.551588 0.621945 139 69 19
-12.953013 -23.125540 0.172248 34 139 34
24.630667 3.968745 -0.034095 34 139 34
15.970818 21.157311 -0.577459 139 69 19
6.478450 11.674631 0.124758 34 139 34
12.048572 21.651377 0.256367 34 139 34
-11.163590 -10.333417 0.687599 139 69 19
-10.626110 -18.054617 -0.145200 34 139 34
-12.340452 -2.746369 -0.674304 34 139 34
4.172429 0.347075 -0.094442 34 139 34
7.776826 5.376876 0.179107 34 139 34
22.972576 13.458177 0.069580 139 69 19
-0.657261 1.323651 0.966633 139 69 19
-2.620392 24.086997 0.159315 34 139 34
-5.857356 1.796193 -0.298753 139 69 19
22.909787 14.568813 -0.924041 34 139 34
-8.498767 -1.829210 -0.436930 34 139 34
13.883912 21.652925 0.188589 139 69 19
15.500720 -1.026426 0.526151 139 69 19
13.340733 -13.812131 -0.717713 34 139 34
21.663551 17.009740 0.068902 139 69 19
-12.152614 23.775356 0.200016 34 139 34
-0.663302 0.046132 -0.617060 34 139 34
17.417785 13.083024 0.252842 139 69 19
11.668440 -19.345988 -0.602135 34 139 34
16.547022 -23.215614 -0.287396 139 69 19
22.657351 -20.472115 0.123452 139 69 19
-2.682602 6.186599 0.335380 34 139 34
20.213854 -20.085842 0.838192 139 69 19
0.806818 24.200880 -0.689173 139 69 19
-23.540920 15.974802 0.202032 139 69 19
-7.071916 8.140472 -0.573927 139 69 19
9.274706 2.582547 0.382973 139 69 19
16.979029 -17.440969 -0.646159 34 139 34
24.807766 -9.108077 -0.503360 34 139 34
20.161553 -1.439444 -1.315084 139 69 19
-1.781823 -12.001669 1.127878 139 69 19
-21.213394 5.517072 0.474383 139 69 19
-10.043241 -18.089775 0.566030 139 69 19
-6.003421 13.115281 0.800227 139 69 19
16.711323 -18.662553 -0.002246 34 139 34
0.078499 5.836200 0.338089 34 139 34
14.031614 10.876997 -0.676401 34 139 34
8.538998 -16.163324 0.112533 34 139 34
-5.143222 11.400454 0.240281 139 69 19
3.146659 21.444628 0.014688 139 69 19
-12.866748 1.842799 -0.027483 139 69 19
-1.068900 19.548565 -0.607420 34 139 34
4.458941 9.696248 -0.533591 139 69 19
9.143176 -1.433283 0.460549 34 139 34
20.310745 -22.410798 -0.512248 139 69 19
-7.347727 8.776019 0.092038 34 139 34
7.060642 5.411421 -0.459045 34 139 34
21.999008 23.683359 0.600871 139 69 19
17.190297 -4.783710 0.440886 34 139 34
-8.629078 15.406493 -0.242517 139 69 19
-16.917725 11.670569 -0.050753 139 69 19
-1.010098 16.475859 0.407490 139 69 19
2.647661 -13.217179 -0.206361 34 139 34
-20.919076 2.315193 -0.108698 139 69 19
0.870971 -1.120636 0.271253 34 139 34
17.757113 5.799854 -0.302750 139 69 19
-21.872669 -14.085799 -0.361099 34 139 34
-16.235646 -16.328993 0.627204 139 69 19
11.450356 23.129642 -0.118075 139 69 19
1.030200 8.333850 -0.089525 139 69 19
15.630461 10.896686 0.075956 34 139 34
18.434660 -17.981182 0.507187 34 139 34
7.685254 -5.355683 0.203395 34 139 34
11.446265 -18.467458 0.982854 34 139 34
-10.806848 -9.163314 -0.768979 139 69 19
-15.623854 21.020295 -0.033163 139 69 19
-11.813392 23.835350 0.337959 34 139 34
5.995421 6.994443 0.280252 34 139 34
18.356999 4.324266 -0.181200 139 69 19
-0.189479 17.551362 -0.754231 139 69 19
9.822758 17.791563 0.060980 139 69 19
-17.377746 4.562330 0.450179 139 69 19
-16.524686 20.757994 -0.128386 139 69 19
-0.622161 2.767557 -0.174503 139 69 19
11.061034 1.765155 0.380114 139 69 19
20.598000 18.358404 -0.741856 34 139 34
-13.432947 -6.266225 -0.102708 139 69 19
6.707844 24.858335 -1.299585 139 69 19
0.979720 2.029313 0.152478 139 69 19
5.486831 22.236921 0.611540 139 69 19
21.005942 -4.015170 -0.625569 139 69 19
-18.569618 -8.512369 -0.929962 34 139 34
16.217978 -23.425627 0.461907 139 69 19
-2.027448 22.239152 -0.380131 139 69 19
-6.847930 18.803257 0.246290 139 69 19
-11.798979 -14.830810 -0.112225 139 69 19
-22.520886 7.617254 -0.234541 34 139 34
-20.564265 23.985730 0.110332 34 139 34
20.900182 17.871837 -0.729028 139 69 19
-10.420486 3.366827 -0.406454 34 139 34
-3.840605 -13.839638 -0.492789 34 139 34
-14.831121 22.952882 0.399587 34 139 34
11.286231 0.255871 0.384403 34 139 34
17.593210 -18.362710 -0.288990 139 69 19
-12.697205 11.257152 0.005814 139 69 19
1.052771 0.425601 -0.405175 34 139 34
-3.319954 -8.413117 0.102445 34 139 34
23.839372 17.826235 0.394205 34 139 34
18.624655 11.757939 -0.234026 34 139 34
-19.427736 -6.221114 -0.120957 139 69 19
2.137519 20.134324 0.123770 139 69 19
11.942755 17.951250 -0.442891 34 139 34
5.946383 1.371391 0.603695 139 69 19
19.069393 -3.018486 0.445603 34 139 34
-17.674678 0.154755 -0.018700 34 139 34
8.820940 -22.367863 -0.547282 139 69 19
13.397843 19.588034 0.598917 34 139 34
-3.648541 8.390589 -0.264336 139 69 19
-15.704841 -14.924950 0.802437 34 139 34
-20.763956 -4.298685 0.223925 34 139 34
-23.208996 -11.828706 0.805021 34 139 34
13.538775 21.573028 -0.590574 34 139 34
-19.174602 -15.779131 0.304896 34 139 34
-2.037974 -4.167503 0.677295 139 69 19
6.445892 5.997668 1.370092 34 139 34
-17.235713 14.612630 0.918780 34 139 34
-22.960913 -8.188852 -1.092479 139 69 19
2.746862 -3.752985 -0.249080 34 139 34
6.943113 -9.971735 -0.111664 34 139 34
5.830475 10.184863 -0.016486 34 139 34
-15.495940 -14.132733 -0.344080 139 69 19
-0.844923 -24.989449 -0.062433 34 139 34
-11.816644 21.913931 -0.986232 34 139 34
-7.622228 -0.139307 -0.438087 139 69 19
-5.864786 -3.356571 0.318154 139 69 19
-18.463324 20.577928 -0.034320 139 69 19
-8.207124 5.106042 0.293233 34 139 34
-13.127132 4.218261 -0.300127 34 139 34
8.697472 -20.538333 0.339727 139 69 19
-2.237855 14.534373 -0.771568 139 69 19
8.158017 -23.900323 -0.010105 34 139 34
2.399770 -20.904306 0.157329 34 139 34
-0.526943 16.515108 0.092951 34 139 34
-6.711824 -0.891856 -0.090214 34 139 34
-20.340209 -9.940574 -0.412656 34 139 34
2.482551 15.838514 -0.393414 139 69 19
7.368130 -21.587926 1.449048 34 139 34
14.579718 -2.713653 -0.525458 34 139 34
-10.602064 -19.063327 -0.104810 139 69 19
20.051048 11.837482 -0.263731 34 139 34
-13.666459 -3.406673 0.185777 139 69 19
23.674436 22.197495 -0.344242 139 69 19
-4.827155 -13.078152 0.967172 139 69 19
-4.554037 18.342529 -0.692117 139 69 19
-2.477522 16.037888 0.604938 139 69 19
21.528421 9.346983 -0.560086 139 69 19
-20.977922 -4.425570 0.379665 139 69 19
-23.589028 -6.617166 -0.143064 34 139 34
-19.555286 -16.461784 0.898705 34 139 34
6.883488 9.684052 -0.204390 34 139 34
-7.902479 -1.500184 -0.090346 34 139 34
-18.883651 -6.491706 0.557544 34 139 34
-5.255801 10.465304 0.595487 34 139 34
18.490473 6.357388 -0.607727 34 139 34
-24.351741 17.275615 -0.962789 34 139 34
-4.142240 3.060197 -0.242581 139 69 19
-8.633340 3.472825 -0.224590 139 69 19
-12.881008 19.727096 0.259372 34 139 34
7.748544 -13.961947 -0.748004 34 139 34
11.644552 -14.161773 0.552865 139 69 19
15.581337 12.749133 -0.309259 34 139 34
-14.512373 20.151842 0.508375 34 139 34
-1.135973 -22.371663 -0.688316 139 69 19
-12.677647 22.591350 -0.173698 139 69 19
1.024749 -16.863481 0.720411 139 69 19
0.588001 -7.083473 0.345072 34 139 34
12.012979 -20.410958 0.146875 139 69 19
-18.862178 -21.401968 0.164331 139 69 19
19.040044 15.493229 0.827917 139 69 19
-22.083252 20.018652 -0.011859 139 69 19
1.635144 -20.294040 -0.563401 34 139 34
-1.245187 20.845742 0.279103 34 139 34
5.310074 -18.869474 0.466312 34 139 34
9.556441 -5.241750 0.048928 139 69 19
21.275878 -18.627816 -0.354461 139 69 19
-14.892547 -10.886835 -0.495301 34 139 34
-20.861492 21.295340 0.517900 34 139 34
-7.743230 11.027396 0.302329 34 139 34
-23.199480 -0.989739 -0.243879 34 139 34
-21.683102 15.619443 -0.724294 34 139 34
6.289193 -12.785341 -0.516414 139 69 19
6.432237 -14.436016 0.256924 34 139 34
-13.870823 -1.978158 -0.012076 34 139 34
13.066965 9.783478 -0.538998 139 69 19
22.924038 -5.665187 0.243867 139 69 19
15.189539 -3.141452 0.532385 34 139 34
-17.243543 2.798626 -0.653156 139 69 19
20.114538 -9.034616 -0.512572 34 139 34
2.295535 1.232014 0.412022 139 69 19
-11.745163 21.174987 -0.282235 34 139 34
6.514881 10.272902 -0.391034 139 69 19
24.236941 22.482898 0.500398 139 69 19
18.014080 -7.665733 -0.050704 139 69 19
-0.836691 -22.711911 -0.009284 139 69 19
1.329672 -3.264825 0.687430 34 139 34
0.274392 14.266188 -0.185105 139 69 19
-17.126102 -14.688896 -0.022139 34 139 34
-20.510321 12.056082 0.237721 34 139 34
23.417652 6.809442 -0.477802 34 139 34
-19.859448 1.697424 0.040822 139 69 19
10.768462 1.952600 -0.415052 34 139 34
-5.363912 21.949377 -0.183332 139 69 19
-19.162188 23.245015 0.189555 139 69 19
-13.075466 -12.358235 0.262472 139 69 19
15.380213 -23.409148 0.060280 139 69 19
9.271903 0.394984 -0.131930 139 69 19
-0.311453 3.401695 0.849000 34 139 34
17.832731 5.778247 -0.767360 34 139 34
-2.281253 2.855896 -0.378867 34 139 34
-13.524473 17.317350 -0.164711 34 139 34
15.372996 -22.385043 1.076652 139 69 19
-5.993381 -0.698277 -0.791999 139 69 19
-18.734029 0.366067 -0.120711 34 139 34
-24.280471 19.707330 1.152136 139 69 19
21.628531 24.703433 0.444969 34 139 34
16.738992 -3.847627 -0.020102 139 69 19
22.931594 17.085612 0.489578 34 139 34
-20.941102 -4.276308 -0.520423 34 139 34
20.858171 -23.006132 -0.406190 34 139 34
12.562029 -7.213940 0.763290 34 139 34
-1.029846 18.550241 -0.396803 139 69 19
-7.743555 -21.001302 0.413008 34 139 34
13.045683 -17.761752 -0.563218 139 69 19
-8.446581 -24.463018 0.252891 34 139 34
-20.123992 -3.674513 1.087299 139 69 19
-20.986093 10.924908 0.197619 139 69 19
-1.580150 -9.059802 0.949257 34 139 34
4.060336 21.309403 0.369763 34 139 34
-20.968748 -2.509969 -0.506551 34 139 34
-14.267808 -2.948062 -0.286071 34 139 34
1.591781 15.611979 -0.890593 34 139 34
20.701061 -14.421335 -0.452202 34 139 34
14.352177 9.581392 0.186361 34 139 34
0.625528 0.279680 0.620574 139 69 19
6.034588 -10.179432 0.238865 34 139 34
11.925846 24.668079 0.785632 139 69 19
-10.912373 24.188286 -0.022962 139 69 19
4.021182 1.130062 1.070281 139 69 19
12.535829 12.685452 -0.477307 139 69 19
-10.009240 8.187881 0.051368 34 139 34
-3.300657 19.002450 -0.084557 34 139 34
5.082290 5.441388 -0.080332 34 139 34
4.203476 21.582148 -0.024519 34 139 34
16.407139 -17.840230 0.149431 139 69 19
-12.468498 11.733482 0.565036 34 139 34
7.899200 24.532555 0.421267 139 69 19
-4.275042 9.590629 -0.422773 139 69 19
-17.977809 -18.383769 -0.072633 34 139 34
-22.755968 24.087390 0.083168 139 69 19
19.227151 -14.874903 0.515955 34 139 34
22.171766 -11.799209 -0.676312 34 139 34
-7.087497 -1.631016 0.646934 34 139 34
-24.716451 18.111235 0.821358 34 139 34
-24.702617 -6.506021 -1.018568 139 69 19
10.081671 -7.880852 0.664827 34 139 34
-8.247740 -22.408903 -0.197637 139 69 19
7.253688 18.367815 0.343820 139 69 19
-10.717887 -10.202792 0.667780 34 139 34
23.019675 -4.448496 -0.560689 139 69 19
4.765100 17.425239 0.153730 139 69 19
-0.059821 14.193378 1.040431 34 139 34
-14.903164 24.110168 -0.256570 34 139 34
6.931388 -15.715638 0.031023 139 69 19
-24.075260 2.648700 0.411090 139 69 19
14.609629 0.855943 0.039611 34 139 34
23.265421 -12.191680 0.003988 34 139 34
14.269731 7.851833 0.242974 139 69 19
11.090258 -4.439744 -0.249687 139 69 19
18.699758 16.978530 0.906487 34 139 34
17.590521 2.291661 0.240841 139 69 19
-10.678775 -11.614325 0.160360 139 69 19
2.964381 11.116597 -0.232073 139 69 19
11.928632 14.174880 0.008293 139 69 19
4.269974 23.507357 0.203020 34 139 34
-17.187288 -7.358041 0.388639 34 139 34
-9.840348 -23.876859 -0.348947 34 139 34
-16.585275 22.738775 -0.565088 139 69 19
7.293852 -8.310406 -0.377987 139 69 19
20.059707 0.467095 -0.473831 139 69 19
9.922178 -15.042034 -0.521855 34 139 34
-21.527104 17.064217 -0.410304 34 139 34
-20.177668 -9.277367 0.446171 139 69 19
12.333398 -7.037661 0.276342 34 139 34
19.758752 6.918044 0.063385 139 69 19
-12.223352 -21.486050 0.321792 34 139 34
1.907962 10.976205 0.432694 34 139 34
-15.375714 -21.324665 -0.665094 139 69 19
13.994009 18.276335 -0.050524 34 139 34
5.565186 7.525522 -0.282823 139 69 19
-13.600764 24.028687 -0.266911 34 139 34
-14.164199 -6.569518 0.379829 139 69 19
19.523952 -11.369209 -0.309038 34 139 34
-11.667358 2.610220 0.377713 34 139 34
19.715685 -11.383820 -0.288098 139 69 19
10.254046 7.399345 -1.164506 139 69 19
3.668368 15.866736 0.704259 34 139 34
0.317739 -6.824706 -0.101792 139 69 19
-21.753203 -14.485977 -0.988133 34 139 34
12.004464 6.579658 -0.239317 34 139 34
-11.417035 4.997202 -0.682670 34 139 34
-11.019275 -5.016075 0.855819 34 139 34
1.535444 -12.844837 0.122883 34 139 34
3.622633 -22.398562 0.311322 139 69 19
-20.369823 -7.500403 0.844994 34 139 34
1.769836 12.485869 0.351060 139 69 19
-4.255982 24.271592 0.268656 34 139 34
-5.726589 -23.398666 0.522914 139 69 19
24.704526 19.012501 -0.202079 34 139 34
19.132884 -16.119301 1.096258 34 139 34
9.846843 -21.907236 -1.108825 34 139 34
2.081135 -6.336729 -0.023181 34 139 34
-10.183450 14.950777 0.311019 139 69 19
-9.466375 19.013234 -0.476748 34 139 34
-4.306188 -14.569982 -0.329852 34 139 34
1.628432 1.714827 0.203913 34 139 34
-16.710693 -8.066187 -0.612493 34 139 34
-6.691846 19.294509 -0.828442 139 69 19
-11.729305 1.020623 -0.264240 34 139 34
12.540207 19.398645 -0.627391 34 139 34
-16.918250 3.306292 0.121685 34 139 34
-0.534966 -1.115111 0.378227 139 69 19
-3.458785 14.302089 0.149080 139 69 19
-0.756814 -4.417867 0.664420 34 139 34
11.546279 -10.149251 0.022895 34 139 34
-9.545835 6.119071 0.426612 139 69 19
6.781167 -6.547490 0.553369 34 139 34
2.684861 -7.975460 0.281416 139 69 19
-7.952287 -7.697321 0.407348 139 69 19
-11.801567 18.613795 0.074855 34 139 34
7.328595 12.148590 1.025568 139 69 19
21.686463 19.687920 -0.065408 139 69 19
-22.738452 8.946146 -0.655924 34 139 34
4.662173 -18.434896 -0.123016 139 69 19
-11.822774 -18.026714 -0.981107 34 139 34
-23.623711 -23.995192 0.280281 139 69 19
-5.803815 19.802487 0.331567 139 69 19
-12.824119 22.465225 0.131511 34 139 34
19.713847 -0.811075 -1.051309 139 69 19
-12.586948 -10.570988 -0.437034 139 69 19
14.595135 -22.002574 0.589382 139 69 19
-10.508891 -8.622121 0.527767 34 139 34
-17.919256 -12.068265 0.051240 139 69 19
14.848102 23.243087 -0.198023 139 69 19
17.448773 7.549983 -0.427385 139 69 19
-2.057847 6.177659 0.506510 139 69 19
-11.825737 24.392202 0.046103 34 139 34
4.873740 0.162798 0.100355 34 139 34
-2.848231 -14.407489 0.341535 34 139 34
-3.497689 16.763909 0.006408 34 139 34
19.236424 -9.398960 -1.226840 34 139 34
-21.283006 -20.581274 -0.007315 34 139 34
-16.674253 6.707147 -0.944556 34 139 34
-0.562254 -2.468845 0.546642 34 139 34
20.741201 2.224275 0.677611 34 139 34
-23.112234 6.032138 -0.757958 139 69 19
-24.369999 -15.122579 0.513656 139 69 19
-18.214145 -7.180604 -0.362285 34 139 34
-3.712496 -6.162883 1.136868 139 69 19
-14.186593 -11.864880 -0.660573 34 139 34
0.286821 0.350528 0.355144 139 69 19
11.586239 -7.139726 0.328089 139 69 19
24.899731 -17.145241 0.318812 34 139 34
11.280555 -7.441348 0.479056 34 139 34
-23.018443 -13.911606 -0.684507 139 69 19
-14.361025 8.039415 0.300350 34 139 34
-17.596834 14.385009 -0.106680 139 69 19
-4.350954 -15.053264 -0.172935 139 69 19
-19.049090 0.368293 0.273876 139 69 19
-21.084715 -2.029534 0.969839 139 69 19
13.348684 14.681583 0.053855 34 139 34
5.367376 9.725410 -0.056735 34 139 34
-20.413717 -3.188681 0.274709 139 69 19
24.425195 -9.581104 0.190128 139 69 19
-20.280696 -14.049819 0.671444 139 69 19
21.156257 22.640004 0.248057 34 139 34
-5.859859 10.099950 0.260897 34 139 34
13.729370 -9.330059 0.218604 34 139 34
2.736875 23.282893 -0.687006 139 69 19
-11.909342 6.731556 0.943405 34 139 34
5.430887 1.870757 0.341420 34 139 34
-15.162839 17.528436 -0.601232 34 139 34
-6.769009 -24.662553 -0.353157 139 69 19
-15.131329 21.003650 -0.268121 139 69 19
-14.450138 -23.981343 0.283810 34 139 34
-17.819619 -13.476635 -0.187570 139 69 19
6.606840 2.681774 0.091272 34 139 34
18.622850 7.443128 0.592912 34 139 34
19.789426 -7.330286 -1.126327 139 69 19
20.975563 -23.942997 -0.633303 139 69 19
19.968389 22.433453 0.110933 139 69 19
11.695521 -23.270054 -0.099112 139 69 19
7.814204 0.228384 0.159412 34 139 34
7.075687 -23.966920 0.027768 34 139 34
-21.926404 -23.066149 0.274245 34 139 34
-13.337526 -17.481443 -0.785481 139 69 19
10.719345 17.038277 0.171683 34 139 34
-10.746391 19.174630 -0.336686 139 69 19
-13.385044 -24.721885 0.689294 34 139 34
12.575299 10.015001 -0.063946 34 139 34
-13.549191 16.188087 -1.281562 139 69 19
5.405641 24.295326 -0.115925 34 139 34
-24.825438 19.133744 -0.759087 139 69 19
-11.617121 14.970282 0.421674 139 69 19
14.633515 -7.096784 -0.136733 139 69 19
21.255071 -0.520767 -0.207257 34 139 34
-2.944866 -17.148869 -0.445461 139 69 19
20.412646 22.939267 0.325191 34 139 34
7.979651 3.092590 -0.043857 139 69 19
16.969270 -11.240859 -1.126092 34 139 34
-17.507948 15.656969 1.051257 34 139 34
-18.613792 7.167941 -1.492154 139 69 19
11.672671 22.732350 0.396906 139 69 19
2.806631 5.116551 -0.231423 139 69 19
21.814117 -2.853642 0.364028 139 69 19
-4.206396 24.136821 0.081035 34 139 34
-19.312193 0.155120 0.322981 34 139 34
16.432364 9.422985 -0.282747 34 139 34
-21.276571 18.314315 0.232033 34 139 34
-14.220879 -16.601725 -0.449467 139 69 19
12.727192 -0.065944 0.311695 34 139 34
17.094151 -4.491170 0.365271 34 139 34
12.291935 3.984020 -0.239749 139 69 19
-13.824587 -16.004863 0.710748 139 69 19
-3.245322 -3.324331 0.380456 34 139 34
-7.216948 12.069459 -0.049753 34 139 34
-3.477986 0.268797 -0.309548 139 69 19
20.338472 3.891040 -0.068202 34 139 34
-21.403840 4.902394 0.431298 34 139 34
-0.336939 2.515423 0.639770 34 139 34
-19.536211 18.401889 -0.591006 34 139 34
-5.504168 -20.699211 0.089152 139 69 19
20.575967 -11.907380 -0.023106 34 139 34
-16.676911 -14.702193 0.254294 34 139 34
-23.211876 -23.323357 0.363639 34 139 34
11.346114 -0.232454 0.244845 139 69 19
-7.627952 -16.691133 -0.859856 139 69 19
7.000626 16.350609 0.329333 139 69 19
-19.027572 -13.938297 0.776377 34 139 34
24.389948 15.486102 0.698483 139 69 19
8.828072 10.251885 0.701377 34 139 34
-5.567031 -2.349270 0.692534 34 139 34
3.128334 19.603362 -1.191145 34 139 34
-20.976388 7.372457 1.192471 139 69 19
-17.606415 -8.422471 -0.845079 34 139 34
-1.082190 -4.414045 -0.310869 34 139 34
-5.547537 24.251729 0.529788 139 69 19
-1.991061 -10.166325 0.097040 139 69 19
-18.694466 12.777711 -0.260203 34 139 34
15.957121 -14.768193 0.050644 34 139 34
24.760521 8.740693 -0.937475 34 139 34
6.427463 21.342837 0.403925 34 139 34
9.743728 -14.330893 -0.707363 139 69 19
-3.178314 -0.641045 0.366964 34 139 34
-14.173526 -7.889882 -0.367783 34 139 34
-0.450501 11.636728 -0.662113 34 139 34
-23.734858 7.352189 0.746966 34 139 34
13.064737 17.846926 -0.661968 34 139 34
-9.254317 -16.310656 0.003412 139 69 19
7.257818 -20.329730 -0.650485 34 139 34
11.980987 20.504883 0.782313 34 139 34
17.337018 -22.657477 0.260869 139 69 19
16.257353 9.995194 0.748563 34 139 34
-19.027393 3.531953 0.591644 34 139 34
-3.593481 15.281128 0.434868 139 69 19
7.658548 -17.086721 0.109800 34 139 34
-5.559037 -3.790070 0.446262 34 139 34
-8.061789 -16.869428 0.263530 34 139 34
18.393430 8.283406 0.609683 34 139 34
3.162308 -16.212331 -0.204172 139 69 19
-10.354838 -7.271433 0.675299 139 69 19
16.906445 -7.126801 0.106974 139 69 19
-19.476114 16.919000 -0.227088 139 69 19
-5.119348 8.478564 0.439670 139 69 19
6.356310 21.984449 -0.458963 139 69 19
-18.790936 -11.354198 -0.714428 139 69 19
9.147109 -6.900540 -0.120429 139 69 19
-8.239229 -2.462227 0.567630 139 69 19
-8.017851 6.711096 0.543593 139 69 19
4.481169 -23.077498 -0.523053 34 139 34
21.530772 -12.873257 0.232697 139 69 19
-18.461865 2.186386 0.314005 34 139 34
2.584372 -5.311560 -0.121479 139 69 19
-16.092756 23.587072 -0.567698 139 69 19
2.921828 22.567420 -0.709291 34 139 34
-23.834544 10.697246 -0.106879 34 139 34
14.289335 7.560917 -0.492708 34 139 34
1.868010 -16.174762 0.105036 139 69 19
-3.169222 19.953976 -0.415787 139 69 19
17.494269 -3.924313 0.606568 139 69 19
0.052883 -0.406267 -0.555628 139 69 19
3.850132 -12.617635 1.079440 34 139 34
7.495579 -5.398840 -0.401164 139 69 19
-23.626854 -14.211519 0.153623 34 139 34
6.303921 2.814025 -0.577837 34 139 34
-23.922414 21.198572 -0.177933 34 139 34
-5.745373 8.543636 -0.363811 139 69 19
12.807331 3.012165 0.611059 34 139 34
-6.947721 -5.843402 0.626096 34 139 34
21.655719 18.035334 -0.800436 34 139 34
23.245654 -18.345176 0.361980 34 139 34
3.125426 -19.956564 -0.026762 34 139 34
5.140757 1.346863 -0.186078 139 69 19
18.391389 -23.464656 -0.664780 139 69 19
8.825799 16.669991 -0.153642 139 69 19
23.800633 -3.447151 -0.707082 34 139 34
6.433220 -23.974191 1.020972 34 139 34
-4.239003 16.762233 -0.323159 139 69 19
-7.381312 6.234837 0.812183 34 139 34
-15.790207 -22.555773 -0.546021 139 69 19
-14.366165 4.350033 0.338421 34 139 34
-9.623946 16.049124 -0.188022 139 69 19
3.572148 3.359541 0.919022 34 139 34
-3.416386 -11.013618 -0.061931 34 139 34
2.711730 0.793850 -0.335234 139 69 19
13.645609 9.418303 -0.035542 139 69 19
8.023654 12.293607 0.085923 139 69 19
-10.733913 6.441467 -0.472467 139 69 19
11.455827 20.181652 0.923147 34 139 34
21.263151 -21.872788 0.409031 139 69 19
23.251378 -2.503984 -0.068702 139 69 19
7.189699 -11.416792 -0.159055 139 69 19
24.696813 24.799651 0.773859 34 139 34
18.342898 -22.284893 0.341109 34 139 34
-0.767595 6.514217 -0.257009 34 139 34
18.714641 -6.675597 -0.531026 34 139 34
-13.671179 7.882179 0.516384 139 69 19
16.230028 -6.660885 -0.122117 139 69 19
-23.677302 9.607730 0.220682 34 139 34
19.580186 19.715055 -0.234349 34 139 34
-2.576637 -14.658049 -0.428771 139 69 19
-18.201959 -4.653730 0.515656 34 139 34
13.901660 -8.013050 0.841298 34 139 34
15.044434 -14.427499 -0.293582 139 69 19
-19.602910 10.390710 -1.022224 139 69 19
19.240675 13.725571 0.405852 34 139 34
-12.974762 -6.005328 -0.035957 139 69 19
8.636017 -12.963026 -0.028626 139 69 19
-16.642808 -13.895810 0.576036 34 139 34
-23.027120 -9.322128 0.160641 34 139 34
-19.720241 -3.577111 -0.810033 34 139 34
-14.071289 -1.677019 0.218529 139 69 19
-6.938220 2.447684 -0.015015 34 139 34
16.973425 -22.094170 -0.344318 139 69 19
-11.947086 -20.426595 -0.251032 139 69 19
1.907436 24.325998 0.389679 139 69 19
15.947641 15.264854 0.541583 139 69 19
14.349280 19.263382 -0.210986 34 139 34
11.278785 13.694063 -0.275528 34 139 34
24.492647 -15.740463 0.049745 34 139 34
-2.985700 -17.597462 -0.302027 139 69 19
17.685056 19.488412 -0.192032 139 69 19
1.223072 -4.553855 0.917633 139 69 19
-0.502148 -16.648458 -0.217650 139 69 19
-23.037678 -4.096293 1.201929 34 139 34
-13.951676 19.969906 0.336281 139 69 19
-8.531600 1.513972 -0.406498 139 69 19
-12.696103 -0.230013 -0.294123 34 139 34
-21.481366 12.370874 0.692945 34 139 34
23.560728 21.851911 -0.190852 34 139 34
-12.243312 -12.770361 0.432582 139 69 19
16.606937 -16.514048 -0.642259 139 69 19
17.157720 -3.569241 -0.727153 34 139 34
-7.435721 -17.464933 0.705338 34 139 34
4.270843 9.462904 -0.695854 34 139 34
-8.637900 9.784481 -1.759479 139 69 19
9.500418 8.267745 -0.742560 34 139 34
-12.235979 -24.896088 0.043726 34 139 34
23.028966 8.663303 -0.134647 34 139 34
8.318658 -23.392556 0.388254 139 69 19
15.053267 12.989606 0.375276 34 139 34
4.679100 -4.076700 -0.007027 34 139 34
21.607422 -9.563346 -0.682085 139 69 19
14.099302 6.282724 0.122025 34 139 34
-23.384102 -24.100959 -0.723884 139 69 19
-19.312128 -24.034465 0.552110 34 139 34
18.454560 16.201077 0.426054 34 139 34
12.623789 -19.116819 0.510241 34 139 34
11.739710 -15.278940 -0.249870 139 69 19
10.516406 23.375394 0.322535 34 139 34
23.249011 20.956024 0.460852 139 69 19
6.540026 5.675433 0.665550 139 69 19
6.794375 13.513724 0.448279 34 139 34
7.639182 23.822145 -0.880345 139 69 19
20.910322 -1.114891 -0.230485 34 139 34
-14.199156 10.315973 -0.188010 34 139 34
24.153286 -2.407472 -0.676638 34 139 34
-13.007208 3.945611 -0.816545 34 139 34
19.089748 1.783284 0.344900 139 69 19
5.593232 22.883388 0.337174 34 139 34
-13.245475 24.161625 -0.188664 139 69 19
4.248649 10.176151 -0.461415 139 69 19
-19.909828 0.377462 0.283283 34 139 34
2.201075 -4.219420 -0.603951 34 139 34
10.643752 -5.900931 0.460391 139 69 19
19.129717 15.550395 -0.107852 34 139 34
15.433891 -16.894517 0.698411 34 139 34
-22.863100 -15.618485 -0.911724 34 139 34
-7.291115 1.764371 -0.762907 139 69 19
20.050198 17.252949 -0.878817 34 139 34
-5.106368 23.983669 -0.836043 34 139 34
-11.687671 17.608207 0.329103 34 139 34
20.052052 0.558499 -0.334167 34 139 34
20.042452 -10.184523 -0.349354 139 69 19
-2.053308 -1.330299 -0.065474 139 69 19
24.146300 11.314700 0.184978 139 69 19
-8.159885 -1.007827 -0.120855 34 139 34
-6.267337 24.179899 0.031742 139 69 19
24.544156 21.815102 -0.503361 34 139 34
13.167942 -9.921891 0.016139 34 139 34
23.362827 -19.451411 0.120234 34 139 34
-24.869783 -16.314533 -0.181655 34 139 34
5.096919 -19.538729 -0.041979 34 139 34
13.096402 18.051124 0.983149 139 69 19
15.076602 1.380605 0.245337 34 139 34
-21.357628 -8.639916 0.316688 139 69 19
2.824896 -6.533156 -1.198371 139 69 19
13.880277 -11.143567 0.577274 34 139 34
15.995719 8.193724 0.120627 139 69 19
-5.002502 -18.427605 -0.693910 139 69 19
-9.718589 3.572927 -0.870022 34 139 34
-3.893435 -6.721143 -0.186352 139 69 19
23.559796 -1.369309 1.167115 139 69 19
19.350635 18.574542 0.153077 34 139 34
-23.718633 13.774245 0.870497 139 69 19
2.464495 22.384798 -0.001618 139 69 19
12.179322 -24.003864 -0.224255 34 139 34
24.320449 -4.185266 0.059100 34 139 34
-14.226388 3.537325 -0.733086 34 139 34
18.395067 24.838853 0.262323 34 139 34
20.512355 12.861755 0.593968 34 139 34
-20.521891 -15.951463 -1.296958 34 139 34
5.625419 -7.764906 0.255687 34 139 34
-24.202519 13.970334 -0.085590 34 139 34
15.192425 4.618000 0.075533 34 139 34
-22.008085 -18.871620 -0.048046 139 69 19
-1.774337 9.938180 -0.143316 34 139 34
-4.119983 -16.126231 -0.721546 139 69 19
-24.944588 -4.538153 0.316381 139 69 19
-0.657519 -9.289225 0.571376 34 139 34
-14.701876 -8.614764 0.221260 34 139 34
-11.536229 -10.108439 0.171831 34 139 34
-16.844293 18.807704 -0.187556 139 69 19
15.322513 17.742689 0.191668 139 69 19
8.629741 -6.931926 -1.127912 139 69 19
5.901572 11.186073 0.300322 34 139 34
21.815807 2.239187 0.546104 139 69 19
-14.766488 4.779436 -0.890764 139 69 19
-7.140312 19.375920 -0.634218 139 69 19
0.801990 -8.407113 -0.781156 34 139 34
-19.474822 12.591243 -0.012556 139 69 19
17.414896 7.044321 0.150437 139 69 19
-21.483753 -23.409919 0.506039 34 139 34
8.628822 19.227692 -0.654114 34 139 34
-15.633344 -0.342827 -0.349143 139 69 19
17.028570 -10.777844 0.386727 34 139 34
-7.848312 -23.152409 0.342769 139 69 19
-2.252672 -23.722818 0.741877 139 69 19
-8.748629 1.094160 -0.009638 139 69 19
-10.678035 13.389816 -0.231841 34 139 34
18.470299 -12.109053 0.129058 139 69 19
0.565583 -17.321002 -0.131436 34 139 34
-12.613291 -10.792966 0.836522 34 139 34
-12.964836 7.531439 -0.487817 34 139 34
-14.493256 -8.985725 0.564612 34 139 34
-19.651030 0.131470 -0.083012 34 139 34
5.083432 19.096853 -0.377815 139 69 19
14.898593 11.130353 0.687940 34 139 34
6.820038 -0.456295 -0.407027 139 69 19
19.831740 24.411890 0.269752 34 139 34
-6.909400 20.780757 -0.330424 139 69 19
17.354305 1.260823 0.687169 34 139 34
-20.044945 5.027143 -0.350976 139 69 19
-4.627576 2.126160 -0.023327 34 139 34
22.626125 3.284533 0.101739 139 69 19
-17.297172 -0.027326 -0.163122 34 139 34
-14.507690 -20.085148 0.034781 139 69 19
-22.259048 -8.352040 0.240172 34 139 34
-0.157655 7.238319 -0.514204 139 69 19
-19.929883 -20.026756 0.110074 139 69 19
-20.768884 -2.792926 0.218765 139 69 19
-7.963734 20.768460 -0.202115 34 139 34
8.358353 -15.711946 0.054736 34 139 34
11.259171 14.336379 -0.292202 34 139 34
-2.405909 -20.374056 -0.148454 139 69 19
7.842808 1.688606 -1.071457 139 69 19
14.526901 -6.759333 0.257458 139 69 19
-23.406832 -14.116610 0.009681 34 139 34
-10.448981 -7.259060 -0.062738 139 69 19
1.450519 3.410611 0.746814 34 139 34
6.101182 -12.269399 -1.034673 34 139 34
-20.750110 17.736413 1.182107 139 69 19
-5.615281 -17.113505 0.501089 139 69 19
-8.825473 -4.616210 -0.437626 139 69 19
-2.928956 23.633740 -0.233409 139 69 19
1.249399 15.308466 0.471057 34 139 34
-18.672596 -22.750227 0.883442 34 139 34
24.024389 -13.642547 0.803378 139 69 19
3.587870 15.388009 -0.240408 34 139 34
-4.087195 -12.507405 -1.146846 139 69 19
-9.635750 -9.117458 -0.022018 34 139 34
-23.911487 -3.217672 -0.393625 34 139 34
8.621766 20.590459 -0.043781 34 139 34
-24.339979 -0.784040 -0.101432 34 139 34
16.732921 15.440042 0.166734 34 139 34
-7.624051 -10.544176 -0.088088 34 139 34
16.423254 -18.088777 0.226473 139 69 19
-22.181685 8.962036 0.108679 139 69 19
24.002098 -16.740100 -0.204602 139 69 19
-20.822424 -21.511918 -0.438331 139 69 19
-7.351167 20.577903 -0.444772 139 69 19
-7.666503 18.339853 -0.066190 139 69 19
24.333488 -0.567355 -1.166804 139 69 19
5.651203 -20.361967 -0.115344 34 139 34
17.954417 -6.116336 0.120926 139 69 19
-24.574666 0.386603 0.178815 139 69 19
18.071985 -19.400166 -0.302381 139 69 19
9.293514 -3.647524 -1.092140 34 139 34
-17.371761 12.583232 -0.426940 139 69 19
18.454312 -19.446752 -0.354327 139 69 19
1.021159 -6.531826 0.029689 139 69 19
-12.716926 -0.901754 -0.091249 139 69 19
-7.179233 2.703647 -0.156855 139 69 19
-8.742884 22.040657 0.057418 34 139 34
13.542339 20.548470 -0.528704 34 139 34
-21.847122 -23.657830 0.784857 34 139 34
-22.773815 16.685461 -1.072150 139 69 19
-6.884736 24.046734 0.033486 139 69 19
17.243844 -19.908421 0.685183 139 69 19
-3.970624 -4.975699 0.422051 139 69 19
-24.831979 -21.384452 0.041378 34 139 34
-22.084094 11.130974 0.792677 139 69 19
-6.031394 22.743413 -0.357455 34 139 34
18.335143 12.090361 -0.111867 34 139 34
10.779580 13.100565 0.089617 139 69 19
-16.992867 -18.625262 1.562008 139 69 19
-1.936418 14.110103 0.685649 34 139 34
21.142300 12.760812 0.165919 139 69 19
20.581983 -21.620330 0.164387 139 69 19
0.508409 -0.012905 0.336699 139 69 19
-6.682983 20.561777 0.385844 139 69 19
4.338922 -16.971507 -0.237195 34 139 34
-8.464142 14.115493 0.508982 139 69 19
-4.453164 6.491100 -0.291032 34 139 34
18.448361 8.024267 0.090997 139 69 19
-23.678663 -22.353752 -0.205605 139 69 19
-15.896387 11.871955 0.318554 139 69 19
-8.804594 -13.931878 -0.192725 34 139 34
-20.315944 5.866372 0.206929 139 69 19
-0.363144 2.417759 -0.430380 34 139 34
-14.117114 10.339505 0.135965 34 139 34
4.118590 -4.173782 0.278348 139 69 19
16.493832 18.620649 -0.630521 34 139 34
-20.602733 -6.377240 0.348222 139 69 19
-2.337821 13.685293 -0.003054 34 139 34
10.607239 16.129379 -0.018007 34 139 34
-23.281090 8.013367 -0.537370 34 139 34
-4.550236 19.198291 -0.221854 34 139 34
22.952521 -9.496355 0.955848 34 139 34
-15.525300 24.201502 0.053746 139 69 19
17.114944 -1.129269 -0.232426 139 69 19
20.163417 3.866442 -0.306898 34 139 34
-15.996628 11.254631 0.061942 139 69 19
0.602234 7.420318 -0.568971 34 139 34
-12.708450 -5.215292 -1.316441 34 139 34
-2.021777 14.772739 -0.658438 34 139 34
13.079046 3.063551 -0.333202 139 69 19
10.131870 -22.581617 0.558479 34 139 34
23.866971 4.674789 -0.083283 139 69 19
-1.554662 9.103579 0.618238 34 139 34
1.538555 21.189583 0.448353 34 139 34
-24.859822 1.052803 0.348345 139 69 19
21.224061 -15.631679 0.069173 34 139 34
-17.435177 -1.249665 -0.742096 34 139 34
-10.386802 12.719192 -0.072708 139 69 19
13.868263 4.982814 1.426102 139 69 19
-22.203835 -3.331083 -0.419292 34 139 34
-22.260542 -4.916375 -0.006214 139 69 19
9.303570 18.957161 0.023029 139 69 19
-2.792716 -17.632178 -0.303425 139 69 19
-24.104436 -8.398693 0.351263 139 69 19
5.971915 19.413719 -0.528276 34 139 34
-6.108213 14.204069 -0.015488 34 139 34
-1.147614 22.111512 -0.553968 139 69 19
-2.464610 1.379246 -0.447795 34 139 34
-6.186961 -19.677355 -0.045413 34 139 34
-0.449230 22.066280 0.115597 34 139 34
-22.438664 -19.748864 -0.354806 139 69 19
-3.152356 -22.550535 0.387909 139 69 19
-15.763532 20.142298 0.374228 34 139 34
21.958824 -8.790078 0.364919 34 139 34
13.227517 5.909470 0.211475 139 69 19
16.055905 0.525783 -0.202682 34 139 34
-1.928677 24.106080 0.193563 34 139 34
-18.121818 -19.044909 1.235247 139 69 19
-5.895020 -18.222496 -0.203595 139 69 19
-2.702473 4.033352 -0.927722 139 69 19
-0.480969 6.365845 0.182407 34 139 34
-10.156832 -16.876149 -0.688402 34 139 34
-17.894193 -2.062487 -0.400273 34 139 34
16.096103 -3.996969 -0.173547 139 69 19
-22.947865 9.628240 0.252961 139 69 19
3.671764 3.715531 0.349015 34 139 34
8.226737 0.657577 -0.094606 34 139 34
-13.858068 6.811099 0.277970 139 69 19
2.157993 -4.296681 -0.238906 139 69 19
-5.806237 -11.621165 -0.720022 34 139 34
-23.326598 -24.655690 0.450894 34 139 34
-18.469632 -9.677722 -0.731211 139 69 19
-5.366551 -0.561663 -0.487034 139 69 19
19.003868 11.980744 0.182130 139 69 19
-14.176543 -18.395874 0.444197 139 69 19
4.476923 13.374428 -0.558640 34 139 34
2.574093 24.593026 -0.078607 139 69 19
8.494250 20.407837 0.182119 139 69 19
-17.768596 5.075501 -0.159686 34 139 34
-17.411520 -16.189365 0.225714 139 69 19
-1.682155 -15.102735 -0.092632 139 69 19
-6.961354 21.746409 0.862968 34 139 34
20.826217 0.695479 0.124431 34 139 34
-22.466026 -12.415206 -1.008554 139 69 19
13.516461 -22.724705 -0.893943 139 69 19
1.602555 15.112821 -0.142675 34 139 34
-1.859966 20.204178 -0.513706 139 69 19
19.885711 -2.314566 -0.742996 139 69 19
23.987997 10.182779 0.745130 139 69 19
14.665422 -18.435034 0.334193 34 139 34
-7.899851 -0.895503 -0.265634 34 139 34
22.315104 -16.151616 0.122440 34 139 34
-23.019226 15.121393 0.033116 34 139 34
1.108854 -11.104724 0.426605 139 69 19
24.569511 -22.346578 -0.177635 34 139 34
14.271838 -16.322817 -0.097858 34 139 34
-10.475963 -15.476182 1.438791 34 139 34
-3.242182 18.491009 -0.493800 139 69 19
-23.698305 -4.681051 -0.257326 139 69 19
23.211574 -17.697329 0.112763 34 139 34
23.233875 -9.482306 -0.528243 139 69 19
-8.161652 -18.792022 -0.733691 139 69 19
15.682930 12.113374 -0.943616 139 69 19
-21.690961 0.892186 0.666160 139 69 19
18.645581 -1.627679 0.993716 139 69 19
10.445054 22.559799 -0.682353 139 69 19
-4.647055 -5.061781 0.266093 34 139 34
-20.944694 -21.441487 0.685157 139 69 19
-16.801057 3.696373 0.264778 139 69 19
-2.163085 -10.644247 -0.319914 34 139 34
5.956427 -9.795945 -0.004422 139 69 19
-13.992793 5.842496 -1.160714 139 69 19
-18.792557 -5.576967 -0.199758 34 139 34
3.787555 -16.431511 -1.092969 139 69 19
-2.360979 3.929933 0.145677 139 69 19
17.844556 6.742790 -0.110589 139 69 19
19.836624 -2.267176 0.149476 34 139 34
-22.180459 1.427103 0.387076 139 69 19
-21.612019 -24.608499 0.070125 34 139 34
-3.973385 12.155265 -0.022644 139 69 19
-22.473782 -16.355216 -0.452021 34 139 34
7.720604 -2.434056 -0.421253 139 69 19
-12.323620 -12.306208 -0.395547 139 69 19
3.856944 9.303195 0.726556 34 139 34
-2.666251 -1.074598 -0.788642 34 139 34
-14.696144 18.709739 0.379932 34 139 34
-13.216043 -21.220877 0.932465 139 69 19
-2.294358 -21.330879 -1.391898 139 69 19
16.832043 22.240821 0.094413 34 139 34
1.741909 20.406182 -0.096995 34 139 34
15.717342 -0.017254 0.505666 139 69 19
14.564593 0.331000 0.463275 139 69 19
-18.996450 10.787315 -1.089396 34 139 34
8.801199 3.172118 -0.321111 139 69 19
-3.721917 12.224654 0.464577 34 139 34
-18.742066 11.885401 0.092366 34 139 34
-5.993258 20.154159 -0.535242 139 69 19
14.534278 -11.956547 -0.850535 139 69 19
13.311725 -22.080798 -0.345536 139 69 19
-2.061494 -21.947578 1.116044 139 69 19
-23.192516 -6.340822 -0.220476 34 139 34
11.613513 8.504800 -0.345200 139 69 19
-20.274372 14.801224 0.657452 34 139 34
5.804651 14.210528 0.223361 34 139 34
22.374768 -0.741491 0.749033 139 69 19
15.307799 -22.159743 0.285790 34 139 34
8.864844 -14.272669 0.597214 34 139 34
20.527259 12.170636 0.283890 139 69 19
-1.325083 20.449541 -0.332990 139 69 19
-11.581737 16.836256 -0.198813 34 139 34
-3.786993 -4.007100 -0.484455 34 139 34
19.712110 23.614928 0.011538 34 139 34
17.936626 -1.001430 -0.970234 139 69 19
-3.133497 -11.681844 -0.481872 34 139 34
16.985513 -13.362837 -0.001677 34 139 34
-24.709093 -24.035927 0.665321 139 69 19
2.351760 15.328870 -0.741457 139 69 19
-16.254160 10.553460 -0.286742 139 69 19
2.636470 -22.448534 -0.477218 139 69 19
15.664684 -19.346424 0.323935 34 139 34
1.159245 -10.265467 -0.135526 34 139 34
5.819082 -8.163215 1.668237 34 139 34
-1.199754 -1.604821 -0.069717 34 139 34
17.206344 5.826833 -0.880026 139 69 19
16.041637 7.225815 -0.668855 139 69 19
21.430650 4.517208 -0.034219 139 69 19
-8.640169 -4.354516 0.167481 139 69 19
7.807591 7.484351 0.043809 139 69 19
12.373747 -9.601629 0.323514 34 139 34
-13.084800 12.530378 0.485701 139 69 19
4.090085 -20.408533 0.013508 139 69 19
-13.171455 -5.979033 0.293703 139 69 19
11.015756 -23.650632 0.014983 139 69 19
-17.961836 -20.141539 0.313968 139 69 19
10.525044 -11.977690 0.414380 139 69 19
-17.244510 4.977928 0.085201 34 139 34
-4.518054 24.503503 -0.678482 34 139 34
9.942011 9.289168 -0.107150 139 69 19
-21.743142 6.671187 -0.780483 139 69 19
-22.712866 -17.734200 0.306679 139 69 19
13.936476 23.946824 -0.405282 34 139 34
21.987018 -24.218141 -0.110935 139 69 19
7.920125 -19.692561 0.578791 139 69 19
8.922301 17.139376 -0.251409 34 139 34
22.391246 -17.400815 -0.284873 139 69 19
15.983443 6.988046 0.275514 34 139 34
17.426521 18.269734 0.317013 139 69 19
-13.367890 19.223031 -1.045741 34 139 34
9.462977 -7.159899 -0.513683 139 69 19
-15.446791 -9.078437 0.285396 139 69 19
-6.542112 -11.305993 -0.397777 34 139 34
8.694367 3.715269 -0.545980 139 69 19
-13.063888 -0.759589 0.651906 34 139 34
6.316927 -21.823327 -0.062032 139 69 19
24.474047 -8.590327 0.027058 34 139 34
4.914759 -1.476244 0.444597 34 139 34
5.480995 12.994871 -0.599912 34 139 34
-14.625780 -17.880347 0.695606 34 139 34
-4.099909 -0.577637 -0.120650 139 69 19
1.705936 -15.776136 0.269180 34 139 34
0.388885 19.427411 -0.054155 34 139 34
18.883875 -4.369967 0.057754 139 69 19
6.828400 3.419465 0.284282 34 139 34
16.623012 1.303996 -0.021835 34 139 34
-17.509410 -13.702531 0.362263 34 139 34
-3.071015 -21.775785 0.509121 139 69 19
-19.583306 24.151063 -0.759924 34 139 34
4.431934 -12.289912 -0.275211 139 69 19
-7.807833 10.983302 0.101349 139 69 19
-18.538047 10.729383 0.011112 34 139 34
22.202132 -20.884303 0.027592 139 69 19
-19.767244 13.621443 -0.080432 139 69 19
-17.133664 13.926114 0.102421 34 139 34
-22.670086 -24.616548 0.476192 34 139 34
13.646318 18.753372 0.882812 34 139 34
-20.742781 9.166037 0.719397 34 139 34
-12.795954 13.595945 0.312717 34 139 34
12.465306 8.643965 -0.904100 34 139 34
7.445728 -6.041650 -0.619274 34 139 34
24.910616 8.160527 -0.265388 34 139 34
1.712322 18.797515 1.018457 139 69 19
-13.662065 4.063508 -0.496544 34 139 34
-12.367514 23.556762 -0.170465 139 69 19
13.757132 -3.015862 0.416323 34 139 34
23.173549 17.962145 -0.470692 139 69 19
-18.840723 18.479554 -0.950924 34 139 34
14.340671 24.259068 0.548326 139 69 19
-9.219257 16.082927 0.399902 34 139 34
-3.184161 12.646706 -0.161671 34 139 34
22.697471 13.215745 -0.316285 34 139 34
-1.685745 24.211885 -0.031360 139 69 19
-8.561307 0.595025 -0.439699 139 69 19
0.765142 1.869537 -0.918903 34 139 34
4.308775 4.717882 -0.604184 139 69 19
-5.083522 -11.873036 0.082477 139 69 19
-16.990760 -5.771442 0.089430 139 69 19
-9.830308 -17.749501 -0.008282 34 139 34
22.714723 -17.292191 -0.580942 34 139 34
-23.916206 11.961479 -0.200918 34 139 34
-18.951337 -12.030270 -0.005284 34 139 34
10.844040 -11.630002 0.799924 34 139 34
-4.432156 -8.257991 -0.322739 139 69 19
-13.349527 14.004536 -0.554800 139 69 19
22.728329 -15.005179 -0.545174 34 139 34
6.730548 10.109545 0.672505 139 69 19
4.723559 -21.942957 0.333607 139 69 19
-17.193106 15.191705 0.042488 139 69 19
-23.314534 -0.276555 0.437028 139 69 19
5.030349 -0.153942 0.444064 139 69 19
-23.138547 16.599797 -0.059795 34 139 34
11.912894 23.976611 0.852695 34 139 34
3.259195 6.582521 -0.108402 34 139 34
21.543745 15.854283 -1.081224 139 69 19
15.396158 15.804244 0.210746 139 69 19
19.132311 6.552488 -0.693094 34 139 34
-2.431753 4.228235 0.036467 34 139 34
6.879944 16.371722 0.145742 34 139 34
17.913080 -17.274430 0.204982 34 139 34
18.258428 15.838982 -0.902466 34 139 34
5.925049 -19.388796 -0.278032 139 69 19
14.248583 -6.712081 0.333016 34 139 34
9.875069 20.777782 -0.330879 34 139 34
8.094990 -15.311818 0.754690 34 139 34
11.236517 -19.317903 0.198637 139 69 19
5.074102 -21.667891 -0.237004 34 139 34
-12.897068 17.569779 0.949911 34 139 34
-23.369301 7.551273 0.243526 34 139 34
13.390090 14.009129 0.009704 34 139 34
-17.296372 10.726744 0.125658 34 139 34
19.852194 13.236550 0.038881 139 69 19
-6.447635 21.919534 0.567748 139 69 19
-6.438473 -21.365954 0.809170 34 139 34
-12.506877 10.871004 -0.008131 34 139 34
-7.007731 -0.541826 0.552349 139 69 19
10.056224 23.154136 0.076209 34 139 34
4.552688 14.074605 -0.510840 34 139 34
18.918011 -17.091191 -0.371652 34 139 34
-24.052748 -5.445430 -0.427112 139 69 19
24.469842 -19.768506 0.323888 34 139 34
-7.451490 7.356222 -0.242010 34 139 34
9.645417 16.641235 0.622065 34 139 34
-23.851669 0.978861 0.287064 34 139 34
15.516177 -23.546012 -0.194222 34 139 34
-1.522996 -12.778800 -0.047897 139 69 19
-19.630079 -19.555787 -0.228925 34 139 34
-15.123446 17.174657 0.346039 139 69 19
-9.562515 24.583480 -0.148334 139 69 19
4.740432 3.248658 -0.469937 34 139 34
8.124907 8.279666 -0.332175 34 139 34
14.040578 -12.038592 0.347429 34 139 34
-4.782056 -11.631497 0.853187 34 139 34
-6.193923 -2.574312 -0.151002 139 69 19
-18.440612 -2.979394 0.691533 139 69 19
-24.444168 -6.651780 0.119400 34 139 34
0.983298 17.220145 0.677292 139 69 19
-3.464439 20.763523 -0.006233 34 139 34
-19.408395 -16.868345 -0.747432 139 69 19
-1.114169 -14.117535 -0.233986 34 139 34
-20.705177 2.619705 0.797929 139 69 19
4.572276 -16.315387 -0.376401 34 139 34
7.629762 -21.807879 -0.490996 34 139 34
24.518395 6.145585 0.411053 139 69 19
-4.600111 1.137681 -0.150758 139 69 19
-11.696733 10.898550 -0.606087 34 139 34
-2.928197 23.533316 -0.017468 34 139 34
-13.450987 -5.279079 -0.295079 139 69 19
-16.669361 -13.978036 0.026582 139 69 19
-9.362948 12.932350 -0.071122 139 69 19
18.961832 -21.157273 -0.318747 34 139 34
-21.136961 -18.603801 -0.701747 34 139 34
9.756767 -16.424670 0.330128 139 69 19
-20.811814 -14.598529 -0.064578 139 69 19
-10.399087 9.471291 -0.519903 34 139 34
-6.600736 9.805512 -0.718506 34 139 34
13.715855 14.127386 -0.751137 139 69 19
-16.646270 -11.760590 0.370612 34 139 34
9.071371 -2.423726 0.157549 34 139 34
9.660800 -8.913813 -0.514885 34 139 34
-22.186855 -11.524045 0.864360 34 139 34
23.004991 2.410163 -0.864021 34 139 34
-18.399266 -0.153442 0.265732 34 139 34
-10.727389 -1.504712 -0.051981 139 69 19
-22.858331 -24.672405 0.140432 34 139 34
-18.992765 -19.076117 -1.010583 34 139 34
-23.522271 -21.106823 0.294341 34 139 34
-19.451347 -20.287108 0.423767 139 69 19
13.382049 3.148382 0.169818 139 69 19
-23.173015 2.541561 -0.214467 139 69 19
12.782434 -7.381055 -1.132653 139 69 19
4.976929 -9.032363 -0.351665 139 69 19
-4.674695 24.760734 0.157054 34 139 34
-23.764483 -12.238427 -0.439808 139 69 19
-3.565977 -6.540335 0.355665 139 69 19
-16.743818 9.019234 -0.337866 139 69 19
-6.632872 -3.922917 -0.567957 139 69 19
11.440072 21.053075 0.422812 139 69 19
2.938374 1.518713 1.236181 34 139 34
-23.256728 -14.065864 -0.132026 34 139 34
0.849660 -19.248543 -0.525779 139 69 19
11.097162 -1.444015 -0.368288 34 139 34
-14.167131 -9.408886 -0.010987 34 139 34
-10.293696 -17.675276 0.628099 34 139 34
11.230071 -4.067056 -0.256621 34 139 34
5.308366 9.703553 0.050135 139 69 19
19.844313 7.915137 -1.138799 34 139 34
7.210123 -2.066072 0.441875 139 69 19
3.182097 -14.240066 0.132404 139 69 19
14.557386 23.619868 0.084141 139 69 19
-16.338478 -11.798008 -0.352325 34 139 34
-2.676609 17.317569 0.196773 34 139 34
-24.288358 13.495218 -0.294547 34 139 34
6.069167 17.537658 0.251070 139 69 19
10.077580 13.648216 0.918513 34 139 34
22.097792 15.029744 0.417210 139 69 19
-5.336131 -6.015243 0.375493 34 139 34
4.497504 -13.044842 0.903863 34 139 34
-9.183904 4.282409 -0.606606 34 139 34
-20.338730 -14.233536 -0.126852 34 139 34
-4.846417 19.399857 0.122253 139 69 19
1.211666 0.742115 -0.136894 34 139 34
22.510474 -1.874053 -0.002911 34 139 34
-21.925671 24.631639 0.461662 139 69 19
5.455986 -18.305198 -0.051609 139 69 19
-11.656240 -16.271870 0.196650 139 69 19
23.447899 10.659902 -0.526929 139 69 19
-5.172612 15.324233 -1.018701 139 69 19
-19.587816 1.805383 0.249668 139 69 19
-13.264723 0.284889 0.672701 34 139 34
-1.078291 -7.158034 -0.320226 34 139 34
-21.535420 -15.205267 0.349929 139 69 19
24.061369 12.505694 0.392361 139 69 19
2.508688 -14.582435 0.087407 139 69 19
-2.697091 -11.669071 0.601939 34 139 34
-17.459902 17.760998 0.879959 34 139 34
21.782600 2.230897 -0.679696 34 139 34
3.346145 -21.994831 -0.430756 34 139 34
-24.739755 10.459918 -0.117044 34 139 34
-2.026136 12.189317 -0.104189 139 69 19
12.453180 10.557891 -0.104890 34 139 34
4.760582 24.879561 -0.026263 139 69 19
-9.904307 -17.081822 -0.158290 34 139 34
9.542338 -11.407269 -0.472327 34 139 34
9.407932 -13.741368 -0.595454 34 139 34
9.733293 -21.958013 0.010101 139 69 19
24.077174 -22.408747 0.877210 139 69 19
24.789819 -0.694463 -0.523433 34 139 34
-22.079802 -24.295254 -0.621378 34 139 34
18.014377 -24.572984 0.458177 34 139 34
7.320731 8.628562 -0.025138 34 139 34
24.413040 15.929960 0.590281 139 69 19
-2.444985 -3.939991 0.741614 34 139 34
14.066484 -24.017702 1.306341 34 139 34
18.680197 -1.001875 -0.136978 139 69 19
-10.489221 -4.750175 0.378200 139 69 19
-14.992228 20.306330 0.105871 139 69 19
-15.940922 -0.469749 0.083622 139 69 19
-0.959532 9.679936 -0.039793 139 69 19
-12.358537 -12.800695 -0.445540 34 139 34
17.314543 8.754752 0.605041 139 69 19
-13.701255 3.134585 0.497049 139 69 19
2.578107 23.584587 0.054767 34 139 34
-23.221057 -4.916653 0.548947 139 69 19
-23.601591 16.443985 -0.106447 34 139 34
-14.541687 -0.727166 0.181681 139 69 19
19.210538 -14.399321 0.191081 139 69 19
-11.164966 -8.007572 0.198995 139 69 19
3.775771 -18.756987 -0.153094 139 69 19
19.900845 -5.169080 0.671979 139 69 19
19.143989 -24.275732 0.571885 34 139 34
11.877294 -17.181078 0.093089 34 139 34
-16.359790 -19.204827 0.365818 34 139 34
-2.064351 15.329576 -0.602196 139 69 19
-13.658876 24.351505 -0.320214 34 139 34
-24.778637 12.936491 0.062438 139 69 19
14.289022 -19.943264 0.794951 139 69 19
-8.220509 2.916472 -0.255551 139 69 19
8.966540 -23.877574 0.170908 34 139 34
-11.030519 -2.484636 0.364164 34 139 34
-2.227562 12.779593 0.707417 34 139 34
-0.107850 -22.791832 -0.776408 139 69 19
1.813296 9.886600 -0.062057 139 69 19
-15.153321 19.535850 0.263925 34 139 34
-11.567101 18.164130 0.673813 139 69 19
-15.044037 -8.966407 0.467237 34 139 34
0.960492 2.189374 0.568577 139 69 19
-18.892221 8.547663 0.895570 139 69 19
23.251006 17.507257 0.082843 34 139 34
6.126500 -20.128703 -0.061805 139 69 19
-5.952336 -0.609478 -0.284042 34 139 34
-22.285703 22.102583 -0.437450 34 139 34
-20.666412 -22.366431 0.002426 34 139 34
-10.779177 -17.660583 -0.196662 34 139 34
-12.225746 -19.053666 -0.179422 139 69 19
-23.722517 -9.605545 0.006093 139 69 19
-20.723206 0.333365 0.672883 34 139 34
1.674990 -7.638126 0.861697 34 139 34
21.034836 2.689381 0.188533 34 139 34
-0.571115 14.571973 -0.585785 139 69 19
6.853524 -1.774314 0.608650 139 69 19
-16.635531 12.111130 -0.158203 139 69 19
-19.431805 -7.697876 -0.161634 34 139 34
-20.269397 19.896186 -0.147109 34 139 34
-12.149911 -19.958938 -0.870718 34 139 34
4.198909 15.128914 0.647050 139 69 19
11.446743 17.619420 0.118065 139 69 19
-10.408131 20.242181 0.438737 139 69 19
-7.176628 -24.940360 1.093866 34 139 34
-20.285772 9.225787 0.570755 139 69 19
21.100630 19.771919 -0.125729 34 139 34
-5.287908 -10.642439 0.185424 34 139 34
1.923577 21.077702 -0.257256 34 139 34
-15.547465 -19.529144 0.522362 139 69 19
15.076439 -16.792588 1.263202 139 69 19
13.475446 13.119736 -0.357647 34 139 34
11.852397 -23.653146 -0.338564 34 139 34
17.855480 20.192694 -0.615821 139 69 19
-19.596781 24.044087 0.557675 34 139 34
10.469177 -19.311443 0.904861 139 69 19
-13.519783 2.992559 0.187250 34 139 34
19.077818 10.340571 0.406652 34 139 34
6.864274 12.832856 0.273334 139 69 19
-11.094290 -12.358173 -0.408043 34 139 34
-8.988763 -4.242802 -0.223989 139 69 19
-13.592364 -0.432756 0.246253 34 139 34
-13.036649 -18.060515 0.011464 34 139 34
24.512994 -2.135540 0.998714 139 69 19
16.306957 -3.012313 0.243956 139 69 19
-20.187530 -8.105551 -0.558592 139 69 19
-13.140049 -10.931781 0.275127 139 69 19
7.672346 -9.915577 0.098901 139 69 19
10.265039 -2.206942 -0.744594 139 69 19
1.800709 9.182441 -0.879547 139 69 19
13.584904 4.277128 1.071211 139 69 19
12.348371 -0.336424 0.238300 139 69 19
6.839581 -21.082825 1.119325 139 69 19
-2.930771 15.357178 0.456312 139 69 19
-20.201573 21.863322 -0.497898 34 139 34
18.877486 12.974792 0.122117 34 139 34
-14.522981 -5.846744 -0.459007 34 139 34
5.723744 18.120520 -0.371843 139 69 19
14.944942 5.966218 -0.150040 139 69 19
-15.705837 23.001238 0.055578 34 139 34
18.752432 -6.923343 -0.522103 34 139 34
3.406211 -15.355361 -0.642066 139 69 19
3.662158 -12.006048 -0.674265 34 139 34
1.838670 -15.048832 -0.799765 139 69 19
8.775244 -0.481920 0.622587 34 139 34
23.548900 17.684539 -0.298754 139 69 19
3.557035 15.092862 0.084927 34 139 34
-22.573319 -15.387823 -0.438740 139 69 19
-4.273668 18.143278 0.712604 139 69 19
20.259049 23.186133 0.143156 139 69 19
4.058351 -24.203694 0.361189 139 69 19
16.242981 -8.282333 -0.214408 139 69 19
-9.714772 -7.772703 0.218628 34 139 34
-15.073702 15.901067 0.400945 34 139 34
2.861123 14.637418 0.466068 34 139 34
11.276008 9.079987 0.341237 34 139 34
13.830720 20.923252 0.602968 34 139 34
1.373036 -15.006775 0.568595 34 139 34
-6.650129 -14.110023 0.183287 139 69 19
-18.840697 5.049211 0.100274 34 139 34
-2.238269 -15.957387 -0.471647 139 69 19
-16.736216 19.762539 -0.024463 139 69 19
-9.189275 -19.946514 -1.145879 34 139 34
23.774551 3.156133 -0.576386 139 69 19
10.850094 14.496186 0.251309 34 139 34
20.513012 -20.679585 0.181326 139 69 19
8.746038 -11.968470 0.420172 139 69 19
5.889705 9.464194 -0.666734 34 139 34
-3.136664 -0.205211 0.222833 34 139 34
-23.007431 13.426377 0.305292 139 69 19
12.624335 23.398677 -0.570859 139 69 19
22.149497 7.346954 0.046157 139 69 19
2.410818 -15.547644 0.865478 34 139 34
-16.242860 -13.461482 -0.299869 139 69 19
8.936826 0.167968 0.181948 34 139 34
-2.625133 8.900244 -1.287944 139 69 19
14.864834 -6.997805 0.021290 139 69 19
4.657349 14.415522 -0.484141 34 139 34
-4.890035 -18.212048 -0.136619 139 69 19
17.964485 -10.246036 -0.288471 139 69 19
6.941745 -22.151319 -0.205697 139 69 19
9.431701 21.478816 -0.028897 34 139 34
-22.338485 22.464819 0.058790 139 69 19
12.552366 24.225352 -1.168567 139 69 19
10.970536 -7.377953 -0.137557 34 139 34
-23.737716 17.126992 -0.162141 139 69 19
-10.412517 6.363958 -0.094335 139 69 19
-1.257151 1.208687 -0.277189 34 139 34
0.319027 -5.704486 -0.107508 139 69 19
20.172516 -12.458740 -0.048781 34 139 34
4.137365 24.342948 0.435621 139 69 19
3.565040 12.235952 -0.068693 139 69 19
14.277225 8.343250 0.593231 34 139 34
-1.236660 -10.777835 -0.749453 34 139 34
-23.631135 -14.725222 -0.625547 139 69 19
20.363176 15.136702 -0.247430 139 69 19
-24.913995 -6.576171 -0.388141 34 139 34
7.181335 13.676242 0.661451 34 139 34
-2.401075 -5.506236 -0.332377 34 139 34
11.796820 -19.437083 0.293094 139 69 19
12.716945 16.198651 0.111719 139 69 19
-12.116136 -3.005500 0.339887 139 69 19
-15.672279 6.187135 0.285931 34 139 34
20.835205 13.147563 -0.285538 139 69 19
2.282804 1.919582 -0.495371 139 69 19
-20.749168 5.422272 -0.434459 34 139 34
12.215144 -7.912841 -0.362293 139 69 19
18.918016 13.644141 0.451525 34 139 34
13.342235 18.163654 0.240424 34 139 34
16.323744 -13.432282 -0.017027 34 139 34
8.357227 -20.674610 -0.346019 34 139 34
0.123372 -24.600057 0.500988 139 69 19
11.113635 15.802552 -1.203661 34 139 34
9.508577 -5.697597 -0.010330 34 139 34
18.328399 20.540711 -0.105882 34 139 34
-10.162586 19.572317 -0.188903 34 139 34
-16.943088 -5.251660 0.231133 34 139 34
-7.247965 9.642721 -0.441320 139 69 19
-10.652616 -2.081245 -0.037031 34 139 34
-24.817519 -7.400899 -0.259679 34 139 34
-19.307447 -3.270923 -0.081942 34 139 34
15.095376 -7.619196 -0.147459 139 69 19
9.223955 -23.501178 0.328051 34 139 34
11.157626 23.702305 0.495298 139 69 19
-5.755162 22.014177 -0.197218 139 69 19
8.864626 -3.368660 -0.338632 139 69 19
16.805955 12.379114 0.096090 34 139 34
-17.808916 20.582130 -0.158988 139 69 19
-5.703870 -4.594801 0.318382 139 69 19
6.846721 17.605285 0.424401 139 69 19
2.708097 -11.392092 1.029962 139 69 19
-8.904493 -23.149823 -0.139022 34 139 34
4.866181 -18.729678 0.187217 139 69 19
0.254158 -13.196472 0.672023 34 139 34
14.320089 0.974443 -0.571456 34 139 34
-13.145626 2.856760 0.755975 139 69 19
-18.269942 6.698292 0.153462 139 69 19
13.133617 0.634560 -1.153136 139 69 19
4.460860 11.844072 -0.000082 34 139 34
-16.384920 15.817644 0.063707 139 69 19
4.577949 -10.774129 -0.002691 34 139 34
23.053197 -18.444478 0.272433 139 69 19
20.189125 -22.509678 0.571103 139 69 19
22.303177 24.629049 0.663725 34 139 34
10.537437 6.067940 -1.458587 139 69 19
23.179672 -4.148268 -0.076380 139 69 19
15.185557 -21.735530 -0.359631 139 69 19
17.630440 -15.071235 0.645992 139 69 19
13.197411 -7.924399 -0.131202 139 69 19
-13.035513 24.052333 0.317800 139 69 19
19.758483 -9.419786 -0.618541 139 69 19
-3.937124 12.143478 0.777347 139 69 19
10.171749 9.342488 -0.107535 139 69 19
-3.422456 15.402677 0.220378 34 139 34
-7.862151 20.660399 -0.014261 139 69 19
-17.165094 -19.198408 0.259551 139 69 19
-3.633685 7.826771 -0.018264 34 139 34
-23.216626 23.054677 0.334100 139 69 19
-16.202194 -16.386004 0.132386 34 139 34
-23.715505 11.461403 0.799809 34 139 34
-24.045593 -16.718964 -0.228293 34 139 34
24.433997 16.400563 0.136390 34 139 34
18.560160 7.762961 0.276611 139 69 19
-11.987848 -16.481845 -0.271286 34 139 34
-14.573954 12.066684 -0.522100 34 139 34
-9.483878 -19.242584 0.068868 34 139 34
-19.576695 -16.080746 -0.198607 139 69 19
14.223376 16.658411 0.702627 34 139 34
16.371243 8.628329 -1.216798 34 139 34
-4.171980 -19.553199 -0.199416 139 69 19
10.177376 -17.371979 -0.615949 34 139 34
-8.124301 -9.077772 0.047443 34 139 34
-15.589829 24.944876 0.295320 139 69 19
8.396783 21.672012 0.863625 34 139 34
20.776280 5.584338 0.804358 139 69 19
-5.551530 5.088850 0.292395 139 69 19
24.824170 2.424560 -0.327243 139 69 19
2.818562 -13.891366 -0.504613 139 69 19
-16.631639 0.471807 0.270166 139 69 19
-13.659361 -20.529525 0.074763 139 69 19
5.656416 -12.443103 0.250997 34 139 34
-9.068557 -6.818404 0.625901 34 139 34
-2.847330 -2.489360 0.759567 34 139 34
5.325601 9.062095 0.460137 34 139 34
3.965260 24.570005 -0.290904 139 69 19
17.590660 -12.498565 -0.026425 139 69 19
23.599393 9.853403 1.263462 34 139 34
18.992302 11.175095 0.586718 139 69 19
-23.204985 16.584395 0.103036 139 69 19
1.508605 23.244023 0.842579 34 139 34
-11.636074 9.714753 0.525631 34 139 34
4.222689 -3.059001 0.464563 34 139 34
11.977724 -7.698034 -0.470569 34 139 34
-8.692100 -20.395219 0.680515 34 139 34
-11.562541 20.726871 0.816972 34 139 34
-18.261620 -20.789059 -0.043664 139 69 19
-16.358151 -5.191877 -0.248464 34 139 34
18.849031 -11.524588 0.365711 139 69 19
-4.558320 -24.493001 0.475801 34 139 34
4.780917 -14.538086 0.756751 34 139 34
18.056881 -24.388686 0.283652 139 69 19
-3.981877 24.353962 -0.251148 34 139 34
-4.696447 12.103850 0.022602 139 69 19
-23.966989 1.428915 -0.557441 34 139 34
-16.900761 3.228243 -0.074244 34 139 34
18.138754 -0.968845 0.163038 139 69 19
-16.234164 13.880448 -0.174458 34 139 34
2.854876 1.925385 -1.391897 34 139 34
8.439169 6.095279 -0.437057 34 139 34
0.535960 -17.275479 -0.110674 139 69 19
-16.565016 -23.042112 -0.312825 34 139 34
24.684615 -12.291907 -0.027899 139 69 19
4.511709 2.807257 0.383443 139 69 19
13.711629 20.006420 -0.080179 139 69 19
-20.507969 12.291250 0.665042 34 139 34
-2.734436 19.243631 -0.548000 139 69 19
9.822743 -18.399247 0.397557 139 69 19
-0.288405 -14.065411 -0.670897 139 69 19
-13.169404 -22.950140 0.728123 34 139 34
-22.122824 -23.983921 0.162180 139 69 19
17.504202 22.194107 1.080020 139 69 19
-12.058607 8.688181 1.000702 34 139 34
-24.464466 19.792526 -0.459062 139 69 19
-5.803066 22.207013 0.045185 34 139 34
20.427699 2.954850 0.964786 139 69 19
-19.648442 -11.409152 -0.330883 34 139 34
-6.314069 19.432610 0.122903 139 69 19
7.961114 -23.745175 -0.158322 34 139 34
-17.790139 -19.531545 0.992123 139 69 19
19.257230 -16.952061 -0.022739 139 69 19
4.811061 -11.230801 0.668356 34 139 34
2.620209 21.720802 0.061117 34 139 34
-22.272294 1.393571 0.843165 34 139 34
-20.653934 -3.845031 0.503405 139 69 19
-20.460980 22.750052 0.811715 139 69 19
-1.804682 13.549437 0.207978 34 139 34
0.644637 23.950943 -0.022567 34 139 34
6.704663 -16.637179 0.666390 139 69 19
9.404981 -6.941047 0.776125 139 69 19
20.129343 -5.005011 -0.186875 34 139 34
-14.132425 23.322007 -0.390688 139 69 19
4.641406 24.445507 0.123774 34 139 34
-13.074871 19.659409 -0.726034 34 139 34
8.514049 19.161092 -0.643013 34 139 34
16.065208 -16.631167 -0.331960 139 69 19
8.982535 24.774909 0.519551 139 69 19
-0.041553 7.587629 0.085453 34 139 34
-4.397370 -11.793961 0.110811 34 139 34
-24.968628 -7.829395 0.064104 139 69 19
14.012015 -12.214498 0.238318 139 69 19
21.040596 -23.090518 -0.552887 139 69 19
-21.860736 -24.292987 0.010970 139 69 19
12.675971 -12.937058 0.798336 34 139 34
-22.181575 -6.242664 0.221827 139 69 19
-6.364573 22.139796 -0.892809 34 139 34
-1.064439 -8.193370 0.546463 34 139 34
13.527316 15.405693 -0.107733 139 69 19
19.172579 22.282566 0.053052 34 139 34
3.799737 -19.947104 0.363730 139 69 19
0.799437 12.556692 0.256357 139 69 19
3.092765 -6.260225 -0.708157 139 69 19
-24.348463 0.634249 -1.049333 139 69 19
-22.398752 -21.123720 -0.899614 34 139 34
-18.613454 -2.274740 0.487924 34 139 34
-15.407859 -0.900179 -0.265799 139 69 19
2.622511 7.291455 -0.603206 139 69 19
11.445059 5.214725 -0.044557 34 139 34
-13.104965 -19.468001 -0.468927 139 69 19
5.587317 17.533892 0.888023 34 139 34
-20.981574 -9.803762 -0.049829 34 139 34
-1.265899 16.266204 0.956099 34 139 34
5.837474 -4.252241 -0.454536 34 139 34
-9.590831 -15.205081 -0.153987 139 69 19
-5.397065 20.138276 -0.344253 34 139 34
9.467360 12.412915 0.093206 34 139 34
-9.357815 18.787140 -0.763435 34 139 34
-20.464821 8.349072 0.486796 139 69 19
21.482256 -5.879096 -0.213271 139 69 19
23.765223 -21.666815 0.170673 139 69 19
-18.237910 18.814879 -0.020463 34 139 34
12.720696 -3.532889 0.034230 34 139 34
-24.329166 14.937266 1.063771 34 139 34
21.288097 -12.848090 0.547353 34 139 34
-16.572007 -6.170485 -1.035959 34 139 34
-9.966216 9.372264 -1.312813 34 139 34
-8.321906 3.163276 -0.453127 34 139 34
11.881470 19.138304 0.520224 34 139 34
23.810385 8.708126 0.385679 34 139 34
-15.858803 -18.128694 -0.783312 139 69 19
-0.522218 -2.586143 -1.375472 34 139 34
-3.779175 9.721649 0.085393 139 69 19
22.442614 -22.564306 0.141161 139 69 19
2.067028 -3.527865 0.517962 34 139 34
-8.227540 -13.798025 0.613198 139 69 19
10.660746 24.679416 0.291060 34 139 34
3.086124 -0.101779 0.119352 34 139 34
3.444492 15.702691 -0.105664 139 69 19
5.451774 -20.931333 0.216619 34 139 34
13.924932 12.836064 -0.731942 34 139 34
15.921297 -13.748414 0.390094 34 139 34
0.389134 9.642537 -0.694283 139 69 19
-11.266502 1.325443 -0.034102 34 139 34
2.939320 7.710346 0.398345 34 139 34
-1.966858 8.408320 0.437943 139 69 19
3.039311 -24.719332 0.101873 34 139 34
-3.908489 -0.681953 -0.485295 139 69 19
-24.145630 16.574230 -0.333044 139 69 19
21.510229 -13.159913 -0.601248 139 69 19
-9.228625 2.241677 0.102623 139 69 19
-14.145605 18.771819 0.192625 139 69 19
-13.017218 16.661129 0.407000 139 69 19
-10.373188 10.804084 0.502879 34 139 34
19.475868 24.644882 0.365677 34 139 34
-7.799750 10.920150 1.502322 34 139 34
-16.132494 -9.236083 -0.150685 139 69 19
1.532011 -22.380925 -0.236128 139 69 19
-22.015653 -1.722248 0.810947 139 69 19
-1.833796 9.430904 0.059801 139 69 19
-17.594975 -0.941793 0.305706 34 139 34
-11.658492 -16.880562 -0.404740 139 69 19
-18.972426 12.525071 0.334963 139 69 19
7.402316 22.040261 -0.235040 34 139 34
18.782977 2.815345 0.475126 34 139 34
9.925954 -8.440411 -0.662810 34 139 34
1.200293 4.302543 0.626580 34 139 34
8.077942 -7.810309 0.366695 139 69 19
16.423240 -4.846573 0.023063 34 139 34
4.496630 6.510399 -0.502702 34 139 34
15.035879 -8.417381 -0.326318 139 69 19
21.254119 -9.825866 1.406616 139 69 19
-21.689023 -19.058185 0.234887 34 139 34
-15.021336 24.074684 -0.371206 34 139 34
-15.047866 17.814821 -0.497653 34 139 34
20.183953 -20.117971 0.222247 139 69 19
-6.123198 -17.852133 0.211672 34 139 34
-6.578402 16.150399 0.479181 34 139 34
7.811933 20.327459 0.352611 139 69 19
-24.805553 -23.399486 0.292242 34 139 34
14.795073 -11.339349 0.302863 139 69 19
21.069903 -5.832613 0.353295 34 139 34
24.113325 17.677831 0.534844 34 139 34
-8.560891 -18.772490 0.058513 34 139 34
-11.004337 7.963448 -0.066463 139 69 19
-13.115979 -19.245193 -0.018971 34 139 34
1.811534 22.770494 0.811773 34 139 34
-2.317905 6.963892 0.754832 34 139 34
-0.330313 -15.923112 0.575509 139 69 19
-4.740661 -14.958069 -0.113618 34 139 34
-19.738519 -3.923620 -0.972922 34 139 34
-21.913894 13.512653 -0.549352 139 69 19
11.415683 -4.641288 -0.030855 34 139 34
15.905069 21.940990 0.036756 139 69 19
-6.693005 -1.995284 -0.314206 34 139 34
-12.711337 13.008984 0.321299 34 139 34
5.213377 -17.977811 -0.221988 34 139 34
-20.704244 21.497222 -0.308490 139 69 19
-1.691025 -16.815161 -0.442015 34 139 34
-0.265012 22.968695 1.055754 139 69 19
11.505769 2.520895 -0.034970 34 139 34
4.819961 -7.924103 -0.747165 34 139 34
7.088164 5.115861 0.709743 139 69 19
15.700204 -1.281407 0.173249 139 69 19
4.408680 21.632004 -0.731602 34 139 34
3.233726 -10.310922 -0.655945 139 69 19
20.375128 1.364558 0.195538 34 139 34
16.973777 -12.122538 0.271839 34 139 34
-19.971018 -7.553682 -0.360348 34 139 34
7.470228 21.183163 0.002871 139 69 19
-22.619888 -9.271890 0.237974 34 139 34
-0.958825 -10.443982 0.676170 34 139 34
18.179714 4.227961 0.247008 34 139 34
-14.308921 -8.226814 0.652954 139 69 19
-20.283302 -8.276788 -0.653473 139 69 19
-8.071293 18.212876 -0.212770 34 139 34
18.692505 1.507820 0.145860 139 69 19
-18.623480 12.324305 0.168979 139 69 19
19.888528 -5.612571 0.387467 34 139 34
-18.057648 -5.521598 -0.592741 139 69 19
-10.936980 14.302452 0.744658 139 69 19
10.181666 -17.834359 -0.261717 139 69 19
15.779846 -0.333154 -0.372621 34 139 34
-17.979227 15.207543 -0.907430 34 139 34
2.158288 4.629476 -0.815994 34 139 34
13.609444 22.779152 -0.167347 34 139 34
6.517933 18.898155 -0.314567 34 139 34
19.264489 -16.004410 -0.647786 139 69 19
11.057522 -19.011228 1.131394 34 139 34
12.558120 2.702289 -0.140229 34 139 34
15.084799 0.453764 -0.097429 34 139 34
-22.164476 24.383549 0.156931 139 69 19
-0.983442 0.161420 -0.253469 139 69 19
-5.014402 21.299509 0.239151 139 69 19
21.982445 -13.040188 1.110745 139 69 19
-23.893095 18.558182 0.227230 139 69 19
13.438146 3.018505 -0.689904 139 69 19
-24.472212 21.187257 -1.039847 34 139 34
-17.850715 -2.482047 0.222582 34 139 34
7.826934 -16.484482 0.195749 34 139 34
17.335768 -13.838652 -0.043787 139 69 19
19.091017 -10.828915 -0.056380 139 69 19
21.810303 17.995179 0.037990 139 69 19
21.701803 1.856292 -0.191187 139 69 19
8.876590 -18.314993 0.123584 34 139 34
18.253236 4.705179 -0.540059 34 139 34
16.548451 0.590642 0.120765 139 69 19
17.160723 17.934907 0.874055 139 69 19
23.505619 8.444433 -0.618748 34 139 34
-18.859709 0.729987 -0.293587 139 69 19
-16.519215 -11.243320 -0.251977 34 139 34
23.384185 -24.847478 0.000199 34 139 34
24.899886 5.690079 -0.404454 34 139 34
-5.648618 -16.684125 -1.110401 34 139 34
-9.427313 -23.327633 -0.337492 34 139 34
8.583835 4.796428 -1.137290 139 69 19
18.119405 14.840564 0.273708 139 69 19
7.218438 -6.403962 0.088881 139 69 19
-20.715846 7.804227 0.313742 139 69 19
-21.114652 -15.153885 -0.435453 34 139 34
-11.497634 -17.572294 -0.308718 34 139 34
-19.735553 -5.915438 0.391802 34 139 34
-5.277414 -23.570824 -0.511326 139 69 19
-11.776617 -14.328243 -0.354268 34 139 34
-15.406172 -18.823421 -0.156310 34 139 34
2.865485 7.349624 0.443715 139 69 19
19.647440 -2.773544 -0.255036 34 139 34
-19.439585 -10.401051 0.182454 139 69 19
-15.702153 -22.523870 -0.315912 139 69 19
-9.263406 -1.299239 0.131338 139 69 19
-22.711749 -11.429069 1.018312 139 69 19
8.286620 -5.936701 -0.328189 34 139 34
6.101176 15.612275 -0.072252 34 139 34
3.138298 24.814710 -0.305527 139 69 19
-14.685173 8.728471 0.490368 139 69 19
11.105557 -21.489179 0.673866 139 69 19
9.695734 3.122732 -0.111995 139 69 19
-10.123776 5.212314 -0.209168 34 139 34
-19.412626 -1.399112 0.408923 139 69 19
24.510700 -13.856093 -0.050599 34 139 34
8.745220 10.211671 0.685292 139 69 19
9.828856 18.204389 0.256903 139 69 19
9.911589 -2.998472 -0.027882 139 69 19
-7.543772 23.490816 0.082632 139 69 19
15.491699 13.425023 0.515134 34 139 34
22.727858 -18.734600 -1.077897 34 139 34
-8.104861 7.540233 0.015730 139 69 19
2.041646 9.575983 -0.783118 34 139 34
-13.907786 10.326131 -0.497591 34 139 34
20.500053 1.562834 1.646013 139 69 19
10.401932 -22.912046 -0.280853 139 69 19
-15.476297 1.393132 -0.438760 34 139 34
-12.879257 -18.638193 0.016997 34 139 34
-5.196201 13.340912 0.727597 139 69 19
-4.319109 -15.742977 0.884674 139 69 19
19.973222 9.430531 0.134325 34 139 34
-19.598501 -15.308897 0.110221 139 69 19
8.839620 -9.804973 0.470326 139 69 19
-2.539297 23.318542 0.690942 34 139 34
21.061089 -7.622290 -0.230492 34 139 34
-11.482034 17.535636 -0.483320 139 69 19
1.208810 -16.480677 0.679375 139 69 19
-15.177921 -1.312566 0.003386 34 139 34
-18.184368 13.444981 0.397257 34 139 34
4.749839 -19.671857 -0.240268 34 139 34
-10.526392 -17.905622 -0.160387 34 139 34
-6.068880 13.324172 -0.635397 34 139 34
11.955120 3.177372 0.569054 34 139 34
14.310574 12.437169 0.584405 34 139 34
9.717135 -14.189813 -0.462815 139 69 19
-20.381995 -17.589695 -0.103951 139 69 19
16.070726 -12.085281 -0.642701 34 139 34
-19.879550 -7.937156 0.807510 139 69 19
-11.873234 -4.080665 0.258432 139 69 19
21.226869 19.670922 0.103730 34 139 34
19.023171 -4.478644 0.310501 34 139 34
15.545501 7.821656 0.321951 139 69 19
24.843840 17.169406 -0.329603 34 139 34
-12.027944 -24.140413 -0.308919 139 69 19
13.682233 11.547023 0.245713 139 69 19
23.152153 0.856012 -0.099237 139 69 19
-10.649480 23.542771 0.884774 139 69 19
13.421612 6.710051 -0.320462 139 69 19
-4.955013 8.215238 0.616085 139 69 19
9.150165 0.324945 0.014063 34 139 34
-21.289559 -11.481699 0.543892 34 139 34
-3.552116 -13.995628 0.817138 34 139 34
-19.711888 13.955231 -0.290909 139 69 19
-20.960528 -10.176598 0.638237 34 139 34
18.314076 -11.166077 0.196602 34 139 34
0.038061 -2.641982 -0.577205 139 69 19
-23.069061 -2.111775 0.429086 139 69 19
-23.731844 -19.073286 0.151230 34 139 34
-18.720613 7.034393 -0.087510 139 69 19
13.515181 23.581195 -0.287722 139 69 19
24.603843 19.897129 -0.346852 139 69 19
-1.527541 24.224688 0.340930 139 69 19
-8.128365 -13.618671 0.646559 34 139 34
-12.901235 -6.230723 -0.075435 34 139 34
-20.649816 5.062840 0.099969 139 69 19
5.508189 9.750695 -0.623045 34 139 34
-15.484020 -2.504009 1.134236 139 69 19
-8.898930 -22.623179 -0.810153 139 69 19
7.742078 -6.407718 -0.867943 34 139 34
-23.612332 7.628316 -0.370399 139 69 19
-16.577055 2.534910 0.034809 34 139 34
-5.580014 9.457733 -0.174478 139 69 19
12.839286 17.755188 0.677700 139 69 19
-11.091953 -23.804681 0.084814 139 69 19
15.473829 -6.901179 0.637374 34 139 34
-7.850929 -23.889599 0.212047 34 139 34
-23.583214 12.171188 -0.248638 139 69 19
-24.316644 -4.333009 -0.727191 139 69 19
14.166143 -2.597603 -0.702112 139 69 19
20.890220 -3.082143 0.743367 139 69 19
-8.647181 -11.744981 -0.145448 139 69 19
-15.522019 -13.158876 0.643677 139 69 19
-17.391157 -9.088107 -0.716803 139 69 19
3.854059 16.767710 -0.053398 34 139 34
-12.287255 -21.598341 1.383095 139 69 19
8.271230 5.713311 -0.176702 139 69 19
7.946950 8.893502 -0.221700 139 69 19
-24.353420 -5.425908 -1.163349 34 139 34
13.431867 -11.861985 0.120776 139 69 19
-12.169423 -2.421807 -0.371104 139 69 19
6.954808 20.141274 0.232211 139 69 19
5.182133 -6.068210 -0.803727 139 69 19
-17.532343 17.761860 0.329276 34 139 34
22.498004 -0.600795 0.094722 139 69 19
21.920706 4.203913 0.039830 34 139 34
12.015554 20.589654 -0.074475 139 69 19
-12.950002 -22.069743 0.227126 139 69 19
2.451177 -16.548481 -0.007881 139 69 19
12.785535 -13.624767 0.370288 34 139 34
-21.671535 11.524881 -0.030036 34 139 34
2.069756 20.493945 -0.222040 139 69 19
-12.198996 -11.395118 -0.624688 34 139 34
12.126437 10.292292 0.286506 139 69 19
20.016705 -19.416784 -0.302224 139 69 19
13.773120 -6.915753 0.142307 139 69 19
-4.125381 -21.376267 -0.469651 139 69 19
-10.719947 -23.317474 -0.105812 34 139 34
18.974558 -16.096816 -0.973337 34 139 34
-20.002055 -22.619487 0.456237 139 69 19
-17.369824 -7.091069 -0.204949 139 69 19
23.210566 8.742522 0.256258 34 139 34
-6.558170 -24.472671 0.102393 34 139 34
-13.321256 -24.159007 0.144496 34 139 34
-3.632740 -20.698784 -0.289559 34 139 34
-4.209243 -6.574892 -0.441217 34 139 34
4.285536 8.691659 -0.336924 139 69 19
-16.448068 -15.611520 -0.440862 139 69 19
1.023261 18.737040 -0.448131 34 139 34
12.234936 22.170767 -0.326912 34 139 34
-19.323448 16.147701 0.622228 34 139 34
-19.827559 -1.110827 -0.294568 34 139 34
-3.945264 -8.820866 0.071474 139 69 19
14.314034 -6.378939 -1.421365 34 139 34
-24.680005 11.450065 -0.049722 139 69 19
20.040613 15.829955 -0.554882 34 139 34
21.306872 -10.044108 -0.413319 34 139 34
21.036480 -10.197029 0.156157 34 139 34
-13.418701 -7.516376 0.448701 34 139 34
15.035833 4.527897 0.139449 139 69 19
-11.041068 -11.217684 0.151209 34 139 34
22.905546 -20.187727 -0.902661 34 139 34
-10.772731 21.822888 0.153933 34 139 34
5.823284 19.790782 0.271542 34 139 34
-15.033792 -17.481474 -0.351066 34 139 34
3.624301 13.539021 -0.351106 34 139 34
-1.493341 -21.809969 -0.294191 139 69 19
-7.936361 -2.924466 -0.575205 34 139 34
-14.697922 8.519294 0.578846 34 139 34
11.131665 16.017595 0.137488 139 69 19
-10.449634 -18.086469 -0.511445 139 69 19
9.238437 -24.836782 -0.698387 139 69 19
11.778736 -15.835858 0.168082 139 69 19
-10.759275 -19.191689 -1.031140 139 69 19
-18.379079 -15.639714 0.451393 139 69 19
12.017915 14.781632 -0.068083 34 139 34
-24.085107 -12.755444 0.194932 34 139 34
3.965239 18.687307 -0.626353 139 69 19
-23.364273 -22.619865 -0.173634 34 139 34
-12.751226 14.475297 1.162778 34 139 34
-13.572332 2.934423 0.944806 34 139 34
-13.396164 -21.366433 0.074582 139 69 19
-9.962440 -13.631763 0.363014 139 69 19
12.893473 -7.666290 0.061963 34 139 34
9.587991 8.933330 -0.149452 34 139 34
-11.710347 6.452257 -0.030700 34 139 34
2.838156 -4.992458 0.570847 139 69 19
-16.631742 16.809893 0.057851 34 139 34
-1.411582 -21.467765 0.240043 139 69 19
-9.491892 12.590148 -0.193204 34 139 34
23.906151 -9.367354 0.397259 139 69 19
-18.488311 -2.541944 0.117550 139 69 19
-23.281217 20.496891 0.019647 34 139 34
3.357645 -23.399152 0.339416 139 69 19
16.729771 13.371369 -0.703294 34 139 34
-7.969432 -4.154133 0.077449 34 139 34
16.641566 -6.271410 0.792118 34 139 34
13.721266 -16.527052 0.241191 139 69 19
-9.978897 -23.924391 -0.764421 139 69 19
-10.240208 -24.924846 0.568729 34 139 34
-19.379927 3.456295 -0.490516 34 139 34
12.547822 4.322520 -0.142284 139 69 19
8.527213 -11.601568 0.155014 34 139 34
4.343786 -17.146228 0.210905 139 69 19
-12.176426 -22.346436 -0.126275 139 69 19
8.990505 -21.561413 -0.410012 34 139 34
-8.016393 0.276747 0.142734 139 69 19
7.929973 -20.861913 0.136851 34 139 34
1.583311 3.880205 0.493655 139 69 19
-4.513122 18.054806 0.029737 139 69 19
0.666962 -21.211025 -0.625772 139 69 19
-5.439196 21.149129 0.833657 34 139 34
14.076781 -14.593562 0.505190 139 69 19
-8.516193 -2.472099 0.441596 139 69 19
14.685019 -7.645789 0.422286 139 69 19
22.524443 -6.970490 -0.678894 139 69 19
-9.844687 -1.260634 0.098178 139 69 19
-18.100036 16.278514 0.371174 139 69 19
13.323119 24.184260 0.496361 139 69 19
-23.482888 -1.100140 -0.675308 139 69 19
4.196086 -19.740933 -0.421427 34 139 34
5.625875 16.655017 -0.698625 34 139 34
18.741307 -4.881472 0.163820 139 69 19
2.214504 -18.489082 0.235465 139 69 19
-1.979667 -18.801568 0.408919 139 69 19
-22.548841 -7.917202 0.714723 34 139 34
0.054357 7.457239 0.314979 34 139 34
-23.515300 -6.669329 -1.158326 139 69 19
6.179034 1.574778 -0.411000 34 139 34
11.795979 22.378027 0.946277 139 69 19
-7.677670 14.468854 0.197016 34 139 34
-0.708885 -5.503050 0.340697 34 139 34
7.133252 -9.739325 0.657315 34 139 34
1.584075 -23.275811 -0.488912 139 69 19
-23.683155 -17.906138 0.135580 139 69 19
16.585758 6.258101 0.154988 139 69 19
12.129486 -22.005242 -1.124107 34 139 34
-13.426059 -19.311859 -0.721591 34 139 34
22.972606 -9.847231 0.146892 139 69 19
-17.308722 -4.521829 -0.071428 139 69 19
21.937756 -19.951156 -0.141799 34 139 34
-19.933849 -23.007019 -0.238662 34 139 34
-14.116808 0.063060 0.321752 34 139 34
-5.032807 15.766121 -0.275616 139 69 19
-21.201117 -4.849075 0.815166 34 139 34
14.634135 18.597765 0.647484 139 69 19
-15.114002 1.107594 -0.248513 139 69 19
10.750874 12.075209 -0.465036 34 139 34
-16.927154 -6.473046 0.384975 34 139 34
-0.349747 -24.812949 -0.068606 34 139 34
12.828108 -7.916556 0.992129 139 69 19
9.319645 17.627116 -0.894792 34 139 34
-13.749034 17.702280 0.640402 34 139 34
-20.612147 -14.361437 0.623460 139 69 19
15.977525 8.571805 0.311155 34 139 34
-5.758989 24.918555 -0.200704 34 139 34
-15.077968 -17.007182 0.643332 34 139 34
-24.326683 2.737905 0.067655 139 69 19
-6.450738 18.167611 -0.564969 139 69 19
11.638718 7.185645 -0.615642 34 139 34
10.999246 -12.901034 -1.071324 34 139 34
-12.956674 9.892895 -0.383969 34 139 34
-15.424752 7.233012 -0.367826 139 69 19
-7.535760 -10.506031 0.437532 34 139 34
17.441792 -6.605010 0.454987 139 69 19
-3.207703 19.261535 -0.452812 139 69 19
20.472729 17.906481 0.443397 139 69 19
14.372725 -1.485520 0.323974 34 139 34
-2.934765 -3.276222 -0.030643 34 139 34
-3.102643 -22.232334 -0.691841 139 69 19
-7.371260 18.170802 0.423460 139 69 19
11.190557 -9.901098 0.378770 139 69 19
-22.667912 -12.382425 -0.756113 139 69 19
-17.772402 -18.250285 0.347820 139 69 19
-10.785580 23.602826 0.381767 139 69 19
-16.185847 -8.327304 -0.434619 34 139 34
-8.844372 18.387784 -0.081883 139 69 19
19.228268 -3.597844 0.112811 34 139 34
14.816203 -15.789438 0.573958 34 139 34
18.822547 21.884003 0.794848 34 139 34
-17.179137 20.560107 -0.145887 34 139 34
5.978487 -16.548174 -0.589970 139 69 19
22.433862 -21.391045 0.508864 139 69 19
-0.063860 23.738991 0.321863 34 139 34
-7.519772 -13.536575 0.190633 34 139 34
17.489627 20.392400 -0.206327 34 139 34
-7.395496 -11.946226 -0.378619 139 69 19
-23.831789 -0.455965 0.495300 34 139 34
-22.682200 -0.836174 0.003225 139 69 19
-14.998966 18.331535 -0.577527 139 69 19
-16.684466 -6.744117 -0.246103 34 139 34
17.828198 20.408764 0.012957 34 139 34
16.373637 5.408972 -0.013800 34 139 34
6.397234 -17.791115 0.272903 139 69 19
-19.552342 -22.545838 -0.262624 139 69 19
13.763217 -18.391528 0.198631 139 69 19
5.980666 10.634777 0.040978 34 139 34
-16.472831 16.331071 0.075815 34 139 34
14.441773 7.183161 0.375097 139 69 19
14.306961 -18.257945 -0.361088 139 69 19
-1.825715 -15.597361 0.709677 34 139 34
14.189473 16.630905 0.603306 34 139 34
-19.892135 22.573935 -0.009992 139 69 19
0.275304 15.318807 -0.113163 34 139 34
-15.321945 10.825605 -0.603654 139 69 19
-5.045457 4.654556 -0.040508 139 69 19
12.652467 -1.734247 0.539757 139 69 19
-23.421901 23.668785 0.415565 34 139 34
24.626477 -18.487825 -0.437833 34 139 34
24.745563 -16.009755 0.236329 139 69 19
21.197685 3.190927 1.278623 139 69 19
-6.259032 -6.794004 -0.463245 34 139 34
7.263278 20.865591 -0.288337 139 69 19
-21.388999 -17.046943 -0.234588 34 139 34
-24.021533 -14.656414 -0.306971 139 69 19
10.903031 5.890254 -0.300254 34 139 34
23.093142 -13.089514 0.523049 34 139 34
14.904586 -16.266283 -0.013805 139 69 19
-10.934310 3.808002 0.280866 34 139 34
11.196153 20.103606 1.369010 34 139 34
-18.091432 -4.585466 -0.675368 34 139 34
19.386202 -6.181405 0.126793 34 139 34
14.129821 -7.858509 -0.051641 34 139 34
-2.004608 -3.066906 -0.101862 139 69 19
0.051785 22.173467 0.676260 139 69 19
-21.473713 -19.431427 -0.677627 34 139 34
-5.902681 19.079511 0.050741 139 69 19
10.499066 3.448760 0.296865 34 139 34
12.294355 23.869101 -0.224594 34 139 34
-20.841532 11.179835 0.113430 34 139 34
24.324675 -18.856317 0.028179 139 69 19
9.055207 6.631110 -1.443982 34 139 34
-0.465302 24.488721 0.062098 34 139 34
5.252174 -22.102085 0.134237 139 69 19
8.865104 -8.725226 -0.578785 139 69 19
-24.804759 7.120939 0.291135 34 139 34
-11.772451 -10.355192 -0.099223 34 139 34
24.761505 18.594086 0.181181 139 69 19
23.405969 10.531840 0.368258 34 139 34
19.494072 18.429656 -0.643306 139 69 19
-6.273388 21.217084 -0.166382 34 139 34
1.268990 20.748627 0.512591 139 69 19
24.397554 -19.881628 0.352664 34 139 34
7.756106 -21.813140 0.983744 139 69 19
10.561035 -1.104508 -0.055291 34 139 34
-16.545806 20.937381 -0.266627 139 69 19
6.311360 -6.979025 -0.622682 34 139 34
14.823944 8.862270 -0.526392 34 139 34
2.020874 6.910145 1.013127 34 139 34
14.647428 -14.268516 0.574895 34 139 34
1.324804 6.478417 1.288569 139 69 19
5.501296 9.837311 -0.034087 34 139 34
-8.962642 0.397805 0.054275 139 69 19
20.462992 -7.283399 0.358815 34 139 34
12.874851 -15.297752 0.130173 139 69 19
-14.195792 -23.356731 -0.295597 34 139 34
7.063234 18.496975 -0.121076 139 69 19
-22.621002 -1.147483 -0.699905 139 69 19
21.040045 -17.858641 -1.170062 34 139 34
-3.890126 1.170601 0.607797 139 69 19
-4.957343 17.515498 0.368834 139 69 19
-23.517070 22.218242 0.310666 139 69 19
23.259465 4.817462 -0.109077 139 69 19
-17.720769 6.024623 0.339270 139 69 19
19.107819 16.203539 0.004733 139 69 19
-19.235207 24.358673 0.449140 139 69 19
-18.343044 -16.273026 1.209174 139 69 19
24.854814 20.220428 0.723313 139 69 19
20.516564 9.030201 0.018318 139 69 19
-10.421893 8.305212 -0.072916 139 69 19
22.097582 18.864332 -0.421518 139 69 19
13.017833 24.210574 -0.586670 139 69 19
19.715545 -2.671948 -0.184098 139 69 19
19.415651 -16.847304 0.386934 139 69 19
-11.049341 1.508623 -0.486783 139 69 19
-3.680043 2.797846 -0.777965 139 69 19
-22.637749 7.136698 -0.851309 139 69 19
-7.434421 -7.517554 -0.457600 34 139 34
-7.230463 24.494863 -0.075896 139 69 19
-22.270700 -11.000882 0.347778 34 139 34
-6.638209 -15.638683 -0.304920 139 69 19
-17.767252 -4.213784 -0.065010 139 69 19
-5.883759 -23.876055 -0.797925 139 69 19
-24.582904 -13.368850 -1.661271 139 69 19
17.424525 9.700297 -0.688560 139 69 19
19.634530 -9.025078 0.741069 139 69 19
-18.777530 3.070272 0.037238 139 69 19
-0.266640 -15.520317 -0.736876 139 69 19
-11.761467 -9.259655 0.712730 139 69 19
-8.046353 11.925227 0.559596 139 69 19
17.078813 -24.595451 -0.041494 34 139 34
2.006500 23.624045 -0.151846 34 139 34
5.441772 -12.264547 -0.101006 34 139 34
24.957502 19.884401 0.679802 34 139 34
14.885667 -13.153858 0.453743 34 139 34
-16.410551 8.246118 -0.072748 34 139 34
0.453882 20.725267 1.003799 139 69 19
22.206099 5.677925 0.186782 139 69 19
-4.693617 12.777787 0.228183 139 69 19
15.248610 -3.195861 0.297257 139 69 19
24.357002 -14.906338 0.165838 139 69 19
-18.034303 -8.629962 -0.643221 139 69 19
-12.332340 -15.939451 0.042237 139 69 19
-21.469687 20.386126 0.705936 34 139 34
-24.534096 20.266671 0.807606 34 139 34
-4.897924 7.741034 -0.680473 34 139 34
-7.716615 12.177798 0.047281 139 69 19
19.045077 15.616134 0.745612 34 139 34
0.882149 -12.989800 -0.423270 34 139 34
15.150517 -18.692181 0.343641 139 69 19
9.717351 -6.488616 -0.107794 139 69 19
-8.702612 -16.130869 -0.536385 139 69 19
-11.272903 -14.973640 -0.787802 139 69 19
-2.259274 7.783115 0.224693 139 69 19
4.502704 -15.190046 -0.069060 139 69 19
-17.533119 0.342556 -0.379633 139 69 19
-15.515460 -2.326750 0.384249 34 139 34
-21.450887 22.819567 0.085862 34 139 34
-8.837177 8.624143 -0.272315 139 69 19
12.726498 -24.413711 0.261686 139 69 19
11.408037 -2.057093 -0.825024 34 139 34
-2.221419 -17.606384 -1.319934 34 139 34
5.897946 4.100944 0.025466 34 139 34
8.102350 -7.902084 -0.201284 139 69 19
-12.295962 -23.310248 0.504970 34 139 34
18.477379 -17.543764 1.055636 139 69 19
-1.129531 20.736611 -0.285274 34 139 34
-4.037895 18.241086 -0.027978 139 69 19
11.404857 19.492063 -0.034403 139 69 19
1.101319 -13.196686 -1.013558 139 69 19
10.788672 8.115820 -0.252508 34 139 34
-11.355632 -11.861775 -0.455015 139 69 19
-15.467176 3.682758 0.134481 34 139 34
-17.387464 -21.555198 0.129559 34 139 34
23.295129 -0.893449 0.262784 139 69 19
-7.601295 23.083122 -0.580522 34 139 34
20.823535 10.323164 -0.300878 34 139 34
11.279743 0.778081 -0.760496 139 69 19
10.105850 2.537396 -0.118822 139 69 19
17.948544 -23.421994 0.129981 139 69 19
-24.699303 -2.523636 0.091096 139 69 19
-14.193896 -18.193198 -0.005561 139 69 19
-7.172249 6.374467 0.120372 34 139 34
8.630785 -11.732724 -0.031345 139 69 19
-15.898684 -16.245116 0.501897 139 69 19
-1.465490 -17.744778 -0.201747 34 139 34
-1.876995 -18.998983 -0.093644 34 139 34
-3.186904 21.594787 -0.047814 34 139 34
-11.443772 -10.116956 0.457420 34 139 34
-4.789796 -22.461380 -0.061467 34 139 34
-17.804305 13.878217 0.119027 34 139 34
10.837105 -7.087282 0.103875 34 139 34
-14.433086 12.679189 0.905076 34 139 34
3.542321 -4.900846 -0.334390 34 139 34
22.816611 0.022792 -0.533715 139 69 19
6.204548 8.063798 0.297889 139 69 19
-12.780439 -11.361446 -0.065354 34 139 34
2.538090 10.545687 0.225578 34 139 34
-23.883838 -9.315016 0.104802 139 69 19
-20.394871 9.421168 0.528828 34 139 34
-3.456985 -7.196558 -0.221222 34 139 34
-22.444915 22.935142 0.482445 139 69 19
-8.362374 6.227741 -0.063013 34 139 34
-7.127894 -16.668741 0.567589 34 139 34
8.070693 12.068796 0.857643 139 69 19
-6.031867 23.042254 -0.189915 34 139 34
24.177956 24.951671 0.365323 34 139 34
15.247656 -22.948452 0.569676 34 139 34
21.074034 -20.166975 -0.854564 139 69 19
-12.189391 -16.397937 0.535637 34 139 34
20.460697 -13.692385 -0.433451 34 139 34
-11.546312 16.462889 0.319988 34 139 34
1.560717 -8.368776 -0.430764 34 139 34
3.439536 24.716338 0.608860 34 139 34
-18.882524 -5.453003 -0.039924 139 69 19
23.480743 19.579894 0.614692 139 69 19
-6.682239 -8.697616 -0.375381 34 139 34
-6.935607 19.302617 -0.183812 139 69 19
20.900221 -23.149792 0.145761 139 69 19
-19.073658 14.943553 0.608213 139 69 19
-19.500345 18.341730 -0.857563 139 69 19
20.080138 19.256085 -0.603709 34 139 34
-4.375896 -18.137931 -0.259757 34 139 34
-18.057642 -3.576701 0.115136 34 139 34
-20.299986 -22.956975 -0.475601 139 69 19
1.716170 -12.891330 -0.220272 139 69 19
4.499117 7.912835 0.385564 34 139 34
0.257091 -3.050921 0.251418 34 139 34
21.728022 -2.462004 -0.480053 139 69 19
-19.201553 -22.274117 0.668816 34 139 34
5.449544 -6.099113 -0.391509 139 69 19
15.706961 2.281404 -0.354100 139 69 19
8.565062 16.677184 0.594869 139 69 19
2.196315 3.180120 -0.771423 139 69 19
-11.190204 -8.416855 0.092346 139 69 19
-17.300206 -2.814905 -0.436094 139 69 19
10.717469 -11.072147 -0.012048 34 139 34
13.251837 16.659805 -0.518454 139 69 19
-20.078382 11.615207 -0.036479 139 69 19
-17.054912 5.060998 -0.452225 34 139 34
19.739297 -16.201257 -0.027782 139 69 19
-20.319286 -17.926518 -0.175181 34 139 34
7.098829 -17.800854 -0.170166 139 69 19
16.780511 24.895116 -0.990726 139 69 19
6.376281 -22.136960 0.553471 139 69 19
-6.193342 1.059351 -0.127722 34 139 34
-21.758653 -17.426007 0.177368 139 69 19
14.639170 -8.316914 0.968945 34 139 34
-3.436614 -17.091088 1.140159 139 69 19
-13.561349 10.231130 -0.104593 139 69 19
23.523612 21.499409 0.205388 34 139 34
11.966054 16.251909 -0.507225 139 69 19
5.555446 16.621445 -0.036252 139 69 19
-23.833795 -23.321613 0.552724 34 139 34
-14.334783 -18.834386 -0.448807 139 69 19
-24.734502 -5.301343 -0.204115 34 139 34
17.752201 -14.941745 0.060738 139 69 19
20.645955 0.440788 -0.500238 139 69 19
-11.600599 21.722072 0.209230 139 69 19
-5.112254 -8.323772 -0.709274 34 139 34
-8.829831 -9.043139 0.091501 139 69 19
18.126662 0.194713 -0.236366 139 69 19
-17.758047 -22.918871 0.913881 139 69 19
-22.999830 24.850956 0.070050 34 139 34
-12.731453 0.855492 0.191433 139 69 19
-23.816419 3.957893 0.345270 139 69 19
16.333684 7.487900 -0.560784 139 69 19
8.682365 -19.487854 -0.759374 139 69 19
2.967319 -19.042556 -0.087611 139 69 19
-11.262096 -4.536679 -0.790123 34 139 34
-8.238422 -9.742956 -0.007485 34 139 34
-10.687840 -9.596273 -0.761143 139 69 19
-20.383883 6.146142 -0.127952 34 139 34
2.132636 -7.037678 -0.148735 34 139 34
2.734285 21.088190 -0.545061 34 139 34
8.727892 -3.407735 0.090259 34 139 34
6.145570 -11.094041 0.299089 34 139 34
5.007942 17.422685 -0.114483 34 139 34
1.837932 24.415410 -0.429754 139 69 19
22.290343 0.332286 0.204579 34 139 34
-11.385938 -24.638188 -0.926587 139 69 19
0.056848 21.992565 0.549421 34 139 34
20.219233 14.371704 0.543905 139 69 19
12.647932 -11.008576 0.407960 34 139 34
-17.305281 -19.858514 0.884116 139 69 19
18.770865 9.978391 0.247439 34 139 34
4.712983 3.234569 0.352059 34 139 34
8.185813 -24.583579 0.404198 34 139 34
7.651961 7.856986 1.006980 139 69 19
-13.969127 -1.579528 -0.259421 139 69 19
-21.556456 18.448921 0.120251 139 69 19
7.203906 -18.235771 -0.184026 34 139 34
21.268326 22.290373 -1.141155 34 139 34
-12.547169 12.511579 0.230232 34 139 34
24.517054 -2.480268 0.315935 139 69 19
-16.713446 -6.467438 -0.107954 34 139 34
-24.192487 -13.679757 0.236811 34 139 34
16.605241 -11.974066 -0.680334 139 69 19
-18.260507 11.671043 -0.467450 139 69 19
-23.368416 17.946839 -0.606066 139 69 19
12.873496 7.514507 -0.431824 34 139 34
-9.576612 3.946976 -0.279636 34 139 34
19.495408 -22.815808 0.034895 139 69 19
-22.986163 21.987094 -0.807908 34 139 34
-3.866238 5.882497 0.372250 34 139 34
-24.880316 -0.023643 0.784228 34 139 34
-18.535525 -1.086593 -0.553329 34 139 34
-6.333125 -2.880636 -0.482148 139 69 19
-3.247695 -15.858835 0.701557 139 69 19
20.362893 24.929042 -0.427825 34 139 34
-4.051470 3.310352 0.127920 139 69 19
4.303470 -21.345577 -0.519119 34 139 34
-15.283327 20.752204 -0.510556 139 69 19
15.662483 -12.628130 -0.396349 34 139 34
-5.366812 -16.657224 0.381655 34 139 34
-17.989550 -17.906389 0.523491 139 69 19
5.726061 -22.761090 0.339334 34 139 34
11.890039 -21.202607 1.252323 34 139 34
8.096214 8.654877 -0.028023 139 69 19
-22.442368 23.052903 -0.293447 34 139 34
20.158934 -22.807885 0.029285 139 69 19
-15.720143 -19.118886 -0.313479 139 69 19
-5.981723 -7.982368 -0.354067 139 69 19
2.952419 -21.786606 -0.162068 139 69 19
10.880073 9.277235 0.351034 139 69 19
-14.383325 15.531240 -0.102415 34 139 34
23.071794 4.387987 -0.032491 139 69 19
23.591305 -4.247280 -0.202675 139 69 19
-8.508934 -8.603595 0.440559 34 139 34
-0.112165 12.461316 0.045817 139 69 19
17.158629 -15.928619 -0.821260 34 139 34
-23.187387 0.599082 -0.404700 139 69 19
-7.909167 -18.378112 -0.524787 34 139 34
-2.077504 9.905610 -0.483209 139 69 19
-4.844567 13.969377 0.078486 34 139 34
-0.631613 7.067716 0.890227 139 69 19
7.996996 -20.099972 0.367399 34 139 34
-9.591829 7.133538 -0.330199 34 139 34
12.404928 -7.541248 -0.237526 139 69 19
-8.483310 5.200856 -0.132852 34 139 34
-0.260346 23.635172 -0.683743 34 139 34
-23.654141 -8.909552 0.033692 34 139 34
7.065062 14.832882 0.529697 139 69 19
-5.612909 0.905883 0.317137 139 69 19
-2.890896 8.733845 0.205102 34 139 34
-15.069612 20.849518 -0.590371 139 69 19
15.663111 -3.081848 -0.244121 139 69 19
-2.781553 -22.167651 -0.766868 34 139 34
-19.825728 21.030417 0.697347 34 139 34
5.704517 9.916864 0.179542 139 69 19
19.297506 -20.530193 0.370103 139 69 19
-17.559515 -15.873481 0.607108 34 139 34
5.523802 -7.390192 0.136605 139 69 19
23.692624 -20.519240 -0.786062 139 69 19
1.839467 -18.299859 -1.566062 139 69 19
18.375021 -18.607419 -0.788802 34 139 34
7.008344 -14.468790 0.497474 139 69 19
-21.355054 13.457144 0.221866 139 69 19
23.655578 2.176706 0.810352 34 139 34
-17.278596 5.760564 0.097564 34 139 34
0.956441 -8.143143 0.187355 34 139 34
22.216731 -14.579933 -0.662897 34 139 34
-10.145662 0.519785 -0.543678 139 69 19
-22.293104 1.888322 -0.164510 34 139 34
-22.697261 -17.333954 0.057078 34 139 34
17.993169 13.332751 0.279604 139 69 19
24.241860 18.463745 0.367141 34 139 34
-4.864120 21.807099 0.046765 34 139 34
-9.595219 1.785749 0.066199 34 139 34
-15.621041 -2.710490 0.359803 139 69 19
14.204329 -20.057282 0.313914 139 69 19
-20.825303 -14.377138 -0.177710 34 139 34
21.861499 -15.892774 0.379241 34 139 34
-16.871122 13.478013 -0.789064 34 139 34
23.205575 -14.223923 -0.140812 34 139 34
-2.218734 12.676072 0.133362 139 69 19
8.601776 24.238365 -0.512777 139 69 19
11.399066 15.274476 -1.140883 34 139 34
0.117334 -23.549504 0.026843 34 139 34
15.180969 -10.134215 1.166304 139 69 19
-2.292687 13.115571 0.051720 34 139 34
21.148096 18.195125 -0.283698 139 69 19
-23.521449 -11.657216 0.367920 34 139 34
-2.203392 3.535700 -0.481879 34 139 34
-17.446705 15.754897 -0.856605 34 139 34
-19.433416 21.327332 -0.051020 34 139 34
18.445382 -3.125015 0.026744 34 139 34
-2.577033 -22.531268 -0.435266 139 69 19
24.041091 -14.080070 -0.613923 139 69 19
-5.996543 13.714647 0.743195 139 69 19
6.996148 -22.922028 0.811018 139 69 19
-13.608695 -11.703611 0.422128 139 69 19
-19.019230 15.511300 0.420789 34 139 34
22.431224 24.626788 0.813237 139 69 19
-14.162069 10.643197 0.284302 34 139 34
-2.995875 2.416910 0.304676 139 69 19
-22.521179 14.195104 -0.467622 139 69 19
-22.874365 22.661434 0.131267 34 139 34
9.521639 -3.313283 0.308980 34 139 34
-3.286377 -20.618389 0.093127 34 139 34
9.300210 -14.646521 -0.516930 34 139 34
20.833905 -5.926869 0.046463 139 69 19
-1.500698 -21.397710 0.303588 34 139 34
0.352554 -1.508753 -0.367018 34 139 34
3.760517 -11.010034 0.394081 139 69 19
-11.652593 -21.631644 0.549866 34 139 34
16.227773 7.918320 -0.250786 34 139 34
7.872908 8.780452 0.202937 139 69 19
18.232023 -18.362617 -0.681453 139 69 19
18.953330 11.935491 -0.098116 34 139 34
22.279501 7.668513 0.111779 34 139 34
14.090750 6.982193 -0.544234 34 139 34
12.979384 -0.695591 -0.040288 34 139 34
-5.665085 0.407802 -0.296319 139 69 19
-4.649123 22.232655 0.213536 139 69 19
16.651311 13.586910 -0.481388 34 139 34
-14.644700 19.757734 0.003397 139 69 19
21.083502 15.735027 0.451671 34 139 34
-14.984267 -10.481168 -0.310867 139 69 19
19.495151 -13.478669 -0.080449 34 139 34
4.809353 20.532747 0.043426 34 139 34
-12.746301 5.215751 0.039871 139 69 19
21.648720 -20.633515 0.224316 139 69 19
-10.577192 20.386514 -0.704393 34 139 34
16.268216 -3.516468 -0.079854 34 139 34
-13.120715 9.848765 -0.154268 34 139 34
-19.614434 -5.644794 -0.268407 34 139 34
-4.343903 19.174415 0.608429 139 69 19
-3.752863 12.952670 0.143491 139 69 19
13.951748 -22.853431 0.173827 34 139 34
-17.512090 -20.343174 0.473087 34 139 34
18.347503 -15.669787 -0.535020 34 139 34
-2.350949 -1.036824 -0.450655 34 139 34
-9.027365 -1.009937 -0.381912 139 69 19
22.455938 -17.277029 -0.925566 34 139 34
4.270456 -2.402555 0.667930 139 69 19
11.179139 8.203736 -0.417806 34 139 34
-21.809806 -17.706171 0.092160 34 139 34
4.472799 13.766566 0.213406 139 69 19
-9.889684 23.719211 -0.000052 34 139 34
-11.553885 15.330013 -0.010810 139 69 19
-17.787813 8.222954 0.007301 139 69 19
-6.873852 -10.768462 -0.121122 139 69 19
22.344814 3.311016 -0.402444 34 139 34
-1.007645 -12.115826 0.267530 139 69 19
6.820134 -11.257967 -0.131102 34 139 34
-8.125795 19.157636 0.542987 34 139 34
9.329121 24.108146 0.410680 34 139 34
7.977880 16.543100 0.950981 34 139 34
-3.991423 11.508325 -0.357060 139 69 19
-2.218220 -12.500093 0.255718 139 69 19
-13.239514 2.795981 -0.695811 34 139 34
12.925977 -2.600095 0.463515 34 139 34
0.150596 19.558553 0.218123 34 139 34
-13.973832 -11.406772 0.021054 34 139 34
17.687188 5.087311 0.175914 34 139 34
17.299204 10.733434 -0.107431 139 69 19
1.182997 7.217762 0.763071 139 69 19
8.810823 10.515177 0.579709 139 69 19
20.571609 -5.934611 0.253848 34 139 34
22.404006 -9.953737 0.379171 34 139 34
3.145116 -16.442260 0.515414 34 139 34
7.885981 -2.987866 0.418386 34 139 34
20.277189 -4.892432 -0.524899 34 139 34
-10.233422 18.689300 0.352200 34 139 34
11.653079 13.304185 0.462553 34 139 34
-0.508754 -19.133645 0.071146 34 139 34
-24.712272 -5.473091 -0.175495 34 139 34
17.931798 13.662283 -0.565787 139 69 19
-2.081264 -7.895963 -0.471737 139 69 19
17.841153 14.557721 -0.320907 34 139 34
-3.695256 -0.392722 -0.808183 139 69 19
-6.117662 15.188084 -0.084733 34 139 34
14.842436 -2.936452 -0.401232 34 139 34
-12.394138 5.850885 0.564875 139 69 19
-21.085570 6.804075 -0.420509 139 69 19
22.624948 7.188569 0.198211 139 69 19
-21.605091 -24.530420 -0.734890 139 69 19
-11.867974 19.592519 0.341377 34 139 34
-9.042307 21.832586 0.164717 34 139 34
5.560237 20.421387 -0.232808 139 69 19
21.248413 7.119457 1.031668 34 139 34
9.763167 15.909238 0.001814 139 69 19
-15.050282 14.154889 -0.194650 139 69 19
22.847537 20.704960 0.137679 34 139 34
22.068501 -0.459140 0.392658 139 69 19
-21.502048 -2.830922 0.006195 34 139 34
21.275581 -19.880820 -0.301078 34 139 34
16.926616 -1.692752 0.066824 139 69 19
-1.202393 11.347939 0.390766 34 139 34
-5.723214 -0.986102 -0.081137 139 69 19
10.138096 15.739207 0.220320 34 139 34
18.714676 4.460387 -0.216341 139 69 19
-1.748562 2.169982 0.747766 34 139 34
-16.090407 6.756533 -0.284190 139 69 19
-6.174849 -1.339843 0.307155 139 69 19
-1.052082 24.335298 -0.327274 139 69 19
-23.484829 15.845583 0.520464 139 69 19
17.855598 7.032443 -0.039277 139 69 19
22.181874 6.675265 -0.531661 139 69 19
-22.357978 17.122069 0.412296 34 139 34
-18.794601 19.082726 -0.256529 139 69 19
-16.153877 -6.957140 0.651469 34 139 34
9.827694 0.138728 -0.252284 139 69 19
22.975907 -2.622134 -0.169011 34 139 34
18.485139 6.929781 -0.217056 139 69 19
-19.939252 13.156595 0.286182 34 139 34
14.841533 7.970041 0.211582 139 69 19
16.064390 -15.334392 -0.775609 34 139 34
0.489653 -9.285395 -0.490151 34 139 34
-12.815627 -7.891492 -0.566354 139 69 19
-12.375177 -13.094654 -0.015385 34 139 34
24.501336 5.945244 0.062802 34 139 34
5.179903 16.996220 0.313892 139 69 19
14.240605 17.687150 -0.639377 34 139 34
16.810391 18.323579 0.125034 139 69 19
-6.526676 22.609280 -1.005333 139 69 19
-18.650790 18.726451 1.447524 139 69 19
-11.402800 -12.447611 -0.169851 139 69 19
-11.810140 19.859777 -0.487996 34 139 34
-18.595859 -24.799000 -0.157978 34 139 34
-23.101254 -12.007427 0.198435 139 69 19
23.610395 -20.535981 0.613679 34 139 34
0.590206 -9.364649 -0.848764 34 139 34
-19.937311 3.454656 -0.803969 139 69 19
-16.504340 13.605936 -1.170628 139 69 19
-22.128943 23.745942 0.231229 139 69 19
11.746908 -18.903252 -0.108665 139 69 19
9.078083 -16.381466 -0.270105 34 139 34
-23.552673 9.806975 -0.067055 139 69 19
-1.638657 -0.425923 -1.307529 139 69 19
6.270238 -19.986411 0.725428 34 139 34
1.402657 -19.544641 0.492952 139 69 19
19.275388 1.245120 -0.278803 139 69 19
-16.589868 -10.705414 -0.966318 139 69 19
14.654914 -15.136173 0.199759 34 139 34
-15.190314 -13.123111 -0.688077 139 69 19
18.479606 18.225479 -0.146068 139 69 19
-10.464429 24.081543 0.808534 139 69 19
-1.142611 -23.865546 -0.799529 34 139 34
9.184812 -8.762448 -0.616230 139 69 19
23.196084 -12.276084 0.140412 34 139 34
-9.778505 19.818571 -0.539707 34 139 34
-12.518931 24.432894 0.079230 139 69 19
-6.870328 -9.439707 -0.261272 34 139 34
21.375136 16.869865 0.149310 34 139 34
-7.772459 1.251268 0.174879 34 139 34
22.984468 -0.455189 0.653552 139 69 19
-2.493204 16.157151 -0.292006 34 139 34
-7.223321 -8.550960 -0.588042 139 69 19
11.871767 -6.229569 0.087355 139 69 19
18.210258 24.872742 -1.120383 34 139 34
-1.959411 -5.787368 0.897872 34 139 34
-6.997854 12.814459 0.637864 34 139 34
23.874366 -22.001820 -0.854606 139 69 19
20.275428 8.147474 -0.024247 139 69 19
7.054055 14.708228 0.038793 34 139 34
-12.412765 -22.048747 -0.603528 34 139 34
13.764334 1.221253 -1.354551 139 69 19
-13.462761 0.127942 0.321196 139 69 19
10.759462 -2.878401 0.752311 139 69 19
-1.166786 19.781697 -0.884907 34 139 34
-13.615329 22.586224 0.635052 34 139 34
-8.609862 2.899675 -0.223443 139 69 19
10.879337 -13.384181 0.210617 139 69 19
-5.196031 7.494972 -0.372221 34 139 34
-4.818454 -13.430064 0.128944 34 139 34
-3.972607 -19.154782 -0.154103 139 69 19
13.671452 -0.053743 -0.198683 139 69 19
15.352743 -19.287780 -0.057544 139 69 19
-0.900844 -2.194915 0.034308 139 69 19
7.786470 17.346429 0.196501 34 139 34
6.811886 -16.634781 -0.153884 34 139 34
19.863433 0.365360 0.564770 139 69 19
-12.384160 11.789678 0.499338 139 69 19
-23.632331 11.469485 0.056488 34 139 34
20.072273 -16.836617 0.237037 139 69 19
-19.752589 -5.199419 -1.039818 34 139 34
-10.793381 -9.868710 0.410633 139 69 19
-12.977374 15.549352 0.190580 34 139 34
-18.875202 -17.363024 -0.045613 139 69 19
2.665130 -14.169523 0.278573 34 139 34
10.164586 -13.876810 0.102123 139 69 19
19.589434 -11.929220 -0.125426 34 139 34
8.910262 21.204988 0.208674 34 139 34
10.792830 1.206877 -0.251672 34 139 34
-16.806624 -20.324031 0.108977 34 139 34
2.111394 8.663882 -0.554653 34 139 34
7.534668 -5.864986 -0.216245 139 69 19
9.352735 21.173107 0.210381 34 139 34
21.581540 -2.784782 0.585323 34 139 34
-22.363226 6.005794 0.603457 34 139 34
-10.725436 12.429833 -1.078543 139 69 19
21.626786 22.751408 -0.290146 34 139 34
-15.777611 16.337868 -0.041081 34 139 34
-23.085117 8.252188 -0.889029 139 69 19
11.418247 4.720197 -0.944965 34 139 34
-12.747568 -13.382287 -0.587544 139 69 19
19.548341 -2.183411 0.551816 34 139 34
7.057233 -5.892346 -0.194900 139 69 19
-1.243039 -9.295744 -0.431853 139 69 19
-12.205266 -0.244336 -0.630309 34 139 34
-24.004279 7.071164 -0.236018 139 69 19
-9.598935 -12.899991 0.029135 139 69 19
20.070189 7.356516 0.201808 34 139 34
-6.909548 17.020732 0.615053 139 69 19
-22.994971 11.687057 0.159073 34 139 34
-24.525854 17.223041 0.270258 139 69 19
-24.145836 3.162518 0.720959 139 69 19
6.474082 -20.286686 0.385419 34 139 34
7.949351 8.245743 0.170033 139 69 19
-0.048062 -22.887183 -0.246300 139 69 19
14.983724 -2.904864 0.659064 139 69 19
-16.068247 -4.151877 0.275503 139 69 19
-15.234990 1.890680 -0.198755 34 139 34
15.287089 2.022728 0.574016 34 139 34
7.769832 -4.302274 0.270899 139 69 19
10.740226 1.208356 0.485373 34 139 34
-22.532878 23.344944 -0.556842 139 69 19
6.290930 21.749450 0.841341 34 139 34
0.755688 8.315398 0.125315 139 69 19
-24.393806 -8.701274 0.330267 34 139 34
-11.012720 7.968866 -1.107485 34 139 34
13.785951 14.045018 0.828038 34 139 34
13.974555 -11.818269 0.091595 139 69 19
-18.337538 -16.919899 -0.865424 34 139 34
8.816437 1.897711 0.200204 34 139 34
-3.909862 10.476765 0.684240 34 139 34
-9.815817 -9.587832 0.440262 139 69 19
18.894916 19.720794 -0.911080 139 69 19
22.192713 0.297086 0.458388 139 69 19
-2.766739 -22.337638 0.821633 139 69 19
-23.768656 -8.016963 -1.049886 139 69 19
-1.503035 11.087113 0.400905 34 139 34
-19.396459 -16.781773 0.263877 34 139 34
-2.165345 24.757906 1.055438 34 139 34
1.671661 -9.207308 -0.298209 139 69 19
24.660104 -14.953411 0.153151 34 139 34
4.431086 -7.938925 0.191988 34 139 34
-4.491728 -20.453624 0.059430 139 69 19
21.137419 19.295339 0.407744 34 139 34
16.731899 12.474080 -0.028492 139 69 19
2.814805 7.108513 -0.090295 139 69 19
3.438107 -10.595675 -1.006148 34 139 34
-7.972586 22.100320 -0.432839 34 139 34
13.106218 3.796349 0.059213 139 69 19
-14.761854 -8.668553 0.468705 34 139 34
24.694864 4.447894 -0.690781 34 139 34
4.283213 -5.861931 0.222437 139 69 19
22.030899 0.534242 0.958704 139 69 19
-16.750269 8.240582 0.946967 139 69 19
-0.173930 10.129359 -0.481184 34 139 34
-15.582643 18.499439 -0.288649 34 139 34
20.849704 -2.392924 0.515968 139 69 19
10.997856 18.712503 0.147230 139 69 19
-20.012202 -2.351676 -0.134322 139 69 19
0.362575 6.516349 -1.271086 139 69 19
1.463049 -17.240755 -0.052411 34 139 34
13.428883 7.747312 -0.884408 34 139 34
3.055656 -20.829299 -0.029407 34 139 34
6.015122 3.022108 -0.184265 34 139 34
17.005474 -15.963600 0.023562 34 139 34
17.871104 -1.657430 -0.024064 34 139 34
-18.537410 -11.126923 0.363999 34 139 34
18.704263 12.961836 0.193175 34 139 34
-18.128551 11.246541 -0.093580 139 69 19
4.752105 -6.983763 -0.454122 34 139 34
-17.500261 -16.893052 -0.020467 34 139 34
-12.733595 -18.994918 0.681270 34 139 34
17.466800 -16.444082 0.603904 34 139 34
10.771191 -3.248469 0.255048 34 139 34
-13.589463 -20.004669 0.290515 139 69 19
8.915072 17.479507 -0.248804 139 69 19
-12.685357 3.270730 0.301176 139 69 19
-3.361337 6.997425 -0.121181 34 139 34
2.305798 7.933388 0.604294 139 69 19
-7.725684 -7.980522 -0.128184 139 69 19
-8.586104 4.243593 -1.191288 34 139 34
-17.292367 24.062138 -0.233470 139 69 19
-6.713824 -3.596865 -0.377273 34 139 34
-20.796655 -4.717270 1.002510 34 139 34
-10.280991 -20.411203 -0.064396 139 69 19
-10.180951 20.891235 0.375737 34 139 34
18.982122 -18.577925 -0.099861 34 139 34
1.980899 -16.535056 0.021369 139 69 19
23.847473 -3.974929 0.394166 34 139 34
10.911719 -18.396076 0.094416 34 139 34
4.212662 -3.273443 0.155447 34 139 34
15.698205 -23.193779 -0.111122 139 69 19
-4.728406 -9.099687 -0.175797 34 139 34
13.486643 14.723074 -0.082028 139 69 19
21.607012 -9.714564 0.496303 139 69 19
9.802493 -7.628409 0.279161 34 139 34
-22.438038 -12.524396 0.180349 34 139 34
-1.181786 -9.428686 1.122766 139 69 19
-20.001058 11.779879 0.705065 139 69 19
-1.811357 11.257268 0.263567 34 139 34
16.137264 -8.184540 -0.666341 139 69 19
-13.702608 15.162909 0.402053 34 139 34
10.724744 -17.179385 -0.378560 139 69 19
-22.260700 22.257041 0.277167 139 69 19
10.788802 8.823253 -0.124449 139 69 19
22.280749 -11.801462 0.133358 34 139 34
-7.362708 -7.967422 0.118275 34 139 34
-7.720674 6.435127 -0.009938 139 69 19
18.136452 9.618141 0.544783 34 139 34
-7.595604 14.437979 -0.245355 139 69 19
9.058234 2.920321 0.291370 34 139 34
-9.623271 7.180049 -0.439018 34 139 34
5.995272 -11.824268 -0.114743 139 69 19
14.757480 9.855198 -1.306602 139 69 19
-22.310906 11.413722 0.035294 34 139 34
9.509536 -0.473331 -0.116100 139 69 19
4.855333 23.713124 0.449724 34 139 34
-12.046530 -4.790729 -0.491077 34 139 34
-8.926024 -10.416793 -0.107434 34 139 34
-16.076869 -10.427184 -0.149914 34 139 34
24.888126 -15.068943 0.263874 139 69 19
-18.391719 20.629905 -0.184461 34 139 34
8.993553 -5.499678 0.223609 34 139 34
-15.997559 -9.468709 -0.319885 34 139 34
12.309248 -21.160807 -0.418151 139 69 19
22.475170 10.148417 -0.294175 34 139 34
-10.546429 8.657397 0.427022 139 69 19
21.089143 20.444978 0.021073 139 69 19
0.422733 -22.325555 0.149736 34 139 34
4.469245 2.636022 -0.175896 34 139 34
2.019977 17.024777 -0.298531 34 139 34
7.323766 19.923302 0.141932 139 69 19
-3.516924 -21.525688 -0.127366 34 139 34
-22.244572 -3.794531 0.285655 139 69 19
15.384410 -9.746528 0.151020 139 69 19
-8.816694 16.996122 0.860840 34 139 34
2.877771 -22.635614 0.301586 139 69 19
9.151058 8.785229 -0.529834 139 69 19
-0.271312 22.033250 0.241551 139 69 19
21.660253 -3.474562 0.414719 34 139 34
12.380940 24.984366 -0.561045 34 139 34
-10.228654 -11.222940 0.301306 34 139 34
-22.003292 -12.118216 -0.077841 139 69 19
7.419649 -13.185667 0.023540 34 139 34
8.969179 10.749713 -0.195935 139 69 19
21.667449 20.099192 0.113095 34 139 34
1.227158 -9.356494 0.106949 139 69 19
20.533678 -5.809790 0.523445 34 139 34
-0.934406 -11.221149 0.276490 139 69 19
-18.646367 7.966848 0.075632 139 69 19
-7.112958 17.160440 0.661773 139 69 19
23.635004 5.927171 -1.261480 139 69 19
-17.134617 -12.431865 -0.118040 34 139 34
24.055051 2.768125 0.108040 139 69 19
-22.088017 0.503822 0.809167 139 69 19
5.783915 -8.473391 1.221923 34 139 34
21.069136 10.848268 -0.189303 34 139 34
-1.866011 10.885923 -0.220783 139 69 19
-8.099682 13.176254 -0.031355 139 69 19
24.397017 -10.508057 -1.257585 139 69 19
15.434581 1.091719 -0.084887 139 69 19
-8.317813 0.783589 0.396120 34 139 34
-10.628330 16.064516 -0.657176 34 139 34
-4.931451 4.249607 -0.224268 34 139 34
13.804906 -20.504586 0.150515 34 139 34
-20.592340 16.228306 -0.263328 34 139 34
-16.830037 3.860561 -0.379488 139 69 19
-21.074918 11.513631 0.051276 34 139 34
18.846390 7.925091 0.731561 34 139 34
9.067690 4.045078 -0.298526 139 69 19
-22.192031 11.430686 0.173588 34 139 34
-12.835736 12.610325 -0.329071 139 69 19
-17.999533 13.503419 0.049005 34 139 34
-20.451725 7.456189 -0.501502 34 139 34
-6.569558 -10.646905 0.665905 34 139 34
-24.015140 2.976465 -0.850029 139 69 19
-24.805231 -3.857622 0.457346 34 139 34
19.656533 -16.947156 0.567986 34 139 34
-23.756784 -10.727621 0.062770 139 69 19
13.653754 0.906548 -1.092362 139 69 19
1.384110 -18.059680 -0.288270 34 139 34
-20.880660 24.947565 1.110915 139 69 19
1.676440 10.840076 0.155315 139 69 19
16.395240 16.024316 0.350906 139 69 19
-18.602281 12.236481 -0.141983 139 69 19
17.372979 19.216582 0.344126 139 69 19
-18.848836 24.482704 -0.039784 34 139 34
-1.583467 -13.523308 -0.365267 34 139 34
4.146582 -21.310188 0.095027 34 139 34
-23.262107 -10.767571 -0.871881 34 139 34
5.444838 -5.265038 0.085874 139 69 19
-20.113871 -24.908269 0.019226 139 69 19
0.958639 2.641506 1.042080 139 69 19
1.068002 11.810369 -1.053176 34 139 34
-13.902247 22.994848 -0.667179 34 139 34
6.598638 4.419429 0.659330 34 139 34
17.402862 -7.240837 -0.760566 34 139 34
18.608490 -9.520678 0.074725 139 69 19
9.674462 -0.180774 -0.244826 34 139 34
13.474674 -14.694698 0.005979 34 139 34
-14.906715 -13.375473 0.382843 139 69 19
-23.738754 6.294744 0.726102 34 139 34
-7.266696 15.503676 0.360351 139 69 19
17.918989 -15.818811 0.331556 34 139 34
19.146189 21.458840 0.588481 34 139 34
-21.374875 15.539753 0.087499 34 139 34
11.132202 -13.627055 -0.072862 34 139 34
-1.365254 -22.454658 0.445292 34 139 34
-7.884065 10.193723 0.574227 139 69 19
0.423888 -21.041636 -0.579411 139 69 19
7.944154 -18.781146 -0.131412 34 139 34
-9.794918 -8.118417 -0.249310 34 139 34
-23.544406 4.128934 0.047980 34 139 34
-17.321386 -14.057863 0.824350 139 69 19
-8.413784 -9.748583 0.063159 34 139 34
0.625247 2.409148 -0.219464 139 69 19
16.869660 -3.728576 -0.508565 139 69 19
5.168273 -1.276791 -0.123333 34 139 34
-8.927202 -11.435824 -0.637136 34 139 34
20.713389 17.306913 0.378690 139 69 19
-0.677757 -5.329124 0.080435 34 139 34
-5.746762 -6.614787 0.179046 34 139 34
-21.412139 15.464801 0.257104 34 139 34
8.322611 0.541069 0.920548 34 139 34
24.064626 22.049127 0.156365 139 69 19
-17.031360 -4.347352 0.709248 139 69 19
-6.586836 -12.216058 0.076391 139 69 19
16.701477 -18.223588 0.695235 34 139 34
10.712199 -15.764990 0.883391 139 69 19
-21.408718 15.659014 0.846428 139 69 19
14.127940 4.841336 -0.240935 139 69 19
-0.238699 -7.868328 0.681049 34 139 34
-24.485085 -6.045285 -0.263858 34 139 34
1.302165 3.622678 -0.758906 139 69 19
8.772806 -6.348201 -0.673473 34 139 34
3.475557 17.176262 0.718661 139 69 19
24.964890 21.656377 -0.012624 34 139 34
-23.367546 -24.666691 0.489072 34 139 34
-22.668905 -10.637166 0.131217 34 139 34
-12.175104 13.746745 0.064554 34 139 34
-23.577348 21.438777 0.103125 34 139 34
15.774350 8.309219 0.098309 34 139 34
-5.928774 3.568651 0.228711 139 69 19
-9.916642 -1.288934 0.688809 139 69 19
23.480650 -2.417529 -0.405203 139 69 19
-22.088422 8.690886 0.070264 139 69 19
-12.853239 8.706055 -0.246127 34 139 34
3.159504 -5.699232 -0.141666 139 69 19
-15.054764 16.154810 0.205418 139 69 19
-13.022788 12.831315 -0.854961 139 69 19
-16.639475 -2.040107 0.380780 34 139 34
22.549412 23.534516 0.710113 34 139 34
-8.433020 -9.453481 -0.813923 139 69 19
-12.783239 -6.532524 0.233520 34 139 34
-11.307327 12.295095 0.423444 139 69 19
-5.184687 22.690505 -0.744661 34 139 34
10.839545 -1.916050 -0.060004 139 69 19
13.844671 21.769949 -0.308012 34 139 34
-21.389854 -20.311092 0.529942 139 69 19
8.573189 23.518685 0.815656 34 139 34
8.808529 -14.157137 -0.081805 139 69 19
-9.968540 2.071679 -0.156714 139 69 19
-13.659835 17.954154 -0.286394 139 69 19
-2.589623 7.320305 -0.417680 139 69 19
-24.915609 8.578424 0.080864 34 139 34
-2.178805 -1.092004 0.668807 139 69 19
24.485774 -5.247124 -0.494636 34 139 34
-14.633703 -17.964521 -0.038162 139 69 19
2.494891 1.470517 0.195228 139 69 19
-10.300102 -0.533876 -0.366806 34 139 34
15.196816 -9.402946 0.046985 139 69 19
-16.764491 18.276694 -0.173180 139 69 19
-22.478423 -21.392259 -0.429387 139 69 19
-7.103821 -11.216960 -0.021929 34 139 34
-20.835217 -11.259164 0.313439 34 139 34
-19.172016 24.927834 0.001815 34 139 34
21.492829 6.795820 0.361379 34 139 34
-7.515531 -6.426845 -1.160588 139 69 19
-13.061696 -3.528030 -0.368766 139 69 19
13.355569 -10.612508 -0.019978 34 139 34
14.028468 21.749926 0.055265 139 69 19
-8.909880 12.492397 -0.143309 34 139 34
21.244529 -19.893999 -0.049966 139 69 19
4.249658 -4.834244 -0.212067 139 69 19
21.273771 -1.798996 0.625206 139 69 19
-15.999529 2.495402 -0.602198 139 69 19
-6.729928 20.491894 0.168254 139 69 19
23.408711 15.091363 0.118007 34 139 34
-12.687736 17.236316 -0.114098 34 139 34
-16.496084 -21.873498 0.657696 34 139 34
14.255174 -20.898412 0.729778 34 139 34
-10.119783 1.219667 0.661835 34 139 34
-3.166952 -18.291560 0.925262 139 69 19
3.958186 -3.768707 -0.946023 34 139 34
4.218735 -14.009641 0.358664 34 139 34
10.086344 -17.923314 0.217630 34 139 34
1.899787 -2.536905 -0.449517 34 139 34
24.646684 -0.633149 0.019263 34 139 34
-8.424673 -20.718922 0.635898 34 139 34
2.671122 -8.328930 0.395156 34 139 34
-1.918396 -24.887378 0.470791 34 139 34
-21.384317 10.373313 -0.815636 139 69 19
15.430786 23.199747 -0.006234 139 69 19
6.370331 3.311367 0.206186 34 139 34
4.935873 -4.980130 -0.172210 34 139 34
-24.036614 -13.922736 -0.076354 139 69 19
12.494187 -21.038435 0.670046 139 69 19
-11.981208 12.327132 -0.244797 139 69 19
21.797759 7.719572 -0.014757 139 69 19
7.689908 -10.803113 -0.431022 139 69 19
-16.890070 10.967712 0.737704 139 69 19
-0.116804 -0.151739 -0.051936 139 69 19
-12.198387 -12.344074 0.172049 34 139 34
-12.973582 24.065094 -0.690214 34 139 34
4.077798 -14.561484 -0.512895 139 69 19
-3.657375 -1.303849 -0.459073 34 139 34
3.144700 9.942696 -0.007658 139 69 19
14.423595 -10.692260 1.277584 34 139 34
-8.028642 13.935183 -0.234474 34 139 34
-24.960199 -10.263020 0.336002 34 139 34
-16.764150 -23.202381 -0.181908 34 139 34
11.547211 10.473013 -0.101309 34 139 34
14.749213 3.703584 -0.609875 139 69 19
-17.327883 -9.740357 0.158845 139 69 19
-17.393573 21.690232 -0.500633 34 139 34
-15.111111 -23.525649 0.269509 139 69 19
-14.486596 -13.756853 0.462092 34 139 34
-20.543719 -3.367383 -0.681696 34 139 34
-22.040590 24.564926 -0.108654 139 69 19
-4.955173 16.979342 0.558834 34 139 34
5.122614 -8.063124 0.626152 139 69 19
-24.715032 -17.746747 0.564728 34 139 34
18.597278 16.995464 -0.507771 139 69 19
-5.258699 -2.583554 0.700522 34 139 34
-10.293488 -6.046390 0.941436 34 139 34
-12.618275 -3.688260 -0.185503 139 69 19
-10.901291 6.057638 0.556268 139 69 19
-9.488255 22.642550 0.668347 34 139 34
-0.069444 -17.833520 -1.165477 139 69 19
-1.298541 9.773674 0.251743 139 69 19
-21.507508 2.748061 0.136752 139 69 19
3.738000 14.317513 -0.176884 34 139 34
-19.204147 22.196482 0.262122 34 139 34
-23.913019 17.979880 0.468186 139 69 19
10.705399 -18.431176 0.193368 34 139 34
-8.318723 -22.496290 -0.064168 34 139 34
-18.255611 -19.558162 -0.489946 139 69 19
-10.777303 13.206051 -0.660498 139 69 19
3.040719 -19.397778 0.542632 34 139 34
13.569411 13.006710 0.054793 139 69 19
21.022579 11.542292 0.326253 34 139 34
2.975646 -5.505550 -0.451734 139 69 19
17.122508 -0.823911 -0.363470 34 139 34
-19.412492 -0.457712 0.058432 139 69 19
13.384742 -11.964951 0.628824 34 139 34
-5.180298 18.558134 -0.491564 34 139 34
-23.968435 -14.779302 0.759124 34 139 34
9.596940 -8.513797 -0.108711 139 69 19
-18.245875 23.609978 0.164724 34 139 34
2.173089 20.585937 -0.502166 34 139 34
-11.992779 15.302945 0.324218 139 69 19
-19.093479 1.217912 0.598913 34 139 34
6.327076 -13.195251 1.118348 34 139 34
23.102224 -12.431468 -0.177851 139 69 19
-0.160568 3.450867 -1.110658 34 139 34
-6.351249 5.557643 -0.633601 139 69 19
-8.837651 23.138554 -0.246728 139 69 19
-3.186705 -10.178615 -0.234675 139 69 19
-21.574694 7.507213 0.488803 139 69 19
-9.976304 -12.888729 -0.198157 139 69 19
22.225370 6.236693 0.431716 34 139 34
-21.161186 4.311351 0.394034 139 69 19
21.227348 -18.117181 0.035095 34 139 34
5.254863 -16.959545 -0.362255 139 69 19
-15.509928 7.366866 -0.014726 34 139 34
10.534614 -9.594225 0.918452 139 69 19
-17.394261 -14.698146 0.246835 34 139 34
23.094950 4.231162 0.072687 139 69 19
-23.472423 7.064195 0.347506 34 139 34
-9.078340 24.034792 -0.661160 139 69 19
-1.453766 -7.473095 0.595217 34 139 34
8.400793 -22.344122 0.173268 139 69 19
8.403953 20.552948 0.450494 139 69 19
23.293696 17.861093 0.561401 139 69 19
-16.313126 -16.840311 0.319464 139 69 19
-9.808172 -5.984279 0.029363 34 139 34
-17.732696 -12.157567 1.078866 139 69 19
16.828384 -1.541198 -0.696723 139 69 19
-22.004042 -10.114118 1.058079 139 69 19
-17.119517 -13.183677 -0.113235 139 69 19
19.249622 22.283074 0.097556 139 69 19
-13.943134 5.728251 0.555508 34 139 34
-8.660527 -9.496437 -0.389664 34 139 34
-19.823471 -1.062092 0.323544 34 139 34
10.879708 15.419847 0.072454 34 139 34
14.883836 -11.526555 1.140455 139 69 19
1.233709 -23.610376 0.560749 34 139 34
12.882765 -24.238850 -0.200883 34 139 34
13.680543 -18.383085 0.498096 34 139 34
13.117954 -0.499599 0.387779 139 69 19
-13.346456 2.180797 0.264848 34 139 34
-20.435053 3.789701 -0.304755 139 69 19
24.253183 8.532139 0.152627 34 139 34
19.097352 8.098137 0.324986 139 69 19
15.500345 -17.719049 0.473460 34 139 34
-11.625153 24.848012 -0.574605 34 139 34
10.659847 -5.758530 -0.451658 34 139 34
11.225806 -19.973575 -0.491941 34 139 34
-12.281457 3.281911 -0.021477 139 69 19
-0.481553 -24.627126 0.369291 34 139 34
-11.005985 -14.960088 0.375889 139 69 19
23.868861 5.627520 -0.309062 139 69 19
0.670616 -6.608883 -0.459949 139 69 19
-20.204771 24.894595 0.612690 34 139 34
-13.595335 -9.751437 0.478881 34 139 34
0.784177 -24.798876 -0.215296 34 139 34
18.380465 -19.534668 0.104100 139 69 19
-0.275319 -16.491525 0.556867 34 139 34
-18.676897 5.302785 -0.126258 139 69 19
-20.533824 4.129199 0.704962 139 69 19
19.776584 -6.728836 -0.117827 34 139 34
11.575063 -24.562573 0.327886 139 69 19
24.768971 14.983213 -0.090462 139 69 19
-24.432597 -20.456516 0.205015 34 139 34
-10.743402 -12.580443 -0.350355 139 69 19
-12.238189 20.194792 -0.325071 139 69 19
17.350359 -17.162216 0.745343 34 139 34
-22.215902 -21.507368 -0.527240 139 69 19
19.460959 -2.589655 0.698327 139 69 19
5.942162 7.530181 0.798127 139 69 19
3.049078 -18.918586 -0.141872 139 69 19
-0.546060 -4.499369 -0.413236 34 139 34
0.736540 3.084664 0.274462 34 139 34
7.559745 -7.434404 -0.484333 139 69 19
-2.565528 22.858532 -0.845861 34 139 34
-18.790174 20.406625 0.288412 34 139 34
-22.261460 21.780318 1.207765 139 69 19
-15.792178 15.192337 0.359943 34 139 34
-4.421908 -3.706324 1.007101 139 69 19
-1.600559 1.801500 -0.732939 139 69 19
-15.494143 -7.408172 -0.023771 139 69 19
15.636328 -21.138047 0.423663 34 139 34
3.907720 -11.676292 0.627909 139 69 19
13.624855 -7.636924 -0.038011 34 139 34
-20.165694 15.968386 -0.155381 34 139 34
-5.746214 -14.447924 0.659920 34 139 34
5.644992 -24.979013 0.123228 139 69 19
10.599362 -11.654275 0.212775 139 69 19
-2.098943 24.420150 0.352709 139 69 19
8.409567 22.810763 -0.031840 34 139 34
2.749717 16.967395 -0.799856 34 139 34
23.433226 17.313090 0.289647 34 139 34
-4.761412 -16.495488 -0.255070 139 69 19
12.496683 15.594368 0.293307 139 69 19
-13.005170 6.924098 -0.658327 139 69 19
-23.957869 24.613233 -0.132929 34 139 34
-5.300865 11.390420 0.006491 139 69 19
9.241945 16.365985 0.508414 34 139 34
-14.441021 21.974500 0.581596 139 69 19
-14.889658 -0.551334 -0.821080 139 69 19
19.007362 22.619802 -0.512177 34 139 34
-4.941451 2.125144 4.558197 178 34 34
-2.230662 2.832347 4.500112 178 34 34
0.042993 1.760253 1.729180 128 128 128
-3.037457 3.254322 11.652675 128 128 128
-2.993149 3.437667 8.169120 178 34 34
-4.561887 3.626839 3.979159 178 34 34
-4.958813 2.801383 6.009731 128 128 128
-3.562246 4.070480 13.168414 128 128 128
-1.685809 2.446898 2.402878 128 128 128
-0.196759 1.320367 7.715466 178 34 34
-1.038201 3.321308 12.361467 128 128 128
-3.262318 2.315808 14.318618 128 128 128
-4.508851 2.404659 3.702511 178 34 34
-2.547718 2.316421 8.039523 128 128 128
-2.587624 3.184609 6.229370 128 128 128
-1.807358 2.072344 0.454517 128 128 128
-6.507237 2.255408 13.068979 128 128 128
-0.057650 4.036897 7.028999 178 34 34
-2.657501 1.683851 11.899879 178 34 34
-3.787653 3.945319 13.309078 128 128 128
-4.671798 1.944215 7.278004 128 128 128
-2.324240 1.619523 9.473318 128 128 128
-6.832584 3.377703 11.127644 128 128 128
-6.566500 2.226075 2.056747 128 128 128
-1.139891 2.710149 11.218489 128 128 128
-5.347715 1.012888 14.084219 128 128 128
-0.747314 3.422412 13.430519 128 128 128
-4.402775 3.586066 10.921730 128 128 128
-5.631692 2.808142 9.908084 128 128 128
-0.853071 3.939304 11.177269 128 128 128
-0.257276 2.541459 4.287717 128 128 128
0.005656 1.368176 11.564734 128 128 128
-1.476043 2.428490 5.502102 128 128 128
-5.425057 3.273951 4.039396 128 128 128
-5.811405 2.583759 10.474593 128 128 128
-2.886284 3.859526 8.133775 128 128 128
-5.542030 1.549936 5.043654 178 34 34
-3.518565 4.040534 2.689679 128 128 128
-3.060398 2.084199 8.845150 178 34 34
-6.021939 1.699767 10.778626 178 34 34
-3.393633 2.499856 8.741253 128 128 128
-5.187599 3.050050 5.159547 128 128 128
-2.753477 2.059860 8.372250 128 128 128
-1.375905 1.405104 12.916029 128 128 128
-2.153734 1.243348 0.904696 178 34 34
-3.232878 3.787731 2.954839 128 128 128
-4.047653 2.929732 3.132688 128 128 128
-4.458368 3.492160 0.451819 178 34 34
-5.692846 2.594899 10.812626 128 128 128
-5.651217 1.963086 3.443501 178 34 34
-3.876700 2.254983 6.259686 178 34 34
-3.959408 2.499118 4.469405 128 128 128
-6.531766 2.440246 7.089439 128 128 128
-2.821557 1.722937 6.054849 178 34 34
-1.680950 2.172886 13.524224 178 34 34
-5.771162 1.577867 4.405054 128 128 128
-4.666745 3.085191 8.113102 128 128 128
-4.131143 3.587045 7.642475 128 128 128
-4.019417 2.293149 7.201687 128 128 128
-5.838541 3.179325 7.715655 178 34 34
-2.235382 1.174587 6.452955 128 128 128
-3.233333 3.886579 11.561596 128 128 128
-6.300725 1.995900 4.623341 128 128 128
-6.560774 2.559702 5.559447 178 34 34
-4.588049 2.918399 4.048944 128 128 128
-0.356213 1.959441 10.890539 128 128 128
0.101243 3.795333 7.863066 128 128 128
-5.603368 3.799378 4.391329 128 128 128
-2.653499 4.015285 12.745786 178 34 34
-2.834034 2.412147 6.332323 128 128 128
-4.300924 3.795675 2.828830 128 128 128
-5.217034 1.920469 6.134912 128 128 128
-5.192314 2.622950 6.254828 128 128 128
-4.967786 3.371788 8.789458 128 128 128
-6.120345 1.069102 13.635990 128 128 128
-6.443253 2.257112 11.857264 178 34 34
-0.141087 2.269066 4.718022 128 128 128
-1.368015 2.253027 13.556375 128 128 128
-2.243963 2.804353 4.509749 128 128 128
-1.276547 1.475697 5.298934 128 128 128
-6.369441 1.956390 3.206269 128 128 128
-3.936025 3.257086 11.313037 128 128 128
-3.931395 1.630362 5.740410 128 128 128
-0.984385 2.280802 3.105673 128 128 128
-4.900706 3.338925 5.562509 128 128 128
-4.654236 2.056598 5.950781 128 128 128
-3.802133 4.054543 13.609856 128 128 128
-3.312091 2.556425 8.742852 178 34 34
-4.221130 3.051322 0.035648 128 128 128
-2.002600 1.211066 13.663819 178 34 34
-2.298555 2.670715 1.018650 128 128 128
-3.044859 2.419535 10.576159 128 128 128
-5.512570 2.213084 9.464213 128 128 128
-3.843279 3.040830 7.734849 178 34 34
-0.376944 2.603761 8.655047 128 128 128
-4.476698 2.649243 3.040968 128 128 128
-2.805633 2.787219 13.112187 128 128 128
-4.936899 1.363304 8.620657 178 34 34
-5.741108 3.898884 7.961025 178 34 34
-1.326932 1.158771 1.290436 128 128 128
-3.601259 3.088188 11.459150 128 128 128
-6.444982 2.119481 5.034891 128 128 128
-1.243971 3.200974 4.830638 178 34 34
-2.179425 2.768096 11.864350 178 34 34
-5.566567 2.531406 5.138768 128 128 128
-5.017882 3.402890 8.896013 178 34 34
-4.753603 3.434135 12.607564 128 128 128
-0.800142 3.520657 4.607489 178 34 34
-5.445488 1.875694 7.770026 128 128 128
-5.960831 2.721577 10.083519 178 34 34
-5.506665 2.934662 14.728230 128 128 128
-1.762242 1.181655 10.202163 178 34 34
-1.277399 3.365809 9.713655 128 128 128
-5.922674 3.111663 3.301235 128 128 128
-3.568148 2.581866 1.626225 178 34 34
-0.739502 3.173555 9.716997 178 34 34
-4.923423 1.259388 7.129792 128 128 128
-1.009097 2.838519 11.649721 178 34 34
-5.340904 2.852848 3.406800 128 128 128
-2.153351 1.366396 7.313145 128 128 128
-1.695139 2.179176 2.796293 128 128 128
-1.261889 2.978252 4.608604 128 128 128
-6.583419 3.799979 7.954761 128 128 128
-5.318593 2.780659 0.808580 178 34 34
-2.265501 2.589004 10.032054 178 34 34
-3.056702 2.342992 12.067322 128 128 128
-6.415272 4.018245 14.102315 128 128 128
-0.293280 1.625560 13.196827 128 128 128
-0.941509 3.444256 10.559399 128 128 128
-1.151547 1.924487 1.667825 128 128 128
-3.483044 3.225760 1.863983 128 128 128
-4.295171 3.892016 5.100828 178 34 34
-0.168848 2.319726 8.198536 178 34 34
-5.964733 2.129312 13.346078 178 34 34
-4.501017 2.362796 4.980039 178 34 34
-1.455383 3.987308 8.028735 128 128 128
-2.753235 1.579588 11.903266 128 128 128
-0.808034 2.342992 3.939463 128 128 128
-3.791741 2.772075 10.871133 128 128 128
-6.148913 1.352784 5.863954 178 34 34
-2.342621 3.272966 0.080126 128 128 128
-4.931198 2.878957 9.600728 128 128 128
-3.849387 1.859260 12.510499 128 128 128
-2.746656 3.777205 5.484551 178 34 34
-0.402404 1.135393 10.479636 128 128 128
-3.551017 1.472124 9.072134 178 34 34
-5.417000 3.201613 7.128962 178 34 34
-2.831456 4.049752 6.181862 178 34 34
-2.814284 1.112569 8.103260 128 128 128
-5.351781 0.995989 3.605471 178 34 34
-3.601881 3.098809 10.610917 178 34 34
-2.348882 1.752260 0.384016 178 34 34
-5.496700 2.156971 0.561188 128 128 128
-4.790204 1.502750 0.382420 128 128 128
-0.719463 3.850300 7.332921 128 128 128
-2.969882 1.771394 1.121297 178 34 34
-4.623159 1.204520 9.608938 178 34 34
-0.845304 2.148316 14.580028 128 128 128
-2.572736 0.998890 10.798132 128 128 128
-4.968543 1.379656 11.851723 178 34 34
-3.213829 3.731429 11.782272 128 128 128
-5.539507 1.842694 5.843649 178 34 34
-2.329715 1.778323 10.576997 128 128 128
-1.338529 1.052979 12.795418 128 128 128
-1.272703 1.216156 4.464242 128 128 128
-2.016270 1.541820 8.310642 128 128 128
-6.073780 4.066843 11.047075 128 128 128
-0.247177 1.483938 8.656537 178 34 34
-6.657101 3.475250 8.389858 128 128 128
-4.349911 1.860715 2.443819 178 34 34
-0.379321 3.288276 6.686391 178 34 34
-0.883489 3.372600 6.347231 178 34 34
-6.655920 2.712291 2.781702 128 128 128
-4.566233 3.105500 6.490551 128 128 128
-6.289800 2.314048 14.209780 128 128 128
-3.657874 1.473398 8.209544 178 34 34
-2.400148 1.602636 12.085540 128 128 128
-0.231038 1.949887 0.305902 128 128 128
-4.130709 2.948473 4.761177 128 128 128
-5.780616 1.155143 10.216281 128 128 128
-0.612137 3.830572 11.680116 178 34 34
-4.821325 1.179090 14.033313 128 128 128
-6.308011 4.065870 1.806683 178 34 34
-2.583363 2.565160 2.876209 178 34 34
-1.628006 1.020599 9.907543 128 128 128
-2.679636 2.291763 9.260300 128 128 128
-2.709726 3.456243 0.970999 128 128 128
-6.343683 3.486965 12.337681 128 128 128
-0.576268 2.376588 4.854112 128 128 128
-2.264321 3.510818 2.453348 128 128 128
-1.176329 2.728963 6.362208 178 34 34
-0.003381 1.341140 0.703023 128 128 128
-0.959201 1.085980 4.244618 128 128 128
-0.651221 2.705122 10.698749 128 128 128
-5.235748 3.468515 8.955870 178 34 34
-1.382134 1.064611 2.732397 128 128 128
-4.169860 3.425646 0.439686 178 34 34
-4.796481 3.444269 10.629488 128 128 128
-3.862860 1.096831 7.601458 178 34 34
-1.880264 1.200071 14.017775 128 128 128
-6.730594 2.162103 4.600667 178 34 34
-3.233345 3.935690 9.679268 128 128 128
-0.270379 2.317648 10.881196 178 34 34
-3.274506 1.730271 10.668825 178 34 34
-5.683927 3.553949 9.961317 178 34 34
-1.896401 1.646401 11.249104 128 128 128
-0.342798 2.164544 10.876648 128 128 128
-5.002387 2.465047 8.355434 178 34 34
-2.917084 3.781105 7.711766 178 34 34
-6.740651 2.298643 7.606537 128 128 128
-3.232711 2.685577 14.545113 178 34 34
-4.672735 3.161402 2.537642 128 128 128
-0.004173 3.615557 14.158248 128 128 128
-5.892741 2.422640 8.213236 128 128 128
-3.936026 1.634920 1.249875 178 34 34
-2.242406 4.040787 4.509946 178 34 34
-1.730124 3.557514 3.486712 128 128 128
-6.098235 1.582062 4.664856 128 128 128
-6.805978 2.132398 9.123507 128 128 128
-1.847311 3.841727 12.677862 178 34 34
-6.043159 2.355565 4.150716 178 34 34
-6.262689 2.920633 12.014471 128 128 128
-2.544009 2.352923 8.964249 178 34 34
-3.444886 2.978764 9.586169 128 128 128
-3.567161 1.500633 14.120650 128 128 128
-0.746920 1.455257 12.139186 128 128 128
-2.985810 1.704651 3.703050 178 34 34
-0.502598 1.916904 2.567036 128 128 128
-1.814513 2.233615 0.334989 128 128 128
-0.500201 2.929357 10.111349 128 128 128
-3.220474 2.427521 3.845046 128 128 128
-4.197926 3.563163 12.107478 128 128 128
-4.273564 3.604576 14.532616 128 128 128
-3.856062 3.500119 4.886345 128 128 128
-4.726491 2.769120 11.715277 128 128 128
-0.686292 2.783868 3.435170 128 128 128
-3.277279 2.294453 13.870980 128 128 128
-4.090969 2.752416 3.578739 178 34 34
-3.755453 3.985323 3.831807 128 128 128
-6.274298 3.637060 3.801241 178 34 34
-2.695934 1.909471 3.479121 178 34 34
-3.556529 3.719277 10.365825 128 128 128
-5.106495 1.347543 8.639643 128 128 128
-0.048056 1.625844 14.304528 128 128 128
-5.418947 1.564519 14.059436 128 128 128
-3.705851 3.474007 8.374741 128 128 128
-1.417733 3.718490 8.138845 128 128 128
-2.752610 2.735126 12.918603 178 34 34
-0.683036 3.967667 11.366151 128 128 128
-5.680861 1.306158 0.295347 178 34 34
-2.933158 3.431977 7.069653 128 128 128
-3.302258 2.891571 5.902587 128 128 128
-1.264846 2.779152 0.933429 178 34 34
-1.454929 2.453530 2.052813 128 128 128
-1.395998 2.180532 13.465439 128 128 128
-0.088318 1.351651 13.728269 128 128 128
0.072758 2.269071 10.804442 178 34 34
-4.613734 3.432044 11.420036 128 128 128
-4.665712 1.231269 2.185386 128 128 128
-4.213258 3.922613 4.030118 128 128 128
-2.653133 1.316654 6.199839 178 34 34
-4.172707 3.873245 8.547540 128 128 128
-0.413560 3.598474 14.314936 128 128 128
-4.396235 3.821600 1.051901 128 128 128
-6.668173 1.383164 5.483585 178 34 34
-4.902654 4.063026 4.305251 128 128 128
-4.541905 1.539256 2.748890 178 34 34
-2.856695 1.064833 1.534190 178 34 34
-0.210229 1.872873 10.504558 128 128 128
-6.077524 3.488399 9.368198 128 128 128
-2.189280 1.656398 13.504900 128 128 128
-1.222950 3.700366 9.775237 128 128 128
-2.146938 1.659474 8.986767 178 34 34
-0.769236 2.136719 2.755369 128 128 128
-5.106838 1.338384 9.023841 178 34 34
-1.177911 1.861378 6.199308 128 128 128
-1.240621 1.282498 8.800590 128 128 128
-5.465619 1.350084 7.376664 128 128 128
-6.529129 4.023228 14.139408 128 128 128
-0.054990 2.416001 4.859133 128 128 128
-3.452182 3.822967 0.083484 128 128 128
-3.841811 1.432310 5.243575 178 34 34
-6.183817 1.863596 12.674263 128 128 128
-6.408071 3.639686 8.043708 128 128 128
-5.270163 2.773342 13.259731 128 128 128
-3.487137 2.242038 13.217567 128 128 128
-4.922317 1.690800 5.996028 128 128 128
-5.381087 1.694967 0.399807 128 128 128
-0.302571 3.142493 13.272188 128 128 128
-1.852999 2.144489 1.825744 178 34 34
-0.225717 3.107511 9.282962 178 34 34
-0.269159 1.634063 5.095185 128 128 128
-2.562407 1.295250 6.318612 128 128 128
-1.458972 2.402477 5.948506 128 128 128
-4.161898 2.383779 12.972374 128 128 128
-2.192332 1.255544 1.736760 178 34 34
-2.997493 2.733036 0.488742 128 128 128
-4.038655 4.065535 13.933570 178 34 34
-3.401917 3.885385 11.240760 178 34 34
-6.172483 3.521554 2.431086 128 128 128
-3.998061 2.890272 5.032251 128 128 128
-4.659776 1.335918 2.958344 128 128 128
-2.376455 1.712001 0.444314 128 128 128
-4.334399 1.507641 14.172538 178 34 34
-0.202355 3.964239 0.055319 128 128 128
-1.611093 2.766368 0.425660 128 128 128
-3.804803 3.350520 12.786597 128 128 128
-4.163782 1.110518 6.115541 128 128 128
-4.255539 1.891219 7.997765 128 128 128
-4.150638 2.656793 12.195598 128 128 128
-0.247980 2.272449 10.247250 178 34 34
-5.251305 0.980836 3.432752 128 128 128
-4.487503 3.785378 10.380796 178 34 34
-0.599293 2.823977 8.371040 128 128 128
-3.504063 2.497107 5.770450 128 128 128
-4.217411 3.103880 4.807020 178 34 34
-6.499433 2.638756 6.413529 128 128 128
-4.710286 2.661110 4.250296 128 128 128
-2.292629 3.447257 2.702209 128 128 128
-6.362056 1.977377 4.586821 128 128 128
-5.141184 1.510681 5.702625 128 128 128
-0.657676 1.044984 14.376498 128 128 128
-0.984536 2.182551 1.509878 128 128 128
-6.306469 3.779047 6.895209 128 128 128
-3.782163 2.533493 5.214242 128 128 128
-6.064192 2.804855 6.484626 128 128 128
-0.044520 2.145539 4.623131 128 128 128
0.046565 1.239179 7.193075 128 128 128
-5.460553 2.039780 10.668561 128 128 128
-0.880577 3.525855 10.255145 128 128 128
-4.691831 3.078977 5.735355 128 128 128
-6.834130 2.420385 3.296801 178 34 34
-0.440944 3.200203 0.714317 128 128 128
-1.512695 1.432440 11.512211 128 128 128
-0.010571 3.925710 12.788910 128 128 128
-4.489693 2.194993 14.325080 178 34 34
-2.959077 1.974078 2.227464 178 34 34
-6.073231 1.885878 14.041542 178 34 34
-4.370584 2.992157 7.705775 178 34 34
-1.137853 4.001268 10.163881 178 34 34
-5.034585 2.991549 7.468191 178 34 34
-6.212791 3.550028 3.056059 178 34 34
0.093456 2.101309 7.291920 128 128 128
-1.363921 3.959313 8.536983 128 128 128
-0.830822 2.965965 6.869644 178 34 34
-4.696524 1.707388 10.367116 128 128 128
-3.744817 3.614639 10.822595 178 34 34
0.048596 3.866495 11.708378 178 34 34
-0.003324 2.257969 11.380207 128 128 128
-5.684133 2.363721 14.558493 128 128 128
-5.046860 1.202751 9.689398 178 34 34
-4.160042 2.894336 0.382590 178 34 34
-4.078963 2.313423 8.771280 128 128 128
-2.947148 3.467381 12.078314 128 128 128
-5.435377 3.263756 3.870516 128 128 128
-4.787722 2.796056 0.223052 128 128 128
-5.511106 2.927574 13.967645 128 128 128
-5.304644 2.474639 4.071627 128 128 128
-0.036417 1.380421 11.001984 128 128 128
-2.627945 3.859766 3.330202 178 34 34
-4.203376 2.814000 7.062466 128 128 128
-5.914183 2.054580 9.581046 178 34 34
-6.892048 0.990588 12.581353 178 34 34
-2.959187 3.405122 1.874855 128 128 128
-2.979136 1.585138 4.102312 128 128 128
-3.199350 1.635746 1.897585 128 128 128
-3.009040 2.748377 3.184123 128 128 128
-2.560813 4.041285 10.768549 178 34 34
-3.134634 2.266655 1.082912 178 34 34
-6.823978 1.626499 0.863589 128 128 128
-0.538154 1.895291 7.314838 128 128 128
-2.693810 2.763991 6.424274 128 128 128
-1.957586 1.388245 13.383803 128 128 128
-0.569639 2.066165 11.285520 128 128 128
0.007231 2.971884 5.501773 128 128 128
-6.536655 2.838433 10.204662 128 128 128
-5.988293 3.500677 2.078502 128 128 128
-6.828339 1.444143 4.828872 128 128 128
-3.135191 1.834768 1.471711 178 34 34
-0.799867 1.272796 8.547738 128 128 128
-0.214337 3.027410 2.429200 128 128 128
-5.324211 1.383977 13.325371 178 34 34
-6.336287 3.022273 9.093195 128 128 128
-1.807447 3.061668 9.186437 128 128 128
-3.355668 2.436891 1.765697 178 34 34
-6.356139 3.091522 12.240899 178 34 34
-0.892526 3.699399 14.415510 128 128 128
-4.937759 2.255115 6.600378 128 128 128
-6.435509 3.470392 8.117900 178 34 34
-5.161393 2.245498 9.912129 178 34 34
0.094641 1.912805 0.792573 128 128 128
-0.853936 1.480355 8.212384 128 128 128
-2.119723 3.014704 12.289435 128 128 128
-0.204357 1.836295 1.061494 178 34 34
-5.280653 2.241157 2.764687 178 34 34
-3.914144 2.668239 4.632957 178 34 34
-0.772715 2.328462 7.323599 128 128 128
-1.031297 3.269830 10.465301 128 128 128
-3.190286 1.614595 0.441878 128 128 128
-2.979524 3.754616 2.885404 128 128 128
-6.619519 2.496702 9.659590 128 128 128
-0.633575 2.405195 10.499122 178 34 34
-4.942413 3.945065 5.712324 128 128 128
-5.540610 2.618505 0.317160 128 128 128
-0.869647 2.635001 0.939093 128 128 128
-6.143029 2.812289 8.023697 128 128 128
-2.500331 3.198990 2.667415 178 34 34
-0.357056 2.012794 6.359015 128 128 128
-4.560668 2.327577 13.622923 128 128 128
-2.465712 1.530222 9.664072 128 128 128
-4.271831 3.133826 12.188669 128 128 128
-2.090899 3.930056 4.559743 128 128 128
-0.296312 1.576744 0.418620 178 34 34
-6.592913 3.715192 0.087928 128 128 128
-0.294162 2.110733 1.027032 128 128 128
-6.720445 1.739607 4.200255 178 34 34
-3.247597 3.796620 7.553169 128 128 128
-2.296145 4.060156 0.595580 178 34 34
-3.373409 1.382701 6.060471 128 128 128
-2.438658 1.182602 8.713417 128 128 128
-2.317303 2.998597 8.455232 178 34 34
-6.201589 1.647077 6.400025 128 128 128
-3.300633 4.058975 7.078065 128 128 128
-2.999120 3.154364 11.364296 128 128 128
-2.019501 3.883686 13.900708 128 128 128
-1.938212 3.154984 11.537546 178 34 34
-0.280046 3.008199 7.545619 128 128 128
-3.673120 3.621906 5.311489 128 128 128
-3.392308 2.731804 3.262545 178 34 34
-5.691170 2.940028 1.503614 178 34 34
-5.646873 1.560370 14.419481 178 34 34
-2.895335 1.743060 10.420291 178 34 34
-4.553318 1.482603 10.025421 128 128 128
-4.180682 3.494975 0.149607 128 128 128
-0.055696 2.843586 0.349427 128 128 128
-3.544817 3.349190 8.486946 128 128 128
-0.734813 1.916795 14.747897 128 128 128
-3.461808 1.291122 11.727246 128 128 128
0.039347 2.708952 2.807995 178 34 34
-6.847421 2.806670 10.289904 128 128 128
-0.087722 3.174731 3.975790 128 128 128
-1.340911 3.709385 12.501140 128 128 128
-5.454168 1.090235 10.745268 128 128 128
-5.061799 3.989042 4.689789 178 34 34
-0.852215 3.280760 11.233839 128 128 128
0.106418 3.187061 4.232892 128 128 128
-4.616563 1.575165 12.889473 178 34 34
-3.414631 2.132142 10.469642 128 128 128
-4.941865 2.055717 9.909186 128 128 128
-3.685618 4.037710 0.766132 128 128 128
-5.722616 1.072015 11.107280 128 128 128
-0.544709 2.610093 6.137627 128 128 128
-0.570825 1.779325 9.991876 128 128 128
-4.886133 1.510430 10.369731 128 128 128
-2.820650 1.359628 5.415900 128 128 128
-1.025049 3.809709 2.740520 178 34 34
-2.716753 1.226591 8.213043 128 128 128
-2.257087 3.812403 1.058926 128 128 128
-2.397192 1.561114 9.222163 178 34 34
-3.960534 3.487155 1.093502 128 128 128
0.023753 2.004676 13.095671 128 128 128
-0.694637 3.613614 0.858691 128 128 128
-6.319848 3.866781 3.428937 128 128 128
-5.871699 1.932712 13.305493 128 128 128
-5.145037 2.083428 8.032958 128 128 128
-0.171683 1.543119 4.355627 178 34 34
-5.894102 3.798011 3.819386 128 128 128
-3.786579 1.206779 14.262711 128 128 128
-3.121676 2.393835 10.218649 178 34 34
-5.962687 3.230811 9.244602 128 128 128
-2.793605 1.612128 5.698072 128 128 128
-4.142723 3.688260 10.770297 128 128 128
-2.943458 0.983633 6.791170 128 128 128
-2.682063 3.356157 14.134713 178 34 34
-4.407795 2.720169 5.369336 128 128 128
-3.150247 2.019847 1.434518 128 128 128
-4.087416 1.689611 12.463081 128 128 128
-3.622849 2.031537 5.071526 178 34 34
-4.787366 2.275196 2.725267 128 128 128
-4.572540 2.534861 14.416482 128 128 128
-3.555206 2.603921 11.292682 128 128 128
-0.430726 3.872965 14.348602 128 128 128
-6.549099 3.626573 2.615585 128 128 128
-5.389166 2.795959 5.648375 178 34 34
-0.456305 4.012149 10.893062 128 128 128
-2.105243 1.088755 13.425480 128 128 128
-5.489533 3.210122 8.065858 178 34 34
-2.843559 2.873755 11.841165 128 128 128
-3.954752 1.687546 6.094500 128 128 128
-5.030885 1.990611 14.190446 128 128 128
-1.394797 1.805805 11.398920 128 128 128
-0.501373 1.073322 11.778761 128 128 128
-6.082510 3.025685 8.768755 128 128 128
-0.790841 3.005734 9.216360 128 128 128
-1.474775 3.097124 14.189977 128 128 128
-4.529040 3.348227 2.621929 128 128 128
-1.480890 1.142347 12.154894 128 128 128
-0.585748 3.876164 8.504722 178 34 34
-0.194714 3.446177 13.226916 128 128 128
-0.790979 2.226403 7.343549 128 128 128
-5.375185 1.016191 0.945989 128 128 128
-1.493812 1.443720 2.076632 128 128 128
-5.567986 1.298289 12.248148 128 128 128
-3.737415 3.319529 3.249115 128 128 128
-6.046142 1.008581 13.200314 128 128 128
-1.996830 2.942325 13.868648 128 128 128
-4.047178 2.271979 12.058381 128 128 128
-3.471275 0.991304 14.676828 178 34 34
-1.435907 3.851774 2.075132 178 34 34
-4.623938 2.467581 11.476158 128 128 128
-4.589291 2.526476 1.194011 128 128 128
-6.632113 1.241472 9.307757 128 128 128
-1.298325 3.139780 2.165093 128 128 128
-4.353338 2.071429 11.273530 178 34 34
0.129811 1.506899 8.599592 128 128 128
-4.500540 3.354111 3.101458 128 128 128
-2.871255 2.079521 0.361634 128 128 128
-5.165366 2.302668 5.366540 128 128 128
-2.657366 3.065286 0.516832 128 128 128
-2.038593 2.015418 2.185661 128 128 128
-1.886630 3.158096 1.033700 128 128 128
-0.615615 3.590230 2.101644 178 34 34
-1.967948 2.755822 0.245415 128 128 128
-5.160322 2.386523 5.889439 128 128 128
-3.615845 3.236886 1.453263 128 128 128
-3.200337 1.525424 14.351859 178 34 34
-1.010535 2.198434 2.726901 128 128 128
-0.797414 2.184228 7.504786 128 128 128
-6.098701 2.139211 2.396328 128 128 128
0.023248 2.171039 3.107713 178 34 34
-1.861391 1.169773 11.633152 128 128 128
-0.790279 1.213260 3.526058 178 34 34
-1.190491 2.500563 8.771564 128 128 128
-6.045387 2.666650 4.214698 128 128 128
-1.241871 1.709768 14.651736 128 128 128
-5.327031 2.505321 6.941609 128 128 128
-6.464802 3.980076 1.914958 128 128 128
-0.009679 1.165330 7.522625 178 34 34
-3.370952 3.588207 3.514459 128 128 128
-0.190826 1.723689 13.527489 178 34 34
-2.235884 3.031408 6.814044 128 128 128
-2.065799 1.140642 0.498624 128 128 128
-2.594125 2.160817 0.967434 178 34 34
-1.612121 1.658096 10.241491 178 34 34
-6.555323 2.057800 10.051675 128 128 128
-4.401599 1.460134 14.128139 128 128 128
-6.571629 2.084537 14.654933 128 128 128
-4.144950 3.429707 8.237397 178 34 34
-3.181006 3.310025 7.234022 128 128 128
-6.230148 2.741678 11.063797 128 128 128
-2.526230 1.144404 0.956435 178 34 34
-3.714294 1.083069 7.873060 178 34 34
0.029032 1.038006 2.940788 128 128 128
-4.086607 1.236846 7.907310 128 128 128
-5.772079 3.770880 3.909495 178 34 34
-3.827918 1.669635 11.965862 128 128 128
-4.814916 1.319906 5.670839 128 128 128
-5.116605 1.199738 9.997670 178 34 34
-4.015058 1.597141 10.862521 128 128 128
-4.617766 1.467716 3.249580 128 128 128
-1.673671 1.004103 8.006665 178 34 34
-0.349660 1.854841 14.587363 128 128 128
-5.180229 3.981031 3.188981 128 128 128
-5.845172 3.808060 5.025133 128 128 128
-0.834538 3.185222 2.770836 128 128 128
-5.906855 1.597196 10.913107 128 128 128
-1.519283 1.799772 12.526099 178 34 34
-1.028583 2.421496 4.608122 178 34 34
-1.462186 2.549812 3.071978 178 34 34
-5.309722 2.461882 3.094425 128 128 128
-4.830405 3.577899 14.035567 128 128 128
-4.510074 1.175924 2.450178 178 34 34
-1.146528 3.590597 4.320288 128 128 128
-4.830226 3.708440 14.250920 128 128 128
-2.688856 3.990471 9.400059 178 34 34
-5.149581 3.383225 2.260082 128 128 128
-6.509643 2.739960 7.696663 128 128 128
-0.674255 2.933559 3.488129 128 128 128
-0.743003 3.085936 3.950420 178 34 34
-4.554523 1.774950 12.061334 128 128 128
-5.576753 1.626626 12.916141 178 34 34
-2.478906 2.396768 7.466230 178 34 34
-6.313424 1.530403 5.834891 128 128 128
-6.029870 2.106789 2.504398 178 34 34
-1.101425 2.838336 10.188685 128 128 128
-0.368662 2.036745 7.288479 178 34 34
-4.362450 1.138685 7.950198 128 128 128
-4.380374 2.932227 2.782527 178 34 34
-0.458893 1.929299 0.959490 128 128 128
-3.721984 1.615016 10.473232 128 128 128
-6.461919 1.107942 13.885378 178 34 34
-6.807851 1.445218 6.500763 178 34 34
-0.422666 2.420258 1.982639 178 34 34
-1.189293 2.650683 8.789210 128 128 128
-5.923398 1.197066 2.797605 128 128 128
-4.635074 1.703200 13.053116 178 34 34
-0.596942 2.865697 14.089548 128 128 128
-2.399606 3.310513 10.513686 178 34 34
-2.021541 1.182007 13.581697 128 128 128
-1.719568 2.861956 3.916659 128 128 128
-3.943143 3.883440 12.012271 178 34 34
-5.685984 3.854074 0.015118 178 34 34
-1.788967 1.942579 8.270993 128 128 128
-5.331530 1.148658 2.289721 178 34 34
-5.041446 3.243720 1.126842 128 128 128
-3.616829 3.181391 12.343713 178 34 34
-2.556705 1.517351 13.298337 178 34 34
-3.518864 3.243197 8.394744 128 128 128
-4.204437 3.450099 3.679692 128 128 128
-4.871554 1.258045 0.249263 128 128 128
-0.605336 1.194444 1.882668 128 128 128
-6.860389 3.009626 2.130655 178 34 34
-0.618511 3.817992 6.084277 128 128 128
-3.434301 1.233655 4.458843 128 128 128
-6.180297 3.096187 3.114965 178 34 34
0.070445 4.039733 4.515621 128 128 128
-2.007415 2.136947 7.974562 128 128 128
-0.405284 2.993926 10.144308 178 34 34
-3.640209 2.998287 7.458390 128 128 128
-0.590182 3.699350 8.822713 128 128 128
-1.729308 1.600187 2.497781 178 34 34
-0.784488 2.467716 14.610872 178 34 34
-3.831202 2.016427 12.660838 128 128 128
-6.336028 1.320342 11.458824 178 34 34
-4.122100 1.564128 10.391843 128 128 128
-5.396548 3.665134 0.421893 128 128 128
-1.201686 3.642254 4.921063 128 128 128
-3.090142 3.500644 7.441469 128 128 128
-2.857892 2.283788 14.024802 178 34 34
-3.515311 3.392850 9.027602 178 34 34
-5.070590 2.935678 3.026125 128 128 128
-2.005363 2.541822 8.834873 128 128 128
-0.911078 2.754444 2.804511 178 34 34
-3.062635 2.386923 11.071319 128 128 128
-2.569147 1.968945 1.230066 128 128 128
-6.521613 1.328094 8.739805 128 128 128
-4.748947 3.908897 1.892773 178 34 34
-4.701595 1.213926 14.582833 128 128 128
-2.251049 1.999033 3.232601 128 128 128
-4.770563 1.309025 4.024488 178 34 34
-6.144915 3.333516 5.045142 128 128 128
-1.404909 3.331706 7.004558 128 128 128
-4.528948 2.155318 7.181386 128 128 128
-0.378866 1.059701 4.237008 178 34 34
-0.415455 1.724991 12.237908 128 128 128
-5.457473 2.544367 9.453423 128 128 128
-1.995787 3.846340 13.427220 128 128 128
-6.224440 3.927451 11.935332 128 128 128
-0.210539 2.937333 5.880295 128 128 128
-3.347075 3.351106 1.415530 178 34 34
-2.674123 3.515915 10.050312 128 128 128
-1.164717 1.250888 7.800821 128 128 128
-1.662210 2.347755 12.047478 128 128 128
-3.523967 1.540983 0.417037 128 128 128
-5.688232 2.436820 11.491559 128 128 128
-5.260277 1.316822 0.204282 178 34 34
-3.309201 2.650467 4.574427 128 128 128
-2.791320 4.007437 0.839778 128 128 128
-5.521137 3.270297 3.015309 178 34 34
-3.147949 4.035775 13.211746 128 128 128
-2.881103 1.680672 1.429038 128 128 128
-4.750119 2.678288 14.748556 178 34 34
-5.971009 1.070153 5.967641 128 128 128
-4.377781 2.412994 1.420539 128 128 128
-2.853674 1.436386 5.410955 128 128 128
-1.696222 3.002017 1.786904 128 128 128
-6.239641 3.222378 3.597808 128 128 128
-3.428575 2.603412 7.068071 178 34 34
-3.987553 2.660414 0.170225 178 34 34
-1.880926 3.118338 12.201685 178 34 34
-4.747166 3.914790 0.680605 128 128 128
-4.665401 1.683146 14.738427 128 128 128
-1.718685 3.950555 1.157823 178 34 34
0.021783 1.029786 11.469814 128 128 128
-2.017125 1.957543 6.139407 128 128 128
-5.468206 2.938029 2.282942 128 128 128
-3.556668 2.201089 9.435112 178 34 34
-3.249845 1.908408 1.160594 128 128 128
-1.944496 1.053727 1.854489 128 128 128
-0.868507 3.151177 0.635707 128 128 128
-4.597753 2.183408 13.525316 178 34 34
-4.287610 1.312825 3.754017 128 128 128
-1.125303 1.566228 12.609922 128 128 128
-4.813750 2.660686 9.206408 128 128 128
-0.260279 3.609543 13.258001 128 128 128
-0.111432 2.266475 0.195993 178 34 34
-5.551931 0.985605 5.191199 128 128 128
0.021573 1.995380 0.598906 178 34 34
-5.706816 2.809858 13.783370 128 128 128
-3.800437 1.841657 10.096930 128 128 128
-5.206783 1.469247 9.283852 128 128 128
-2.150250 2.058317 4.098229 178 34 34
-3.447410 2.461230 8.595992 128 128 128
-5.027879 2.668830 11.328738 178 34 34
-4.804291 3.460250 6.927905 128 128 128
-1.593523 3.012033 9.074989 128 128 128
-1.758399 3.436644 8.823033 128 128 128
-1.369134 1.185457 8.407352 178 34 34
-6.459820 2.363161 2.776484 128 128 128
-1.482229 1.174300 1.906355 128 128 128
-0.253725 2.558426 7.111238 128 128 128
-4.789907 0.985817 14.020897 128 128 128
-3.461085 1.913646 0.805796 128 128 128
-4.686495 1.282136 5.982604 178 34 34
-4.638306 1.398409 5.756117 128 128 128
-2.308993 1.773039 7.725510 128 128 128
-5.855326 3.242737 0.158378 128 128 128
-3.274451 1.056358 10.525142 178 34 34
-1.163071 3.983500 1.533540 128 128 128
-5.968045 3.716249 5.808310 178 34 34
-5.801013 2.835344 6.468128 128 128 128
-5.489925 1.849730 1.553860 178 34 34
-0.685165 3.584569 8.375185 178 34 34
-5.176921 1.406139 12.077861 128 128 128
-2.283163 3.764523 6.726704 128 128 128
-3.144416 1.083006 9.731069 128 128 128
-1.357070 1.405072 2.640082 128 128 128
-5.789247 2.397997 8.802906 178 34 34
-0.826772 3.943119 0.521445 128 128 128
-5.925335 1.543466 1.379979 128 128 128
-6.653588 1.673210 9.485005 128 128 128
-4.383576 1.332454 11.278476 128 128 128
-1.932867 1.970637 2.898759 178 34 34
-0.861588 2.210325 9.330781 128 128 128
-2.739646 1.435993 8.900926 128 128 128
-4.072141 1.495550 5.270568 128 128 128
-2.234257 3.937143 2.778802 178 34 34
-4.906333 2.693320 8.191467 128 128 128
-1.447650 2.456368 4.204391 128 128 128
-5.081030 1.554844 12.280389 128 128 128
-5.452218 3.545123 10.453838 128 128 128
-3.023981 3.661165 7.486928 128 128 128
-3.410262 2.806409 0.170646 128 128 128
-3.441931 1.245956 13.244360 178 34 34
-4.838701 1.505290 4.623084 128 128 128
-3.002077 2.319803 2.539619 178 34 34
-5.978219 2.774886 14.342374 178 34 34
-0.623874 2.502627 10.146578 128 128 128
-3.349631 3.762194 6.179571 128 128 128
-3.619083 1.283188 0.989781 128 128 128
-5.709429 2.118970 2.598066 128 128 128
-0.560967 3.669900 0.286937 128 128 128
-3.557209 1.762666 2.042428 128 128 128
-6.120567 1.238439 4.561684 128 128 128
-2.921690 1.396170 3.426161 178 34 34
-3.487986 3.559312 13.388500 128 128 128
-5.106248 1.185131 10.362361 128 128 128
-5.172977 1.299682 6.980378 178 34 34
-0.145286 2.650648 10.054488 128 128 128
-1.250439 3.675993 8.959173 178 34 34
-4.285985 2.044073 5.839146 128 128 128
0.125977 2.104545 13.030904 178 34 34
-5.708236 4.008625 13.698557 128 128 128
-1.991027 4.056891 6.451620 128 128 128
-5.226364 4.039127 9.650506 178 34 34
-1.329206 3.772147 2.518841 128 128 128
-5.624824 2.760754 7.006418 128 128 128
-2.541679 3.704523 7.919786 128 128 128
-1.018626 4.003084 9.747203 128 128 128
-0.319971 3.327880 2.803953 128 128 128
-5.972295 1.633652 9.800136 178 34 34
-4.229140 2.871245 1.511586 178 34 34
-2.864674 2.139993 14.589362 128 128 128
-5.987763 1.134833 12.133510 128 128 128
-2.953475 2.405731 4.666758 178 34 34
-3.532073 2.477308 6.026245 128 128 128
-1.639501 2.555529 6.635256 128 128 128
-4.848921 1.807214 5.921769 178 34 34
-2.796726 3.332430 6.707894 128 128 128
-6.834322 3.002177 2.963848 128 128 128
-1.883358 1.647241 1.897322 128 128 128
-3.038293 1.248429 14.111474 128 128 128
-5.442385 2.325509 11.363391 128 128 128
-2.718304 3.595938 8.980619 128 128 128
-6.697403 3.497009 2.547208 128 128 128
-5.309767 3.532015 14.236892 128 128 128
-0.830706 2.993997 8.102722 128 128 128
-4.567341 3.979624 2.868996 128 128 128
-5.338343 3.762885 5.012887 128 128 128
-4.233212 2.622934 0.284145 128 128 128
-5.977378 2.223037 7.977187 178 34 34
-6.867911 1.395521 9.909444 128 128 128
-1.665790 3.441390 8.009969 178 34 34
-4.822840 1.184142 4.122170 178 34 34
-6.716140 2.875144 6.415104 178 34 34
-6.157420 4.022171 7.306493 178 34 34
-6.250303 2.979641 1.014957 178 34 34
-6.381780 2.077832 6.002534 178 34 34
-4.294091 2.422732 14.111745 128 128 128
-4.479035 3.408932 12.942900 128 128 128
-0.814796 1.123418 13.114347 178 34 34
-1.571510 3.467274 13.537620 128 128 128
-0.598039 1.022084 3.390484 178 34 34
-4.534821 2.149012 8.588338 128 128 128
-5.684124 3.866442 3.211782 128 128 128
-2.601159 3.422335 7.462340 128 128 128
-4.317025 3.607203 4.077322 128 128 128
-4.392035 1.613929 3.805496 128 128 128
-2.781267 1.665290 13.513326 178 34 34
-1.670276 1.938523 7.168747 128 128 128
-0.125913 2.578709 1.962322 178 34 34
-2.312822 1.064796 10.895016 128 128 128
-2.386655 3.723603 3.325919 128 128 128
-4.912030 3.717993 0.865103 128 128 128
-5.022304 3.800890 4.403023 178 34 34
-1.903382 2.968860 3.952574 128 128 128
-0.343835 1.729010 6.318201 128 128 128
0.101103 3.180720 3.445011 178 34 34
-3.039888 2.169654 12.008333 178 34 34
-2.221884 3.917421 4.178349 128 128 128
-4.417577 3.255132 6.155602 178 34 34
-4.230073 3.430426 9.169859 128 128 128
-2.088187 1.851012 5.535721 128 128 128
-5.952547 2.614487 13.926380 178 34 34
-3.489954 1.316315 0.666330 128 128 128
-1.703504 3.889453 9.129400 128 128 128
-0.303723 2.039415 9.639116 128 128 128
-2.599676 3.243937 9.832880 178 34 34
-0.994213 3.109796 3.154848 128 128 128
-2.714304 2.596131 5.522584 128 128 128
-6.849305 1.558290 0.377639 178 34 34
-0.473296 2.230160 1.181066 128 128 128
-4.968778 2.125726 13.679879 128 128 128
-1.496412 3.880443 10.312139 128 128 128
-3.345760 0.985262 14.066823 128 128 128
-5.226786 1.382010 0.499595 128 128 128
-1.286917 3.002177 7.202189 178 34 34
-1.560899 1.509018 12.802099 128 128 128
-4.392658 3.856851 12.960192 178 34 34
-0.828052 3.943309 7.376863 128 128 128
-1.675171 2.403006 10.976314 128 128 128
-1.482802 2.235704 5.544689 128 128 128
-1.191600 2.958025 11.991740 128 128 128
-3.418240 2.656693 2.257553 178 34 34
-4.126919 3.305067 8.701042 178 34 34
-1.105757 1.009746 0.570502 178 34 34
-3.202175 1.430574 6.522003 128 128 128
-2.449224 3.014239 5.637157 178 34 34
-5.146661 1.560897 13.745657 128 128 128
-2.042479 3.188672 1.588302 128 128 128
-5.205195 1.499678 0.410153 128 128 128
-0.504265 1.666917 0.842708 128 128 128
-6.556666 1.736093 1.052348 128 128 128
-2.041432 3.022841 11.121839 178 34 34
-4.490772 1.900421 6.156938 128 128 128
-5.410897 2.608776 14.420041 178 34 34
-0.861034 2.854900 10.706058 178 34 34
-1.205894 1.329544 0.051147 128 128 128
-5.306205 2.357542 9.923788 128 128 128
-3.530267 1.931425 1.949657 128 128 128
-1.237197 2.671527 14.275028 128 128 128
-3.567781 3.949258 6.071043 128 128 128
-2.914832 1.790106 5.539933 128 128 128
-6.416648 3.236564 11.145329 128 128 128
-2.154064 3.698191 13.022934 128 128 128
-2.513275 2.978971 9.461543 128 128 128
-4.147019 3.285627 12.417194 128 128 128
-2.238874 2.406439 2.463102 128 128 128
-3.686835 1.254682 1.977768 128 128 128
-5.275315 1.952957 3.946550 128 128 128
-6.378826 2.482086 10.758233 128 128 128
-4.877076 3.946626 10.268253 128 128 128
-4.145728 1.370677 5.310545 128 128 128
-1.180053 2.914463 2.429524 178 34 34
-6.870278 2.044118 4.077204 128 128 128
-1.421341 1.127899 4.846858 178 34 34
-4.941619 2.476309 14.126064 178 34 34
-4.070555 2.823639 12.160619 178 34 34
-3.933292 1.828510 9.615946 128 128 128
-2.367921 1.765321 8.155675 128 128 128
-5.742896 1.596789 8.674081 128 128 128
-2.549380 2.856380 2.726524 128 128 128
0.076748 1.737112 5.385586 128 128 128
-0.487670 3.721545 13.213628 128 128 128
-2.360336 3.051471 9.847520 128 128 128
-1.976985 1.099566 13.087467 128 128 128
-1.443118 2.340029 12.422144 128 128 128
-6.376355 2.337936 12.973351 128 128 128
-2.612472 3.583390 0.324787 178 34 34
-5.549008 1.638149 13.786397 128 128 128
-2.421839 3.841406 12.570445 128 128 128
-5.134140 1.918008 4.538781 128 128 128
-2.073369 2.654907 12.273635 178 34 34
-3.881103 2.100015 2.516080 128 128 128
-1.978396 1.312852 8.365463 128 128 128
-2.169491 1.675089 5.851876 128 128 128
-2.928653 3.332349 3.405927 128 128 128
-1.309020 1.957187 4.102061 128 128 128
-5.020945 1.260095 8.950727 128 128 128
-2.028444 3.104325 2.649749 128 128 128
-2.780076 3.140966 13.947754 178 34 34
-1.420663 1.469656 3.214704 128 128 128
-6.665415 1.875437 8.882165 128 128 128
-4.062111 2.055244 8.219385 128 128 128
-0.487719 1.832680 9.025922 128 128 128
-3.623791 3.656268 2.447034 178 34 34
-4.761208 2.503874 12.447504 128 128 128
-4.643263 4.001323 0.863261 178 34 34
-2.487194 2.240157 7.856151 178 34 34
-6.378354 1.542437 0.340834 128 128 128
-10.985540 15.136133 7.520916 178 34 34
-8.560970 12.775939 3.275263 128 128 128
-11.671276 16.611624 5.725281 178 34 34
-9.599108 15.178637 4.578912 178 34 34
-5.917055 15.222222 7.563042 128 128 128
-7.199314 16.412421 0.166457 128 128 128
-7.755128 10.697093 6.551975 128 128 128
-10.602150 9.710568 5.173569 128 128 128
-11.922744 12.355674 10.716929 128 128 128
-6.452599 13.607062 1.185415 128 128 128
-8.988652 15.560831 5.493565 128 128 128
-6.236084 9.595081 9.460018 128 128 128
-8.753372 15.885142 1.411258 178 34 34
-11.429989 12.116513 9.109608 178 34 34
-7.981598 9.042894 0.240897 178 34 34
-7.562468 11.016788 11.078126 128 128 128
-11.854206 15.697420 3.136883 178 34 34
-10.009273 15.303361 10.478116 128 128 128
-10.601563 11.669748 1.761246 128 128 128
-5.948882 9.225358 6.815808 128 128 128
-11.664386 10.012287 10.115009 128 128 128
-9.827096 10.925973 4.113753 178 34 34
-9.497256 12.081810 5.230219 178 34 34
-7.424871 10.346056 9.434932 128 128 128
-9.983248 11.625800 5.003824 128 128 128
-9.360661 9.099421 5.776690 128 128 128
-10.641156 15.211989 1.246237 128 128 128
-7.737669 10.583549 8.836840 128 128 128
-6.341794 14.103910 6.599123 178 34 34
-9.250735 12.614937 6.853270 128 128 128
-5.937642 12.601084 10.289674 128 128 128
-9.397836 16.617189 6.062734 128 128 128
-7.427299 11.192519 0.661720 128 128 128
-5.826653 15.459097 7.757766 128 128 128
-9.709214 10.593184 0.610621 128 128 128
-11.494886 9.613555 7.708023 178 34 34
-10.968509 9.059261 5.229634 178 34 34
-10.351980 12.795976 3.434178 178 34 34
-10.562585 10.531527 10.522794 178 34 34
-9.664627 9.384144 3.098724 128 128 128
-5.824008 10.886817 0.761862 128 128 128
-9.976101 14.703977 7.295826 178 34 34
-9.117331 15.335120 8.582979 178 34 34
-9.539343 9.458854 8.256052 128 128 128
-11.875491 9.672430 2.241544 178 34 34
-9.872220 11.508286 7.986507 128 128 128
-11.367246 9.232250 2.990600 178 34 34
-9.464374 9.039852 0.725897 128 128 128
-6.160597 15.557847 7.263743 178 34 34
-9.982401 11.777735 0.594450 128 128 128
-10.259980 11.213200 7.557321 128 128 128
-11.592829 10.390996 4.407929 128 128 128
-11.532181 11.982523 1.769575 128 128 128
-11.022532 14.163556 9.991466 128 128 128
-7.971084 11.262084 3.214871 128 128 128
-12.334221 9.873492 0.755817 128 128 128
-12.396470 9.070108 5.423100 128 128 128
-6.632246 16.243989 1.725752 178 34 34
-5.679477 12.976661 5.863061 178 34 34
-9.061256 11.291669 5.007924 128 128 128
-5.737711 10.021496 0.794707 128 128 128
-9.912008 9.764090 3.802846 128 128 128
-9.896108 15.437331 6.856832 178 34 34
-11.042484 12.387621 1.728214 128 128 128
-7.465532 15.004205 1.972519 178 34 34
-9.641487 10.713915 7.996769 178 34 34
-11.584111 9.136808 5.332520 128 128 128
-8.410840 15.003968 3.987703 128 128 128
-10.149961 11.204637 6.164515 178 34 34
-8.729973 13.413399 8.924680 128 128 128
-10.132734 15.994855 3.656594 128 128 128
-6.313284 9.405733 6.877930 128 128 128
-10.019075 10.814517 10.655471 128 128 128
-5.865827 9.216089 6.179740 178 34 34
-8.481545 9.209399 8.145948 128 128 128
-11.098255 9.034236 5.724276 178 34 34
-9.917777 11.338569 7.898684 128 128 128
-11.105551 9.461828 9.582491 128 128 128
-7.212002 15.283060 7.855018 178 34 34
-6.033645 9.886289 1.951320 128 128 128
-6.530016 11.217750 9.701980 178 34 34
-7.028800 14.447755 6.414425 128 128 128
-12.154059 14.675452 10.366925 128 128 128
-10.256817 14.807801 0.691495 128 128 128
-7.296792 10.897998 4.492203 128 128 128
-5.938957 16.164441 5.883469 128 128 128
-6.026381 9.133062 7.921913 178 34 34
-10.013585 15.006369 5.172895 178 34 34
-9.334667 11.997340 4.253210 128 128 128
-7.133904 9.055249 1.122445 128 128 128
-10.043375 10.564975 7.468354 178 34 34
-8.463632 12.792900 0.385557 128 128 128
-7.710047 15.361949 1.292518 128 128 128
-11.716060 11.941931 7.033683 178 34 34
-6.517892 14.743694 4.104613 128 128 128
-12.161302 16.588471 11.078768 128 128 128
-8.676876 10.963951 7.584590 178 34 34
-10.940360 13.442780 6.428829 128 128 128
-12.067863 9.231392 1.628228 178 34 34
-9.277789 11.755779 0.539026 128 128 128
-11.819937 15.141594 2.337247 178 34 34
-7.577593 14.272919 7.415233 178 34 34
-11.758025 15.397781 8.626057 178 34 34
-12.120555 15.778240 0.826227 128 128 128
-6.081294 12.632793 9.322042 128 128 128
-8.693085 10.719798 1.876700 178 34 34
-11.394108 10.858469 0.873728 128 128 128
-10.993482 13.689071 7.342469 178 34 34
-11.915928 14.314030 6.455042 178 34 34
-10.297520 14.882967 10.975572 178 34 34
-7.113113 12.791110 3.432445 178 34 34
-7.330942 10.802618 3.715982 128 128 128
-6.081445 13.184587 4.770585 178 34 34
-12.191522 14.476652 8.123253 128 128 128
-5.668371 10.047936 0.375387 178 34 34
-9.465831 10.734972 0.433092 178 34 34
-5.881976 15.601116 1.436969 178 34 34
-6.041800 14.693651 6.019853 178 34 34
-7.752648 12.464719 9.942728 178 34 34
-10.312559 10.881656 9.946339 178 34 34
-10.794587 14.492087 3.478533 128 128 128
-10.889539 12.625481 6.361949 128 128 128
-9.428146 15.822199 6.488895 178 34 34
-11.666637 12.549014 1.980478 128 128 128
-6.962016 11.744487 5.946864 128 128 128
-5.695455 12.261624 6.502794 128 128 128
-8.670481 15.160396 8.862675 178 34 34
-7.305026 14.160047 3.112980 128 128 128
-7.978935 14.198770 3.645350 128 128 128
-6.900764 10.894632 1.294547 178 34 34
-11.915002 15.292107 3.337456 178 34 34
-11.537911 10.339111 4.670465 128 128 128
-8.152327 14.100665 9.375853 128 128 128
-10.314235 9.893279 10.415500 128 128 128
-7.501002 12.217489 0.402118 128 128 128
-6.843027 14.355402 8.404803 128 128 128
-9.734746 14.776412 11.146805 128 128 128
-6.587566 12.711328 2.495576 128 128 128
-7.456386 10.539162 1.037905 128 128 128
-7.179928 10.392239 4.985500 178 34 34
-9.728232 11.209128 0.108968 128 128 128
-6.800993 14.425583 8.337053 128 128 128
-6.058941 10.098307 4.947210 128 128 128
-11.366972 11.411049 7.472342 178 34 34
-8.777892 9.153690 2.345152 178 34 34
-11.180227 16.648217 0.526489 128 128 128
-7.882861 9.924716 7.396028 178 34 34
-9.883635 9.031596 2.014302 128 128 128
-11.755487 11.123097 3.573944 128 128 128
-11.575368 13.138457 4.457562 128 128 128
-7.101627 15.247946 5.152701 178 34 34
-7.678675 10.754513 5.377199 128 128 128
-12.305381 13.468488 5.076115 128 128 128
-11.059207 15.879535 9.732502 178 34 34
-6.943800 15.428701 0.540507 178 34 34
-5.985633 14.244230 10.866453 178 34 34
-6.372548 15.599655 11.037402 128 128 128
-7.410012 14.242706 6.738551 128 128 128
-9.667480 10.105572 7.524094 128 128 128
-5.836839 13.814162 0.276408 128 128 128
-7.792297 16.553735 0.436970 128 128 128
-8.488414 15.173199 2.782722 128 128 128
-5.791830 11.614448 1.233664 128 128 128
-9.270913 12.122627 0.603481 128 128 128
-12.222476 14.289845 7.689149 128 128 128
-10.772475 15.306164 1.916613 128 128 128
-9.966526 16.332118 2.731464 128 128 128
-6.194425 13.401067 3.763048 128 128 128
-7.918543 10.915528 3.608258 128 128 128
-6.406490 12.128672 8.656933 128 128 128
-12.149556 9.145073 2.131447 178 34 34
-8.960197 16.101094 5.506722 178 34 34
-10.934727 9.602171 10.722470 128 128 128
-10.861431 14.425355 1.235304 128 128 128
-9.842950 14.485942 2.358412 178 34 34
-10.172696 9.476523 10.824678 128 128 128
-5.971910 11.791232 10.695339 178 34 34
-5.753050 10.098429 0.498271 128 128 128
-10.269458 13.503368 4.235741 178 34 34
-9.804790 11.297574 8.554749 128 128 128
-6.674116 10.634509 2.459645 128 128 128
-11.726030 13.268930 5.958799 128 128 128
-7.811110 10.577966 9.832321 128 128 128
-6.441409 9.929316 1.749865 128 128 128
-11.444394 14.507575 9.147678 178 34 34
-9.038158 9.179266 1.823082 178 34 34
-6.096074 9.770966 0.041649 178 34 34
-10.684656 15.092911 2.161126 128 128 128
-9.687985 13.669439 8.134997 178 34 34
-7.409555 14.297643 2.069339 128 128 128
-12.306380 15.529299 1.366472 128 128 128
-5.856322 11.623250 0.381538 178 34 34
-6.229379 10.593138 10.489786 128 128 128
-9.251444 13.063626 1.229024 178 34 34
-11.916091 12.435694 5.892773 178 34 34
-9.152375 13.609945 4.580763 128 128 128
-9.645743 12.054061 8.101258 128 128 128
-9.501312 13.944371 10.698781 178 34 34
-11.263711 14.293612 1.008557 128 128 128
-9.429547 16.634844 0.997101 128 128 128
-10.515269 15.387521 2.994658 178 34 34
-10.280329 16.576401 0.551457 128 128 128
-11.106689 10.336929 2.925419 178 34 34
-10.118958 11.811364 7.639726 128 128 128
-8.729579 15.946537 5.443068 178 34 34
-9.630291 13.668601 6.510542 178 34 34
-9.328500 9.670172 10.098385 178 34 34
-6.249300 10.303963 1.791635 128 128 128
-10.034052 12.333548 11.134190 128 128 128
-11.357589 13.605477 4.618590 128 128 128
-12.128342 11.850342 6.997996 128 128 128
-7.122791 15.542872 3.887492 128 128 128
-11.766534 16.447062 1.241431 178 34 34
-7.472704 10.245142 0.373447 128 128 128
-10.695609 14.141765 6.818084 128 128 128
-9.015417 11.480768 8.209852 128 128 128
-11.451545 13.958658 0.665356 128 128 128
-9.837931 13.659842 1.629874 128 128 128
-7.507147 16.174655 3.616108 128 128 128
-6.914919 12.129788 10.781119 178 34 34
-10.524533 9.286394 8.436184 128 128 128
-6.318769 14.130041 5.528597 128 128 128
-7.503033 15.262178 7.490235 128 128 128
-10.943358 14.834450 2.326570 128 128 128
-9.004364 13.377638 7.597315 128 128 128
-11.522908 15.629366 1.340375 128 128 128
-6.044777 12.304716 2.038572 128 128 128
-5.831928 11.778175 0.324595 178 34 34
-6.289507 11.790504 0.685067 128 128 128
-12.036936 12.445021 3.885645 128 128 128
-8.969375 9.037434 10.665775 128 128 128
-7.313509 10.587581 2.934092 178 34 34
-9.889662 15.896088 3.489091 178 34 34
-12.062046 14.006018 3.874149 178 34 34
-10.837715 11.801312 10.718651 128 128 128
-9.360864 14.687280 2.183759 128 128 128
-12.181786 11.926771 6.616291 128 128 128
-10.078754 14.171955 7.461578 178 34 34
-11.159071 10.029835 6.335758 128 128 128
-10.261439 15.751004 0.696376 128 128 128
-8.438151 9.098450 9.988299 128 128 128
-9.202618 14.220837 5.000117 128 128 128
-8.067544 14.989776 0.739442 128 128 128
-12.245033 14.844680 4.624065 128 128 128
-12.435321 15.744620 2.393121 128 128 128
-10.063040 14.037251 4.895025 128 128 128
-7.293180 10.191642 1.885919 128 128 128
-8.164811 9.603356 6.187650 178 34 34
-11.472354 11.505004 7.283857 178 34 34
-7.495218 10.228288 4.192331 178 34 34
-6.876311 9.514151 10.851986 178 34 34
-7.615545 15.583664 2.324460 128 128 128
-11.472385 10.506894 1.138858 178 34 34
-8.508848 9.503236 1.518046 178 34 34
-11.184017 9.179372 7.585998 178 34 34
-8.809041 12.362869 4.953797 178 34 34
-11.111794 14.970674 1.288994 128 128 128
-8.341533 13.346017 10.885449 178 34 34
-8.758658 16.187169 9.278739 128 128 128
-9.312093 10.312401 7.678011 128 128 128
-6.040691 14.515014 8.940917 178 34 34
-7.452039 14.204284 8.848655 128 128 128
-7.775766 13.916156 6.388191 178 34 34
-9.194574 9.428613 2.282656 128 128 128
-11.759315 14.721178 10.327021 128 128 128
-7.697331 14.649789 8.051757 128 128 128
-10.569627 13.834028 1.967915 128 128 128
-10.922309 9.322033 1.427374 128 128 128
-7.100743 15.594726 8.839381 128 128 128
-8.000060 11.815356 7.332696 178 34 34
-10.420994 12.189374 6.712959 178 34 34
-11.881399 9.222553 8.633489 128 128 128
-11.580088 12.936637 11.036025 178 34 34
-5.772199 12.175892 9.140336 128 128 128
-8.169550 14.577084 9.349887 128 128 128
-7.695657 14.277707 6.975324 128 128 128
-7.836607 13.768023 9.842968 128 128 128
-10.990294 16.656441 4.021339 128 128 128
-6.582190 14.574048 5.243373 128 128 128
-6.967728 12.322609 4.936540 178 34 34
-11.015950 14.690874 6.264737 128 128 128
-11.056175 14.203722 10.310180 128 128 128
-10.722533 15.000415 3.345284 128 128 128
-5.793564 9.353616 3.076685 178 34 34
-7.024486 16.374112 8.836278 128 128 128
-9.048042 14.607203 3.734739 128 128 128
-8.256348 14.677619 3.324958 128 128 128
-7.089934 16.009168 10.950213 128 128 128
-7.027590 15.920297 4.373510 128 128 128
-8.585810 10.852431 4.560592 128 128 128
-8.882018 13.881970 5.900415 128 128 128
-9.836975 9.290499 7.560728 128 128 128
-7.801442 15.815677 9.478534 128 128 128
-11.890887 10.396619 7.129985 128 128 128
-7.056256 13.914701 8.642628 178 34 34
-8.932763 10.236231 9.544256 128 128 128
-10.878805 12.855212 2.096793 128 128 128
-5.968790 11.593533 10.080844 128 128 128
-10.278817 15.679571 0.962752 128 128 128
-9.774236 14.804117 1.655467 128 128 128
-8.523551 15.500126 9.273668 128 128 128
-7.499269 11.379819 5.989992 128 128 128
-12.428207 14.618582 3.634433 128 128 128
-6.540179 15.543541 3.623713 128 128 128
-7.497995 12.658446 7.193954 128 128 128
-8.559281 10.082691 0.237477 128 128 128
-9.606584 9.028609 3.634917 128 128 128
-9.980999 15.997046 9.874832 178 34 34
-9.737087 13.687467 11.184928 128 128 128
-10.708389 12.463671 8.350292 128 128 128
-7.126200 10.951239 5.153100 128 128 128
-11.969111 10.363159 1.750391 128 128 128
-11.754664 11.877290 0.627139 128 128 128
-8.637734 9.776157 5.479473 178 34 34
-8.460953 13.957616 10.955278 128 128 128
-5.953760 11.761106 8.721146 128 128 128
-9.881820 12.881886 1.120177 128 128 128
-9.595320 14.750365 11.201251 128 128 128
-8.640093 9.720076 0.001857 178 34 34
-11.263022 11.367523 3.235997 178 34 34
-6.157304 9.425891 5.923423 178 34 34
-9.008300 14.545294 0.573895 128 128 128
-7.633690 13.552927 5.948813 128 128 128
-9.093098 13.863988 1.650139 128 128 128
-5.730832 9.301188 8.043871 128 128 128
-6.457510 12.789430 10.146929 128 128 128
-10.245389 11.053959 1.630659 128 128 128
-5.720604 11.450176 8.606011 128 128 128
-6.342417 14.469760 3.537500 178 34 34
-6.383025 10.120861 10.236777 128 128 128
-5.794653 9.776953 2.232085 128 128 128
-6.598689 15.423446 8.376589 128 128 128
-6.717686 16.421908 0.641244 128 128 128
-8.586718 14.630545 6.524761 128 128 128
-9.347551 14.585708 3.108059 128 128 128
-10.733369 13.575553 1.122118 128 128 128
-5.749957 16.226079 8.940469 178 34 34
-6.549603 10.414077 9.698548 178 34 34
-10.047840 13.067983 4.204224 178 34 34
-10.540663 14.121463 8.446029 128 128 128
-9.873930 9.829368 10.021692 178 34 34
-6.898971 15.759497 1.094606 128 128 128
-11.646133 13.102152 0.908878 128 128 128
-10.433866 9.113132 1.214010 128 128 128
-10.743613 12.361170 11.023898 128 128 128
-10.142889 12.723705 6.823791 178 34 34
-9.054085 15.961171 5.983506 128 128 128
-7.965278 16.434803 8.827293 178 34 34
-7.110533 15.705571 2.332634 178 34 34
-10.178297 9.206334 5.913594 128 128 128
-8.806187 14.058808 7.745439 178 34 34
-10.795150 12.962560 9.934828 128 128 128
-12.394382 9.843556 11.145057 128 128 128
-11.070025 11.470651 5.930156 178 34 34
-9.103864 15.631230 5.100263 128 128 128
-10.042981 11.420982 4.807846 128 128 128
-7.637460 11.851503 0.998552 128 128 128
-10.408975 12.119366 10.611868 178 34 34
-8.028903 9.937278 9.775718 178 34 34
-9.420897 13.514479 6.553386 178 34 34
-7.139532 10.505776 8.001517 128 128 128
-10.231612 14.400437 4.589163 128 128 128
-6.110539 12.588359 7.691617 128 128 128
-6.808784 14.468059 1.477471 128 128 128
-12.005947 9.581873 6.597238 128 128 128
-7.264353 10.857633 0.567082 128 128 128
-11.870120 15.492386 0.173160 178 34 34
-6.206597 11.220890 6.961770 178 34 34
-7.001966 14.623221 4.629475 128 128 128
-11.995359 14.632145 0.793392 128 128 128
-8.611786 12.774170 3.598169 178 34 34
-6.222143 9.791716 10.785391 178 34 34
-8.072019 16.594258 2.615260 128 128 128
-11.596062 13.874790 5.618910 178 34 34
-10.395472 15.099685 11.243004 178 34 34
-10.772177 16.205901 1.015276 128 128 128
-11.621445 16.031408 11.134043 128 128 128
-8.614470 16.259930 4.921369 178 34 34
-10.482001 16.109179 0.049644 128 128 128
-5.602705 15.819717 1.487454 128 128 128
-11.683055 13.041566 1.055862 128 128 128
-12.061306 12.027939 6.904267 128 128 128
-10.178551 13.692026 9.880866 178 34 34
-5.894719 11.572089 7.565743 178 34 34
-8.184500 15.710407 0.199375 128 128 128
-10.151044 14.570450 10.297861 178 34 34
-6.823937 13.644057 6.957906 178 34 34
-11.568947 11.122386 0.090923 128 128 128
-6.738399 14.016601 2.918286 128 128 128
-8.128094 12.232857 4.379560 178 34 34
-5.600579 13.984499 3.762955 128 128 128
-10.233088 10.106543 10.695542 178 34 34
-9.002355 15.942435 1.087262 128 128 128
-7.747987 9.177619 8.793994 128 128 128
-5.949265 13.246634 9.916254 128 128 128
-10.889847 13.670576 4.731576 128 128 128
-7.950744 15.964247 6.734724 128 128 128
-8.030304 12.604406 3.366134 178 34 34
-6.113190 13.331069 2.936992 128 128 128
-11.867894 14.734417 0.232768 178 34 34
-11.524846 10.073157 0.006740 178 34 34
-12.401756 14.961743 2.047763 128 128 128
-8.227309 10.330611 5.747092 128 128 128
-10.951743 13.366072 6.472871 128 128 128
-8.548642 10.519968 3.423837 128 128 128
-8.014772 9.219916 5.064812 128 128 128
-10.260703 15.329949 0.775088 128 128 128
-9.438119 9.231579 7.170601 128 128 128
-9.970620 11.657303 2.591761 178 34 34
-7.916119 13.393764 6.766349 128 128 128
-6.619040 9.497732 0.063636 128 128 128
-8.544927 13.361697 4.489385 128 128 128
-12.018362 13.960377 1.148821 128 128 128
-10.635689 10.957555 2.961524 128 128 128
-7.344337 14.324635 3.450034 178 34 34
-9.332308 15.593055 0.839681 128 128 128
-8.432575 15.411254 1.148105 128 128 128
-7.210876 13.580752 3.141776 128 128 128
-10.369246 16.202689 3.894476 128 128 128
-11.603725 13.863864 2.602714 178 34 34
-6.496680 14.735893 4.060891 178 34 34
-9.108368 11.793406 1.455903 128 128 128
-8.364572 16.544788 1.247386 128 128 128
-9.430761 12.880279 2.429403 128 128 128
-8.835023 9.824818 3.925326 128 128 128
-11.953405 14.862669 5.444746 128 128 128
-8.696586 16.570026 9.196837 128 128 128
-10.819424 15.134530 6.794254 178 34 34
-7.093112 10.671888 4.155194 128 128 128
-10.296730 10.394551 10.692458 128 128 128
-6.142993 9.228343 1.804134 128 128 128
-5.618604 11.060602 8.565844 128 128 128
-9.838097 16.258885 6.138567 178 34 34
-7.896116 14.723528 4.183551 128 128 128
-11.321934 13.538872 6.654264 178 34 34
-8.390778 9.500013 10.979677 178 34 34
-6.422511 9.204419 8.665694 128 128 128
-10.642087 13.763734 6.970881 128 128 128
-5.981721 14.886635 4.684891 128 128 128
-6.024082 10.006015 2.302992 178 34 34
-5.890556 15.215694 9.294516 178 34 34
-9.062687 11.347423 5.259545 128 128 128
-12.129316 14.030766 0.898224 178 34 34
-9.509076 14.277118 11.189562 178 34 34
-7.529179 16.627493 8.534949 178 34 34
-9.311604 11.733717 10.281793 128 128 128
-7.599567 15.891355 4.729338 128 128 128
-12.317392 11.434270 4.588552 128 128 128
-7.817351 14.694962 0.863298 178 34 34
-11.580642 15.486917 2.608868 128 128 128
-9.033499 14.902413 2.838642 178 34 34
-7.265788 15.064321 3.109084 128 128 128
-8.433469 16.591301 6.754342 128 128 128
-11.517823 14.145001 4.908507 128 128 128
-6.259733 16.152807 1.676385 178 34 34
-11.508145 15.355221 6.034274 128 128 128
-10.156914 10.928929 7.746751 128 128 128
-11.536987 16.447742 0.840496 128 128 128
-5.837363 15.796286 0.958227 128 128 128
-5.659473 14.578601 4.800938 128 128 128
-10.084543 13.774754 3.287128 128 128 128
-11.978060 14.085287 3.326110 128 128 128
-10.969857 12.329158 10.556746 178 34 34
-11.137105 15.353255 8.516126 178 34 34
-10.780805 13.332328 5.650853 128 128 128
-8.026426 15.918317 4.250198 128 128 128
-11.557799 11.078350 2.037672 128 128 128
-11.620951 15.840339 2.856709 128 128 128
-10.994215 15.264828 10.463313 128 128 128
-10.695658 14.970396 1.298889 178 34 34
-9.778277 11.207853 4.974225 128 128 128
-11.216235 13.720865 2.812452 178 34 34
-5.740807 14.826709 1.233424 128 128 128
-7.832949 11.573925 3.296567 128 128 128
-7.185879 15.126998 7.868340 128 128 128
-11.729597 13.871863 8.713688 128 128 128
-11.987099 12.376587 11.229909 128 128 128
-9.440531 10.634039 4.761419 128 128 128
-10.698586 11.711200 4.387674 128 128 128
-11.687049 14.276113 2.342135 128 128 128
-10.775647 13.803997 7.247867 128 128 128
-6.862410 10.063472 5.731526 128 128 128
-6.038382 14.544977 0.618532 128 128 128
-7.586696 13.497733 10.459873 178 34 34
-8.232434 13.257849 1.682218 178 34 34
-8.049522 13.092972 9.335185 178 34 34
-9.323258 11.393930 10.651629 128 128 128
-6.134679 15.319675 1.495661 128 128 128
-6.939188 11.888672 5.181087 128 128 128
-5.729672 13.248393 8.425962 128 128 128
-6.815375 10.265251 5.853520 128 128 128
-12.255002 11.489679 6.581588 128 128 128
-10.264044 9.052119 0.521636 128 128 128
-10.008635 12.448344 10.763363 128 128 128
-10.440027 13.415598 1.258389 128 128 128
-7.046664 11.983326 4.662145 128 128 128
-8.554503 16.410491 5.785350 128 128 128
-10.870434 13.634120 7.466653 128 128 128
-11.260916 15.716915 3.783520 128 128 128
-6.653709 14.028105 3.806466 128 128 128
-10.178689 11.546643 3.272404 178 34 34
-8.468690 12.263116 0.193059 178 34 34
-12.285962 15.523586 1.200472 178 34 34
-12.352878 11.116040 0.380373 128 128 128
-8.497798 15.045148 6.145357 128 128 128
-12.017217 12.877311 4.411174 128 128 128
-11.543140 11.063472 5.152907 128 128 128
-7.645897 13.622608 4.127028 128 128 128
-9.652467 13.161478 2.329074 178 34 34
-10.192138 9.235631 3.607675 128 128 128
-9.350487 11.012507 11.113202 178 34 34
-12.021468 12.927973 9.879754 128 128 128
-10.089190 14.906937 5.833357 128 128 128
-8.441950 9.524098 0.603918 128 128 128
-7.046171 14.829956 1.988462 128 128 128
-10.549368 12.277089 1.280021 178 34 34
-10.211586 13.963803 7.920832 128 128 128
-10.083862 11.734286 6.651072 128 128 128
-9.652382 11.468339 8.236271 178 34 34
-7.189766 12.769290 8.523985 128 128 128
-7.373535 9.686910 4.594666 128 128 128
-11.457982 9.306537 4.701396 128 128 128
-11.229148 10.593830 6.055317 128 128 128
-10.363658 13.271888 6.287517 128 128 128
-6.215580 14.980858 6.311215 128 128 128
-12.157436 14.801453 10.754693 128 128 128
-12.155529 14.874122 1.895799 128 128 128
-11.039506 12.273355 10.688964 128 128 128
-8.790387 14.557705 8.601387 128 128 128
-6.069369 15.305782 3.580805 128 128 128
-8.291208 15.437849 4.961246 128 128 128
-8.255762 9.209133 4.140223 128 128 128
-10.012706 15.789504 5.015857 178 34 34
-8.948140 13.870075 10.351387 178 34 34
-8.714729 9.653387 7.752639 128 128 128
-8.947282 12.377689 3.099262 178 34 34
-11.924522 14.506210 11.104007 178 34 34
-8.760918 12.261552 4.391392 128 128 128
-10.920848 10.306156 0.759337 128 128 128
-10.146588 9.732933 6.384082 178 34 34
-7.746292 15.518785 10.998833 128 128 128
-10.072361 10.752996 9.880256 128 128 128
-9.415628 16.424882 1.016745 128 128 128
-7.574911 10.508852 2.330290 178 34 34
-8.362276 15.262646 10.763040 128 128 128
-6.484839 15.633412 7.769203 128 128 128
-8.685626 9.931517 1.114863 178 34 34
-10.581563 9.406387 2.498102 128 128 128
-10.670000 10.790962 7.503859 128 128 128
-9.123617 12.552651 10.880050 128 128 128
-9.411883 9.111667 7.322520 128 128 128
-7.599462 9.557345 0.261186 178 34 34
-10.376106 9.935076 4.724701 128 128 128
-10.442976 13.830733 1.405137 128 128 128
-6.448012 13.049412 7.038006 178 34 34
-7.926449 12.089903 0.385598 178 34 34
-10.600100 9.999232 2.712091 178 34 34
-12.278395 10.742262 11.062378 128 128 128
-6.619556 12.696458 1.511555 128 128 128
-11.487526 13.259952 6.766295 128 128 128
-11.121162 13.310255 2.568117 128 128 128
-11.251601 14.000618 8.339744 128 128 128
-7.085908 12.543831 5.489504 128 128 128
-10.615337 13.202177 5.280703 178 34 34
-9.493905 15.983060 7.498979 128 128 128
-12.006759 12.424963 7.426943 128 128 128
-11.568954 15.346653 8.311437 128 128 128
-8.200408 16.624429 9.167680 128 128 128
-7.087304 11.424233 11.170815 128 128 128
-10.815852 10.512886 3.629009 128 128 128
-9.874576 14.281197 8.177682 178 34 34
-9.441450 11.242204 2.175563 128 128 128
-8.324907 13.194218 9.974570 128 128 128
-10.636468 14.501485 10.969748 128 128 128
-5.730420 16.037084 3.374984 128 128 128
-6.857268 10.925699 9.292780 178 34 34
-5.916762 16.082405 10.037998 128 128 128
-11.072199 14.910497 1.702875 128 128 128
-10.557103 12.731554 8.289632 178 34 34
-11.778406 12.498756 9.874184 128 128 128
-8.836631 11.641576 1.469215 128 128 128
-9.986527 9.959853 4.849104 178 34 34
-11.457091 15.535777 1.339892 178 34 34
-10.619140 9.326516 5.868586 178 34 34
-12.068506 16.276682 3.977779 178 34 34
-8.692647 13.841630 5.018581 128 128 128
-6.826142 13.156614 4.710323 178 34 34
-9.853105 10.669728 2.744663 178 34 34
-11.442389 15.377944 7.187141 178 34 34
-10.762619 9.162644 11.101772 128 128 128
-6.470387 15.723092 7.285990 128 128 128
-12.084736 9.466448 2.715544 128 128 128
-6.383342 16.195984 3.776905 128 128 128
-11.239469 14.083462 4.881088 178 34 34
-10.007709 9.922672 5.096240 128 128 128
-8.810172 12.867642 8.504537 128 128 128
-11.855721 11.504852 10.222459 178 34 34
-7.546172 14.030679 3.584327 178 34 34
-6.508415 12.903445 7.698272 128 128 128
-6.782116 13.400955 4.627786 178 34 34
-7.421212 13.282182 5.747289 128 128 128
-7.813441 11.304491 3.566619 128 128 128
-10.415076 13.080798 5.679990 128 128 128
-8.029910 12.711291 9.631339 128 128 128
-8.034498 12.970030 6.695958 178 34 34
-9.801819 14.612854 4.259712 128 128 128
-9.250813 16.270117 8.567773 128 128 128
-10.943353 12.044629 6.708467 128 128 128
-10.840549 15.268078 4.261335 178 34 34
-12.420073 13.510901 0.109812 178 34 34
-11.330007 15.087385 4.285163 128 128 128
-7.258827 10.964339 10.139145 128 128 128
-9.202400 10.473052 2.114324 128 128 128
-8.329410 11.425241 3.208573 128 128 128
-6.028730 9.280546 1.517453 128 128 128
-8.694197 10.074620 1.858778 128 128 128
-6.497317 12.403962 9.622300 178 34 34
-10.524977 11.239305 1.430431 178 34 34
-11.160163 14.731787 8.786358 128 128 128
-8.845206 11.543685 2.095337 128 128 128
-9.794352 15.062545 8.147813 128 128 128
-5.621493 12.675457 5.369320 178 34 34
-5.724438 10.391699 9.134149 128 128 128
-10.967330 15.477964 6.872402 128 128 128
-7.443217 10.292708 1.385104 178 34 34
-10.980411 11.678799 1.043492 128 128 128
-9.731779 12.669973 8.740327 128 128 128
-9.441302 15.560879 3.080081 128 128 128
-9.639066 15.156869 1.348634 128 128 128
-10.965693 11.446823 7.002117 128 128 128
-5.873301 12.640800 6.833040 178 34 34
-8.598146 11.999191 0.219532 178 34 34
-9.340464 11.015182 1.551230 128 128 128
-11.800944 13.561648 5.568991 128 128 128
-10.607739 15.334442 10.648209 128 128 128
-5.807930 11.128067 6.570383 178 34 34
-12.183507 9.934327 6.716328 178 34 34
-7.365047 13.517235 5.188016 178 34 34
-7.274722 16.075701 4.866242 128 128 128
-10.975228 16.364040 0.062382 128 128 128
-6.704578 16.187870 7.309334 128 128 128
-11.089686 11.896796 6.221458 128 128 128
-6.826187 11.819229 5.835595 128 128 128
-8.090256 9.116488 1.625104 128 128 128
-7.503387 12.580974 1.235577 178 34 34
-12.174398 13.051811 0.905006 178 34 34
-8.259111 13.477223 1.315407 178 34 34
-10.687875 13.768867 5.981357 178 34 34
-10.521259 16.288794 1.705398 128 128 128
-6.579813 15.148148 6.204592 128 128 128
-6.721555 15.106831 1.802646 178 34 34
-6.428026 16.587172 6.635677 178 34 34
-7.700708 14.861236 3.222102 128 128 128
-9.206851 13.608116 10.497205 178 34 34
-11.523248 15.590838 5.303479 178 34 34
-6.573001 10.133286 6.113664 128 128 128
-9.919391 11.787765 7.102233 178 34 34
-6.211483 12.531952 2.494671 128 128 128
-9.966189 13.517133 8.816149 128 128 128
-9.701904 11.878627 10.662375 178 34 34
-11.256950 10.488340 0.804637 128 128 128
-10.782479 16.174623 8.456505 128 128 128
-6.643582 10.051613 8.015592 178 34 34
-7.600499 13.388122 2.632140 128 128 128
-11.236825 13.597660 4.071999 128 128 128
-10.283402 11.647314 10.823946 178 34 34
-9.341222 15.412455 5.685951 178 34 34
-5.602107 12.076349 0.336828 128 128 128
-10.136025 13.673537 7.005308 128 128 128
-11.003849 12.921365 1.888676 128 128 128
-12.074564 16.202778 5.336672 128 128 128
-7.078425 16.285578 3.157639 128 128 128
-8.075998 14.099846 5.353446 128 128 128
-9.306212 10.253316 0.644067 128 128 128
-6.673303 9.408127 2.171123 128 128 128
-9.688356 15.128654 2.206049 128 128 128
-8.235162 12.324279 0.389913 128 128 128
-9.880185 10.679005 4.294658 128 128 128
-8.862962 14.974273 1.453978 128 128 128
-6.136209 10.420152 3.925444 128 128 128
-11.881495 13.817982 11.161604 178 34 34
-9.214429 9.917457 8.263960 128 128 128
-8.445030 14.695096 1.682192 178 34 34
-11.421254 9.207056 1.083163 128 128 128
-8.842328 14.642026 3.408181 178 34 34
-8.102834 9.354552 7.717391 128 128 128
-6.078480 13.540568 0.174126 128 128 128
-11.883576 15.033987 1.760070 128 128 128
-6.427677 11.770148 2.765171 128 128 128
-6.902013 9.525500 3.510237 128 128 128
-10.736470 14.177819 1.756872 128 128 128
-6.690422 10.640521 5.842327 128 128 128
-6.747056 16.469659 8.589677 178 34 34
-9.361661 14.509549 3.680733 178 34 34
-6.083265 14.405048 4.543389 178 34 34
-6.609718 15.979513 2.265309 178 34 34
-9.101303 16.260489 7.977109 128 128 128
-6.815684 9.107689 9.908783 128 128 128
-10.028482 11.164876 7.929822 128 128 128
-9.766852 13.981256 9.329122 128 128 128
-8.545504 12.503896 9.828930 178 34 34
-11.567838 14.540955 8.137565 128 128 128
-8.075384 14.574673 7.747820 128 128 128
-9.857133 12.638625 4.113504 178 34 34
-6.355754 12.609321 10.477109 128 128 128
-11.251418 10.536229 11.189011 128 128 128
-8.909137 12.845925 10.225267 178 34 34
-11.286494 9.563645 5.757154 128 128 128
-9.352232 13.627599 7.878133 128 128 128
-11.496056 16.503039 8.886740 128 128 128
-7.918860 11.353554 1.264699 178 34 34
-12.211112 15.228432 3.723436 178 34 34
-7.447034 13.881186 3.178622 128 128 128
-8.297373 15.154234 0.127299 178 34 34
-11.423623 15.306571 7.664840 128 128 128
-10.067894 13.750398 9.567907 128 128 128
-11.071519 9.647482 10.433793 128 128 128
-9.983581 13.492146 10.973844 128 128 128
-8.076629 16.015408 10.983205 128 128 128
-5.802295 10.429812 8.461162 178 34 34
-9.348975 10.724756 2.751382 128 128 128
-8.619921 11.620469 1.873203 128 128 128
-8.953069 14.916368 0.579406 128 128 128
-7.120625 9.933810 0.642468 128 128 128
-9.697597 12.531623 1.716363 178 34 34
-12.081526 12.355913 5.795167 178 34 34
-7.068976 11.991136 9.973300 128 128 128
-6.969547 9.182789 1.876930 128 128 128
-12.424071 14.627483 6.444422 128 128 128
-11.677065 10.191730 3.695621 128 128 128
-7.348157 14.789283 3.668552 178 34 34
-7.925684 14.201195 2.498209 178 34 34
-10.471176 13.110316 7.971236 178 34 34
-9.129661 12.214316 3.148043 128 128 128
-9.408516 14.450352 2.809711 128 128 128
-10.567256 12.451491 4.192122 128 128 128
-6.718599 14.487068 7.885378 178 34 34
-11.593747 16.430554 4.084413 128 128 128
-11.992288 15.728964 8.188733 128 128 128
-7.190728 15.036069 6.743170 178 34 34
-5.602251 12.779272 5.969203 128 128 128
-12.397396 9.015168 5.235851 178 34 34
-10.450328 16.556468 10.982271 178 34 34
-7.970660 15.710593 8.822808 128 128 128
-10.695177 9.412739 1.229296 178 34 34
-6.262100 14.824271 7.607137 178 34 34
-7.073359 11.770721 1.024371 178 34 34
-8.588687 12.831175 2.626150 128 128 128
-7.034877 9.445606 8.483116 178 34 34
-8.086800 10.801921 4.481414 128 128 128
-8.736955 11.613167 9.118171 128 128 128
-5.901292 9.517437 1.678739 178 34 34
-7.028212 9.128320 2.013255 128 128 128
-7.318250 11.849705 4.183231 128 128 128
-6.387950 12.294125 9.102213 178 34 34
-9.563699 13.265956 2.086602 178 34 34
-11.759386 15.458791 10.497487 178 34 34
-7.188539 15.314265 4.780290 128 128 128
-12.416429 9.079700 2.083962 178 34 34
-10.253875 9.705917 7.095585 128 128 128
-6.128343 13.337390 3.437393 128 128 128
-6.865634 10.901859 0.457233 128 128 128
-7.685863 15.408340 10.349309 128 128 128
-10.210797 9.622538 9.028417 128 128 128
-10.109211 13.891076 8.189310 128 128 128
-9.464267 13.333982 10.158546 178 34 34
-9.218271 10.302381 11.140884 128 128 128
-11.235927 15.117855 5.697440 128 128 128
-6.239678 12.887026 6.645199 128 128 128
-6.820562 13.588290 3.422394 178 34 34
-12.230165 10.895321 6.102074 178 34 34
-6.732041 12.053282 8.909529 128 128 128
-6.049143 9.019551 4.358934 128 128 128
-10.049403 15.735882 5.149113 128 128 128
-7.369699 13.675632 0.858400 178 34 34
-8.011682 10.324745 2.785861 128 128 128
-11.449690 13.896550 0.042489 128 128 128
-7.012083 10.314071 8.358615 128 128 128
-10.744225 16.124087 7.778510 178 34 34
-10.822875 14.684949 7.933845 128 128 128
-8.198844 14.257009 7.970863 128 128 128
-7.522914 12.756672 7.604872 128 128 128
-11.873573 11.036251 9.513978 178 34 34
-6.674694 15.851820 4.385544 128 128 128
-10.020191 10.418108 0.908460 128 128 128
-8.904232 15.462635 8.777891 128 128 128
-7.104561 13.453643 4.397508 178 34 34
-11.830885 14.433445 10.509809 178 34 34
-8.892656 11.482667 5.096917 128 128 128
-7.769329 16.507913 5.965829 128 128 128
-9.274790 14.309277 6.233966 178 34 34
-12.052152 10.848335 1.555854 178 34 34
-8.729783 12.494813 6.685505 128 128 128
-8.133595 9.535318 3.466483 128 128 128
-12.396863 10.282372 4.289539 128 128 128
-6.383050 14.526869 4.844307 128 128 128
-10.986191 14.379122 9.576800 128 128 128
-9.934863 15.866368 2.737427 128 128 128
-11.424196 15.089546 8.391594 178 34 34
-5.687881 16.031800 0.235001 128 128 128
-7.605090 9.651700 5.999630 178 34 34
-8.721590 13.553703 1.211383 178 34 34
-7.326844 9.889568 5.589957 178 34 34
-12.012165 14.090739 7.033969 128 128 128
-10.763248 11.657921 8.766364 178 34 34
-11.522210 16.651804 4.877996 128 128 128
-5.676508 13.283988 0.263397 128 128 128
-10.353486 16.376098 1.874849 128 128 128
-9.833179 11.264338 0.023073 128 128 128
-11.598148 12.583557 0.678847 128 128 128
-9.990971 10.391405 0.868493 128 128 128
-9.759435 9.659563 6.014271 128 128 128
-9.916804 10.194208 10.495233 128 128 128
-10.009060 11.682178 6.469444 128 128 128
-11.590031 14.310733 0.517719 128 128 128
-9.870189 13.609217 1.695271 128 128 128
-11.323635 9.168968 7.831092 128 128 128
-6.854084 14.885101 7.681024 128 128 128
-10.706371 12.504309 3.311590 178 34 34
-7.400583 11.087749 8.282765 128 128 128
-11.893258 10.708007 4.642169 128 128 128
-6.164268 15.689024 2.469839 178 34 34
-9.787258 14.838925 1.249249 128 128 128
-5.845240 11.367202 0.111983 128 128 128
-12.374028 13.487917 8.744333 128 128 128
-6.147163 12.523581 1.746526 128 128 128
-11.700328 14.392214 8.101133 128 128 128
-10.406486 11.437959 4.952522 128 128 128
-11.097352 15.966944 6.715969 128 128 128
-7.262427 13.775883 7.096973 128 128 128
-12.413652 13.982852 5.423587 128 128 128
-6.721264 16.101801 6.167893 178 34 34
-7.120929 9.277555 6.287854 128 128 128
-11.201200 11.484650 7.409301 178 34 34
-6.720962 15.311114 3.765162 128 128 128
-11.307748 14.480330 8.980398 128 128 128
-8.967484 15.955449 8.995237 178 34 34
-9.441803 14.697612 2.930807 178 34 34
-10.978064 10.645650 2.745239 128 128 128
-8.403793 14.803844 2.021027 128 128 128
-11.969518 13.491748 0.305746 128 128 128
-9.370393 10.646807 5.435017 178 34 34
-10.630465 15.090580 8.647216 178 34 34
-8.565486 16.145535 3.971598 128 128 128
-7.422257 12.875213 8.924754 128 128 128
-6.883453 13.407203 4.681580 128 128 128
-11.636894 10.628177 6.249367 178 34 34
-9.182106 12.715645 8.942404 128 128 128
-10.554075 10.062864 10.313725 178 34 34
-5.697540 14.721167 8.151839 128 128 128
-11.551400 13.963730 10.281007 128 128 128
-6.571375 13.073603 3.015311 128 128 128
-9.128060 16.240800 6.051229 128 128 128
-9.172872 16.028726 5.860877 128 128 128
-9.722495 9.611555 6.696729 128 128 128
-12.010476 11.606587 6.496851 128 128 128
-9.212120 9.770945 4.270185 128 128 128
-9.810859 10.341538 5.310527 178 34 34
-7.993049 11.475790 5.158864 128 128 128
-7.013390 14.922548 10.350002 128 128 128
-7.979176 13.511568 6.497923 128 128 128
-5.705365 15.252924 2.517704 128 128 128
-8.513178 12.944811 9.948069 128 128 128
-7.621420 15.683581 0.549839 178 34 34
-6.732176 16.011718 9.664283 128 128 128
-8.406559 13.973727 1.580471 178 34 34
-12.290714 15.769384 9.826212 128 128 128
-9.974197 11.299630 0.693057 128 128 128
-7.805387 11.869509 8.204352 178 34 34
-6.246975 15.000428 2.554833 128 128 128
-10.378820 11.244679 0.239115 128 128 128
-9.640936 11.244989 0.538491 128 128 128
-8.084597 13.548978 1.287477 128 128 128
-6.264750 14.703149 1.080617 128 128 128
-11.568087 9.246037 10.003205 128 128 128
-8.236471 9.374315 9.262929 128 128 128
-7.554187 11.326354 2.180476 128 128 128
-8.161727 15.600717 10.812539 128 128 128
-10.696508 13.297653 7.951132 178 34 34
-6.682033 11.267604 5.570099 128 128 128
-5.638997 14.511373 8.130570 128 128 128
-5.833516 14.196913 0.008708 128 128 128
-7.910255 16.201143 5.895476 178 34 34
-11.402787 14.490064 8.294659 128 128 128
-10.393103 15.711873 2.160060 128 128 128
-6.354369 12.339889 6.710548 128 128 128
-7.088714 13.102786 8.643605 128 128 128
-8.195590 16.402596 7.629361 128 128 128
-10.095187 10.065693 0.831270 178 34 34
-5.614342 14.323314 2.647372 128 128 128
-8.458251 11.928277 2.319152 128 128 128
-11.488091 10.442076 0.120290 128 128 128
-9.480553 12.688151 11.047644 128 128 128
-11.222388 13.556596 1.265165 178 34 34
-10.890769 11.935891 0.191372 128 128 128
-9.243023 13.656026 6.199267 178 34 34
-10.763915 15.255963 8.799141 128 128 128
-8.873487 11.614825 8.903157 128 128 128
-8.504650 13.968394 1.099367 128 128 128
-6.344795 12.742379 3.009249 178 34 34
12.855843 -11.766813 7.453338 128 128 128
13.454609 -11.860975 3.987809 128 128 128
16.737014 -10.929223 0.624426 128 128 128
15.149934 -12.605990 8.123562 128 128 128
14.785181 -12.344666 7.630133 178 34 34
14.323508 -13.337944 5.310604 128 128 128
12.394600 -13.629831 1.705328 128 128 128
14.409055 -12.223372 9.370063 128 128 128
12.250522 -14.343426 6.783902 128 128 128
14.280483 -12.171557 7.533355 128 128 128
14.901756 -13.627287 6.295092 128 128 128
16.274384 -11.143549 4.203242 178 34 34
15.101123 -12.925508 5.406055 128 128 128
12.177370 -13.128308 3.767558 128 128 128
15.625596 -14.074625 1.953116 178 34 34
12.641814 -13.688610 3.630415 128 128 128
15.238019 -10.822843 9.261817 178 34 34
15.642891 -14.205520 3.667025 128 128 128
15.913448 -12.866540 1.974139 128 128 128
13.246996 -11.566289 10.117877 128 128 128
12.174106 -11.107300 2.398533 178 34 34
13.495953 -12.479910 0.131694 128 128 128
16.824190 -14.080228 3.018606 178 34 34
13.076468 -12.496709 8.071693 178 34 34
14.117186 -12.330472 7.201708 128 128 128
16.761461 -11.421263 2.019705 128 128 128
16.276056 -11.113085 9.197417 178 34 34
12.390673 -13.178974 3.702509 178 34 34
12.973325 -11.826342 6.018158 178 34 34
14.977668 -13.046635 9.195061 128 128 128
12.376849 -12.544795 6.553921 178 34 34
15.840404 -13.724063 3.236094 178 34 34
13.743433 -11.538892 0.045812 178 34 34
14.139506 -11.517123 2.981558 128 128 128
15.961898 -13.421600 2.265818 128 128 128
12.697347 -11.943641 5.772236 128 128 128
12.139622 -11.084241 7.460334 128 128 128
16.501465 -10.972149 6.397875 128 128 128
13.177992 -10.805783 10.151542 128 128 128
13.183262 -14.304809 3.162142 128 128 128
12.979939 -13.151846 4.379079 128 128 128
15.114546 -13.327138 1.145830 178 34 34
14.007679 -13.859605 6.491290 128 128 128
13.772895 -11.863290 0.531570 128 128 128
12.268341 -12.662238 2.724055 128 128 128
16.534929 -11.217457 9.482282 128 128 128
12.215067 -11.596361 8.410776 128 128 128
13.639103 -14.420269 7.312564 128 128 128
14.241225 -12.918096 0.646037 128 128 128
16.671097 -12.119741 4.661564 178 34 34
14.078766 -12.959071 0.050239 128 128 128
15.413763 -10.851825 2.790608 128 128 128
12.956648 -14.172686 9.465584 128 128 128
13.583233 -11.969107 8.506575 178 34 34
16.203627 -14.092170 8.708061 128 128 128
16.576845 -10.824723 9.552812 128 128 128
12.884699 -13.042832 1.587661 128 128 128
15.808954 -11.937250 7.199802 178 34 34
16.678251 -12.172991 7.483804 128 128 128
13.152383 -11.721113 5.455911 178 34 34
15.445974 -13.354933 7.194932 128 128 128
15.374787 -12.627918 1.722181 128 128 128
13.702528 -12.584811 4.415210 128 128 128
15.118734 -12.853174 1.377785 128 128 128
13.665862 -11.193893 5.180586 128 128 128
14.601061 -12.473666 7.716488 178 34 34
12.195704 -11.741459 9.793709 128 128 128
16.237106 -13.099990 1.065646 128 128 128
12.599970 -11.354739 1.509136 128 128 128
15.920833 -11.644030 8.713798 128 128 128
13.384480 -11.631170 6.122370 128 128 128
14.723641 -12.227785 4.075815 128 128 128
15.491511 -11.594124 6.664400 128 128 128
15.434439 -12.390309 8.625022 128 128 128
14.563219 -11.119697 0.259085 128 128 128
14.637350 -14.413532 4.826228 128 128 128
14.923450 -12.455491 1.662279 128 128 128
13.771104 -12.044527 8.077763 178 34 34
13.480969 -14.426840 3.483931 128 128 128
12.816659 -12.251536 1.833036 128 128 128
16.807076 -11.173727 9.408737 128 128 128
12.495988 -14.371889 5.457334 128 128 128
13.391173 -10.854087 4.447888 128 128 128
12.914833 -12.020091 8.741900 178 34 34
13.471465 -11.710180 1.574583 178 34 34
16.233409 -13.276439 4.700261 178 34 34
15.895292 -11.733888 6.572114 128 128 128
12.338607 -12.146904 0.493198 178 34 34
12.532708 -11.070774 5.351495 128 128 128
13.325759 -14.280405 8.708986 128 128 128
14.934169 -12.888776 0.720553 128 128 128
16.245874 -13.006154 4.805955 128 128 128
13.514866 -12.845264 2.493871 178 34 34
16.282881 -13.367004 2.237126 128 128 128
15.176983 -11.866866 5.673944 128 128 128
14.274524 -14.113488 3.813305 128 128 128
15.516241 -13.784895 4.620530 178 34 34
14.033487 -14.260882 4.244302 128 128 128
15.284747 -11.318157 3.905826 128 128 128
14.675233 -12.739149 0.948244 128 128 128
13.995796 -12.763887 7.924130 128 128 128
14.552734 -12.148420 6.043501 128 128 128
12.451674 -13.483445 0.587160 128 128 128
13.757685 -11.436318 9.735657 128 128 128
15.969480 -12.715711 3.357485 128 128 128
16.732314 -13.861089 5.238954 128 128 128
14.850252 -13.840012 7.285489 128 128 128
15.837661 -12.678674 3.596821 128 128 128
16.106239 -13.310301 0.465127 128 128 128
14.321313 -13.731242 8.479268 128 128 128
12.606420 -12.372094 6.085985 128 128 128
13.135498 -12.876201 5.441464 128 128 128
15.707045 -14.161010 3.551688 128 128 128
14.322985 -11.926507 1.562500 178 34 34
15.003223 -14.419766 7.544779 128 128 128
15.508105 -12.736964 6.264393 128 128 128
12.274294 -12.085010 7.109771 128 128 128
14.411390 -14.320304 3.442270 128 128 128
15.759188 -11.327918 7.626553 128 128 128
16.336038 -13.991754 1.002942 128 128 128
16.704291 -10.921557 8.635403 128 128 128
13.871949 -11.745713 6.916395 178 34 34
15.720173 -13.318651 7.577727 128 128 128
16.047751 -11.639848 0.960574 128 128 128
15.116021 -13.869650 7.251929 128 128 128
13.893864 -11.384733 4.143263 128 128 128
15.794951 -13.123728 9.258754 128 128 128
14.254419 -11.527103 0.937003 128 128 128
15.351354 -13.505175 0.458680 128 128 128
15.453798 -14.237325 5.070357 128 128 128
14.965275 -11.113634 2.434884 178 34 34
13.464018 -13.868213 0.023259 178 34 34
15.316522 -12.305938 3.575623 178 34 34
15.806037 -12.231538 9.912117 128 128 128
14.734243 -14.136622 6.245183 128 128 128
16.002331 -13.019461 1.689231 128 128 128
13.682540 -13.844315 3.692329 128 128 128
16.015348 -14.077384 0.650938 178 34 34
14.953834 -13.639422 3.949699 128 128 128
14.568904 -12.842411 5.106992 128 128 128
14.430226 -14.111613 4.503112 178 34 34
13.562763 -13.286592 7.059255 128 128 128
15.376618 -13.049115 7.632214 128 128 128
14.242879 -12.841360 4.320279 128 128 128
16.204739 -13.926833 0.514300 128 128 128
15.444560 -14.427817 1.649751 128 128 128
12.332891 -13.705050 4.350111 128 128 128
14.552104 -10.935582 6.724251 128 128 128
16.409899 -11.808954 1.238038 128 128 128
15.601004 -11.036639 4.930130 128 128 128
14.124413 -12.435808 4.468393 128 128 128
16.138484 -11.151315 5.857204 128 128 128
15.242085 -12.329390 4.087396 178 34 34
12.353239 -11.842972 9.363153 128 128 128
15.274159 -11.034207 3.399588 178 34 34
15.376782 -11.493235 8.726456 128 128 128
13.257174 -11.447168 8.946400 178 34 34
16.240099 -14.155222 4.680470 178 34 34
13.068595 -13.372645 1.572367 128 128 128
12.355843 -14.343638 6.926390 128 128 128
14.673586 -12.674480 7.044101 128 128 128
14.878916 -11.431560 5.512320 128 128 128
16.623412 -12.504908 1.053091 128 128 128
12.579133 -14.252235 2.478642 128 128 128
12.708558 -13.687623 3.656578 128 128 128
15.479301 -13.850598 3.858903 128 128 128
14.524011 -14.066386 6.665660 128 128 128
15.500159 -14.417302 6.352676 128 128 128
12.532074 -12.859281 3.625921 178 34 34
13.749186 -12.519381 2.325476 128 128 128
12.287189 -12.518341 3.787704 128 128 128
12.987956 -13.442738 3.469601 128 128 128
14.788793 -13.697216 1.099846 178 34 34
13.211715 -12.565542 1.309537 178 34 34
14.687065 -12.975475 6.757432 178 34 34
14.789127 -11.229236 0.285419 128 128 128
13.548400 -14.166648 8.295767 178 34 34
13.732230 -13.631810 3.685533 128 128 128
16.486042 -13.527934 2.054070 128 128 128
13.545680 -14.272487 8.822360 128 128 128
14.795208 -12.223938 0.262681 128 128 128
13.854085 -12.163163 10.042445 128 128 128
15.160432 -13.028052 2.585745 128 128 128
15.150779 -11.026774 1.739129 128 128 128
14.264983 -12.617530 7.478302 178 34 34
15.716278 -11.494661 4.359969 128 128 128
13.139751 -11.661033 6.535425 128 128 128
16.404324 -13.652599 0.646262 178 34 34
15.264089 -12.481203 10.137023 128 128 128
14.724626 -13.761959 2.194461 128 128 128
13.910479 -12.116905 4.359787 128 128 128
12.845214 -13.213184 3.869461 128 128 128
15.457698 -14.103358 3.254573 128 128 128
13.066051 -12.092077 0.827545 128 128 128
15.663263 -12.219748 10.160963 128 128 128
13.944004 -11.142439 9.669779 128 128 128
14.610103 -13.470903 2.049780 178 34 34
15.462229 -11.617983 6.413056 128 128 128
15.439431 -11.245741 9.104413 128 128 128
15.298726 -13.616940 5.948837 178 34 34
15.313347 -11.712751 8.244112 128 128 128
13.791324 -12.668902 3.120575 178 34 34
16.804950 -12.759647 7.021857 128 128 128
14.311646 -14.055723 1.850574 128 128 128
16.335496 -12.576641 3.099418 128 128 128
16.747632 -12.137414 7.757845 128 128 128
13.880503 -14.286120 9.495215 128 128 128
15.762803 -13.239406 5.739073 128 128 128
12.710602 -12.850405 7.279726 128 128 128
13.229450 -12.297282 2.622658 128 128 128
12.134269 -12.510409 7.196465 128 128 128
13.584982 -12.639344 7.569718 128 128 128
14.276396 -13.604533 1.549425 128 128 128
15.340540 -11.996569 1.887828 128 128 128
14.842145 -11.924889 1.863444 128 128 128
13.101228 -14.450027 0.679188 128 128 128
14.656053 -13.138166 1.176590 128 128 128
16.635409 -11.988190 1.881841 178 34 34
13.144331 -12.614593 0.957832 178 34 34
14.551839 -11.484694 9.604434 128 128 128
16.655854 -12.069616 1.267807 128 128 128
12.363591 -14.416365 2.113358 128 128 128
15.767878 -11.068845 2.026996 128 128 128
13.064721 -13.394132 3.438941 128 128 128
16.514132 -11.390474 3.416243 128 128 128
13.777751 -14.263740 4.002266 128 128 128
12.671891 -14.372250 4.419567 128 128 128
16.111812 -13.309576 6.966169 128 128 128
13.884583 -13.281231 1.603723 178 34 34
14.024535 -14.093908 9.733284 128 128 128
13.313776 -12.824229 4.837297 178 34 34
14.847034 -11.701995 6.905948 128 128 128
13.583127 -14.144112 8.032124 128 128 128
15.274892 -13.610841 2.021185 128 128 128
15.969611 -12.056057 7.038840 128 128 128
15.410882 -12.564337 4.385485 178 34 34
16.191174 -13.606485 3.699495 128 128 128
15.467087 -13.012549 5.868511 128 128 128
16.395000 -11.127532 4.693075 128 128 128
12.957527 -12.249769 4.114424 128 128 128
14.497454 -11.306998 6.227235 128 128 128
13.859575 -14.267257 6.590784 128 128 128
14.726856 -12.223943 0.217284 178 34 34
12.545220 -12.167413 3.957338 178 34 34
13.507475 -12.894468 3.014114 128 128 128
13.168023 -12.453987 8.243895 128 128 128
14.318348 -14.050288 8.531665 178 34 34
12.745680 -11.989874 5.398740 128 128 128
14.627657 -12.457052 0.248709 128 128 128
16.805512 -11.019872 8.868884 128 128 128
13.004959 -12.636867 0.997348 128 128 128
13.430202 -14.445845 4.338151 128 128 128
13.574512 -11.592011 5.150415 128 128 128
14.398775 -14.003373 4.931610 128 128 128
12.961582 -13.054972 4.591478 128 128 128
15.321731 -13.713442 9.008252 128 128 128
16.365580 -13.555725 8.407366 128 128 128
13.423348 -13.508170 0.387418 128 128 128
13.403066 -14.391503 4.862088 128 128 128
14.127687 -11.862393 5.023361 128 128 128
12.818791 -13.115025 7.658347 128 128 128
15.963489 -14.150490 8.004920 128 128 128
16.470417 -10.952006 1.186215 128 128 128
14.209373 -12.421198 6.185752 128 128 128
13.096212 -12.452655 7.956689 128 128 128
14.457008 -11.168767 6.190038 128 128 128
12.356732 -10.806832 5.257866 178 34 34
12.840364 -12.885930 3.424443 128 128 128
12.510256 -13.995111 1.869065 178 34 34
13.319274 -14.333232 1.503902 178 34 34
16.361388 -12.509479 2.460723 128 128 128
12.144492 -11.706280 6.818666 128 128 128
13.931655 -13.268209 0.865689 178 34 34
15.518140 -12.737027 1.631454 128 128 128
13.169531 -11.867202 2.884946 128 128 128
13.547925 -13.695806 3.728806 178 34 34
14.635996 -11.948461 9.238963 128 128 128
14.076689 -11.473115 10.045439 178 34 34
13.945597 -12.851185 10.111574 128 128 128
14.133713 -12.649428 8.938750 178 34 34
13.317481 -13.390176 9.685982 178 34 34
15.790913 -14.360163 0.130165 178 34 34
13.784088 -14.056238 8.647539 178 34 34
15.501770 -14.432538 2.193021 128 128 128
14.013841 -14.442297 5.925656 128 128 128
14.119216 -13.444072 0.460128 128 128 128
12.657359 -10.834801 2.309552 128 128 128
15.055099 -12.085415 7.504989 128 128 128
14.204998 -10.847463 5.866570 178 34 34
13.687084 -11.654407 6.888070 178 34 34
13.012578 -12.532179 0.258751 128 128 128
13.003686 -12.503938 8.507312 128 128 128
12.256352 -12.277307 5.056186 178 34 34
16.730566 -10.881757 7.608430 128 128 128
13.675111 -13.335153 5.894237 128 128 128
12.110579 -12.812126 0.230042 128 128 128
13.202126 -13.006752 4.004893 128 128 128
14.402436 -14.111855 7.930277 128 128 128
15.421864 -11.534399 4.984183 128 128 128
15.468482 -11.631772 8.529986 178 34 34
15.701487 -10.808261 0.625764 128 128 128
12.923681 -12.046926 4.907255 128 128 128
16.575542 -12.151172 9.060065 128 128 128
16.415966 -14.159083 5.727762 128 128 128
14.959810 -13.010892 5.265911 128 128 128
12.526526 -13.440958 9.551309 178 34 34
13.750487 -12.948539 8.848406 128 128 128
14.453845 -12.773407 2.863707 128 128 128
14.876185 -13.214085 5.092427 178 34 34
15.719514 -14.222552 3.386930 178 34 34
15.734086 -11.755892 1.330181 178 34 34
15.837906 -12.695642 3.493711 128 128 128
15.857606 -14.415687 0.432815 128 128 128
13.490164 -11.938040 2.399803 178 34 34
16.524587 -11.531169 9.388676 128 128 128
15.266563 -11.143631 7.627519 128 128 128
15.439367 -11.962114 3.477879 128 128 128
14.161930 -11.350702 4.649407 128 128 128
16.334653 -12.945223 0.469609 128 128 128
14.370310 -12.252490 2.287989 178 34 34
14.434949 -13.892634 4.704952 178 34 34
13.515105 -11.877523 7.866667 178 34 34
15.224388 -13.154031 6.645453 128 128 128
14.723735 -11.478897 9.333100 178 34 34
12.525584 -11.362392 1.127550 128 128 128
12.966570 -13.470049 3.523396 128 128 128
15.635156 -11.318568 1.246047 128 128 128
15.619872 -11.778113 2.320628 128 128 128
12.181217 -11.086484 2.079767 128 128 128
16.676649 -12.273409 2.447303 178 34 34
12.361576 -14.362541 10.185012 178 34 34
14.621566 -12.835218 0.820886 128 128 128
14.634188 -13.791344 1.281960 128 128 128
13.603087 -11.493859 7.817625 128 128 128
13.919900 -12.917241 2.380733 128 128 128
13.709485 -12.019053 2.149951 128 128 128
12.584036 -13.846678 3.098948 128 128 128
15.690004 -12.748856 3.886119 128 128 128
13.578103 -12.443137 8.888281 128 128 128
15.114914 -12.110112 0.678058 128 128 128
12.754387 -11.555771 9.756500 128 128 128
16.749517 -11.460495 0.095609 178 34 34
13.157330 -14.317552 3.988598 178 34 34
16.381949 -12.295147 4.329196 178 34 34
13.060940 -13.833844 7.893419 128 128 128
13.567358 -14.440391 9.048151 128 128 128
12.330305 -12.431455 5.841950 128 128 128
14.211541 -10.849153 2.730587 178 34 34
16.101609 -13.925225 0.722462 128 128 128
16.432482 -11.773807 1.139464 178 34 34
12.994997 -11.808681 1.989347 128 128 128
13.269158 -12.544172 8.088153 178 34 34
15.353692 -11.989210 2.313445 128 128 128
15.468031 -13.708786 3.737461 128 128 128
16.362582 -11.957182 4.615897 178 34 34
13.623386 -13.349938 5.396657 128 128 128
14.265353 -13.893936 2.093661 128 128 128
13.773384 -11.150700 4.032161 128 128 128
13.492045 -10.981980 2.567292 178 34 34
13.308102 -13.891925 1.282855 178 34 34
16.430843 -11.984092 8.756651 178 34 34
16.485318 -12.797741 0.959977 128 128 128
13.194713 -13.292238 3.230610 178 34 34
15.275639 -11.566611 0.152927 128 128 128
12.577575 -11.268221 1.208117 128 128 128
16.767414 -14.239345 3.976032 178 34 34
16.318568 -11.601428 4.675744 178 34 34
12.314607 -11.337455 1.110926 128 128 128
14.452181 -12.901526 1.651604 128 128 128
15.575699 -14.327947 9.824857 128 128 128
13.435935 -11.092376 4.000199 128 128 128
16.415429 -13.964015 8.563511 128 128 128
15.151007 -12.079726 6.396085 128 128 128
13.258644 -12.370958 4.828088 128 128 128
15.660793 -12.043585 4.549267 128 128 128
15.013110 -13.733281 2.425883 128 128 128
16.187901 -11.295319 6.260035 128 128 128
14.746094 -13.831250 1.719204 178 34 34
15.371998 -13.051843 6.371450 128 128 128
15.994632 -11.893586 7.712258 128 128 128
15.668140 -13.885825 6.827693 178 34 34
14.614022 -13.277657 9.853307 178 34 34
13.620325 -12.259992 5.127344 178 34 34
12.815257 -11.052514 6.512542 128 128 128
12.388377 -13.329929 0.163495 178 34 34
14.464111 -13.365280 4.615151 178 34 34
15.304426 -14.108491 9.632597 128 128 128
16.052976 -13.847739 5.015611 178 34 34
13.990108 -13.273607 9.826693 178 34 34
13.556671 -11.539534 2.926566 128 128 128
15.297194 -14.033051 4.337121 178 34 34
15.192296 -13.260086 2.981382 128 128 128
12.665299 -12.544561 0.105523 178 34 34
14.490301 -11.107995 4.428564 178 34 34
12.898930 -14.349373 4.979157 128 128 128
16.152195 -11.734605 7.205949 178 34 34
14.013758 -14.151762 9.817484 178 34 34
14.967974 -13.142669 6.110290 178 34 34
14.567211 -14.253511 3.867222 128 128 128
13.261374 -13.554215 4.801520 178 34 34
13.004768 -13.908275 2.781152 178 34 34
13.017559 -12.306104 7.746110 128 128 128
14.318964 -11.839426 5.233587 128 128 128
15.408847 -13.300646 5.802603 178 34 34
12.222535 -11.925843 8.159418 128 128 128
13.685265 -12.130962 8.380334 178 34 34
14.826831 -11.455314 9.514201 178 34 34
14.081367 -11.483432 7.867319 178 34 34
14.654412 -13.066889 4.090455 128 128 128
14.086012 -13.389253 1.981361 128 128 128
13.080036 -12.674687 1.129570 128 128 128
13.498171 -11.858484 0.017378 128 128 128
15.579636 -11.051957 4.433736 128 128 128
12.597177 -11.808165 3.461646 178 34 34
16.787871 -11.844133 1.752225 128 128 128
14.680939 -12.274850 2.684365 128 128 128
15.904706 -10.935523 9.931935 128 128 128
13.159188 -12.450966 5.724958 128 128 128
12.662848 -13.590762 1.728692 178 34 34
16.603442 -13.294653 9.825386 128 128 128
13.554056 -10.866611 2.463104 128 128 128
12.760929 -10.824595 4.496568 128 128 128
14.635799 -12.971658 2.598528 128 128 128
15.452150 -12.758741 7.262085 178 34 34
14.655392 -11.345288 9.713663 178 34 34
16.811611 -11.945803 0.062776 128 128 128
12.798549 -13.246473 9.105574 178 34 34
14.585538 -14.294111 6.982725 178 34 34
13.648290 -11.480585 0.341647 128 128 128
15.081657 -11.154212 3.502063 128 128 128
15.293500 -13.363109 4.959258 178 34 34
15.459494 -10.882510 3.186442 128 128 128
16.039441 -13.066070 6.879957 178 34 34
14.087944 -14.084833 6.354055 128 128 128
13.812433 -13.597203 8.940066 178 34 34
14.485134 -13.823764 2.446363 128 128 128
12.957938 -13.131870 9.569782 178 34 34
16.492092 -13.694390 9.605052 178 34 34
12.198679 -12.162803 7.983300 128 128 128
16.184411 -12.719017 8.012611 128 128 128
16.019435 -13.595717 0.091591 178 34 34
12.195996 -12.740285 8.423043 178 34 34
12.335199 -12.977488 0.953839 128 128 128
16.006294 -13.687276 4.662615 128 128 128
16.505719 -13.875411 9.043318 128 128 128
14.364601 -11.643529 2.665005 128 128 128
14.959368 -11.641967 7.184767 128 128 128
14.274827 -13.447597 1.803851 128 128 128
12.800554 -10.996478 8.309323 178 34 34
14.228368 -12.948269 8.854229 128 128 128
14.952093 -12.782081 3.770768 178 34 34
14.168447 -13.261317 2.900850 128 128 128
14.076432 -14.188442 2.930165 178 34 34
13.999581 -11.257769 4.691804 128 128 128
13.098031 -11.086857 4.231615 128 128 128
16.589209 -12.517536 7.322943 128 128 128
13.163228 -11.813320 3.974110 128 128 128
14.232354 -13.303614 1.745546 178 34 34
15.329348 -11.113098 3.226885 128 128 128
14.608994 -12.144634 3.529178 128 128 128
15.319196 -11.812605 1.055161 128 128 128
13.028049 -14.005141 4.243689 128 128 128
16.158030 -13.750602 8.357426 128 128 128
13.814262 -13.456036 5.080198 128 128 128
15.908432 -13.983671 0.452460 178 34 34
12.936563 -11.503220 8.289293 128 128 128
12.830065 -13.696276 9.354183 178 34 34
16.091263 -14.264838 2.332446 178 34 34
13.259143 -13.608407 3.636612 128 128 128
15.352331 -13.831506 3.352951 178 34 34
13.613523 -13.193280 2.215915 178 34 34
13.257655 -13.383938 8.239345 128 128 128
13.115338 -11.690749 2.293046 128 128 128
13.755463 -14.081306 5.396609 128 128 128
16.702899 -12.829515 3.179709 128 128 128
16.755367 -12.923893 4.700127 178 34 34
15.187220 -10.813903 6.600023 128 128 128
14.705333 -12.506955 8.382535 128 128 128
14.714449 -13.576529 4.711139 178 34 34
16.442267 -11.664968 9.267223 178 34 34
12.341389 -13.064336 1.545508 178 34 34
14.330140 -13.846293 5.570402 128 128 128
13.144638 -13.718350 8.103538 128 128 128
12.452885 -12.376217 0.098057 178 34 34
14.522507 -12.766252 1.585507 178 34 34
16.050008 -11.043011 4.728633 128 128 128
16.488396 -13.085146 0.549419 128 128 128
15.188150 -11.936128 7.485769 178 34 34
13.597712 -11.646547 5.893509 128 128 128
15.580148 -11.617121 0.570795 178 34 34
14.898499 -13.203304 4.753795 128 128 128
13.775458 -12.126980 2.116471 178 34 34
16.587548 -12.980623 0.781440 178 34 34
15.197637 -11.349362 7.715904 128 128 128
13.281017 -14.233289 8.252824 128 128 128
16.163777 -11.664009 5.628436 128 128 128
15.453477 -14.290537 7.558602 178 34 34
14.050782 -11.450882 5.926747 128 128 128
13.741979 -14.368088 6.915923 178 34 34
14.817103 -10.885854 6.580458 128 128 128
16.022439 -14.450146 2.620693 128 128 128
12.118430 -13.994206 1.997039 128 128 128
12.546664 -11.783085 3.476768 128 128 128
12.124105 -14.394313 9.518710 178 34 34
15.312457 -13.270117 7.434732 178 34 34
15.124829 -13.239449 0.611082 128 128 128
14.929251 -12.570113 0.666637 178 34 34
14.594737 -13.333414 6.842958 178 34 34
13.230289 -14.151536 6.824983 128 128 128
16.614116 -11.851380 5.811814 178 34 34
12.745294 -12.306464 6.306892 178 34 34
12.280245 -14.394547 6.373117 128 128 128
13.209807 -14.377979 4.687414 178 34 34
14.208589 -11.635791 3.126055 178 34 34
15.755326 -12.578258 2.356735 178 34 34
16.325855 -11.926218 1.517451 128 128 128
13.531146 -14.429019 3.109191 128 128 128
13.595609 -11.878564 7.375965 128 128 128
16.017076 -13.744758 2.995501 128 128 128
16.129747 -13.805377 4.065711 128 128 128
13.913190 -12.311628 2.953229 128 128 128
14.096669 -11.351975 2.382773 128 128 128
16.138338 -13.718033 2.074610 128 128 128
12.466639 -11.984213 8.370671 128 128 128
13.041099 -11.498757 7.216333 128 128 128
13.294558 -13.235344 5.162055 128 128 128
16.647916 -11.338041 3.951475 128 128 128
13.255886 -13.972541 7.736971 128 128 128
16.752386 -12.747727 9.995586 128 128 128
12.310910 -11.561863 1.698119 128 128 128
16.192585 -12.918819 1.643269 128 128 128
14.434755 -14.179163 5.809927 128 128 128
13.555541 -13.625158 3.834114 178 34 34
15.211354 -14.326921 7.936388 128 128 128
16.149816 -12.471470 7.114602 128 128 128
16.701075 -13.335985 5.852775 128 128 128
12.417358 -12.131712 7.863683 178 34 34
12.359513 -12.314712 6.303632 128 128 128
13.745654 -12.935333 5.383500 128 128 128
15.221958 -12.743174 4.074331 128 128 128
16.002621 -14.297416 9.500900 128 128 128
16.396961 -11.930418 4.415860 178 34 34
14.158893 -11.536589 9.928444 178 34 34
12.605410 -13.032489 0.679813 178 34 34
12.597413 -12.985560 3.338819 178 34 34
14.359905 -13.764767 7.409434 128 128 128
13.533126 -11.417306 5.292151 128 128 128
14.199681 -13.087079 4.242974 178 34 34
16.710420 -11.438157 8.386063 178 34 34
14.368466 -13.647564 9.925815 128 128 128
14.588909 -10.804924 6.692777 128 128 128
13.438989 -13.422941 7.643648 178 34 34
16.389010 -13.048586 1.316301 178 34 34
12.403455 -14.224842 1.702193 128 128 128
15.002621 -12.431303 1.580237 128 128 128
12.789564 -13.681483 1.966080 128 128 128
12.645449 -11.509955 7.755642 128 128 128
14.308271 -12.503079 1.374269 128 128 128
12.185419 -13.570787 3.408003 178 34 34
14.026048 -12.119638 0.745570 128 128 128
16.239461 -13.803586 4.532518 178 34 34
14.233415 -13.696340 0.970039 178 34 34
15.464499 -13.058899 1.656662 128 128 128
15.470345 -13.010623 4.713367 128 128 128
13.829009 -13.512583 8.354604 128 128 128
16.308188 -14.372249 0.552011 128 128 128
15.283015 -12.624963 3.924527 128 128 128
16.753094 -11.535960 5.114232 178 34 34
12.320310 -11.055152 0.534273 128 128 128
12.137596 -11.136528 0.583314 178 34 34
14.304789 -13.404032 9.958275 178 34 34
15.640780 -12.614253 5.127495 128 128 128
16.331427 -12.219438 9.132190 128 128 128
16.443687 -14.388637 1.465978 178 34 34
16.377224 -11.040805 5.699476 128 128 128
13.053910 -12.045534 4.497720 128 128 128
14.046600 -10.932025 7.635245 178 34 34
14.808048 -13.824969 9.278974 128 128 128
13.057696 -13.523126 8.050472 128 128 128
12.114844 -13.655926 0.857321 178 34 34
14.530886 -13.867335 9.666840 128 128 128
12.750640 -11.101711 0.957171 128 128 128
13.404204 -13.952267 8.993623 178 34 34
12.402053 -10.939593 0.658133 128 128 128
15.731993 -12.813940 2.914704 178 34 34
15.982162 -12.391192 5.856787 128 128 128
15.431314 -11.499498 8.838220 128 128 128
15.603060 -12.616974 6.557008 128 128 128
13.479163 -10.961845 2.906639 128 128 128
15.378685 -11.583846 9.148370 128 128 128
16.224214 -13.904444 5.277744 178 34 34
13.278465 -11.163738 0.868629 128 128 128
13.039484 -13.448683 0.270795 128 128 128
16.086228 -11.355958 6.789318 178 34 34
15.528771 -14.350348 8.273415 178 34 34
13.734379 -11.977228 5.375939 128 128 128
14.735125 -14.456347 6.695712 128 128 128
16.467224 -13.510689 4.006760 128 128 128
13.547571 -10.883745 2.945045 128 128 128
16.702550 -10.919898 3.782548 178 34 34
16.141420 -10.891110 8.740595 178 34 34
14.725597 -13.436618 9.125421 178 34 34
16.629036 -14.407072 2.917982 128 128 128
16.116946 -13.257556 3.717786 128 128 128
12.572706 -14.151848 8.862979 128 128 128
13.255946 -12.295439 5.546654 178 34 34
14.988925 -10.798183 9.223033 178 34 34
12.616634 -10.905331 0.835267 178 34 34
12.887136 -12.469470 5.458271 128 128 128
14.853908 -13.371196 8.954891 128 128 128
13.073282 -11.524673 9.429563 128 128 128
15.537985 -12.934636 0.077939 178 34 34
12.896375 -11.319483 7.311744 128 128 128
16.002412 -12.739526 9.624924 178 34 34
15.391233 -12.163270 2.265282 128 128 128
13.970456 -11.945128 8.581070 128 128 128
13.107496 -11.839528 3.577122 178 34 34
12.580934 -12.240995 2.593605 128 128 128
16.785590 -11.881404 7.806862 178 34 34
15.257322 -12.410294 6.797224 178 34 34
16.374721 -13.387854 3.033524 178 34 34
15.829708 -12.157746 8.647373 128 128 128
14.770643 -13.356154 0.989097 178 34 34
12.586498 -11.202519 8.522297 178 34 34
15.695858 -13.925177 8.033497 178 34 34
16.426692 -12.869458 2.028860 128 128 128
15.390354 -12.904036 3.808259 128 128 128
12.872434 -14.453435 5.859989 128 128 128
12.648402 -12.770687 3.056301 128 128 128
15.665668 -13.701989 2.522834 178 34 34
13.394642 -14.261151 6.270363 128 128 128
12.959833 -12.121353 5.674232 128 128 128
13.492554 -12.762837 9.895847 178 34 34
15.495669 -13.949264 2.713007 128 128 128
14.993434 -11.243705 2.591077 128 128 128
14.464197 -14.103909 8.016030 128 128 128
14.009229 -12.394447 8.217607 128 128 128
15.616118 -14.262299 9.251338 128 128 128
14.924020 -10.948515 0.542136 178 34 34
15.404504 -13.046108 0.538050 128 128 128
13.797916 -13.575639 5.088710 178 34 34
15.083280 -12.818482 4.941544 128 128 128
14.707585 -14.307261 5.991861 178 34 34
14.853414 -13.985360 2.401085 178 34 34
12.206135 -12.694453 2.103945 178 34 34
15.764022 -13.039435 2.114616 128 128 128
13.613856 -14.451649 2.696047 128 128 128
13.711246 -12.739420 0.363176 128 128 128
13.804714 -14.085175 7.461304 128 128 128
15.686738 -14.078965 3.123956 128 128 128
15.353540 -10.915382 5.822153 128 128 128
12.338105 -13.821269 0.613445 128 128 128
16.003189 -10.906397 1.193155 128 128 128
12.758516 -12.426682 7.632460 178 34 34
12.456454 -14.443597 1.678189 128 128 128
15.270586 -11.942703 5.526590 128 128 128
13.861544 -13.156709 6.955238 178 34 34
13.778585 -13.742969 2.635184 128 128 128
13.390739 -12.065091 8.926173 128 128 128
12.295460 -12.734546 3.151281 178 34 34
13.879495 -13.163465 3.190053 128 128 128
16.036219 -13.517705 6.384158 178 34 34
16.172097 -13.754996 3.471617 128 128 128
12.823561 -11.808487 6.489747 178 34 34
13.859159 -13.505009 8.837099 128 128 128
14.218940 -13.254382 9.092158 128 128 128
14.845208 -11.850909 7.682454 128 128 128
16.136059 -11.398616 4.160644 128 128 128
14.771540 -13.224735 4.079138 128 128 128
14.112546 -14.090708 9.091698 128 128 128
12.318804 -13.014904 3.362866 128 128 128
13.365232 -12.020853 4.574108 128 128 128
14.874534 -11.390023 0.857571 178 34 34
15.156265 -14.060762 7.257873 128 128 128
13.976905 -10.971073 6.510049 128 128 128
13.213770 -12.573907 7.501989 128 128 128
16.182195 -13.917411 3.295786 128 128 128
16.686866 -12.873158 9.124423 128 128 128
16.106836 -12.311001 9.093844 128 128 128
12.356099 -11.475772 6.550989 178 34 34
13.919257 -13.318208 2.613995 128 128 128
15.672113 -13.485456 9.338825 178 34 34
15.493140 -12.704638 7.950799 128 128 128
15.769335 -11.723837 4.676198 128 128 128
12.461463 -11.010070 5.221795 128 128 128
12.295812 -13.530633 9.237295 128 128 128
16.426706 -13.724002 5.231997 128 128 128
15.150591 -14.144016 9.699376 128 128 128
14.492802 -12.634113 2.203447 128 128 128
15.795221 -11.307112 1.133096 128 128 128
16.094303 -13.231762 3.661515 128 128 128
16.066077 -13.379337 1.279731 178 34 34
13.588311 -12.599422 7.994930 178 34 34
15.416983 -13.022140 4.752932 128 128 128
14.684212 -11.589830 8.091984 128 128 128
15.114614 -12.354930 4.524559 128 128 128
13.275780 -11.720797 7.319708 178 34 34
12.273239 -10.962686 8.328336 128 128 128
15.243681 -10.994212 3.323206 128 128 128
12.413979 -12.694352 2.647054 128 128 128
13.335699 -12.307387 7.616783 128 128 128
12.319686 -14.116841 0.378262 128 128 128
12.519168 -14.139193 8.315453 128 128 128
14.868037 -10.815526 3.368859 128 128 128
13.743082 -11.699618 8.600612 178 34 34
15.502916 -14.291960 1.628543 128 128 128
12.877498 -13.882526 8.790508 178 34 34
14.844751 -11.229915 6.945020 178 34 34
14.195692 -11.870366 2.475778 178 34 34
16.400412 -11.397462 9.524638 128 128 128
14.496816 -13.314991 6.768664 128 128 128
16.396485 -13.175438 10.016903 128 128 128
12.355030 -12.158614 2.648652 178 34 34
16.136834 -11.376709 6.172400 128 128 128
16.401207 -11.719787 7.763487 128 128 128
15.858896 -13.588403 1.460135 128 128 128
13.303723 -12.592554 5.967689 128 128 128
15.022152 -11.098029 2.631019 178 34 34
16.752133 -12.429247 3.435167 128 128 128
15.915821 -11.735135 0.331943 128 128 128
14.575780 -11.986302 0.137196 128 128 128
16.751346 -13.424569 1.108225 128 128 128
15.461303 -12.318217 7.969520 128 128 128
16.421952 -14.223873 0.648906 128 128 128
16.802555 -13.518655 8.600810 128 128 128
13.341883 -11.285730 7.256491 128 128 128
13.237358 -12.499895 0.888985 128 128 128
15.301970 -11.967768 6.760218 178 34 34
16.767516 -12.880505 0.951687 128 128 128
13.726453 -13.444748 3.224438 178 34 34
16.176862 -13.527726 0.468444 178 34 34
16.747548 -11.245510 8.610516 178 34 34
14.376235 -13.297923 4.475381 178 34 34
12.152089 -11.533523 7.329689 178 34 34
13.840048 -10.824593 8.731485 178 34 34
13.194983 -11.900610 0.741196 178 34 34
14.918701 -14.144810 7.801915 128 128 128
13.978913 -12.636575 5.832668 178 34 34
15.533979 -11.100832 8.525610 178 34 34
14.834359 -13.228445 7.475145 128 128 128
15.365813 -13.115357 0.980067 128 128 128
14.476756 -13.514740 5.490880 128 128 128
14.691860 -12.929493 8.645221 178 34 34
16.265649 -13.297308 10.033174 128 128 128
14.346592 -12.734812 0.852274 128 128 128
16.778147 -12.002637 5.819590 128 128 128
14.305945 -11.550634 9.735100 178 34 34
12.467660 -12.351913 0.749773 178 34 34
13.629615 -13.541183 2.670288 128 128 128
13.402031 -12.959702 8.243640 128 128 128
14.705054 -12.776400 2.473348 128 128 128
12.633993 -12.868399 2.229537 178 34 34
14.964906 -11.708865 1.073823 128 128 128
13.045787 -11.560223 8.371331 128 128 128
12.154740 -13.374668 9.747496 128 128 128
14.660147 -12.009456 5.488410 178 34 34
13.006057 -13.774219 6.420325 178 34 34
14.865332 -10.811666 1.042307 128 128 128
14.981418 -13.842567 9.903890 128 128 128
14.106523 -11.136432 10.081104 178 34 34
15.935171 -12.845893 3.580428 178 34 34
15.630680 -12.395234 3.331746 128 128 128
15.969089 -14.278872 8.342084 178 34 34
15.119085 -13.619091 0.387546 178 34 34
13.201249 -14.258135 8.520420 128 128 128
13.682062 -13.667795 4.616267 178 34 34
15.795751 -11.962518 5.927994 128 128 128
16.598906 -13.476519 6.871570 128 128 128
14.051007 -13.647798 7.379595 178 34 34
16.395513 -12.950093 1.699605 128 128 128
12.972313 -13.596874 8.056705 178 34 34
14.963961 -13.725562 4.906671 128 128 128
13.142158 -13.094083 9.539354 128 128 128
13.548702 -13.299749 9.806937 178 34 34
12.229018 -12.085624 7.139849 128 128 128
15.069317 -12.097988 3.711212 128 128 128
15.379081 -11.668052 9.758731 128 128 128
15.445149 -12.443861 3.860277 128 128 128
13.424646 -13.077980 5.959954 128 128 128
15.956573 -11.061239 8.567452 128 128 128
13.156943 -11.539181 1.841657 128 128 128
15.197345 -13.311922 1.106159 128 128 128
16.712071 -12.937696 6.910705 128 128 128
15.964354 -11.135112 8.024237 178 34 34
13.775330 -12.330153 7.254741 178 34 34
13.747412 -14.250658 6.737875 178 34 34
14.627889 -13.943742 8.991232 128 128 128
12.202946 -13.858683 10.045765 178 34 34
14.300265 -10.857491 0.268608 128 128 128
14.794682 -10.982905 2.640161 128 128 128
14.466468 -12.919473 3.994389 128 128 128
12.604553 -11.712530 7.872281 128 128 128
14.567042 -11.317170 3.353969 178 34 34
14.655385 -13.015766 7.818548 128 128 128
14.580740 -12.448319 2.807884 128 128 128
12.341361 -12.103393 8.719934 128 128 128
16.687297 -11.598840 3.709663 128 128 128
16.403186 -11.287888 7.420696 128 128 128
14.423656 -14.442533 0.995841 128 128 128
12.208978 -14.437943 6.546413 128 128 128
15.753761 -13.358069 8.405392 128 128 128
13.221994 -13.144095 9.058081 178 34 34
14.762846 -12.881987 9.982491 178 34 34
13.295789 -11.545355 3.761408 128 128 128
16.579059 -11.617689 2.550506 128 128 128
15.402884 -10.973279 7.020483 128 128 128
16.804936 -12.167295 3.614289 178 34 34
16.555525 -14.411339 3.702764 128 128 128
13.271545 -11.962105 1.214080 128 128 128
16.297192 -14.179460 6.508081 128 128 128
15.415041 -12.432093 4.082638 178 34 34
14.567596 -13.615750 3.508033 178 34 34
12.201618 -10.956210 7.570854 128 128 128
13.433894 -14.223162 4.080328 178 34 34
12.864321 -12.923721 2.566011 128 128 128
15.636504 -11.508671 5.444054 128 128 128
14.580503 -12.404614 3.947986 128 128 128
13.038598 -11.871854 6.446898 128 128 128
12.754741 -11.759514 4.337670 178 34 34
14.086869 -11.812204 4.506513 128 128 128
13.992771 -12.601842 1.019002 128 128 128
15.232374 -11.678790 8.945607 128 128 128
13.997482 -11.577811 1.775344 128 128 128
16.539396 -13.809779 2.581420 178 34 34
12.117883 -11.564635 4.369960 128 128 128
12.666510 -13.654902 8.204473 128 128 128
13.640099 -11.791243 4.771456 178 34 34
15.098259 -12.866304 8.568674 128 128 128
16.530725 -11.690361 8.017030 178 34 34
15.124765 -13.346646 3.364478 128 128 128
16.273455 -12.690120 5.511065 178 34 34
13.899323 -12.563219 1.493385 128 128 128
12.134041 -12.909504 5.489304 178 34 34
14.811133 -12.664180 6.668938 128 128 128
16.081265 -13.990030 6.317925 128 128 128
15.058076 -11.868336 2.805041 128 128 128
14.364276 -12.708265 1.711606 128 128 128
16.736895 -11.827338 0.684538 178 34 34
12.517989 -12.628307 9.181878 128 128 128
12.351140 -11.111725 1.712817 128 128 128
12.211415 -14.446720 8.947982 128 128 128
16.089355 -12.302651 4.506236 128 128 128
15.799181 -11.770420 7.134466 128 128 128
14.810762 -13.443306 8.102027 128 128 128
12.133207 -14.412290 9.594838 128 128 128
13.597234 -13.154851 4.961502 128 128 128
14.406791 -13.292791 6.628568 178 34 34
14.818464 -12.045697 0.066679 178 34 34
12.178994 -13.047231 9.242995 128 128 128
16.588211 -13.029791 9.428278 128 128 128
14.228499 -10.888196 7.238912 178 34 34
12.383505 -11.556805 0.289004 178 34 34
15.817729 -13.707099 7.329640 128 128 128
14.046768 -13.453071 4.521526 178 34 34
15.646842 -14.355115 6.247323 178 34 34
12.162498 -11.571248 6.510423 128 128 128
14.108264 -12.015015 8.545088 178 34 34
14.081947 -10.942832 9.368410 178 34 34
15.403064 -14.412856 0.792437 178 34 34
14.253092 -12.735630 3.584213 178 34 34
16.334055 -12.601021 6.421070 178 34 34
15.165041 -12.321499 0.651828 128 128 128
14.698609 -11.275207 9.982751 178 34 34
13.076096 -14.343984 3.660233 178 34 34
12.432879 -12.823111 6.474472 178 34 34
15.563972 -11.776416 5.655277 128 128 128
14.484094 -13.336029 1.933826 128 128 128
13.445938 -14.223840 9.202497 128 128 128
12.800234 -13.424403 2.287814 128 128 128
14.947184 -11.378987 9.487478 178 34 34
13.614461 -11.001279 2.274601 128 128 128
15.098760 -12.120858 0.352383 128 128 128
16.622981 -13.060974 1.097026 128 128 128
15.199698 -13.704088 6.948133 128 128 128
14.955012 -12.159051 6.568580 178 34 34
16.047283 -11.860184 1.262904 128 128 128
14.337951 -10.977118 2.694801 178 34 34
14.338922 -11.282709 6.988226 178 34 34
12.518776 -13.261394 4.708946 128 128 128
15.732837 -12.884565 8.630994 128 128 128
15.391373 -11.876776 3.953089 128 128 128
16.451359 -10.817462 9.283024 128 128 128
14.028265 -14.257461 2.881500 178 34 34
12.773223 -11.618883 5.457799 178 34 34
16.626977 -12.415786 1.029808 128 128 128
15.328338 -12.067717 8.591703 128 128 128
13.177701 -11.482131 0.699985 128 128 128
15.413680 -11.371804 3.062608 128 128 128
16.674892 -13.513657 8.506897 128 128 128
14.185527 -14.080642 7.442325 128 128 128
15.888342 -13.122912 8.237378 128 128 128
15.175721 -12.761293 3.112096 128 128 128
13.444095 -11.477416 2.359384 128 128 128
13.650709 -14.370442 7.205771 178 34 34
12.839997 -11.923601 9.644783 128 128 128
12.635234 -12.724947 9.602108 128 128 128
14.945116 -13.803048 8.214579 128 128 128
12.685307 -11.779645 5.913020 178 34 34
15.727274 -13.965513 4.170671 128 128 128
15.347465 -11.914746 2.712424 178 34 34
-0.966674 11.654373 3.531096 178 34 34
-4.457917 7.887962 0.661792 178 34 34
-3.684283 8.133748 1.991530 178 34 34
-6.830371 11.709466 5.100431 128 128 128
-1.123481 11.462323 4.517519 128 128 128
-4.026357 10.412819 0.478399 178 34 34
-1.430225 7.095773 0.205232 178 34 34
-3.880487 10.718971 2.682508 178 34 34
-2.452275 11.411022 5.449817 178 34 34
-2.923837 8.764858 1.690074 128 128 128
-7.427771 8.465757 4.701410 128 128 128
-0.740818 8.039610 4.544705 178 34 34
-2.966250 7.545466 2.249619 128 128 128
-0.808278 11.637708 1.650774 128 128 128
-3.654219 7.597551 2.068094 128 128 128
-6.285460 9.120278 2.794758 178 34 34
-6.666425 9.706104 4.485153 128 128 128
-2.260786 8.488263 2.391763 128 128 128
-4.561187 8.480843 4.394653 178 34 34
-6.066476 7.406615 4.953058 128 128 128
-0.759613 10.866549 1.702752 128 128 128
-7.223080 11.495299 5.791342 128 128 128
-5.237017 11.526741 1.157859 178 34 34
-2.534446 11.248424 0.706254 178 34 34
-2.803935 9.322356 5.933880 128 128 128
-5.394036 9.607321 5.965675 128 128 128
-5.223400 10.647199 6.206214 128 128 128
-5.315087 9.426427 3.460566 128 128 128
-5.289792 10.290947 1.940637 128 128 128
-6.328044 10.024647 1.446637 178 34 34
-2.061581 11.492964 2.867343 178 34 34
-2.669459 7.489123 5.358198 128 128 128
-5.509327 9.240561 5.081978 128 128 128
-5.019145 7.637594 3.528267 128 128 128
-4.869525 11.494723 2.111990 128 128 128
-3.031604 8.865622 2.546342 128 128 128
-5.214356 9.113461 2.024397 178 34 34
-6.501426 10.980643 2.960931 128 128 128
-5.886899 7.754051 3.431886 128 128 128
-4.347577 10.616410 4.805388 128 128 128
-2.519223 11.679960 0.621841 128 128 128
-2.713895 7.217230 3.243176 178 34 34
-6.970028 9.151664 2.805836 128 128 128
-1.644002 7.191019 5.339550 128 128 128
-5.646419 7.974409 4.899109 178 34 34
-2.109169 10.023924 0.527659 128 128 128
-0.835424 8.490616 5.789444 128 128 128
-1.150920 8.563111 4.288404 128 128 128
-7.399666 7.418530 5.145398 178 34 34
-2.047372 7.317838 2.297139 128 128 128
-5.141975 8.812633 6.120451 178 34 34
-7.401044 7.462033 3.700758 128 128 128
-2.385176 10.080036 0.135965 128 128 128
-2.859211 10.392839 3.709550 128 128 128
-0.750065 7.262210 4.357208 128 128 128
-0.694852 9.902251 4.414576 128 128 128
-7.563626 9.549374 0.645784 128 128 128
-4.354686 9.541389 2.155489 128 128 128
-5.908626 8.968832 2.371252 128 128 128
-5.708370 10.277149 6.448292 178 34 34
-6.007536 11.692838 2.942262 178 34 34
-6.512376 8.562085 2.352714 178 34 34
-3.189486 11.242249 4.003437 128 128 128
-7.228798 9.225541 3.665260 128 128 128
-2.534074 9.528873 3.788924 128 128 128
-5.740962 11.221352 2.461729 128 128 128
-2.354612 9.592323 1.673099 128 128 128
-2.611874 9.258963 2.439399 128 128 128
-1.836194 7.478815 5.036205 128 128 128
-1.936936 7.837151 4.621253 128 128 128
-2.164724 9.107864 6.481941 128 128 128
-7.325273 7.345213 0.905544 128 128 128
-6.616601 7.917274 5.409402 128 128 128
-4.455475 7.320547 4.554376 178 34 34
-3.992162 9.965300 1.821008 128 128 128
-4.801080 10.961119 2.832602 128 128 128
-7.117231 9.191625 1.684771 178 34 34
-3.363870 10.839040 6.427623 128 128 128
-4.806029 11.121326 3.203420 128 128 128
-2.928613 10.426813 4.627689 128 128 128
-4.508471 7.599279 2.121499 128 128 128
-4.535392 7.844037 3.407408 128 128 128
-3.752975 11.165143 1.746133 128 128 128
-1.608142 7.567021 5.840009 128 128 128
-1.944187 7.520419 0.597105 178 34 34
-5.338638 11.695306 4.361469 128 128 128
-6.590574 7.482974 1.864450 128 128 128
-5.620619 7.850338 6.042508 128 128 128
-5.228295 10.934989 2.750703 178 34 34
-1.685653 9.762065 5.185169 128 128 128
-3.735420 11.047631 6.100544 128 128 128
-1.846045 9.388328 0.543101 128 128 128
-6.387962 11.549267 4.403953 178 34 34
-5.900348 9.075544 4.742086 178 34 34
-6.069172 8.911019 0.321129 128 128 128
-1.623777 8.037998 6.531147 178 34 34
-5.686264 8.602898 5.574191 178 34 34
-6.435934 10.474954 3.954873 178 34 34
-2.395381 10.333775 4.273569 128 128 128
-2.821716 8.933596 0.113076 128 128 128
-6.458645 7.335439 0.632412 128 128 128
-4.643605 10.264596 5.277074 128 128 128
-6.854941 8.333183 5.062242 178 34 34
-2.737768 11.385286 0.610997 128 128 128
-5.598412 7.353254 3.917817 128 128 128
-2.647324 7.950410 5.283928 128 128 128
-2.930587 10.673354 5.476423 128 128 128
-1.957111 9.632126 4.922569 128 128 128
-1.083114 8.927206 0.900389 178 34 34
-3.542888 8.426322 3.449068 128 128 128
-7.100504 8.180141 5.506143 178 34 34
-1.706166 8.122335 5.851480 128 128 128
-6.883454 8.346897 5.307703 178 34 34
-3.217428 9.259273 0.617880 178 34 34
-1.266361 11.315390 3.994268 178 34 34
-0.946881 11.381200 4.677142 128 128 128
-1.454570 8.555915 0.048113 128 128 128
-4.911819 7.701308 1.392960 178 34 34
-5.349437 8.639203 1.026136 128 128 128
-4.430825 9.942173 5.629412 128 128 128
-3.901641 9.890826 4.775808 128 128 128
-1.613333 11.131951 5.799334 128 128 128
-6.885310 10.380228 5.192326 128 128 128
-5.156712 10.438791 6.462222 128 128 128
-2.398790 8.829210 6.588024 178 34 34
-2.341929 8.468384 1.273132 128 128 128
-1.530883 8.002536 6.332223 178 34 34
-6.776169 9.025429 4.825829 128 128 128
-1.072103 8.031013 4.218674 178 34 34
-7.380888 7.253365 6.026229 128 128 128
-2.474398 8.593003 1.904699 178 34 34
-1.079365 9.763585 4.318269 128 128 128
-1.159396 7.933392 0.700117 128 128 128
-2.451598 7.828980 3.590786 128 128 128
-7.284315 7.218485 1.802008 128 128 128
-1.373815 8.603645 3.172812 128 128 128
-4.273927 9.849493 6.663400 128 128 128
-1.098276 8.531515 0.439590 178 34 34
-6.050097 11.663979 2.633685 128 128 128
-3.893661 10.936668 4.703553 128 128 128
-1.779930 9.196145 0.437888 178 34 34
-1.747144 10.207599 2.710218 128 128 128
-5.572680 8.809161 6.630779 178 34 34
-6.010487 8.833274 1.572317 128 128 128
-5.378720 9.394270 6.410706 128 128 128
-2.066779 9.067374 6.102867 128 128 128
-3.885920 8.824258 6.101375 128 128 128
-5.126482 8.589238 5.680422 128 128 128
-6.832963 11.566174 1.144439 178 34 34
-3.976772 10.396775 5.036482 128 128 128
-5.737786 8.855488 3.358611 128 128 128
-4.566206 9.312376 3.727631 128 128 128
-3.993888 8.153200 4.471629 128 128 128
-1.844063 9.264649 2.136817 128 128 128
-6.741755 8.207241 3.243814 128 128 128
-6.881522 8.224805 1.712473 178 34 34
-5.858439 11.291797 6.632224 128 128 128
-1.850298 8.595825 5.982528 178 34 34
-6.297407 8.526399 2.115536 128 128 128
-1.552654 8.544781 3.832668 178 34 34
-6.081763 7.755110 3.171975 128 128 128
-3.796555 11.283176 2.183358 178 34 34
-5.696598 8.250969 2.322963 178 34 34
-1.401870 11.509366 4.568806 128 128 128
-4.990851 10.807770 4.241961 128 128 128
-6.695171 9.245630 0.369402 128 128 128
-2.915345 10.924759 5.980517 178 34 34
-7.213741 9.475877 3.867411 128 128 128
-2.680684 10.584517 5.905263 128 128 128
-5.201943 8.908384 4.268961 178 34 34
-1.407299 7.830488 0.766982 128 128 128
-6.923706 8.025563 1.611361 128 128 128
-2.090958 9.502156 2.102907 128 128 128
-0.660753 8.309788 0.560735 128 128 128
-3.013947 9.443044 5.442252 178 34 34
-5.238151 7.269184 1.050564 128 128 128
-5.263307 11.577696 3.142633 178 34 34
-3.495056 11.380495 3.526200 178 34 34
-5.964205 9.936558 3.161086 128 128 128
-7.231506 7.352037 4.350262 128 128 128
-7.090656 10.094339 0.793970 128 128 128
-4.842244 11.592014 1.525999 178 34 34
-0.852968 7.345494 3.355086 178 34 34
-3.410520 11.295554 3.286360 178 34 34
-6.140568 9.372279 0.063138 128 128 128
-5.068327 11.403548 4.214454 178 34 34
-7.417523 8.186280 2.231664 178 34 34
-7.166856 7.183056 1.792377 128 128 128
-4.375998 11.200906 0.826042 178 34 34
-3.211821 8.288375 2.487191 128 128 128
-4.442044 11.422570 2.909222 178 34 34
-5.519600 11.693965 1.063857 178 34 34
-4.487225 10.649259 3.497321 128 128 128
-4.062967 9.723586 2.154537 128 128 128
-0.890830 9.325655 3.477910 178 34 34
-5.453683 10.276413 6.497084 128 128 128
-7.398710 8.072101 2.273078 128 128 128
-1.217568 7.791998 1.906014 128 128 128
-0.915728 10.290388 1.923766 128 128 128
-5.771987 8.933273 4.419511 128 128 128
-6.646678 9.476123 2.109858 178 34 34
-6.779633 7.651776 5.432191 128 128 128
-2.089749 11.440391 3.266320 128 128 128
-3.725711 8.045773 6.378302 128 128 128
-1.642899 10.813041 5.088491 128 128 128
-3.828486 9.471539 6.008597 128 128 128
-3.760678 11.532824 4.006949 128 128 128
-4.170473 11.586990 4.615621 128 128 128
-0.673217 7.558034 0.558818 128 128 128
-3.089796 7.578900 5.425403 128 128 128
-7.441623 11.117908 4.031000 128 128 128
-5.188910 7.659641 1.737648 178 34 34
-0.564313 10.825814 3.489932 128 128 128
-2.369673 9.548549 3.138458 128 128 128
-1.396002 10.200999 6.426300 128 128 128
-2.177770 9.254061 6.393829 178 34 34
-4.879588 10.591617 5.403275 128 128 128
-2.205813 11.352963 0.025481 128 128 128
-7.148306 9.607627 0.756287 128 128 128
-0.873526 10.483033 1.219510 178 34 34
-3.570210 8.073245 1.606352 128 128 128
-3.136529 8.237591 6.545980 128 128 128
-1.274607 10.620145 4.511025 178 34 34
-1.549079 7.224025 0.279024 128 128 128
-1.299975 8.196201 3.018405 128 128 128
-4.768572 9.920545 0.345980 128 128 128
-5.173631 7.514727 3.897378 128 128 128
-3.210476 11.240892 1.069546 128 128 128
-1.337613 7.314195 6.593206 128 128 128
-5.916575 8.586137 6.124366 128 128 128
-5.505043 11.019249 2.400619 178 34 34
-2.268917 10.301581 2.258595 128 128 128
-5.634615 8.473316 2.792588 178 34 34
-2.315087 7.780627 2.229698 178 34 34
-5.464985 7.761715 5.133270 128 128 128
-2.333471 7.910567 5.459934 128 128 128
-5.790213 10.441470 0.418954 128 128 128
-1.919971 8.783760 1.161225 178 34 34
-2.383870 10.969835 0.791166 178 34 34
-1.854944 10.271194 6.601353 178 34 34
-1.114750 10.686915 4.971487 178 34 34
-3.814910 8.908571 0.165255 128 128 128
-3.510004 11.234563 1.154717 178 34 34
-4.891909 8.668160 5.367649 128 128 128
-3.253432 11.385887 1.647339 128 128 128
-2.541427 10.482094 0.644663 128 128 128
-5.081789 10.967562 4.223997 128 128 128
-1.101944 8.204005 1.321603 178 34 34
-4.195127 9.428611 3.978784 128 128 128
-2.071876 11.149901 5.271382 128 128 128
-3.273538 9.403473 5.514290 128 128 128
-5.230067 11.325840 5.628576 128 128 128
-2.267831 7.304863 6.259878 178 34 34
-3.311962 9.754925 2.176828 128 128 128
-6.970161 7.342825 1.058993 128 128 128
-4.939919 9.545754 0.726398 178 34 34
-3.190014 8.532683 2.415748 178 34 34
-0.610933 10.852352 3.202231 128 128 128
-3.001037 9.779925 3.771687 178 34 34
-7.015564 10.161172 5.073095 178 34 34
-4.754537 9.260534 2.138501 128 128 128
-4.676763 7.808155 0.858556 178 34 34
-3.434211 10.699151 6.183790 128 128 128
-2.562157 8.864171 4.829341 128 128 128
-1.800077 10.934326 2.576333 128 128 128
-4.808122 7.888652 2.512516 178 34 34
-5.717822 11.011526 3.193238 128 128 128
-2.534318 9.893253 3.024321 128 128 128
-5.152493 8.695664 6.014363 128 128 128
-5.545014 10.117813 6.071770 128 128 128
-6.282515 7.452852 2.977169 178 34 34
-2.906185 10.954371 4.182276 128 128 128
-1.707015 10.674836 3.407054 128 128 128
-6.918402 10.439878 0.557001 178 34 34
-6.675372 8.587508 1.233406 128 128 128
-4.829616 10.746073 3.986240 178 34 34
-5.728599 8.748335 6.206177 128 128 128
-2.694917 9.649925 5.362483 178 34 34
-3.815372 9.848199 1.179972 178 34 34
-4.867607 9.192639 2.076217 128 128 128
-6.800221 9.358914 4.063415 178 34 34
-0.819321 8.007295 4.472924 128 128 128
-5.728302 8.686829 5.341017 128 128 128
-4.631951 7.264603 6.590611 128 128 128
-2.900913 7.797621 4.905678 178 34 34
-1.743052 11.198037 4.535236 178 34 34
-4.381983 10.989840 0.456198 128 128 128
-2.870976 9.842903 6.628599 178 34 34
-5.986829 10.353271 5.859300 128 128 128
-4.800479 8.452165 1.406346 178 34 34
-6.144894 10.210148 0.691293 128 128 128
-1.488262 9.756890 5.456782 128 128 128
-6.840468 8.634248 5.332318 128 128 128
-1.345772 9.384057 0.240277 178 34 34
-3.793581 7.624150 4.794622 178 34 34
-2.410989 9.996250 6.499637 128 128 128
-2.574572 9.342563 3.679546 178 34 34
-6.776840 10.771798 0.186830 128 128 128
-4.194155 9.292835 0.710976 178 34 34
-3.877569 9.868749 1.404733 178 34 34
-6.248397 8.200289 1.735613 128 128 128
-5.418257 7.897731 1.576951 178 34 34
-7.560109 7.806454 5.042234 128 128 128
-2.244747 9.991564 1.830401 128 128 128
-7.394054 11.490412 0.274471 128 128 128
-1.963263 9.041843 1.654998 128 128 128
-6.204243 8.499837 5.733835 128 128 128
-1.341763 7.665685 2.868453 128 128 128
-2.094101 11.231411 0.716985 178 34 34
-5.853633 7.665193 2.296095 128 128 128
-7.293381 9.651955 0.426768 178 34 34
-5.889397 9.161247 4.364526 178 34 34
-5.332609 9.623843 3.493087 128 128 128
-7.645684 8.299107 6.628013 178 34 34
-1.914169 10.530220 1.401386 128 128 128
-6.149172 10.656842 5.089727 128 128 128
-2.973495 10.564895 3.212477 128 128 128
-7.553415 8.641498 0.446203 128 128 128
-1.154178 11.452295 6.297686 128 128 128
-5.906295 11.288487 2.685469 128 128 128
-5.303427 7.765682 5.452736 178 34 34
-7.045907 10.000684 4.412404 178 34 34
-6.831837 10.983163 3.744162 128 128 128
-0.809235 10.397711 4.539264 128 128 128
-3.766690 8.961355 5.042507 128 128 128
-7.523001 11.277837 5.949882 128 128 128
-1.699618 10.672161 2.560226 128 128 128
-1.296068 7.688858 4.782450 128 128 128
-1.344016 7.967589 3.169689 178 34 34
-1.166382 7.960024 6.049807 128 128 128
-2.294959 11.464348 1.552946 128 128 128
-3.925598 10.644643 5.255074 128 128 128
-1.816166 10.962397 0.036198 128 128 128
-7.095008 8.078494 2.384075 128 128 128
-1.528063 8.470821 2.828734 178 34 34
-0.933941 11.605409 2.481835 178 34 34
-4.325553 8.040195 3.893854 128 128 128
-3.271650 11.650110 6.520016 128 128 128
-6.796241 8.465468 6.650526 128 128 128
-3.386904 9.627569 4.891665 178 34 34
-2.430561 7.841395 4.577492 178 34 34
-7.270327 7.288565 4.175651 128 128 128
-3.404025 10.757150 1.583179 128 128 128
-1.037107 11.258277 4.872500 178 34 34
-1.225727 10.691778 0.811873 128 128 128
-1.864386 7.477025 1.558605 178 34 34
-7.223122 11.341354 0.479581 178 34 34
-3.177987 7.563245 5.350074 178 34 34
-5.009025 8.200689 3.821558 128 128 128
-2.906942 8.092291 6.595714 178 34 34
-6.696220 8.698032 3.778928 128 128 128
-3.156629 7.435107 4.286586 128 128 128
-1.281183 10.446718 3.031335 178 34 34
-6.902415 7.695987 1.634271 128 128 128
-7.039055 8.324390 5.035771 128 128 128
-5.287247 9.500481 1.566175 178 34 34
-0.635387 7.137852 6.525958 128 128 128
-2.096460 8.240820 4.041080 178 34 34
-3.817102 11.558640 0.850982 178 34 34
-4.206491 8.108442 3.978907 128 128 128
-7.143253 11.293264 4.432364 178 34 34
-6.420673 7.302581 4.590461 128 128 128
-5.985267 9.911178 5.797255 128 128 128
-5.358755 10.305540 3.848366 128 128 128
-1.658669 11.454515 0.592966 178 34 34
-3.981175 11.034259 2.456264 128 128 128
-5.046057 7.135122 1.811093 178 34 34
-5.398744 9.660525 5.577682 128 128 128
-3.111766 7.218060 4.173035 128 128 128
-5.403328 11.441465 5.120789 128 128 128
-3.501261 10.858188 5.273954 128 128 128
-3.613128 9.805027 3.407363 128 128 128
-4.358315 11.689926 1.970263 128 128 128
-6.265067 8.057459 3.455753 178 34 34
-3.352139 11.029230 1.709381 128 128 128
-1.460189 8.337102 2.435346 178 34 34
-5.701045 11.122573 2.713326 128 128 128
-3.709352 9.001851 0.063079 128 128 128
-3.658513 11.299640 2.169543 128 128 128
-2.169561 7.115969 2.818948 128 128 128
-2.797749 10.315930 0.053941 128 128 128
-4.493959 11.586526 1.300840 178 34 34
-5.142563 10.953874 6.392736 178 34 34
-6.454976 10.853717 3.607168 178 34 34
-7.628376 7.232684 3.252648 128 128 128
-3.690200 10.549613 1.629909 128 128 128
-1.806837 7.244413 0.796058 128 128 128
-3.984580 7.416815 2.550410 128 128 128
-2.614343 10.573814 3.227090 128 128 128
-4.005271 7.263243 4.262767 128 128 128
-2.557398 8.610362 1.725403 178 34 34
-1.229966 11.141196 1.076466 128 128 128
-0.792981 9.531950 2.612996 178 34 34
-6.135342 8.201932 4.654499 178 34 34
-6.079878 10.982513 1.450996 128 128 128
-6.582712 8.989515 3.367462 128 128 128
-6.808377 9.558609 3.748091 128 128 128
-4.254061 10.930659 5.823309 128 128 128
-1.665696 11.398171 6.504330 128 128 128
-6.953923 9.581653 4.565580 128 128 128
-5.539322 9.793743 5.996433 178 34 34
-1.166020 10.690879 2.913456 128 128 128
-3.345331 11.467758 4.407804 128 128 128
-6.509625 8.415979 4.258578 178 34 34
-2.460478 10.262957 6.010840 178 34 34
-2.755675 8.000450 0.246338 178 34 34
-4.998576 10.422408 5.362297 178 34 34
-0.675838 10.254981 0.299047 128 128 128
-7.489170 8.612741 2.789897 128 128 128
-0.910835 8.261943 3.138205 128 128 128
-1.729195 9.769544 3.033596 178 34 34
-5.050159 8.264323 2.169472 128 128 128
-7.124156 10.612054 3.162339 178 34 34
-6.108569 9.666511 5.899103 178 34 34
-6.363726 8.291005 5.599322 128 128 128
-4.949194 8.230409 1.951168 128 128 128
-1.176633 8.234723 6.084486 128 128 128
-0.996790 10.672403 5.430428 128 128 128
-2.581671 7.877719 2.140870 128 128 128
-5.898880 8.462903 5.350075 128 128 128
-3.523429 10.228322 6.641296 178 34 34
-1.012856 7.364381 2.946743 178 34 34
-7.637028 9.937355 1.867753 128 128 128
-1.259484 9.102585 2.000736 178 34 34
-1.652838 9.334371 3.033326 128 128 128
-1.490722 7.346732 1.277653 178 34 34
-6.315809 11.402140 1.202741 128 128 128
-6.572662 7.870216 6.362100 128 128 128
-0.630496 10.409721 5.055551 128 128 128
-7.631592 8.185010 0.350115 178 34 34
-3.625174 7.232074 0.457496 128 128 128
-7.028320 11.183042 5.727885 128 128 128
-5.636204 7.864413 6.124250 128 128 128
-3.415706 7.221405 1.806200 128 128 128
-7.386403 10.451084 5.950673 178 34 34
-3.449078 9.697401 0.809369 128 128 128
-0.810910 8.595484 3.735816 128 128 128
-7.443875 8.082158 5.053580 128 128 128
-1.439013 11.507911 0.099266 128 128 128
-2.319796 7.367797 4.528361 128 128 128
-4.131173 11.098549 1.085414 128 128 128
-1.663117 11.550663 3.039750 128 128 128
-0.538697 10.133698 1.360649 128 128 128
-1.625496 10.400716 1.072431 128 128 128
-3.762389 9.718048 0.829359 128 128 128
-3.477236 8.890699 2.446350 178 34 34
-1.128217 10.966924 1.840204 128 128 128
-2.229970 7.803635 4.944192 128 128 128
-5.605123 8.284958 3.524424 178 34 34
-0.893636 9.680659 2.524447 128 128 128
-3.255091 10.833898 5.211301 128 128 128
-4.549128 11.287253 2.412866 128 128 128
-3.123819 9.724108 1.361527 128 128 128
-6.315973 7.119948 4.957025 178 34 34
-2.082269 10.035195 5.300911 128 128 128
-4.553293 8.863559 2.400141 128 128 128
-6.133672 7.647760 6.596982 178 34 34
-3.445927 10.918782 1.301598 178 34 34
-2.819714 8.522042 4.193064 128 128 128
-1.278859 8.787166 0.997437 178 34 34
-5.837267 10.236807 3.302651 128 128 128
-3.581752 10.692327 3.072802 128 128 128
-5.579512 10.594096 5.783201 178 34 34
-5.548683 9.534271 5.743473 128 128 128
-5.934766 7.274904 4.693856 128 128 128
-2.707238 11.153480 0.462745 178 34 34
-2.234730 7.996593 6.468929 178 34 34
-6.781918 10.210821 2.506254 178 34 34
-5.849706 11.416513 4.101631 128 128 128
-6.907466 9.862901 5.382275 128 128 128
-1.856947 9.835325 3.448464 128 128 128
-2.856661 7.598383 2.055920 128 128 128
-1.610851 7.313460 1.184230 128 128 128
-6.610157 9.488786 1.131525 128 128 128
-6.422975 7.533132 3.060456 178 34 34
-4.927871 10.532440 3.379785 178 34 34
-0.807541 10.264331 0.561635 128 128 128
-1.588557 8.323832 1.417637 128 128 128
-1.972342 9.127037 0.323896 178 34 34
-4.981055 10.358866 2.528177 128 128 128
-5.246232 10.127944 5.888078 128 128 128
-3.523301 8.656815 5.060149 128 128 128
-5.462225 7.562366 3.124925 128 128 128
-5.285387 10.436501 0.461306 128 128 128
-3.686717 10.086703 1.291510 178 34 34
-4.690991 9.118249 6.404727 128 128 128
-4.021569 7.090553 5.953799 178 34 34
-1.308450 10.241467 4.692604 128 128 128
-6.081292 10.852864 0.669870 128 128 128
-2.639917 11.680531 2.572402 178 34 34
-6.219941 7.487637 5.787738 178 34 34
-5.889020 11.327149 0.543295 128 128 128
-1.562324 8.479198 0.100896 128 128 128
-2.823236 10.260345 1.027061 128 128 128
-4.485366 9.023718 2.590372 128 128 128
-0.950460 9.285068 0.823334 128 128 128
-3.928360 10.427612 0.954606 128 128 128
-5.407418 8.164678 3.269983 128 128 128
-1.244778 8.253211 2.578894 128 128 128
-6.872391 10.533526 0.227078 178 34 34
-2.227000 9.352468 5.091051 178 34 34
-4.079500 11.001459 2.378235 128 128 128
-3.043616 7.566715 0.497053 178 34 34
-6.770487 9.355286 4.823117 128 128 128
-3.396393 10.788138 1.229373 128 128 128
-2.671128 10.259016 0.841015 178 34 34
-1.788328 10.779291 3.656441 128 128 128
-0.773386 10.746864 4.310176 128 128 128
-1.182123 9.854351 4.267173 128 128 128
-4.126524 8.540162 2.287685 128 128 128
-3.807003 11.671049 4.523381 178 34 34
-3.435504 7.684843 1.937125 128 128 128
-4.224453 11.239635 0.837987 178 34 34
-1.436392 7.526176 5.252245 128 128 128
-2.469878 11.596054 0.757298 128 128 128
-4.180891 11.062132 2.023401 128 128 128
-5.720278 8.749274 1.436875 128 128 128
-3.049536 10.889932 0.200350 178 34 34
-0.739054 8.667427 3.377468 128 128 128
-7.615499 9.832138 0.653799 128 128 128
-4.750014 10.931277 2.561678 128 128 128
-1.353362 7.885482 6.488134 128 128 128
-1.410455 9.248304 2.773603 178 34 34
-0.973350 10.328189 2.374089 178 34 34
-6.100791 9.852188 3.530501 128 128 128
-7.616619 7.377098 1.577544 128 128 128
-0.984942 8.346002 0.991178 128 128 128
-1.168822 9.355430 1.645803 178 34 34
-1.026150 10.705898 3.461459 178 34 34
-5.514848 10.823936 1.345237 128 128 128
-3.215779 8.301382 6.208615 128 128 128
-0.989697 7.539643 4.980509 128 128 128
-3.213318 10.385371 3.293189 128 128 128
-4.101735 9.550705 3.518696 128 128 128
-7.023187 9.470602 3.358208 128 128 128
-6.701749 8.846235 6.442165 128 128 128
-3.722441 7.710205 1.571265 128 128 128
-5.274123 10.268748 2.213625 128 128 128
-2.000788 9.919937 2.786333 128 128 128
-2.091019 9.504434 4.258682 128 128 128
-4.111787 10.502307 5.531212 178 34 34
-4.044441 10.976009 0.123315 178 34 34
-2.431885 8.418794 3.640025 178 34 34
-6.675045 8.795257 3.907559 128 128 128
-3.732570 7.881464 5.565848 128 128 128
-7.529338 10.928836 2.112602 178 34 34
-1.361954 8.773887 6.567400 128 128 128
-4.990938 8.897598 1.888944 128 128 128
-7.615502 9.529624 2.175593 128 128 128
-5.247443 9.761628 3.003287 128 128 128
-7.640344 10.786483 5.236485 128 128 128
-1.045391 11.711147 5.025640 128 128 128
-2.820700 7.520691 5.169462 178 34 34
-7.282435 8.669309 0.508006 128 128 128
-3.042037 8.078101 2.975861 128 128 128
-2.771306 9.150713 4.626894 128 128 128
-4.083379 9.447320 3.258980 178 34 34
-4.179581 10.265544 2.995595 128 128 128
-1.584230 9.474782 2.348676 128 128 128
-1.411474 8.034482 0.216295 128 128 128
-6.748506 7.095535 3.943640 128 128 128
-5.301428 7.740501 4.634527 128 128 128
-6.355871 11.302996 6.033350 128 128 128
-3.496594 8.674012 3.287566 128 128 128
-6.847610 9.163145 1.050724 128 128 128
-4.149078 7.542275 4.818387 178 34 34
-2.267549 9.032930 4.948717 128 128 128
-1.263924 8.443910 1.501844 128 128 128
-0.569401 11.011584 3.501580 128 128 128
-7.654060 10.891897 0.781253 128 128 128
-1.341898 8.348539 5.685639 178 34 34
-4.828818 10.602345 4.180429 128 128 128
-7.629503 9.655141 6.624160 178 34 34
-7.455796 7.176574 5.541683 178 34 34
-0.874359 9.971908 4.618732 178 34 34
-3.119417 8.996222 6.076433 178 34 34
-2.633792 9.082995 2.601266 128 128 128
-4.368858 11.040836 4.219208 128 128 128
-7.533743 9.475699 3.705744 178 34 34
-6.460548 8.965580 0.139796 128 128 128
-4.974349 8.117724 5.122620 128 128 128
-7.533485 9.680655 6.124145 178 34 34
-6.282229 11.723242 5.625406 178 34 34
-1.981854 7.857582 5.878279 128 128 128
-6.226648 7.785399 0.114629 128 128 128
-1.988037 7.557316 6.558620 178 34 34
-7.015779 9.093636 0.236531 128 128 128
-7.454852 8.595773 2.964170 128 128 128
-1.374111 8.196309 4.071719 128 128 128
-5.613443 7.513528 4.482822 128 128 128
-2.814184 8.634677 0.095527 128 128 128
-7.468627 10.764646 4.265256 178 34 34
-1.798555 7.648734 6.561888 128 128 128
-6.918759 10.311536 0.533181 128 128 128
-1.597361 7.123548 4.010060 178 34 34
-4.535387 7.451338 1.603670 128 128 128
-3.953748 8.993621 3.796293 128 128 128
-3.800933 7.780749 6.629064 128 128 128
-7.034276 9.661902 0.609085 128 128 128
-3.732293 11.449328 2.322675 128 128 128
-0.636418 10.420958 3.812162 178 34 34
-1.429670 8.675310 3.216272 128 128 128
-3.013106 9.787178 4.253545 128 128 128
-5.144531 10.828446 0.732589 128 128 128
-3.359112 10.152506 0.692351 128 128 128
-0.754062 8.891938 3.431161 178 34 34
-6.693773 11.323722 6.343546 128 128 128
-7.485411 8.515850 2.349162 178 34 34
-1.848295 7.823722 6.358519 128 128 128
-7.582624 9.794501 3.842961 128 128 128
-4.179098 7.703904 0.188883 128 128 128
-3.495281 11.169543 4.593269 128 128 128
-2.043802 7.231325 2.828381 128 128 128
-7.525635 11.392939 3.823298 128 128 128
-4.629354 9.971533 4.608670 128 128 128
-0.860131 10.661955 4.430632 178 34 34
-5.980524 7.944232 4.466700 128 128 128
-1.368893 10.463013 5.748844 128 128 128
-3.276024 8.311634 3.054022 178 34 34
-5.524064 10.002176 4.030974 178 34 34
-5.383501 10.907392 2.589580 128 128 128
-4.531132 11.384999 4.644886 128 128 128
-6.468184 8.001921 1.425277 178 34 34
-5.702473 9.903196 4.625749 128 128 128
-5.637021 8.024322 2.598667 178 34 34
-6.100719 8.435773 1.083230 128 128 128
-2.824701 10.730813 4.462983 178 34 34
-3.380075 7.724769 3.600387 178 34 34
-5.594214 11.334160 6.469285 128 128 128
-2.552277 9.228536 2.720001 178 34 34
-0.583706 7.604755 6.063447 128 128 128
-4.226708 9.410753 5.347046 128 128 128
-0.846334 7.683736 2.901797 128 128 128
-0.676249 9.374396 1.999298 178 34 34
-2.556769 10.719713 2.299417 178 34 34
-2.242403 10.386747 6.460338 178 34 34
-1.446658 11.423432 6.319162 128 128 128
-5.786927 11.469160 5.353540 128 128 128
-5.855267 10.272496 4.569125 128 128 128
-3.394351 8.368382 4.498292 128 128 128
-1.126261 7.317907 5.887590 128 128 128
-4.976518 10.885953 5.384609 178 34 34
-6.036832 10.112500 3.740942 128 128 128
-7.526920 11.431342 6.459750 128 128 128
-4.420696 8.120874 5.807169 128 128 128
-7.167795 8.158212 0.030678 128 128 128
-4.263826 10.395758 1.645950 178 34 34
-2.899031 7.561416 3.447297 128 128 128
-4.950591 10.062951 6.115690 128 128 128
-2.588639 10.710023 3.239058 128 128 128
-5.944696 9.184317 2.392044 178 34 34
-1.371597 9.860938 2.204985 128 128 128
-2.952961 9.477162 4.850202 178 34 34
-3.648515 10.935500 0.403092 128 128 128
-5.202151 11.043907 6.476773 178 34 34
-1.457722 10.366177 1.558665 178 34 34
-3.086596 7.984920 0.992227 128 128 128
-4.704224 10.220213 5.716357 128 128 128
-5.021212 9.615945 2.997918 128 128 128
-7.166387 9.164172 5.044157 178 34 34
-7.040577 7.630095 1.602642 128 128 128
-4.674130 9.627057 1.420486 128 128 128
-2.595176 8.011354 6.126094 128 128 128
-2.639971 11.376973 6.255856 178 34 34
-6.554918 8.132535 4.923419 128 128 128
-0.560037 7.617286 0.406111 128 128 128
-3.099540 8.189620 0.316198 128 128 128
-6.896044 7.541852 6.217976 178 34 34
-4.178028 8.845482 0.072934 128 128 128
-6.386404 11.202958 6.353496 128 128 128
-4.419256 9.046341 1.264488 128 128 128
-1.308569 7.369611 5.830231 178 34 34
-5.436884 8.806917 5.778886 128 128 128
-4.510250 8.872343 2.342707 128 128 128
-5.512541 10.301306 6.270350 178 34 34
-3.235279 10.532847 3.834684 178 34 34
-1.438666 10.066104 2.935227 178 34 34
-3.020357 8.960142 4.886409 178 34 34
-4.099668 9.868463 2.470519 128 128 128
-2.127876 11.061747 1.769568 128 128 128
-6.392950 10.796830 6.580556 128 128 128
-7.609280 11.066638 1.623418 178 34 34
-1.561947 8.456298 6.041275 128 128 128
-6.428730 11.697515 2.510892 128 128 128
-0.976288 9.913520 5.023432 128 128 128
-7.063953 8.267704 1.619349 128 128 128
-2.011069 10.533329 0.029482 178 34 34
-6.805178 11.030296 0.550172 128 128 128
-2.433235 9.254063 3.091387 128 128 128
-6.618910 11.458495 4.097969 128 128 128
-0.715290 8.232997 3.697152 128 128 128
-1.155226 11.107109 6.341780 128 128 128
-3.574515 8.087773 0.336220 178 34 34
-5.445452 10.532738 1.513630 128 128 128
-3.393751 10.404555 0.347035 128 128 128
-5.778570 8.014606 4.860641 178 34 34
-3.378657 9.664890 0.927893 128 128 128
-1.718901 7.183743 5.911788 178 34 34
-5.059816 10.832491 5.847546 128 128 128
-0.614633 8.135989 5.781058 178 34 34
-2.762622 10.865676 4.528971 178 34 34
-6.757825 9.838052 5.000541 178 34 34
-4.209535 11.108512 1.633841 128 128 128
-4.437375 8.566816 6.491858 178 34 34
-6.165433 7.433294 6.063944 128 128 128
-1.182383 7.273741 0.800516 178 34 34
-1.677849 9.512849 6.619646 178 34 34
-6.645937 10.915058 2.397187 128 128 128
-3.710709 7.595645 0.768806 128 128 128
-4.457746 7.125102 4.166613 128 128 128
-6.661681 7.445229 3.947842 128 128 128
-2.985080 9.340273 6.490767 178 34 34
-7.069857 11.529922 6.038557 178 34 34
-5.022458 7.270612 6.471914 178 34 34
-5.641458 8.445922 5.572274 178 34 34
-5.072385 8.482384 1.858108 128 128 128
-2.105347 8.333019 3.931204 128 128 128
-2.131623 7.541018 4.743551 128 128 128
-0.733128 9.460787 1.366206 128 128 128
-4.184560 8.699537 6.275133 178 34 34
-2.552731 8.288812 5.830412 178 34 34
-1.210508 10.789967 2.950372 128 128 128
-6.183074 10.127335 0.333657 128 128 128
-4.192819 9.059235 5.053199 178 34 34
-6.359762 9.741153 4.535376 128 128 128
-4.066758 10.551921 2.539783 128 128 128
-4.956089 8.231835 5.261800 128 128 128
-7.146870 10.593259 0.049902 128 128 128
-7.406600 8.346382 5.658812 178 34 34
-2.078067 9.476329 5.349219 128 128 128
-6.298281 8.072732 5.331239 128 128 128
-1.772935 11.463568 2.354113 178 34 34
-4.303356 7.211390 6.331143 128 128 128
-3.562964 9.185702 0.262298 128 128 128
-7.068018 7.834151 4.060669 128 128 128
-3.721805 9.504099 5.182055 178 34 34
-4.629429 9.493201 2.468003 178 34 34
-1.844442 9.110460 5.993378 178 34 34
-4.883902 7.724509 6.489942 178 34 34
-5.218448 10.742514 2.708994 128 128 128
-3.462374 7.515302 1.497036 128 128 128
-6.039537 7.358257 4.271776 128 128 128
-6.039136 11.143265 2.875016 128 128 128
-7.107106 7.789828 3.728447 128 128 128
-2.413945 10.574560 5.120283 128 128 128
-3.689875 8.030499 1.063716 128 128 128
-7.496529 9.928799 2.500085 178 34 34
-5.827426 10.306139 3.188844 128 128 128
-2.705117 8.804979 3.705551 178 34 34
-3.192938 10.066289 4.286141 128 128 128
-4.512280 11.522435 3.503417 178 34 34
-4.526419 8.089636 0.178625 128 128 128
-5.485003 9.519702 1.600412 128 128 128
-3.265673 9.819806 4.223413 178 34 34
-1.235362 9.365796 0.732377 128 128 128
-2.034132 7.815084 1.629266 128 128 128
-4.986109 11.332609 2.714230 128 128 128
-3.147843 9.888963 3.632039 128 128 128
-1.070903 8.070318 3.416598 128 128 128
-6.988468 10.943720 0.567290 128 128 128
-2.694986 7.995498 6.351222 128 128 128
-4.362276 7.359529 4.991311 178 34 34
-6.413059 10.041542 5.549473 128 128 128
-1.933819 11.038482 2.139652 178 34 34
-3.729915 10.386739 2.281031 128 128 128
-1.500241 10.097539 1.540999 128 128 128
-6.588502 7.783310 2.072166 178 34 34
-4.340008 10.017384 2.934491 128 128 128
-2.440088 9.753474 0.225882 128 128 128
-3.080856 8.414962 0.843443 128 128 128
-0.687656 8.794728 0.794122 178 34 34
-2.595078 8.590436 5.262642 128 128 128
-2.469860 11.353654 5.554797 178 34 34
-2.762578 11.649475 1.096440 178 34 34
-7.451024 10.140508 5.229915 128 128 128
-1.132771 8.079474 5.719202 128 128 128
-0.988338 9.906092 6.355407 128 128 128
-4.045948 8.904886 5.226250 178 34 34
-1.015899 11.100699 2.612202 128 128 128
-5.329605 10.248050 2.125224 128 128 128
-7.441752 10.670460 5.869966 178 34 34
-4.979504 10.840270 1.100650 128 128 128
-2.312376 8.026945 0.212439 128 128 128
-2.524382 10.425595 1.777838 178 34 34
-4.406405 9.339360 1.132078 128 128 128
-7.440494 7.284349 6.098243 178 34 34
-5.105267 8.786103 4.634372 178 34 34
-3.198982 11.602432 3.641539 128 128 128
-2.079840 7.949942 3.239151 178 34 34
-4.809815 8.373011 2.368233 128 128 128
-6.494739 9.434285 3.409091 178 34 34
-5.051048 8.111604 2.051100 128 128 128
-1.408835 7.507872 2.369091 128 128 128
-2.799784 11.130567 0.243237 128 128 128
-5.514340 10.610137 3.657777 128 128 128
-4.046200 9.136528 4.188309 128 128 128
-2.791359 9.260485 2.806091 128 128 128
-1.752436 8.914356 0.923721 178 34 34
-3.175525 10.696142 1.324995 178 34 34
-2.257240 9.911146 5.810402 178 34 34
-6.623454 7.624098 2.035427 128 128 128
-1.195317 11.417654 4.718249 178 34 34
-5.337254 8.792142 0.736024 128 128 128
-7.450048 8.349754 2.996249 128 128 128
-2.487333 8.355412 0.201449 128 128 128
-4.653659 8.726297 0.446263 128 128 128
-0.650027 8.675696 1.420720 128 128 128
-3.206267 9.485330 2.089167 128 128 128
-2.493465 11.384425 3.371502 178 34 34
-1.145530 9.359795 1.980706 178 34 34
-6.858644 7.984284 4.292427 178 34 34
-5.354235 9.034847 4.849560 128 128 128
-5.142949 11.137971 0.746605 128 128 128
-5.213291 7.305226 3.662013 128 128 128
-0.822172 10.842925 4.181742 128 128 128
-2.942184 8.209447 3.127620 128 128 128
-6.676271 11.685302 2.175001 128 128 128
-0.601892 10.431730 4.317447 128 128 128
-5.437725 8.189943 4.953353 178 34 34
-2.195792 9.677998 0.347751 128 128 128
-5.326625 8.365338 2.743782 128 128 128
-1.668806 8.261440 1.171640 128 128 128
-5.219957 11.481819 1.904764 178 34 34
-4.130651 10.872658 1.466113 128 128 128
-7.210197 8.854672 5.566322 178 34 34
-6.210787 11.110457 3.246613 128 128 128
-3.005415 9.743070 4.270074 128 128 128
-0.761396 7.968189 6.491479 128 128 128
-3.653393 8.349398 3.848553 128 128 128
-3.775487 8.227915 6.660154 128 128 128
-0.790740 10.286170 4.402471 128 128 128
-1.432502 9.751573 3.055618 128 128 128
-6.184233 9.046812 3.444503 178 34 34
-1.637886 9.018709 6.045617 128 128 128
-7.215300 10.525529 0.627038 128 128 128
-5.623832 9.704976 3.117542 128 128 128
-5.334179 10.685854 1.445805 178 34 34
-6.544929 7.351203 6.549901 128 128 128
-5.295589 7.553646 5.425632 178 34 34
-3.751935 7.297957 4.988945 128 128 128
-6.120807 9.258534 4.350890 128 128 128
-3.254455 7.143066 3.020859 128 128 128
-2.116465 8.348008 3.375205 128 128 128
-6.640888 11.091025 0.974780 178 34 34
-5.091036 9.897188 1.886259 128 128 128
-3.045904 7.112182 6.416564 178 34 34
-6.216990 8.717054 3.316954 178 34 34
-4.093556 9.438885 2.269082 128 128 128
-2.516947 9.553166 4.249323 178 34 34
-4.655889 10.385448 4.464992 128 128 128
-0.973739 11.520277 0.788904 128 128 128
-0.869710 7.701602 0.381551 128 128 128
-3.392386 7.446844 0.192740 128 128 128
-3.546597 8.709757 1.536142 128 128 128
-0.933123 7.114624 5.296036 178 34 34
-1.331562 8.023828 6.040820 128 128 128
-5.887531 11.377285 5.886842 178 34 34
-7.193043 9.867492 3.061089 128 128 128
-2.214823 10.928683 4.065647 128 128 128
-7.125536 8.118088 2.232271 128 128 128
-5.537989 11.501687 6.356507 128 128 128
-3.383473 7.765799 3.699570 178 34 34
-4.155529 9.864951 4.928485 128 128 128
-5.659527 10.003913 4.224875 178 34 34
-4.196473 9.921536 0.739793 128 128 128
-5.961522 9.095511 0.048551 128 128 128
-6.021772 7.537151 5.078113 128 128 128
-2.852465 10.488963 2.782054 178 34 34
-7.082661 11.140950 5.068832 128 128 128
-2.850474 11.411608 2.224062 178 34 34
-0.547347 9.789171 4.437751 128 128 128
-5.258130 8.759810 5.853981 128 128 128
-4.130762 9.222143 2.079874 128 128 128
-5.324604 7.281450 3.678333 128 128 128
-4.471678 7.843959 1.698555 178 34 34
-4.262352 10.440052 1.190427 128 128 128
-5.810588 11.725657 6.581046 178 34 34
-3.865722 10.044289 1.525274 128 128 128
-3.344891 8.439340 2.289825 178 34 34
-2.860691 9.033329 2.593914 128 128 128
-5.015133 10.689314 1.137122 128 128 128
-6.193304 9.094883 3.230858 178 34 34
-3.318460 9.852999 4.992006 178 34 34
-3.557543 10.404369 1.751870 178 34 34
-1.111382 7.529641 4.870971 128 128 128
-6.775368 7.902493 4.958723 178 34 34
-6.181301 9.001631 5.382401 178 34 34
-6.668389 10.184754 1.837962 128 128 128
-5.389590 11.250971 3.671754 128 128 128
-6.296145 8.869729 5.844939 128 128 128
-4.033874 9.268603 0.705843 128 128 128
-5.163661 10.612391 2.538490 178 34 34
-3.113883 9.486599 2.043022 128 128 128
-3.185149 11.163450 1.370371 128 128 128
-5.858538 11.134439 3.079302 128 128 128
-5.321638 8.837476 4.362300 178 34 34
-7.387375 7.796866 4.580469 128 128 128
-4.555935 9.207667 5.668422 178 34 34
-4.866615 8.449922 6.131087 128 128 128
-1.746031 11.092525 3.304915 128 128 128
-2.638273 -3.386984 5.075449 128 128 128
-3.951770 -1.224891 1.121607 128 128 128
-3.045189 -2.429611 2.266986 128 128 128
-0.607494 -2.600900 5.177018 128 128 128
-4.532431 -1.591994 7.880490 128 128 128
2.665718 -5.995739 2.059222 128 128 128
0.943563 -4.236238 7.469002 178 34 34
1.220219 -6.328318 8.572314 128 128 128
-4.495566 -5.795301 1.097028 128 128 128
2.001440 -6.227554 8.311275 128 128 128
0.482935 -5.868372 7.912436 178 34 34
0.625645 -5.825087 8.620121 178 34 34
-1.145628 -3.749436 6.116057 128 128 128
-3.516238 -1.811854 2.543987 128 128 128
1.675431 -4.922080 8.003779 178 34 34
-4.037306 -5.420357 4.935013 128 128 128
0.854958 -3.262969 2.287038 128 128 128
-4.239498 -3.957581 6.503990 128 128 128
-2.534854 -1.531256 5.077546 178 34 34
0.780871 -2.407513 5.650580 128 128 128
0.475838 -5.809152 1.975612 178 34 34
-1.615772 -3.234974 8.373886 178 34 34
0.291928 -5.677312 0.102416 178 34 34
-1.015314 -2.631931 0.167096 178 34 34
1.155188 -3.679209 7.360166 128 128 128
1.740189 -3.724026 8.078284 178 34 34
-3.512973 -5.337126 5.264787 128 128 128
1.754861 -3.230159 7.545385 128 128 128
-2.946493 -3.330108 5.271056 128 128 128
-1.179719 -5.329369 0.226473 128 128 128
-4.461675 -1.392930 0.259871 128 128 128
-0.809663 -5.278692 8.105303 128 128 128
2.570651 -6.214882 4.763918 128 128 128
2.073100 -3.849588 0.388245 128 128 128
-1.481230 -5.579286 6.911404 128 128 128
2.246290 -3.605914 6.187330 178 34 34
0.387031 -1.592800 8.034495 178 34 34
-0.438261 -6.253128 0.836481 128 128 128
0.268475 -4.667517 6.689697 128 128 128
1.250234 -2.066806 1.919048 178 34 34
1.095718 -6.332171 5.487794 128 128 128
-2.137817 -2.263615 7.981928 128 128 128
-0.929803 -2.483112 7.817980 128 128 128
-2.493210 -6.438379 4.873647 128 128 128
-0.996528 -5.455808 5.450318 128 128 128
0.406597 -2.130545 3.508716 128 128 128
1.785858 -4.146271 7.783638 128 128 128
0.633783 -2.216941 0.112123 128 128 128
-3.837753 -4.177584 8.330072 128 128 128
-2.986054 -6.316004 5.656946 178 34 34
-0.237259 -4.877634 6.258919 178 34 34
-1.081993 -4.945537 7.891146 128 128 128
-4.472843 -2.490318 3.522506 128 128 128
-0.173171 -5.745139 3.722979 128 128 128
-0.238224 -5.305737 5.640071 128 128 128
2.084668 -1.262163 6.643248 128 128 128
-0.344671 -5.955161 1.992193 128 128 128
-4.785154 -2.237631 6.099188 128 128 128
-1.751505 -4.604491 0.816675 178 34 34
-0.517568 -5.072429 6.738506 128 128 128
-3.078468 -4.325607 6.104643 128 128 128
1.918790 -4.062046 8.484884 178 34 34
2.867697 -3.417396 4.179416 128 128 128
0.650242 -5.500138 8.000011 128 128 128
0.090717 -6.161238 2.139417 128 128 128
0.977861 -6.116928 5.910227 128 128 128
1.620631 -2.692570 8.800155 128 128 128
1.417683 -1.580002 3.240740 178 34 34
-4.483366 -3.499559 8.785766 128 128 128
-0.684824 -2.138735 6.305022 128 128 128
0.648974 -6.366400 8.401312 128 128 128
0.369926 -4.093308 7.892927 128 128 128
0.622732 -2.855816 8.924287 128 128 128
-3.976328 -5.817286 7.642576 128 128 128
1.907551 -6.101350 6.204064 178 34 34
-4.640682 -2.238885 3.519507 128 128 128
-3.484375 -1.756452 6.205593 128 128 128
1.023091 -4.846596 6.284177 128 128 128
-0.347644 -4.059974 2.537394 128 128 128
0.786504 -6.100100 1.183867 128 128 128
0.660136 -3.060049 3.583712 178 34 34
0.130510 -6.342420 1.480622 128 128 128
-3.119439 -3.809979 3.186093 128 128 128
2.720333 -3.809697 7.039916 128 128 128
1.223301 -4.384816 6.084172 178 34 34
-1.016934 -2.987934 6.281859 128 128 128
-0.802808 -3.736603 2.371206 128 128 128
0.209351 -3.869294 8.036764 128 128 128
0.172660 -4.441668 4.463476 128 128 128
1.609238 -3.615545 4.131404 128 128 128
-1.699945 -2.774465 3.896178 128 128 128
0.367191 -5.748922 9.007943 178 34 34
2.738176 -1.741055 7.528869 178 34 34
0.469338 -3.125009 5.512160 128 128 128
2.910007 -4.078691 0.618612 178 34 34
-4.537640 -2.730946 8.699893 128 128 128
-0.345363 -2.245547 5.466362 178 34 34
0.263720 -3.553283 8.511973 178 34 34
2.856442 -4.940621 3.754230 178 34 34
0.089506 -1.213786 0.001919 128 128 128
-3.766417 -1.824464 2.856270 178 34 34
-3.165626 -3.974248 1.869871 178 34 34
1.676009 -1.867325 6.411645 128 128 128
2.969447 -3.518787 2.982301 128 128 128
-0.471184 -2.442272 1.920736 178 34 34
-3.564423 -2.911790 8.847721 128 128 128
2.778197 -4.123977 1.170093 128 128 128
-1.942369 -5.926735 8.424650 128 128 128
1.744691 -1.756168 6.805117 178 34 34
-0.317678 -6.435900 0.713896 128 128 128
-2.920133 -4.687670 3.841108 128 128 128
1.575071 -3.957882 3.746803 128 128 128
-4.518275 -5.910015 6.908244 128 128 128
-3.750215 -3.708977 8.848646 178 34 34
2.147114 -1.664947 4.116163 178 34 34
-0.146046 -2.361367 1.186365 178 34 34
-1.707597 -5.843122 8.550151 128 128 128
-2.840092 -6.272177 6.861307 128 128 128
-0.311269 -2.945890 7.940201 128 128 128
2.504673 -2.432657 7.298386 128 128 128
-1.375836 -4.676299 1.522785 128 128 128
-3.033211 -3.444916 3.466831 128 128 128
0.125928 -2.628543 1.845736 128 128 128
-3.590665 -1.215555 8.633458 128 128 128
-1.764527 -5.514468 7.485789 128 128 128
-3.795928 -2.253362 7.971721 128 128 128
0.834764 -2.955343 5.261177 128 128 128
-1.685649 -1.885080 0.240643 178 34 34
-2.879024 -3.556051 2.356095 128 128 128
-4.515847 -5.068374 3.102929 128 128 128
-4.378932 -3.324281 2.615039 128 128 128
-1.529122 -5.405423 4.841141 128 128 128
-1.567319 -6.140566 6.356483 128 128 128
-1.967424 -4.893360 4.765400 128 128 128
2.035998 -5.768383 2.285283 128 128 128
-0.442939 -5.130771 7.528209 128 128 128
-4.580394 -3.320361 6.084443 128 128 128
-3.397842 -6.270872 3.912889 128 128 128
0.916920 -3.498083 2.888828 178 34 34
-0.796046 -4.401566 6.023038 128 128 128
-2.570390 -1.958213 0.909841 128 128 128
-1.732199 -6.386442 2.512530 128 128 128
-0.166118 -4.529406 0.484825 128 128 128
-4.322684 -3.494494 6.395076 128 128 128
-3.295239 -4.947368 4.850376 128 128 128
1.125730 -5.142171 6.342809 128 128 128
-4.089393 -5.589690 8.417093 128 128 128
-1.417695 -3.805614 0.873617 178 34 34
-1.744561 -2.038097 0.044171 128 128 128
-0.206899 -5.303800 2.685275 178 34 34
-4.483509 -4.794321 2.055338 128 128 128
-3.980016 -3.364111 6.629082 128 128 128
0.889589 -1.488911 6.031565 128 128 128
-2.454409 -5.393452 2.729843 128 128 128
-0.879497 -1.260478 5.291757 178 34 34
-2.855862 -2.897807 0.865399 178 34 34
-4.137783 -1.901778 1.316483 128 128 128
-4.371256 -5.674379 1.950858 128 128 128
0.044732 -6.174519 4.351787 128 128 128
2.863046 -1.804320 3.108061 128 128 128
-0.671435 -5.196327 8.382108 128 128 128
2.353532 -3.026578 2.185466 128 128 128
-2.428898 -3.973922 8.211409 128 128 128
2.804660 -4.066010 8.229812 128 128 128
-4.485779 -3.993165 0.030013 128 128 128
-1.290087 -4.136453 7.150762 128 128 128
2.262279 -4.162028 8.016632 128 128 128
2.841780 -2.631870 2.209482 178 34 34
-0.739593 -5.677727 1.314080 128 128 128
-0.144222 -5.891932 0.195681 128 128 128
-3.724135 -2.852858 7.075972 178 34 34
-4.099796 -1.206696 5.604411 128 128 128
1.744783 -4.555831 0.626292 128 128 128
-3.953935 -3.232097 2.761415 178 34 34
-1.333020 -5.368792 2.691008 128 128 128
0.269759 -5.581680 5.535554 128 128 128
-1.597891 -1.670357 3.036378 128 128 128
1.886401 -4.471031 3.935629 128 128 128
1.856568 -1.576786 2.001560 178 34 34
-3.817616 -4.524135 1.576505 128 128 128
0.152159 -5.194493 8.019775 178 34 34
-1.279899 -4.501656 6.684939 128 128 128
-0.025416 -3.950035 3.614121 128 128 128
-4.146972 -2.580390 6.445123 128 128 128
-1.609294 -3.006294 0.693821 128 128 128
-4.723407 -6.381567 6.987161 128 128 128
-4.078830 -5.982574 6.768365 128 128 128
-0.328558 -3.968646 6.786590 128 128 128
-2.645039 -4.376025 6.510228 178 34 34
-4.080720 -2.023235 2.497257 128 128 128
-4.788800 -3.959989 7.349657 128 128 128
2.377170 -1.592766 6.240827 128 128 128
0.803410 -2.944986 5.889575 128 128 128
-4.740856 -1.264116 3.981248 128 128 128
-4.759405 -5.340674 6.598318 128 128 128
1.738276 -1.247203 7.075763 128 128 128
1.690401 -4.616229 0.882683 128 128 128
0.124688 -1.672100 1.083461 128 128 128
-4.345796 -6.177330 6.960331 128 128 128
0.593007 -5.382280 5.600624 178 34 34
-0.456286 -3.419961 2.127211 128 128 128
-0.083634 -2.377494 4.107934 128 128 128
2.251875 -4.871515 5.340642 178 34 34
2.519398 -1.469557 4.710097 128 128 128
1.584112 -3.471934 4.833300 128 128 128
1.526444 -5.501746 1.579442 128 128 128
-1.840603 -5.426592 2.620884 178 34 34
-1.512429 -3.347966 8.607200 128 128 128
1.552954 -3.897426 8.810161 128 128 128
-1.214157 -5.490717 0.736248 128 128 128
-1.284653 -5.469514 1.767163 128 128 128
-1.644520 -3.875596 4.613040 178 34 34
-3.284191 -3.946265 3.396535 128 128 128
-1.137906 -4.573139 6.582466 128 128 128
-3.264797 -4.814732 7.372507 178 34 34
0.881974 -4.715422 0.623438 128 128 128
-1.117418 -4.079412 5.256294 128 128 128
1.408198 -4.981350 5.429199 128 128 128
-3.218941 -4.276146 0.506327 178 34 34
0.530096 -1.503981 2.374435 128 128 128
-1.889264 -4.493057 1.262326 128 128 128
1.413454 -5.847082 6.223583 128 128 128
-2.082399 -4.917922 8.268897 128 128 128
2.189752 -1.922458 2.844707 128 128 128
-3.867313 -3.484950 8.899107 128 128 128
0.005676 -2.890387 6.082758 178 34 34
-3.293752 -3.452091 5.229070 128 128 128
1.423810 -2.936400 8.848542 128 128 128
0.644956 -1.344515 8.914740 128 128 128
2.349866 -3.678829 8.703043 178 34 34
-3.122223 -5.665103 0.623671 128 128 128
-3.225613 -1.925585 2.991986 128 128 128
-3.634983 -4.839502 6.740772 178 34 34
-4.177349 -6.152303 1.627930 128 128 128
-3.188188 -4.789035 3.606822 128 128 128
0.498350 -3.620490 7.861264 128 128 128
2.184932 -1.858449 4.523521 178 34 34
2.775322 -1.998529 1.636349 178 34 34
-4.081310 -2.192247 0.679770 128 128 128
-3.335696 -4.406316 2.223963 128 128 128
-0.626028 -1.530881 0.806481 128 128 128
-3.994682 -2.075699 2.365064 128 128 128
-0.240685 -4.211458 5.852157 128 128 128
-2.213030 -4.385293 6.110393 128 128 128
-1.917107 -3.870157 4.328807 128 128 128
-0.761639 -4.870281 5.137941 128 128 128
-2.520922 -2.060157 6.628057 128 128 128
2.804734 -2.721527 6.297866 128 128 128
2.925387 -3.556018 4.623486 128 128 128
0.179836 -2.113731 1.321505 178 34 34
3.043812 -1.834555 2.496269 128 128 128
-0.788534 -6.420151 9.005964 178 34 34
-4.327733 -2.620129 7.261741 128 128 128
2.817138 -3.594848 2.052794 128 128 128
0.617039 -1.209342 3.628383 128 128 128
-1.768527 -2.606836 5.534274 178 34 34
2.843251 -3.457177 0.624928 128 128 128
0.782903 -4.798611 1.776635 128 128 128
-4.820082 -5.716272 6.825957 178 34 34
2.662543 -3.711517 4.846933 128 128 128
2.695500 -4.143338 1.276871 128 128 128
-4.653326 -1.939396 1.801748 128 128 128
0.594424 -1.432226 8.351612 128 128 128
2.591415 -5.253655 1.645383 178 34 34
-2.047161 -5.869072 6.583506 128 128 128
1.675023 -3.732295 6.974812 128 128 128
-0.594174 -4.451308 8.107599 128 128 128
-1.954258 -2.320376 0.686208 178 34 34
-0.176783 -5.454775 3.856110 178 34 34
-3.174268 -5.299627 8.473685 178 34 34
-3.406592 -2.247424 8.630967 178 34 34
2.207627 -4.486739 0.898640 128 128 128
-3.893748 -4.419195 3.402992 178 34 34
-1.489386 -3.619805 3.743142 128 128 128
-3.182894 -5.665770 7.481680 128 128 128
-1.990981 -5.965767 5.305810 128 128 128
-2.874956 -4.633375 8.488213 128 128 128
-3.762806 -5.283184 2.008725 128 128 128
-3.810970 -5.900718 1.728646 128 128 128
-2.327558 -6.107657 1.185032 128 128 128
-0.149612 -3.816846 0.101950 178 34 34
-2.770522 -1.256238 2.353588 128 128 128
-2.758832 -4.963386 7.425645 128 128 128
-0.968174 -1.332666 6.181469 128 128 128
2.647251 -4.526980 3.260055 128 128 128
-4.658082 -4.073110 1.571173 178 34 34
-3.514601 -1.320457 6.503754 128 128 128
-4.300021 -2.556238 1.561517 128 128 128
2.230243 -4.866845 7.472768 178 34 34
-1.157642 -5.480577 0.132247 128 128 128
-2.723539 -5.855207 7.227444 128 128 128
-1.461289 -1.825517 7.598099 128 128 128
-2.731014 -1.991284 0.605512 128 128 128
0.457017 -1.920789 1.784703 178 34 34
2.623084 -2.896284 5.913737 128 128 128
-4.524622 -5.719101 8.239864 178 34 34
-0.330488 -3.598165 0.880885 128 128 128
-4.545085 -3.431640 2.711545 128 128 128
-0.996336 -1.905103 5.684040 128 128 128
-1.770862 -1.252350 6.426500 128 128 128
-3.080967 -1.647832 8.888060 128 128 128
-4.772284 -6.300833 2.001961 128 128 128
-2.937913 -2.327064 3.821569 178 34 34
1.025277 -3.388657 3.233186 128 128 128
-1.490687 -1.878871 6.392448 128 128 128
-2.482805 -3.792209 0.581755 128 128 128
1.392584 -4.637927 7.618308 128 128 128
-1.479790 -2.461637 6.198479 128 128 128
-4.062966 -6.000438 3.882796 128 128 128
-2.955427 -5.519378 6.694079 178 34 34
-4.711594 -2.521535 4.997322 128 128 128
-4.096665 -2.602724 6.611525 128 128 128
2.059216 -2.304174 8.433885 128 128 128
-3.730232 -4.720958 0.238548 178 34 34
0.167607 -5.943066 9.059539 128 128 128
0.413828 -3.262523 3.670370 128 128 128
-2.315397 -1.626653 6.936293 128 128 128
-0.834571 -6.213723 0.904776 128 128 128
0.936247 -5.798136 5.678991 128 128 128
-1.247438 -3.053527 7.114401 128 128 128
-1.600804 -3.852003 7.156808 128 128 128
1.222813 -1.703014 4.954427 178 34 34
-2.022178 -5.758454 3.338990 128 128 128
2.279311 -5.796023 7.560398 128 128 128
-1.196430 -5.189375 3.534576 128 128 128
-3.774800 -2.272329 2.006570 178 34 34
1.203815 -5.563795 0.196671 128 128 128
-0.010788 -1.322119 5.844201 128 128 128
-2.615989 -4.717875 4.394064 178 34 34
-4.278635 -4.475747 5.866564 178 34 34
-2.041111 -4.808692 2.156121 128 128 128
2.163823 -4.962498 8.049489 128 128 128
-3.769123 -2.552516 5.677325 128 128 128
-0.502462 -2.729617 8.113173 178 34 34
2.377351 -3.422817 7.567635 128 128 128
0.452812 -6.373165 4.834840 128 128 128
-1.738836 -5.415059 5.854779 128 128 128
0.767475 -2.737322 3.962028 128 128 128
-2.391602 -1.675296 5.872560 178 34 34
-4.556794 -6.166851 3.375940 128 128 128
1.988922 -1.292509 2.696790 128 128 128
-1.732113 -6.166514 7.486740 128 128 128
-1.142613 -4.997110 6.184170 128 128 128
0.851907 -2.953846 5.671648 178 34 34
-1.992181 -4.243753 0.359574 128 128 128
-3.353564 -3.301486 7.343232 128 128 128
-1.684750 -5.711421 8.476930 178 34 34
1.729175 -3.217359 5.624110 128 128 128
1.075389 -3.084015 7.749104 128 128 128
-3.356918 -3.811807 5.977152 128 128 128
-1.518295 -4.793450 2.412548 128 128 128
-1.141197 -3.423839 2.133539 128 128 128
-3.591286 -5.586521 6.570423 178 34 34
-4.126125 -3.097526 8.586525 128 128 128
-0.560932 -4.855738 5.292981 178 34 34
1.961600 -2.899803 8.685187 128 128 128
-0.969631 -2.674719 7.337386 178 34 34
0.367915 -5.546705 7.463704 178 34 34
-0.479735 -5.916482 4.710392 178 34 34
0.498430 -4.594459 1.335819 178 34 34
1.769315 -4.189896 8.387541 178 34 34
-3.944279 -3.120811 4.904346 128 128 128
-4.875994 -3.246405 6.195705 128 128 128
-1.936454 -3.526086 2.251093 128 128 128
2.416751 -5.760327 8.487430 178 34 34
3.054157 -3.143408 7.958141 128 128 128
-3.390741 -5.306223 3.322733 178 34 34
-0.136067 -4.452571 4.661056 128 128 128
-1.980970 -6.199026 3.651141 128 128 128
0.935069 -2.256169 4.511358 128 128 128
1.669676 -3.662066 8.969173 128 128 128
1.236555 -4.646277 4.524487 128 128 128
-1.449344 -2.081549 7.527570 128 128 128
1.061693 -1.850191 8.527091 178 34 34
-0.831137 -5.523728 3.909768 128 128 128
-0.893728 -5.666159 9.063956 128 128 128
-4.756268 -6.371611 0.873251 178 34 34
2.400619 -5.074302 1.522120 128 128 128
1.309204 -3.895238 7.235585 128 128 128
-4.019080 -4.889341 2.684361 128 128 128
-4.104830 -5.385528 8.079646 128 128 128
0.932101 -2.839005 5.237336 128 128 128
2.467701 -1.256616 8.242555 178 34 34
-1.509243 -2.161029 0.362867 128 128 128
-3.269630 -6.195163 4.522264 128 128 128
-2.290351 -1.852741 0.746650 128 128 128
-2.057552 -4.739567 3.800619 178 34 34
-1.314597 -3.202823 7.696513 128 128 128
-4.838441 -5.738187 6.824577 128 128 128
-1.252795 -3.259975 4.417405 128 128 128
-3.675667 -3.661268 0.251980 178 34 34
2.870234 -4.528208 6.790948 128 128 128
0.165664 -1.553296 1.555928 178 34 34
0.640363 -2.537386 1.407635 178 34 34
2.846548 -2.341684 2.252672 178 34 34
-4.587462 -5.004674 7.407557 128 128 128
-4.625519 -2.598154 3.725017 178 34 34
-3.382034 -5.229970 1.524401 128 128 128
-2.311572 -5.727363 4.576429 178 34 34
1.146274 -1.951091 3.727416 128 128 128
-0.903751 -2.372642 7.130091 128 128 128
-3.118560 -5.306186 3.850543 128 128 128
-3.810356 -1.396179 7.106496 178 34 34
-2.830816 -3.483312 0.354077 128 128 128
-1.473443 -2.947410 1.340267 128 128 128
-1.490780 -4.523924 5.112528 128 128 128
0.837585 -3.526305 4.609832 178 34 34
2.521366 -4.549128 8.956275 128 128 128
-4.654413 -6.350862 5.640231 128 128 128
-1.430922 -4.283014 7.318709 128 128 128
0.347893 -6.376729 7.181226 178 34 34
1.053335 -5.307560 7.319392 128 128 128
1.030495 -1.967034 8.966075 128 128 128
-4.256650 -1.621084 3.875761 128 128 128
-2.520934 -2.471003 7.184397 178 34 34
-3.249583 -5.907083 4.530131 178 34 34
-2.797603 -4.191454 7.548017 128 128 128
-2.050441 -5.144479 0.418285 178 34 34
-3.202289 -5.062310 0.213837 178 34 34
-0.706497 -4.922439 5.641726 128 128 128
-1.235477 -3.100027 6.786195 128 128 128
1.298492 -4.814402 5.549027 128 128 128
-3.922309 -4.422610 1.913640 128 128 128
0.961947 -5.568962 5.420036 178 34 34
-2.457082 -5.755385 5.589159 178 34 34
-0.084537 -3.374518 0.184933 128 128 128
-1.475441 -2.871170 4.043220 178 34 34
2.387570 -1.461377 4.367303 178 34 34
-4.023943 -1.215930 1.324052 128 128 128
-3.771372 -3.861473 2.247389 178 34 34
-3.272403 -2.237561 0.604259 128 128 128
-3.738964 -3.452178 3.925737 178 34 34
2.434536 -1.889079 1.669677 128 128 128
1.362279 -6.365529 0.850232 178 34 34
-4.611072 -5.465102 1.099750 128 128 128
1.545758 -3.681427 5.450492 128 128 128
-3.835241 -4.541705 0.698142 128 128 128
1.157093 -2.747092 8.162443 128 128 128
0.402635 -1.722969 5.267260 128 128 128
2.284084 -4.634876 4.763837 178 34 34
1.929352 -1.591146 0.186450 128 128 128
-3.034828 -3.669331 5.024028 128 128 128
-4.006306 -1.223054 5.758499 128 128 128
-3.916888 -1.291691 4.157112 128 128 128
-4.065775 -1.793474 3.661076 178 34 34
-4.068933 -4.225758 7.955669 178 34 34
-3.687142 -2.716332 6.464041 178 34 34
-2.104996 -5.305065 6.954176 128 128 128
-3.073731 -4.156369 0.755703 178 34 34
-4.640866 -4.183885 4.521615 128 128 128
-0.693477 -1.547083 4.765184 128 128 128
2.481759 -4.033646 0.577781 128 128 128
-4.771857 -2.728950 5.350661 178 34 34
-3.302143 -5.161540 5.167654 178 34 34
0.450775 -3.599004 2.812076 128 128 128
-3.951964 -2.778756 6.491702 178 34 34
-1.529572 -5.259772 0.488584 178 34 34
-2.425740 -4.816265 3.543268 128 128 128
-1.054922 -3.505671 2.067206 128 128 128
-3.149802 -4.740152 4.935058 128 128 128
0.452116 -4.164805 3.904166 128 128 128
-2.574664 -5.400282 3.282603 128 128 128
-3.204835 -4.177803 4.077788 128 128 128
1.115236 -1.899800 7.151015 128 128 128
1.291658 -4.797064 5.149636 128 128 128
-0.047008 -1.728474 4.934965 178 34 34
-0.101419 -5.167936 4.274016 178 34 34
1.916816 -3.190584 5.036753 128 128 128
0.925052 -4.053546 5.450068 128 128 128
-1.252919 -1.225440 7.660107 128 128 128
-3.038114 -3.959502 4.192981 128 128 128
-4.197739 -3.734573 7.686004 178 34 34
0.636891 -4.062337 1.912772 128 128 128
1.727681 -4.228671 6.644004 178 34 34
-3.114104 -3.732420 2.428706 128 128 128
0.275251 -3.626975 1.634872 128 128 128
2.833035 -6.344864 0.086853 128 128 128
2.747756 -1.279009 5.699151 128 128 128
2.997122 -1.784516 3.029405 128 128 128
-2.148145 -2.995933 2.794173 128 128 128
-3.675653 -5.428707 6.289571 128 128 128
-0.532495 -1.721556 6.903218 128 128 128
2.346043 -5.889244 2.132121 128 128 128
-0.666452 -2.445585 8.498939 128 128 128
0.776943 -4.193439 1.132972 178 34 34
-4.767690 -3.273229 9.089581 178 34 34
1.317530 -6.186155 2.641061 178 34 34
-4.328876 -3.115475 2.512471 178 34 34
0.931242 -3.010197 0.404603 178 34 34
-4.771945 -3.891819 1.959560 128 128 128
-2.040130 -5.420277 4.660214 128 128 128
1.248116 -6.035480 3.080461 128 128 128
-3.694501 -1.419499 2.724947 128 128 128
-4.743845 -4.562702 2.091061 128 128 128
-2.805339 -1.999753 2.594674 178 34 34
1.149049 -3.857786 7.327893 128 128 128
-4.122891 -5.968206 1.894948 128 128 128
-4.793510 -1.482866 3.441833 128 128 128
0.883325 -2.286268 6.945842 128 128 128
-3.661617 -1.204675 6.895157 128 128 128
-3.835768 -5.694457 5.249997 128 128 128
3.008068 -4.755214 2.001489 128 128 128
-4.546390 -3.988653 6.634530 128 128 128
-0.828048 -4.937501 3.747746 178 34 34
1.157455 -2.718376 5.645737 128 128 128
-3.089547 -1.727402 7.635918 128 128 128
-0.939790 -1.348459 8.101511 128 128 128
-3.921918 -2.636747 7.087993 178 34 34
2.961422 -5.118251 0.347771 178 34 34
1.828621 -5.437662 4.072893 128 128 128
2.544104 -3.084407 3.514596 128 128 128
-1.728697 -1.861015 3.456767 128 128 128
1.194426 -3.653570 0.067688 128 128 128
-3.556532 -3.535218 5.408679 128 128 128
1.460357 -2.194988 0.254219 128 128 128
-2.369022 -4.985111 2.785437 178 34 34
-4.784908 -5.615881 4.516703 128 128 128
-1.821090 -5.672861 1.099399 128 128 128
-0.115180 -5.567115 1.875600 128 128 128
-2.997592 -4.588167 0.409387 128 128 128
2.416388 -2.136009 5.971139 128 128 128
-0.504751 -4.411295 1.399833 128 128 128
-2.170127 -1.364631 3.272851 178 34 34
1.051355 -6.261248 0.625470 178 34 34
-0.797050 -2.092418 5.733711 128 128 128
-3.969406 -5.177151 7.531526 178 34 34
1.189687 -1.505156 8.187890 128 128 128
-3.654055 -2.669955 3.630091 178 34 34
-1.530767 -5.132088 2.548964 178 34 34
0.965342 -1.470880 8.180958 178 34 34
2.819856 -4.747263 3.105450 178 34 34
-4.776960 -5.577502 6.544019 128 128 128
-3.823300 -2.901829 0.367469 178 34 34
-2.446650 -5.702449 3.065704 178 34 34
-2.412995 -4.151732 2.102978 128 128 128
2.960048 -5.460283 8.210525 128 128 128
-0.431171 -2.979980 2.498561 178 34 34
0.034342 -2.535828 7.541048 128 128 128
1.703684 -2.203996 2.396310 178 34 34
-2.723238 -6.337109 1.397558 128 128 128
-4.365235 -1.831815 1.458732 178 34 34
0.784808 -2.022025 2.131349 178 34 34
1.100466 -5.476229 5.044076 128 128 128
-4.142347 -4.403098 2.677177 128 128 128
2.285297 -4.047406 5.711631 128 128 128
2.038723 -5.699890 3.892833 128 128 128
-2.488501 -4.966670 6.257994 128 128 128
-4.410454 -5.252480 7.211339 178 34 34
2.360698 -4.537692 3.946152 128 128 128
1.119758 -1.796084 2.376020 178 34 34
2.545831 -3.043204 6.870167 128 128 128
-2.215080 -5.804662 0.169223 128 128 128
2.025404 -2.049579 4.991185 128 128 128
-3.972892 -1.932362 4.696881 128 128 128
2.986030 -4.555820 2.361142 128 128 128
2.846912 -1.411716 5.819631 178 34 34
-3.105125 -4.424742 5.154976 128 128 128
-0.667252 -2.124834 5.751734 178 34 34
1.381273 -2.645565 1.230392 178 34 34
-0.198940 -4.050168 8.272895 128 128 128
1.383401 -4.887735 5.291155 178 34 34
1.405199 -5.144482 7.186384 128 128 128
-3.142790 -2.399534 5.256273 128 128 128
-1.277134 -2.871152 6.694931 128 128 128
-0.788886 -2.046083 5.128763 178 34 34
-4.207110 -5.280701 8.426757 128 128 128
-3.972014 -5.220846 5.117276 128 128 128
-2.479828 -1.523152 2.624965 128 128 128
-0.242223 -5.853331 0.895935 128 128 128
2.411916 -3.362164 3.582023 128 128 128
-1.320212 -4.018092 3.915658 128 128 128
0.627543 -6.034833 2.857459 128 128 128
2.070393 -4.870740 4.949566 128 128 128
-4.206133 -5.675065 7.156196 128 128 128
-4.780425 -3.911748 7.303226 128 128 128
-1.009489 -2.803707 2.026411 128 128 128
-2.349302 -1.478894 2.608962 128 128 128
0.819414 -6.120338 8.620848 128 128 128
-4.659277 -2.911553 7.887206 128 128 128
0.636670 -2.187559 4.363204 178 34 34
-0.449878 -4.241595 1.792537 128 128 128
-2.122154 -3.647636 4.892323 178 34 34
2.579187 -4.925884 5.242389 178 34 34
0.266792 -1.310764 5.782347 128 128 128
1.415952 -3.196419 3.441978 128 128 128
-1.531442 -1.782131 5.606210 178 34 34
-4.258066 -2.398535 1.044842 178 34 34
0.026382 -1.723848 7.048159 178 34 34
-2.448752 -3.553313 4.668459 128 128 128
2.664442 -4.539944 5.064697 128 128 128
-2.796643 -2.103582 0.842858 128 128 128
-0.677931 -1.790122 4.379814 128 128 128
-2.577346 -2.094481 8.444635 128 128 128
-2.951633 -5.189859 9.012603 178 34 34
-3.583585 -5.585086 0.049159 128 128 128
-4.750186 -4.042654 8.175117 128 128 128
1.614659 -2.603477 5.782428 128 128 128
-3.043608 -5.648829 0.406635 128 128 128
-1.097952 -1.388584 3.682644 178 34 34
1.856602 -3.050921 7.438606 178 34 34
2.575350 -1.431295 6.858057 128 128 128
-2.815936 -5.811261 1.201427 128 128 128
-3.578633 -3.993755 7.331653 178 34 34
-3.860006 -4.066910 6.129855 128 128 128
-3.726171 -2.956779 9.070063 178 34 34
0.786730 -4.722649 0.268863 128 128 128
2.236144 -4.441662 1.068673 128 128 128
2.897558 -4.560739 7.878879 128 128 128
1.018689 -2.003540 7.803587 128 128 128
-1.373411 -4.724546 2.289277 128 128 128
-2.652478 -1.314752 1.011163 178 34 34
0.258434 -3.215518 8.224930 128 128 128
-1.448123 -5.004743 0.405691 128 128 128
-0.737500 -2.172349 8.451709 128 128 128
-1.992027 -6.366000 7.999945 178 34 34
3.033349 -2.615005 3.197175 178 34 34
-2.421300 -2.323120 6.249399 128 128 128
2.205246 -2.760506 5.269017 128 128 128
-4.719296 -4.198383 6.990400 128 128 128
2.046171 -6.156904 3.291665 128 128 128
0.180693 -3.048007 6.018229 128 128 128
2.472545 -5.330581 2.392753 128 128 128
-2.576814 -4.161950 1.362670 128 128 128
0.946755 -3.503940 4.469600 128 128 128
0.451698 -1.276392 7.586731 128 128 128
2.616587 -4.696349 1.217459 128 128 128
-0.500417 -3.738606 7.680934 178 34 34
0.875946 -3.079008 5.988591 128 128 128
-1.060309 -4.801655 3.259867 128 128 128
-0.251662 -2.192782 4.280476 128 128 128
0.793556 -1.721508 0.610515 128 128 128
-0.439868 -5.828437 8.556998 128 128 128
-2.830781 -3.597159 6.404159 128 128 128
2.426676 -2.818282 0.432944 128 128 128
-2.036083 -2.732124 5.669060 128 128 128
-4.411903 -4.844386 5.451775 128 128 128
-0.450873 -4.067634 2.532210 128 128 128
-4.535613 -1.765929 5.672891 128 128 128
-3.237878 -5.706455 6.184043 128 128 128
-4.355132 -5.588297 0.965031 128 128 128
1.760339 -2.582329 5.637329 128 128 128
1.909170 -5.365001 4.375648 178 34 34
-1.435749 -4.029886 6.844437 128 128 128
2.074707 -1.793546 5.061426 128 128 128
1.462078 -3.559381 0.847077 128 128 128
0.030035 -4.330534 7.366266 128 128 128
2.045306 -6.298191 7.464385 178 34 34
-1.032759 -6.039791 3.369643 178 34 34
2.046082 -5.790142 3.309104 128 128 128
1.116647 -1.314841 6.548303 128 128 128
2.008739 -2.701430 1.118499 178 34 34
0.051233 -2.247756 6.396797 128 128 128
2.995204 -4.633221 2.877114 128 128 128
-2.197295 -2.852278 3.232883 178 34 34
1.964194 -1.774582 4.136330 128 128 128
-4.624929 -2.009749 0.672019 128 128 128
-2.634814 -3.521485 4.021274 178 34 34
-4.155634 -6.444877 7.079235 128 128 128
0.100891 -4.255460 2.361046 128 128 128
2.417135 -3.822091 2.509697 128 128 128
0.564015 -5.543257 4.646427 128 128 128
1.366258 -2.161329 2.980979 128 128 128
-2.487414 -3.807920 7.655779 128 128 128
0.035750 -6.020758 8.055849 128 128 128
0.699298 -4.598103 5.349743 128 128 128
1.231938 -1.310898 1.131400 128 128 128
-3.665768 -6.157139 5.311021 128 128 128
2.945534 -3.434381 6.790200 178 34 34
-0.109922 -5.386482 6.837612 128 128 128
0.036983 -2.882833 3.169364 178 34 34
-1.256569 -3.038573 0.529595 178 34 34
-0.463853 -3.544821 7.730173 128 128 128
-2.912570 -3.030530 4.908455 128 128 128
-3.172719 -2.121823 0.363766 128 128 128
-0.660108 -2.312752 1.839414 128 128 128
-1.052925 -2.307335 5.589740 128 128 128
2.783640 -5.582108 8.890683 128 128 128
1.799350 -2.576352 2.889138 128 128 128
-1.786916 -6.221103 0.306642 178 34 34
0.828762 -3.499197 8.948112 128 128 128
-1.720966 -5.676894 3.050574 128 128 128
-4.415081 -2.786196 6.213461 128 128 128
-2.189182 -5.960347 2.895655 178 34 34
0.321264 -2.518277 4.252609 128 128 128
-1.967178 -5.324122 5.685775 178 34 34
-1.609873 -5.068183 5.520559 128 128 128
-1.316391 -2.744429 5.406872 128 128 128
0.906089 -2.124805 4.576127 178 34 34
0.595023 -4.611188 8.698932 128 128 128
3.052205 -3.175050 2.207390 178 34 34
2.901163 -5.914228 4.685641 128 128 128
-3.173956 -5.433308 2.061516 128 128 128
-2.006353 -3.260056 2.879551 128 128 128
0.784635 -5.388575 4.881958 128 128 128
-0.404112 -4.039468 3.446962 128 128 128
0.901498 -3.578863 6.908819 128 128 128
-4.687589 -2.169377 7.654439 178 34 34
2.021199 -3.997914 1.281266 128 128 128
-2.068288 -4.660496 1.284554 128 128 128
0.864967 -6.278430 5.134557 178 34 34
-1.732776 -3.478068 2.456444 128 128 128
1.264788 -1.306508 2.614849 128 128 128
-0.014784 -2.847589 6.989444 178 34 34
-1.423051 -2.973202 5.989550 128 128 128
-3.271522 -3.587109 0.025808 178 34 34
0.833592 -4.674401 1.319312 178 34 34
2.283001 -4.048827 6.290914 128 128 128
0.808981 -5.349713 1.373041 128 128 128
-1.032673 -4.104885 8.698279 178 34 34
-0.127834 -2.487142 2.695512 128 128 128
-2.246325 -5.036452 0.812202 128 128 128
1.594103 -6.347206 3.150816 178 34 34
-1.034247 -4.793008 6.847892 128 128 128
-0.196145 -5.036651 5.102126 128 128 128
1.664910 -3.571075 2.873673 128 128 128
-1.703302 -3.715736 2.550627 128 128 128
-3.270994 -5.131504 7.804807 128 128 128
2.313793 -2.493181 6.072207 128 128 128
-0.307374 -4.341726 3.280250 128 128 128
-1.312454 -5.508811 2.158092 128 128 128
2.052287 -4.291119 1.245149 128 128 128
2.130643 -4.835518 5.984126 178 34 34
0.689669 -1.972767 1.462602 128 128 128
0.947857 -5.884440 8.939130 128 128 128
-3.227666 -5.113387 0.016441 178 34 34
-4.008312 -5.942676 7.315310 178 34 34
-1.498726 -1.401372 4.026459 178 34 34
0.893424 -6.000899 4.593240 128 128 128
-3.156245 -6.092336 6.828649 128 128 128
-3.171235 -1.312631 8.423147 128 128 128
0.915476 -2.103450 4.035645 128 128 128
2.637558 -2.287752 5.790021 128 128 128
1.525411 -2.767730 5.931410 128 128 128
1.066596 -4.546091 1.635868 178 34 34
-3.897541 -3.814354 0.467450 128 128 128
-2.054075 -1.896393 5.565346 128 128 128
-4.339252 -5.316237 2.739269 178 34 34
-0.497148 -4.269719 2.844334 178 34 34
-4.317103 -2.803085 2.632293 128 128 128
-2.364180 -3.971797 4.528261 128 128 128
-3.556506 -3.355253 2.758504 178 34 34
-2.511635 -4.157642 6.522039 178 34 34
-1.436853 -2.029891 2.661915 178 34 34
2.453200 -2.518029 2.912192 128 128 128
-4.705406 -5.391098 3.754124 178 34 34
-4.356891 -4.158788 8.702303 128 128 128
-2.945828 -3.225366 8.291570 128 128 128
-4.814597 -2.453507 4.196123 128 128 128
-1.300928 -6.017301 7.642418 178 34 34
1.901576 -2.777470 1.539127 178 34 34
1.541397 -6.218176 2.402514 178 34 34
2.227657 -5.522197 7.857167 128 128 128
-0.005136 -1.241589 6.593874 178 34 34
1.526640 -4.554467 4.726684 128 128 128
-1.472308 -4.051961 1.723732 128 128 128
-0.998037 -1.365886 1.128756 178 34 34
-3.146640 -4.284038 2.317728 128 128 128
0.165644 -3.046707 5.497216 128 128 128
0.427365 -5.317451 1.886066 128 128 128
-4.269523 -5.808403 8.493882 178 34 34
-2.162472 -1.210237 0.667777 178 34 34
-4.202302 -4.045241 8.580056 178 34 34
-1.067005 -1.989037 6.566444 178 34 34
-0.535340 -4.172564 7.875821 128 128 128
-2.776389 -1.967584 4.386363 128 128 128
-1.497362 -2.391491 6.508758 178 34 34
1.865942 -5.138195 8.038090 128 128 128
-3.983621 -6.102637 2.682674 128 128 128
-4.787096 -2.256032 7.237250 178 34 34
2.732057 -5.825522 3.344162 178 34 34
2.017388 -1.209490 6.447943 128 128 128
0.364802 -5.831340 7.522950 178 34 34
-4.210856 -2.937637 3.677232 128 128 128
-3.419579 -3.534554 7.552030 128 128 128
-1.823116 -2.139635 1.151559 178 34 34
-4.789041 -3.308432 4.213992 128 128 128
-1.698829 -1.355367 8.127402 128 128 128
0.250927 -3.985799 4.600647 178 34 34
-4.644810 -1.209604 1.636889 128 128 128
2.238610 -1.746353 2.188934 128 128 128
-0.556136 -6.318090 0.102094 128 128 128
-4.240957 -5.837288 1.054411 178 34 34
1.061806 -1.206482 4.092179 178 34 34
-2.181888 -1.207855 6.527257 128 128 128
-4.135693 -5.202290 1.473570 128 128 128
1.231778 -5.637760 6.716664 128 128 128
2.665847 -4.879163 3.307128 178 34 34
-0.292762 -4.561173 2.353715 128 128 128
-4.690331 -1.346981 0.867956 128 128 128
0.451790 -1.584159 7.519325 128 128 128
0.301677 -2.991164 8.487842 178 34 34
-4.568147 -4.161267 1.616009 178 34 34
-2.119872 -4.211192 7.110047 128 128 128
2.548615 -1.748767 2.153199 128 128 128
-1.685411 -2.691000 5.079698 128 128 128
-0.605877 -2.716388 5.856596 128 128 128
-1.278590 -6.073968 2.303161 178 34 34
-3.599267 -5.924602 8.853964 128 128 128
-4.667828 -6.355496 8.891867 178 34 34
-2.017265 -1.734866 3.848370 128 128 128
-2.329731 -3.459470 0.005491 128 128 128
1.926034 -3.856892 5.144825 178 34 34
-1.890628 -2.847531 8.522753 178 34 34
-3.782281 -1.403716 1.780231 128 128 128
-3.677170 -5.010841 3.989339 128 128 128
1.451421 -2.294751 8.596616 128 128 128
-4.035458 -5.419791 1.510974 128 128 128
1.131574 -4.428081 3.326247 178 34 34
2.186982 -3.775537 7.706513 128 128 128
-1.741877 -4.662218 0.140295 128 128 128
-3.608058 -2.756767 6.065037 128 128 128
-4.601188 -4.833288 3.546743 128 128 128
-1.502542 -2.759751 5.980335 178 34 34
-1.713639 -3.212565 2.808971 128 128 128
0.421211 -3.442745 1.159005 178 34 34
-2.067812 -4.668957 8.719964 128 128 128
0.173852 -1.758704 5.608256 178 34 34
-1.045891 -6.190565 7.052875 128 128 128
-0.975443 -5.961797 1.707228 128 128 128
1.892542 -4.388414 3.419427 128 128 128
2.836650 -6.290262 5.619498 128 128 128
-3.686076 -3.187937 8.870075 178 34 34
-1.292597 -2.815473 3.240338 128 128 128
-0.950313 -5.268643 6.212379 178 34 34
0.548051 -1.541121 6.350112 128 128 128
0.782265 -6.296960 6.525970 128 128 128
-4.184059 -5.708780 8.493386 128 128 128
-3.669499 -1.498667 5.132741 128 128 128
0.335098 -4.566259 8.604419 178 34 34
-2.180387 -2.949106 0.825883 128 128 128
0.299506 -5.820768 5.917432 128 128 128
-0.183926 -2.757224 8.372609 128 128 128
-2.481575 -4.571354 1.218820 178 34 34
2.369358 -4.436738 6.106730 178 34 34
-4.053790 -4.051550 1.644153 128 128 128
-4.055556 -4.274735 5.552085 128 128 128
-3.147243 -6.040485 3.144172 128 128 128
2.273359 -5.931823 5.067093 178 34 34
-0.184972 -2.880389 7.476201 128 128 128
-3.999302 -3.187510 4.380297 128 128 128
2.933083 -4.721542 7.383711 128 128 128
-3.699458 -4.667932 2.524872 178 34 34
0.220459 -6.069642 5.267398 128 128 128
2.146975 -6.224558 6.988435 178 34 34
-2.651833 -1.829318 0.089556 128 128 128
-1.663341 -3.393693 5.088530 128 128 128
-0.511697 -2.961317 6.501054 128 128 128
-2.944699 -3.303159 8.424540 128 128 128
1.852542 -4.087313 3.949194 178 34 34
-4.569871 -5.356414 3.781452 128 128 128
0.771600 -2.830294 4.316768 178 34 34
-0.192128 -4.145814 5.718978 178 34 34
2.150102 -3.302017 7.128162 128 128 128
2.359270 -3.166940 4.219045 128 128 128
-2.193980 -4.989610 0.153012 128 128 128
2.871915 -2.290391 0.095729 128 128 128
1.467575 -2.839057 1.317161 178 34 34
-2.041194 -1.338621 7.591930 128 128 128
-3.175120 -1.525591 8.894771 128 128 128
-3.060702 -1.478992 7.625094 178 34 34
-2.650016 -4.697361 6.094429 128 128 128
0.317882 -4.460454 7.031775 128 128 128
1.822972 -3.787064 8.224984 128 128 128
-3.343891 -3.144814 1.435363 178 34 34
1.156620 -1.611619 3.466031 128 128 128
-2.919657 -3.030460 8.058250 128 128 128
-1.987207 -5.092220 0.331995 178 34 34
-3.533413 -2.939171 6.556673 128 128 128
2.139258 -4.577740 1.454129 178 34 34
-0.612841 -1.891667 1.459376 178 34 34
1.616657 -2.201897 4.103669 178 34 34
-0.512108 -6.166389 5.648977 128 128 128
-2.775076 -1.217026 6.369629 178 34 34
-0.779080 -1.372087 7.534600 128 128 128
-3.879848 -3.651754 8.961920 128 128 128
-3.864831 -2.483754 5.163617 178 34 34
-0.908705 -2.822946 5.915269 128 128 128
-4.039556 -2.291351 8.576190 178 34 34
-3.354334 -2.693409 5.769735 128 128 128
-2.230269 -4.450089 6.480432 178 34 34
-3.376334 -2.291160 3.924211 128 128 128
0.161755 -5.470666 3.028100 128 128 128
-2.610380 -4.051076 1.121094 128 128 128
-3.231100 -1.973199 5.065002 178 34 34
1.764253 -4.425086 6.727369 128 128 128
-1.156664 -2.643685 8.771738 128 128 128
2.219787 -4.265512 1.835713 178 34 34
-1.010048 -3.040409 3.143778 128 128 128
-2.281614 -3.841679 2.940813 128 128 128
-3.467900 -4.053256 3.466091 128 128 128
0.807565 -1.449073 7.665618 128 128 128
-2.357230 -2.037339 4.661649 128 128 128
-2.718040 -5.456964 5.526012 178 34 34
-3.505135 -1.982043 7.255066 178 34 34
-2.692190 -2.326304 3.766157 128 128 128
-1.908420 -4.555727 8.633107 128 128 128
0.903592 -4.236304 1.044908 128 128 128
-0.889356 -3.265939 4.074402 128 128 128
-3.942517 -4.766428 6.785593 178 34 34
-4.121550 -5.460687 8.546350 178 34 34
