ply
format ascii 1.0
element vertex 15000
property float x
property float y
property float z
property uchar red
property uchar green
property uchar blue
end_header
276676.694045 2111268.599575 110.850409 34 139 34
277291.397356 2110505.226514 91.759458 139 69 19
277148.257954 2111211.355654 100.149012 34 139 34
276660.951444 2111008.987393 115.651120 34 139 34
277026.830555 2111669.305165 154.525459 139 69 19
276766.931767 2110929.177310 123.085629 139 69 19
277329.854221 2110568.591365 65.429875 139 69 19
276922.362260 2111214.673953 130.472773 34 139 34
277547.771170 2111013.297345 101.084767 34 139 34
276872.810704 2110794.870235 128.387504 34 139 34
277549.256621 2111309.583500 111.154368 34 139 34
277052.907797 2110936.609010 103.454358 34 139 34
277484.883784 2111054.877171 101.255534 139 69 19
277423.135548 2111359.891889 111.974155 34 139 34
277434.296860 2110829.441391 76.717628 139 69 19
276891.836492 2111494.608964 151.047578 34 139 34
276726.780040 2110885.933387 87.707435 34 139 34
277360.240258 2110694.580621 82.000013 139 69 19
277371.380255 2110660.249159 95.253791 139 69 19
277068.351510 2110859.587724 77.720264 139 69 19
277680.129271 2111169.847040 117.044049 139 69 19
277203.453879 2111378.559699 111.924793 139 69 19
277301.454333 2110715.524018 77.260067 139 69 19
276911.726592 2111150.310847 109.074938 139 69 19
277085.999480 2111541.970318 132.003098 34 139 34
277056.667507 2111411.430606 119.676781 34 139 34
277077.460387 2111377.898968 112.276365 34 139 34
277155.294881 2110851.887791 108.724533 34 139 34
277146.666180 2111498.893464 126.250956 34 139 34
276788.486082 2110928.485258 101.610974 139 69 19
276943.574223 2111376.974052 145.549646 139 69 19
277618.256037 2111192.766462 82.314169 139 69 19
277535.499383 2111545.089144 134.136484 34 139 34
277589.937396 2111120.783353 88.478648 139 69 19
276711.517980 2110928.918886 98.765198 139 69 19
277124.810840 2110963.301696 100.734808 139 69 19
277418.604008 2110741.955079 86.867243 139 69 19
277816.857630 2111354.561373 102.027445 139 69 19
277210.875146 2111041.771375 122.803878 139 69 19
277369.364900 2110942.519112 89.826439 139 69 19
277601.569233 2111273.157382 88.624341 139 69 19
277110.475901 2110779.241394 97.930692 34 139 34
276920.170641 2111335.151740 118.199308 139 69 19
277391.849195 2110698.300834 88.837464 34 139 34
276903.310990 2110726.615371 94.793001 34 139 34
277542.884613 2110849.724755 106.993246 34 139 34
277101.887734 2111284.921167 104.356578 139 69 19
277495.050210 2111504.165386 109.527005 139 69 19
277201.695757 2110965.616790 108.253603 139 69 19
277201.161361 2111166.399023 116.987753 34 139 34
277031.608372 2111573.472801 117.469692 34 139 34
276696.148107 2111035.689899 115.530338 34 139 34
277251.793570 2110499.630944 60.713809 139 69 19
277166.205975 2110619.219830 87.838455 34 139 34
276878.440864 2111352.484125 114.268308 34 139 34
277368.935854 2111659.877630 123.675166 139 69 19
277017.325897 2111227.552293 115.958623 139 69 19
277336.259845 2111784.334946 134.858583 34 139 34
276595.132839 2111056.919903 119.067548 34 139 34
276956.918769 2111296.741736 119.785282 139 69 19
277280.757213 2111030.221957 92.799764 34 139 34
276701.806739 2110967.808591 99.926131 34 139 34
277097.622134 2111135.868350 100.406362 34 139 34
277466.384925 2110988.657088 104.101629 139 69 19
277191.498718 2110790.970619 88.469710 34 139 34
277213.102540 2110867.623594 109.654341 34 139 34
277391.680969 2111205.839961 92.791814 34 139 34
277084.327632 2111362.265840 122.900455 139 69 19
276740.988899 2110994.807332 108.978544 139 69 19
276852.048073 2111453.083629 136.157586 34 139 34
277115.021011 2111520.912606 134.310240 139 69 19
277282.088898 2111185.352286 118.625151 34 139 34
276612.614378 2111177.704300 122.599962 34 139 34
277087.657375 2110685.037126 82.637033 139 69 19
276819.199700 2111411.600617 129.424334 139 69 19
277549.365307 2110817.197805 97.316180 34 139 34
277171.984846 2110839.995486 75.484127 139 69 19
276865.161150 2110784.391658 99.690909 34 139 34
277454.163300 2111365.935263 99.877625 34 139 34
277199.659206 2111673.817397 141.252918 139 69 19
277191.438315 2110562.260183 97.781809 34 139 34
277551.791118 2111528.364681 116.115824 139 69 19
276687.915407 2111200.987048 123.659488 139 69 19
277162.160105 2111437.427552 129.871207 34 139 34
277241.767325 2111757.191730 134.953501 139 69 19
276526.779106 2111219.537490 131.904830 139 69 19
277290.720873 2111566.061863 140.908584 34 139 34
277176.046170 2111672.527450 146.311914 34 139 34
276897.168092 2111599.669132 153.963115 34 139 34
277009.578395 2111406.162393 135.370880 139 69 19
276767.260268 2111200.184926 141.676602 34 139 34
277861.624341 2111200.868657 113.579459 34 139 34
277367.424941 2111539.436550 103.809747 139 69 19
277798.398106 2111351.251641 103.378164 34 139 34
277381.751517 2110745.703375 97.623574 139 69 19
277323.033140 2110971.747576 86.062773 34 139 34
277035.778364 2111331.167820 107.103449 34 139 34
277303.366399 2111331.706475 104.201849 34 139 34
277277.299601 2110470.827214 86.125625 139 69 19
277410.332711 2110613.856679 89.831480 34 139 34
277341.828217 2110942.325444 88.574536 34 139 34
276912.220600 2111418.182589 105.502391 139 69 19
277474.864032 2111577.853546 120.885811 34 139 34
276890.310354 2110796.532564 106.173544 139 69 19
276665.856560 2111385.977058 106.167565 34 139 34
276817.706889 2111184.798805 104.221470 34 139 34
277047.828830 2111585.813688 126.953680 34 139 34
276817.149480 2111428.697059 152.743004 139 69 19
277164.084288 2111866.552358 134.680017 139 69 19
277504.435537 2111207.107176 108.840255 139 69 19
276815.045541 2110953.378395 123.173823 34 139 34
276656.591622 2111007.808531 107.930139 34 139 34
277405.557460 2111234.954625 120.922595 34 139 34
277290.621915 2110523.057823 81.606230 139 69 19
277835.163343 2111223.215768 113.080620 34 139 34
277292.863831 2111022.276919 87.467418 139 69 19
277697.712929 2111213.273468 104.221693 34 139 34
277600.399928 2111418.323179 115.241029 34 139 34
276737.000081 2110893.031070 102.413621 139 69 19
277001.774595 2111205.906623 109.795986 34 139 34
277183.416731 2111883.861285 127.788069 34 139 34
277401.955366 2111521.008854 107.547327 34 139 34
277099.171838 2111773.374891 142.238331 139 69 19
276811.893111 2111510.913793 124.818784 139 69 19
277773.073872 2111292.723486 94.442098 34 139 34
277571.604925 2110933.914684 91.041864 139 69 19
277247.385174 2110823.044327 71.666676 34 139 34
277129.913523 2111658.675527 138.694734 34 139 34
277651.601678 2111221.626411 110.638718 34 139 34
277398.309009 2111657.105597 141.823225 139 69 19
277622.263944 2111159.095033 108.435624 139 69 19
277165.281644 2111717.801900 133.123126 139 69 19
276897.746711 2111125.847338 124.764122 34 139 34
276808.125865 2111244.583098 114.948411 139 69 19
277120.836368 2111812.612241 120.527276 139 69 19
276505.503129 2111212.639611 134.145485 34 139 34
277285.197843 2110592.983823 84.145093 139 69 19
277114.237994 2111642.524281 120.431693 34 139 34
276990.901252 2110869.192464 116.169728 34 139 34
277476.879823 2111042.674623 113.331022 34 139 34
276967.858659 2110722.210222 77.580448 139 69 19
277747.042448 2111206.699375 107.158982 34 139 34
277210.319797 2111267.688918 105.465265 34 139 34
277713.979350 2110968.761709 89.398472 139 69 19
276901.831124 2111396.370342 106.462422 139 69 19
277319.675537 2111550.279483 100.071249 139 69 19
277451.097781 2111172.718131 103.406384 34 139 34
277336.936575 2111239.495831 117.289795 139 69 19
276944.429815 2111318.067443 77.667791 139 69 19
277119.131825 2110607.466934 91.858534 34 139 34
277566.753887 2111348.591376 106.273966 139 69 19
277176.706310 2111054.356990 99.553815 139 69 19
277015.048910 2111068.850640 92.885338 139 69 19
277409.513469 2110875.618721 100.984636 139 69 19
277238.703724 2111434.706469 128.280044 139 69 19
276750.609251 2111197.124183 107.380651 34 139 34
276690.292155 2111166.700346 106.264072 34 139 34
276842.704657 2110938.431665 100.243712 139 69 19
276839.106469 2111555.136965 152.637751 34 139 34
277336.334422 2111516.328767 112.299521 34 139 34
276896.561931 2111065.362340 110.303162 34 139 34
277143.348136 2110961.354161 102.118353 34 139 34
277313.181058 2111163.616847 113.351165 139 69 19
276536.087160 2111207.070183 130.678365 34 139 34
277147.213916 2111927.527408 160.681477 34 139 34
277238.756827 2110677.649110 105.410739 34 139 34
277122.298094 2111471.085955 115.974532 139 69 19
277031.424420 2110946.459977 94.141664 139 69 19
277148.629488 2110588.607061 89.041127 34 139 34
277583.934114 2111394.498568 124.862806 34 139 34
277283.559438 2110565.333367 82.563575 139 69 19
277349.760170 2110733.720537 74.658535 139 69 19
277135.753274 2111081.838641 86.529437 34 139 34
277600.186893 2111494.511533 139.912820 34 139 34
276848.292409 2111432.994642 137.197374 139 69 19
277249.235669 2111423.163932 134.589550 139 69 19
276930.639547 2110967.034572 102.169021 139 69 19
277240.949914 2110675.296405 101.215079 139 69 19
277665.834623 2111122.735799 105.355284 139 69 19
277397.731265 2111527.730960 116.295584 34 139 34
277483.847343 2110944.254510 91.168273 139 69 19
276750.389874 2111481.978142 160.260711 34 139 34
276766.399081 2111433.807427 130.058073 139 69 19
277201.990289 2110588.910790 80.758860 34 139 34
277459.924332 2110705.090077 97.013547 34 139 34
277163.019688 2111903.519291 139.151241 139 69 19
277003.456539 2111241.395258 128.928394 34 139 34
276941.368913 2111508.167742 132.496268 34 139 34
277398.179122 2111377.088593 102.986122 34 139 34
277265.022409 2110491.905985 66.974047 139 69 19
277306.198951 2111210.965597 106.185130 139 69 19
276545.286890 2111232.456653 116.363161 34 139 34
277095.976355 2110812.183891 105.385212 34 139 34
277634.907441 2111054.567875 91.756961 34 139 34
277075.460996 2111082.432633 100.263914 139 69 19
277249.401647 2111815.657744 142.208367 34 139 34
277110.382274 2110576.673373 77.090341 139 69 19
277476.401470 2110988.782963 92.966576 34 139 34
277700.001302 2111003.308025 90.078458 34 139 34
276903.839259 2111590.758548 123.895276 34 139 34
276796.311329 2111347.666512 122.382188 34 139 34
277317.239667 2110656.662094 70.704479 139 69 19
277068.859294 2111082.624842 115.157871 139 69 19
276740.232198 2111177.036621 113.470336 139 69 19
276629.985789 2110978.326194 108.148788 34 139 34
277195.210388 2111056.188803 97.714310 139 69 19
277578.542335 2111141.202623 111.423924 34 139 34
277319.567730 2111352.528247 130.475155 34 139 34
277195.871824 2111842.455010 137.172907 34 139 34
276810.635706 2110827.855419 118.360374 34 139 34
277347.907239 2110934.836277 110.640180 139 69 19
277182.072930 2111234.216497 95.050174 139 69 19
277326.350612 2110634.278501 113.705258 34 139 34
277021.342779 2110630.566298 85.958367 34 139 34
276771.362386 2110919.507472 109.844994 34 139 34
277160.173468 2111878.192166 143.171677 139 69 19
277258.082792 2110485.179757 81.853883 139 69 19
277289.794524 2111279.753294 120.312340 34 139 34
276729.411214 2110973.528499 101.152820 139 69 19
277022.317309 2111012.913638 123.064887 34 139 34
276991.916695 2111627.839458 154.905902 139 69 19
276708.731914 2111257.181715 103.031503 34 139 34
276966.521700 2111360.111985 121.245958 139 69 19
276963.001793 2111453.684016 129.586758 34 139 34
277032.985093 2111233.306682 129.855256 34 139 34
277108.106069 2111838.748311 148.912016 139 69 19
277045.451557 2111148.880973 112.740741 139 69 19
277213.854458 2111113.475501 117.654332 34 139 34
277332.888132 2111675.826933 130.558316 34 139 34
276819.629402 2111304.385472 110.665077 34 139 34
277414.244514 2111121.245387 115.258293 34 139 34
277131.342449 2110592.207923 90.877507 139 69 19
276625.504173 2111095.001613 117.024511 34 139 34
277184.526204 2110983.409831 98.754882 34 139 34
277202.410558 2110873.703478 79.894593 34 139 34
277272.847859 2110606.971628 82.204233 34 139 34
277031.865454 2111230.547751 117.452880 139 69 19
276629.095190 2111144.150232 109.229407 34 139 34
277234.171787 2110449.575119 70.788767 139 69 19
277008.164236 2110676.857991 80.102588 34 139 34
277926.001956 2111245.807578 94.185443 34 139 34
277097.633353 2111132.586429 120.379036 139 69 19
276979.961511 2110933.979892 105.088762 139 69 19
277279.711987 2111594.455526 136.095270 34 139 34
276619.335853 2111163.226531 121.435663 34 139 34
277136.440399 2111337.170184 120.464771 34 139 34
277304.428785 2111395.236045 104.146865 139 69 19
277644.902586 2111045.648990 82.876632 139 69 19
277388.435591 2111656.275578 135.845178 139 69 19
277085.579167 2110809.592133 83.917085 139 69 19
277678.200173 2111337.430565 121.045087 139 69 19
277526.407185 2111020.390156 98.675118 34 139 34
277074.282802 2110819.589525 98.773365 34 139 34
277417.160930 2110817.161995 72.085319 139 69 19
277926.698092 2111257.183423 122.586510 139 69 19
277124.808617 2111155.410514 116.826368 34 139 34
276884.600651 2111216.910715 113.804923 139 69 19
277006.326379 2111586.730179 132.544562 34 139 34
277333.588805 2110892.825492 109.675496 34 139 34
277048.981847 2111577.702028 121.604919 34 139 34
277114.003185 2110885.918580 106.543725 34 139 34
277078.191335 2111419.670082 112.874408 34 139 34
277395.177931 2111483.888903 124.454463 34 139 34
276732.814457 2111401.534157 134.161553 34 139 34
276863.012280 2111164.334403 115.962241 34 139 34
277713.145791 2111129.762941 117.271309 139 69 19
277277.611934 2111311.811777 105.058634 34 139 34
276971.494495 2111417.460358 141.461342 34 139 34
277662.175296 2111268.056693 119.417198 139 69 19
277376.582165 2111501.210860 133.582856 34 139 34
277146.036157 2110785.249750 78.370887 34 139 34
276654.261261 2111175.484011 120.120038 139 69 19
276890.795494 2111573.422390 126.788269 139 69 19
277168.252260 2111843.147408 129.475571 139 69 19
277030.964298 2111339.162942 132.179248 139 69 19
277421.822785 2110667.010005 87.577409 34 139 34
277255.029585 2110458.792146 69.403773 34 139 34
277156.407576 2111224.726662 111.877325 34 139 34
277405.066039 2111110.086645 107.135260 139 69 19
276974.689186 2110816.721794 90.619801 34 139 34
277412.449447 2111164.493809 105.393662 34 139 34
276965.614566 2111427.964317 119.348181 34 139 34
277754.869004 2111120.035555 99.661356 34 139 34
277272.276758 2111162.669167 83.689657 139 69 19
276929.201466 2111686.707872 131.430688 139 69 19
277557.327563 2111070.732496 111.542656 34 139 34
277823.115269 2111301.740823 115.350112 34 139 34
277402.799347 2111226.139817 103.804704 139 69 19
277413.605111 2111263.653859 110.023897 139 69 19
277557.698447 2111519.511342 114.211783 139 69 19
277574.372780 2111572.238508 114.627143 34 139 34
277747.127420 2111259.300086 115.062155 139 69 19
277599.759694 2111469.461712 127.955807 34 139 34
277067.863067 2111354.941585 107.069405 34 139 34
277089.629733 2111270.813712 122.935461 34 139 34
277667.470409 2110933.623661 83.889126 34 139 34
277063.324681 2110761.364668 88.221330 139 69 19
277105.722818 2111146.203132 119.888445 34 139 34
277286.788888 2111587.453716 123.767285 139 69 19
277705.036815 2111363.802779 108.322422 34 139 34
277553.095892 2110787.886542 98.562377 34 139 34
277396.660095 2110792.127131 100.138392 139 69 19
277349.480936 2111166.520383 105.070031 34 139 34
277847.580970 2111154.048273 107.964801 139 69 19
276835.019410 2110806.621363 86.740996 139 69 19
277425.943472 2111252.334798 118.496522 34 139 34
277265.866848 2111495.524142 136.508849 139 69 19
276900.204131 2111256.904163 112.850988 34 139 34
277816.156278 2111159.327714 89.252830 34 139 34
277624.924282 2110863.431663 84.811741 34 139 34
276787.728628 2111027.110808 122.630166 34 139 34
277093.123420 2111253.791188 104.556249 139 69 19
277290.751669 2111345.237656 118.406494 139 69 19
277485.408816 2111018.470997 83.634050 139 69 19
277415.355345 2110652.048738 88.960495 139 69 19
277370.159364 2110610.281347 75.318629 34 139 34
276972.353298 2111517.874338 128.049397 34 139 34
277532.733672 2111235.714389 108.551887 139 69 19
277196.665461 2111207.589410 108.033306 139 69 19
276759.206652 2111392.932218 118.931307 34 139 34
277095.661170 2110671.127275 65.196103 139 69 19
277663.852395 2111315.474172 110.106879 34 139 34
276904.921601 2111096.454445 103.638850 139 69 19
277446.256387 2111254.027866 105.905568 139 69 19
276804.961900 2111359.363896 120.781848 34 139 34
276961.558798 2110955.126068 98.324764 34 139 34
276951.379674 2110710.259352 104.118667 139 69 19
276749.786889 2111328.028210 142.404554 34 139 34
276928.156573 2111457.562987 131.971818 34 139 34
276566.286962 2111040.685649 104.335858 34 139 34
277102.852285 2110645.369034 79.268798 34 139 34
277403.328133 2110840.895227 83.470840 139 69 19
277203.620546 2110715.087036 78.580828 34 139 34
277293.740441 2111805.100034 141.957819 34 139 34
277450.184087 2111565.746753 123.175501 139 69 19
276990.827424 2110898.732754 100.605965 34 139 34
277000.519167 2111270.232108 109.338019 139 69 19
277687.384904 2111118.953513 99.967106 34 139 34
277681.739814 2111350.253559 118.457232 139 69 19
277569.739201 2110790.766262 89.218527 34 139 34
277475.438761 2111326.910946 126.436922 139 69 19
277319.949972 2111057.933396 116.863461 34 139 34
277020.326721 2111520.306223 135.969657 139 69 19
277076.291470 2111162.703270 99.775589 34 139 34
277618.959905 2111137.384882 117.638899 139 69 19
276999.842273 2111492.544185 126.985293 34 139 34
277557.882695 2111007.322889 106.930375 139 69 19
277029.316257 2111731.650001 145.931061 139 69 19
276853.565464 2111378.111106 112.729464 139 69 19
277746.279283 2111060.998788 80.670330 139 69 19
277537.267448 2111535.649244 121.699070 139 69 19
277091.385225 2111099.207406 110.938600 34 139 34
276628.114166 2111290.142333 118.694822 34 139 34
277701.476332 2110995.563756 106.072250 34 139 34
276674.162373 2111133.170645 111.997511 34 139 34
276765.369593 2111266.190437 130.593839 34 139 34
277215.019751 2110746.921536 98.370099 34 139 34
276996.696510 2111718.246959 132.683732 139 69 19
277432.321459 2111592.287620 139.743508 139 69 19
277292.068473 2111393.676376 116.031440 139 69 19
277490.232488 2111212.772461 101.745491 139 69 19
276941.899670 2110726.981727 84.920476 139 69 19
277236.577764 2111860.898738 114.783766 34 139 34
276886.262583 2110859.644935 98.693448 34 139 34
277406.271607 2111224.619963 108.281690 139 69 19
277346.470340 2111116.360090 106.431033 34 139 34
277450.101324 2110661.693291 69.207037 34 139 34
276948.466705 2110849.076144 84.677525 139 69 19
277526.058893 2111562.412645 121.829463 34 139 34
276884.892831 2111092.770516 101.626529 34 139 34
277550.975950 2110823.852415 76.597540 34 139 34
276905.361762 2111418.375736 118.937099 34 139 34
276889.189368 2110788.055038 102.212210 34 139 34
276493.242633 2111139.180746 113.428601 139 69 19
277407.508626 2111292.126331 108.914319 34 139 34
277432.129804 2111280.744239 95.108741 34 139 34
277368.205924 2111455.263073 123.625069 34 139 34
277565.252463 2111569.445483 127.239566 139 69 19
276801.986687 2110959.550608 88.648461 139 69 19
277049.074400 2111450.841519 140.692589 139 69 19
276997.592600 2111422.207161 119.374811 34 139 34
277370.981683 2111026.728702 98.498593 34 139 34
277254.205302 2111617.258320 124.344422 139 69 19
276894.257881 2110789.441907 95.311498 34 139 34
277484.933435 2111304.913336 108.986402 34 139 34
276821.054864 2111076.918372 112.032950 34 139 34
277118.760553 2110566.937975 68.428139 139 69 19
277656.360211 2111043.565546 84.732708 139 69 19
277107.945595 2111584.244480 133.665969 139 69 19
277571.154191 2110890.208974 103.180289 34 139 34
277615.209761 2110927.712016 80.967513 139 69 19
277822.871356 2111271.719816 111.166465 34 139 34
277593.041206 2111447.893912 125.488182 139 69 19
277638.941371 2111428.366666 114.263383 139 69 19
277223.706853 2110519.132539 81.639243 34 139 34
277630.708992 2111363.198889 108.036871 34 139 34
277548.354221 2111206.624372 109.748681 139 69 19
276717.939161 2111243.856117 124.766002 139 69 19
276842.673662 2111417.269403 125.550325 34 139 34
277064.211618 2110761.427593 88.555156 139 69 19
276766.332155 2111100.892484 125.624066 139 69 19
277808.195856 2111293.573013 96.167278 34 139 34
277010.463621 2110845.285794 107.599112 139 69 19
276993.963597 2111283.468881 96.730627 34 139 34
277270.804499 2111012.178094 109.007778 139 69 19
276776.493968 2111270.427501 110.988414 139 69 19
277380.143030 2111445.498010 104.025675 139 69 19
276612.523966 2111116.940612 128.112663 139 69 19
276961.808731 2111708.741331 131.688542 34 139 34
277085.827748 2111329.550370 129.706106 34 139 34
277199.778717 2110906.691150 103.945759 139 69 19
277427.524327 2111158.026785 107.582790 34 139 34
277356.698381 2110786.230546 106.565194 139 69 19
277333.498535 2111612.976056 133.619389 34 139 34
277493.975065 2111405.652320 132.509235 34 139 34
276826.779712 2111554.464806 133.384150 139 69 19
277109.969999 2111292.478054 103.715868 34 139 34
276490.179987 2111099.939286 115.374984 34 139 34
277044.552270 2111332.639963 113.162945 34 139 34
277086.554510 2111531.210212 127.150027 139 69 19
277243.335433 2110884.352561 92.353072 139 69 19
277602.636477 2111515.039870 121.649297 139 69 19
277487.044833 2111605.190494 129.992419 139 69 19
277488.953959 2110744.726752 91.094402 34 139 34
277276.615521 2110864.395982 102.972087 34 139 34
277561.995148 2111073.075352 99.562340 34 139 34
277251.571274 2111003.822880 91.263278 139 69 19
277023.652639 2111680.772569 130.854835 34 139 34
277447.126615 2111679.729550 149.489007 139 69 19
277161.128586 2111711.721800 120.309833 34 139 34
276513.089899 2111196.411334 124.439078 34 139 34
277392.871251 2110996.065542 84.845272 34 139 34
277043.352756 2110723.499733 90.645852 34 139 34
276853.505900 2111078.794881 113.986367 139 69 19
277289.517584 2111673.350078 113.042338 34 139 34
276782.682623 2110974.607392 84.263579 139 69 19
277173.115996 2111457.622606 129.227516 34 139 34
276707.522342 2111142.716956 112.745015 139 69 19
277330.058047 2110895.446611 103.389645 34 139 34
276889.838193 2111118.402669 110.814984 139 69 19
277122.439842 2111803.547988 145.664561 139 69 19
276719.087640 2111077.482821 113.850037 139 69 19
277692.122099 2111026.547904 89.940218 34 139 34
276976.877912 2110774.188450 102.244989 139 69 19
277659.390323 2111179.724130 110.633640 34 139 34
276705.345564 2110972.502503 109.647336 139 69 19
277363.790211 2111454.697397 137.855692 139 69 19
276808.628058 2111426.192545 128.021239 34 139 34
277578.373183 2111137.782735 104.794968 34 139 34
277426.063125 2110868.692397 88.949751 34 139 34
277143.953268 2111419.488695 112.431352 34 139 34
277087.763422 2110852.759796 89.197932 34 139 34
277136.483063 2111132.449981 105.050649 139 69 19
276590.813195 2111298.072013 125.642928 34 139 34
276884.888688 2110991.806810 102.866854 139 69 19
276998.746105 2111403.090818 130.794633 34 139 34
277781.626051 2111162.696432 103.817686 139 69 19
277372.405505 2111453.068806 99.851666 34 139 34
277009.195188 2110887.922989 125.264679 139 69 19
277066.771758 2110730.490240 105.536357 139 69 19
277184.715191 2110800.164612 88.192597 139 69 19
277322.420203 2110568.676004 99.047873 34 139 34
277370.892964 2111680.951791 150.231222 34 139 34
277854.556445 2111285.083921 86.247791 139 69 19
277023.620640 2111156.735572 116.123518 139 69 19
277630.992958 2111361.193582 104.711552 34 139 34
276854.564993 2110937.217819 112.847795 139 69 19
276949.454351 2110747.320687 79.476505 34 139 34
276914.699029 2111369.071503 133.726065 34 139 34
276957.024977 2111714.399477 141.084124 139 69 19
276979.720999 2110887.640784 96.009888 34 139 34
276830.488294 2111076.226490 94.078772 139 69 19
277388.205633 2110815.611032 94.921362 139 69 19
276807.363201 2111155.200627 128.024410 139 69 19
277296.313602 2111642.138557 111.231303 139 69 19
276844.743222 2110997.411937 108.151236 139 69 19
277043.172089 2110989.077412 86.518009 139 69 19
276746.854191 2110973.726821 81.669239 34 139 34
276841.727648 2111392.219093 132.245918 34 139 34
277262.353273 2111263.007626 109.283363 139 69 19
276891.760187 2110758.808446 101.206712 139 69 19
276755.868638 2110932.405983 102.009632 34 139 34
277190.004741 2111093.264134 89.656315 139 69 19
276920.989974 2110731.889641 90.033526 139 69 19
277913.673499 2111190.154925 103.053462 34 139 34
277156.425415 2110978.162399 101.570888 139 69 19
277285.345309 2110800.640807 85.501754 34 139 34
277311.060001 2111364.978216 101.276474 139 69 19
277288.311572 2110559.285442 74.446691 139 69 19
277383.575859 2110631.207763 52.995039 139 69 19
277474.771526 2110819.265431 79.835425 139 69 19
277436.220026 2111216.815525 119.952887 34 139 34
277597.298245 2111531.035494 99.488599 34 139 34
276818.730358 2111115.604561 108.640842 139 69 19
276520.648768 2111228.736898 129.230188 34 139 34
276946.666172 2111142.830005 101.812856 139 69 19
276985.129519 2110869.232668 108.179493 34 139 34
276795.991344 2111260.135193 119.662011 34 139 34
277487.302546 2111375.946758 102.466593 139 69 19
277116.314771 2111260.222416 109.550741 139 69 19
277262.031753 2110666.314005 96.795629 34 139 34
276944.706402 2111046.146784 106.676005 139 69 19
277450.287547 2111177.727472 114.418682 139 69 19
276770.777678 2111162.983961 114.608259 139 69 19
276931.487414 2111194.683198 138.191735 139 69 19
277139.875161 2110689.876135 94.658570 34 139 34
277130.872048 2110624.944463 67.488336 34 139 34
277200.136717 2110943.409170 112.738770 139 69 19
277137.892339 2111789.739759 138.708270 139 69 19
276865.155532 2111217.684678 116.514265 139 69 19
277077.420723 2111561.427265 127.676429 139 69 19
277605.699339 2111312.565846 95.333388 34 139 34
276712.745495 2110932.419343 124.650188 34 139 34
277175.545647 2110613.272335 75.955828 34 139 34
277274.922626 2110734.946697 85.579728 139 69 19
276724.493197 2111092.276676 117.118047 139 69 19
277229.524668 2111311.441731 102.611085 34 139 34
277047.104904 2111580.819575 128.917701 34 139 34
277420.097354 2111532.272125 120.426098 139 69 19
277214.867580 2110539.643677 71.330102 34 139 34
277620.353267 2110965.494052 98.261416 139 69 19
276587.406311 2111227.406652 116.330493 34 139 34
276765.159062 2111442.649175 124.119639 139 69 19
276601.112185 2111098.419603 110.792795 139 69 19
277199.978094 2111900.444007 142.508100 34 139 34
277152.032377 2110578.567373 64.041633 139 69 19
277189.942598 2110873.051929 95.599635 139 69 19
277332.543236 2110660.186521 94.977471 34 139 34
276797.618314 2111143.004145 108.333576 34 139 34
277550.596045 2110778.718325 92.079558 139 69 19
277113.135324 2111232.569420 109.701017 34 139 34
276690.052992 2111284.599961 129.485221 139 69 19
277059.432956 2111328.402249 126.795243 139 69 19
277448.850079 2111518.339641 112.871811 139 69 19
277431.791830 2110668.005137 72.244307 34 139 34
276771.814807 2111332.513229 137.785660 34 139 34
277473.020590 2111012.830298 105.157650 34 139 34
277361.336237 2110600.216235 82.412701 139 69 19
276853.152564 2111092.298327 126.631558 139 69 19
276953.833440 2110745.408541 95.425620 139 69 19
277517.579188 2111252.996809 91.354574 34 139 34
277405.706333 2111050.921818 107.305349 34 139 34
277108.422621 2111806.961039 138.417550 34 139 34
277134.666487 2111352.386051 125.923772 34 139 34
276661.802933 2111178.726964 120.129578 139 69 19
277574.230755 2110905.366651 85.424458 139 69 19
277135.887753 2110575.636688 86.948195 139 69 19
277551.165327 2110784.289514 66.452772 139 69 19
276536.560932 2111126.038093 100.550346 34 139 34
277551.976929 2111207.835411 114.427701 34 139 34
277058.909043 2111310.869556 116.062447 139 69 19
277537.195230 2111047.881659 98.286292 34 139 34
277715.431615 2111127.665018 76.520136 139 69 19
276965.535780 2111578.244304 117.401983 139 69 19
277102.378038 2111121.786597 127.937019 139 69 19
277271.029464 2111048.924576 106.022517 139 69 19
277498.816775 2111323.270379 115.579684 139 69 19
276947.744864 2111059.119616 111.571533 34 139 34
277240.086578 2111177.314541 107.614991 139 69 19
277248.102622 2111077.257280 102.042195 139 69 19
277301.956335 2110966.508902 92.544092 34 139 34
276994.525718 2111072.298239 86.938416 139 69 19
277399.238028 2111368.907126 108.397720 34 139 34
277126.742296 2111320.587112 125.800972 139 69 19
277404.347910 2110656.517608 66.600094 139 69 19
277777.470412 2111061.119088 76.131230 34 139 34
277316.369133 2110664.903014 115.977129 34 139 34
277262.151696 2110677.478954 76.227140 139 69 19
277400.654533 2111030.184024 88.944903 139 69 19
276988.643581 2111178.516130 109.564958 34 139 34
277459.774529 2111410.831889 128.033683 139 69 19
277061.114094 2111479.711537 128.903679 34 139 34
277578.258792 2111532.835573 131.395211 139 69 19
277564.453896 2111141.998263 98.053333 139 69 19
277303.740529 2110766.742065 94.929357 34 139 34
277255.085431 2110572.315985 66.392259 34 139 34
277476.585638 2111209.654305 103.532756 139 69 19
276871.469535 2111457.399893 113.911400 139 69 19
277036.129661 2111070.368568 109.805157 34 139 34
277020.975740 2110959.144043 101.593885 139 69 19
277559.773272 2110871.485852 94.232985 34 139 34
277855.208017 2111109.975083 95.579216 139 69 19
277367.611109 2110821.431911 89.962892 34 139 34
277250.705788 2111452.823083 121.114528 139 69 19
276951.272743 2111376.393147 124.421761 34 139 34
276732.658256 2111069.665521 108.505970 139 69 19
277834.261711 2111263.851328 118.359102 34 139 34
277146.988995 2110711.752928 84.451822 34 139 34
277360.113635 2110762.312720 88.206865 139 69 19
277195.481784 2111696.343455 122.401101 139 69 19
277151.699934 2111479.117202 119.905666 34 139 34
277068.405155 2111333.093600 104.808030 34 139 34
276884.572580 2111003.669790 113.377868 34 139 34
276761.863877 2111076.416694 127.243237 139 69 19
277527.613254 2111560.911450 106.822580 34 139 34
276725.546311 2111301.194129 88.983968 34 139 34
277286.859870 2111253.830116 106.538421 34 139 34
277180.412388 2111483.651680 133.472782 139 69 19
276827.637542 2111579.410302 127.002415 34 139 34
276797.800093 2111213.076839 121.138766 139 69 19
277019.919343 2111795.558183 134.534611 139 69 19
277032.652546 2110652.770121 76.470642 34 139 34
277136.575848 2111469.473778 128.630097 34 139 34
277418.087230 2110807.657170 106.484463 34 139 34
277012.768637 2111731.083941 148.640199 139 69 19
276649.881818 2111321.275838 113.797102 139 69 19
277301.623735 2111486.005297 135.221103 34 139 34
276932.935390 2111001.289411 105.406113 139 69 19
277548.214377 2110887.669235 83.482706 34 139 34
277057.648987 2111120.913460 113.593180 34 139 34
277177.290506 2110578.732732 97.963160 139 69 19
277157.205006 2110812.278125 102.604160 34 139 34
277218.961375 2110745.904912 79.088837 34 139 34
277361.529783 2111295.483244 123.810543 34 139 34
277845.648915 2111133.854345 90.510344 34 139 34
276706.331204 2111249.300899 127.317000 34 139 34
277072.620666 2111006.577112 102.780122 34 139 34
277287.698189 2111413.284415 130.498763 34 139 34
277637.201537 2111446.258817 117.225811 139 69 19
277745.457712 2111269.369379 89.067013 34 139 34
276745.245130 2111207.277658 115.671672 34 139 34
277434.950195 2111429.094894 120.151782 139 69 19
277038.636237 2111601.742270 120.734933 139 69 19
276904.603942 2110776.296455 101.246764 34 139 34
277408.689291 2110866.881037 82.738896 34 139 34
277290.167653 2111584.193499 124.522848 34 139 34
277421.672280 2111708.598858 144.706372 139 69 19
276650.123792 2111301.354773 142.083226 139 69 19
277335.636342 2111613.834417 108.901090 139 69 19
277232.577406 2111692.962841 135.949503 139 69 19
276825.825099 2111510.836335 138.376870 34 139 34
277293.552503 2111007.214242 103.884329 34 139 34
277591.304132 2111334.136462 113.245202 34 139 34
276838.446174 2111585.114016 128.168565 34 139 34
277132.229421 2110701.926860 85.122618 34 139 34
277712.123530 2111213.173022 118.943059 139 69 19
277826.241043 2111258.753299 87.957629 139 69 19
277276.978402 2110876.388356 96.915913 34 139 34
276857.980466 2111448.510517 144.372852 139 69 19
277106.984216 2110587.796260 68.959175 139 69 19
277110.812427 2111271.161349 134.709511 34 139 34
277449.913197 2110838.688949 107.514646 34 139 34
277192.354463 2111385.510632 129.871692 139 69 19
277586.109793 2111469.977118 94.263371 34 139 34
277254.285841 2110645.282665 65.791471 34 139 34
276955.757897 2110988.393366 111.089819 34 139 34
276832.149376 2111143.734110 100.525314 139 69 19
277219.684091 2111320.562704 136.349784 139 69 19
276954.127289 2111624.176620 133.766745 139 69 19
276721.260001 2111320.595086 126.007960 34 139 34
277223.719935 2111538.224352 102.147859 139 69 19
276929.598144 2111198.565030 105.022136 139 69 19
276832.225217 2111291.506392 132.831554 34 139 34
277516.834271 2111533.658610 121.541791 139 69 19
277114.117530 2111121.327875 90.401162 139 69 19
277142.795053 2110747.932575 84.936286 139 69 19
277125.286139 2111683.291381 139.067408 139 69 19
277469.101517 2111538.054773 117.057718 34 139 34
277621.393934 2111320.024492 117.521263 34 139 34
277215.916948 2110929.887830 105.273436 34 139 34
276938.168997 2111072.487228 112.675592 139 69 19
277234.279360 2111278.250285 118.620480 139 69 19
277139.615627 2110741.687672 106.359304 34 139 34
277308.328941 2111408.115825 118.979723 34 139 34
277192.769737 2110908.077008 89.385617 34 139 34
276946.440645 2110746.587045 104.361829 34 139 34
277275.721976 2111037.274421 99.770394 139 69 19
277424.200893 2110802.014459 105.540497 139 69 19
277052.155827 2110872.634506 120.377245 34 139 34
277185.219074 2111507.602296 145.873266 34 139 34
277457.537148 2110935.394735 91.443443 139 69 19
277112.961825 2111717.950328 137.079172 34 139 34
277766.215760 2111179.608677 96.260946 139 69 19
277367.700733 2110632.219193 73.515767 139 69 19
277572.806027 2111350.839163 114.863026 34 139 34
276711.002302 2111296.314648 107.667204 139 69 19
277321.501321 2111315.300002 102.607540 34 139 34
277047.987392 2110742.584056 90.096741 139 69 19
277079.885175 2111614.707901 122.299362 139 69 19
277372.180932 2110828.091436 83.542525 34 139 34
277314.062081 2110709.897094 80.654155 34 139 34
277519.661517 2111435.655146 107.147217 139 69 19
277107.662477 2111644.510730 135.112342 34 139 34
277222.033146 2110515.333579 73.708180 34 139 34
276685.558985 2111148.766836 118.795171 139 69 19
276738.082217 2111474.208044 136.848631 34 139 34
276491.033845 2111151.905136 117.368405 139 69 19
276847.971594 2110891.906048 111.197870 34 139 34
277481.159292 2111089.574815 111.613560 34 139 34
277619.359836 2111397.464225 123.033244 34 139 34
277850.899355 2111203.902999 98.154255 34 139 34
277553.705776 2111475.484116 138.032194 34 139 34
277329.366700 2111741.111470 146.506323 139 69 19
276784.023530 2110921.102512 103.559757 34 139 34
276949.705175 2110682.320219 79.042970 139 69 19
277078.747209 2111314.362463 101.978806 34 139 34
277138.542007 2111087.814409 125.086908 34 139 34
277553.054885 2111346.677228 104.027062 139 69 19
277273.618360 2110848.997040 90.848725 34 139 34
277342.731456 2111531.181962 120.792243 34 139 34
277129.277118 2110860.276898 100.172672 139 69 19
277062.000168 2111761.776803 132.619288 139 69 19
276798.422357 2110825.334090 108.624963 34 139 34
277448.038635 2110750.974730 94.394832 34 139 34
277365.739646 2111099.989446 111.251918 34 139 34
277211.943930 2110700.584510 98.586045 139 69 19
276950.596898 2111679.572324 130.635212 34 139 34
277490.456477 2111581.899654 128.006617 34 139 34
277027.660930 2111481.228047 127.541208 139 69 19
277448.380762 2111004.474009 96.611375 139 69 19
277046.079293 2111441.401856 119.957016 139 69 19
276829.988345 2110964.978025 111.290662 34 139 34
277178.638415 2110820.581900 87.687056 34 139 34
276692.053075 2111388.358375 135.869254 34 139 34
276947.112858 2111176.095297 101.114124 139 69 19
277758.072281 2111409.285440 111.294399 34 139 34
277488.238420 2111178.065101 102.959755 139 69 19
277354.134971 2111009.558654 94.694162 34 139 34
277295.270568 2111646.112521 120.573872 34 139 34
277880.576061 2111269.909225 95.888615 139 69 19
277209.949196 2110578.843711 95.650351 139 69 19
277066.693808 2111179.323069 94.009545 34 139 34
277499.185658 2111469.968833 124.509287 139 69 19
276636.672390 2110998.566502 118.956985 139 69 19
276923.222327 2111425.393853 120.032758 139 69 19
276875.977190 2111113.602358 109.458293 139 69 19
277106.661113 2111186.592954 130.294394 34 139 34
276828.561313 2111378.468873 126.363343 34 139 34
277290.631156 2110642.171541 74.975759 139 69 19
277094.491507 2111611.595715 145.127494 139 69 19
277307.098218 2111584.424985 113.575851 34 139 34
277303.536888 2111036.622906 78.639788 139 69 19
277463.384398 2110895.351113 93.140626 34 139 34
276923.966922 2111413.023087 108.396065 139 69 19
276939.144656 2110731.602389 87.595368 139 69 19
277132.356348 2110668.413183 101.427716 139 69 19
276753.944109 2111352.552273 104.265275 34 139 34
277326.307578 2111610.869401 135.326633 139 69 19
277407.627391 2110963.921734 86.237292 34 139 34
277128.536758 2111489.993057 123.822710 34 139 34
277252.442329 2110811.480925 100.688339 34 139 34
276915.242119 2111205.063628 112.982070 139 69 19
277275.157685 2111679.318047 143.505345 139 69 19
276820.421328 2111267.134762 113.445829 34 139 34
277746.449885 2111299.648809 103.314967 139 69 19
277417.197644 2111011.202070 93.957111 139 69 19
277783.510518 2111083.260507 93.159334 34 139 34
277268.880891 2110834.581812 79.189988 34 139 34
276942.829852 2111053.730869 92.174002 139 69 19
276784.409578 2111061.554414 121.544933 34 139 34
276811.210496 2111344.866862 116.546358 34 139 34
277083.463257 2110865.833156 86.647630 34 139 34
277115.875568 2111505.585691 119.092810 139 69 19
277013.113661 2111103.309726 115.982894 34 139 34
277156.691517 2110632.603269 80.181804 139 69 19
277474.366900 2111373.448440 128.457342 34 139 34
277025.667547 2111732.840221 135.995226 34 139 34
277309.002718 2110623.974030 89.962999 34 139 34
277669.977326 2111052.236650 98.985825 34 139 34
277315.681932 2110986.919747 84.710894 139 69 19
277219.016164 2110748.892612 97.217065 139 69 19
277430.074308 2110863.069104 69.607291 34 139 34
277046.843554 2111656.334833 130.047282 139 69 19
276993.731278 2111754.607423 140.681773 139 69 19
277141.262679 2111119.299857 102.985378 139 69 19
277674.476266 2111069.813653 83.079217 34 139 34
277479.468834 2111417.655894 99.602724 139 69 19
277250.591714 2111159.047708 108.005011 139 69 19
276980.032558 2111365.981219 95.722394 34 139 34
277453.706811 2111498.749260 120.149992 139 69 19
277548.970514 2111027.583204 107.061181 139 69 19
276977.695265 2110727.482361 98.273644 139 69 19
277407.353885 2111493.916225 110.322381 139 69 19
277350.760746 2111053.008067 99.141231 34 139 34
277522.865671 2110799.243482 90.995401 34 139 34
277305.965914 2110674.067016 89.466237 34 139 34
277686.560535 2110971.376801 85.382336 139 69 19
277250.454869 2110497.886754 91.389237 34 139 34
276876.475092 2110812.377260 89.459107 34 139 34
277510.522866 2111325.174726 133.899074 139 69 19
277157.254314 2110516.731356 78.527637 139 69 19
277159.192203 2111049.365436 119.507024 139 69 19
277224.317069 2110447.899976 86.305032 34 139 34
277170.992784 2111178.697030 104.138741 139 69 19
277714.376647 2111181.486122 98.767575 139 69 19
277571.462768 2111014.514701 98.568357 34 139 34
277296.974384 2110668.327696 85.396965 34 139 34
277578.177514 2111493.243348 125.101824 139 69 19
277151.050912 2111822.597075 146.708091 139 69 19
277240.344868 2111562.048289 137.913709 34 139 34
277550.959653 2111110.844697 109.025896 34 139 34
277365.220116 2111530.524589 120.809751 34 139 34
277179.937527 2111042.493807 115.537270 139 69 19
277299.304364 2111205.331166 99.920011 34 139 34
277282.458719 2111570.717606 130.610448 34 139 34
277840.113852 2111136.237749 93.328250 139 69 19
277190.035885 2110697.050129 97.335434 139 69 19
277210.080498 2110710.246407 96.663166 34 139 34
277028.235758 2111452.615767 130.538763 139 69 19
277134.880349 2111188.908920 86.422037 139 69 19
277120.971105 2111127.759613 110.897937 34 139 34
276983.141126 2111477.473553 127.978122 34 139 34
277221.594643 2111531.245956 134.373453 139 69 19
277541.387091 2111103.153239 92.990547 139 69 19
276987.580591 2111283.771696 113.850071 139 69 19
277770.324196 2111226.609192 86.187769 139 69 19
276899.135187 2111393.407465 141.211208 139 69 19
277384.293545 2111182.479547 99.775955 34 139 34
276772.349802 2111232.292018 135.937773 139 69 19
277822.322966 2111328.728163 110.964640 139 69 19
276852.827354 2111554.027294 141.116804 139 69 19
276967.318567 2111649.730346 153.696450 34 139 34
277642.206253 2111200.740819 117.562009 34 139 34
277154.372640 2111687.767045 124.167178 34 139 34
277332.119906 2110602.512341 73.413658 34 139 34
276729.073632 2111047.974113 122.563921 34 139 34
277337.301851 2111021.687140 106.972005 34 139 34
277153.249086 2111659.257224 124.489718 139 69 19
277465.903839 2110716.543021 97.943867 34 139 34
276700.477154 2111009.583330 95.366155 139 69 19
277169.278017 2111339.543780 118.160825 139 69 19
276865.348824 2110876.815022 99.793476 139 69 19
276837.413980 2111042.888651 93.058343 139 69 19
277535.712554 2110917.901698 86.116481 139 69 19
277232.716889 2110957.870300 85.374905 34 139 34
276987.390225 2111169.268696 107.497851 139 69 19
276677.745545 2111023.634537 126.311032 139 69 19
277220.760557 2110587.084905 78.428287 139 69 19
276795.908919 2111409.094784 130.099061 34 139 34
277660.807492 2110998.645084 87.445433 34 139 34
276949.959770 2111242.457931 129.497429 34 139 34
277826.972634 2111214.138488 98.111312 139 69 19
277138.423081 2110865.540035 83.985444 139 69 19
277063.750453 2111534.635050 134.101825 139 69 19
277109.649403 2111358.078055 127.372339 34 139 34
277344.551350 2110682.272627 74.514791 139 69 19
276948.829536 2111666.041433 130.974763 139 69 19
276576.369740 2111094.610212 121.870840 34 139 34
277144.453091 2111259.897087 93.532737 34 139 34
277675.741690 2111069.355475 103.083806 139 69 19
277400.172527 2110706.928114 79.858235 34 139 34
277591.341615 2111237.982099 114.534993 34 139 34
277087.847121 2111379.648728 144.912033 139 69 19
277093.118028 2111567.049067 132.734375 34 139 34
277381.393840 2111065.485824 114.197855 139 69 19
276790.073765 2111164.794665 134.815263 139 69 19
277846.617668 2111217.410676 111.554094 34 139 34
276843.459464 2111527.720257 157.886581 139 69 19
277283.087727 2110922.040464 122.362360 34 139 34
277563.207127 2111246.727855 88.372782 139 69 19
276828.969896 2111108.867136 106.728266 139 69 19
277333.876161 2111310.097404 123.743320 139 69 19
277772.081476 2111348.881950 98.606765 139 69 19
276563.813275 2111212.668639 127.998247 34 139 34
277256.823696 2111288.344415 114.539205 34 139 34
277442.360231 2110787.063919 104.290920 139 69 19
276934.932574 2110928.425651 110.037689 34 139 34
277221.882652 2111618.373665 132.103939 34 139 34
277047.335779 2111524.443843 134.868705 139 69 19
276798.398320 2111139.118531 141.237901 139 69 19
276989.315227 2111544.052118 130.101450 34 139 34
277776.025356 2111158.015135 90.391804 139 69 19
277207.960259 2110612.842769 92.583774 139 69 19
277245.757120 2111307.256125 114.576151 34 139 34
277605.748356 2110971.130344 97.276279 139 69 19
277124.636837 2111167.619357 104.906371 139 69 19
277091.305011 2111634.687445 153.716168 34 139 34
277235.792314 2111183.545284 101.831718 139 69 19
277185.510300 2111128.263813 123.236056 139 69 19
277024.182451 2111313.394375 116.613991 34 139 34
277383.074131 2111470.789656 116.275216 139 69 19
277152.260485 2111148.922394 116.258285 34 139 34
277470.942329 2111171.349331 110.289479 139 69 19
277224.178558 2110783.956885 91.450511 139 69 19
276724.422159 2111062.975875 120.045054 34 139 34
277183.225025 2111549.945468 144.789385 34 139 34
276846.203493 2110927.226556 126.082132 139 69 19
277893.766047 2111194.037108 107.860849 34 139 34
277320.471602 2111246.617363 99.216933 34 139 34
277230.898010 2111583.328881 155.003433 139 69 19
277281.829745 2110856.872860 92.967977 34 139 34
277378.102696 2111169.622485 101.738531 34 139 34
276558.973063 2111134.477561 121.839915 139 69 19
277807.454210 2111304.263089 112.529360 34 139 34
276872.884622 2110995.252243 118.815176 34 139 34
277190.064117 2110702.525025 81.938625 139 69 19
277115.015967 2110623.613895 70.096420 34 139 34
277125.163389 2111001.293613 80.887543 34 139 34
277207.592226 2111652.792259 139.250902 139 69 19
277332.539453 2110798.984992 92.941394 139 69 19
277507.851605 2111081.977040 96.415414 34 139 34
277315.235506 2111345.106849 121.122019 34 139 34
276723.006449 2110917.773616 93.935604 139 69 19
277151.923119 2110725.386567 83.995678 34 139 34
277600.794276 2111193.960872 115.153559 139 69 19
276865.050637 2110926.805415 98.201719 34 139 34
277134.506656 2111306.698851 115.506849 34 139 34
277189.489575 2111632.520401 119.225767 139 69 19
277849.455149 2111120.957373 107.909610 34 139 34
277128.251749 2111654.746146 132.170988 34 139 34
277097.113087 2111196.838581 124.423390 139 69 19
277086.836789 2111408.282345 95.769278 139 69 19
277562.791575 2111346.672121 110.685499 34 139 34
277210.692180 2110786.488442 99.419789 139 69 19
277741.787755 2111221.159286 85.389193 139 69 19
277177.718969 2111610.424118 135.058943 34 139 34
277340.059180 2111560.670943 93.341539 34 139 34
277569.806558 2111349.647329 125.625020 34 139 34
277837.645402 2111209.825546 99.423308 139 69 19
277036.433242 2111595.668412 151.425352 139 69 19
276926.079512 2111592.267898 142.488245 34 139 34
277144.411842 2110611.046093 90.123478 139 69 19
277363.093254 2111365.275836 109.820097 34 139 34
277242.510924 2111358.235373 121.474044 34 139 34
277373.752739 2111720.804305 135.731501 34 139 34
277070.902108 2111622.766814 122.267267 139 69 19
276614.777530 2111303.049308 110.387090 34 139 34
277847.909806 2111203.139425 107.937712 34 139 34
277250.113538 2110794.218800 93.402344 139 69 19
277398.864321 2110981.067635 108.771274 34 139 34
277055.663205 2111698.925590 134.514335 34 139 34
277743.153073 2111202.596304 88.138838 34 139 34
276915.951864 2111608.978217 120.939707 34 139 34
277776.971770 2111205.367378 101.012353 34 139 34
277120.597874 2111270.618643 96.233578 34 139 34
277552.504007 2110922.411938 100.248163 139 69 19
277254.320646 2110741.501806 78.117166 34 139 34
276949.502225 2110743.874424 101.578252 139 69 19
276916.683620 2110719.511738 92.359635 34 139 34
276905.389174 2111214.379227 120.061392 139 69 19
277365.368718 2110825.015663 90.191270 139 69 19
276710.014696 2111209.968552 115.467363 34 139 34
277075.036965 2111786.066972 143.083431 139 69 19
276534.339213 2111102.515131 119.092788 34 139 34
277807.216804 2111211.304225 94.997708 34 139 34
276969.841460 2111602.605691 140.890991 34 139 34
277790.822953 2111061.486327 88.510202 139 69 19
277619.074505 2111063.788330 71.893921 34 139 34
277507.764197 2111222.062948 92.044878 34 139 34
277363.722714 2110961.843007 120.953594 34 139 34
276596.395740 2111023.460021 117.433500 34 139 34
277244.574322 2111607.368037 137.954052 34 139 34
277306.488138 2110850.200945 99.059137 34 139 34
276690.131151 2111334.758173 122.563044 34 139 34
276991.305452 2110676.542719 106.863718 139 69 19
277404.572720 2110985.272456 95.199921 139 69 19
277525.414550 2111573.449769 111.089388 34 139 34
277308.085929 2111512.766714 134.139329 34 139 34
277180.982818 2111046.023403 103.017762 34 139 34
277073.238163 2110632.784513 78.767207 139 69 19
277248.079274 2111650.660382 122.715337 34 139 34
277120.067612 2110547.536529 78.342458 139 69 19
276894.699353 2111493.372146 128.588463 139 69 19
277104.131483 2111563.619715 103.126138 139 69 19
276684.211789 2111115.949611 115.161272 139 69 19
277153.981048 2110646.597088 82.411992 139 69 19
277098.128463 2111577.635927 134.658240 139 69 19
277605.165387 2110848.419062 91.528996 139 69 19
277078.615385 2110851.971408 110.784882 34 139 34
277521.668370 2110946.803520 81.648989 139 69 19
276661.211164 2111226.035731 120.076908 34 139 34
277438.442071 2111454.396751 118.756328 34 139 34
277268.427121 2111488.773719 123.165199 34 139 34
277575.089029 2111005.196271 107.159357 139 69 19
277302.875711 2110800.357416 70.823706 34 139 34
276611.597096 2111186.759634 124.233878 139 69 19
276578.425755 2111118.459467 119.045088 34 139 34
277217.543994 2111028.180369 86.946881 34 139 34
276963.174124 2111395.207591 120.506649 139 69 19
277861.679426 2111151.601030 90.924064 34 139 34
277341.693668 2111535.792874 128.562024 34 139 34
276988.909662 2111229.590793 116.048203 34 139 34
277481.850894 2111221.400636 125.499885 139 69 19
276857.010024 2111091.651649 102.094600 34 139 34
277632.475360 2111512.897399 102.961978 139 69 19
277168.971746 2111442.487584 127.267611 34 139 34
276878.599513 2110807.739980 101.743733 34 139 34
277046.997457 2111441.798182 146.302764 139 69 19
276865.868109 2111568.623737 132.364050 34 139 34
276841.414762 2111221.046312 114.545884 34 139 34
277276.101767 2111497.225843 119.299929 34 139 34
277133.282429 2111454.777497 108.191464 139 69 19
277395.824507 2111570.873435 130.798593 34 139 34
277397.952085 2111650.770967 120.372346 139 69 19
277177.795217 2111116.314561 110.438550 34 139 34
277646.743629 2111487.164573 133.798566 34 139 34
277284.432264 2110718.623082 63.027125 139 69 19
277411.903613 2110657.760860 58.732897 34 139 34
277532.019255 2111453.855641 112.475014 139 69 19
277430.186843 2111380.070497 102.813752 34 139 34
277463.285254 2111274.980839 124.374735 34 139 34
277329.974885 2110923.174013 79.271968 139 69 19
277081.229727 2111608.639950 134.482200 34 139 34
277209.863033 2111869.055039 145.974777 34 139 34
277003.595912 2111174.131077 107.669562 34 139 34
277330.268238 2111323.137645 122.562508 139 69 19
277311.961346 2111010.464383 106.641951 34 139 34
277546.511378 2111017.733417 102.565475 139 69 19
277577.794656 2110894.633051 87.636714 139 69 19
277524.775966 2111014.680486 84.648270 34 139 34
277456.589459 2111338.640361 116.463346 34 139 34
277009.417396 2111281.303219 114.209686 139 69 19
276905.829569 2110730.881109 89.132355 34 139 34
277419.369330 2111539.510677 125.191211 139 69 19
277794.618228 2111153.346536 103.485375 34 139 34
277364.350479 2111023.867087 93.739993 34 139 34
277030.119389 2111581.111791 118.358314 34 139 34
276625.115397 2111136.188474 110.263964 34 139 34
277088.663601 2111243.603399 149.025129 34 139 34
277036.994112 2110710.496902 89.451588 139 69 19
276460.234494 2111133.656416 110.547190 139 69 19
277430.103253 2111186.713529 111.691341 139 69 19
277113.186477 2111152.623278 120.041004 139 69 19
277499.378008 2111596.356919 116.648772 139 69 19
277461.346457 2111500.573628 120.279988 34 139 34
276757.617764 2111167.204423 123.698685 139 69 19
277379.858237 2111049.807963 99.853308 34 139 34
277195.893917 2111720.659555 125.729311 139 69 19
277061.180242 2111394.724224 107.541495 34 139 34
277477.795257 2111500.408315 120.009813 34 139 34
277139.290531 2111413.735571 111.493203 34 139 34
277196.792626 2110974.934079 112.140325 139 69 19
277484.150621 2111438.654850 111.894975 34 139 34
277863.958005 2111253.900417 104.229431 34 139 34
277361.023326 2111236.180784 112.516786 139 69 19
276875.954210 2110876.778745 99.044673 139 69 19
276843.938719 2111185.166017 117.245660 34 139 34
276796.912668 2110845.242857 108.263070 34 139 34
277717.290345 2111273.082408 107.692839 139 69 19
276742.052801 2111122.244543 108.255099 34 139 34
277152.877613 2111551.762068 116.921427 34 139 34
277695.772861 2111170.745400 94.790480 139 69 19
277129.011221 2110632.002879 73.002097 139 69 19
277112.659451 2111117.211195 99.468451 139 69 19
276958.900281 2110700.234700 78.741060 139 69 19
276581.538456 2111244.405428 117.353396 139 69 19
277457.030984 2111338.290931 115.587713 34 139 34
277026.585231 2110742.396104 103.203728 34 139 34
277417.846738 2111702.808776 128.752597 139 69 19
277280.273115 2111618.427082 123.376886 139 69 19
277045.864104 2111394.497266 129.296534 34 139 34
277171.666245 2110798.088665 90.209317 34 139 34
277741.993981 2111025.160009 100.287863 34 139 34
276758.664928 2111157.610802 127.369434 34 139 34
277362.945901 2111550.526747 104.671337 34 139 34
277530.834089 2110835.594596 87.812024 34 139 34
276812.219255 2111386.565496 132.041206 139 69 19
277699.080373 2111042.526930 89.455461 34 139 34
276975.370441 2111617.858573 139.091237 139 69 19
276922.281149 2110744.960403 99.551952 34 139 34
277633.515683 2111198.209641 120.138367 139 69 19
277068.664805 2111370.375776 138.444180 34 139 34
277533.371536 2111301.615706 101.741246 34 139 34
276818.737991 2110890.697272 107.623433 139 69 19
277424.960914 2111294.128293 113.633197 139 69 19
276871.574135 2111498.601919 121.040586 34 139 34
277015.757921 2111675.825619 122.255827 34 139 34
277335.988763 2111381.439132 124.313057 34 139 34
277695.454604 2111121.411019 86.872294 139 69 19
277158.919544 2111321.907068 101.907482 139 69 19
277706.310990 2111310.280504 68.923180 139 69 19
277504.377091 2111496.694486 115.467332 139 69 19
277404.098871 2111406.712547 109.670916 34 139 34
276720.338230 2110996.564443 103.439832 34 139 34
277049.163202 2110947.533398 110.711605 34 139 34
277297.050982 2111604.238891 126.925648 34 139 34
277480.049155 2111068.486533 112.414804 139 69 19
277222.370616 2111817.851265 161.104826 34 139 34
277492.859562 2111253.117551 135.725976 139 69 19
277249.253672 2111847.168787 154.422493 34 139 34
277312.313884 2111493.672091 136.925064 34 139 34
277163.872483 2111214.169941 108.019237 139 69 19
277498.713665 2111440.050560 126.329620 34 139 34
277582.216200 2111022.759745 95.200864 34 139 34
277660.246437 2111344.127200 87.777329 139 69 19
277068.788783 2111051.072714 113.672627 139 69 19
277278.417465 2111624.289358 113.880730 34 139 34
277222.190982 2111270.129150 112.385701 139 69 19
277435.597733 2111329.450546 97.352506 139 69 19
276959.963357 2111577.075279 135.200448 139 69 19
276535.792118 2111087.147617 111.435978 139 69 19
277140.824137 2110897.706645 96.932671 34 139 34
277523.758479 2110909.241152 94.649730 139 69 19
277361.677630 2111138.593388 94.620620 34 139 34
276881.583613 2110765.110347 107.368748 34 139 34
276514.097753 2111229.371671 127.914976 34 139 34
277694.496037 2111323.116944 121.959568 34 139 34
277571.510800 2111564.394324 122.387138 139 69 19
276828.039033 2111040.758176 103.441724 139 69 19
277236.656334 2110916.703408 106.213017 139 69 19
276730.452619 2110914.108861 120.123580 139 69 19
277466.692034 2110917.349522 81.175218 139 69 19
277376.200368 2111570.772661 119.545434 139 69 19
277283.165040 2110850.066729 111.760860 34 139 34
277755.502582 2111357.122122 113.818046 34 139 34
277402.548451 2111204.443426 110.713073 34 139 34
276900.556105 2111332.847013 133.245354 139 69 19
276789.306349 2111302.954392 136.659704 139 69 19
276699.169350 2111084.074145 113.161270 139 69 19
277071.121684 2110926.133654 84.939427 139 69 19
276822.503575 2111254.514287 104.173609 34 139 34
277115.539754 2111562.818752 141.402978 139 69 19
277393.063720 2110709.309330 77.491111 139 69 19
277400.550395 2111047.576238 83.816450 139 69 19
276698.989891 2111156.597686 113.711789 139 69 19
277764.616478 2111371.671563 107.260176 34 139 34
276849.841505 2111396.269788 120.485244 34 139 34
277581.738566 2111486.111960 108.151239 139 69 19
276738.290889 2110995.626644 107.217523 139 69 19
277493.789029 2111561.629919 111.174789 34 139 34
277130.950501 2110939.735349 111.555107 34 139 34
277177.640434 2110587.924855 85.268595 139 69 19
277271.397239 2110536.377765 78.292639 139 69 19
277824.492934 2111317.538443 112.549269 139 69 19
277013.513492 2111522.920937 127.779171 34 139 34
277232.169471 2111865.009637 121.932421 34 139 34
277466.093377 2111329.568423 95.758497 139 69 19
277112.920974 2111090.377274 98.868559 139 69 19
277220.373136 2111833.263478 136.266903 139 69 19
277795.030115 2111042.095764 80.337351 34 139 34
277285.281563 2111260.747405 110.499059 139 69 19
277146.453871 2111297.536852 119.018735 34 139 34
277363.978879 2110844.851782 98.994545 34 139 34
277451.758969 2110790.089078 100.330632 34 139 34
277526.400810 2110910.108446 91.211677 139 69 19
277842.407478 2111113.698587 116.891214 139 69 19
276704.608930 2111283.308275 138.347967 139 69 19
276674.567016 2111082.911396 118.979628 139 69 19
276926.819149 2110879.142199 88.466860 139 69 19
277358.360891 2111556.104894 121.384129 139 69 19
277627.811522 2110862.217839 84.468278 34 139 34
277141.383226 2111235.581594 107.815621 34 139 34
277172.376564 2111531.490212 103.432031 139 69 19
277212.064093 2111397.624445 128.703727 34 139 34
277039.696318 2110655.716968 99.885696 139 69 19
276784.042299 2111336.514657 121.616859 34 139 34
277825.432561 2111262.971281 99.605799 139 69 19
276929.620934 2110774.059697 104.819381 139 69 19
276977.349226 2111472.286873 130.882124 34 139 34
277131.033212 2111599.257529 141.441086 34 139 34
277769.636410 2111162.549599 129.094575 139 69 19
276923.107247 2110986.260068 119.591027 139 69 19
277554.693812 2110817.940532 109.400997 34 139 34
277776.595336 2111226.360203 99.527241 139 69 19
277142.243052 2111208.167600 114.377728 139 69 19
277331.884817 2111718.756550 147.984576 34 139 34
276848.759832 2110917.640664 88.901202 139 69 19
276927.053122 2110977.941727 89.175538 139 69 19
277565.699684 2111283.017719 122.536470 139 69 19
277262.566507 2111675.870700 144.325452 139 69 19
277065.472204 2111455.226070 104.295698 34 139 34
277416.993658 2111318.894133 120.161323 34 139 34
277093.518792 2110788.842889 89.291706 139 69 19
277429.226725 2110970.726552 101.460402 139 69 19
277831.517697 2111219.935981 113.746136 139 69 19
277093.748477 2110777.065695 93.768281 34 139 34
277162.705974 2111332.592690 119.813780 139 69 19
277613.183830 2111233.417987 118.428730 34 139 34
277579.870029 2110914.052815 89.231795 34 139 34
277500.802827 2111155.861135 104.353276 139 69 19
277096.031902 2110855.736700 92.346076 34 139 34
277344.536021 2111488.270460 130.742669 34 139 34
277387.754809 2110672.039003 72.405489 34 139 34
276597.257029 2111168.317477 132.999658 139 69 19
277039.542144 2111039.524037 103.010766 34 139 34
277610.326136 2111260.691910 118.542662 139 69 19
277182.972138 2111885.599149 147.655631 139 69 19
277129.244887 2111414.674398 110.053110 139 69 19
277004.960253 2111736.668038 144.923195 139 69 19
276964.284573 2111725.521782 133.076781 139 69 19
277217.648944 2110508.908512 75.643793 34 139 34
277248.070526 2110585.888349 87.173411 34 139 34
277105.295903 2111053.790029 102.132178 139 69 19
277175.673661 2110785.543988 93.660114 34 139 34
277357.272170 2110907.941462 81.467226 34 139 34
277182.427001 2110591.362387 94.691218 139 69 19
277036.886407 2111240.081267 112.403573 34 139 34
277818.061054 2111262.595653 95.126248 34 139 34
276625.741523 2111255.445256 127.242102 34 139 34
276625.748040 2111353.033591 117.370992 139 69 19
277766.014918 2111123.055108 113.132622 34 139 34
277305.060668 2110991.036875 120.918545 34 139 34
277039.201372 2111112.924524 93.438359 34 139 34
276726.718442 2111077.360111 115.372507 34 139 34
277593.539206 2111205.599069 96.972007 34 139 34
277581.259988 2111058.652963 94.003594 34 139 34
277088.044382 2110575.560068 72.967292 139 69 19
277111.923073 2110594.224919 100.992616 34 139 34
277356.803909 2111443.540719 115.443997 34 139 34
277442.707044 2111094.926702 102.602672 139 69 19
277081.187655 2111768.647842 128.784327 34 139 34
277500.997059 2110968.441697 106.015510 139 69 19
276869.566195 2110951.453126 115.484382 34 139 34
277373.350825 2110854.681564 81.727660 34 139 34
277332.860140 2111569.080110 135.712325 34 139 34
277036.248986 2110774.818715 95.323331 139 69 19
277016.876877 2111574.417033 134.701583 139 69 19
277107.208368 2111294.102255 109.886902 34 139 34
277296.880917 2111168.653014 106.600051 34 139 34
277875.521166 2111132.629797 100.260966 139 69 19
276799.847718 2110987.818538 104.253293 34 139 34
276925.073504 2111612.826965 129.230070 139 69 19
277273.863810 2111152.936583 117.461213 34 139 34
276711.509520 2111147.245529 104.075577 139 69 19
277460.966055 2111135.326508 133.647575 139 69 19
277203.762884 2111074.565309 110.404571 139 69 19
277135.346952 2111658.883624 116.401205 139 69 19
277505.851181 2111489.738980 102.271760 139 69 19
277091.798211 2111862.647417 132.872697 34 139 34
277314.800135 2110674.145963 97.860189 34 139 34
276831.517032 2110978.910410 93.245085 139 69 19
276621.769464 2111200.515028 115.014732 139 69 19
276910.033076 2111044.752401 120.589894 34 139 34
277401.118986 2111601.740883 130.777093 34 139 34
277137.855987 2111516.964262 126.006028 139 69 19
277174.232114 2111643.545265 129.441523 139 69 19
276810.579352 2111109.262698 109.524895 34 139 34
276748.873029 2111482.243008 149.577555 139 69 19
276656.206843 2111018.151965 135.093556 34 139 34
277239.017509 2110879.677166 99.035015 139 69 19
276977.000772 2111330.147574 111.046456 139 69 19
277318.244352 2110832.069655 95.178247 139 69 19
276963.626134 2111433.163314 131.603949 139 69 19
276692.660907 2111167.612835 110.235347 139 69 19
277178.212759 2111334.080476 114.152869 34 139 34
277125.557260 2110698.787859 88.365252 34 139 34
276673.437353 2110982.101404 114.983238 34 139 34
277014.814291 2111562.347702 111.826687 34 139 34
277240.061863 2111156.016559 115.167397 34 139 34
277466.672796 2111398.228903 107.635691 139 69 19
277283.859236 2110975.154804 94.167749 34 139 34
277537.196409 2110969.342551 108.894208 34 139 34
277517.902633 2111556.297894 128.223969 139 69 19
277370.316852 2110593.349674 70.555512 34 139 34
277028.885949 2111664.617676 154.283185 34 139 34
277390.189211 2111659.063777 123.040360 34 139 34
277736.936223 2111149.322810 107.165012 34 139 34
277380.125962 2111308.627803 108.800694 139 69 19
276940.044701 2111705.533834 147.755435 139 69 19
277682.196239 2111274.136811 105.107874 139 69 19
277207.819338 2110771.329630 84.260203 34 139 34
277061.122421 2111496.893636 115.715047 139 69 19
276791.595204 2110956.735485 91.510996 139 69 19
276907.731152 2111205.240589 118.679561 139 69 19
276614.750772 2111112.482767 115.089979 139 69 19
277317.002341 2111612.258479 130.862436 139 69 19
276870.283806 2111537.647401 146.364077 139 69 19
277749.877447 2111031.646894 86.296304 34 139 34
277165.201452 2110689.809758 84.391351 139 69 19
276653.031434 2111138.888732 136.361250 139 69 19
276844.244741 2110997.799174 104.694502 139 69 19
277007.150041 2110688.567779 107.413408 34 139 34
277687.762110 2111052.280371 94.912967 139 69 19
277241.284856 2111230.059471 117.180492 34 139 34
277536.034837 2111528.655281 104.998498 139 69 19
277603.057875 2111231.712200 108.283607 139 69 19
277283.983069 2111134.645830 105.871461 34 139 34
277351.483493 2110707.461696 81.334429 34 139 34
276934.849227 2111489.084733 132.266099 34 139 34
277693.978355 2111443.764438 111.284652 139 69 19
277102.078108 2110708.497731 70.769252 34 139 34
277102.798600 2111364.462352 117.454157 139 69 19
277923.619107 2111212.641004 90.385270 139 69 19
277407.017875 2111479.250590 122.914636 139 69 19
277089.439447 2110716.243335 105.418927 139 69 19
277409.081936 2111374.646244 105.731547 139 69 19
277086.546562 2111624.745318 138.803541 34 139 34
277021.614095 2111348.812516 135.462865 34 139 34
277267.955052 2111112.779895 100.958620 34 139 34
277368.447118 2110954.480964 89.313185 34 139 34
276849.868543 2110924.936828 98.543162 34 139 34
277183.043628 2110519.728547 63.481129 139 69 19
276746.473929 2111162.960252 107.986492 34 139 34
276619.363691 2111152.783628 135.080642 139 69 19
277275.871452 2111747.180314 141.183599 139 69 19
277334.123609 2111394.967172 117.618530 34 139 34
276888.873042 2111080.415182 120.465910 34 139 34
277367.552940 2111320.070863 110.394141 139 69 19
277363.419281 2110763.541342 97.182891 34 139 34
276824.791045 2111244.589502 121.612238 34 139 34
276918.922856 2110846.050901 100.439810 139 69 19
277151.968531 2111510.170251 127.452990 139 69 19
277215.000421 2111516.110772 116.651904 34 139 34
277096.205276 2110608.791204 90.188897 139 69 19
276963.873141 2110910.437957 91.178745 139 69 19
277727.259259 2111006.466001 98.724947 34 139 34
276974.177908 2111051.755374 99.444180 34 139 34
276610.241041 2111154.493582 115.990695 139 69 19
276922.774544 2110886.688686 98.982984 34 139 34
277480.283318 2111108.043614 107.279481 34 139 34
277462.761557 2110731.358218 82.330259 34 139 34
277265.465545 2111096.353784 121.474944 34 139 34
277364.590536 2111032.361527 93.916655 34 139 34
277421.777673 2111708.792260 122.450293 139 69 19
277026.513583 2110986.490436 125.316111 34 139 34
277478.648618 2110896.623095 85.896772 34 139 34
277283.268324 2111817.478710 142.203634 139 69 19
277369.607428 2110605.893314 97.051511 139 69 19
277486.485018 2110931.962725 92.067468 34 139 34
277144.659972 2111366.530189 101.785200 139 69 19
277190.794657 2111427.535268 120.988346 139 69 19
276896.802328 2111506.162875 122.788318 34 139 34
277147.845940 2111634.288589 131.416708 34 139 34
277356.615558 2111111.450888 100.711466 139 69 19
277460.278101 2110968.928114 97.138002 139 69 19
276987.782276 2111085.558239 110.432819 34 139 34
277656.465906 2111332.191679 105.263299 34 139 34
276867.811540 2110906.777818 109.729599 34 139 34
276996.601905 2110791.491369 90.522416 139 69 19
276939.416026 2110849.599912 92.500763 34 139 34
277082.553158 2110800.078054 97.017032 34 139 34
277873.048859 2111164.642500 83.301348 139 69 19
276706.228454 2111435.168720 143.224115 34 139 34
277557.264348 2111296.131671 123.572326 34 139 34
277036.591279 2111727.020926 153.842059 34 139 34
277247.787971 2110489.856138 92.935219 139 69 19
277238.238788 2111226.649484 105.811216 139 69 19
277182.809611 2110873.657033 101.672406 139 69 19
277821.853371 2111347.859831 124.425250 34 139 34
276985.119518 2110724.286782 100.119805 139 69 19
277856.551365 2111313.703102 118.298236 139 69 19
277494.130700 2111375.125998 119.916081 139 69 19
277602.901506 2111286.147756 102.002671 34 139 34
277358.308385 2111566.417712 126.063127 34 139 34
277382.777622 2110696.418207 85.645460 34 139 34
277407.707090 2110832.551350 85.576099 34 139 34
277060.864321 2111366.259416 130.506559 34 139 34
277109.388590 2111688.972636 131.037717 139 69 19
277549.673803 2111508.596462 116.908439 139 69 19
277116.390582 2110851.333499 97.611512 34 139 34
277717.291009 2111350.830903 103.992084 34 139 34
277056.920861 2111143.970361 98.507084 139 69 19
277759.850671 2111381.940006 106.399076 34 139 34
277302.266510 2110933.920602 93.871867 139 69 19
277246.906763 2110858.142201 77.470806 34 139 34
277203.923112 2111269.730284 120.086336 139 69 19
276570.141775 2111025.888742 107.758002 139 69 19
276899.084700 2111380.318755 132.018061 139 69 19
277477.526786 2111388.188621 104.714223 34 139 34
277510.451650 2110867.180938 93.669490 34 139 34
277732.528756 2111106.740195 98.186450 139 69 19
277514.658357 2110747.741978 61.878400 34 139 34
277178.640236 2111877.260773 133.406452 34 139 34
277128.141873 2111910.670372 172.001046 34 139 34
277396.671484 2111506.865624 101.463477 34 139 34
277237.332910 2110899.905562 107.726220 139 69 19
277109.195480 2111761.015382 127.421815 139 69 19
276864.297968 2111385.072843 108.477710 34 139 34
276941.137717 2111701.771830 140.979189 34 139 34
277392.813404 2111136.228135 108.443303 139 69 19
277194.964460 2110524.458478 83.758865 139 69 19
277490.304622 2110933.903854 95.192418 34 139 34
276594.540067 2111011.531693 118.508237 34 139 34
277002.579427 2111310.267199 121.793350 34 139 34
277322.419823 2111779.219370 140.220712 139 69 19
276827.715656 2110808.771633 99.502771 139 69 19
277077.077970 2111857.190231 135.680812 34 139 34
277309.353935 2110581.644165 67.173315 34 139 34
277034.477753 2111732.979689 142.830791 34 139 34
277165.143043 2111478.455967 129.000330 34 139 34
277559.196343 2111511.215048 118.046173 34 139 34
277049.545991 2111379.805762 125.119011 139 69 19
277355.316535 2111715.387127 115.126716 34 139 34
277418.893244 2111241.922170 101.088238 139 69 19
277135.021670 2111770.362557 143.001165 139 69 19
277571.022509 2111209.663064 100.309825 34 139 34
277118.063131 2111045.239467 110.969139 34 139 34
277028.329677 2111171.804048 93.933224 139 69 19
276842.034040 2111060.766723 101.451745 139 69 19
276779.330990 2110862.471951 86.612671 34 139 34
276940.619337 2111336.695064 128.100269 34 139 34
276984.367739 2110749.662164 107.417083 139 69 19
277079.942250 2111794.992217 149.588033 34 139 34
276805.788690 2111149.080530 119.784917 139 69 19
277006.305557 2111608.088906 145.958589 139 69 19
277611.239258 2111302.547593 96.982223 34 139 34
277308.141740 2111145.520239 105.653327 139 69 19
276903.765112 2111234.351187 113.749858 34 139 34
277510.076802 2111092.736707 108.217012 139 69 19
276977.328488 2111106.882393 99.585909 139 69 19
277275.816199 2110955.841467 106.257139 139 69 19
277262.710920 2110700.890028 81.672340 139 69 19
277122.096077 2110951.752584 103.632081 34 139 34
277351.661921 2111737.054070 129.522801 34 139 34
277163.605652 2110519.982497 80.605542 139 69 19
277296.287076 2110880.351633 91.587857 34 139 34
276704.722119 2111307.850875 122.940809 139 69 19
277116.553378 2111594.434027 150.823411 34 139 34
277514.375360 2110924.547069 92.814986 34 139 34
277739.472273 2111092.858788 68.274349 139 69 19
276966.686117 2110845.843191 108.860228 139 69 19
276824.595980 2111307.912676 115.613304 34 139 34
276794.651537 2111186.423574 83.400521 34 139 34
276645.396969 2110977.195994 113.447182 34 139 34
277440.872778 2111336.811735 124.295009 139 69 19
276952.580459 2110945.607646 105.175874 139 69 19
277502.815926 2110857.929404 81.099378 139 69 19
276537.186829 2111211.953858 122.814443 34 139 34
277191.113108 2110595.441985 74.476030 139 69 19
277900.909056 2111231.799390 94.375148 139 69 19
276952.808524 2111255.298374 96.416715 139 69 19
277841.310666 2111305.551037 104.715986 34 139 34
277095.716698 2110580.712185 90.947157 139 69 19
277236.281757 2110427.798972 84.562288 139 69 19
277182.834943 2111710.614484 148.800852 139 69 19
277015.301577 2111100.313524 118.961474 34 139 34
277023.152291 2110948.085616 92.286417 34 139 34
277326.234495 2111547.017671 119.497725 139 69 19
277924.284209 2111232.326374 106.593212 34 139 34
277214.361544 2111441.813879 97.579419 139 69 19
277528.809349 2111207.481577 104.046918 34 139 34
277565.475565 2111381.504654 106.893512 139 69 19
277703.942689 2111348.720170 100.791030 139 69 19
276948.463414 2111541.234456 136.779514 139 69 19
277460.106692 2111382.211231 98.661653 139 69 19
277696.784474 2111083.451478 103.244586 34 139 34
277181.823978 2110539.818704 82.732468 34 139 34
277051.277286 2111259.000699 124.070161 139 69 19
276943.506885 2110875.059184 100.985714 34 139 34
277202.416089 2111169.079136 119.016650 34 139 34
277456.196689 2111426.642002 110.218691 139 69 19
276602.196684 2111026.109757 111.763234 139 69 19
276906.878703 2111109.616737 118.578698 34 139 34
277057.066841 2110846.707128 99.058118 34 139 34
276973.900469 2111415.688579 153.561428 34 139 34
276991.531743 2111491.456935 125.191461 34 139 34
276903.063256 2110794.079082 83.257001 139 69 19
276766.476500 2111328.322971 123.385553 34 139 34
277414.955521 2111129.654892 103.272831 139 69 19
277174.941233 2110798.586861 90.216845 34 139 34
277215.245782 2111099.347348 108.643363 139 69 19
277459.928184 2111104.884546 94.797705 34 139 34
277623.327000 2111299.266842 113.213718 139 69 19
277157.558783 2111786.218973 141.829427 139 69 19
276846.442365 2110994.305152 109.466043 139 69 19
277049.224165 2111061.198093 123.547134 139 69 19
277150.000759 2111333.451943 123.844009 139 69 19
276894.586689 2111462.881519 122.970951 139 69 19
277368.113206 2111664.952275 130.879074 139 69 19
277156.732910 2111016.512442 104.857534 139 69 19
276886.609054 2111123.890469 121.339439 139 69 19
277511.388500 2111090.790077 98.152703 139 69 19
276625.402634 2111225.575413 110.329651 139 69 19
277137.673202 2111383.569384 101.187092 34 139 34
276894.254530 2111422.748459 132.320225 34 139 34
277182.355039 2111136.597742 105.054566 139 69 19
277045.523804 2110937.474111 124.328478 34 139 34
277235.436000 2111578.049873 134.351455 139 69 19
277199.120126 2110824.573859 91.411884 139 69 19
276766.391741 2110948.985801 115.378974 34 139 34
277313.418980 2110672.630787 71.799335 34 139 34
277495.557078 2111221.723484 122.447237 139 69 19
277623.001184 2111228.711430 114.066049 139 69 19
277052.377854 2111653.994222 144.111885 34 139 34
277242.284665 2111319.224919 113.052742 34 139 34
276986.247047 2110878.589296 95.416896 139 69 19
277176.805807 2111812.466264 140.090704 34 139 34
277580.330536 2111233.757063 125.230840 34 139 34
277142.592470 2111247.357751 114.479095 139 69 19
277016.165771 2110755.809680 103.696734 34 139 34
277516.838098 2111456.484160 123.698457 34 139 34
276927.540892 2110887.830648 109.340553 139 69 19
277581.108348 2111100.522066 91.033795 34 139 34
277331.299005 2110995.310637 99.943073 139 69 19
277329.381799 2111435.444448 101.673388 139 69 19
277579.474452 2111187.202466 126.074164 139 69 19
276985.921464 2111669.842009 132.441950 34 139 34
276959.653170 2111219.488831 119.691002 139 69 19
276751.791404 2110931.979620 117.150605 139 69 19
277037.793537 2110718.258334 106.351269 34 139 34
277084.407521 2111082.597876 101.646508 34 139 34
277735.056730 2111081.036193 92.305806 34 139 34
277214.858566 2111704.116254 120.465016 34 139 34
277331.018820 2111520.749662 126.600057 34 139 34
276857.296084 2111614.050035 128.752544 34 139 34
277790.599780 2111237.082989 102.277478 34 139 34
276830.473851 2110883.858865 102.989254 34 139 34
276818.001605 2111406.778931 131.424715 34 139 34
276888.925715 2111345.431216 115.378870 139 69 19
276793.039927 2111161.215298 107.813134 139 69 19
277738.159493 2111070.152220 105.317851 139 69 19
277459.219099 2111495.650289 128.074160 139 69 19
277397.569351 2110690.859070 89.827989 139 69 19
277751.651249 2111387.525624 104.784765 34 139 34
277070.801021 2110658.572522 90.130729 139 69 19
277384.250953 2110959.985191 96.714223 34 139 34
277935.443400 2111201.360146 86.531193 139 69 19
277344.802178 2110570.690501 69.118242 34 139 34
276655.907590 2111159.575166 120.157748 34 139 34
277315.616800 2111518.794080 112.550412 34 139 34
277315.999683 2111180.628215 103.946956 34 139 34
277266.923607 2111724.456257 137.916021 34 139 34
277193.969478 2110762.568562 83.173349 34 139 34
277030.443965 2111166.396340 105.645070 34 139 34
276655.588719 2111132.576307 96.767881 34 139 34
276990.579161 2110955.840162 106.667859 34 139 34
277368.019829 2110730.971494 77.169656 34 139 34
276728.626805 2111282.565312 110.816264 139 69 19
277549.126384 2110978.346681 100.090536 34 139 34
277671.282216 2110936.496477 99.753027 139 69 19
277345.825871 2110788.138610 84.586709 139 69 19
277231.757689 2111169.360777 117.793813 34 139 34
277653.987708 2111366.660842 143.887106 139 69 19
277735.398560 2111004.099654 103.640056 34 139 34
277616.997790 2111231.869972 109.246569 34 139 34
277102.700089 2111152.181816 111.231457 34 139 34
277264.533468 2111442.914575 86.121264 34 139 34
277061.420442 2110701.510032 72.667217 139 69 19
276963.701049 2110829.573381 99.962758 139 69 19
276725.088944 2110926.436922 104.649005 139 69 19
277335.410800 2111231.351418 105.583541 34 139 34
277018.903495 2111376.441866 124.123444 34 139 34
277018.671726 2111064.999823 90.769404 139 69 19
277713.141828 2111145.930491 91.844893 139 69 19
276992.553360 2110917.371300 96.273422 34 139 34
276895.263156 2111525.525837 120.346352 34 139 34
277540.336755 2110993.271618 84.499717 139 69 19
277649.374324 2111058.499959 110.042034 34 139 34
277366.559160 2110590.572090 88.429145 139 69 19
277212.491401 2110695.735235 114.172869 34 139 34
277182.230174 2111405.154562 124.344161 34 139 34
277526.192536 2111219.324477 118.881508 34 139 34
276876.200362 2111028.472044 136.155764 34 139 34
276985.623563 2111248.564253 92.305345 139 69 19
277129.133111 2111085.313527 125.584634 139 69 19
276937.610524 2110879.772345 94.117021 139 69 19
276632.343306 2111299.844932 125.958906 34 139 34
277353.570205 2110716.155317 81.795831 139 69 19
277206.259658 2111367.374278 105.507268 139 69 19
276799.285073 2111053.595073 123.228339 34 139 34
277624.288097 2110987.151686 90.061546 34 139 34
277546.442461 2111360.509238 110.128888 34 139 34
277042.756230 2111264.846194 109.673617 139 69 19
277137.898004 2111034.973452 127.011686 34 139 34
277035.379865 2111657.236614 124.725223 139 69 19
277093.790643 2111296.412381 116.884057 34 139 34
277572.422635 2111057.292604 96.525400 34 139 34
277546.522883 2110875.894092 85.434386 139 69 19
277065.026151 2110732.395767 92.342730 34 139 34
277352.148869 2111173.928882 107.243851 34 139 34
277370.189359 2110921.245683 97.324797 139 69 19
277293.487291 2110871.032827 88.950307 34 139 34
277100.820994 2111390.118544 129.457823 139 69 19
277743.512090 2111053.710271 98.690296 139 69 19
277381.233128 2111310.927335 125.861285 34 139 34
277250.413939 2111326.742857 127.450432 34 139 34
277634.892025 2111262.064938 114.079470 34 139 34
277100.997712 2111221.575666 110.489833 139 69 19
276931.932980 2111526.222974 120.080550 139 69 19
277296.752958 2111324.789807 122.675292 34 139 34
277866.370919 2111193.445389 88.908568 139 69 19
277423.498240 2111229.049046 100.587469 34 139 34
277467.863926 2110930.620044 91.310830 139 69 19
277098.335684 2111079.302194 98.183848 34 139 34
277206.106761 2111665.825670 124.721697 34 139 34
276860.288368 2111456.113692 130.745041 139 69 19
277383.822663 2111129.664890 119.440817 139 69 19
276878.306356 2111534.459495 121.273343 139 69 19
277503.053949 2111423.127665 117.221097 34 139 34
277247.710943 2111212.886161 105.176938 139 69 19
276709.173926 2111094.078060 112.006672 34 139 34
277059.925060 2111384.187599 132.284115 139 69 19
276832.136493 2110803.246281 105.618299 34 139 34
277735.699929 2111103.471272 113.363867 34 139 34
277705.682029 2111301.012231 111.057201 34 139 34
276595.525740 2111091.844801 94.677216 139 69 19
277296.074375 2110587.647158 70.273894 34 139 34
276770.362495 2111058.557516 99.118496 139 69 19
277838.143181 2111143.149047 111.815702 34 139 34
276589.705709 2111152.014063 126.784722 34 139 34
277667.749981 2111395.286679 93.443598 139 69 19
277693.584620 2111286.391536 118.126229 139 69 19
276908.491187 2111059.495586 101.471788 139 69 19
277242.212849 2110890.543213 83.529885 139 69 19
276675.696359 2111247.690432 123.611349 139 69 19
277330.717674 2111040.056178 96.136722 139 69 19
277698.974702 2111096.758280 88.834555 139 69 19
276970.038889 2111297.025391 126.548975 139 69 19
277575.213805 2111545.166416 104.496560 34 139 34
277196.931020 2110961.467697 91.436989 34 139 34
276872.797153 2110838.587947 94.160512 139 69 19
277217.894597 2110682.949742 93.148029 34 139 34
277429.782514 2110931.497585 107.516357 34 139 34
277064.077131 2111761.768209 129.703653 139 69 19
277136.011145 2111888.112781 159.858458 34 139 34
277263.726130 2110614.280842 105.020245 139 69 19
276791.409300 2110888.957962 104.353525 34 139 34
277325.910833 2111014.482467 118.070320 139 69 19
276967.496755 2110713.380922 101.132925 139 69 19
277453.739002 2111652.709346 127.384584 139 69 19
277071.304170 2110595.073305 66.722313 139 69 19
276881.354974 2110897.042063 99.739695 139 69 19
277166.809147 2111022.797850 99.078243 34 139 34
277438.033223 2111020.520479 94.590937 34 139 34
277505.616751 2111489.985947 134.536199 139 69 19
276685.480682 2111290.984114 104.014154 139 69 19
277335.968292 2111430.856986 92.614165 34 139 34
277273.538869 2110799.397913 86.322449 34 139 34
277487.239375 2111125.410658 84.337959 139 69 19
276829.565966 2111577.234978 125.243175 139 69 19
277461.473980 2110698.138458 92.057175 34 139 34
276858.264608 2110903.044450 96.875963 139 69 19
276859.425620 2111145.691544 119.790981 34 139 34
276481.265521 2111112.801175 127.055153 34 139 34
276966.383519 2111131.549206 90.231663 139 69 19
276608.314686 2110992.609467 115.602213 34 139 34
277525.888726 2111438.095283 124.078601 139 69 19
277303.989475 2111166.393072 106.916859 34 139 34
277120.051712 2110867.576790 90.440119 34 139 34
277652.147223 2110913.473920 76.614111 139 69 19
276804.444533 2111483.451184 136.477358 34 139 34
277453.296047 2111206.073692 107.431317 139 69 19
277043.354350 2110833.411654 117.362676 139 69 19
276962.185533 2111457.189845 133.383901 139 69 19
277396.324927 2110725.672356 75.923872 34 139 34
276938.802433 2111548.501571 132.785078 139 69 19
277102.824066 2110800.554436 98.439362 34 139 34
277305.783821 2110877.514743 103.297530 34 139 34
277072.610206 2111067.372473 101.240449 139 69 19
277061.799428 2111502.486683 135.557200 139 69 19
277234.912312 2110933.054388 108.045273 139 69 19
277331.591395 2111790.051133 129.663423 34 139 34
277223.256655 2110789.126724 93.920559 34 139 34
277250.905778 2110918.685512 91.473917 34 139 34
277593.899176 2110951.473493 83.312367 139 69 19
277244.190499 2111684.091448 154.075718 34 139 34
276733.422445 2111120.784949 112.594456 139 69 19
276827.485007 2111374.908571 123.011124 34 139 34
276474.579966 2111155.994285 118.161736 139 69 19
276958.743627 2110758.978584 93.509956 34 139 34
276767.148121 2111479.225366 144.683406 34 139 34
277358.417987 2110772.364692 91.207333 34 139 34
277096.222494 2111465.552399 123.689342 34 139 34
277100.491721 2111392.515973 128.969314 139 69 19
277730.042681 2111238.701353 96.137965 139 69 19
276905.370072 2110905.191303 110.309857 34 139 34
277149.794601 2111405.409322 123.945183 139 69 19
276581.886880 2111118.245314 130.368456 34 139 34
277158.051057 2111443.730257 122.076310 34 139 34
277489.528196 2110717.014125 69.530620 34 139 34
276492.388481 2111136.183242 121.762348 34 139 34
277431.175794 2111235.662106 104.236941 139 69 19
277544.566880 2110899.943879 95.122882 139 69 19
277123.025796 2110708.444633 87.907986 34 139 34
277065.931387 2111230.028815 114.884150 34 139 34
277257.512694 2110542.879239 85.223634 34 139 34
276684.192920 2111341.350370 132.488106 34 139 34
276506.987777 2111077.633046 118.819733 34 139 34
277492.156610 2111515.832256 123.757198 139 69 19
277826.417786 2111265.217357 109.692764 34 139 34
277454.454298 2110719.799804 110.091095 139 69 19
277035.639781 2111598.625033 141.100361 34 139 34
276947.081880 2110771.151754 80.703511 34 139 34
277097.791388 2111127.532669 123.881762 34 139 34
276761.414340 2111337.939257 133.464370 34 139 34
277408.501498 2111624.075340 136.079203 34 139 34
277178.942989 2110796.727646 83.642321 139 69 19
277121.557751 2111842.431075 140.322163 139 69 19
276847.708219 2110929.502661 103.810422 139 69 19
277025.655140 2111746.211297 112.961977 34 139 34
277482.397857 2110967.110540 84.405816 139 69 19
277129.960301 2110765.931949 91.364373 34 139 34
276933.360576 2111085.280330 126.881581 139 69 19
276684.977755 2111156.203715 116.733548 34 139 34
277305.988012 2111521.010211 105.906500 34 139 34
277584.700322 2111339.976352 107.950482 34 139 34
277109.492016 2111515.432483 113.620964 139 69 19
277077.159636 2111727.274758 130.316146 139 69 19
277087.201491 2111280.468288 106.773846 139 69 19
277512.224243 2110947.875323 61.856636 139 69 19
277449.053845 2111177.559499 109.933948 34 139 34
277371.286690 2111730.468020 134.526252 139 69 19
277068.091772 2110963.597391 103.488902 139 69 19
276883.087822 2111347.866495 117.947988 34 139 34
276911.928234 2111144.179092 92.439888 139 69 19
277153.733478 2111438.975046 134.673795 34 139 34
277275.139477 2111009.659557 119.191160 34 139 34
276788.484282 2111324.551685 123.442737 139 69 19
277005.970287 2110860.962778 106.572728 34 139 34
277001.944912 2111436.172925 124.393738 34 139 34
277419.006910 2111174.032229 105.061137 139 69 19
277226.782833 2110635.659824 74.663164 139 69 19
276568.606686 2111159.352598 129.477921 34 139 34
277199.607482 2111321.806682 147.220631 139 69 19
277261.302566 2110944.587739 96.348770 139 69 19
276849.151750 2111450.169408 131.643483 34 139 34
277314.950226 2111638.381615 139.387774 139 69 19
277077.530333 2110909.552751 103.673393 34 139 34
276934.959809 2111272.451925 122.272083 139 69 19
277542.648052 2111529.527606 127.577046 34 139 34
276902.561578 2111529.734550 120.165561 139 69 19
276958.923485 2110867.280194 85.116852 139 69 19
277614.762933 2111167.736828 103.095312 34 139 34
276647.388321 2111093.189331 89.682188 34 139 34
276723.113263 2111374.812320 122.926474 139 69 19
276915.879120 2111667.786214 141.183513 139 69 19
277096.522511 2111453.808226 107.859981 139 69 19
277644.483057 2110979.647096 100.253786 34 139 34
277144.666035 2111139.562632 99.262065 139 69 19
277339.507628 2111606.257667 139.533283 139 69 19
277278.384487 2111389.977752 129.107704 34 139 34
277224.077428 2111438.479016 120.825329 139 69 19
277356.065555 2111024.694903 106.272991 139 69 19
277339.785997 2111110.351479 93.540844 34 139 34
277046.870513 2110770.694054 103.995842 139 69 19
277638.376410 2111274.334917 106.049869 139 69 19
277748.319020 2111170.088633 105.659202 139 69 19
276504.973811 2111221.616717 116.132641 34 139 34
277004.408674 2110808.117870 108.303086 139 69 19
276860.591653 2111416.605560 116.047355 34 139 34
277105.335059 2111351.010677 123.415124 34 139 34
276815.715843 2111055.318893 100.159526 34 139 34
277199.192741 2111782.462736 134.106178 139 69 19
277218.348203 2111118.568829 95.108092 34 139 34
276808.386033 2111199.050327 124.874966 139 69 19
277035.626200 2111004.057375 108.261869 34 139 34
276714.363509 2111110.501149 121.858342 139 69 19
276768.885298 2111222.629433 108.286248 34 139 34
277133.211191 2110835.338172 107.902956 139 69 19
277275.889206 2111600.852638 126.369931 34 139 34
276728.240993 2111176.261307 127.063856 139 69 19
276974.280855 2111007.465902 108.027881 34 139 34
276829.342854 2110921.438454 105.124874 139 69 19
277110.359062 2111680.671955 115.313608 34 139 34
277294.354069 2110859.875894 103.804885 139 69 19
277287.890307 2111405.958312 126.255966 34 139 34
277082.691903 2110570.805713 78.533776 139 69 19
277669.089840 2111473.122861 119.958150 139 69 19
277585.749448 2110997.207098 81.964708 34 139 34
276959.027132 2111587.582509 131.755541 139 69 19
277107.973190 2110597.820077 63.384542 34 139 34
277110.388589 2110791.840551 83.355169 139 69 19
276983.871058 2110729.018703 94.500107 139 69 19
276916.050777 2111001.691660 97.208610 139 69 19
277154.543166 2110650.301390 86.507468 139 69 19
277268.299975 2111130.954425 117.709365 139 69 19
277672.449899 2111444.120641 116.299694 139 69 19
276799.959811 2110922.074217 95.134648 34 139 34
277531.540889 2110799.616026 107.616071 139 69 19
277097.049431 2111095.610828 104.668845 34 139 34
277188.628980 2111900.599152 145.502791 34 139 34
277220.245076 2111861.964412 142.534696 139 69 19
277371.496518 2111218.950888 109.010546 34 139 34
277481.305422 2111142.846682 110.835495 139 69 19
276767.835469 2111168.124186 115.214872 139 69 19
277013.888007 2111606.470545 117.261394 139 69 19
277095.558035 2111357.506447 106.659164 139 69 19
276820.741650 2111274.183874 125.387690 139 69 19
277116.978480 2110722.692919 95.245371 139 69 19
277334.183445 2111041.904692 111.126715 34 139 34
277068.669276 2111635.150846 137.959240 34 139 34
277340.690643 2111125.864557 101.685931 139 69 19
276533.758668 2111054.284353 100.492882 139 69 19
277488.135927 2110953.770394 80.871751 139 69 19
277318.298263 2111606.938860 109.780234 139 69 19
277554.763958 2110776.570410 75.122958 34 139 34
276785.645013 2111463.284866 138.582828 34 139 34
277108.868611 2111501.509009 135.300857 139 69 19
277609.056481 2110840.015351 91.450645 139 69 19
277142.175312 2111745.974882 154.602863 139 69 19
277518.238512 2111420.934069 110.606062 139 69 19
277191.887970 2111729.363131 143.553176 34 139 34
277645.287593 2111229.344766 121.654392 34 139 34
277056.438497 2111051.994988 113.628578 139 69 19
277037.636567 2111314.444997 123.432525 34 139 34
277132.358005 2110557.400365 81.122446 34 139 34
276921.981610 2111320.809487 108.211509 34 139 34
276888.480433 2110898.300505 95.727322 34 139 34
276961.052992 2111526.993927 123.919222 34 139 34
277532.973367 2111272.575761 106.308491 34 139 34
276914.343672 2111120.936415 82.339072 139 69 19
277000.897009 2111604.156810 137.636996 34 139 34
277466.286318 2111373.431182 86.536166 34 139 34
277341.581826 2111280.273094 99.010565 34 139 34
277275.974945 2111247.141712 130.352710 34 139 34
277608.816865 2110943.011256 99.412602 34 139 34
277030.647570 2111013.811056 91.192838 139 69 19
277532.334309 2111228.662398 118.808024 139 69 19
277566.909961 2111423.450434 108.871019 34 139 34
277454.575520 2110750.236350 105.293043 139 69 19
277230.409865 2110614.967284 92.254850 139 69 19
276946.302505 2111622.223431 123.086032 34 139 34
277821.683858 2111179.734547 98.853179 34 139 34
277319.227336 2111215.185350 95.596709 34 139 34
277060.605626 2111311.446082 121.038235 139 69 19
277019.527192 2111441.684894 147.288323 139 69 19
276721.231666 2111349.707536 142.248116 34 139 34
277424.356363 2111188.052524 110.307918 139 69 19
277096.251613 2111734.897032 159.749447 34 139 34
276840.199798 2110925.739884 93.261376 34 139 34
277257.333435 2110804.202555 83.547922 34 139 34
277330.488276 2111439.625022 126.088295 34 139 34
277042.420149 2111069.676988 112.947381 139 69 19
277185.121005 2111136.788699 102.107479 34 139 34
277411.908377 2110958.591129 80.866995 34 139 34
276911.941902 2111451.599398 121.401084 139 69 19
277296.065500 2111426.618377 108.419464 139 69 19
276729.828776 2111159.442914 124.554701 139 69 19
276851.471295 2111226.877733 111.859828 139 69 19
276779.175536 2111438.619331 137.265696 139 69 19
276497.390767 2111088.713650 105.270314 34 139 34
277222.994222 2111666.865841 139.577608 139 69 19
277064.228248 2111572.526064 150.011390 34 139 34
277001.686431 2110997.027332 107.048377 34 139 34
276756.099411 2111269.462321 120.587401 34 139 34
277472.017288 2111109.612619 99.979284 139 69 19
277383.881228 2111500.097819 102.537055 34 139 34
277718.577606 2111142.503778 100.415134 139 69 19
277407.657342 2111492.331012 121.647363 139 69 19
277443.499769 2111176.245942 82.129990 34 139 34
276974.045829 2111688.098493 138.907613 139 69 19
277122.535842 2111896.946506 141.618584 139 69 19
276652.275850 2111346.369763 125.883538 139 69 19
277285.421255 2111618.882668 118.539229 139 69 19
276980.859456 2110666.283974 93.053427 34 139 34
276652.465854 2111161.415777 120.067364 34 139 34
277009.802943 2111472.542948 114.275890 34 139 34
277161.235445 2110621.563848 81.951008 34 139 34
276961.741825 2111591.103205 117.915622 139 69 19
277316.038688 2110779.970245 95.610257 139 69 19
277678.823767 2111140.007319 99.648857 139 69 19
277144.922513 2111180.077113 128.548362 139 69 19
276835.552690 2111229.071204 104.034306 139 69 19
277099.920774 2111272.018013 122.217966 34 139 34
277303.736208 2111799.159989 141.207003 139 69 19
277488.601811 2111006.386108 95.947558 34 139 34
277456.252684 2110832.484855 95.864461 139 69 19
277091.815903 2111732.613406 127.255318 139 69 19
276955.206340 2111208.319053 102.403668 34 139 34
276936.411907 2110830.007482 89.265787 139 69 19
277627.696675 2110974.335832 98.888431 34 139 34
277248.125647 2110501.076924 80.752437 139 69 19
276741.973110 2111385.993258 132.170426 139 69 19
276526.151161 2111088.383337 124.910462 34 139 34
277207.519449 2111329.700366 103.582125 139 69 19
276816.461459 2111259.941174 140.913380 34 139 34
276943.294339 2110725.625282 123.930178 139 69 19
277154.628954 2110800.129381 79.317235 34 139 34
277386.231665 2111188.187724 94.128284 139 69 19
276500.843196 2111196.637750 116.436344 34 139 34
277215.476606 2111824.860800 129.834758 139 69 19
276947.995981 2110808.854104 100.740047 34 139 34
277187.337827 2111523.077147 133.789328 139 69 19
277736.966595 2111218.778663 105.489810 34 139 34
277125.271305 2110623.434265 92.065983 34 139 34
277207.674978 2111035.720638 104.953105 34 139 34
276857.932420 2111449.570199 119.880405 34 139 34
277165.523006 2111910.012066 128.924546 34 139 34
277391.892431 2111701.034908 129.512551 34 139 34
276655.483561 2111057.667444 134.099628 139 69 19
277381.026121 2110726.248655 80.105050 139 69 19
277185.076770 2110985.943585 102.812497 139 69 19
276792.831574 2111239.177111 128.341204 34 139 34
277160.324261 2110693.235838 83.102196 139 69 19
277047.879319 2110814.614201 104.443009 139 69 19
277133.682713 2111587.688560 132.917618 139 69 19
277535.855663 2111465.960877 116.854480 139 69 19
277062.878782 2111664.439591 142.729205 34 139 34
276835.689426 2111245.237972 121.765764 34 139 34
276834.500188 2111329.043288 113.024876 139 69 19
277205.077798 2111407.003698 123.888712 34 139 34
276948.090841 2111189.208371 124.809619 139 69 19
276885.961362 2111080.197056 108.219894 34 139 34
277369.384862 2111214.093754 79.118172 34 139 34
277433.024204 2111400.668089 122.775484 34 139 34
276968.236653 2110702.143423 95.399176 139 69 19
277469.832460 2111144.303649 69.383157 139 69 19
277380.263777 2111130.751302 107.031475 34 139 34
276519.240461 2111133.821563 105.986391 139 69 19
277310.058047 2110738.760280 100.969111 139 69 19
277098.826899 2110880.142363 98.078204 34 139 34
277072.995056 2111561.054450 126.642568 139 69 19
277554.665460 2111407.672426 134.025666 34 139 34
277302.721683 2111494.165262 122.850660 34 139 34
277150.893159 2111399.438459 128.494349 139 69 19
277114.243967 2111036.084302 101.896735 139 69 19
276849.834274 2111430.609690 120.443015 34 139 34
276616.509342 2111334.752109 113.345516 34 139 34
276842.237757 2110783.682643 113.366854 34 139 34
276690.933724 2111167.802785 120.972692 34 139 34
277287.182983 2111289.501365 99.960950 139 69 19
277147.614443 2111617.017924 128.036058 34 139 34
277169.711724 2110994.844265 98.378941 139 69 19
277462.454755 2110790.428190 74.101862 34 139 34
276728.451565 2111431.395329 149.895245 139 69 19
277364.521283 2110823.173770 60.057844 34 139 34
277355.153362 2110743.694202 91.708393 34 139 34
277120.075768 2111245.480719 115.215730 34 139 34
277237.206713 2111393.525464 136.405118 34 139 34
277549.617537 2111258.501457 105.889724 139 69 19
277522.906574 2110793.951179 98.392008 34 139 34
277355.736415 2110648.061567 80.650624 139 69 19
276945.100283 2111574.489299 139.899376 139 69 19
277730.854600 2110985.326928 80.426190 139 69 19
277370.947796 2111373.122670 130.711746 34 139 34
277125.526997 2111348.560489 122.254004 139 69 19
277074.429653 2110861.836224 91.669010 139 69 19
277722.089640 2111131.657942 96.908978 139 69 19
276807.283993 2111288.913507 125.929762 34 139 34
277363.878719 2111299.663356 118.948901 139 69 19
276765.404796 2111359.511313 125.676481 139 69 19
277043.786647 2110882.747924 103.308689 34 139 34
276702.943976 2111104.914457 121.327961 139 69 19
276621.475790 2111209.575620 113.331514 34 139 34
277177.135320 2111878.179827 144.398539 139 69 19
276954.801239 2111588.427646 145.110174 34 139 34
276880.787117 2111354.129653 122.225478 34 139 34
277265.912713 2110899.561077 90.942860 139 69 19
277313.501111 2111235.421377 118.318276 34 139 34
277157.048594 2111423.955824 122.937747 139 69 19
277911.221116 2111261.169818 103.103736 34 139 34
277072.028656 2111096.809634 97.986740 139 69 19
277026.647321 2111243.555931 117.043166 34 139 34
277097.980394 2110616.346704 87.466814 139 69 19
277808.704363 2111111.271586 116.875178 34 139 34
277324.643624 2111554.947195 119.620736 34 139 34
277448.447277 2111283.226911 122.694698 139 69 19
277186.351885 2111666.056256 121.699382 139 69 19
276694.040905 2111127.681884 120.905621 139 69 19
277348.391338 2111121.379417 116.190341 139 69 19
277175.605089 2110628.053208 65.121855 34 139 34
277770.147706 2111093.700397 101.165388 139 69 19
276757.922360 2111431.970666 121.431236 34 139 34
277903.969405 2111251.533783 109.459155 139 69 19
276862.294462 2111516.431599 141.064308 34 139 34
277582.969345 2111250.974534 113.575902 34 139 34
277739.750947 2111243.944607 92.342428 34 139 34
276786.250499 2111065.108685 110.481412 34 139 34
277664.998008 2111374.336740 108.001567 34 139 34
277241.397407 2111585.313937 126.365507 34 139 34
276834.403088 2111008.089211 107.898876 34 139 34
277665.993358 2111022.120976 104.171611 139 69 19
277253.456902 2111114.922625 123.291737 34 139 34
277199.487352 2110472.839842 82.858728 34 139 34
277256.938132 2111134.681504 112.203064 34 139 34
277565.130681 2111204.768261 125.380396 34 139 34
276915.704430 2111395.885512 134.361878 34 139 34
276875.611298 2110960.641148 117.440956 34 139 34
277263.998899 2110452.931003 80.856570 139 69 19
276978.350826 2111539.058223 118.463327 139 69 19
277073.863106 2111061.153560 96.705734 139 69 19
277290.498513 2110890.579421 111.205367 34 139 34
276790.887287 2111004.143964 106.020700 34 139 34
276564.872767 2111177.481071 115.008266 34 139 34
276587.565711 2111089.969709 118.051096 139 69 19
277005.702031 2111583.261400 125.859998 34 139 34
277906.400977 2111267.383962 99.426856 139 69 19
277157.912929 2111505.225252 144.125795 139 69 19
277417.105333 2110806.588456 96.529585 139 69 19
277634.179570 2111506.408504 132.794449 139 69 19
277238.306273 2110848.472580 89.497201 139 69 19
277605.138623 2111354.868866 110.845608 139 69 19
277165.889743 2111306.500873 124.901365 34 139 34
277804.887301 2111225.435080 100.431770 34 139 34
277033.883392 2111567.271852 142.401114 34 139 34
277642.334374 2111304.514479 110.798390 34 139 34
277022.919218 2110731.622277 76.872197 139 69 19
277410.092794 2111553.214227 115.129105 139 69 19
276758.546350 2111154.415895 110.623076 34 139 34
277212.451030 2111679.429991 132.341778 139 69 19
277197.268899 2111140.653730 98.007420 139 69 19
277620.368542 2111117.782516 100.710686 139 69 19
277676.424043 2111114.450354 86.056028 34 139 34
277316.625064 2110608.410826 92.286197 139 69 19
276951.907973 2111418.786057 117.735082 34 139 34
277100.577769 2110687.351386 98.375343 139 69 19
276975.357036 2111337.452165 107.718866 34 139 34
277133.101411 2111714.744666 139.387018 139 69 19
276689.469184 2111284.766490 120.210191 34 139 34
277137.320506 2111595.543643 115.357117 139 69 19
277151.219007 2111199.578723 114.118833 139 69 19
277374.280561 2111450.946373 106.360743 139 69 19
276990.773547 2111498.205946 122.787052 34 139 34
277069.536346 2110795.034220 117.224943 34 139 34
277287.404185 2111655.586988 149.813806 34 139 34
277487.482001 2111306.407066 96.374908 139 69 19
277586.667724 2111267.481306 111.790334 34 139 34
277066.660782 2111042.469484 104.046891 34 139 34
276904.139959 2110991.349752 96.948544 139 69 19
277232.361665 2111055.646545 78.954352 34 139 34
276512.594799 2111171.064702 108.980756 34 139 34
277600.637981 2110937.039242 81.125034 34 139 34
276851.586040 2110903.483991 105.688496 139 69 19
276975.001144 2111443.900534 105.905567 139 69 19
277385.722395 2111109.530230 113.602271 139 69 19
277118.594418 2111512.428674 125.652230 34 139 34
277267.697866 2111101.729677 109.494455 34 139 34
277162.877606 2110674.210710 97.599747 34 139 34
277567.125366 2111422.511495 117.378903 139 69 19
277259.424324 2110469.300024 60.414676 34 139 34
277351.325087 2110607.908550 80.230150 139 69 19
277387.882165 2111732.340295 143.311933 34 139 34
277508.143472 2111441.727773 113.416900 139 69 19
277256.090609 2111225.627225 117.168667 139 69 19
277843.394242 2111315.433380 100.297460 139 69 19
277092.537013 2111660.566681 142.041323 34 139 34
277389.754875 2111485.548738 112.887409 34 139 34
277533.238495 2110841.985076 84.261080 139 69 19
277413.110200 2111528.640599 113.198675 34 139 34
277784.276352 2111072.609184 86.982738 139 69 19
276652.205280 2111099.533253 118.708690 34 139 34
276909.300349 2111465.015061 126.031182 139 69 19
277100.898465 2111103.119919 96.444024 139 69 19
277334.921911 2110781.740083 98.390833 139 69 19
277887.869092 2111271.294280 117.222541 34 139 34
277055.548659 2111705.274757 133.140847 139 69 19
277454.534865 2110668.641885 85.318854 139 69 19
277507.727831 2111464.342410 98.671421 139 69 19
277373.169999 2111058.497171 113.640004 139 69 19
277115.035148 2111531.546079 125.716624 139 69 19
277411.427924 2111309.457864 103.817410 139 69 19
277611.169146 2111467.679203 111.048562 34 139 34
276632.904758 2111192.503905 115.509718 139 69 19
277130.309844 2111797.101620 120.380778 139 69 19
277003.497731 2110809.797025 90.028776 34 139 34
277178.945412 2111666.363054 108.507046 34 139 34
276813.058699 2111214.107097 103.723440 34 139 34
277053.740762 2111246.419918 105.601052 34 139 34
276882.606624 2111584.969922 150.178651 34 139 34
277669.481865 2111186.375069 102.641570 139 69 19
277432.017501 2111033.169837 100.660242 34 139 34
277449.054795 2110795.848516 78.063891 139 69 19
277610.482326 2110883.458580 110.750581 139 69 19
277043.369377 2111406.456550 141.462453 139 69 19
276646.041908 2111076.716773 123.444129 34 139 34
277227.559504 2111247.304301 123.821700 34 139 34
277556.299505 2111314.089544 100.192099 139 69 19
277447.771930 2111656.766175 138.792554 34 139 34
277074.090840 2111323.273574 114.457887 34 139 34
276752.908818 2110869.418151 111.931674 34 139 34
277188.856658 2110949.487502 89.109021 139 69 19
277235.091116 2111713.199004 141.107545 34 139 34
277146.010812 2111505.704507 134.478072 139 69 19
277081.568796 2111562.407300 124.425226 139 69 19
277164.397294 2110543.747132 81.214936 139 69 19
276771.225495 2111503.179222 136.464128 34 139 34
277238.236419 2111396.730335 105.292021 139 69 19
277616.937487 2111404.491544 110.931758 139 69 19
277680.392188 2110985.421726 79.884061 34 139 34
276594.046861 2111113.482681 108.347637 34 139 34
276989.374628 2110935.811698 112.023813 139 69 19
276699.184694 2111044.809456 114.448330 34 139 34
276654.442155 2111186.284798 115.524468 139 69 19
277751.535032 2111345.341171 91.052184 139 69 19
277129.725289 2110556.205968 80.091237 139 69 19
277286.537791 2110888.377012 81.228937 139 69 19
277009.928819 2110840.807984 95.302928 139 69 19
277733.013314 2111101.735607 95.489868 34 139 34
277280.620843 2111378.653883 118.410608 34 139 34
277014.032158 2111222.118509 99.146942 34 139 34
277362.135677 2111092.998264 112.323545 139 69 19
277442.121715 2110692.167652 91.501365 139 69 19
277491.399116 2111628.251227 125.738850 139 69 19
277695.100727 2111334.381534 114.887650 34 139 34
277710.547866 2111449.854889 117.341812 139 69 19
277452.873874 2111012.860403 97.599822 34 139 34
276988.284796 2111176.986906 110.419325 34 139 34
277522.454947 2111387.355420 117.510178 34 139 34
276757.149044 2111108.438418 107.504465 139 69 19
277273.501863 2110624.584036 99.128157 139 69 19
277278.442086 2110637.290684 103.363911 34 139 34
277580.779765 2111002.990817 103.234183 139 69 19
277203.643653 2111300.276604 114.661547 139 69 19
277054.110366 2110823.777358 86.484195 34 139 34
277363.293474 2110694.899914 83.853509 139 69 19
277182.921789 2111131.184915 122.714761 139 69 19
277093.434774 2111192.334490 103.694170 139 69 19
277048.711258 2111732.702476 145.501328 34 139 34
277194.609467 2110756.145994 101.267821 139 69 19
277316.345086 2111081.107615 111.717166 34 139 34
277120.197437 2111822.246002 140.802681 34 139 34
277558.387049 2110976.916407 105.292745 139 69 19
277797.038412 2111191.637085 80.429732 34 139 34
276968.719903 2110990.234029 110.182487 34 139 34
277715.140722 2111331.704604 122.863597 34 139 34
276898.512648 2111254.431624 120.754048 34 139 34
276768.276914 2111055.608737 115.536568 139 69 19
277032.645003 2111330.480244 119.613241 139 69 19
277209.609438 2111593.141075 158.588975 139 69 19
277474.177371 2111344.914176 120.256499 139 69 19
277385.577081 2111061.417230 94.166591 139 69 19
276954.393846 2111533.451407 99.150547 139 69 19
277702.835914 2111185.564513 109.931115 139 69 19
277383.048654 2111469.695611 117.537136 34 139 34
277411.242274 2111704.512161 133.037699 34 139 34
277459.196402 2111626.179453 133.629931 34 139 34
277132.077183 2111638.195769 135.710420 139 69 19
277445.279668 2111300.757589 117.284831 139 69 19
276915.619387 2111672.697604 134.176964 34 139 34
277309.009433 2111320.739534 117.390581 34 139 34
277590.089500 2111123.768082 81.546952 139 69 19
277581.901846 2111057.579339 99.691261 34 139 34
276874.044421 2111428.315155 127.129921 34 139 34
277287.175859 2110804.853091 93.948159 34 139 34
277374.737698 2111316.640867 113.027266 34 139 34
277692.995696 2111198.002640 95.767275 139 69 19
277245.942304 2111258.167172 107.556133 34 139 34
276950.605965 2110866.517752 112.343057 34 139 34
277558.354781 2111401.119178 115.445652 139 69 19
277143.472930 2111816.980610 133.249393 139 69 19
277491.024246 2110759.767071 81.935513 34 139 34
277203.993377 2110650.634782 82.775108 34 139 34
277249.487335 2110920.434729 110.715795 139 69 19
277662.755620 2110905.960152 85.348072 34 139 34
277202.354078 2110888.754729 78.057387 139 69 19
277131.382086 2110757.336114 92.437118 139 69 19
277405.645509 2111324.915649 107.476400 34 139 34
277541.909318 2110970.540654 75.742820 139 69 19
277126.780681 2110613.217462 85.819409 34 139 34
277162.722370 2111888.898502 153.932558 34 139 34
277797.304022 2111240.718279 109.283964 34 139 34
277073.098068 2111150.227774 126.647165 34 139 34
277153.211510 2110955.474066 101.687646 139 69 19
277292.896332 2110876.454835 105.295678 139 69 19
277028.576994 2110741.168151 86.386410 139 69 19
277016.008985 2111213.906398 130.839010 34 139 34
277238.412796 2111507.090769 115.858888 34 139 34
277574.229295 2110833.338354 102.439613 139 69 19
276477.821760 2111179.141776 129.480749 34 139 34
277551.393915 2110957.218602 107.444734 139 69 19
277057.028929 2111368.539617 109.494302 34 139 34
277558.867571 2111366.125768 105.653526 139 69 19
276963.416083 2111566.320770 135.997141 34 139 34
277107.144107 2111817.152725 124.970825 34 139 34
277577.129994 2111487.401647 116.817748 139 69 19
276641.518748 2111203.255799 130.415212 34 139 34
276651.223325 2111336.843485 122.583244 34 139 34
277076.561025 2111838.378950 142.994739 139 69 19
277663.447194 2110976.173282 92.508873 34 139 34
277095.660889 2111217.681970 109.162515 139 69 19
277002.773887 2110850.466760 80.083367 139 69 19
277088.303564 2110556.496411 85.731312 34 139 34
277264.497318 2110662.849050 77.277575 139 69 19
276806.900822 2111430.449896 112.975118 34 139 34
276835.324561 2111564.479476 129.922501 139 69 19
276782.828245 2111211.592764 88.936422 139 69 19
277586.453427 2111228.427919 122.360770 139 69 19
277782.839757 2111119.272732 105.865469 139 69 19
277672.954145 2111257.019109 92.508530 34 139 34
277148.463288 2111654.234265 149.744874 34 139 34
277675.595897 2111275.530253 91.061440 139 69 19
276963.687277 2111416.134288 127.526929 34 139 34
277465.733524 2111297.222777 110.067983 139 69 19
276751.962773 2110948.212812 88.765390 139 69 19
277037.290405 2110982.061094 109.114900 139 69 19
277034.180384 2111780.470730 148.905018 34 139 34
277100.270120 2110978.858466 92.055058 139 69 19
276902.224587 2111436.535285 131.299136 139 69 19
276906.115579 2110839.806385 118.244205 34 139 34
277362.308993 2110978.046011 111.695524 34 139 34
277213.533945 2110796.793345 100.037136 34 139 34
277154.658419 2110694.429107 99.435563 34 139 34
276882.464343 2110927.115703 113.442768 34 139 34
277082.963993 2111392.158857 112.699930 34 139 34
277125.957691 2110894.947278 88.172048 34 139 34
276797.310933 2110855.573507 114.266118 139 69 19
276793.836006 2110942.128418 89.004449 139 69 19
277302.998711 2111348.292537 123.860040 34 139 34
277729.275113 2111293.061771 111.707626 139 69 19
276811.672296 2111271.499890 135.770503 34 139 34
277520.812018 2110846.077738 94.008142 139 69 19
277661.647278 2111298.097020 120.325501 34 139 34
277007.017844 2111705.360235 147.902031 139 69 19
276794.705066 2111254.689265 132.745276 34 139 34
276686.741552 2111004.722940 108.795123 139 69 19
276758.447410 2111391.970878 120.320334 139 69 19
276549.179960 2111266.363320 117.313863 34 139 34
276943.684104 2111414.936399 120.040631 139 69 19
277286.588132 2111544.499883 123.033138 34 139 34
276885.558047 2111416.482398 124.121495 34 139 34
277090.162534 2110722.530151 60.019806 34 139 34
276719.109221 2110895.660290 99.235742 139 69 19
277116.045133 2111110.531284 110.876994 34 139 34
277698.318356 2111128.509319 107.812817 34 139 34
277541.390138 2110817.502840 78.681454 139 69 19
277082.393923 2111244.094196 104.748719 139 69 19
277110.887945 2110569.688979 83.607274 34 139 34
277496.659752 2111065.568405 110.048247 34 139 34
276792.209479 2111539.257497 121.960748 34 139 34
276963.708853 2110842.839716 119.348724 139 69 19
276998.394872 2111214.731263 121.374301 139 69 19
277144.415588 2110693.756700 71.287155 34 139 34
277325.355870 2110944.422507 116.480730 139 69 19
276952.142256 2111070.559120 119.979983 139 69 19
277612.080853 2111311.671876 112.621714 34 139 34
277531.148120 2110980.240195 84.575921 139 69 19
277761.527628 2111176.425947 79.044884 139 69 19
277084.316866 2111179.111521 115.645338 34 139 34
276891.699163 2110800.515677 102.253915 139 69 19
277328.719471 2111061.312124 95.581820 139 69 19
276888.522848 2111063.867564 99.819721 34 139 34
276710.374336 2111056.710890 119.152014 139 69 19
277335.098417 2111097.775863 99.425480 139 69 19
276922.868088 2111382.682094 115.739830 34 139 34
277416.011586 2110889.496630 98.083963 34 139 34
276777.551573 2111127.871158 106.277614 34 139 34
277755.353035 2111310.904057 123.676187 139 69 19
276536.017623 2111227.527542 114.190140 34 139 34
277477.166836 2111620.972272 126.525137 34 139 34
276976.100571 2110902.244747 115.326621 34 139 34
277010.240348 2110673.704774 69.843304 139 69 19
277000.630856 2111662.521572 135.278723 139 69 19
277854.479145 2111156.261287 104.858991 139 69 19
277019.763582 2111147.014148 127.001166 139 69 19
277550.320268 2111114.514221 111.297619 34 139 34
277078.194285 2111858.052930 159.010027 139 69 19
277063.366524 2110835.387848 91.791488 34 139 34
277396.188057 2111071.725129 113.126677 139 69 19
277816.780634 2111064.927858 100.079335 34 139 34
277605.912733 2110991.079499 117.576872 34 139 34
277231.062266 2110853.098025 110.624309 139 69 19
277356.920167 2111751.945702 145.084313 139 69 19
276846.374562 2111091.104691 107.373197 34 139 34
276716.572797 2110965.711566 116.931615 139 69 19
277535.580581 2111122.112092 120.192794 34 139 34
277246.492405 2110835.564080 71.036181 34 139 34
277398.543005 2111648.696520 142.185549 34 139 34
277427.225803 2111033.819301 104.454837 34 139 34
276748.051540 2110914.520105 85.335644 139 69 19
277021.050355 2111161.236672 111.089752 139 69 19
277011.452818 2111038.902550 123.124597 34 139 34
277393.667551 2110774.275316 100.748262 139 69 19
277664.990830 2110894.408155 92.726776 34 139 34
277646.687452 2111197.077522 116.569913 34 139 34
277176.593669 2111914.123364 143.847170 34 139 34
277785.996691 2111260.356717 108.364399 34 139 34
276828.477755 2110837.870191 118.328194 34 139 34
277187.124228 2111686.616931 141.694270 139 69 19
277112.360678 2110564.304629 84.140924 139 69 19
277538.292226 2110890.717237 107.033298 139 69 19
277114.279545 2111288.087376 101.958160 34 139 34
277342.211324 2111474.528547 126.190434 34 139 34
277290.869488 2111005.876111 103.295218 139 69 19
276914.499050 2110895.196530 108.274335 34 139 34
277640.604534 2111215.082630 140.183660 139 69 19
277558.337560 2111329.851154 111.707397 139 69 19
277240.939488 2110445.789245 80.233494 34 139 34
277594.941174 2111050.607371 119.857582 139 69 19
276648.974044 2111315.129973 117.726090 139 69 19
276980.307496 2110655.454179 93.535757 139 69 19
277332.395820 2111025.449336 105.624339 34 139 34
276841.630766 2110838.640950 83.617303 34 139 34
277348.721355 2111712.310542 129.078884 139 69 19
277420.165233 2110756.831199 105.710118 139 69 19
277197.785949 2111558.483950 116.709746 34 139 34
277788.532718 2111371.741373 115.787871 139 69 19
277051.137932 2110734.801798 102.398329 139 69 19
276998.010947 2110893.908566 88.665741 139 69 19
277657.960901 2111212.863374 109.539815 139 69 19
277038.929604 2111288.165641 115.664610 34 139 34
277712.756977 2111242.081279 105.645200 34 139 34
276978.442074 2111698.326171 147.404008 34 139 34
277007.666436 2110973.830693 105.835295 139 69 19
276746.547264 2111061.923999 112.368696 34 139 34
276469.878071 2111136.031383 117.760631 139 69 19
277398.513114 2111627.202815 130.149062 139 69 19
276684.687126 2110964.622186 118.641889 139 69 19
277453.358314 2110734.107414 82.451453 34 139 34
277645.572168 2111255.646561 97.364361 34 139 34
276879.098986 2111574.515478 137.970869 34 139 34
277652.159979 2110928.876918 83.742155 139 69 19
277678.639370 2111479.868515 139.054223 139 69 19
277041.759815 2111336.149557 121.039354 139 69 19
277191.061777 2110849.959156 106.570806 34 139 34
276922.936375 2110852.273761 109.434341 139 69 19
277663.972474 2111289.900287 110.158834 139 69 19
276526.166777 2111079.998137 104.756451 34 139 34
277484.561962 2111354.853830 115.662524 139 69 19
277354.960945 2111569.972381 137.853281 139 69 19
277098.992190 2111244.803743 119.282543 139 69 19
277735.432954 2111057.525421 84.072992 139 69 19
276999.252237 2111578.826314 120.293562 34 139 34
277241.439620 2111472.067693 136.520511 34 139 34
277745.722157 2111363.949377 109.962287 34 139 34
277022.899012 2111705.420173 131.645212 139 69 19
276701.957516 2111387.612483 120.890105 34 139 34
277477.271407 2111344.471897 116.977580 139 69 19
277366.793210 2110629.598157 75.524369 34 139 34
277320.954560 2111119.287688 122.853697 34 139 34
277686.936766 2111411.263920 120.765993 139 69 19
276720.524489 2110981.915719 103.087634 34 139 34
277547.668186 2111039.662686 108.779721 34 139 34
277437.688111 2110735.588913 77.558862 139 69 19
276636.370776 2111357.413644 109.359715 139 69 19
276500.575117 2111168.360558 105.552485 34 139 34
277242.774435 2111213.678366 110.305783 139 69 19
277131.795994 2111368.070406 115.175897 139 69 19
277255.507389 2111072.762931 116.040710 34 139 34
277254.602036 2111188.325569 107.627439 139 69 19
277056.146626 2110600.669475 86.067254 139 69 19
277210.257634 2111849.695282 142.480856 139 69 19
277082.758909 2110897.342850 113.533855 34 139 34
276859.887747 2111586.565375 156.187583 34 139 34
276520.111434 2111098.890647 112.094805 139 69 19
277311.045825 2111568.900821 130.090044 139 69 19
277173.762106 2111321.839049 115.529086 139 69 19
277332.888999 2111525.645215 118.063142 139 69 19
277087.168263 2111543.334026 135.814052 139 69 19
277261.989024 2111676.758579 139.740630 34 139 34
276675.194169 2111294.776531 109.905866 139 69 19
277564.297413 2110874.213822 85.194052 34 139 34
277201.391805 2110771.114463 84.662836 139 69 19
276519.971524 2111239.909525 114.779555 34 139 34
276868.218218 2111413.348244 134.162101 139 69 19
277566.832893 2110804.643919 80.938071 139 69 19
276958.694274 2111551.357099 129.575603 139 69 19
276902.454980 2111516.390401 139.604954 34 139 34
277474.000989 2110885.209098 99.489361 34 139 34
277233.453977 2110481.189935 79.600526 34 139 34
277228.364683 2111412.477875 112.238317 34 139 34
277362.717362 2110608.383270 73.556574 34 139 34
276949.383495 2111674.275051 130.550453 139 69 19
277492.008954 2111090.753980 101.988425 34 139 34
277375.299772 2111739.824753 114.201858 139 69 19
276954.173276 2111289.677929 115.760715 34 139 34
277224.248095 2110581.034296 96.768496 34 139 34
276868.070797 2111237.567975 113.035698 34 139 34
276997.593722 2110750.509324 94.146901 34 139 34
277255.176276 2111360.464302 115.047086 139 69 19
277550.848772 2110869.812999 103.857691 34 139 34
276853.515864 2110991.897882 111.139848 34 139 34
277175.452238 2111055.151685 93.444330 139 69 19
277672.011961 2111103.038346 85.635021 34 139 34
277057.369792 2111784.166936 124.987412 34 139 34
276913.803499 2111675.114591 138.808623 139 69 19
277526.366937 2111467.701055 124.789409 139 69 19
277139.264622 2111251.072107 113.823295 139 69 19
277281.058095 2110540.827061 84.716737 34 139 34
277131.072955 2110739.570003 73.669407 34 139 34
276680.633576 2111370.774060 113.289533 34 139 34
277445.718384 2111238.935184 89.020291 34 139 34
276871.194345 2111116.357997 114.775793 139 69 19
277299.313614 2111573.244738 119.585245 34 139 34
277137.785036 2111012.534889 104.672546 34 139 34
277765.449071 2111264.424845 113.003919 34 139 34
277023.322461 2111078.085013 113.512471 34 139 34
276917.983367 2111024.326394 92.334494 34 139 34
276629.496628 2111033.426447 124.018927 34 139 34
277185.040840 2111457.527919 105.201613 34 139 34
277162.049596 2111790.721511 155.451395 139 69 19
277587.417497 2111015.443730 89.300512 139 69 19
277223.883116 2111517.394765 128.690941 139 69 19
277162.935335 2111748.377344 151.554476 139 69 19
276814.850684 2111386.409343 112.670228 139 69 19
277053.149620 2111363.221085 125.634844 139 69 19
277427.809156 2110931.294105 102.340635 34 139 34
276907.687003 2111320.104974 106.706575 34 139 34
277125.677582 2111618.129089 123.064306 34 139 34
277116.401023 2111053.476723 115.113756 34 139 34
276878.217300 2111228.712865 118.382486 139 69 19
277340.826438 2111232.244453 107.591749 34 139 34
276872.055323 2111335.581872 131.783497 139 69 19
277824.603268 2111320.928689 118.582961 139 69 19
277303.238218 2111435.266614 127.017415 34 139 34
277422.983117 2111508.860955 129.477845 139 69 19
277124.580205 2111188.946433 112.623225 34 139 34
277152.816441 2111260.455634 107.635506 34 139 34
277402.722451 2111488.791576 108.314894 139 69 19
277245.646566 2110754.243470 88.384389 139 69 19
277168.514022 2110557.366058 81.771022 139 69 19
277476.238879 2111345.223714 115.619428 139 69 19
276790.035279 2111358.383117 126.262727 34 139 34
277482.932233 2111487.782705 125.483145 34 139 34
277424.705035 2111597.866334 139.083358 139 69 19
277130.905688 2110570.638896 82.751144 34 139 34
277065.303968 2111728.742746 138.316150 139 69 19
277058.598736 2111603.721701 150.463985 139 69 19
277693.991026 2111362.713908 93.314051 139 69 19
277185.145975 2111721.271612 129.214880 34 139 34
277087.086861 2110991.916458 106.506110 34 139 34
277211.420206 2110924.655163 86.696728 139 69 19
277358.855366 2111212.410157 126.565630 139 69 19
277597.719136 2111068.979169 88.248714 139 69 19
277445.384679 2111569.837043 137.377873 34 139 34
277115.596211 2110753.358951 104.666577 139 69 19
277741.209457 2111397.716929 120.760460 34 139 34
277109.759530 2110747.712061 96.547835 34 139 34
277453.371050 2111458.680085 119.356247 139 69 19
276935.215029 2110734.395054 103.058569 34 139 34
277619.031324 2111481.292948 115.523784 34 139 34
277859.542450 2111135.659571 113.640519 139 69 19
276812.587065 2111259.442635 129.761674 139 69 19
277193.179251 2111743.215111 137.538585 34 139 34
277331.868636 2111295.294341 118.453689 34 139 34
277355.475489 2110956.575997 87.479253 34 139 34
277415.636942 2110689.053875 108.050079 34 139 34
276830.301379 2111150.655151 129.222551 34 139 34
276638.242999 2111098.130339 126.162369 139 69 19
277121.414763 2110986.621802 115.867602 139 69 19
277547.526769 2111455.580186 122.102428 34 139 34
277150.093773 2111494.463555 148.493680 34 139 34
276922.267926 2111298.982876 112.825177 139 69 19
276633.907920 2111166.044603 100.675787 139 69 19
277310.558452 2111113.240701 103.551311 139 69 19
276844.433209 2110833.517148 96.641813 34 139 34
276818.524605 2111034.970196 137.211665 34 139 34
277662.283845 2111274.031085 118.440147 34 139 34
277297.522051 2110970.195024 89.039715 139 69 19
277052.222305 2111287.980819 110.841281 139 69 19
277375.537516 2110849.388543 110.601918 34 139 34
276657.988197 2111333.222891 132.783534 34 139 34
276958.952424 2111596.983118 144.321926 139 69 19
277235.686782 2110932.905585 92.942369 139 69 19
276914.091881 2111412.008854 131.002738 139 69 19
277609.944219 2110996.143789 95.994363 139 69 19
277220.123004 2111727.413544 127.031683 139 69 19
277138.880264 2111565.063627 129.990381 34 139 34
277202.990424 2111000.543787 107.807611 34 139 34
277045.603697 2111551.452006 123.869019 139 69 19
277393.701821 2111451.446455 128.754318 139 69 19
277315.343071 2111479.612020 135.990839 34 139 34
277311.264850 2111687.470855 131.036478 139 69 19
277208.815409 2111826.481423 135.472001 34 139 34
277005.461706 2110771.808136 98.643059 34 139 34
277364.636838 2110593.912436 81.595188 139 69 19
276766.761896 2111455.604611 130.186828 139 69 19
277239.867671 2111470.743772 136.008200 139 69 19
277854.834917 2111294.146093 113.592956 139 69 19
277018.734890 2110711.832174 82.566932 34 139 34
277307.785359 2111023.211617 103.616264 34 139 34
276727.460805 2111052.456920 104.188292 34 139 34
276974.389202 2111288.208252 117.957626 34 139 34
277078.010461 2110607.526969 77.278823 139 69 19
276871.608679 2110780.880102 99.639010 139 69 19
277054.488680 2111139.239861 91.078227 34 139 34
277676.222726 2111387.490474 101.385383 34 139 34
277052.476079 2111431.362135 119.685173 34 139 34
277070.202286 2111529.373075 117.200874 139 69 19
277233.945798 2111314.387244 131.558157 34 139 34
276566.793957 2111264.049158 119.276275 34 139 34
277456.934577 2111220.146507 96.893087 139 69 19
277437.849263 2111512.083497 105.917077 34 139 34
277385.965928 2111633.310207 147.205219 139 69 19
277285.298384 2111653.715080 118.568396 34 139 34
277370.876178 2111361.218430 116.346788 139 69 19
277897.475304 2111278.470334 114.503511 139 69 19
277220.568177 2110634.177862 74.570149 34 139 34
277540.681148 2111468.368538 122.949069 139 69 19
277389.635162 2111065.461883 93.835563 34 139 34
276857.535451 2110824.985030 94.408970 34 139 34
277235.288813 2110970.990196 91.917977 34 139 34
277542.248325 2110926.273886 97.616652 139 69 19
276724.770393 2111171.371213 136.145594 139 69 19
277413.852611 2111564.569544 149.811749 139 69 19
277803.806842 2111183.873100 95.502939 34 139 34
276670.184830 2111324.068728 117.471653 34 139 34
277348.534864 2111230.578701 112.035949 34 139 34
277043.217187 2111069.811265 102.995477 139 69 19
276995.109013 2111239.230993 117.297526 34 139 34
277737.596746 2111173.163887 75.161945 139 69 19
277284.704755 2111097.170007 113.206204 34 139 34
277205.153512 2111351.937089 111.551031 139 69 19
277078.095185 2110954.005180 120.160558 34 139 34
276962.992921 2110730.197905 92.317612 139 69 19
277440.448352 2111101.843527 85.749667 139 69 19
276861.001990 2111589.547259 146.005118 34 139 34
277178.565254 2111364.298681 113.763448 139 69 19
276966.135850 2111723.704699 139.074357 34 139 34
277304.766816 2111221.617378 100.642437 139 69 19
276945.776775 2111349.918837 105.385527 34 139 34
277386.462674 2110786.001612 88.874552 139 69 19
277179.031460 2111877.080604 156.754607 34 139 34
277140.518847 2110780.754995 79.380829 34 139 34
277176.886399 2111080.086460 92.420338 139 69 19
277344.844500 2110820.000938 88.505154 139 69 19
277534.434761 2111127.379441 96.514711 139 69 19
277740.062147 2111367.785773 103.036173 34 139 34
277542.870213 2111206.938476 115.909880 34 139 34
276832.769463 2111527.368397 133.549953 139 69 19
277054.284078 2111148.761015 86.503112 34 139 34
276967.702620 2110865.075017 100.875103 139 69 19
277236.347970 2111128.287756 82.564670 139 69 19
277301.802469 2111367.813430 113.380765 34 139 34
276756.420056 2111073.951754 113.493570 139 69 19
277171.976013 2111656.746113 147.573024 139 69 19
277191.327789 2111685.991488 128.654179 34 139 34
276831.088510 2110839.391137 95.130752 34 139 34
277116.539629 2111492.787452 126.151563 34 139 34
277327.201748 2111213.540650 112.346363 139 69 19
276897.140453 2111547.118676 134.622596 34 139 34
277765.557311 2111018.018519 95.355662 139 69 19
276943.008430 2110756.406281 95.070070 139 69 19
277384.378395 2110857.586422 100.570149 34 139 34
277710.354536 2111179.576945 106.430045 139 69 19
276948.431132 2111285.592694 104.416220 139 69 19
277511.489216 2111535.897144 116.963975 34 139 34
277624.508982 2111480.550418 122.541954 34 139 34
277182.889437 2110552.433333 92.159961 34 139 34
277453.438313 2111679.662512 143.398516 139 69 19
277384.385388 2111398.761609 111.062586 34 139 34
277692.721319 2111107.975685 99.658677 34 139 34
276539.788171 2111167.481868 127.944311 34 139 34
277576.860442 2111506.643421 119.717840 139 69 19
277158.462327 2111545.603683 143.219077 34 139 34
277267.844085 2111152.291757 115.005171 34 139 34
276978.197316 2111022.191536 112.392583 34 139 34
277241.060682 2110445.207899 79.143507 34 139 34
277201.167071 2110866.557717 91.898322 139 69 19
276802.842000 2111423.451429 123.477470 34 139 34
277840.004816 2111319.997418 97.818675 34 139 34
276980.074860 2111297.801712 135.582667 34 139 34
277709.635886 2111332.504531 99.267408 139 69 19
277237.757647 2110755.753578 99.628289 139 69 19
277184.692490 2110482.287317 68.505866 34 139 34
277404.026382 2111358.976598 99.411995 139 69 19
277355.514694 2110593.076865 82.369856 34 139 34
276943.891215 2111699.878125 135.038710 139 69 19
277538.884887 2111356.451478 130.113690 34 139 34
277770.312541 2111043.883519 90.622552 34 139 34
276577.597877 2111233.192740 117.172589 139 69 19
277312.496078 2110543.603232 83.052031 139 69 19
277758.196908 2111051.735219 111.131711 34 139 34
277303.907338 2110657.033282 72.573274 34 139 34
277072.521539 2110987.437164 94.834041 139 69 19
276916.150762 2110906.891680 112.519204 34 139 34
277423.102642 2111103.131541 100.697477 139 69 19
277226.839654 2111173.454961 86.749035 139 69 19
276835.950689 2111438.702971 128.477997 34 139 34
277544.543056 2110833.398125 95.149511 34 139 34
277145.598094 2110969.432733 93.344253 139 69 19
276731.933567 2111328.668051 118.391755 34 139 34
277094.354253 2111168.335223 104.390700 34 139 34
277227.406320 2111009.214474 100.066600 34 139 34
277423.929498 2110800.033976 99.720975 34 139 34
277526.358508 2111461.218090 115.852648 34 139 34
277233.465212 2111009.422402 118.177515 34 139 34
276972.534602 2111437.608149 111.232765 34 139 34
276546.363660 2111087.865269 108.805523 139 69 19
276539.594552 2111199.928483 115.703707 34 139 34
276681.219423 2111249.312715 118.317153 34 139 34
277325.417019 2110965.772838 85.151597 34 139 34
277487.477374 2111504.583529 140.598144 139 69 19
277235.546932 2111635.758865 136.495617 34 139 34
277540.390894 2111256.939494 110.864003 139 69 19
277529.900959 2111028.694384 95.405244 34 139 34
277546.182611 2110899.141642 112.033273 139 69 19
277489.038094 2110844.714943 85.138426 34 139 34
277343.581873 2111159.344098 126.478208 34 139 34
277258.393545 2110554.236406 82.157529 139 69 19
277341.648254 2111630.440161 142.223847 139 69 19
277144.405689 2111005.980213 106.449310 34 139 34
277215.099889 2110867.809582 78.665173 34 139 34
277399.848058 2111114.820769 97.201910 34 139 34
276662.813769 2111298.322313 104.012775 139 69 19
276584.128847 2111221.724834 114.718844 34 139 34
276650.122753 2111352.983592 130.713018 139 69 19
277223.063257 2111285.292198 122.688947 139 69 19
277448.065356 2111257.010131 98.733211 139 69 19
277608.275087 2111193.282571 94.520359 139 69 19
277257.660087 2111266.218681 109.894886 139 69 19
277402.479093 2110648.160149 77.883706 139 69 19
277379.510422 2111517.750138 126.391213 34 139 34
276753.742723 2111029.442267 99.238908 139 69 19
277402.114002 2111353.194617 109.228807 139 69 19
277023.329301 2111015.599912 97.177923 139 69 19
277131.880298 2111258.320707 114.663287 34 139 34
277658.511974 2110984.145541 81.788247 139 69 19
276970.845406 2111186.469225 124.711363 34 139 34
277183.481403 2111742.194506 146.300941 34 139 34
277410.783170 2111264.854280 125.642878 139 69 19
277285.937946 2111629.024454 114.814246 34 139 34
276925.658979 2111038.651987 130.345278 34 139 34
277145.223631 2111438.476300 117.640995 139 69 19
277178.684495 2110618.961827 86.426244 34 139 34
277157.102625 2111026.497834 125.419264 139 69 19
277638.852733 2111354.802048 108.528243 139 69 19
277398.167372 2111459.660890 116.674486 139 69 19
276951.209847 2110987.968091 80.973582 139 69 19
277319.610259 2111072.012983 111.293193 34 139 34
277455.983183 2110942.373642 79.693503 139 69 19
277127.829712 2111175.181492 106.946984 139 69 19
276977.261104 2111513.449685 125.140086 139 69 19
277683.971097 2111135.748288 88.399157 139 69 19
277210.726160 2110693.947676 84.568660 34 139 34
277294.976263 2110811.480900 91.287446 139 69 19
277251.292993 2110717.399132 70.844791 34 139 34
277548.284013 2111523.270642 111.708447 139 69 19
277204.584324 2111838.460972 125.872990 34 139 34
277440.891179 2111359.115285 109.887115 139 69 19
276646.216135 2111377.670599 140.790974 34 139 34
277003.540621 2110789.097247 71.512220 139 69 19
277535.209178 2111489.823394 105.755809 139 69 19
277745.292492 2111295.285308 104.152354 139 69 19
277019.736870 2111595.568578 114.377108 34 139 34
276992.307111 2110710.966667 66.644632 34 139 34
277657.473929 2111148.678674 90.241352 34 139 34
277561.583874 2111439.762677 123.940862 139 69 19
277017.877545 2111256.383254 105.869064 139 69 19
277219.657644 2110652.471766 78.398109 139 69 19
276561.146600 2111118.194357 114.271994 139 69 19
277538.602566 2110835.676948 95.290491 139 69 19
277500.168255 2111621.969519 134.623764 34 139 34
276954.152005 2111161.846292 103.135456 34 139 34
276966.745850 2111266.811918 110.615330 139 69 19
277341.613259 2111097.144869 95.916875 139 69 19
276812.763741 2111554.165901 132.900129 139 69 19
276636.469798 2111356.688210 123.576344 139 69 19
277163.399756 2111535.080686 131.383841 34 139 34
277360.400523 2110615.577625 84.650466 139 69 19
277588.896197 2110900.945121 107.975655 34 139 34
277701.151992 2111186.503078 108.888027 34 139 34
277451.446992 2110920.394357 92.656327 139 69 19
276667.475646 2111381.843560 119.019542 139 69 19
276789.541160 2111521.698669 134.188079 34 139 34
277066.885456 2111491.099627 114.804770 139 69 19
276939.429384 2111561.365305 128.425066 34 139 34
277929.121558 2111248.055086 96.273928 139 69 19
277439.362421 2111649.483043 143.080544 34 139 34
276861.327468 2111090.868513 110.325882 34 139 34
276509.319162 2111157.089270 120.580636 34 139 34
277126.317206 2111841.630397 127.403847 139 69 19
277302.128159 2110801.073252 95.726173 139 69 19
277374.056712 2111731.032557 118.979280 139 69 19
277164.759394 2111823.782104 131.855915 139 69 19
277106.589902 2110740.102146 88.995185 34 139 34
277053.464423 2111199.528228 103.990130 34 139 34
276494.095015 2111138.660677 122.587153 34 139 34
277501.245086 2111081.010011 97.294688 34 139 34
277492.445800 2110800.805157 85.242057 139 69 19
277143.494812 2110569.596727 70.011248 139 69 19
276903.650004 2111031.828475 123.372499 139 69 19
277454.058239 2111294.037244 99.009086 139 69 19
277170.414588 2110794.371897 88.881043 34 139 34
277120.031275 2111520.145167 125.905289 34 139 34
276896.032141 2111011.952409 93.780847 34 139 34
277185.562448 2111774.233298 133.011966 34 139 34
277724.907552 2111208.895171 100.916563 139 69 19
277350.881331 2111582.283648 119.505291 139 69 19
277341.650984 2110840.854573 90.352777 139 69 19
277351.473926 2110591.277282 51.882562 34 139 34
277674.926366 2110990.543889 76.624057 139 69 19
277385.741274 2110759.034245 89.041975 34 139 34
277882.879114 2111278.681617 118.436416 34 139 34
277723.229715 2110996.436592 81.400891 34 139 34
276988.131740 2111029.729027 116.244466 34 139 34
277166.183594 2110843.733347 90.096594 34 139 34
277330.924939 2111445.632816 119.138864 139 69 19
276888.958848 2111540.893814 116.033228 34 139 34
277103.281111 2110964.305753 99.917734 34 139 34
277664.982412 2110934.614702 104.439629 34 139 34
277588.723673 2111396.136188 102.029911 139 69 19
277117.672733 2111196.112956 107.154187 34 139 34
277038.323563 2111669.888206 136.371637 139 69 19
277095.985426 2111090.124550 101.796388 34 139 34
277381.871337 2111457.127670 124.498504 139 69 19
277220.856200 2111694.274086 128.319147 34 139 34
277352.678706 2111425.149392 115.771097 34 139 34
277291.061714 2111267.768298 87.190586 34 139 34
276648.436570 2111013.362317 103.588984 139 69 19
276697.262527 2111226.697033 113.350356 139 69 19
277218.926713 2110748.158856 82.136241 34 139 34
276910.637816 2110860.647121 82.591660 34 139 34
276910.704221 2110991.728666 107.105631 34 139 34
277647.462806 2111344.561644 98.133714 34 139 34
277209.524169 2111423.985938 99.362956 34 139 34
277144.802421 2111766.873691 127.972677 139 69 19
277216.781814 2110805.297513 105.150927 139 69 19
277605.607557 2111174.319777 122.786372 139 69 19
276497.081315 2111166.242215 106.700369 34 139 34
277212.461409 2111870.891812 150.046210 34 139 34
277005.354616 2110975.462311 119.941295 34 139 34
277435.394193 2110708.706631 102.099583 34 139 34
277492.229340 2111038.629364 91.308104 139 69 19
277160.249345 2110613.689060 82.244742 139 69 19
276834.114047 2111059.598619 97.019489 139 69 19
277043.073315 2110619.756475 88.463918 139 69 19
277121.478846 2111205.528339 124.505101 34 139 34
276663.906138 2111290.187117 133.907355 139 69 19
276463.557164 2111127.696291 119.762641 34 139 34
276952.490212 2110837.587267 72.950405 139 69 19
277167.145384 2110628.314301 90.198672 34 139 34
277063.620543 2110627.105717 108.409271 139 69 19
276828.729708 2110837.220383 111.515472 139 69 19
277545.979679 2111123.913372 94.032615 34 139 34
277773.059559 2111230.402188 109.871773 34 139 34
277713.793556 2111207.404077 108.789316 34 139 34
276889.772253 2110820.982980 78.477592 34 139 34
277250.217442 2110976.672221 85.996876 139 69 19
277454.573010 2110696.040895 92.203851 139 69 19
277195.942417 2111281.965497 116.402864 34 139 34
277230.128161 2111254.662866 122.792559 139 69 19
277159.243314 2111584.584888 124.257359 34 139 34
277174.697511 2111452.662371 122.170086 139 69 19
276698.210112 2110918.445778 89.099191 34 139 34
277290.558162 2111075.051790 105.541289 139 69 19
276692.621135 2111395.282013 130.321644 34 139 34
277185.255157 2110798.356127 95.494227 139 69 19
277310.851155 2111339.135709 113.723548 139 69 19
276922.268276 2111322.528868 114.927677 139 69 19
276809.288560 2111355.909151 127.051439 34 139 34
277188.948414 2110913.220475 97.566509 139 69 19
276770.446442 2111257.456797 130.290556 34 139 34
277515.449347 2110919.776268 88.787380 34 139 34
277476.474645 2111223.317947 102.500463 34 139 34
276811.417559 2111331.281550 135.164974 34 139 34
277811.384805 2111085.241610 108.486402 139 69 19
276727.149242 2111088.328895 110.807497 34 139 34
277679.478093 2111460.542249 97.990551 34 139 34
277247.642682 2110613.970875 66.266818 34 139 34
276864.874727 2111555.589258 145.280093 34 139 34
277419.052354 2111125.268029 103.533382 34 139 34
276920.591867 2111113.809387 90.562551 139 69 19
277442.590078 2110834.886174 105.636258 139 69 19
277121.547620 2110594.510021 76.261073 139 69 19
276756.158187 2111332.346497 135.210168 139 69 19
277105.718284 2111232.347675 109.161208 34 139 34
277224.757507 2110510.120285 88.732975 139 69 19
277081.237638 2111853.896376 135.182393 139 69 19
276711.296528 2111389.347013 126.028582 34 139 34
277102.841482 2110879.097978 83.476530 139 69 19
277102.800569 2110705.753922 73.080203 139 69 19
277660.525827 2111423.856201 98.705146 139 69 19
277815.214017 2111146.998506 95.765450 139 69 19
277586.899420 2111125.694453 114.011913 34 139 34
276891.569085 2111190.213849 128.037590 139 69 19
277187.042535 2111158.129378 105.471774 139 69 19
276858.997099 2111568.667195 119.077751 139 69 19
277271.425789 2110752.671221 94.946721 34 139 34
277080.769615 2111434.361204 135.996086 139 69 19
277140.129352 2111303.596969 119.314890 34 139 34
277165.474919 2111264.043148 115.686402 139 69 19
277025.989708 2110945.791987 106.740908 34 139 34
277382.762134 2110846.233727 101.139880 34 139 34
277388.448368 2110732.484697 99.649062 34 139 34
277655.702710 2110969.411841 95.254775 34 139 34
277252.428107 2111639.618946 149.427302 139 69 19
277027.761987 2110856.704870 87.245481 34 139 34
276874.371920 2110892.085221 100.461127 34 139 34
277545.255260 2110999.259962 86.092561 139 69 19
277422.163418 2111642.956506 135.894839 34 139 34
277164.629241 2110977.909866 122.904424 139 69 19
276814.699444 2110942.111920 89.723895 34 139 34
277035.840954 2110914.237745 91.984359 34 139 34
277341.431605 2111714.089822 127.785479 34 139 34
277591.798360 2110996.630618 94.676760 139 69 19
276738.957575 2111191.176642 113.512830 34 139 34
276700.966745 2111431.014197 123.811568 34 139 34
277086.973550 2110627.364274 83.459464 139 69 19
276903.599597 2111079.154749 122.507214 139 69 19
277023.540556 2110727.915084 83.684818 34 139 34
276814.588321 2111363.047848 104.047744 139 69 19
277118.684344 2111014.534775 100.456447 139 69 19
276638.445003 2111308.234092 131.845205 34 139 34
277562.059500 2111579.465081 132.267602 34 139 34
276868.528495 2111599.251781 129.129270 139 69 19
277525.663475 2110742.930919 92.362847 34 139 34
276759.955970 2111230.357134 102.867319 139 69 19
277457.451515 2111655.386987 148.964820 139 69 19
276654.323763 2111035.205055 118.665896 139 69 19
277288.202308 2111008.824908 103.609321 34 139 34
276828.908595 2111454.843700 133.909156 34 139 34
277306.874560 2111645.129360 131.743532 139 69 19
277285.838513 2111161.403756 86.303866 139 69 19
277571.700913 2111090.591782 71.672714 34 139 34
276905.411246 2111629.454135 129.178989 139 69 19
277231.949062 2111769.293893 124.945380 139 69 19
277062.654207 2111408.657407 115.755023 34 139 34
277465.462700 2111291.954265 109.429455 34 139 34
276959.992843 2110711.071931 80.528823 34 139 34
277343.177427 2110616.475762 75.968723 34 139 34
277750.982809 2111214.893959 108.664443 34 139 34
276919.283510 2111657.129651 134.739331 139 69 19
277363.499838 2111718.603962 120.556168 34 139 34
277845.653647 2111242.464034 108.543341 34 139 34
276801.421274 2110986.810710 123.669895 34 139 34
277218.797436 2111364.254149 126.488995 139 69 19
277012.595257 2111475.329097 138.942142 139 69 19
276951.302294 2111014.548417 105.039864 139 69 19
277274.648872 2111387.046360 128.308163 139 69 19
277104.358958 2110877.265583 103.679890 139 69 19
277586.942358 2111226.967816 104.916377 139 69 19
277145.703715 2111066.495674 89.583682 34 139 34
277558.660636 2111533.794583 97.710712 139 69 19
277771.975997 2111329.199611 102.114550 34 139 34
277408.245253 2110620.506927 81.858920 34 139 34
277502.254627 2110723.399030 68.638437 34 139 34
277024.554523 2111330.909508 120.411005 34 139 34
277461.993079 2111456.739772 104.890165 34 139 34
277822.167225 2111297.767101 117.624647 139 69 19
276873.691809 2111247.776365 140.686522 34 139 34
276813.611355 2111041.271702 107.196984 34 139 34
276498.019745 2111134.516478 119.129463 139 69 19
277356.236244 2111754.469948 123.637465 34 139 34
277086.637345 2111371.436823 127.615771 34 139 34
277394.417722 2110791.944723 87.126828 139 69 19
276754.675327 2111198.689614 129.030159 139 69 19
276919.993910 2110927.980464 92.384098 34 139 34
277044.984076 2111340.001785 122.423282 139 69 19
276667.675425 2111368.736435 110.956735 139 69 19
277228.954467 2110966.490369 90.510017 139 69 19
277117.552954 2111818.243662 136.262927 139 69 19
276819.956176 2111332.392875 111.341765 139 69 19
277252.317677 2110541.621537 70.634271 139 69 19
276669.532253 2111035.993639 96.528432 139 69 19
277343.841709 2111151.336902 109.245455 139 69 19
277174.428110 2110776.986439 81.124493 139 69 19
277269.571314 2111039.083813 86.721012 139 69 19
277092.220528 2110625.949131 91.630498 34 139 34
277011.283413 2111188.326531 111.898641 139 69 19
277507.782162 2111563.048118 120.125845 34 139 34
277160.783916 2111123.428017 111.175521 34 139 34
277326.011596 2111672.376807 133.276092 34 139 34
277109.048163 2111322.167105 127.176616 139 69 19
277799.901351 2111115.001220 88.809971 34 139 34
277101.249739 2110732.305552 83.602085 34 139 34
277388.467359 2111249.780535 113.948699 139 69 19
277254.632056 2110932.256454 97.342950 34 139 34
276892.009973 2110761.140216 96.921571 34 139 34
277323.663930 2111612.545542 118.833188 34 139 34
276621.540187 2111035.198959 131.760776 34 139 34
277084.964731 2110910.817465 116.184076 139 69 19
277142.099145 2111857.665714 122.358370 34 139 34
276706.145141 2111442.367011 139.476532 139 69 19
277258.546247 2110968.092760 88.690746 139 69 19
277318.347531 2111226.164197 112.145186 139 69 19
277115.090669 2110936.446860 104.179890 139 69 19
277865.884056 2111216.722557 108.708614 34 139 34
277247.799783 2111835.950416 146.444621 34 139 34
277168.282877 2110488.060698 75.890953 34 139 34
277011.146553 2111705.372663 139.562491 34 139 34
277385.934607 2110735.286462 95.327284 34 139 34
277323.217764 2110663.687596 77.957435 34 139 34
277124.160656 2111486.825509 124.629121 34 139 34
276933.317491 2110914.924929 92.088593 34 139 34
277070.078941 2111321.768332 116.247092 34 139 34
276880.404055 2110865.913956 103.476275 34 139 34
277095.896690 2111186.628490 104.646913 139 69 19
277087.300957 2111282.531410 115.883080 139 69 19
277106.184607 2111072.884296 111.209306 34 139 34
276619.090800 2111044.521447 108.577733 34 139 34
277229.227695 2111878.638392 158.284174 139 69 19
277429.014265 2111180.323133 110.796507 139 69 19
277019.212391 2111564.023423 137.219903 139 69 19
277304.634967 2111275.875986 113.321510 139 69 19
277336.452474 2111004.816179 102.636368 139 69 19
276897.164919 2111567.503943 150.683865 139 69 19
277237.849383 2111465.962292 112.249888 34 139 34
277156.095988 2111129.634137 90.643207 139 69 19
276704.515749 2110919.538273 101.259314 139 69 19
277511.128958 2111176.424913 121.810135 34 139 34
277034.113788 2111241.175158 109.854802 139 69 19
277235.237493 2110428.193720 74.711246 139 69 19
277450.066515 2111230.177915 124.505694 139 69 19
277206.130726 2111634.753638 125.414647 34 139 34
277001.439840 2110866.317499 88.528550 139 69 19
276859.114853 2111541.087521 125.598326 139 69 19
276952.542527 2111532.928499 140.277546 139 69 19
276771.204588 2111447.542527 135.442214 139 69 19
277254.461263 2111521.242611 128.914828 139 69 19
277325.502431 2111150.026779 119.218357 139 69 19
276973.136574 2111584.440343 132.495037 34 139 34
277496.446221 2111632.186314 118.595797 34 139 34
277327.197860 2111611.517832 128.444215 34 139 34
277446.516662 2111146.005893 98.967769 139 69 19
276626.919098 2110977.826155 117.700866 139 69 19
277029.444878 2111220.715673 122.194883 139 69 19
277024.246446 2111264.407697 110.081607 34 139 34
276851.479459 2111588.109415 138.897362 34 139 34
276826.602606 2111321.789014 106.923550 139 69 19
277301.157091 2111507.201027 110.779332 139 69 19
276801.040306 2111080.838802 108.342604 139 69 19
277645.638964 2111001.906424 100.605415 139 69 19
276997.778635 2111672.808334 125.330884 139 69 19
277258.886176 2111651.457152 147.502070 34 139 34
276770.502017 2111239.239800 128.646737 139 69 19
276674.466076 2111047.993097 113.264609 139 69 19
277114.923868 2111420.093970 113.625158 34 139 34
277492.002813 2110846.027569 74.799686 34 139 34
276738.477379 2110935.779233 105.684937 34 139 34
276949.413526 2111037.508408 88.687522 139 69 19
277099.262719 2111385.107269 113.072571 139 69 19
276642.630761 2110972.485187 100.375618 34 139 34
276734.621676 2111323.783575 138.554034 139 69 19
277909.488723 2111219.205754 111.730075 139 69 19
277209.319622 2110499.062779 58.412695 34 139 34
276964.715029 2111017.584268 119.220195 34 139 34
276831.511396 2110894.498472 113.913558 34 139 34
277538.351420 2110860.058566 96.559042 34 139 34
277016.565344 2111488.650940 132.926836 139 69 19
276959.869419 2110700.974258 85.075669 34 139 34
277317.185240 2111556.883537 124.249296 139 69 19
276932.426562 2111217.616769 131.084121 34 139 34
276810.848627 2110873.250891 87.456462 139 69 19
277084.554969 2111411.278780 144.081818 139 69 19
277112.395394 2111702.056027 143.044685 139 69 19
277177.915357 2110572.984898 63.251301 139 69 19
277005.185900 2111029.545532 95.386855 139 69 19
276771.005320 2110912.383517 109.019102 34 139 34
277081.382171 2111588.842012 129.812702 139 69 19
277138.296949 2111291.568744 101.233249 139 69 19
277387.167684 2111075.241403 96.459220 34 139 34
277122.766689 2111860.243278 143.955100 34 139 34
277522.496220 2111236.982421 102.684088 139 69 19
277419.167831 2110884.951691 107.825309 34 139 34
277583.462804 2111465.191138 103.847259 139 69 19
277326.391338 2111661.039010 148.217719 139 69 19
276877.018829 2111506.552628 150.171441 139 69 19
276891.474712 2111632.906803 119.442197 139 69 19
277231.354116 2110523.696201 92.246726 34 139 34
277629.585026 2111153.685364 99.564041 139 69 19
277788.334749 2111069.106140 93.637937 139 69 19
277125.589963 2111026.975462 121.904381 139 69 19
276871.128923 2110878.072890 106.194281 34 139 34
277167.729718 2111668.615677 113.503354 139 69 19
277249.714550 2111599.017671 129.614453 139 69 19
277418.007469 2111317.806849 112.426212 34 139 34
277122.639179 2111358.083630 114.505099 139 69 19
277039.771543 2111020.757620 112.391572 139 69 19
277439.392984 2111329.837431 129.921767 34 139 34
276954.525408 2110867.421878 89.490280 139 69 19
277165.715954 2111157.410217 125.198601 34 139 34
277207.170849 2110920.877929 111.050884 139 69 19
277169.168125 2110759.751375 89.266452 34 139 34
277280.115533 2110984.081900 95.719599 139 69 19
277133.861882 2110621.084957 98.051001 139 69 19
277236.787051 2111168.139997 105.977738 139 69 19
277428.323098 2111145.338027 117.630376 139 69 19
277086.136144 2110785.601281 91.188393 34 139 34
277329.697188 2110564.900326 92.591275 34 139 34
277310.843172 2111529.257018 128.751634 34 139 34
277377.033139 2111314.930131 128.460394 34 139 34
276813.084876 2110943.289294 112.048847 34 139 34
277004.758063 2110696.326770 83.929149 139 69 19
277526.383849 2111143.020738 97.198205 34 139 34
276538.571352 2111049.812105 115.277020 139 69 19
276890.460984 2110997.559367 94.945018 34 139 34
276861.964201 2111256.192752 127.064927 139 69 19
276822.579162 2111507.595904 117.363247 139 69 19
277808.293794 2111290.884950 102.196483 34 139 34
277273.960080 2110630.862195 90.884926 34 139 34
277652.425389 2111012.939083 61.787162 139 69 19
277040.677909 2110770.266393 85.162123 34 139 34
277031.828688 2111738.721589 133.477904 34 139 34
277158.408332 2110892.910091 97.844023 34 139 34
277153.142134 2110836.207748 94.831357 34 139 34
277570.515073 2111275.218842 109.575350 34 139 34
277335.360047 2110632.117096 87.154616 139 69 19
277418.284343 2111568.542470 120.742681 139 69 19
277091.567236 2110798.717913 105.295620 34 139 34
276976.763691 2110947.772273 87.932054 139 69 19
276590.077494 2111289.878089 121.512271 34 139 34
276991.844215 2110976.539428 111.551560 139 69 19
277372.947366 2110762.407887 75.348355 34 139 34
276480.165726 2111147.123325 122.011965 34 139 34
276902.326047 2110762.838971 106.310330 139 69 19
277350.907953 2111543.173609 124.986918 139 69 19
277252.545223 2110849.672761 105.455792 139 69 19
277450.917257 2111360.094485 112.956086 34 139 34
277098.620505 2111057.443922 113.137931 34 139 34
277078.001004 2111526.811836 133.647328 34 139 34
277550.876716 2111499.674851 115.106024 139 69 19
277152.202612 2110947.511396 96.046063 34 139 34
276966.538724 2111107.293626 114.141314 139 69 19
277666.339059 2111051.085240 103.873997 139 69 19
276982.429088 2110926.938442 113.909946 139 69 19
277343.017972 2111243.179165 109.219917 139 69 19
277659.307383 2111013.122347 80.947381 34 139 34
277299.747828 2111808.744646 142.316716 139 69 19
276933.224201 2111663.505784 134.293890 34 139 34
276652.039733 2111109.351050 89.535925 34 139 34
277443.623189 2111193.679606 114.070234 34 139 34
276934.622754 2111446.410651 139.638696 139 69 19
277587.535477 2111030.265544 54.587208 34 139 34
277617.192636 2111046.708388 76.612801 139 69 19
277266.583105 2110616.274352 66.069954 139 69 19
276590.892265 2111028.687614 119.741237 34 139 34
277328.369586 2110704.806657 86.865784 34 139 34
277396.909450 2110622.065319 82.899100 139 69 19
277233.616149 2111450.920025 115.754704 34 139 34
277883.437683 2111243.422346 103.701074 34 139 34
277725.691912 2111389.507430 116.543864 139 69 19
277790.625850 2111244.493850 108.390885 34 139 34
277730.199855 2111156.702920 100.760918 139 69 19
276833.893689 2110998.986450 87.460542 139 69 19
277628.956800 2110896.281220 63.844701 139 69 19
276819.994986 2110888.519768 109.948755 34 139 34
277334.223093 2111118.534205 110.434244 34 139 34
277379.470914 2110882.318824 110.289393 34 139 34
277528.705530 2111580.719380 128.905873 34 139 34
277404.584116 2111488.375345 148.540673 139 69 19
277230.199833 2110682.451319 96.584383 139 69 19
277503.632812 2111157.297448 101.227285 139 69 19
276979.245884 2110854.981800 108.732823 34 139 34
277625.709145 2111218.247388 110.711298 34 139 34
276892.706184 2111611.698444 125.598693 34 139 34
276842.644794 2111342.981880 100.809097 34 139 34
277392.913742 2111627.689639 104.802481 34 139 34
277335.603762 2110720.360601 82.433091 139 69 19
276809.751612 2111181.068618 108.616115 34 139 34
277218.835538 2111013.384438 94.149627 139 69 19
277387.352988 2111447.333637 102.599128 34 139 34
277776.171035 2111116.165366 79.673737 139 69 19
277283.491221 2110496.248455 97.526851 139 69 19
276755.511455 2110973.463216 111.994064 34 139 34
277449.459548 2110908.262083 93.823189 139 69 19
277460.960461 2111216.734462 93.611334 139 69 19
277073.972171 2111485.517921 124.456974 34 139 34
277403.580989 2111368.976970 106.383778 34 139 34
276700.671467 2111227.745722 126.491784 34 139 34
277801.586837 2111353.377558 90.922720 34 139 34
277826.447493 2111164.238704 104.244958 139 69 19
277300.473893 2111812.699945 124.964540 34 139 34
276677.154625 2111243.215506 114.955364 139 69 19
276716.469607 2110893.311841 117.986453 139 69 19
277560.056317 2111233.540294 104.442919 139 69 19
276779.826902 2111294.531814 139.972508 34 139 34
276894.487930 2110993.581817 103.164474 139 69 19
277199.532208 2110881.505235 106.096538 34 139 34
276954.766035 2111640.199215 117.620479 139 69 19
277677.566100 2111412.631273 111.516885 139 69 19
277599.360791 2111121.940679 107.129578 34 139 34
277374.721827 2110832.070574 84.992338 139 69 19
277448.115637 2111098.601020 106.413691 34 139 34
277814.290451 2111121.107557 92.884786 34 139 34
276844.071405 2110868.907457 101.519389 34 139 34
277370.275710 2111697.349620 145.218678 34 139 34
276906.228803 2110877.438252 105.824544 139 69 19
277039.258071 2110801.945809 89.348347 34 139 34
277568.717309 2111395.073296 115.255655 34 139 34
277092.317631 2111551.949361 115.377515 34 139 34
276954.162536 2111195.427074 115.505563 139 69 19
277195.123864 2111350.278932 121.593595 139 69 19
277417.662687 2111557.223304 128.707426 139 69 19
276723.360935 2111249.071667 115.301358 139 69 19
276971.871217 2111297.307467 127.134432 34 139 34
277822.744030 2111256.951765 103.729143 34 139 34
277265.674568 2111410.270691 99.345743 139 69 19
277059.420776 2111540.546677 114.519455 34 139 34
276957.051974 2110996.192369 99.836207 34 139 34
277578.452577 2111337.315036 115.991484 34 139 34
277305.674856 2110617.513323 109.498714 139 69 19
277160.514168 2110891.951530 105.773363 139 69 19
277362.510080 2111040.176818 103.564836 139 69 19
277853.301670 2111138.587367 90.986575 34 139 34
277012.575979 2111045.447955 89.107893 34 139 34
277481.243187 2111218.862091 111.561527 139 69 19
277834.242215 2111178.469021 111.566496 34 139 34
277297.978241 2111075.999094 99.044249 139 69 19
277257.739900 2111632.580924 144.762331 34 139 34
277203.468562 2111307.744258 129.572380 34 139 34
277290.173940 2111022.446336 105.034890 139 69 19
277501.931766 2111166.383272 84.194175 139 69 19
276691.142001 2111164.949062 122.271082 139 69 19
277015.494242 2111410.531391 124.716729 139 69 19
277410.775052 2111615.805986 131.598495 34 139 34
276756.354177 2111383.528199 135.855420 139 69 19
277128.230027 2111609.726981 121.640179 34 139 34
277016.140067 2111095.544778 109.759677 139 69 19
277372.568804 2111751.385446 141.778536 34 139 34
277205.205694 2110892.666743 89.823196 139 69 19
277746.472268 2111326.588123 86.605771 34 139 34
276847.286763 2111415.720623 130.924301 34 139 34
276972.116312 2111146.256091 109.856729 34 139 34
276985.010779 2110986.666866 98.061024 34 139 34
277026.683401 2111537.170087 121.269160 139 69 19
277388.089306 2111559.586907 107.760244 139 69 19
277221.383302 2111680.714601 129.437325 139 69 19
277489.906835 2111542.469921 127.212015 139 69 19
276556.128981 2111192.182290 99.490113 34 139 34
277110.053201 2111582.469272 114.103544 34 139 34
276999.181913 2111733.344542 143.627876 34 139 34
276661.648250 2111181.125924 132.136200 139 69 19
277327.369306 2111282.861014 122.192673 139 69 19
276769.847798 2111028.083373 105.858588 34 139 34
276904.549771 2111205.534617 112.199428 34 139 34
277032.616371 2111020.069158 97.207886 139 69 19
277691.781490 2111450.593909 120.010007 139 69 19
277459.663047 2111172.095163 92.002976 34 139 34
277814.175513 2111129.965161 97.112303 139 69 19
276446.884427 2111135.677534 116.704305 139 69 19
277313.361516 2111340.724946 84.956381 139 69 19
277191.914129 2111351.423908 117.486809 34 139 34
276911.709486 2111541.202945 135.659456 139 69 19
276838.288115 2111163.811642 117.179777 34 139 34
276803.239773 2111484.936505 115.865135 34 139 34
277605.376686 2111048.460679 94.470502 139 69 19
276779.758564 2111220.417239 121.236485 139 69 19
277138.465540 2110594.450934 100.751582 139 69 19
277442.341685 2111016.169609 93.076540 34 139 34
277269.592139 2111393.604969 128.889268 139 69 19
277040.594957 2110679.416957 94.232035 34 139 34
277343.056575 2111453.106620 113.331069 139 69 19
277120.123064 2111707.455215 129.627536 34 139 34
276776.613999 2111181.774686 113.327596 34 139 34
277095.200758 2111048.284434 118.420293 34 139 34
276846.700762 2111276.956356 124.674663 139 69 19
277320.562361 2110521.697714 82.263872 139 69 19
276958.729195 2111486.960353 126.495154 139 69 19
277126.641129 2110848.640054 80.710488 34 139 34
277128.613118 2111791.469872 148.506278 139 69 19
277030.437901 2110777.216912 88.201480 34 139 34
277244.108367 2111592.019790 134.331777 139 69 19
277422.143639 2111584.064942 126.612312 139 69 19
277222.480853 2110587.801668 91.687780 34 139 34
276763.187325 2111431.938229 121.345186 34 139 34
276482.193348 2111169.352848 89.415354 34 139 34
277165.935631 2110628.759943 112.034117 139 69 19
277111.061941 2110819.995576 90.887268 34 139 34
277431.776194 2111488.486975 120.257965 139 69 19
277561.223220 2111461.428623 98.610816 139 69 19
277307.404117 2110771.979353 124.286065 139 69 19
277005.097559 2111542.004833 126.197312 139 69 19
277057.476564 2111479.954914 145.706356 34 139 34
276814.071300 2110820.324284 98.987669 34 139 34
276913.553113 2110829.080927 86.744615 139 69 19
277589.455119 2111115.540413 103.652355 34 139 34
276978.452663 2110859.967932 101.445894 139 69 19
277776.865798 2111290.176991 95.220440 34 139 34
277220.411648 2111306.498075 119.817104 34 139 34
277059.092842 2111514.899084 133.610779 139 69 19
276735.522601 2111185.369203 122.257456 34 139 34
276942.069672 2111479.906682 128.465035 139 69 19
277609.098567 2111201.549742 79.121518 139 69 19
277333.947555 2110757.330765 104.391954 139 69 19
276484.907357 2111187.861893 132.926551 34 139 34
276955.056956 2110721.202998 81.503951 34 139 34
277029.929991 2111737.622086 131.721748 139 69 19
277125.318360 2111188.379635 110.069598 139 69 19
277240.649174 2111250.743178 117.083072 34 139 34
277206.574805 2110797.769541 97.226776 139 69 19
276479.807417 2111132.775088 105.431084 139 69 19
276676.464295 2110926.613332 128.846988 139 69 19
277743.587196 2111287.387328 107.960741 139 69 19
277223.217019 2111674.970175 138.176583 34 139 34
277735.683829 2111253.098983 100.702369 139 69 19
276748.561085 2111459.414340 133.906734 139 69 19
276835.676166 2111034.069975 104.802046 34 139 34
277377.713634 2110919.031172 104.389142 34 139 34
276704.739299 2111039.518334 115.727972 34 139 34
277008.409623 2111782.028514 123.846862 34 139 34
277769.091956 2111236.013105 120.177659 34 139 34
277515.457807 2111060.004541 107.221520 139 69 19
277150.401625 2111709.134603 127.438446 139 69 19
277443.411729 2111591.606452 114.425187 139 69 19
277640.765366 2111416.359315 123.139318 139 69 19
277633.697090 2111091.808806 96.567664 34 139 34
276971.155885 2110901.388536 96.274937 34 139 34
277260.179437 2110933.517944 85.561410 139 69 19
276975.231354 2111569.389849 132.006323 34 139 34
277654.456598 2111166.283675 90.139338 34 139 34
277855.047255 2111235.100573 110.799540 34 139 34
276972.816811 2111640.828594 132.321531 139 69 19
277209.604395 2111789.332658 133.269327 139 69 19
277084.169163 2110873.055793 121.073105 139 69 19
277682.754793 2111091.502888 119.345222 139 69 19
276785.208626 2111478.939928 153.205623 139 69 19
277100.220838 2111056.659944 97.433879 34 139 34
277307.848644 2111106.444349 114.796947 34 139 34
277388.826249 2111642.430863 113.110641 34 139 34
276650.181272 2111158.186355 136.293835 139 69 19
277578.575587 2111270.368056 119.602619 139 69 19
276835.762945 2111252.441172 122.884920 139 69 19
277293.989534 2111165.588868 100.619354 139 69 19
277381.788546 2111528.220988 119.656274 34 139 34
277395.672450 2110740.968015 109.529706 139 69 19
276764.868665 2111464.686162 139.539977 34 139 34
276809.602919 2110843.072163 95.346595 139 69 19
277508.121166 2111517.836764 124.140402 34 139 34
277299.246731 2111364.683472 114.091031 34 139 34
277607.767520 2110855.101618 101.740749 139 69 19
277699.144733 2111004.110073 92.335069 139 69 19
276634.724360 2111309.623129 127.498929 139 69 19
277130.047776 2110991.048013 91.735777 139 69 19
277125.148521 2111704.835524 131.104263 34 139 34
277854.863816 2111239.861726 103.993990 139 69 19
277498.601901 2111594.050526 127.651545 139 69 19
276926.856688 2111548.649407 121.465184 34 139 34
277232.267064 2110790.454249 99.728022 139 69 19
277284.161290 2110483.934364 77.350303 139 69 19
277217.183184 2111137.983706 132.654747 139 69 19
277150.962442 2111861.718134 137.541337 34 139 34
277204.643063 2111354.821178 106.912020 139 69 19
277597.578232 2111450.772901 115.546775 34 139 34
277107.888212 2110847.251638 101.975504 139 69 19
277190.843035 2111265.463651 122.839243 139 69 19
277478.634237 2111041.423618 108.715759 34 139 34
276750.850778 2111387.287523 110.782498 139 69 19
276759.514075 2110935.627885 93.388352 139 69 19
276850.241831 2110806.437701 90.971104 34 139 34
277398.627116 2110812.074966 82.205052 34 139 34
277620.246391 2111282.149977 96.601311 139 69 19
277037.846988 2111104.736353 116.948258 34 139 34
277302.351079 2111664.534896 112.239353 34 139 34
276883.758807 2110856.523345 115.736894 34 139 34
276855.007038 2111115.982964 111.251651 34 139 34
276745.369909 2111486.011375 131.930775 34 139 34
276904.151539 2110833.143793 105.596392 34 139 34
277465.027815 2111561.127002 117.801665 139 69 19
277609.649181 2111385.511519 96.401237 34 139 34
276628.614176 2111155.089724 121.383918 139 69 19
277090.930751 2110910.598687 89.644180 139 69 19
277471.305658 2110931.789637 96.228350 34 139 34
277355.504898 2111303.101664 118.621370 34 139 34
276978.721913 2111316.538632 111.348218 34 139 34
276733.400744 2111181.617797 97.528787 34 139 34
277295.074128 2110585.668189 69.131816 139 69 19
277244.022684 2110828.118174 77.628470 139 69 19
277291.541901 2111763.118124 138.009796 139 69 19
277805.753290 2111284.855966 101.449588 34 139 34
276747.389670 2111384.668462 136.556800 139 69 19
276482.123860 2111117.366120 113.257350 34 139 34
276913.051377 2110803.297556 116.944481 139 69 19
277090.932113 2111442.932625 143.693464 139 69 19
276805.117209 2111218.400826 110.840000 34 139 34
277562.480813 2111294.171474 120.843547 34 139 34
276922.721805 2111341.684990 126.885516 34 139 34
277332.071801 2111731.933644 127.551747 139 69 19
277465.938796 2111146.766499 95.085695 34 139 34
277111.097527 2111002.760082 101.763947 34 139 34
276688.008348 2111005.358608 110.432144 139 69 19
277367.348361 2111313.127687 120.120508 139 69 19
277332.741210 2111015.779612 108.063302 139 69 19
277098.040779 2111834.936790 158.830623 139 69 19
276707.174878 2111331.195764 125.391785 34 139 34
277240.353825 2111404.437920 109.155400 34 139 34
277145.244957 2110891.248686 92.054948 34 139 34
277307.097609 2111496.316672 115.453502 139 69 19
277334.281338 2111048.040377 94.836537 139 69 19
276822.161676 2110984.796632 111.155640 34 139 34
277163.968112 2110700.203939 89.722925 34 139 34
276897.848574 2111073.689156 126.424601 139 69 19
277474.129393 2110693.784915 79.904226 139 69 19
277167.863827 2110967.819400 86.671760 139 69 19
277238.589035 2111187.939380 122.558794 139 69 19
276658.409248 2111266.364102 138.018802 139 69 19
277729.491119 2111307.871386 117.180583 139 69 19
277082.073275 2111462.920496 117.811251 139 69 19
276713.615927 2111377.335392 112.688654 34 139 34
277393.599740 2111285.282146 119.545036 139 69 19
277173.144021 2111116.078995 110.929014 139 69 19
277451.160079 2111400.131056 125.585047 139 69 19
277158.606163 2111670.998866 137.467852 139 69 19
277449.805955 2111160.104309 106.053740 34 139 34
277851.117938 2111210.245501 109.272528 34 139 34
276842.952802 2111296.570439 114.998981 34 139 34
276799.454395 2111020.983235 115.191378 34 139 34
277290.614736 2111519.924588 123.222287 139 69 19
277107.150493 2110910.933836 99.213696 139 69 19
277326.713594 2111339.898706 116.648027 139 69 19
277301.555352 2111352.896902 106.150051 139 69 19
276579.875242 2111197.491358 118.319941 139 69 19
277010.679642 2110777.372107 98.364608 34 139 34
277324.372730 2111797.050215 140.855011 139 69 19
277297.620563 2111430.391134 115.873665 139 69 19
277620.274390 2110993.614851 71.528126 139 69 19
277674.655037 2111320.292519 112.220037 139 69 19
277032.788251 2111264.309625 111.638951 139 69 19
277509.121260 2111213.476619 100.368749 34 139 34
277170.457280 2111656.246586 131.040664 34 139 34
276557.092208 2111131.399402 116.391681 34 139 34
277279.181483 2111474.383011 121.172612 139 69 19
276913.307600 2111348.435275 129.413108 34 139 34
277605.465687 2111426.189389 110.097452 139 69 19
277153.441659 2111050.429658 116.583470 139 69 19
277306.098662 2111580.634320 133.201192 139 69 19
277025.278021 2111360.802290 135.906495 34 139 34
277050.124011 2111081.707436 122.052455 34 139 34
277130.042093 2110688.227075 84.078826 139 69 19
277203.501852 2110636.249473 83.347097 34 139 34
277240.229998 2111188.217573 119.055601 34 139 34
277267.524734 2111316.821416 118.761390 139 69 19
277329.378546 2110669.546322 62.481057 34 139 34
277240.456826 2110802.965528 111.001903 34 139 34
277092.554399 2110848.061892 86.956448 34 139 34
277568.942245 2111090.305527 105.145634 139 69 19
276910.750311 2111345.870745 131.581863 139 69 19
277625.167539 2111497.133141 116.585930 34 139 34
277688.145862 2110936.271726 86.956034 139 69 19
277096.284804 2111385.339984 139.410382 139 69 19
277535.178009 2111513.314013 117.698655 139 69 19
277018.445364 2111302.694893 115.896814 34 139 34
276633.825232 2111197.629551 119.295617 139 69 19
277494.887545 2111564.086559 128.774786 34 139 34
277070.250494 2111280.393049 123.505657 139 69 19
277354.501318 2110801.426142 87.458875 139 69 19
277101.459740 2111134.398084 121.551669 34 139 34
276980.107861 2111292.664501 100.961226 34 139 34
277348.135354 2110798.732471 101.453987 34 139 34
277164.575056 2111922.924239 156.229262 139 69 19
277240.555284 2111393.252841 111.261276 34 139 34
277344.617180 2111340.767634 133.174993 34 139 34
277445.909680 2110886.349553 95.425640 34 139 34
276784.294986 2110870.082680 91.211008 34 139 34
277609.500318 2111001.932472 80.798842 34 139 34
276746.955227 2110971.082941 113.314466 34 139 34
277177.179767 2110572.731490 98.376686 139 69 19
277304.381878 2111555.877240 115.934050 139 69 19
276690.411457 2110991.034909 92.992416 139 69 19
277157.055778 2110698.258419 71.830446 34 139 34
277109.767974 2111576.499714 138.356524 34 139 34
277022.372951 2111393.737995 112.166563 139 69 19
276723.950081 2111159.753501 113.247997 34 139 34
276877.353389 2111233.879933 136.427309 34 139 34
277399.976524 2111481.997722 127.904929 139 69 19
277133.808566 2110918.624605 113.223580 139 69 19
277618.004372 2111320.430206 118.093076 139 69 19
277153.584214 2110604.295403 99.177011 139 69 19
277062.006827 2111572.093289 109.854557 34 139 34
277208.558541 2110502.849679 65.135402 34 139 34
277479.202655 2111621.900307 129.269025 139 69 19
276687.518061 2111318.731625 132.669014 34 139 34
277209.828735 2110940.125581 92.733345 34 139 34
277121.802254 2111560.782310 145.475493 139 69 19
276691.910103 2110916.754309 110.384544 139 69 19
276943.907191 2110686.063701 81.900034 34 139 34
277179.318015 2110715.491873 109.279546 139 69 19
276728.239016 2111403.975544 147.596997 139 69 19
276781.641835 2111134.522828 131.716020 139 69 19
277340.510851 2110896.820371 89.241756 34 139 34
276959.824548 2111643.159506 147.334639 34 139 34
277880.913876 2111275.995635 109.443400 34 139 34
277862.512249 2111157.327578 83.773061 139 69 19
277001.728275 2111295.785555 129.069682 34 139 34
276759.387106 2111503.458662 148.785109 34 139 34
277415.304237 2111133.761384 112.360857 34 139 34
276626.411714 2111077.108518 99.395911 34 139 34
277454.684915 2110986.598845 110.755009 139 69 19
277032.062537 2111313.777006 112.521625 139 69 19
276915.714010 2111302.354558 115.081410 34 139 34
276596.186716 2111319.397851 127.466875 139 69 19
277155.176514 2110805.481577 81.911646 139 69 19
276764.360866 2111250.762368 116.719690 34 139 34
277120.368683 2111547.951918 133.792135 139 69 19
277209.028417 2111545.756208 131.162300 139 69 19
277298.252412 2110513.035072 72.203512 139 69 19
276814.008891 2111458.002522 131.405108 139 69 19
277521.048473 2111076.516902 122.634166 34 139 34
276714.937167 2111373.103882 132.954029 34 139 34
277801.570534 2111121.768128 116.818395 139 69 19
277530.579642 2110953.375850 102.183721 34 139 34
277066.561511 2110953.199232 99.695504 139 69 19
277189.249047 2111455.710641 129.662673 34 139 34
277027.065182 2111504.872566 112.696973 139 69 19
277309.854362 2111502.437140 124.413759 139 69 19
277125.827424 2111705.100086 146.589417 139 69 19
277426.350154 2111658.363012 143.827374 34 139 34
277844.084254 2111142.296171 106.736021 139 69 19
277072.047381 2110960.900309 75.885531 34 139 34
276652.073963 2110986.946324 106.483624 139 69 19
277064.268271 2111417.142927 125.965738 34 139 34
277304.633737 2110627.782616 81.906187 139 69 19
276508.135390 2111185.636185 116.443475 34 139 34
277184.850883 2111130.133807 105.197680 34 139 34
277097.475692 2111388.071520 120.377513 34 139 34
276556.442868 2111227.823809 124.653052 139 69 19
276976.332803 2111426.541876 120.414415 139 69 19
277320.300447 2110832.290792 96.216502 139 69 19
277040.731592 2110757.512957 74.231787 139 69 19
277807.581684 2111060.941500 91.506209 139 69 19
277012.261790 2110890.558458 95.034367 34 139 34
277192.868081 2111363.045409 126.999241 34 139 34
277023.764083 2111178.307441 119.599236 139 69 19
277006.904320 2110707.825998 74.968891 139 69 19
277135.625013 2110566.859967 107.471336 139 69 19
277253.945607 2111512.461313 106.243015 34 139 34
277692.527773 2111173.391654 99.210665 34 139 34
276835.084158 2111579.820231 147.623809 139 69 19
276550.457127 2111188.319452 122.693636 34 139 34
276705.658493 2111230.136964 126.761032 34 139 34
276678.758592 2111359.743226 114.237138 139 69 19
277226.818287 2111829.074362 138.139897 34 139 34
276750.601774 2111005.783712 125.143352 34 139 34
277372.508706 2110774.483968 85.604336 139 69 19
277266.629201 2111345.405294 107.922984 139 69 19
277129.416890 2111076.019273 103.479612 34 139 34
277544.672143 2111262.018610 78.145562 34 139 34
277035.993626 2111357.053526 107.201223 34 139 34
277466.255182 2111379.633018 114.320342 139 69 19
277143.177433 2111187.911726 107.651749 139 69 19
277319.486670 2111202.291268 121.787547 34 139 34
277461.876230 2111500.731885 112.413818 139 69 19
277337.651862 2110574.073346 92.053338 34 139 34
276664.372240 2111397.139437 140.991888 34 139 34
277058.873094 2110595.107349 106.691966 34 139 34
276770.460026 2110941.869507 110.212184 34 139 34
277523.179972 2110788.381272 78.014630 34 139 34
276955.421716 2111107.122977 108.063221 34 139 34
276966.225592 2110939.810552 107.247129 34 139 34
277481.035711 2111445.897392 112.786019 139 69 19
276733.518696 2110882.366011 115.433780 139 69 19
277445.255131 2111280.997469 110.344340 34 139 34
277708.005086 2111166.951868 102.823341 34 139 34
277872.508259 2111147.425729 87.521465 34 139 34
277535.376522 2110790.782205 94.080623 34 139 34
277160.241270 2111549.306876 131.747330 139 69 19
277516.065987 2111332.667984 121.198079 34 139 34
277209.445130 2111308.187091 106.378675 34 139 34
277310.328446 2110948.595100 87.847889 139 69 19
277220.971724 2110512.272173 70.147890 34 139 34
277308.297877 2111694.910505 130.212773 139 69 19
277350.650841 2111320.553849 107.980033 34 139 34
277697.118292 2111171.468347 103.566342 139 69 19
277886.818301 2111269.101571 81.582098 139 69 19
276702.968957 2111352.794772 123.973773 34 139 34
276913.338882 2110925.836361 111.242433 34 139 34
277357.664146 2111251.358662 130.138409 139 69 19
276905.255588 2111549.676769 132.630404 34 139 34
277334.469763 2110986.323833 112.315069 139 69 19
276947.192360 2111645.331854 134.315877 34 139 34
276781.813442 2111285.895376 118.557169 34 139 34
277340.590422 2111375.932551 102.566082 34 139 34
276753.694247 2111413.172577 122.704685 34 139 34
276935.199909 2111609.314215 141.617985 139 69 19
276683.170970 2111046.056051 105.767705 139 69 19
277151.535137 2111478.845253 131.549968 139 69 19
277488.218420 2111029.596091 100.016628 34 139 34
277194.655309 2111264.436595 128.532983 34 139 34
276880.714601 2111436.684925 136.630075 139 69 19
277458.414667 2111138.870077 106.281704 34 139 34
277405.182212 2111551.209839 122.362526 34 139 34
277399.213788 2111398.971086 118.165047 34 139 34
276882.022763 2110819.750169 85.169763 34 139 34
276866.065506 2111581.760353 126.952373 139 69 19
277020.341745 2110618.608844 61.221581 34 139 34
276611.882529 2111164.473079 109.513152 34 139 34
276972.713703 2111069.597476 108.284388 34 139 34
276757.393980 2111308.454686 127.764769 34 139 34
277668.580715 2111252.248301 117.480244 34 139 34
276921.009458 2111680.771175 131.742611 139 69 19
276556.640232 2111155.924931 124.530801 34 139 34
277530.982986 2110930.737275 123.893540 34 139 34
277083.676965 2110952.599648 110.786346 34 139 34
276968.711387 2111613.528979 147.426050 139 69 19
276882.223497 2110968.125748 94.739010 139 69 19
277154.593612 2111043.848748 114.115986 139 69 19
277291.721485 2111607.767159 125.896334 139 69 19
277460.349143 2110923.662567 113.093146 139 69 19
276565.977555 2111217.591898 138.361386 139 69 19
277065.069024 2110676.490106 101.229127 34 139 34
277486.026915 2111210.343444 101.039508 139 69 19
277446.938247 2110722.998616 74.597323 139 69 19
276853.898776 2110875.900391 116.234818 34 139 34
276880.896002 2111604.594507 141.796439 139 69 19
276859.629839 2110996.964667 131.301953 34 139 34
276926.612320 2111305.565784 140.752565 34 139 34
277247.559797 2111375.972042 129.486119 139 69 19
277051.268319 2111674.711570 120.716569 139 69 19
276679.623857 2111237.935903 131.662901 139 69 19
277385.040237 2110965.886835 74.439229 34 139 34
277071.708338 2111515.824902 129.921833 139 69 19
276742.716514 2111151.885623 92.344477 34 139 34
277498.971559 2111541.691862 130.758636 34 139 34
277135.067990 2111248.169124 119.280994 34 139 34
277377.556555 2111480.654771 121.755077 139 69 19
277181.607791 2110661.596116 85.644747 34 139 34
276930.046741 2111077.881925 99.835302 34 139 34
277441.857734 2110760.899857 93.279064 139 69 19
276841.129918 2110998.753419 101.701897 34 139 34
277128.429083 2110657.595345 89.601662 139 69 19
277053.844005 2111511.259000 115.652284 34 139 34
277648.898257 2111402.479359 110.800801 34 139 34
276992.178722 2110851.861136 100.997153 139 69 19
276666.304136 2111015.093393 116.264468 34 139 34
276977.437166 2111474.139869 115.084925 139 69 19
276884.213808 2111319.190789 124.193328 34 139 34
277187.463073 2110825.568421 96.314377 34 139 34
277224.000707 2111044.521385 91.820903 34 139 34
277669.200752 2111020.834091 79.020042 34 139 34
277117.570010 2111296.592968 119.484478 34 139 34
277880.721492 2111266.745631 114.547674 139 69 19
277752.862212 2111098.715821 107.913318 139 69 19
277952.955481 2111224.129417 89.896567 139 69 19
277735.812123 2111013.718739 86.522854 139 69 19
277179.878207 2111299.600016 123.661784 34 139 34
277781.995003 2111196.764903 114.417036 139 69 19
277646.760273 2111057.202288 97.122311 139 69 19
276972.660585 2110764.153765 91.537908 34 139 34
277159.650659 2111175.239720 132.412090 34 139 34
277175.794429 2111199.335160 117.256143 139 69 19
277096.601170 2111645.319297 137.210093 139 69 19
277022.904697 2111053.682268 119.947179 34 139 34
277168.907513 2110594.285656 84.930844 139 69 19
277390.004830 2110898.980926 88.212458 139 69 19
277395.015248 2110885.093323 86.576066 34 139 34
277460.133835 2111060.279956 98.472642 34 139 34
277334.192299 2110704.632412 79.422685 139 69 19
277345.765036 2111725.260995 155.232195 139 69 19
277021.065594 2111200.645661 114.028652 34 139 34
276984.498627 2111604.258881 127.843354 139 69 19
277456.193104 2110913.631956 94.618172 139 69 19
277646.783117 2111433.194259 123.895720 139 69 19
277656.131909 2110902.328399 86.686679 139 69 19
277403.040170 2111520.571527 125.130132 34 139 34
277566.073554 2111470.811854 109.187182 139 69 19
276579.249860 2111157.869283 121.857904 139 69 19
276778.118235 2111306.627683 117.978685 34 139 34
276643.891921 2110996.954957 107.369520 139 69 19
276518.310497 2111201.639698 125.511349 34 139 34
277763.842573 2111303.593518 120.648896 139 69 19
276515.224369 2111127.082166 119.573468 139 69 19
277639.267677 2111435.701160 107.531851 139 69 19
277529.721165 2111561.877936 129.208343 34 139 34
277440.714731 2110738.790395 77.517755 139 69 19
277191.987793 2111150.623111 105.832104 139 69 19
276601.378788 2111207.737369 114.547638 34 139 34
276737.834981 2111215.140204 116.100279 34 139 34
277609.337248 2111121.119774 102.240889 34 139 34
277184.239306 2111771.926145 134.904392 139 69 19
276957.758853 2111673.630863 128.877958 139 69 19
277502.914712 2110995.995314 98.464466 34 139 34
276543.820655 2111168.988924 98.602489 139 69 19
277316.076416 2111160.315377 88.052532 139 69 19
276852.226060 2111100.378655 104.159772 34 139 34
276941.177097 2110791.578409 102.291574 34 139 34
277521.352834 2110954.215854 98.366711 139 69 19
276967.982155 2111333.590511 129.312658 139 69 19
277680.870381 2111237.745110 94.696227 34 139 34
277439.289065 2111515.592564 116.215997 139 69 19
277319.522057 2111340.523489 127.084184 139 69 19
277829.493268 2111276.175589 85.439006 139 69 19
277580.667466 2111229.819607 110.337170 139 69 19
277697.761250 2111432.887320 99.928535 139 69 19
277341.185786 2111045.761704 98.098188 139 69 19
276894.604764 2111017.528573 124.007943 139 69 19
276806.729600 2111367.366847 111.621503 34 139 34
277264.286403 2110964.070066 91.545877 139 69 19
277136.123298 2111810.390299 124.391238 139 69 19
277185.461822 2111289.706742 113.439666 34 139 34
277190.860384 2111126.917411 102.112873 139 69 19
277124.493182 2111224.516258 113.571773 139 69 19
276874.482390 2111379.338981 124.382566 139 69 19
276869.109287 2111280.825299 102.661787 139 69 19
277415.108177 2111568.460724 120.020648 34 139 34
277148.093064 2111835.942142 141.920352 34 139 34
276650.622174 2111288.260389 126.162318 139 69 19
277412.124275 2111478.945324 123.800012 34 139 34
277810.160502 2111104.906915 88.900783 34 139 34
277149.836827 2111902.001343 153.628778 34 139 34
277533.209351 2111049.689307 90.477030 139 69 19
277580.404072 2110840.329029 92.316161 139 69 19
276993.187421 2110947.839175 121.182164 34 139 34
277081.258600 2110884.002702 100.198536 34 139 34
277311.596089 2111197.972661 130.229453 139 69 19
276607.734564 2111094.010313 129.902211 139 69 19
277648.744786 2111292.777743 98.600811 34 139 34
277284.024753 2110844.207907 91.851003 34 139 34
277018.417817 2110866.636460 87.349396 34 139 34
277303.585589 2110532.228682 86.778558 34 139 34
277327.938634 2111026.779617 84.734122 139 69 19
277246.353497 2110466.470833 81.406610 139 69 19
277051.012201 2111784.631407 158.652690 139 69 19
277243.140261 2111229.683734 117.081129 34 139 34
277206.997675 2110786.288488 81.311842 34 139 34
276692.423906 2111055.080887 109.502850 139 69 19
277822.169914 2111157.213634 89.991590 139 69 19
277277.780933 2111262.741735 116.880566 139 69 19
277867.416935 2111296.521913 121.277732 139 69 19
276576.987782 2111298.605137 143.846593 139 69 19
277153.286327 2111027.436453 106.644858 139 69 19
277044.319833 2110927.689374 92.772285 139 69 19
276980.466841 2111312.039784 108.433431 139 69 19
276882.909154 2111176.691265 111.044069 139 69 19
277431.806613 2111482.251872 133.095098 34 139 34
277249.884955 2110795.458359 87.679399 139 69 19
277090.230996 2111567.953004 148.100519 34 139 34
277187.458188 2110685.915108 72.001321 139 69 19
276995.056316 2111580.597680 126.038342 139 69 19
277175.851343 2110773.684700 104.308872 139 69 19
277275.261557 2111245.541529 98.517741 34 139 34
277245.767881 2111271.937584 105.051057 139 69 19
277511.974713 2111463.468379 130.430084 139 69 19
277150.864584 2111936.309670 149.846008 139 69 19
277706.055714 2111342.018445 115.627672 139 69 19
277309.613236 2110592.200996 89.314282 139 69 19
276898.467380 2111136.460394 116.114706 139 69 19
277274.262624 2111444.722526 118.576338 34 139 34
277431.531095 2110887.965178 99.728558 34 139 34
277098.244250 2110915.978024 95.760850 34 139 34
277290.225231 2111768.388580 132.986430 34 139 34
277394.570576 2110759.594085 84.701176 34 139 34
277424.195712 2110880.594926 92.624043 139 69 19
276688.122391 2111119.461390 112.195078 139 69 19
277233.606382 2111301.332419 88.379886 139 69 19
277151.929325 2111734.858887 120.631580 139 69 19
277190.595517 2111542.397023 133.524885 139 69 19
277422.690238 2111455.868940 111.975648 139 69 19
276974.444206 2111602.633461 144.731241 139 69 19
277287.379047 2110553.734149 83.538154 34 139 34
277219.943894 2110709.925638 102.757079 139 69 19
276991.619471 2111361.736997 121.942860 34 139 34
276715.679274 2111279.350747 112.232007 139 69 19
277609.283355 2111456.582389 123.816132 139 69 19
277381.119952 2111386.616047 138.767461 139 69 19
277159.603574 2110841.567883 97.329195 34 139 34
277492.786517 2111430.086467 130.135307 139 69 19
277670.764799 2111233.204735 111.979886 34 139 34
276972.033681 2110931.060608 81.879950 139 69 19
276918.957438 2110882.103931 96.335353 34 139 34
277153.332037 2111316.993156 107.348629 139 69 19
277364.581783 2111381.079526 118.581050 139 69 19
277355.188416 2110553.798769 92.056194 139 69 19
277041.917412 2111566.837484 129.582924 139 69 19
277273.374497 2111744.120469 134.630006 139 69 19
277230.444774 2110718.230542 73.633824 139 69 19
277650.923895 2111472.707344 133.059934 139 69 19
277415.840513 2111533.909678 137.096950 34 139 34
277112.172846 2110653.734467 72.174624 139 69 19
277349.534199 2111495.152036 133.434656 34 139 34
277593.639966 2111157.203837 122.302008 34 139 34
276598.200926 2111063.453816 113.496426 34 139 34
276931.656920 2111239.967749 114.283944 139 69 19
277308.710794 2110673.233110 105.093349 34 139 34
277203.288433 2111030.535403 114.075589 139 69 19
277113.907342 2111772.539842 146.569808 34 139 34
277104.403960 2110653.615101 71.194438 139 69 19
276951.070218 2111194.778289 98.239875 34 139 34
277385.541167 2110891.931397 78.844311 34 139 34
276956.203932 2111602.846892 124.594231 34 139 34
277039.861147 2111689.063242 120.322895 34 139 34
277444.843745 2110826.070160 84.493119 34 139 34
277819.435262 2111183.348977 102.015363 34 139 34
277937.463162 2111198.687544 98.570481 34 139 34
276991.842721 2111465.609102 118.128520 34 139 34
277498.412805 2111071.143028 92.657491 34 139 34
276485.267587 2111128.570926 120.472802 139 69 19
277640.474822 2111364.638485 119.152219 34 139 34
277457.606580 2111137.532357 99.873483 139 69 19
277285.029536 2111099.128587 114.528671 34 139 34
276712.711533 2110902.588597 112.481858 34 139 34
277253.593169 2111781.651974 142.509911 139 69 19
277211.003297 2111479.226520 118.211213 139 69 19
277131.870067 2111701.140731 142.307262 139 69 19
277091.073338 2111675.357990 119.074636 139 69 19
277419.922829 2110631.732211 81.196502 34 139 34
277064.451008 2110637.015528 81.780750 139 69 19
276662.149647 2111129.193178 104.411140 34 139 34
277560.371415 2111458.813812 115.185514 139 69 19
277359.866886 2111718.330738 114.118940 139 69 19
276898.873754 2111240.015612 128.745744 139 69 19
277534.997558 2111071.264957 94.800108 34 139 34
277351.418789 2111138.008715 111.581463 139 69 19
276899.930310 2111556.719895 131.384310 34 139 34
277181.603668 2111732.825895 153.950880 139 69 19
276819.332265 2111032.716688 95.886607 139 69 19
276967.106509 2111627.013249 131.750072 139 69 19
277691.674142 2111163.148773 94.246994 34 139 34
276921.511327 2111278.684306 127.194791 139 69 19
277609.107982 2111054.024173 110.669451 34 139 34
276786.917875 2111400.845875 119.825420 139 69 19
276807.126226 2111114.627337 120.440220 34 139 34
277557.294530 2111308.210313 125.424312 34 139 34
276989.829808 2111144.282076 115.135619 34 139 34
277271.223015 2111081.632361 112.538790 139 69 19
277081.354090 2111678.677238 151.173169 139 69 19
277260.080504 2110609.798982 90.963441 139 69 19
277585.831665 2111330.754369 103.720820 34 139 34
277304.776326 2110954.676972 84.494366 34 139 34
277428.840374 2110800.093247 86.972959 34 139 34
277194.641333 2110493.401664 71.402861 34 139 34
277228.192591 2111505.177629 125.411132 34 139 34
276832.620498 2111399.826236 121.459613 139 69 19
277274.823154 2110541.126864 72.783363 34 139 34
276884.308438 2110987.698076 117.715578 34 139 34
277229.785647 2111299.222612 123.936262 139 69 19
277720.701647 2111041.019582 91.189324 139 69 19
276860.439262 2110871.359705 95.307650 139 69 19
277196.436395 2111035.694284 86.064151 139 69 19
277727.547112 2111431.450404 112.699034 139 69 19
277891.825490 2111219.483821 98.508040 34 139 34
276782.620456 2111225.795667 113.585551 139 69 19
276666.047461 2110938.028045 107.481543 139 69 19
277548.837494 2111418.365289 113.829110 139 69 19
277706.348661 2110974.244694 80.346060 34 139 34
277335.788119 2110970.073233 93.572715 34 139 34
277458.965447 2111571.131329 128.054235 34 139 34
277331.977602 2111094.830523 92.547183 139 69 19
277375.241210 2111307.278130 110.250528 139 69 19
277642.510006 2110993.042498 97.083255 139 69 19
276782.460440 2111324.725505 100.900057 34 139 34
276823.774200 2111246.192249 124.324822 139 69 19
276762.543789 2111466.418565 118.249241 34 139 34
277212.676663 2111645.350338 127.666327 34 139 34
276779.775394 2111024.954471 115.682537 34 139 34
277196.237525 2111790.901837 134.469719 34 139 34
276702.576371 2111291.310038 126.173414 139 69 19
277780.980083 2111288.084125 110.975135 139 69 19
276771.904246 2110891.929596 116.338041 139 69 19
277175.339566 2111107.808098 99.936455 139 69 19
276820.191192 2110818.149634 126.343507 34 139 34
276989.833694 2111672.913056 125.987193 34 139 34
277606.000415 2111348.686146 99.314276 139 69 19
276669.674902 2111324.016822 139.313559 139 69 19
276933.092218 2111112.397321 116.788597 34 139 34
277427.212137 2111356.306106 110.977370 34 139 34
277495.453793 2111639.798290 128.026430 34 139 34
277578.790163 2111356.762080 114.560352 139 69 19
277257.655787 2111507.534304 117.646259 34 139 34
277209.626235 2111257.714153 107.051435 139 69 19
276883.090858 2111606.551716 136.226702 34 139 34
277021.027048 2111775.550253 156.809183 139 69 19
276762.721908 2110982.204147 120.055599 34 139 34
276908.169825 2111467.702060 131.326410 139 69 19
277181.576761 2111028.497167 121.803430 139 69 19
277428.194711 2110727.238213 76.773271 34 139 34
277110.215607 2111735.827783 145.537241 34 139 34
277267.523942 2111644.681647 129.558558 139 69 19
276801.508724 2111235.244142 113.785112 34 139 34
277206.172733 2110875.790262 92.728761 34 139 34
277028.968416 2110802.713576 105.005332 139 69 19
276889.865206 2110859.731498 99.022463 34 139 34
277360.449937 2110906.713470 81.145161 34 139 34
276760.060680 2111280.283258 116.149529 139 69 19
277294.347946 2111664.321125 125.795931 139 69 19
277119.599895 2111172.533250 106.308669 34 139 34
276750.984868 2111364.742509 129.364481 34 139 34
277212.635558 2110553.524462 78.239338 139 69 19
277592.390631 2111101.144540 83.147750 139 69 19
276832.463685 2111377.112027 109.809584 139 69 19
276823.112506 2111072.572540 119.426157 139 69 19
277047.508728 2111037.796792 105.898563 139 69 19
276795.798517 2111027.509291 127.108241 34 139 34
277424.528351 2111128.383757 111.717402 34 139 34
277264.779767 2110670.397800 77.667120 139 69 19
276880.284020 2111409.372391 134.316429 34 139 34
277499.294884 2110778.116796 77.457233 139 69 19
277119.528637 2111698.628906 127.912949 139 69 19
277086.598795 2110598.915596 94.590909 139 69 19
277287.313192 2110523.093525 58.192284 34 139 34
277688.402370 2110949.041553 87.226758 34 139 34
277091.364615 2110864.271753 105.363879 34 139 34
276992.524291 2111253.038219 106.342879 139 69 19
277278.995961 2111252.537651 121.168106 139 69 19
277683.421993 2111383.078974 109.937468 139 69 19
277036.193647 2111483.651054 128.815213 139 69 19
277039.368166 2111306.045209 99.733114 34 139 34
277757.531356 2111350.482348 119.262214 34 139 34
276831.247026 2110835.173921 111.910404 34 139 34
277418.829088 2111569.758835 122.995117 34 139 34
277300.785338 2110763.395757 79.341397 139 69 19
276644.172528 2111282.157280 113.871277 139 69 19
277236.108608 2110824.060706 79.262421 34 139 34
277212.194503 2111321.773750 118.650981 139 69 19
277400.326919 2111140.001622 119.267256 139 69 19
277235.008353 2110549.920146 76.570451 139 69 19
277658.946174 2111457.514909 127.032386 34 139 34
276884.373712 2111451.055644 136.738281 139 69 19
277720.581395 2111085.005701 102.103206 139 69 19
276758.817972 2110946.216153 111.612171 34 139 34
277581.938890 2110976.304116 100.296276 139 69 19
277232.718557 2111347.302216 129.166932 34 139 34
276643.085034 2111333.229945 125.206338 34 139 34
277548.063620 2111020.209036 87.365030 139 69 19
277177.913587 2111898.882516 148.834899 34 139 34
276638.552354 2111278.818698 127.464049 139 69 19
277484.830425 2111320.452686 109.940157 139 69 19
277798.298485 2111243.271354 117.676168 139 69 19
277257.315309 2111687.422947 127.019392 139 69 19
276932.537476 2111071.490060 103.008301 139 69 19
276609.124605 2111288.763792 133.003492 34 139 34
277556.032860 2111527.474858 118.372601 139 69 19
276827.880743 2111336.142513 123.584217 34 139 34
277424.493234 2111276.805460 122.748247 139 69 19
276884.953209 2110860.217418 100.702989 34 139 34
276711.927751 2111408.947240 151.017840 34 139 34
276701.815152 2110952.786405 110.277511 139 69 19
277115.648392 2111076.302517 104.314925 139 69 19
276647.079605 2111214.997020 115.027456 139 69 19
277186.992561 2111372.208165 118.463681 34 139 34
276926.717128 2111161.843217 122.545134 34 139 34
276681.097271 2110932.316093 79.861258 34 139 34
277445.990503 2111285.610814 91.687418 139 69 19
277514.249522 2110859.468300 77.069693 139 69 19
276576.244781 2111020.410101 132.258152 34 139 34
277367.852025 2110762.899425 93.692659 139 69 19
277009.642731 2111425.415835 122.351850 139 69 19
277056.354530 2110780.397007 94.742135 139 69 19
277366.603801 2110633.553314 92.766516 139 69 19
277486.309774 2110831.249848 83.082065 139 69 19
277291.743441 2111212.303192 110.203342 34 139 34
277650.102086 2111149.678049 103.028950 34 139 34
277167.495952 2110999.135178 90.030780 139 69 19
277159.962284 2110786.296481 120.908029 34 139 34
277444.929760 2110912.098297 95.223211 34 139 34
277650.723670 2111245.585382 109.424780 34 139 34
277362.642091 2111668.140108 123.470809 34 139 34
277293.697449 2111358.850639 116.664905 139 69 19
277379.994077 2111619.434002 121.819488 34 139 34
277844.344270 2111135.326747 96.461617 34 139 34
277416.667017 2111042.127363 91.093862 139 69 19
276997.091575 2111378.512849 133.302027 34 139 34
277448.813780 2110938.604451 89.463881 139 69 19
276779.474039 2110891.961137 108.718312 34 139 34
277169.973495 2111754.833673 148.110560 34 139 34
277399.610895 2110694.239825 87.273510 34 139 34
276777.051263 2111297.944899 127.313386 139 69 19
277522.964954 2110831.826824 105.442862 34 139 34
277543.390231 2111111.413408 97.404248 34 139 34
276987.840517 2110835.325855 128.536418 139 69 19
277220.969220 2111888.826491 137.373234 139 69 19
276859.484834 2111577.960764 121.235045 34 139 34
277718.586515 2111005.681164 99.487204 34 139 34
277159.842753 2111779.244906 147.717835 139 69 19
277508.507789 2111154.924283 105.323811 34 139 34
276670.030841 2111180.087243 112.108314 139 69 19
276535.997095 2111140.598882 125.835134 34 139 34
277108.211825 2111259.449761 127.375647 34 139 34
276839.505301 2111187.694508 113.850055 34 139 34
276696.904477 2111228.314868 137.218411 139 69 19
276874.738461 2111248.906023 124.587414 34 139 34
276995.613996 2110854.661409 93.106206 34 139 34
277101.274983 2110956.880864 103.636479 139 69 19
277523.466678 2110788.192592 97.332811 139 69 19
277467.329427 2111395.596956 107.066432 139 69 19
276901.082266 2111444.515734 139.899711 34 139 34
276720.126554 2111008.210298 92.688779 34 139 34
277365.496901 2111609.609507 121.032969 139 69 19
277202.103142 2111576.606307 120.934883 139 69 19
277432.933346 2111344.092383 115.692623 139 69 19
277500.849497 2111545.391948 117.823769 139 69 19
277361.829890 2110979.348006 102.720935 34 139 34
277550.167383 2111562.732678 123.664202 34 139 34
276810.830883 2111298.295130 115.230956 139 69 19
277287.352037 2110639.511653 90.220219 139 69 19
277671.566594 2111195.888963 91.300850 34 139 34
277317.619743 2110974.760056 108.247592 139 69 19
277550.036611 2111569.929337 121.527020 34 139 34
277174.400403 2110600.128299 81.910550 139 69 19
277494.384985 2111208.045288 111.543947 139 69 19
277784.696109 2111362.712803 103.119299 34 139 34
276978.643440 2111444.579615 108.309980 139 69 19
277081.336604 2111329.678948 119.940606 139 69 19
277472.517209 2111240.707256 105.387325 139 69 19
277049.548551 2111764.358776 166.882459 34 139 34
277231.804643 2110531.695308 77.074491 34 139 34
277429.536285 2110751.886027 75.775403 139 69 19
276948.674292 2110721.853185 96.475833 34 139 34
276736.886480 2111210.831195 117.391783 139 69 19
276548.317379 2111130.807014 97.305149 139 69 19
276635.390400 2110998.165439 100.741438 34 139 34
277406.967047 2110928.415609 104.766662 139 69 19
277212.615780 2111063.345547 88.166375 139 69 19
276624.968678 2111238.762291 115.017460 34 139 34
277213.678540 2111007.991988 92.386005 139 69 19
276912.613267 2110953.521889 114.826729 139 69 19
276615.946502 2111309.140394 112.319870 34 139 34
277203.472223 2110828.632944 102.002866 34 139 34
276907.987231 2111605.668816 129.686730 34 139 34
277486.481874 2111435.790004 128.834448 34 139 34
276697.493975 2111205.225912 99.970499 139 69 19
277766.599431 2111108.961064 91.683517 139 69 19
277621.121032 2110908.608962 91.994104 139 69 19
276834.202035 2111317.640897 110.459633 139 69 19
276903.888268 2111328.690589 104.460231 139 69 19
277529.817309 2111528.310866 131.658208 34 139 34
276853.940719 2111227.463044 135.046158 139 69 19
276814.177984 2111015.337288 109.724211 139 69 19
277260.264505 2110897.121164 110.506114 34 139 34
276923.345322 2110799.922802 124.847336 34 139 34
277563.829736 2111426.339578 130.277100 139 69 19
277350.938027 2110981.010147 105.635321 34 139 34
276746.827876 2111489.245874 119.392511 34 139 34
277416.893942 2111353.194651 115.991416 34 139 34
277069.435319 2111397.087030 93.735885 34 139 34
277570.010643 2110990.594277 108.004433 139 69 19
277168.041795 2111173.890811 103.163426 139 69 19
277298.146422 2111552.890670 131.762941 139 69 19
277386.033009 2111126.363609 102.715761 139 69 19
276637.435898 2111336.652750 113.964103 34 139 34
276715.721385 2111438.888279 112.258977 139 69 19
277550.590594 2111195.290294 113.820547 34 139 34
276968.402618 2110819.675447 97.213738 139 69 19
277256.843599 2111028.704834 112.537944 139 69 19
276903.661562 2110824.547355 82.916040 139 69 19
276933.745196 2111609.794518 127.809277 34 139 34
277233.765407 2111778.846652 128.038972 139 69 19
277224.563202 2111848.594042 137.974947 139 69 19
277020.851759 2111249.716764 128.569504 139 69 19
277151.586387 2111707.109574 132.736396 139 69 19
276795.302033 2110849.069117 94.754625 34 139 34
276762.542094 2111373.601616 138.522576 139 69 19
277446.893963 2111272.327351 111.208396 34 139 34
277231.458839 2111358.459978 118.416264 139 69 19
276790.012028 2111354.823229 128.332787 34 139 34
277400.443532 2111512.118838 137.174144 34 139 34
277423.361724 2110948.569720 96.369069 34 139 34
277368.199953 2110799.164534 94.904202 34 139 34
276656.213526 2110948.420452 107.398078 139 69 19
276760.705187 2111441.771924 124.353102 139 69 19
276825.985183 2111409.463500 129.777165 139 69 19
277135.093017 2111123.896488 124.267226 34 139 34
277463.167639 2111073.935107 98.550996 139 69 19
277498.863196 2110734.001405 77.617176 34 139 34
277233.747693 2110713.584606 97.039559 34 139 34
277788.751218 2111124.528980 93.498633 34 139 34
277199.513498 2111774.389307 148.122294 34 139 34
277055.922513 2110962.518545 88.747361 34 139 34
277234.043124 2110962.835539 93.149197 34 139 34
277381.888836 2111457.100612 125.440848 139 69 19
277257.645181 2110707.233383 99.528713 139 69 19
277321.553191 2111630.055156 133.146212 139 69 19
277476.696592 2110771.545966 87.249518 139 69 19
276760.603174 2111099.501782 121.797668 139 69 19
277243.940022 2111860.037822 144.316294 139 69 19
277283.312245 2111758.126451 148.262998 34 139 34
276837.255601 2111582.600490 150.357917 34 139 34
277859.175133 2111144.744037 84.656838 34 139 34
277296.816802 2111338.887957 134.510111 34 139 34
277755.384912 2111315.265677 118.553667 139 69 19
276765.618940 2111164.981977 106.109085 34 139 34
277595.128932 2111389.725837 116.145023 34 139 34
277194.990660 2111575.325718 101.045996 139 69 19
277064.837254 2110890.798087 113.373164 139 69 19
277126.030206 2111526.160553 134.555181 34 139 34
277424.793921 2111096.485779 103.927514 139 69 19
277181.437307 2111802.894309 126.161982 139 69 19
277381.677701 2110977.242099 83.275577 139 69 19
276672.497193 2111384.749346 126.355623 34 139 34
276969.412907 2111659.796640 167.124887 139 69 19
277325.443249 2111314.292129 121.246163 34 139 34
277269.204879 2111827.497518 139.701143 34 139 34
276717.962689 2111285.257589 115.388347 139 69 19
276876.617593 2111106.306308 117.591626 34 139 34
277610.128494 2111190.890466 111.330313 139 69 19
277102.118932 2111715.976501 143.008738 34 139 34
277363.006749 2111368.536361 99.644981 34 139 34
277373.780723 2111307.393529 109.858314 139 69 19
277210.178874 2111794.332591 140.719014 34 139 34
277750.226902 2111167.845963 113.552579 34 139 34
276824.436834 2111126.874417 125.407654 34 139 34
276980.424320 2111125.491259 106.336097 34 139 34
276993.669113 2111138.917622 122.192788 139 69 19
277783.115935 2111138.112709 95.935559 34 139 34
277566.105579 2111016.125109 95.204774 139 69 19
277379.780971 2111192.086362 112.326701 139 69 19
277195.515441 2111016.445334 101.907456 139 69 19
277182.976042 2111510.593073 109.435317 139 69 19
277244.064297 2111726.091001 152.779293 139 69 19
277061.154743 2111180.010050 113.781278 34 139 34
277793.028413 2111152.900146 107.820158 139 69 19
276773.929295 2110969.129638 126.553721 139 69 19
277461.668020 2110920.166638 107.200433 34 139 34
277102.641766 2111288.290606 121.956750 139 69 19
277479.007978 2111159.642711 94.546372 139 69 19
277133.629859 2111599.597700 135.118717 34 139 34
277187.526802 2111781.649162 136.134282 34 139 34
276939.074759 2110866.613253 87.361106 139 69 19
276863.399987 2110772.256240 111.747920 34 139 34
277175.556039 2111774.392815 152.752440 139 69 19
277527.159199 2110980.237427 99.385649 34 139 34
276947.015049 2111264.209699 130.995539 34 139 34
277260.581938 2111793.998957 154.871614 34 139 34
277100.343414 2111667.159826 150.278265 139 69 19
277037.331339 2111385.489468 126.692980 139 69 19
276820.942204 2111121.296337 106.500175 139 69 19
277024.641688 2111715.382006 134.306300 34 139 34
277051.109398 2110614.361309 74.170892 34 139 34
276582.208221 2111135.759313 127.105439 139 69 19
276978.865643 2110699.875672 86.388744 34 139 34
276968.555223 2111322.808768 121.292576 34 139 34
277378.200425 2110959.046887 88.272545 139 69 19
276788.305985 2111337.589197 120.998693 139 69 19
276984.162718 2111117.598191 114.656697 34 139 34
277761.884853 2111215.521093 107.827207 139 69 19
276847.424312 2110945.841231 124.390178 139 69 19
276734.560428 2111324.816727 119.645985 139 69 19
277437.207392 2111212.889204 117.363840 139 69 19
277312.031363 2110736.223016 85.934253 34 139 34
277191.755010 2111886.047381 151.233072 139 69 19
276748.224753 2111223.803171 119.360586 139 69 19
277393.503818 2110991.979055 85.827989 34 139 34
276960.057079 2111509.089290 145.976839 139 69 19
276712.595715 2110910.656208 102.771700 34 139 34
277163.955759 2111938.869992 136.376093 34 139 34
277452.000857 2111198.713767 94.839382 139 69 19
277294.374538 2111714.185886 135.505125 139 69 19
276769.952474 2111461.017931 120.180201 139 69 19
277575.186667 2110978.937046 81.068290 139 69 19
277419.343586 2111486.735747 135.290556 139 69 19
276764.684697 2111489.641823 113.112557 34 139 34
277103.945287 2111840.551920 158.468661 139 69 19
276809.988447 2110971.938795 117.477539 34 139 34
276844.950678 2110810.903219 90.522243 139 69 19
276582.047070 2111016.591303 95.492005 34 139 34
276905.487994 2110980.370494 101.506297 139 69 19
277466.504661 2110747.143007 107.816380 139 69 19
277013.975998 2110855.209665 74.893061 139 69 19
277384.680268 2111699.387919 122.131665 139 69 19
277199.973710 2111750.157641 140.853285 139 69 19
277128.775774 2111328.490432 123.304312 34 139 34
277004.445542 2110952.201643 98.047536 34 139 34
276655.096346 2111324.089283 110.715697 34 139 34
277165.374371 2110897.395277 76.733563 139 69 19
277493.197638 2110974.594880 89.097941 139 69 19
277661.176889 2111199.187224 82.672028 139 69 19
277239.340233 2110443.922771 75.041142 139 69 19
277093.637136 2111852.496486 144.810031 139 69 19
277331.381843 2111226.774219 116.780168 139 69 19
277253.751448 2111761.897118 117.069358 34 139 34
277312.882725 2111513.035818 123.984003 139 69 19
276661.240158 2111248.569480 99.156926 34 139 34
277643.672668 2110956.088893 97.285379 34 139 34
276697.546265 2111223.291343 120.840125 34 139 34
276602.594737 2111262.766649 136.512248 139 69 19
277692.831186 2111290.075438 106.707047 34 139 34
277272.811900 2110906.526131 100.620273 34 139 34
277191.732781 2111484.026234 133.594302 139 69 19
276913.201122 2111225.512607 121.401247 139 69 19
277270.707000 2111688.915166 138.284883 139 69 19
276950.457633 2110941.074058 100.636949 34 139 34
277339.519320 2111077.523806 125.938482 34 139 34
277600.015024 2111156.065373 90.079870 139 69 19
277509.899575 2111563.189577 121.347464 139 69 19
277208.164114 2111674.500222 139.038255 34 139 34
277294.003415 2111551.306703 125.359619 139 69 19
277226.652026 2111032.926100 81.683637 34 139 34
277219.427986 2111679.791404 125.334229 34 139 34
277654.237382 2110960.140061 88.658445 139 69 19
277317.322740 2111476.047147 114.852502 139 69 19
276863.794456 2111251.670883 120.249489 139 69 19
277105.312379 2111164.043718 116.527981 34 139 34
276769.889617 2110985.108304 118.905950 34 139 34
277484.012101 2110716.555084 91.339174 139 69 19
277349.783544 2111310.137595 103.583279 139 69 19
277086.091140 2111158.394797 114.716955 34 139 34
277137.838729 2110547.944938 99.261307 139 69 19
277008.870690 2110968.111241 112.168116 34 139 34
277707.932491 2111035.974224 86.200579 139 69 19
277213.955688 2111765.586710 151.351890 34 139 34
277660.888313 2111220.856946 114.139594 34 139 34
277007.239687 2111499.200230 145.659625 34 139 34
277021.586433 2111607.948021 122.018372 139 69 19
277638.774915 2110971.822865 102.670390 139 69 19
277244.129051 2110968.582237 99.787874 139 69 19
277122.319104 2110709.509851 91.964750 34 139 34
277383.096191 2111008.947135 105.596627 34 139 34
276826.292419 2111498.498421 115.456574 34 139 34
277332.183281 2111629.630697 141.489151 139 69 19
277609.386846 2111348.957910 111.350555 139 69 19
277323.046453 2111281.078607 108.717225 139 69 19
276760.944081 2111454.684898 131.607242 139 69 19
276585.306783 2111166.413911 116.149959 139 69 19
276685.633660 2111326.571265 109.804860 34 139 34
277391.172530 2110703.224454 99.179656 34 139 34
276993.699165 2110835.536312 108.579296 139 69 19
277271.186414 2110950.758170 94.539022 34 139 34
277357.761642 2111539.275860 117.952426 34 139 34
277885.533971 2111159.955137 118.251463 139 69 19
277357.466172 2111477.036704 129.997607 139 69 19
277048.283298 2111592.481438 156.374705 139 69 19
276836.295894 2111268.878300 111.194566 139 69 19
277472.753236 2111455.401708 105.730488 139 69 19
277334.049520 2111446.383192 99.495777 139 69 19
277522.781451 2111200.590809 97.603002 139 69 19
276909.732286 2111011.333307 122.855373 139 69 19
276975.581168 2111332.572960 106.572815 139 69 19
277353.659123 2110897.923682 101.010274 139 69 19
276536.099860 2111147.815023 115.678501 139 69 19
276647.343572 2111087.594955 113.215881 34 139 34
277285.258032 2110656.351156 92.800703 34 139 34
276801.449208 2111154.490396 105.068146 34 139 34
277697.544926 2111446.384348 109.411754 139 69 19
276802.653860 2111035.977316 121.768519 139 69 19
277735.644827 2111338.879383 103.675628 139 69 19
277194.252951 2110498.743454 83.202890 34 139 34
276620.587821 2111326.725475 137.523564 139 69 19
277430.327207 2111063.498853 106.695479 139 69 19
277254.785826 2111620.494216 135.730800 34 139 34
277383.075728 2111266.051843 121.877049 139 69 19
277057.420384 2111766.164912 138.817978 139 69 19
277494.496664 2111354.606879 112.742640 139 69 19
277129.268244 2111071.399112 89.946869 139 69 19
277498.569748 2111237.888889 116.553792 34 139 34
277379.881515 2110882.776282 104.882966 34 139 34
277100.691846 2111194.705745 123.568132 139 69 19
277747.751118 2111107.765793 95.951015 34 139 34
277346.462207 2110733.583937 108.186165 139 69 19
277586.689133 2111349.092278 118.137539 139 69 19
277325.926727 2110948.160072 101.886477 34 139 34
277451.743400 2111204.238920 105.956281 34 139 34
276763.158129 2111503.971275 137.147397 34 139 34
277564.425214 2110888.304067 87.050198 139 69 19
277124.388570 2111118.874885 98.114742 139 69 19
276520.751914 2111180.098548 130.380358 139 69 19
277457.070259 2110775.502305 90.780493 34 139 34
276645.770033 2111354.769998 130.898343 34 139 34
277365.431782 2111078.551120 84.567822 34 139 34
277312.410932 2111404.485884 118.671340 34 139 34
277264.684400 2111443.750588 117.742885 139 69 19
277627.961318 2111207.481917 109.096931 34 139 34
277122.824376 2111241.994569 113.129752 139 69 19
276859.925955 2111391.766655 142.582791 34 139 34
276733.510734 2111216.162113 105.540468 139 69 19
277756.571586 2111174.443413 94.891583 34 139 34
277114.331053 2111313.803311 120.350295 34 139 34
276666.106539 2111298.881965 129.834826 139 69 19
277376.837326 2111361.871483 125.643956 34 139 34
276845.821716 2111400.871694 122.733303 34 139 34
277440.258585 2111253.240721 108.070369 139 69 19
277245.026913 2111392.372428 111.558873 139 69 19
277025.297358 2110881.155901 100.189126 139 69 19
276911.565023 2111582.628648 124.866873 34 139 34
276841.598947 2111051.353098 111.537812 34 139 34
276986.461132 2110940.150606 119.051409 139 69 19
277426.902768 2110667.247362 58.593939 139 69 19
277301.517671 2110792.034543 86.562627 34 139 34
277010.985726 2111765.001009 136.489696 34 139 34
277126.511746 2110605.897433 78.251438 34 139 34
277179.232974 2111764.106987 126.260923 139 69 19
277518.931155 2110793.090806 81.567691 139 69 19
277361.872938 2111706.517033 123.450924 139 69 19
277228.497338 2111020.982389 98.861654 139 69 19
277240.570365 2110583.167562 90.800446 139 69 19
276653.443020 2111309.786059 111.071147 34 139 34
277038.848315 2111199.886754 112.632414 139 69 19
277507.016515 2111606.901144 126.623898 34 139 34
276915.478693 2111517.939034 136.173698 139 69 19
276850.192177 2111434.102446 131.352636 139 69 19
277564.748894 2110885.762892 89.736913 34 139 34
277701.655635 2111154.263802 100.354591 34 139 34
277521.365468 2110800.869270 115.781119 139 69 19
277223.541759 2110943.631068 112.735693 34 139 34
277084.098178 2110758.911671 100.782486 34 139 34
277206.304688 2110598.563998 96.207426 139 69 19
276812.193155 2111508.770429 145.401710 139 69 19
277481.109232 2110717.299862 88.510571 34 139 34
277590.449941 2111193.167455 113.066613 34 139 34
277480.305636 2110873.864566 98.667621 139 69 19
276482.852849 2111162.663732 131.997202 139 69 19
277141.072666 2111811.873323 152.123827 34 139 34
277428.932180 2111670.546241 132.980723 34 139 34
277143.140949 2111493.262201 116.502060 34 139 34
277366.256789 2111046.108210 100.074858 139 69 19
276778.392545 2111514.378339 123.027117 34 139 34
277004.176209 2110879.177681 98.136595 139 69 19
276760.427575 2111064.733372 108.690659 139 69 19
277703.019392 2110943.089133 79.802554 139 69 19
276992.094363 2110844.639529 95.436993 139 69 19
277234.975217 2110627.645118 81.494412 139 69 19
277344.246778 2111263.642057 112.936291 34 139 34
277133.677146 2111266.050111 121.867360 139 69 19
277669.339844 2111279.667863 111.070123 139 69 19
276949.113450 2110958.156029 108.148097 139 69 19
277505.236225 2110752.405830 94.911752 139 69 19
276912.411494 2110781.737441 72.008975 139 69 19
277358.469589 2111135.081256 89.803032 139 69 19
277245.411731 2110695.086642 80.722307 139 69 19
276608.151511 2111260.853836 114.767566 139 69 19
276794.614453 2111277.236008 123.416989 34 139 34
276975.319533 2110748.891543 95.773170 139 69 19
277283.945932 2110683.796563 86.963474 34 139 34
276849.375386 2111270.414993 118.213053 34 139 34
276982.211727 2111526.048152 113.899884 139 69 19
277656.595418 2111236.120673 108.683607 139 69 19
277330.842566 2111404.674103 100.615908 139 69 19
276946.525611 2111168.004513 93.011954 139 69 19
277896.719486 2111246.247549 84.718181 34 139 34
277426.276811 2111484.872939 109.042610 139 69 19
277313.608463 2111767.172417 137.317398 139 69 19
277118.011540 2110984.869084 107.457249 34 139 34
277176.145454 2111118.634581 99.299878 139 69 19
276945.823454 2111563.225920 144.430665 34 139 34
277343.629510 2110929.880666 101.125256 139 69 19
277232.097289 2110662.591931 95.582700 34 139 34
276572.623955 2111246.961987 130.495626 139 69 19
277510.796033 2110884.905885 92.870467 139 69 19
277457.827018 2111626.779558 132.241177 34 139 34
277240.609424 2111005.903395 113.892403 139 69 19
277121.322664 2111379.410711 137.835438 139 69 19
277017.282816 2111245.573051 135.483955 139 69 19
277174.134013 2111693.957122 133.431900 34 139 34
277084.762657 2110972.009173 101.927115 139 69 19
277154.569679 2110623.768922 82.289314 139 69 19
277292.726798 2110557.463909 81.499026 139 69 19
277639.837622 2111065.024595 96.337178 34 139 34
276943.757367 2111568.937830 138.631160 34 139 34
277081.077800 2111480.622094 134.916584 139 69 19
276869.283260 2111475.216744 138.757562 139 69 19
277196.314554 2110616.285370 88.000185 34 139 34
277431.865412 2110961.203187 95.020534 34 139 34
277670.486079 2111068.546662 98.145844 34 139 34
277148.372935 2111902.236902 144.070792 139 69 19
277330.406738 2111225.079880 115.719455 139 69 19
277252.519692 2111301.659987 117.877616 34 139 34
276891.696627 2110750.567592 99.005089 34 139 34
277337.254623 2111667.212885 137.057306 34 139 34
277837.019198 2111331.523984 98.326362 34 139 34
277013.357604 2111150.941503 129.943410 34 139 34
277609.795795 2111192.089360 114.742564 139 69 19
277055.061691 2111581.050532 128.172747 34 139 34
277360.970698 2110592.145166 64.956945 34 139 34
277167.270264 2111665.760842 153.630774 34 139 34
277485.858296 2111154.653544 98.820547 34 139 34
277357.913931 2110790.175570 83.982730 139 69 19
276778.006256 2111458.135771 140.097954 34 139 34
277389.757197 2111579.418668 141.335580 34 139 34
276734.972764 2111391.301355 124.138648 34 139 34
277875.168904 2111282.004794 110.463425 139 69 19
277509.476742 2110777.563046 93.611431 34 139 34
276969.080370 2110972.667017 122.820511 34 139 34
277810.601602 2111269.179420 108.257424 34 139 34
277549.965731 2111302.962343 124.085803 34 139 34
277750.710448 2111117.552645 100.953381 139 69 19
276855.550221 2110945.821736 137.471293 139 69 19
277341.197007 2111408.093696 122.227838 34 139 34
276957.125640 2110763.434231 97.815071 34 139 34
276830.781576 2111184.653983 135.215272 139 69 19
277251.960835 2111471.376207 139.320133 139 69 19
277464.959670 2111090.655120 135.706843 139 69 19
277710.148682 2111407.468908 123.554644 139 69 19
276700.351203 2111119.256874 99.677397 139 69 19
277821.178242 2111072.003240 95.788496 139 69 19
277184.091551 2111281.630437 115.684698 139 69 19
277333.512993 2110826.965216 103.480753 139 69 19
277216.937467 2110637.901176 80.932391 34 139 34
276908.735659 2111095.601815 116.598193 139 69 19
276956.470245 2111712.878697 131.771896 34 139 34
277204.074037 2111732.633187 156.780526 34 139 34
276922.956358 2111038.985949 91.719129 139 69 19
277077.573476 2111421.995258 107.386980 139 69 19
276785.156199 2110845.921021 108.326620 139 69 19
277253.248502 2111318.665647 131.209345 139 69 19
277666.641232 2111231.502753 89.889771 139 69 19
277155.871857 2110829.159309 100.244405 139 69 19
276784.117808 2110995.657962 109.925369 139 69 19
277457.863130 2111370.813929 121.909808 139 69 19
277612.475006 2111311.252753 100.193051 34 139 34
276892.611899 2110869.267961 126.854289 139 69 19
276991.930278 2110914.729461 101.160473 139 69 19
277468.430783 2111146.575296 96.379310 139 69 19
277469.519349 2111617.375106 118.386862 139 69 19
277759.537771 2111017.190181 92.533065 34 139 34
277175.846311 2110603.325118 83.389678 34 139 34
277111.227136 2111414.263700 122.025862 139 69 19
277383.465037 2110843.311004 81.053411 139 69 19
277234.578625 2111146.837122 115.775254 34 139 34
277414.784231 2111621.357662 119.279858 34 139 34
276831.465203 2111034.454974 104.512527 139 69 19
277033.401970 2111331.744404 115.366943 139 69 19
276953.416315 2111599.146819 107.505247 139 69 19
276854.952399 2111375.899596 126.081164 139 69 19
277501.129932 2111049.408073 92.510451 34 139 34
276791.799344 2111408.004009 122.764842 139 69 19
277449.672705 2111151.147222 106.010533 139 69 19
277026.627249 2111104.319032 109.249356 34 139 34
276490.716591 2111137.313150 125.597476 34 139 34
276725.503946 2110960.098034 110.731180 34 139 34
277575.995087 2111443.173031 108.666394 34 139 34
277296.610609 2111024.478985 90.314224 34 139 34
276824.909021 2111169.199407 121.449665 139 69 19
277692.362968 2110927.862768 87.228299 34 139 34
277414.568553 2111564.070105 139.861701 139 69 19
276531.094047 2111200.796989 120.467677 34 139 34
277234.393665 2110510.514634 69.894263 139 69 19
277257.504157 2111137.188611 113.623326 34 139 34
277185.779341 2111749.372738 118.305092 34 139 34
277220.832121 2110810.213671 89.338690 139 69 19
277074.797047 2111719.891004 140.515095 139 69 19
276736.465846 2111423.436469 112.535019 34 139 34
277666.061998 2110981.999497 92.289556 139 69 19
277249.903492 2111419.199137 110.483026 139 69 19
276744.560040 2110978.370579 99.363685 34 139 34
276584.732870 2111056.335052 118.119259 34 139 34
277596.832783 2111537.549225 130.747881 34 139 34
276761.293000 2111099.889113 111.012909 139 69 19
276515.430263 2111187.541056 120.632147 139 69 19
276949.005178 2110769.646397 85.683310 139 69 19
277556.941139 2111112.062911 97.730296 139 69 19
277227.792756 2110681.234904 79.823463 34 139 34
277088.098580 2110845.563456 101.984189 139 69 19
277394.946623 2111438.890832 100.313800 139 69 19
276714.979120 2111359.888239 130.774897 139 69 19
277111.968166 2110811.201646 93.008985 139 69 19
277495.210530 2111160.484243 111.716785 34 139 34
277318.837427 2110906.035147 107.627709 34 139 34
277324.411331 2111422.750338 119.285097 139 69 19
277202.883160 2111524.460528 159.279870 34 139 34
276732.594116 2111313.536719 138.300947 34 139 34
276928.962027 2111341.986456 119.109231 139 69 19
277038.924133 2111599.364719 137.453903 139 69 19
277558.186661 2111351.974393 108.277023 34 139 34
277084.359247 2111047.179773 102.171266 139 69 19
277860.182822 2111305.444110 77.863636 34 139 34
277613.581499 2111098.596653 78.439446 139 69 19
277452.191084 2111365.696860 119.284640 139 69 19
277332.493040 2110823.071582 101.083743 34 139 34
276867.560179 2111095.266862 119.681313 139 69 19
277287.999955 2110508.949822 84.036559 34 139 34
277140.398015 2111471.405879 119.774130 139 69 19
277083.824416 2111299.470739 121.478997 139 69 19
277213.816830 2111731.242691 147.463940 34 139 34
277180.730810 2111432.489397 122.217969 34 139 34
276833.143171 2111263.038209 107.239518 139 69 19
277060.002241 2111576.803690 140.515543 34 139 34
277108.578495 2111248.667475 113.276723 34 139 34
277440.639154 2110741.553498 96.143477 139 69 19
277699.516399 2111213.005041 91.102760 139 69 19
277248.487039 2111144.980908 110.864137 139 69 19
277612.437163 2110942.018155 82.518082 139 69 19
277210.068366 2111823.327825 127.106725 139 69 19
277287.588441 2111046.822289 112.407194 139 69 19
277241.215835 2111379.923702 116.342351 139 69 19
277162.356901 2111238.995273 127.688728 34 139 34
277403.807114 2111138.314465 90.545047 34 139 34
276875.436888 2111000.432518 121.584423 34 139 34
277516.150784 2111241.265016 131.333820 139 69 19
277395.324266 2111400.081965 134.842561 34 139 34
277293.416990 2111427.346972 143.400698 34 139 34
277599.437549 2111216.830002 102.024600 34 139 34
277318.733103 2110691.464824 80.645176 34 139 34
277038.869016 2111617.021254 129.781928 34 139 34
277502.365408 2111587.494240 128.003399 139 69 19
276879.517220 2111324.181589 139.760037 139 69 19
277581.074154 2110838.012462 98.488914 34 139 34
276946.425810 2111274.297552 133.343683 139 69 19
277429.614372 2111343.364519 116.322740 34 139 34
277802.983469 2111267.435968 119.023591 139 69 19
277276.906613 2111564.526986 128.171865 139 69 19
277397.166692 2111296.629920 101.050365 34 139 34
277280.510648 2111305.372934 124.494354 139 69 19
277735.305751 2111180.602940 104.984418 139 69 19
276602.598601 2111089.119127 118.109213 139 69 19
276891.065453 2110994.810944 94.884522 139 69 19
277475.661778 2111059.273579 92.618212 34 139 34
277594.104287 2111431.051435 122.803445 139 69 19
277484.012513 2110881.125735 76.253045 34 139 34
277428.913480 2111481.198983 125.620409 139 69 19
277853.725405 2111106.163376 105.147702 34 139 34
277167.855784 2111356.791980 127.256995 34 139 34
276573.464228 2111091.553063 114.694402 139 69 19
277757.685886 2111312.028947 127.072354 139 69 19
277270.130495 2110601.724586 75.894545 34 139 34
276855.746154 2111073.434949 108.032471 139 69 19
277659.764418 2111493.878583 117.082245 139 69 19
276715.069432 2110973.590347 98.993365 34 139 34
277553.286962 2111235.280053 86.025415 139 69 19
277314.229978 2110974.651753 93.293677 139 69 19
277037.855480 2111625.817367 120.066990 139 69 19
276884.432600 2110758.358156 81.839257 139 69 19
277084.120323 2111274.046438 136.523081 34 139 34
277744.214180 2111223.104172 108.862827 139 69 19
277023.363507 2111485.928801 137.521513 139 69 19
277040.995195 2111428.940517 122.843300 34 139 34
277681.411774 2111386.877807 124.533501 34 139 34
277647.374616 2111302.258689 105.914796 139 69 19
277005.646023 2110632.019447 79.177014 139 69 19
276943.787843 2111063.599207 125.390006 34 139 34
277529.029603 2110862.623547 89.621112 34 139 34
277054.507185 2111737.016422 145.381076 34 139 34
276903.982018 2111272.363207 127.243813 139 69 19
277356.871498 2111157.830514 120.577481 34 139 34
277850.134672 2111203.828951 109.187657 34 139 34
276834.458773 2110828.600793 64.460567 34 139 34
277533.625397 2111376.783129 136.746039 34 139 34
276723.995242 2111313.527882 117.275469 34 139 34
277194.696545 2111906.129911 158.247573 34 139 34
277296.374476 2111798.413242 122.495706 139 69 19
276712.798537 2110975.852847 125.573992 34 139 34
276738.949422 2111208.057291 123.701284 34 139 34
277037.344645 2111457.839413 152.947409 139 69 19
277032.095911 2110888.554695 123.942937 139 69 19
277519.730200 2111137.784604 106.059924 34 139 34
277521.266700 2111157.603603 99.992870 34 139 34
277468.062913 2111078.398535 115.301494 34 139 34
277538.583851 2111319.055800 114.642629 34 139 34
277537.468584 2111162.075648 84.126480 34 139 34
277372.849671 2110843.272613 104.230901 139 69 19
276897.167630 2111449.723287 116.135453 34 139 34
277252.893908 2111192.241893 108.084541 139 69 19
277260.026948 2110651.692873 81.103040 34 139 34
277011.410133 2111260.560794 125.931131 139 69 19
276854.187496 2111546.922543 128.786872 139 69 19
277365.789685 2110639.121076 87.764710 34 139 34
276786.568090 2111002.489844 99.671035 34 139 34
277549.302406 2111181.488299 106.266132 139 69 19
277056.827329 2111153.034180 116.857035 34 139 34
277661.363154 2111289.544021 130.275608 139 69 19
277001.341417 2111120.043310 103.010399 34 139 34
276913.226900 2111190.223629 98.694318 34 139 34
277174.606203 2111804.747230 138.274224 34 139 34
277176.812951 2110643.754960 103.222631 139 69 19
276805.811666 2111136.419352 115.153038 139 69 19
277445.436426 2111123.080811 128.421836 139 69 19
277215.494917 2110796.689216 108.484471 139 69 19
277941.522465 2111216.575296 100.665988 34 139 34
277004.735497 2110700.046213 85.793498 139 69 19
277406.917895 2110888.258926 93.265141 139 69 19
277415.591746 2110762.562546 85.604457 139 69 19
276657.878846 2111290.215604 147.372214 34 139 34
276850.181395 2111594.727357 137.166984 34 139 34
276870.026871 2110962.766269 122.790083 139 69 19
277490.825931 2111086.184714 104.262610 34 139 34
277611.472966 2110892.208309 109.276222 34 139 34
277674.555540 2111027.754649 99.061930 139 69 19
277551.460935 2110931.664882 96.826377 34 139 34
277253.527763 2110983.704899 98.041575 34 139 34
277209.289968 2111440.548045 141.212515 139 69 19
277137.044040 2111113.789007 99.839180 139 69 19
276944.509699 2110997.809063 95.729672 139 69 19
277837.988340 2111256.959431 97.334448 139 69 19
277447.512201 2111023.689134 97.220778 139 69 19
277281.895235 2111227.948234 101.895280 139 69 19
276999.821402 2111315.830674 118.179513 34 139 34
276701.131972 2110943.387722 113.655638 34 139 34
277323.880303 2111766.912497 132.721179 139 69 19
277098.605490 2110875.754736 102.960435 139 69 19
277431.897109 2111689.857487 133.361097 139 69 19
277440.866609 2111450.678047 123.817739 34 139 34
277031.008604 2110698.059252 75.401465 139 69 19
277079.060462 2110860.445416 102.936655 34 139 34
277078.949894 2111771.574118 142.957670 139 69 19
277157.178788 2111361.185412 127.730973 34 139 34
276586.474720 2111204.450759 147.735269 139 69 19
276843.849696 2110873.861575 103.835165 139 69 19
276843.576555 2111108.476324 106.668322 34 139 34
276916.243958 2111539.472151 143.618718 34 139 34
277429.934059 2111396.906924 120.786769 139 69 19
277029.482740 2111462.894400 128.655182 34 139 34
276500.524722 2111160.572206 123.698479 139 69 19
277175.124141 2111551.893085 121.811654 34 139 34
277231.798215 2110584.183538 92.449931 34 139 34
277045.291101 2110986.934656 105.814134 34 139 34
277046.598671 2111456.690963 111.058811 34 139 34
277311.641559 2111225.826613 91.894684 34 139 34
277250.967076 2111523.934208 118.378806 34 139 34
276880.901585 2111333.889205 106.938048 34 139 34
277152.792881 2110899.082513 82.662113 139 69 19
277400.372784 2111390.084247 103.695863 139 69 19
277658.271676 2111375.475302 93.522194 139 69 19
277080.652004 2111053.306028 118.937124 139 69 19
277542.122185 2111466.437085 140.868072 34 139 34
277925.653320 2111218.622843 105.143133 34 139 34
276759.880507 2110930.709295 112.987993 139 69 19
277448.810862 2110963.372706 97.063288 139 69 19
277286.354139 2111375.366020 139.832096 34 139 34
277170.568600 2110527.001872 82.390320 139 69 19
277118.069418 2111423.700508 112.963187 34 139 34
276996.457830 2111191.937739 126.138941 139 69 19
276879.824424 2111596.420844 155.733952 34 139 34
277641.331647 2111303.545869 102.803002 139 69 19
277101.341063 2111134.222276 129.856615 139 69 19
276755.388642 2111256.459962 128.611862 139 69 19
276890.220478 2111444.740311 144.197944 34 139 34
277091.819043 2111073.414494 110.936621 139 69 19
277638.625662 2110937.308271 98.687895 139 69 19
276982.374869 2111496.380444 140.528857 34 139 34
276591.041545 2111162.469821 116.502867 34 139 34
276986.169121 2111306.922234 93.039026 34 139 34
276971.835649 2111659.740051 127.026868 34 139 34
277214.034559 2111439.352151 112.510376 34 139 34
277258.596774 2111032.723167 97.094253 139 69 19
277396.094942 2110928.165238 101.050334 139 69 19
277554.584050 2110942.671429 89.117032 139 69 19
276735.941966 2111475.545449 140.776311 34 139 34
277136.213995 2111329.254686 106.382103 139 69 19
277096.778296 2111509.791158 142.868913 139 69 19
277101.005778 2111319.715672 130.576353 34 139 34
276799.639199 2111041.654769 108.413525 139 69 19
277477.335265 2111387.897968 106.208362 34 139 34
277430.279843 2110791.606582 90.393495 139 69 19
276869.083672 2111198.583580 103.328343 34 139 34
277251.335814 2110757.666686 92.510279 34 139 34
276970.933008 2110860.546347 96.851575 139 69 19
277489.137419 2111611.921553 147.827447 34 139 34
277453.196897 2110920.924543 98.163363 34 139 34
277178.767584 2111517.714986 133.240534 34 139 34
276547.396716 2111173.753745 130.137240 34 139 34
277076.390417 2110852.711112 109.535262 34 139 34
277307.660431 2110695.929617 84.134808 139 69 19
277642.676665 2111457.015186 119.928961 139 69 19
276731.639324 2111172.422488 130.498162 139 69 19
277028.719929 2111487.139246 119.544210 34 139 34
277534.939835 2111211.393163 86.244450 34 139 34
277761.343962 2111153.719335 104.042865 34 139 34
276998.157803 2111245.982210 122.056353 34 139 34
277301.349598 2110535.785944 79.772848 139 69 19
277056.184922 2111080.577148 92.612519 34 139 34
277100.299747 2111776.456036 134.269422 139 69 19
277191.403621 2110795.468140 98.243433 34 139 34
276936.775154 2111640.692785 133.527803 34 139 34
276941.663929 2110706.008564 90.122570 139 69 19
277002.389200 2111332.223152 113.772846 139 69 19
276986.062155 2111091.152697 99.098672 34 139 34
277246.320557 2111248.143444 104.194967 34 139 34
277043.861656 2111531.467655 110.618437 34 139 34
277569.837444 2111406.281972 114.951940 34 139 34
277524.114746 2111333.211083 100.922504 139 69 19
277292.784161 2110540.909893 93.422355 34 139 34
276854.724688 2111420.357936 110.149134 139 69 19
276755.696188 2111105.559210 123.023900 139 69 19
277139.457240 2111513.091425 139.267516 34 139 34
277348.141107 2111222.158646 97.824831 34 139 34
277752.625917 2111408.332545 114.381001 139 69 19
276829.913024 2111081.344093 104.740510 139 69 19
276991.841780 2110956.512584 102.166042 34 139 34
277137.165286 2111481.997986 122.421218 139 69 19
277451.411337 2111514.313258 118.544489 139 69 19
277370.998640 2111275.361169 110.630481 139 69 19
276939.459377 2111020.851046 96.026079 139 69 19
277007.078837 2111388.114197 130.772546 34 139 34
276921.782161 2110893.373841 90.896231 34 139 34
277792.935374 2111241.540722 89.113182 139 69 19
277182.036509 2110517.500001 75.725173 34 139 34
276901.769847 2111283.769296 126.217446 34 139 34
276939.403384 2110876.317121 94.579199 139 69 19
276877.309527 2111067.721107 119.381079 34 139 34
277370.149483 2110710.141220 87.782446 34 139 34
276996.624540 2110830.168995 88.678021 34 139 34
277157.662363 2110993.126153 87.351563 139 69 19
277066.020856 2111210.329809 107.285492 139 69 19
277340.849078 2110821.481703 88.867218 139 69 19
276697.880366 2111067.792913 116.313680 34 139 34
276593.305833 2111191.275934 106.902147 34 139 34
276917.065104 2110977.104922 103.630862 139 69 19
277176.167421 2111386.444075 118.762604 139 69 19
277654.709957 2110920.305786 98.819134 34 139 34
277475.101848 2111500.057283 122.270243 139 69 19
277388.866976 2110610.708678 95.232971 34 139 34
277536.342406 2111435.966038 113.120533 34 139 34
277104.996385 2110957.913850 94.643743 34 139 34
277362.003211 2111521.894211 112.345434 139 69 19
277529.417450 2111519.351712 126.342393 34 139 34
277222.350688 2110841.978058 92.700645 34 139 34
277087.858025 2111463.521881 132.063888 139 69 19
277770.241276 2111189.039414 99.271644 34 139 34
276742.541596 2111480.802287 144.790885 34 139 34
277530.796574 2111095.741825 103.866335 139 69 19
276693.406690 2111173.219541 107.471339 34 139 34
276984.072112 2111443.051911 122.385128 34 139 34
277307.895498 2111455.832085 134.359478 139 69 19
276724.812670 2111151.432159 111.757690 139 69 19
277653.000185 2111271.223723 117.217851 139 69 19
277077.657424 2110964.299091 117.071004 139 69 19
277466.758479 2111529.080820 129.624606 34 139 34
276936.767358 2111082.147690 113.813271 139 69 19
277044.953767 2111578.197539 123.705111 139 69 19
276604.269611 2111294.836686 119.060268 139 69 19
277539.902592 2111345.786829 115.186418 139 69 19
277657.099735 2111409.563277 118.658438 34 139 34
277701.175372 2111145.286155 120.747810 34 139 34
277050.385521 2110823.247439 79.736493 139 69 19
277060.797898 2111530.903978 136.882703 139 69 19
277286.738045 2111011.289099 105.948492 34 139 34
276489.203079 2111171.932817 111.015383 139 69 19
277128.574602 2111885.444002 129.140805 34 139 34
277210.040202 2110832.795050 82.696804 139 69 19
276976.197271 2110789.299784 75.654357 139 69 19
276813.905596 2111516.735510 135.742087 139 69 19
277148.783272 2111391.347508 114.056896 34 139 34
276536.746560 2111184.675404 113.873811 34 139 34
277262.138379 2111110.844105 111.402809 34 139 34
277203.070589 2111617.110471 121.636714 34 139 34
277720.808185 2110961.887884 112.985059 34 139 34
276948.428886 2111520.960826 126.174647 34 139 34
277830.354002 2111306.071487 98.146837 139 69 19
276979.187617 2110686.507727 91.819593 139 69 19
276905.224323 2110727.419544 93.610791 34 139 34
277580.345737 2110928.469699 80.640377 139 69 19
276785.794115 2111296.926902 128.436722 139 69 19
276760.617610 2111176.314373 124.666582 139 69 19
276650.969514 2111137.601395 109.588042 139 69 19
277589.794796 2110896.905612 94.997213 34 139 34
277433.420917 2111390.346459 115.994743 139 69 19
277500.413165 2111329.361963 131.340917 139 69 19
277664.663784 2111061.234114 102.028163 139 69 19
277011.018843 2110649.976386 80.054611 34 139 34
277593.132114 2111548.493407 116.224007 34 139 34
277120.016456 2111846.744693 147.116293 34 139 34
276710.254464 2111422.385856 112.175916 34 139 34
277428.614564 2111234.096768 94.864179 34 139 34
277371.976700 2111520.149327 130.579299 139 69 19
277252.135500 2111400.970132 121.079128 34 139 34
277918.750617 2111238.034122 99.267074 139 69 19
277299.740191 2111389.562056 131.086862 34 139 34
277028.360768 2111123.583206 112.990362 139 69 19
276968.505683 2111624.925491 114.009069 139 69 19
277303.923730 2111610.091121 130.165008 139 69 19
277477.622232 2111336.975123 111.002711 139 69 19
277498.020617 2111341.660101 96.575329 34 139 34
277076.785428 2111652.226727 140.806233 34 139 34
276977.366046 2111445.315733 116.604387 34 139 34
276814.891361 2110967.057210 109.626914 139 69 19
277232.146897 2110874.066532 99.838283 139 69 19
276941.741481 2111482.242136 126.463878 34 139 34
277423.558480 2110961.786976 90.163086 34 139 34
276834.437628 2111586.881915 131.096932 139 69 19
277469.111956 2111026.383995 91.091110 34 139 34
276711.590193 2111053.294550 106.613294 139 69 19
277130.148223 2111896.096913 128.368213 139 69 19
277057.713312 2111141.314932 118.500884 139 69 19
277632.524841 2111452.670625 107.535863 34 139 34
276828.829803 2111491.627685 128.474271 139 69 19
277276.255768 2111139.902081 89.648599 34 139 34
277262.919192 2111085.633347 108.699055 139 69 19
277283.713786 2110702.627165 96.133056 139 69 19
276895.275154 2111292.701181 113.043648 139 69 19
277210.915317 2111281.088465 118.986766 139 69 19
277170.743916 2111926.071038 130.090854 139 69 19
276762.145008 2111349.765684 114.459216 139 69 19
276912.981147 2111163.681441 102.672114 34 139 34
277078.720464 2111393.464780 111.297401 139 69 19
277230.290009 2110922.389027 88.952827 139 69 19
277029.619535 2111743.598061 154.038587 34 139 34
277541.582638 2111287.403067 88.280357 34 139 34
276671.250224 2110954.993087 101.886199 139 69 19
277727.964704 2111376.279365 130.146187 34 139 34
277000.448964 2110686.205413 89.797376 34 139 34
276913.271638 2111645.483683 152.815367 34 139 34
276786.736787 2110877.085962 117.395407 139 69 19
276924.727056 2111209.335798 110.386848 139 69 19
277629.248387 2111224.090429 109.911988 34 139 34
277576.446827 2111322.001734 129.610170 34 139 34
276927.863657 2110761.937595 103.802284 34 139 34
276547.359574 2111125.633314 107.595339 34 139 34
277223.295916 2111611.559284 146.524492 34 139 34
276954.982077 2110964.717557 130.293479 139 69 19
277592.791530 2110968.950036 84.721939 34 139 34
276705.682492 2111201.516384 133.292086 139 69 19
277226.614191 2110578.512196 81.427229 34 139 34
277100.239269 2111024.695345 107.871074 139 69 19
276888.912266 2111253.903509 97.945411 34 139 34
277263.472141 2111652.994571 139.827706 139 69 19
277175.037126 2111666.603140 114.877784 34 139 34
276864.350735 2111586.399282 121.484142 34 139 34
277158.906054 2111570.959683 143.015828 139 69 19
277167.570141 2110618.377538 90.475452 34 139 34
277292.497479 2111738.739935 134.703962 34 139 34
276562.777961 2111176.537274 126.185193 139 69 19
277301.379946 2111694.609826 126.397936 139 69 19
276849.791463 2111370.668686 109.206398 139 69 19
277392.261344 2110945.769951 83.684914 34 139 34
277155.795163 2110543.835119 94.461826 34 139 34
276707.315921 2111210.061950 118.236543 139 69 19
277542.311169 2111077.884384 113.012961 34 139 34
277790.495736 2111143.539767 88.709892 34 139 34
277699.475224 2111049.801655 102.962480 139 69 19
277216.311172 2111518.416889 140.081487 34 139 34
276635.266449 2111315.891275 116.642537 34 139 34
276696.810532 2111204.603772 122.008707 139 69 19
277671.181152 2110966.026299 97.577633 139 69 19
277164.451990 2110579.662507 98.592858 139 69 19
277724.981592 2111005.157590 73.186649 34 139 34
277740.562143 2111254.153575 105.678561 139 69 19
276497.155357 2111127.718684 118.672551 139 69 19
277009.995265 2111281.614715 107.898400 139 69 19
276834.989492 2111101.864728 110.689590 139 69 19
276842.267877 2110783.679294 91.384000 34 139 34
277450.158724 2111311.203505 99.589459 34 139 34
277438.682605 2111140.249816 91.253481 139 69 19
277108.233982 2110563.895893 69.392745 139 69 19
277291.700434 2110797.092875 91.484082 139 69 19
277061.631312 2111081.273015 117.800872 34 139 34
276903.548597 2111203.123866 118.552831 34 139 34
277188.038823 2111179.782238 82.420917 34 139 34
277154.846863 2111178.870291 113.850576 34 139 34
277140.032251 2110763.436820 92.064947 34 139 34
277071.502077 2110729.047517 92.568406 34 139 34
276687.021568 2111112.177621 105.926968 139 69 19
276768.095323 2111338.814428 131.615195 34 139 34
276800.042597 2111327.831033 129.220964 139 69 19
277607.802734 2111042.096081 86.319587 34 139 34
276850.942723 2111597.466963 132.575757 34 139 34
277090.802091 2111425.844035 125.015584 34 139 34
276988.939025 2111451.172139 120.253866 34 139 34
276956.246333 2111231.999027 121.407789 139 69 19
277266.416912 2111147.592586 111.963916 34 139 34
276758.289184 2110925.117822 116.181913 139 69 19
277339.872932 2111489.068467 111.720969 34 139 34
277050.638195 2110594.106808 107.384618 34 139 34
277206.173849 2110652.691514 106.666429 34 139 34
276971.731831 2111286.184816 131.514354 34 139 34
276660.193282 2111142.905355 117.214901 139 69 19
277019.817876 2111212.577667 100.074517 139 69 19
277714.804431 2111432.703103 112.248391 139 69 19
277554.976884 2110878.701936 95.226421 34 139 34
277112.131746 2111559.943986 125.415915 139 69 19
277000.851561 2111385.424086 118.957335 139 69 19
276996.629999 2111231.575317 124.164608 139 69 19
277275.742415 2111290.972494 94.639120 139 69 19
277062.602365 2111659.176191 134.531065 34 139 34
276970.817937 2111688.139208 134.227419 139 69 19
277417.300761 2111239.860835 91.968971 34 139 34
277097.040375 2110899.641142 90.234556 139 69 19
276764.665439 2111303.362827 111.053532 34 139 34
277119.025177 2111512.995994 119.319097 139 69 19
277855.441306 2111243.335296 86.740780 34 139 34
277075.698169 2111361.029267 113.834491 34 139 34
277525.831120 2111125.659176 117.438215 139 69 19
277056.970840 2111469.341863 134.159895 34 139 34
277233.243958 2110851.693312 65.243398 139 69 19
277583.618038 2110872.697883 98.219808 34 139 34
277228.621985 2111184.762230 103.866115 34 139 34
277440.972127 2110755.555524 69.936208 139 69 19
276531.554048 2111202.218613 124.741737 139 69 19
277478.417711 2110755.115055 96.040714 139 69 19
277200.409862 2111845.188621 137.578279 139 69 19
277358.181942 2111688.470442 142.789694 139 69 19
277375.889166 2111332.433132 119.531027 139 69 19
277491.152785 2111621.866870 148.332249 139 69 19
277404.136792 2111460.771432 117.980606 34 139 34
277498.786220 2111511.180885 126.393175 34 139 34
277366.361412 2110711.124316 79.684048 139 69 19
277385.038941 2110934.784179 102.882690 34 139 34
277485.951512 2110960.704256 83.560245 34 139 34
277347.157162 2110739.105117 91.860963 34 139 34
277463.801532 2110922.389200 94.059749 139 69 19
277086.169797 2111394.542483 129.002352 139 69 19
277222.977345 2111314.638866 114.493969 139 69 19
276818.589697 2111500.729188 135.001646 34 139 34
277206.413677 2111066.852996 101.650856 139 69 19
276670.215891 2111017.435368 109.823831 139 69 19
277040.474534 2110622.843056 79.982502 34 139 34
277298.002721 2111758.515750 146.666000 34 139 34
277383.837777 2110786.854039 94.682563 34 139 34
277418.274886 2110808.952803 76.350363 34 139 34
277779.839308 2111200.140145 99.485928 34 139 34
277104.766893 2111632.559954 134.745665 34 139 34
277079.702142 2111079.563947 89.241695 139 69 19
277541.040450 2111274.182638 108.415801 34 139 34
277648.245974 2110982.740249 100.658415 139 69 19
277316.431820 2111557.228162 122.703864 139 69 19
277014.519225 2110733.210602 89.664347 139 69 19
277313.991714 2111297.343843 135.817933 34 139 34
276616.491808 2111186.714021 119.348396 34 139 34
277026.718425 2111275.524668 121.115383 139 69 19
277599.222869 2111380.624631 116.855494 139 69 19
277543.685148 2111316.969360 100.714378 34 139 34
277109.982551 2111521.253001 110.208448 34 139 34
277193.697015 2110930.734379 89.139320 139 69 19
277548.180413 2111510.394935 131.677438 139 69 19
276775.062015 2111487.875537 136.800560 139 69 19
276838.021633 2111013.640874 108.556740 34 139 34
276938.668273 2111440.146208 136.038548 34 139 34
277508.215112 2111519.831611 127.588367 34 139 34
277039.213537 2110991.724127 105.868836 139 69 19
277250.633299 2111386.462429 124.671677 34 139 34
277402.916335 2111387.977287 127.328858 139 69 19
277124.673573 2111335.279018 118.427677 139 69 19
277142.180904 2111789.477619 134.875803 139 69 19
277211.774986 2111097.558499 104.143076 34 139 34
277044.090019 2111794.625172 131.821766 34 139 34
277240.031424 2111122.572271 96.254595 139 69 19
276813.137645 2110863.461495 87.304491 139 69 19
277063.182053 2110965.788938 107.331449 34 139 34
276771.026578 2111208.448530 121.123125 139 69 19
277520.998535 2111197.830299 98.743971 34 139 34
277365.239375 2110635.893951 81.255316 34 139 34
277194.910820 2110726.789723 91.761421 139 69 19
277311.126723 2110798.188890 83.278905 139 69 19
277479.366961 2111641.723137 150.226874 139 69 19
277276.729122 2111072.280836 117.339539 34 139 34
277490.010437 2110712.295592 105.594387 139 69 19
277037.656574 2110850.144073 103.092222 34 139 34
277164.519591 2111941.274151 136.341325 139 69 19
276619.662726 2110982.274237 92.695871 34 139 34
277010.750925 2110902.568172 109.316641 34 139 34
277590.927718 2111258.663403 101.296165 34 139 34
276944.630406 2111063.365390 102.056883 139 69 19
277423.264844 2111707.122516 139.441995 139 69 19
276670.942801 2111181.079937 129.936007 139 69 19
277382.572044 2111134.630880 117.338717 34 139 34
276716.644911 2111219.158396 109.373329 34 139 34
276980.773113 2110755.559732 90.557894 139 69 19
277384.398671 2111597.303158 143.472892 34 139 34
277667.279826 2111223.158232 112.132832 139 69 19
277263.871389 2111778.707308 131.713778 139 69 19
277322.459601 2111616.493641 127.098015 139 69 19
277547.369275 2111597.240432 79.983719 139 69 19
277164.575673 2111643.580430 113.912382 139 69 19
277662.380426 2111201.907987 104.425209 139 69 19
277399.423294 2110787.577228 74.514139 34 139 34
277270.848568 2111817.228705 155.003579 139 69 19
277497.597881 2111042.079696 111.604866 34 139 34
277301.771335 2111084.727722 126.471599 34 139 34
277348.911468 2111102.411614 113.094551 139 69 19
277203.876272 2111895.194537 139.574617 139 69 19
276792.185571 2111135.121411 103.873340 139 69 19
277283.032680 2111469.469527 117.908537 34 139 34
277041.609989 2110935.731472 122.057935 34 139 34
276639.934140 2111047.827676 120.355462 139 69 19
276641.807929 2110998.539625 123.177390 34 139 34
277401.221261 2111311.070314 108.926410 139 69 19
276637.948747 2111188.946051 110.727308 34 139 34
276776.013926 2111225.793224 103.145065 139 69 19
277110.248612 2110948.085537 88.318907 139 69 19
277185.111058 2110727.498402 80.145114 34 139 34
277082.035611 2111295.255375 120.099528 139 69 19
277200.697520 2111583.161544 135.008698 34 139 34
277255.640336 2110714.964213 83.980699 139 69 19
276952.722058 2110962.842473 129.816491 139 69 19
277195.900577 2110930.493775 103.503496 139 69 19
276800.652509 2110831.211979 114.719784 139 69 19
277027.086843 2111639.372769 142.365567 139 69 19
277362.296735 2110937.516147 89.104057 34 139 34
277057.027858 2110762.162530 93.241860 34 139 34
276993.379138 2111767.299490 130.006922 139 69 19
277284.688549 2110786.664614 94.351707 34 139 34
277361.291597 2111757.636000 141.277746 139 69 19
277661.397912 2110954.926062 97.351946 139 69 19
277486.514980 2111189.849461 109.543198 139 69 19
277177.327442 2111338.928295 117.140015 139 69 19
276887.291324 2111154.526946 103.632787 34 139 34
277271.566853 2110631.031021 56.022584 34 139 34
277393.902231 2110931.012539 92.940126 139 69 19
277056.183219 2111655.721470 147.136568 139 69 19
276743.908042 2111055.515756 106.568309 34 139 34
277352.799862 2111589.276449 118.514079 139 69 19
277388.803309 2111484.813788 136.307111 34 139 34
277456.129625 2110783.910062 88.378747 139 69 19
277409.104660 2110965.247508 95.687678 139 69 19
277691.511006 2111007.899666 85.329888 139 69 19
277451.615508 2110773.595899 86.649971 139 69 19
277031.228479 2111113.449291 113.732641 34 139 34
277312.430541 2110764.147494 77.786143 34 139 34
277280.532720 2111705.378489 152.628220 139 69 19
277286.852508 2111343.254136 100.622745 139 69 19
276916.946837 2111331.979989 134.238364 139 69 19
277223.885441 2111796.944299 147.089221 34 139 34
277751.675624 2111235.554599 106.082657 34 139 34
277333.957165 2111525.653485 112.237836 34 139 34
277391.495618 2111451.550741 114.581241 34 139 34
277492.251679 2111515.207570 109.564814 34 139 34
277420.409407 2110744.225844 105.118142 34 139 34
277000.025338 2111110.131163 113.692051 139 69 19
277450.713954 2111625.316190 111.104116 139 69 19
277304.947884 2111431.846007 125.236688 139 69 19
277502.977926 2110951.264088 79.453536 139 69 19
277166.868202 2111644.136905 146.986332 34 139 34
277020.877764 2111502.341599 119.667767 139 69 19
276716.113727 2111412.849425 120.795517 139 69 19
276532.703059 2111083.835550 103.106449 34 139 34
277603.851056 2111052.774596 118.637396 34 139 34
277497.182418 2111230.319932 116.673469 34 139 34
277462.161894 2110846.659998 75.914875 34 139 34
277614.140986 2111234.104151 119.358248 139 69 19
277172.647484 2110708.127412 88.985298 139 69 19
277262.492818 2110565.463397 72.338071 34 139 34
276749.390208 2110937.145753 111.287224 34 139 34
276778.258008 2111400.507438 135.168901 139 69 19
277490.568622 2111007.607043 106.352270 34 139 34
277144.223310 2110619.125466 103.038407 139 69 19
277267.218564 2111066.685882 102.730942 139 69 19
277283.811121 2110652.379265 83.724593 34 139 34
277544.315839 2111300.125419 116.250104 34 139 34
276834.388974 2110798.082192 113.622959 34 139 34
277226.662303 2111703.433429 129.219925 139 69 19
277104.764703 2111717.041129 145.326758 139 69 19
277008.614220 2111718.627614 132.100799 34 139 34
277197.432723 2110704.888788 102.133345 139 69 19
276631.985404 2111143.667916 133.972258 34 139 34
277153.764980 2111383.339219 119.196315 139 69 19
276965.398397 2111585.273215 124.356644 34 139 34
277387.791547 2111194.487987 103.958566 34 139 34
276630.121982 2111261.779748 115.181329 34 139 34
277476.828510 2111372.308276 101.205784 139 69 19
276981.626287 2111694.399934 138.088497 139 69 19
277112.803402 2110978.974225 93.380373 34 139 34
277334.422971 2111515.602014 116.330622 139 69 19
276762.260975 2111358.080996 104.561398 34 139 34
277491.592556 2111207.590315 97.031551 34 139 34
276923.177349 2110820.383669 105.539688 34 139 34
277814.260610 2111301.256278 109.503114 34 139 34
277053.869612 2110650.170897 89.107437 34 139 34
277023.614713 2111346.290909 118.076105 34 139 34
276679.776357 2111393.039397 128.131113 139 69 19
276943.677009 2110892.441770 103.248031 139 69 19
276883.146815 2111119.638878 123.239762 34 139 34
277093.944749 2111238.932675 109.305472 139 69 19
277084.503639 2111115.375958 123.583302 34 139 34
277303.357726 2110790.890916 97.038489 34 139 34
277206.676509 2111193.657135 119.809801 34 139 34
276573.427061 2111174.567205 134.668967 139 69 19
277376.056423 2111089.890033 109.307330 34 139 34
277559.456784 2110788.444179 84.721240 139 69 19
276783.631224 2110852.284158 109.700604 34 139 34
277014.468943 2110970.208976 99.862534 34 139 34
277180.768127 2110538.337449 96.953269 34 139 34
276886.244415 2111044.886383 87.379029 34 139 34
277704.002253 2111073.351336 113.976775 139 69 19
277604.318407 2110913.730113 99.337144 34 139 34
276863.098935 2111318.768294 130.897378 34 139 34
277014.122926 2111503.849626 133.949191 139 69 19
276918.731320 2111044.595344 98.856244 139 69 19
276731.146162 2111141.550433 102.113231 34 139 34
276960.489770 2111209.053634 94.332713 139 69 19
277564.782276 2111419.071213 126.410154 139 69 19
276937.480506 2110744.776367 108.181532 139 69 19
277239.388262 2111200.170471 123.111646 139 69 19
277032.007415 2110708.138818 84.757632 139 69 19
277225.042273 2111232.802642 106.169774 34 139 34
276644.829825 2111341.778266 104.099711 34 139 34
277038.934164 2111549.198122 140.379533 139 69 19
277231.437566 2111170.705320 107.591828 34 139 34
277226.471706 2111705.678691 134.178729 34 139 34
276766.163689 2111481.617741 142.477669 139 69 19
276967.748871 2110789.366260 91.559472 139 69 19
277379.250781 2110779.658833 82.940604 139 69 19
277715.291634 2110970.239710 85.625101 139 69 19
277151.154801 2110552.830675 71.785958 34 139 34
277252.351872 2111806.050136 131.589174 139 69 19
277067.331190 2111383.883381 106.439027 34 139 34
277268.630264 2110627.235668 71.739712 139 69 19
277237.841067 2111692.865430 122.901562 139 69 19
276573.824395 2111068.997831 100.191297 34 139 34
276559.113334 2111031.602722 112.057543 139 69 19
277071.991801 2111413.365899 135.282316 34 139 34
277723.460067 2111111.597275 110.107861 139 69 19
277510.104679 2111532.140360 116.925588 34 139 34
277523.693874 2111536.152886 120.018630 139 69 19
277400.121245 2110788.310611 78.488867 34 139 34
277376.930282 2110831.651333 85.050320 139 69 19
276928.933572 2110796.182801 97.105362 139 69 19
277761.578176 2111319.994198 115.036335 34 139 34
277627.988317 2111018.371622 109.246115 34 139 34
276925.192521 2111485.361134 118.612528 34 139 34
277100.405710 2111732.277381 147.766774 34 139 34
277342.026986 2110776.897559 97.567206 139 69 19
277495.357256 2111138.786578 78.407126 139 69 19
276694.610198 2111053.953617 102.490121 139 69 19
277029.538371 2111211.825897 123.510993 139 69 19
277243.140620 2111695.687279 140.312905 139 69 19
277916.686936 2111241.011431 111.030582 34 139 34
276699.048689 2111086.453077 99.423724 34 139 34
277302.152630 2111105.632569 98.782956 34 139 34
277076.513554 2111678.320728 136.485002 34 139 34
277525.212239 2111575.572118 109.062907 139 69 19
277515.955147 2111254.747554 103.054392 139 69 19
276879.604858 2110792.091726 83.412170 139 69 19
277059.681903 2111423.546777 130.651708 34 139 34
276776.427268 2111424.012409 116.421696 34 139 34
277572.883593 2111419.190296 120.498804 139 69 19
277209.595487 2111604.324896 121.442728 34 139 34
277756.760265 2111203.539572 89.171234 34 139 34
277743.073065 2111281.437681 99.326572 34 139 34
277106.059154 2110807.771427 92.618385 139 69 19
276984.748395 2111067.940957 120.256804 139 69 19
276908.500748 2110806.572582 81.125524 139 69 19
277872.779642 2111160.929440 106.679294 34 139 34
276824.481639 2111414.810664 127.229227 34 139 34
277665.724995 2110898.204683 82.498325 34 139 34
277279.320936 2111389.589750 122.044457 34 139 34
276747.738731 2111344.718161 123.057305 139 69 19
276951.909471 2111617.688279 135.121907 139 69 19
277302.504269 2110758.453260 77.121361 139 69 19
277111.041303 2111648.618238 123.888443 34 139 34
276750.831134 2111434.016323 109.422708 34 139 34
276998.826122 2111380.307230 118.621627 34 139 34
277458.070511 2111143.509596 113.489404 139 69 19
277018.734829 2111402.185431 131.526009 139 69 19
277577.172129 2111084.793915 102.881780 139 69 19
276517.447522 2111073.211599 116.136654 34 139 34
277192.569856 2110569.212376 89.109229 139 69 19
277157.493286 2111540.918200 125.586313 34 139 34
277302.115266 2111172.305805 108.873732 139 69 19
277923.337478 2111188.282428 96.435676 139 69 19
277479.181408 2111438.223418 126.180139 139 69 19
277574.926263 2111510.836949 128.234051 34 139 34
277188.566969 2110816.566967 79.163903 139 69 19
276897.111257 2111481.245428 126.936403 139 69 19
276952.014134 2111463.429396 130.981891 139 69 19
277126.231648 2110628.060226 95.374930 34 139 34
277315.637527 2111009.963190 101.050965 34 139 34
277306.101409 2111160.742147 102.364458 34 139 34
276928.689838 2111475.669111 121.524938 139 69 19
277602.716314 2111276.296293 118.444198 139 69 19
276980.649134 2110939.039670 108.741041 34 139 34
277110.665336 2111747.081908 147.216478 139 69 19
277222.190978 2111372.163976 111.334412 34 139 34
276974.498344 2111515.121438 137.931937 34 139 34
277531.224453 2111309.969080 111.863026 34 139 34
277353.921843 2110707.026945 97.080653 139 69 19
277459.993074 2110937.901579 103.530562 34 139 34
277719.069567 2110997.644037 84.563127 139 69 19
277384.595999 2111339.634274 128.370992 139 69 19
277395.609683 2110661.059226 86.079135 34 139 34
277392.009583 2111356.782241 111.189470 139 69 19
276731.137859 2110880.983580 109.746334 34 139 34
277661.456068 2111147.867043 94.864151 139 69 19
277378.011736 2111716.206934 139.802971 139 69 19
276957.674010 2110935.929608 103.300436 139 69 19
277015.433704 2111120.276661 113.874538 139 69 19
276949.546466 2110857.210039 82.273775 34 139 34
277211.755614 2110630.546190 84.026640 139 69 19
277092.055527 2110624.729202 76.656744 34 139 34
276709.863382 2111250.325935 127.506595 139 69 19
277006.048421 2111659.237770 113.719661 34 139 34
276770.661412 2111422.386347 111.025249 139 69 19
277558.232331 2111588.231904 114.929236 34 139 34
276681.211027 2111304.260658 126.458419 139 69 19
277449.849054 2111306.609648 115.173668 34 139 34
277467.611033 2111661.353386 130.302540 139 69 19
277401.468010 2111544.807352 122.308024 139 69 19
277883.556131 2111245.826569 95.953455 34 139 34
276741.634804 2111180.154917 104.721807 34 139 34
277166.543826 2111837.617643 158.965836 139 69 19
277491.011128 2111269.543701 119.979713 34 139 34
276505.479720 2111211.189287 118.096876 34 139 34
277200.512642 2111412.307781 123.668354 34 139 34
277627.820390 2111126.852471 109.210109 139 69 19
277183.422435 2111628.766924 148.072191 34 139 34
277414.213714 2111214.487770 117.166594 139 69 19
277353.089721 2110870.732180 102.919428 34 139 34
277086.480187 2111296.465975 99.774340 139 69 19
277508.501686 2110920.986000 108.015028 139 69 19
277051.516043 2110608.735372 72.374859 34 139 34
277029.009776 2111144.697963 113.206011 34 139 34
277457.657127 2111096.244205 100.805297 34 139 34
276795.624560 2111288.032480 125.872556 139 69 19
277270.594836 2110779.123209 66.820266 139 69 19
277770.658515 2111294.760293 106.855696 139 69 19
277046.561884 2110661.247090 102.217774 139 69 19
277613.499791 2111285.201344 119.754075 139 69 19
277505.398143 2110834.614209 80.430715 34 139 34
277198.765786 2111860.410722 140.762800 139 69 19
276597.873947 2111147.384143 112.403568 34 139 34
277118.616286 2111672.409563 128.474597 139 69 19
277188.584668 2110834.002910 111.423061 34 139 34
276804.003829 2111492.092033 130.877188 139 69 19
277417.928465 2110733.617116 87.948917 139 69 19
277171.904141 2111367.475238 133.695101 139 69 19
276783.785271 2111162.183627 111.506218 139 69 19
277750.754765 2111198.374571 105.783789 34 139 34
277312.344948 2111753.302713 128.455026 34 139 34
277343.362143 2110839.526460 86.738114 139 69 19
276931.768037 2111613.294880 121.034319 139 69 19
277508.216318 2110824.697358 83.664753 34 139 34
277506.024820 2111029.520385 106.134137 34 139 34
277492.579462 2111456.573752 140.201106 34 139 34
276486.713597 2111185.789145 131.123322 139 69 19
277587.911394 2110955.608583 91.104714 34 139 34
277557.634657 2110933.897137 82.437241 139 69 19
277345.501109 2111020.176601 96.588153 34 139 34
277064.665298 2111608.392793 121.793724 34 139 34
277423.908316 2110952.049554 81.718534 34 139 34
276964.942359 2111026.024199 118.701942 34 139 34
277476.219698 2110834.591195 91.209137 34 139 34
276596.187733 2111219.589872 132.171228 34 139 34
277293.394476 2110570.256760 80.193585 139 69 19
276902.460151 2111588.441042 118.044287 139 69 19
277556.894407 2111526.400067 123.674748 139 69 19
276768.581311 2111205.738944 122.370206 139 69 19
277776.185476 2111091.962396 86.674447 34 139 34
277029.080307 2111213.774168 117.748373 139 69 19
276900.985434 2111468.715991 130.892160 34 139 34
277080.543333 2111076.949614 92.137918 34 139 34
277192.137209 2110679.862204 91.733316 139 69 19
276571.126039 2111262.142365 133.006402 139 69 19
277734.799537 2111332.308377 103.258905 34 139 34
277544.643074 2110762.724682 81.334642 34 139 34
277248.352185 2111729.075684 137.578216 34 139 34
277763.924862 2111163.623988 103.720593 139 69 19
276949.641565 2111326.595497 111.590318 139 69 19
276959.801011 2111235.367007 124.272547 139 69 19
277241.373388 2111302.510337 126.353920 139 69 19
277613.226127 2111199.304902 109.387838 139 69 19
277288.198287 2111588.709987 120.342850 34 139 34
276877.867802 2111130.354682 102.332739 139 69 19
277103.962132 2110835.998760 106.524660 34 139 34
277194.860970 2111373.728118 109.572537 139 69 19
277251.438625 2110756.315205 83.096452 139 69 19
277850.069760 2111297.008270 96.438333 34 139 34
277601.884905 2111315.223212 105.201287 34 139 34
277922.484414 2111231.132444 102.289036 34 139 34
276800.105185 2110958.519436 105.914205 139 69 19
277556.652227 2111363.153365 105.550476 139 69 19
277795.608405 2111236.128705 97.500088 139 69 19
277451.812301 2110738.990044 81.501523 139 69 19
277225.258434 2110923.011771 79.166139 139 69 19
277429.728922 2111081.586261 93.424980 34 139 34
277095.398503 2110805.170465 96.261874 34 139 34
277239.254077 2111176.402852 130.273291 139 69 19
277539.654918 2111552.020448 131.018214 139 69 19
276937.288132 2110955.230501 107.578850 139 69 19
277287.323567 2110830.920374 79.340475 34 139 34
277173.969772 2111874.259756 136.148842 34 139 34
277284.907010 2110681.152475 78.027298 34 139 34
277166.170020 2111654.093381 118.657025 34 139 34
277000.507139 2111139.302794 117.116007 34 139 34
276956.670227 2111152.196020 119.462743 34 139 34
277211.673307 2110596.625359 90.634508 34 139 34
277580.570966 2110970.655800 91.368957 34 139 34
277251.338798 2111209.804158 133.625150 139 69 19
276769.480606 2110971.617558 115.323151 139 69 19
276967.099218 2111023.010799 101.112953 139 69 19
276997.085962 2111182.170707 84.800508 34 139 34
277393.382368 2110637.707362 91.360138 139 69 19
277080.954015 2110792.478710 109.413873 139 69 19
276790.725176 2110985.578971 102.862560 34 139 34
277277.328545 2110511.348844 81.888163 139 69 19
277135.480580 2110615.062429 99.880309 139 69 19
277227.012981 2111691.052933 145.392487 139 69 19
277211.795634 2110899.486362 90.506642 34 139 34
277034.553590 2111321.653532 113.803134 139 69 19
277171.853156 2110925.779672 94.915766 34 139 34
277692.068735 2111282.925420 111.110606 139 69 19
277813.027208 2111306.164709 92.522449 139 69 19
276931.265842 2110857.516990 106.146939 139 69 19
277126.179934 2111536.319289 142.326205 34 139 34
277571.717410 2111145.175268 104.732483 139 69 19
277079.000919 2111245.611539 147.097972 139 69 19
277265.387492 2110859.678100 76.703770 34 139 34
277008.440373 2111437.760520 120.156877 34 139 34
277768.663765 2111296.798255 110.195171 34 139 34
277403.037079 2110960.613096 105.722817 34 139 34
276832.427276 2111413.368128 121.733558 139 69 19
277023.710975 2110785.430279 98.499475 139 69 19
277034.943590 2111040.002349 110.032359 139 69 19
277131.884004 2110952.855323 114.275246 34 139 34
276619.250253 2111307.459674 119.225879 34 139 34
277207.161688 2110976.738393 106.350330 34 139 34
277213.367702 2110549.230651 93.986191 34 139 34
276860.131137 2111600.790730 137.346563 34 139 34
277052.435325 2110736.538181 72.702606 139 69 19
276976.202904 2111363.154833 112.788159 34 139 34
277010.429282 2110638.389847 55.168596 34 139 34
277159.924296 2111692.405193 126.719106 34 139 34
276668.991792 2111081.987076 130.627060 139 69 19
277541.113006 2111047.628240 103.645095 139 69 19
277464.981163 2111393.208301 108.906725 139 69 19
277296.104877 2110752.991629 87.706712 34 139 34
276982.526063 2111461.218270 118.511160 34 139 34
277232.770698 2111331.146717 111.385918 34 139 34
277660.244876 2111238.527708 123.042004 139 69 19
277332.506450 2111478.753074 126.939837 139 69 19
276924.637474 2110853.804231 106.476057 139 69 19
276771.975901 2111377.764215 107.966477 139 69 19
277067.006079 2111533.668931 119.324765 139 69 19
277749.337011 2111242.078543 119.823914 34 139 34
277027.857736 2111310.329431 135.238243 139 69 19
277394.770051 2111398.328852 101.620048 34 139 34
277231.748014 2111345.198721 115.850121 139 69 19
277053.701306 2111351.900852 125.534562 34 139 34
276704.668725 2111110.767450 117.142924 34 139 34
277365.864941 2110935.963768 93.654816 34 139 34
277719.022887 2111034.741534 104.538230 139 69 19
277022.858188 2111321.084948 124.494543 139 69 19
276751.107019 2111330.288725 132.324560 34 139 34
277073.556669 2111121.870940 121.270122 34 139 34
277267.054895 2111166.232736 104.624619 34 139 34
277440.199460 2110937.619361 92.148371 139 69 19
277010.457393 2110798.985634 101.917136 139 69 19
277848.826331 2111153.672647 116.495148 34 139 34
277079.478304 2111020.515470 91.325285 34 139 34
277234.757480 2111550.811563 111.546306 139 69 19
276715.956910 2111227.139523 134.315698 139 69 19
277128.222790 2111604.806261 122.405063 139 69 19
277188.000689 2111314.877157 106.104227 139 69 19
276868.625790 2111295.504916 107.225563 34 139 34
277600.906943 2111197.480798 119.509535 34 139 34
277533.451727 2111305.172821 111.060230 34 139 34
277102.236812 2111416.376147 122.461042 34 139 34
276815.191787 2111479.794006 127.113782 34 139 34
277046.832025 2111177.256222 112.672850 34 139 34
277032.664668 2110672.523248 94.395312 34 139 34
277591.542201 2110927.594336 88.789010 139 69 19
276640.513408 2111295.087750 119.029987 34 139 34
277422.817343 2111436.592320 130.902650 139 69 19
277234.412878 2110685.549536 96.584002 139 69 19
277276.303182 2110946.467880 87.677990 34 139 34
277221.169771 2111043.224867 101.951257 139 69 19
277322.728451 2111042.455129 110.801571 139 69 19
277252.765483 2111147.715629 103.417923 139 69 19
277298.084928 2111229.855226 116.683111 34 139 34
277237.754254 2111253.021226 132.096252 34 139 34
277183.484200 2111069.066964 93.880739 34 139 34
277097.028370 2111404.753138 145.774603 34 139 34
277295.531974 2111072.192033 80.789746 34 139 34
277011.364111 2111564.402380 142.184870 139 69 19
276741.584512 2111401.831063 129.464836 139 69 19
276976.629420 2111679.819739 151.308115 34 139 34
276997.953701 2110840.525757 119.273339 139 69 19
277199.040232 2110667.510581 81.871064 139 69 19
276693.187348 2110976.210411 111.236554 34 139 34
276761.846348 2110923.585410 115.084117 34 139 34
276701.877829 2111046.144906 105.777587 34 139 34
276841.402627 2111569.185766 135.440576 34 139 34
277413.513725 2110759.293178 90.280592 34 139 34
277204.523297 2111195.072451 121.303722 139 69 19
277099.580491 2111073.740241 98.752579 139 69 19
277609.207496 2111455.880848 105.961697 139 69 19
277040.135131 2111682.581660 135.284835 34 139 34
276725.463933 2111057.354443 104.952691 34 139 34
277579.664348 2110951.827420 92.668676 139 69 19
277059.422995 2111590.154398 114.716908 34 139 34
277540.287878 2111439.262421 133.589727 139 69 19
276651.951365 2111179.945762 133.827420 34 139 34
276992.550845 2111566.791862 119.313849 34 139 34
277249.289525 2111115.648755 88.203850 34 139 34
276923.591922 2111301.464421 116.770754 139 69 19
277111.390196 2111549.372436 129.667140 34 139 34
277482.179903 2111010.738913 124.783064 139 69 19
277145.010788 2110892.281652 106.189800 34 139 34
277487.960029 2111565.970702 134.578569 139 69 19
277450.202406 2111602.333919 120.751329 139 69 19
276744.376927 2111324.301496 129.199818 139 69 19
277156.528237 2111810.394975 151.940355 34 139 34
277747.254904 2111244.258283 90.860215 34 139 34
277164.403791 2111615.998036 122.744564 139 69 19
277573.629553 2111433.796269 105.778760 34 139 34
277003.383533 2111267.776560 104.325572 34 139 34
277350.594432 2110791.239834 73.579740 139 69 19
277105.218104 2111888.239351 120.848616 34 139 34
277458.000809 2110799.021676 84.590603 34 139 34
277197.846396 2111047.693668 83.601927 34 139 34
277170.022780 2111518.736327 138.251563 139 69 19
277510.330113 2111482.478297 127.053549 139 69 19
277184.945642 2111842.209383 128.463478 34 139 34
277111.788904 2111021.425019 100.114998 139 69 19
276896.868254 2110845.626846 107.181632 34 139 34
276735.123779 2110949.023869 134.716273 34 139 34
277233.453547 2111285.054108 127.434332 34 139 34
277044.996780 2111003.786109 87.512842 34 139 34
276866.183219 2110933.105429 109.871662 139 69 19
277708.104809 2111060.835383 105.431512 34 139 34
276938.555203 2111054.175407 110.971557 34 139 34
277323.002384 2111034.538898 99.049991 139 69 19
277062.021631 2111302.502350 107.104935 139 69 19
276942.542281 2110775.509500 85.445894 139 69 19
277502.751389 2111476.810563 87.467213 139 69 19
277070.406271 2111257.218976 120.811333 34 139 34
277284.413584 2110858.762640 98.472529 139 69 19
276962.210432 2111325.462823 113.258924 139 69 19
277104.131863 2110872.015701 91.717171 139 69 19
277554.690295 2111090.771033 98.226064 34 139 34
277125.068149 2111689.979992 110.491269 139 69 19
277148.509147 2111046.363591 119.953139 34 139 34
276799.004358 2111206.929761 121.343232 139 69 19
277104.195189 2111175.783000 117.781451 34 139 34
277379.719163 2110963.128945 113.172577 34 139 34
276931.314936 2111696.784263 126.410260 139 69 19
277480.049200 2111497.695041 131.611222 34 139 34
277117.934817 2110855.139082 106.395493 139 69 19
276893.761821 2111398.521672 115.920802 139 69 19
277076.465695 2111818.259613 130.344792 139 69 19
277132.183412 2111196.113460 89.437475 34 139 34
276678.601129 2111011.471372 111.308983 34 139 34
276932.424941 2111192.187988 123.460161 139 69 19
276938.041523 2110752.612046 82.313517 139 69 19
277712.890243 2110989.767903 75.906651 34 139 34
277657.266104 2111449.744230 105.992521 139 69 19
276829.552212 2111524.385427 129.422804 34 139 34
277355.107841 2111556.780677 107.116912 139 69 19
276702.877664 2111303.404591 128.001343 139 69 19
277433.728642 2110657.600045 74.976545 34 139 34
277260.989044 2111124.159607 101.527131 139 69 19
276888.965339 2111237.191611 136.455850 34 139 34
277488.044306 2111043.258380 102.303357 34 139 34
277185.097834 2111642.939347 124.413290 34 139 34
276996.768086 2110744.222374 76.433972 34 139 34
276762.476843 2111479.809423 125.551431 139 69 19
276944.929821 2111367.546349 112.777550 139 69 19
276448.651189 2111144.610713 121.209556 139 69 19
277429.666292 2110919.702614 81.857886 34 139 34
276906.638980 2111627.400967 134.903301 139 69 19
277186.495175 2111674.340675 134.649382 139 69 19
277203.740686 2111171.359263 116.154474 139 69 19
276647.196207 2111052.932137 103.838695 139 69 19
277285.276668 2110813.525269 91.730938 34 139 34
277504.447586 2111527.079966 149.812489 34 139 34
276712.312555 2111008.451905 105.954482 34 139 34
277460.500515 2111323.118022 102.708731 139 69 19
277134.019535 2111291.921942 91.425637 34 139 34
277338.397592 2111776.558986 134.280268 139 69 19
276952.850760 2110772.700102 94.244277 139 69 19
277189.646489 2111678.049016 119.873358 34 139 34
277771.661178 2111341.663891 94.229090 139 69 19
277652.030732 2111218.121947 112.665319 34 139 34
277203.795396 2111725.516025 146.780195 139 69 19
277366.133114 2111437.924983 126.964796 34 139 34
277275.713813 2111374.199422 107.688527 139 69 19
277106.987006 2110758.618225 112.549894 139 69 19
277128.926264 2110925.397992 88.582879 34 139 34
277647.076146 2111392.091010 106.443545 34 139 34
276839.080705 2111557.725157 122.982782 34 139 34
277308.940983 2111178.482001 109.481094 139 69 19
277195.575210 2110732.282759 84.082393 34 139 34
277204.441461 2111464.294095 133.165153 34 139 34
277072.667444 2111457.442025 136.545307 34 139 34
277198.626165 2111356.902622 97.912009 34 139 34
277061.389206 2110964.524790 99.546199 139 69 19
276654.046636 2111153.871319 107.271550 34 139 34
276664.191999 2111042.858765 102.671885 139 69 19
277120.670220 2110653.172472 79.982908 139 69 19
276757.828486 2111296.306078 115.317965 139 69 19
276968.521929 2111358.165435 105.623475 139 69 19
277014.309113 2111175.459325 110.549371 34 139 34
277363.278726 2110831.319556 80.925110 34 139 34
276727.802496 2111065.290977 107.298292 139 69 19
277325.769725 2111686.209745 131.178639 34 139 34
276799.866884 2111497.459923 137.115624 34 139 34
276806.700760 2111303.941754 107.986910 34 139 34
277001.393610 2111196.077506 98.405591 139 69 19
277358.001168 2111155.653174 114.067803 139 69 19
277785.913883 2111101.427569 77.655467 139 69 19
276889.797576 2111077.830681 116.099252 34 139 34
276765.187396 2111173.051233 109.118508 34 139 34
277641.790195 2110877.928753 93.618613 139 69 19
277544.815596 2110867.359846 90.255927 34 139 34
276771.513167 2111231.320731 124.700268 34 139 34
277312.326676 2110724.060151 94.797173 34 139 34
277267.511698 2111796.040450 141.743762 139 69 19
277321.897259 2111208.802823 120.598842 34 139 34
277290.866747 2111013.576692 83.832680 139 69 19
277175.523256 2111867.192922 121.686432 34 139 34
277467.155320 2111634.429739 133.973114 139 69 19
276682.678003 2111150.343956 121.304227 139 69 19
276779.695928 2111525.490724 140.494691 139 69 19
276684.703670 2111138.723816 109.197498 34 139 34
276523.399152 2111095.510891 123.645048 34 139 34
277326.330307 2111419.745715 113.437512 139 69 19
276879.699089 2111571.963160 130.844927 34 139 34
277126.634234 2111507.790946 120.314348 34 139 34
277006.924825 2111015.468365 98.536783 34 139 34
277908.713176 2111219.937077 106.445048 139 69 19
277413.605955 2111213.045156 93.780591 139 69 19
277751.466182 2111203.748216 100.163295 34 139 34
277362.200745 2110909.328740 95.784128 139 69 19
276984.737527 2111194.552220 128.948394 34 139 34
276872.088507 2110868.506318 111.244831 34 139 34
277631.129981 2110882.315762 70.605424 139 69 19
277785.606330 2111324.226642 99.896466 139 69 19
276984.245186 2111275.069250 116.427375 139 69 19
277340.133680 2111167.640845 121.361636 139 69 19
277524.090841 2111079.932479 71.934453 34 139 34
277246.541929 2110507.805520 64.892842 34 139 34
277289.813219 2110937.459767 84.801008 34 139 34
277524.688524 2110953.231805 78.410510 139 69 19
277225.637613 2110845.421070 85.495914 139 69 19
277121.440549 2111625.129266 127.797705 34 139 34
276845.647021 2111509.897220 134.786327 139 69 19
277208.523655 2111607.910435 138.021987 34 139 34
277249.529263 2110894.392411 84.897637 139 69 19
277523.718653 2110991.218660 100.390145 34 139 34
277173.382917 2111714.530213 143.927664 34 139 34
277419.454016 2111379.884022 126.511660 139 69 19
277700.966570 2111352.747730 111.923863 139 69 19
277454.714084 2111054.829212 97.767995 139 69 19
276847.661476 2111315.496790 119.197049 34 139 34
277113.271016 2111427.875446 123.066874 139 69 19
277621.952305 2111353.567955 113.875518 34 139 34
277651.115521 2111214.548375 109.943621 34 139 34
276858.947037 2111460.130065 129.279370 34 139 34
277512.524893 2111250.881108 117.492685 139 69 19
277337.686825 2110856.592553 90.560822 139 69 19
277205.719671 2111903.442378 143.975817 139 69 19
277793.661118 2111277.093598 95.014487 139 69 19
277240.921985 2110597.811364 77.114587 34 139 34
276994.905978 2110793.812128 103.414454 139 69 19
277572.546742 2110986.745208 88.460907 34 139 34
277177.633456 2111660.085326 134.374736 139 69 19
276979.707316 2111662.787544 132.454042 139 69 19
276999.022870 2110688.852389 102.537390 139 69 19
277549.179233 2111253.234535 113.428353 34 139 34
277629.122780 2111371.045554 108.998501 34 139 34
276767.463402 2111001.947260 98.034727 139 69 19
277013.374303 2111017.695890 83.190253 139 69 19
277622.921565 2111321.254974 113.352221 139 69 19
277109.562285 2110839.865417 92.169290 139 69 19
277478.663045 2110704.992519 81.747487 139 69 19
277068.573085 2110624.207235 80.198520 139 69 19
277585.880850 2110975.572210 96.430529 139 69 19
277344.009870 2110889.314163 102.391051 139 69 19
277712.186538 2111158.581097 118.317326 34 139 34
277162.158018 2111438.655849 128.579417 34 139 34
277424.652166 2111125.654755 77.692986 139 69 19
277152.959263 2111506.945007 128.345281 139 69 19
276856.829096 2110777.892773 94.465710 139 69 19
276947.748540 2110704.435094 103.660216 139 69 19
277793.857455 2111159.339448 96.260217 34 139 34
277310.243242 2111718.943225 141.137894 139 69 19
277428.765871 2111372.923724 98.878159 34 139 34
276853.582499 2111533.642839 142.298402 139 69 19
277403.587350 2111150.728902 101.506643 34 139 34
277433.363414 2111451.166712 125.299205 139 69 19
277259.309924 2111193.358930 119.874405 34 139 34
276976.873725 2111095.551058 96.024463 34 139 34
277398.333444 2111237.074225 101.910398 139 69 19
277179.524895 2111407.890063 131.943508 139 69 19
277529.142441 2110793.866706 85.016696 34 139 34
277431.460202 2111131.139591 92.987536 139 69 19
277224.705686 2111814.067795 139.222858 139 69 19
277639.028452 2111206.725237 114.725133 34 139 34
276585.786587 2111147.282798 117.146324 34 139 34
277056.107916 2111436.116070 121.069589 139 69 19
276944.847538 2110898.186755 99.287071 139 69 19
277508.702486 2111117.942037 94.070681 139 69 19
277178.025741 2111797.859655 103.345213 34 139 34
277576.238171 2111434.785674 127.101462 34 139 34
276905.355374 2110982.878648 102.227650 34 139 34
277131.049114 2111506.622039 135.902855 34 139 34
277267.275749 2110665.683324 101.362020 34 139 34
277105.484910 2110540.721041 89.930035 34 139 34
277386.812106 2111520.407280 129.121699 139 69 19
277292.876930 2111159.033194 95.937787 34 139 34
277240.676485 2110582.095931 81.643695 34 139 34
277251.006566 2111370.060277 122.525914 34 139 34
277294.935766 2111576.007846 144.723841 34 139 34
277619.412085 2111265.555561 106.849676 34 139 34
277560.702514 2111242.186679 93.237226 139 69 19
277541.072453 2111529.315285 126.708888 139 69 19
277232.416235 2110901.002403 93.815649 139 69 19
277646.668985 2110879.085725 91.778703 34 139 34
276990.133669 2111267.531233 125.007402 34 139 34
277385.981347 2110842.541391 94.851519 34 139 34
276924.276726 2111635.873790 147.817531 139 69 19
277409.205282 2111552.488999 129.060804 34 139 34
276709.164955 2110896.841385 123.907033 139 69 19
276476.559538 2111145.839051 137.317818 139 69 19
277693.028527 2110935.135643 92.235210 139 69 19
277107.546022 2111808.947493 123.162738 34 139 34
277227.433407 2111741.173611 121.277624 139 69 19
277000.459158 2110879.136895 79.307756 34 139 34
277594.179316 2110867.536995 98.505503 34 139 34
277027.583132 2110912.425642 100.120135 139 69 19
276671.015305 2111097.721080 126.910351 139 69 19
276989.929095 2111071.022020 112.563789 139 69 19
276921.666399 2111193.691508 103.860182 34 139 34
276854.902577 2110967.063296 97.297137 34 139 34
277026.866716 2111660.535509 135.417904 34 139 34
277102.101772 2110963.344796 116.644891 34 139 34
277265.041162 2111708.538623 139.620325 34 139 34
277047.108119 2111824.088979 142.431127 34 139 34
277403.558868 2111199.558756 102.251337 139 69 19
277241.842314 2110570.682301 81.644202 34 139 34
277241.366369 2111143.449055 94.407106 34 139 34
276588.038710 2111216.563155 126.794857 139 69 19
277471.221883 2110683.202737 107.381448 139 69 19
277809.999895 2111144.687432 95.647102 139 69 19
277283.399250 2110684.021075 98.075394 139 69 19
277451.343119 2110961.551086 94.232984 34 139 34
276950.869976 2111367.565162 96.030537 34 139 34
277047.032272 2111715.449891 128.907876 139 69 19
277654.270386 2111046.333140 116.229818 139 69 19
277186.253709 2111449.491748 129.715239 34 139 34
276923.136860 2111504.980529 131.513392 139 69 19
276957.409246 2110852.020477 92.674557 139 69 19
277177.074321 2111920.039435 161.215045 34 139 34
277460.081877 2110863.275489 102.178665 34 139 34
277706.066858 2111311.452824 97.423077 139 69 19
277351.657918 2111636.583403 120.976241 139 69 19
277089.107273 2111487.415887 118.542054 34 139 34
276852.210366 2110960.947386 108.346771 139 69 19
277121.612394 2111538.588544 112.648118 34 139 34
276869.303088 2111525.172121 144.915926 34 139 34
277667.290483 2111415.857654 86.577246 139 69 19
276980.943773 2111492.785540 128.585692 34 139 34
276982.671488 2111425.703342 110.337395 139 69 19
277693.279543 2111317.530127 110.263453 139 69 19
277160.910799 2110861.890671 81.002129 34 139 34
277394.029894 2111677.261623 136.442613 34 139 34
277501.592984 2110810.462960 78.185858 34 139 34
277100.598207 2110786.427203 78.815021 34 139 34
277210.537349 2110726.739057 98.555592 139 69 19
276920.802686 2110748.409677 74.615142 139 69 19
276779.138242 2110955.455783 103.404949 34 139 34
277508.362092 2111058.769704 83.524475 34 139 34
276836.844386 2111249.938237 101.646818 34 139 34
277215.692411 2111134.790356 105.637447 34 139 34
277044.614309 2111551.301763 151.902585 139 69 19
277030.941792 2111360.906311 117.247145 139 69 19
276596.390440 2111153.981021 117.822727 34 139 34
276933.032008 2111197.440596 121.541503 139 69 19
277374.960567 2111744.028834 140.300012 139 69 19
277131.355023 2110569.912956 69.950285 34 139 34
277085.121964 2110629.508191 92.314540 34 139 34
277261.365216 2110531.014267 70.162621 139 69 19
277196.465494 2111633.909745 103.766858 34 139 34
277376.997697 2110946.571157 97.264576 139 69 19
277347.275544 2111190.604972 113.330827 139 69 19
277304.740503 2111183.726819 115.763811 139 69 19
277143.207228 2111369.452686 123.139497 34 139 34
277160.820171 2111937.330965 156.462841 34 139 34
277300.461302 2111084.887340 108.845703 139 69 19
277208.502521 2111528.285147 132.141236 139 69 19
277383.405732 2111268.093805 128.231419 139 69 19
276995.357829 2111188.767720 129.725699 139 69 19
277285.607303 2111092.983428 110.694722 139 69 19
276611.404740 2111196.568645 131.958327 34 139 34
277550.233193 2111111.987270 104.765139 139 69 19
277540.886963 2111278.538800 116.306736 34 139 34
277713.652789 2111085.734737 104.648364 34 139 34
276592.990298 2111187.285975 107.190078 34 139 34
277140.446314 2110943.250529 88.269912 34 139 34
277076.219284 2111357.995503 105.372608 34 139 34
277511.003092 2110979.370669 93.193015 139 69 19
277211.903316 2111372.564014 104.615516 34 139 34
277382.316922 2110944.645073 112.818875 139 69 19
277313.657124 2111756.147053 135.445200 139 69 19
277258.431114 2110689.001767 111.569890 139 69 19
277198.861992 2111902.389975 133.825164 139 69 19
277595.325125 2111476.529534 104.390390 139 69 19
277194.415741 2111244.193299 125.604551 34 139 34
276692.041319 2111043.457455 95.852054 34 139 34
277611.998967 2111410.817374 111.546545 139 69 19
276842.267976 2111189.253254 110.526800 34 139 34
276993.879644 2111275.016293 110.775712 139 69 19
277258.257907 2111001.267257 106.507009 34 139 34
277147.680192 2111741.519657 153.448048 34 139 34
276956.232780 2111033.456690 103.430296 34 139 34
277166.873198 2110508.522518 89.364609 34 139 34
277757.785102 2110999.090198 92.426300 34 139 34
276801.916697 2110866.068538 109.641947 139 69 19
276608.081847 2111033.119790 112.640302 139 69 19
277377.435119 2111545.770227 128.816492 34 139 34
277292.960806 2111328.539096 120.036192 139 69 19
277144.653471 2110754.285587 81.827701 34 139 34
277085.078157 2111474.087093 100.887952 34 139 34
276936.842758 2110877.159047 98.791167 34 139 34
277308.684890 2111517.886185 129.220447 34 139 34
277285.345747 2111784.931251 135.796545 34 139 34
277763.103933 2111286.723340 120.341854 139 69 19
277709.880929 2111316.696213 113.237442 139 69 19
277657.450052 2111308.953188 93.513970 139 69 19
277237.921418 2110521.670662 75.837660 34 139 34
277300.897502 2111050.715790 91.452794 34 139 34
276846.713332 2111279.633645 103.194597 139 69 19
276914.841688 2111618.613413 129.447766 139 69 19
277275.535449 2110679.303153 79.168324 34 139 34
277099.784101 2110638.144105 89.515790 34 139 34
276916.810889 2110901.695598 103.477410 139 69 19
277215.215467 2110786.887394 91.469473 34 139 34
277085.471761 2110827.242071 82.728744 34 139 34
277296.791319 2111302.371784 99.695703 34 139 34
277107.394762 2111316.150255 121.791438 34 139 34
277156.699180 2111930.601164 149.029809 34 139 34
277620.102317 2110939.418816 87.430662 34 139 34
277366.408790 2111722.303382 131.622316 34 139 34
277272.921698 2111001.029655 98.667751 139 69 19
277604.330807 2111118.756854 103.529341 34 139 34
276758.820230 2111327.112408 120.300701 139 69 19
277072.761480 2111695.207964 109.976374 139 69 19
277208.192426 2111587.298953 117.659173 34 139 34
277834.140194 2111152.902931 91.533764 139 69 19
277315.272642 2111321.046830 104.646152 139 69 19
276658.221686 2111310.807394 116.157669 139 69 19
277169.586443 2111294.631042 112.205709 34 139 34
277727.362574 2111312.111615 95.627546 139 69 19
276885.948621 2111225.610469 114.666153 34 139 34
277393.971197 2111329.069801 120.776318 34 139 34
277165.917580 2111177.860472 113.271294 139 69 19
276903.869217 2110879.704821 113.065387 139 69 19
277152.658741 2111564.877132 111.971361 34 139 34
277432.619971 2111440.874136 114.739930 34 139 34
277019.064193 2111421.986330 130.556154 139 69 19
277614.408668 2111216.119844 93.244719 139 69 19
277355.366463 2111685.646430 131.070402 34 139 34
277369.324399 2111205.340315 114.434306 34 139 34
276983.314382 2111263.753089 108.483889 139 69 19
276919.195014 2111659.207078 131.805995 34 139 34
277463.729793 2111169.860332 96.559464 139 69 19
276939.616507 2111317.955578 103.866015 139 69 19
276949.922452 2111692.078914 141.300927 139 69 19
277805.701991 2111269.602270 107.030276 139 69 19
277579.629317 2111212.959541 101.841687 34 139 34
277161.591135 2111886.406809 135.316982 139 69 19
276960.828835 2110864.027481 84.599127 139 69 19
277466.785601 2110754.921838 93.272098 139 69 19
277133.721749 2110759.786588 100.746649 34 139 34
276602.410322 2111209.759376 112.736176 139 69 19
277515.788861 2110872.376631 94.804546 34 139 34
277581.579103 2111450.936858 118.427509 34 139 34
277146.155270 2111227.064610 117.282367 139 69 19
277419.646011 2110685.681631 96.463992 34 139 34
277114.480930 2111139.080165 115.236267 34 139 34
277862.384398 2111129.865372 99.507868 139 69 19
277257.957318 2110547.868002 82.810424 139 69 19
277170.049467 2111485.391367 128.178388 34 139 34
277234.571309 2110788.258732 95.036147 34 139 34
277793.157266 2111364.469979 117.739596 34 139 34
277335.192647 2111077.475826 88.152167 34 139 34
277682.690824 2111300.606079 106.472330 34 139 34
277106.357928 2111633.120680 138.620169 139 69 19
277088.197689 2110881.647676 88.846880 34 139 34
277601.179491 2110980.088278 85.642986 34 139 34
277318.272996 2110566.509225 81.294214 34 139 34
277591.543057 2110864.389439 101.046055 139 69 19
276893.710685 2110940.212006 115.508671 139 69 19
276723.301508 2111256.728602 116.015889 139 69 19
276873.851176 2111345.883589 122.922801 34 139 34
276981.532539 2111231.464896 120.060605 34 139 34
277182.939214 2110729.893807 105.808851 34 139 34
277239.678175 2111805.259828 129.699755 139 69 19
277523.352211 2111189.060956 90.676006 139 69 19
277012.253295 2111447.671180 126.960002 139 69 19
277003.882039 2111203.546729 98.990441 34 139 34
277062.525689 2111355.597262 119.375894 34 139 34
277095.079957 2110554.325434 94.075114 34 139 34
277436.358762 2111377.494283 113.472636 139 69 19
277432.593486 2111108.181290 89.301661 34 139 34
277200.300979 2111132.080747 111.514238 34 139 34
276784.222436 2111386.162763 134.355430 139 69 19
277140.445270 2110812.152788 94.868053 139 69 19
276854.800012 2111524.452239 135.317524 139 69 19
277266.476256 2111032.102313 106.109043 34 139 34
276971.355369 2111212.873207 117.889966 34 139 34
276674.193173 2111225.622773 103.716533 139 69 19
276707.486480 2111355.478115 137.476411 139 69 19
277134.263735 2111694.602525 156.279771 139 69 19
277138.220285 2110637.421297 89.752542 139 69 19
277124.915152 2111897.532456 153.566249 139 69 19
277035.657682 2110975.515492 87.636862 34 139 34
276778.268828 2111009.470996 97.579432 139 69 19
277271.095725 2110948.585396 88.303010 34 139 34
277578.825890 2110887.321675 74.071310 139 69 19
277070.543139 2110980.378606 114.594595 139 69 19
277213.761043 2111322.889593 104.435770 34 139 34
277234.918552 2110694.854249 91.885977 139 69 19
276690.053230 2111355.848111 117.804194 139 69 19
277176.015348 2110685.777738 87.383403 139 69 19
276865.585613 2110901.892851 108.709661 34 139 34
277410.767189 2110880.045913 79.703585 34 139 34
277814.932096 2111348.376145 114.210943 139 69 19
277168.119692 2111669.021530 142.727547 34 139 34
277633.708727 2111405.264390 104.588407 34 139 34
277148.255335 2110857.539783 93.059704 34 139 34
276993.614546 2111449.178857 142.818261 139 69 19
277758.456985 2111060.365345 103.913907 34 139 34
276826.639972 2111515.251614 133.967694 139 69 19
277694.539627 2111048.476174 77.562988 139 69 19
277264.158278 2110877.002752 109.371123 139 69 19
277368.265929 2111088.395850 100.716920 139 69 19
277470.535231 2111645.387086 129.496703 34 139 34
276953.298513 2111119.320553 122.301139 34 139 34
277732.110939 2111323.923132 100.026061 34 139 34
276713.368045 2110983.154429 106.971651 34 139 34
277435.491635 2111076.216682 116.331312 139 69 19
277040.310901 2110630.359364 92.607268 139 69 19
277135.119904 2111755.417806 126.612990 139 69 19
276886.446466 2111262.827490 131.766262 139 69 19
277206.809773 2111474.014863 147.439792 34 139 34
277083.501395 2111544.905328 131.400599 139 69 19
277444.283931 2111260.152069 119.925280 139 69 19
277166.076754 2111910.128623 149.005140 139 69 19
277025.319343 2111322.280679 123.975620 34 139 34
276802.633064 2111100.403192 114.260529 34 139 34
277289.309061 2111459.078352 116.600605 139 69 19
277379.476698 2111721.890458 123.388992 139 69 19
277405.750304 2111235.005240 107.016956 34 139 34
276823.987217 2111031.351638 115.691083 34 139 34
277402.111685 2111628.880309 133.245931 139 69 19
277533.386342 2110867.826408 91.134742 139 69 19
277059.754352 2111393.272936 133.658924 139 69 19
277889.129998 2111218.624757 98.546245 34 139 34
277308.911680 2111779.106622 139.036934 34 139 34
277020.008461 2111437.146414 125.935524 139 69 19
277459.615305 2110736.667448 68.240100 34 139 34
277007.751197 2111266.747338 111.115296 139 69 19
276768.889734 2111161.777091 132.140351 139 69 19
277312.987385 2111540.395392 110.207684 34 139 34
277562.099176 2111133.782278 94.849855 139 69 19
277259.839635 2111588.832554 139.356462 139 69 19
277650.767794 2111283.133804 105.828433 34 139 34
276751.318745 2111463.294844 130.273488 34 139 34
277414.355727 2110828.398087 93.663869 34 139 34
277703.227845 2111033.328840 82.633442 139 69 19
277358.023500 2111140.115303 117.371058 34 139 34
277237.663338 2111346.241105 123.914614 139 69 19
276934.216102 2111528.236221 134.191155 34 139 34
276930.225220 2111549.009082 142.280721 139 69 19
276883.178974 2111571.940772 115.393183 139 69 19
276917.049806 2111120.313254 102.860408 34 139 34
276674.564973 2111206.277534 103.820894 139 69 19
277696.336569 2110992.133667 91.887572 139 69 19
276630.111926 2111300.965384 117.590556 139 69 19
277219.699381 2111692.150378 132.467885 139 69 19
276893.603744 2110828.248117 106.423083 139 69 19
277459.530363 2111362.695454 120.022444 139 69 19
276941.881023 2111172.770371 126.198165 34 139 34
277451.145758 2111657.981685 138.573357 34 139 34
277749.336886 2111296.238842 98.236119 139 69 19
277302.101061 2110991.844059 89.505593 139 69 19
276790.055498 2111045.806325 116.124074 34 139 34
277128.951349 2110847.904252 111.139812 139 69 19
277480.974941 2111261.473968 111.659993 139 69 19
277539.848397 2111472.629496 117.359665 34 139 34
276907.124572 2111027.649831 90.546039 139 69 19
277478.805292 2111310.430880 136.227214 34 139 34
277163.718052 2110511.761592 61.530693 139 69 19
277272.164336 2111288.436535 108.348708 139 69 19
276985.474349 2111481.726712 107.466903 139 69 19
277427.992973 2110751.849559 85.112055 139 69 19
277332.138202 2111068.591629 122.882869 139 69 19
277417.631998 2111265.560442 90.686506 34 139 34
277071.474611 2111176.710307 107.640126 34 139 34
276878.308382 2111122.915087 125.873124 139 69 19
277106.418018 2111192.832682 117.878871 139 69 19
276921.985863 2111644.787109 142.703740 139 69 19
277363.799074 2110689.854081 100.333280 139 69 19
277367.798250 2110641.720362 81.545083 139 69 19
277626.628563 2111421.052001 131.658377 139 69 19
276536.874464 2111145.807956 117.177730 34 139 34
276847.225885 2111038.274373 119.840829 34 139 34
276841.397272 2111510.492179 151.306201 139 69 19
276631.811768 2111112.569033 116.195734 34 139 34
277019.881886 2111345.326811 135.129183 34 139 34
277542.369271 2111094.335951 92.023932 34 139 34
276784.380019 2110976.022929 97.428356 139 69 19
277640.092581 2111324.318271 110.106462 139 69 19
277722.972295 2111425.282391 117.268110 34 139 34
277196.671470 2111339.620673 128.519813 139 69 19
276908.526386 2110851.727614 110.702415 139 69 19
277175.509821 2111574.476403 130.710519 139 69 19
277335.761494 2111047.156435 93.083096 139 69 19
277679.539936 2111132.263161 96.745119 34 139 34
276744.390160 2111415.350633 130.357811 34 139 34
277214.825265 2111525.146020 150.498257 139 69 19
277451.645487 2110941.395768 93.911272 139 69 19
277571.968887 2111348.260245 118.083661 139 69 19
277277.498813 2110918.278570 87.968928 139 69 19
277140.180989 2110571.967114 68.198452 34 139 34
277836.168295 2111206.349145 104.969258 139 69 19
276600.832612 2111307.540872 139.976246 139 69 19
276660.811603 2111157.766486 128.697682 34 139 34
277337.417103 2111087.849371 109.380222 34 139 34
277595.172727 2111461.882991 115.617061 34 139 34
277786.689102 2111124.853878 93.610447 139 69 19
277036.094860 2111274.942348 135.436124 139 69 19
276730.578416 2111105.701063 112.577058 34 139 34
277054.485890 2111094.781254 117.015253 139 69 19
277221.829022 2110758.069149 93.458845 34 139 34
277798.403022 2111281.373076 124.629660 139 69 19
277377.708488 2111319.812121 108.499073 139 69 19
277536.966723 2111388.526410 123.441225 34 139 34
277489.675729 2111569.866551 115.755713 34 139 34
277177.124298 2110716.719082 81.748248 139 69 19
276742.761909 2111206.823486 118.318191 139 69 19
277163.019481 2111526.399782 115.948339 139 69 19
276736.436778 2111354.219181 111.704590 34 139 34
277490.816606 2110863.061005 86.972125 34 139 34
277184.615845 2111515.412342 131.898946 34 139 34
277619.431715 2111328.080431 98.771044 34 139 34
276750.100892 2111215.092897 103.100484 34 139 34
276888.865282 2111380.150560 126.242032 139 69 19
277297.574946 2111141.912288 117.174443 139 69 19
276567.710334 2111053.089210 101.831277 139 69 19
277604.724662 2111478.830274 129.735904 139 69 19
277274.754557 2110473.831627 84.999433 34 139 34
277121.671699 2111122.175903 116.211496 139 69 19
277530.985165 2111133.550941 90.140540 139 69 19
276583.545930 2111191.948358 106.534993 139 69 19
277717.983233 2111226.546408 110.787577 139 69 19
276831.558421 2110866.111042 105.526288 139 69 19
277944.264952 2111208.664833 107.528954 139 69 19
276809.003021 2111246.742458 105.284998 34 139 34
277034.159952 2111498.282725 119.884888 139 69 19
277348.554972 2111635.634118 135.307872 139 69 19
276663.428442 2111292.835827 123.349030 139 69 19
277483.791105 2111568.458196 117.739709 139 69 19
277436.060150 2111107.632315 114.544549 34 139 34
277740.968340 2111187.612165 109.650820 34 139 34
277086.350163 2111275.082852 126.131372 139 69 19
277387.540820 2111281.544680 121.747940 139 69 19
276768.073361 2111400.406711 125.893171 34 139 34
276794.325733 2111072.480068 109.730518 34 139 34
277360.781747 2111323.476538 139.618487 139 69 19
277020.305420 2110871.015515 111.698124 139 69 19
277024.708749 2111611.502576 126.536442 34 139 34
277868.635656 2111211.376053 93.226258 139 69 19
277494.137386 2111590.086799 151.123134 139 69 19
277095.397677 2111474.788311 122.616122 139 69 19
277506.367464 2111101.327136 112.778319 139 69 19
277143.847338 2111031.747274 112.285207 139 69 19
277579.953375 2111444.911083 105.093968 34 139 34
277363.540949 2111695.099440 111.605636 139 69 19
277556.505559 2110886.416096 92.013439 139 69 19
276881.516051 2111495.235449 135.862538 34 139 34
277006.684553 2110760.891520 104.393510 34 139 34
277045.833824 2111097.585536 111.323481 34 139 34
276871.368161 2111045.802062 102.164513 139 69 19
277161.177084 2111280.438764 108.161263 139 69 19
277041.401822 2111124.135027 115.779628 139 69 19
276736.101040 2110952.830750 103.687082 34 139 34
277465.245282 2110972.691007 101.243223 139 69 19
276888.222040 2110921.970055 96.904933 139 69 19
277215.826984 2111684.296575 112.543765 34 139 34
276627.355099 2111105.235909 119.408016 34 139 34
276800.089146 2111054.657906 124.927336 34 139 34
276839.187588 2111327.462728 131.426211 139 69 19
277249.813374 2110810.792618 100.544509 34 139 34
276827.745679 2111363.913435 120.033645 139 69 19
276851.935747 2111427.550546 134.118933 139 69 19
277755.429112 2111204.565547 101.251031 34 139 34
277701.041957 2111323.281455 100.983566 139 69 19
277232.025871 2111245.378200 104.487457 34 139 34
276879.790236 2111042.846954 99.331596 139 69 19
277721.540641 2111264.151188 105.708420 139 69 19
277913.498657 2111247.865984 105.621552 34 139 34
277486.974384 2110734.516480 84.254762 34 139 34
277127.389440 2111489.148959 134.577567 34 139 34
277014.100475 2111194.716992 120.256179 139 69 19
277130.470911 2110641.222070 77.433294 139 69 19
276949.981786 2110899.339889 102.919113 34 139 34
277305.648526 2110953.012677 88.040575 139 69 19
276914.633236 2110981.534770 91.486145 34 139 34
277372.051717 2110661.976001 78.278598 34 139 34
277138.766238 2110631.156042 100.847105 139 69 19
277838.142811 2111251.850611 99.857299 34 139 34
277559.750866 2111495.058123 120.766396 34 139 34
277214.094584 2111381.684557 137.399948 139 69 19
276788.354820 2111476.634558 112.391631 139 69 19
277589.205281 2110926.736092 104.728094 34 139 34
277278.407397 2111409.248988 114.598689 34 139 34
276843.371732 2111068.141345 112.510146 139 69 19
277006.916016 2111119.105657 127.167623 139 69 19
277424.220326 2111515.060846 110.477282 34 139 34
277340.529052 2111676.854172 115.833858 139 69 19
277279.416991 2111364.812088 120.499091 139 69 19
277024.210626 2111175.959414 113.744191 139 69 19
277274.278352 2110528.579163 87.246683 139 69 19
277353.919499 2111273.572188 105.314429 34 139 34
277806.883553 2111332.550347 122.444925 139 69 19
277803.669876 2111292.434106 99.496252 139 69 19
277232.977836 2110446.531445 82.098934 34 139 34
276998.020910 2111597.168266 132.132762 34 139 34
276948.756855 2110690.339146 72.103266 139 69 19
277223.022415 2110692.913354 104.881156 139 69 19
277001.678912 2111757.941038 145.810232 139 69 19
277237.073996 2111835.318903 154.848675 34 139 34
277110.395229 2111574.745696 113.789318 139 69 19
276509.769858 2111185.876126 127.558097 139 69 19
276993.058707 2111161.515588 122.704255 34 139 34
277161.130639 2111776.776240 130.991724 34 139 34
277080.764186 2110970.272201 112.516276 34 139 34
277016.054827 2110899.230884 110.820667 139 69 19
276696.899579 2111092.724539 104.113567 34 139 34
277185.482533 2110542.705676 88.617563 139 69 19
277156.179148 2111043.592513 107.092175 139 69 19
276963.635885 2111557.824956 151.513898 34 139 34
277109.665754 2110919.680519 101.127100 139 69 19
277208.263278 2111737.859169 153.606503 139 69 19
277682.627485 2111224.236872 117.700636 139 69 19
277185.223426 2110725.573632 91.041627 34 139 34
277064.768443 2111322.857734 132.948946 139 69 19
277109.860865 2111237.734132 102.699867 139 69 19
277299.509071 2111093.213878 111.227539 139 69 19
277135.602766 2111065.726109 115.453989 34 139 34
276718.031688 2111172.689886 117.785829 139 69 19
276870.003209 2111187.506775 115.577844 139 69 19
277181.791960 2111738.602311 131.542633 139 69 19
276994.998430 2111364.574429 131.893938 34 139 34
277440.959639 2111498.137362 119.445933 139 69 19
276911.455630 2110841.334585 101.950495 139 69 19
277039.317048 2111148.309829 93.540373 139 69 19
277566.247025 2110974.268440 91.124886 34 139 34
277096.027377 2111820.927076 134.487081 139 69 19
276660.182967 2111054.694418 113.717326 139 69 19
277229.844631 2110923.157747 106.976731 34 139 34
276926.104711 2110920.179793 113.774594 34 139 34
277113.251009 2111068.933019 105.231079 139 69 19
276942.098975 2111245.583952 140.615138 34 139 34
277615.071115 2111154.896917 112.303766 34 139 34
276849.994839 2110793.768538 100.369939 139 69 19
276608.145214 2111257.201169 134.179207 139 69 19
277214.370168 2110760.276551 84.560118 139 69 19
277082.057076 2111675.072669 117.214774 139 69 19
277338.786168 2110690.450364 74.183464 139 69 19
276758.013671 2111262.498430 128.415951 139 69 19
277368.480590 2111116.708772 85.416923 139 69 19
276799.976956 2111393.328138 125.803811 139 69 19
277738.348080 2111082.566658 94.996404 34 139 34
277051.110962 2110621.108650 78.158430 34 139 34
276966.098040 2111661.134643 154.483230 139 69 19
277559.442625 2111013.673952 96.479776 139 69 19
277025.526197 2111632.075713 130.038301 34 139 34
277214.336334 2111360.937154 120.692667 34 139 34
277191.775230 2111649.075948 136.076744 139 69 19
277664.045753 2111042.528853 99.935895 34 139 34
276708.178668 2111005.895058 104.734986 139 69 19
277681.100959 2111223.794256 102.378247 34 139 34
277267.177641 2111530.925068 133.936343 34 139 34
277094.973839 2111752.157802 133.975206 139 69 19
277022.467678 2111579.841396 127.620248 34 139 34
276721.210344 2111048.237923 106.549500 34 139 34
277184.129257 2110783.787686 97.789166 139 69 19
277207.441298 2111155.763328 104.892038 139 69 19
277355.000427 2111377.498284 97.926484 139 69 19
277405.468105 2111141.704498 89.617633 139 69 19
276738.158482 2111004.040957 120.498503 139 69 19
277131.195315 2111706.576082 150.776727 139 69 19
276938.051490 2111056.076277 97.907672 34 139 34
277477.012367 2111225.934883 103.649556 139 69 19
277283.187120 2110689.725021 100.188983 139 69 19
277665.825279 2111302.821916 110.572826 139 69 19
277671.855419 2111065.285000 100.722682 34 139 34
276499.734574 2111180.420835 115.513278 34 139 34
277327.233941 2110573.262434 81.995543 139 69 19
277243.172218 2110472.919557 95.156042 34 139 34
276866.724705 2110979.424617 108.733985 34 139 34
277084.865634 2111312.670455 115.054957 34 139 34
277279.398794 2110564.585925 90.603889 34 139 34
276850.198936 2110839.362293 91.727901 34 139 34
277899.817049 2111185.228612 110.486360 34 139 34
277683.211354 2111061.686308 119.652875 34 139 34
277214.232455 2111814.557239 140.778526 139 69 19
276934.133216 2110771.128624 70.754928 34 139 34
277732.350116 2111166.790726 89.590313 34 139 34
277181.811121 2111553.519599 138.301987 34 139 34
276852.435815 2110779.904376 103.572125 34 139 34
277079.327807 2111655.095383 142.411639 34 139 34
277407.763106 2111239.926516 121.235374 34 139 34
277102.732663 2111598.044225 134.581219 139 69 19
277011.589001 2111507.262348 118.292914 34 139 34
277396.466741 2110768.048274 84.786611 34 139 34
277669.832823 2111046.390407 97.586628 34 139 34
276808.869304 2110911.239496 111.446861 139 69 19
277588.769609 2111541.598983 122.455292 34 139 34
277331.810529 2111653.996965 139.283552 34 139 34
276912.979297 2111063.767233 105.253053 34 139 34
277599.556492 2110963.315155 111.501362 34 139 34
277646.777512 2110917.060797 95.719765 34 139 34
277502.039400 2111549.055618 134.895158 139 69 19
277562.599088 2111445.678068 106.714721 139 69 19
277383.030841 2111140.064389 93.866722 139 69 19
277282.266546 2110921.455422 121.595339 34 139 34
277541.361042 2111513.589202 109.587540 34 139 34
277308.229708 2111312.552789 128.116319 139 69 19
277460.002313 2110718.552230 64.647343 34 139 34
276572.765265 2111268.757134 120.840984 34 139 34
277304.231748 2110998.294091 111.095751 139 69 19
276747.184509 2111025.759813 114.376849 34 139 34
277227.207411 2110961.964232 104.485942 34 139 34
277532.593956 2111603.029230 110.584918 139 69 19
277730.599164 2111035.406199 98.607841 34 139 34
277786.558824 2111052.867187 92.858287 139 69 19
276839.035688 2111569.428830 146.870184 34 139 34
277620.996030 2111028.371390 96.181156 139 69 19
276840.054107 2111298.880909 117.896229 34 139 34
277300.406401 2110647.025177 78.617565 139 69 19
277181.139457 2111818.733046 146.221757 34 139 34
276881.763196 2111312.978073 119.160788 34 139 34
277246.429287 2111288.545457 114.225132 139 69 19
277103.526950 2111682.218291 138.610863 139 69 19
276927.288323 2111093.008464 113.180046 139 69 19
276521.816151 2111241.215116 130.012260 139 69 19
277594.170085 2111008.122049 92.919744 34 139 34
277156.535813 2110931.600889 92.134566 139 69 19
277770.662810 2111077.353452 89.041898 34 139 34
276762.956045 2111418.608829 115.900587 34 139 34
276707.737670 2111148.722032 117.120550 139 69 19
277577.546547 2111203.286361 105.220145 34 139 34
277614.670098 2110927.433395 87.136522 34 139 34
277461.115117 2110941.538284 113.488338 139 69 19
277229.187568 2110514.658155 72.341153 139 69 19
276925.985390 2110903.000628 92.161835 34 139 34
277045.041270 2111394.252038 113.779158 34 139 34
276829.609106 2111061.350125 115.365241 34 139 34
277229.952040 2111858.286570 148.128386 34 139 34
277471.614085 2111024.153081 93.414892 139 69 19
277081.795360 2111735.495343 146.422889 34 139 34
277430.544369 2111221.579866 114.045486 34 139 34
277546.929933 2111583.769031 120.108192 139 69 19
276798.573621 2111294.823740 117.851113 139 69 19
277332.249650 2110682.331526 84.899556 139 69 19
277173.589581 2111190.025290 103.527531 139 69 19
276970.994639 2111305.128084 115.480525 34 139 34
277633.170531 2111452.914041 120.502318 34 139 34
277305.729604 2110889.116642 106.665495 34 139 34
277156.474762 2111100.076388 96.121882 139 69 19
277048.068802 2110716.191617 93.947791 139 69 19
277210.169649 2111616.251303 140.932682 139 69 19
276868.088497 2111409.630607 137.174515 139 69 19
276839.747925 2111297.595376 125.108266 34 139 34
277704.565980 2111329.654903 109.398747 34 139 34
276764.746018 2110919.281113 101.170642 34 139 34
277612.432125 2111527.553141 110.497639 139 69 19
276860.506319 2111460.930264 122.298392 34 139 34
277014.455727 2110856.563054 97.886847 34 139 34
276905.749638 2111283.178294 134.165311 34 139 34
277333.689612 2111546.516010 124.450202 34 139 34
277437.179874 2111429.127032 120.866790 34 139 34
277320.892687 2110734.481794 91.662915 34 139 34
276800.735816 2111164.833813 138.842722 139 69 19
277295.317861 2110912.435486 89.796595 139 69 19
277848.642458 2111271.003376 98.126538 34 139 34
277260.457667 2111468.339930 118.806898 34 139 34
277241.815148 2110466.942011 87.760013 34 139 34
277577.644130 2110878.341813 85.207678 139 69 19
277467.729071 2110717.916259 83.624436 139 69 19
277548.135552 2110862.010145 86.221744 139 69 19
277399.740762 2111019.958521 84.520281 34 139 34
276784.354482 2111000.858827 89.628690 139 69 19
276912.348326 2110904.133317 93.221114 139 69 19
277502.906189 2111317.246501 137.276967 34 139 34
277309.263130 2110822.744456 86.165076 34 139 34
276884.581533 2111551.883417 118.245535 34 139 34
276737.925239 2111076.175775 110.685520 139 69 19
277529.749667 2110966.580160 82.610097 34 139 34
277123.009476 2111152.846369 120.336070 34 139 34
277120.502308 2111523.058307 133.772021 34 139 34
277240.485184 2111315.040944 117.025017 34 139 34
277718.288478 2111304.464519 103.437659 34 139 34
277136.378519 2111509.625887 126.046897 139 69 19
277348.728646 2111421.626026 98.641744 139 69 19
277559.613177 2111423.595197 120.770182 139 69 19
277100.424008 2110822.617058 99.826573 139 69 19
277806.035235 2111323.309356 132.780567 34 139 34
276719.123871 2111199.943901 132.443721 34 139 34
276750.704023 2111133.124542 124.699692 139 69 19
276901.964775 2111286.624654 132.247713 34 139 34
277122.743022 2110986.816487 118.906834 34 139 34
276851.993266 2111457.821165 136.502606 34 139 34
277595.149793 2111180.463371 87.731894 34 139 34
276997.199163 2111055.260667 110.989750 34 139 34
277164.160379 2110787.068422 79.214983 139 69 19
277723.094536 2111261.555372 112.917481 34 139 34
276784.448932 2110922.163108 107.242308 139 69 19
277223.031088 2110978.850320 71.737829 34 139 34
277175.760490 2111490.065040 113.295484 139 69 19
277352.928454 2110549.171826 66.946949 34 139 34
277123.908881 2110929.449625 108.999388 34 139 34
277373.540114 2111663.429825 133.541558 139 69 19
277445.179178 2111105.895995 118.092636 139 69 19
276969.392790 2111336.385381 120.168294 139 69 19
277195.699437 2110907.020481 118.282565 139 69 19
276925.187397 2111553.202122 153.215670 139 69 19
277728.102829 2111153.238625 130.755860 139 69 19
277412.558611 2110654.282884 91.804259 34 139 34
276643.590312 2111082.981396 112.023617 34 139 34
277256.758272 2111153.403488 107.313027 139 69 19
277381.770227 2111651.963413 128.998153 34 139 34
276818.685094 2111279.122723 89.373749 34 139 34
277509.862552 2111427.450805 130.841166 34 139 34
277461.082413 2110749.954060 85.643530 34 139 34
277103.060078 2111260.984002 112.888747 34 139 34
277653.416699 2110943.469401 86.865245 34 139 34
277046.900013 2111176.217607 111.314828 139 69 19
276950.624872 2111655.095267 127.232514 34 139 34
276833.668813 2110944.620072 99.514911 139 69 19
276580.633491 2111089.424253 120.936680 139 69 19
276663.378973 2111361.580652 105.007783 139 69 19
277138.168000 2111487.672947 133.174466 34 139 34
277582.429579 2111015.258501 82.658315 139 69 19
277352.713081 2111125.529048 97.974513 139 69 19
277493.935657 2111253.715803 121.316375 34 139 34
277450.665403 2111357.465539 120.355178 139 69 19
277334.881567 2111489.628084 110.575390 139 69 19
277511.333478 2111236.673109 106.174994 34 139 34
277414.060945 2110986.308598 102.323556 34 139 34
277540.006627 2111427.359469 116.192572 139 69 19
277005.586734 2111079.241772 116.159182 34 139 34
277296.290970 2110744.525592 77.227409 34 139 34
277545.698707 2110921.666058 90.321035 34 139 34
277735.134599 2111371.699034 135.314261 34 139 34
277511.136206 2111321.777647 105.915910 139 69 19
277694.404548 2111398.585883 132.044221 34 139 34
277449.630397 2110914.497621 120.831471 139 69 19
277124.539084 2110708.334277 108.990857 139 69 19
277495.695118 2110920.587422 90.349245 34 139 34
277303.550249 2111096.414302 102.627531 34 139 34
277303.145334 2111500.348698 142.731910 34 139 34
276974.188513 2110945.534634 103.588142 34 139 34
277228.355584 2110440.172992 84.520187 139 69 19
277178.967797 2111759.540280 151.838125 34 139 34
276934.086516 2111621.017689 123.682786 139 69 19
277360.521198 2110601.146001 73.580316 34 139 34
276697.003932 2111177.893230 126.130057 34 139 34
277145.135104 2111383.569849 112.844734 34 139 34
277007.147628 2111270.892078 115.437492 34 139 34
277523.917950 2111003.809215 97.344898 139 69 19
277686.167418 2111080.099666 86.327264 34 139 34
277735.130593 2111045.471089 94.049135 139 69 19
276756.230986 2111477.556573 131.348366 34 139 34
277304.928812 2110880.036615 91.930825 34 139 34
277026.195433 2111226.639437 106.201171 139 69 19
277213.982296 2111192.627292 112.511814 139 69 19
277421.801546 2110662.136025 83.889458 139 69 19
277041.679680 2111685.009083 134.078673 34 139 34
277528.194344 2111458.209057 125.950282 34 139 34
277278.990102 2110870.539196 92.890120 139 69 19
277005.871395 2111635.737226 151.008052 139 69 19
277189.388513 2111350.099750 95.475913 34 139 34
277557.230145 2111305.195424 110.921440 34 139 34
276775.862532 2110859.224152 79.859207 139 69 19
276809.605431 2111553.492736 137.537698 139 69 19
277102.389628 2111254.016974 113.890895 139 69 19
277547.712587 2111085.839505 86.085144 139 69 19
277698.575211 2111211.970500 109.569314 34 139 34
277314.517363 2110610.112664 77.842237 34 139 34
276595.389937 2111162.432765 131.174240 139 69 19
276966.265952 2111489.702447 138.703339 34 139 34
276943.800722 2111332.331596 110.897776 34 139 34
277388.558237 2110897.526245 85.142431 34 139 34
276812.638228 2111548.530019 143.488575 34 139 34
276830.973303 2111387.326130 135.297744 139 69 19
277532.613350 2111588.735649 145.461637 139 69 19
277696.183872 2111064.454026 98.051185 139 69 19
276993.272047 2110808.869874 89.041735 139 69 19
277349.542532 2111520.416068 148.672821 34 139 34
276850.455350 2111291.992064 99.749735 34 139 34
277358.256396 2111008.768972 97.770989 139 69 19
276969.699494 2111340.975724 122.075932 34 139 34
276994.411868 2111217.346569 117.154990 139 69 19
277248.565892 2111830.905070 153.139233 34 139 34
277063.014584 2111687.987799 127.309054 34 139 34
277516.583561 2111422.929428 128.273060 139 69 19
277045.994008 2111481.060388 122.760855 139 69 19
276923.640253 2111387.224507 125.794647 139 69 19
277005.422957 2110685.610446 83.473982 34 139 34
277386.815196 2111571.696778 123.058186 34 139 34
277004.549258 2111302.620708 106.195057 34 139 34
277119.444837 2110539.901961 78.929278 34 139 34
277336.786030 2111152.251181 90.473554 139 69 19
277244.082343 2110791.516053 113.515185 139 69 19
277035.406459 2111293.636450 104.154426 34 139 34
277730.766239 2111112.175422 85.086699 139 69 19
277160.689620 2111044.195826 112.456667 139 69 19
276735.321443 2111448.916629 124.547441 34 139 34
277289.059470 2111302.273970 123.127456 139 69 19
277584.054864 2111546.447403 122.060074 34 139 34
277184.371079 2110518.409305 75.721903 139 69 19
277110.545208 2111880.152665 124.943221 139 69 19
277208.925065 2110453.009730 60.704306 139 69 19
277118.281524 2111325.915455 128.774815 34 139 34
277652.431208 2111154.378907 103.887116 139 69 19
277178.188109 2111319.301105 99.046826 34 139 34
277488.691752 2111512.987939 115.379147 34 139 34
276920.249378 2111295.343327 108.236587 34 139 34
277490.127422 2111614.479378 111.091010 34 139 34
276931.187741 2111112.482027 123.779722 139 69 19
277399.090572 2110948.012551 86.299440 139 69 19
276828.194920 2111463.368561 132.359699 34 139 34
277346.826892 2111604.947859 126.100332 139 69 19
276944.065432 2111668.166306 130.651309 34 139 34
277458.147821 2111467.476556 135.791553 34 139 34
277339.688498 2111782.779179 150.521417 34 139 34
277096.666727 2111593.106317 139.333975 139 69 19
276641.043655 2111070.404483 120.682463 34 139 34
276942.513787 2111470.902159 110.938757 139 69 19
276955.147751 2111174.462607 123.917704 139 69 19
276911.664916 2110765.028143 80.733103 34 139 34
277392.063722 2111510.409105 125.528465 139 69 19
276860.128312 2111170.384645 115.828976 139 69 19
277733.392811 2111409.628855 99.083032 139 69 19
277362.867684 2111718.251731 143.135665 34 139 34
276582.451783 2111297.690014 125.997699 34 139 34
277019.296524 2111318.501552 114.024631 34 139 34
276739.573404 2111372.733232 120.314280 34 139 34
276455.285951 2111165.843756 125.035392 34 139 34
276676.171146 2111134.649774 131.590924 34 139 34
277211.594186 2110784.827240 87.956465 139 69 19
276761.469360 2111263.828679 100.961482 34 139 34
277003.121325 2110850.464818 120.856690 34 139 34
276969.585550 2110961.254607 95.154070 34 139 34
277496.011591 2111643.006224 126.358469 139 69 19
277650.337565 2111405.231787 136.402769 139 69 19
277370.597403 2110671.417773 99.942816 139 69 19
277082.753922 2110729.480512 89.886218 34 139 34
277404.611194 2110907.080966 106.604560 34 139 34
277064.090216 2111654.609661 131.193886 139 69 19
277493.917266 2111199.435159 119.189956 139 69 19
277008.319269 2111003.124307 92.621416 139 69 19
277026.951057 2111202.476063 113.310181 139 69 19
277351.550126 2111404.158742 118.516757 139 69 19
276832.328942 2110981.613869 108.553225 139 69 19
277238.858384 2111411.246642 113.452383 139 69 19
277414.303645 2111618.480805 114.979554 34 139 34
277585.344035 2111042.435397 111.739399 34 139 34
277003.305441 2110999.436577 121.172115 34 139 34
277802.762788 2111306.169905 101.553641 139 69 19
277167.860213 2111354.317646 118.861520 139 69 19
276804.738690 2111377.303409 136.912788 34 139 34
277355.828323 2111033.603604 92.545212 139 69 19
277187.451801 2111159.871692 115.564121 139 69 19
276593.640152 2111064.035948 115.955161 139 69 19
276996.616554 2111325.067520 135.178890 34 139 34
277803.138878 2111271.651815 108.504937 139 69 19
277436.324766 2111366.590273 105.637540 34 139 34
277240.943025 2111265.313214 99.019700 34 139 34
276956.001907 2110863.306208 98.958436 34 139 34
277106.974038 2110673.997109 98.049587 34 139 34
276797.022574 2111387.655456 127.824240 139 69 19
276938.811920 2111526.993210 124.931062 34 139 34
276826.880457 2111406.402885 120.652375 139 69 19
276695.576041 2111139.147294 117.182258 139 69 19
276991.753747 2110917.808187 90.115284 34 139 34
277090.546248 2111314.541204 110.620383 139 69 19
277021.665948 2111034.053995 97.483017 34 139 34
277375.164683 2110637.343921 80.450256 139 69 19
276977.025654 2110803.850419 100.035485 34 139 34
277493.567358 2111411.323594 115.781039 139 69 19
277327.064736 2111781.631547 158.292744 139 69 19
276806.493164 2111254.904867 105.350525 139 69 19
277234.442422 2110442.680599 95.557557 34 139 34
277109.524655 2110593.438193 87.658853 34 139 34
276880.184269 2111030.303359 123.152214 139 69 19
277545.717830 2111256.167327 96.109742 139 69 19
277134.161809 2110681.607276 85.788909 34 139 34
277670.473628 2110933.235684 81.242634 34 139 34
277538.762346 2111226.636894 88.038116 139 69 19
276758.656526 2111430.995255 118.559021 139 69 19
277103.887027 2111497.298905 132.135861 139 69 19
276959.965595 2111001.140587 102.370681 34 139 34
277390.513721 2111027.655200 70.190339 139 69 19
276904.324314 2111354.760395 112.458048 139 69 19
277209.149013 2110552.924142 85.065218 34 139 34
277187.268153 2111624.248409 152.446110 139 69 19
276992.923813 2111118.431970 90.491444 34 139 34
277823.292771 2111139.037335 105.721969 139 69 19
276710.423028 2111423.279989 124.061763 34 139 34
277540.280750 2111060.127559 102.774761 139 69 19
277415.429240 2111007.447181 97.240141 34 139 34
276859.439300 2110868.845421 107.019525 34 139 34
276639.470651 2111041.082746 122.938508 139 69 19
277775.598655 2111131.790089 127.597936 139 69 19
277032.938084 2111251.222781 107.854078 139 69 19
277548.186854 2110941.100807 82.624117 139 69 19
276846.526189 2111558.152131 116.357490 34 139 34
276989.115300 2111653.433797 127.968696 34 139 34
277344.736388 2110843.678397 94.238147 139 69 19
277046.397023 2111482.576383 144.656755 34 139 34
277035.925578 2111015.141843 103.827477 34 139 34
276901.466736 2110935.665652 98.254281 34 139 34
276926.892551 2111299.764000 114.581018 34 139 34
276798.631515 2111082.456164 99.293633 139 69 19
277670.851043 2111411.943191 113.119778 139 69 19
277862.441407 2111142.835496 117.441840 34 139 34
276616.041060 2111205.561018 113.160445 34 139 34
277271.010661 2110508.960037 88.467475 139 69 19
276820.088228 2110906.178353 105.004440 34 139 34
277377.312724 2110592.977110 80.244224 34 139 34
277239.942809 2110856.905219 100.767093 34 139 34
277090.806555 2110774.105544 88.594425 139 69 19
277335.318198 2111739.630481 146.308608 139 69 19
276884.994706 2110966.962554 113.036760 139 69 19
277243.008312 2110638.343862 109.059125 34 139 34
277430.204355 2110841.283332 94.205561 139 69 19
277867.615436 2111133.211307 100.532508 139 69 19
277091.848258 2111606.971919 134.721124 34 139 34
277112.572999 2110858.068011 92.263609 34 139 34
277191.516904 2111346.078477 130.427267 34 139 34
277326.167110 2111345.352324 119.740882 139 69 19
277811.547708 2111170.155511 98.507705 34 139 34
277422.338768 2111127.785438 96.568066 139 69 19
277067.558677 2110906.508157 99.722132 139 69 19
277054.654853 2111388.971677 146.132194 139 69 19
277264.242028 2111401.687305 120.143734 34 139 34
277641.054701 2110916.226507 98.695880 34 139 34
276677.350767 2111291.036592 111.887059 139 69 19
277039.025078 2111611.734748 136.461671 139 69 19
276746.415258 2111057.963773 100.359266 139 69 19
277391.758882 2111312.115981 112.616370 139 69 19
277224.971905 2111256.819825 106.371199 139 69 19
277302.101599 2111436.144039 123.066071 139 69 19
276945.393483 2111554.785867 147.277310 34 139 34
276925.327832 2110708.520087 94.669883 34 139 34
276672.769805 2111197.869137 108.752085 34 139 34
277329.507668 2110797.348508 101.307481 34 139 34
277265.366731 2110590.126649 82.526778 34 139 34
277397.263505 2111623.103855 126.691478 34 139 34
277292.293392 2110558.269145 83.248670 34 139 34
277269.362469 2111620.315589 125.204945 139 69 19
276939.585749 2111184.948796 114.704597 139 69 19
277487.852997 2111218.450917 102.383948 34 139 34
277451.002904 2110995.596040 105.167011 34 139 34
277299.945178 2110954.725653 106.959782 34 139 34
277446.201783 2111058.302265 101.644860 139 69 19
277223.417959 2111574.718180 134.694018 34 139 34
277263.892279 2110850.916840 92.554364 34 139 34
276962.258546 2110888.358623 91.210895 139 69 19
277495.028397 2111303.240379 124.088540 34 139 34
276508.247033 2111110.885556 102.096964 139 69 19
277091.058859 2111655.731037 138.822861 34 139 34
277499.420329 2111476.536144 120.857899 34 139 34
277142.601012 2111017.946592 111.377076 139 69 19
277226.750457 2110834.814811 90.562577 139 69 19
277441.496741 2111679.440264 124.767610 139 69 19
277098.919185 2110866.453604 108.628404 34 139 34
277137.245629 2111571.301163 128.387047 139 69 19
277371.773375 2111261.869519 102.364780 139 69 19
277020.443655 2110868.116103 86.094028 34 139 34
277731.963048 2111073.170118 100.291742 139 69 19
277524.397852 2111490.418281 106.711704 139 69 19
276941.096963 2110700.988239 94.465612 34 139 34
277672.631645 2111453.497394 124.193598 34 139 34
276866.740437 2110844.922358 103.671894 139 69 19
277273.829189 2110566.098828 67.958422 139 69 19
276597.169648 2111208.753036 112.796089 34 139 34
277151.706163 2111529.288000 124.073004 139 69 19
277274.869302 2110609.373804 80.816191 34 139 34
276935.552591 2111685.614453 145.083901 34 139 34
277492.238007 2110888.927259 88.826122 139 69 19
277622.669486 2110954.109119 92.905447 139 69 19
277016.393277 2111748.774247 121.292030 139 69 19
276752.899672 2111246.136398 119.014656 139 69 19
277246.527499 2110727.402368 83.791794 34 139 34
276647.816567 2111131.894711 120.404718 139 69 19
276924.748626 2110847.622664 110.162965 139 69 19
277043.662604 2111591.699364 154.740734 34 139 34
276884.200783 2111383.248204 135.735719 34 139 34
276724.770984 2110937.753440 82.715170 139 69 19
277662.518044 2111251.366975 94.398280 139 69 19
276682.593068 2111145.950696 105.994117 34 139 34
277737.276662 2111210.089027 104.571632 139 69 19
277260.550956 2110996.767029 112.778127 139 69 19
277260.118854 2111171.465630 77.161426 34 139 34
277709.932970 2111164.031348 107.839753 139 69 19
277426.422668 2111112.895628 100.659766 34 139 34
277514.896895 2110743.637914 83.896224 139 69 19
276861.514665 2110821.459807 103.186943 34 139 34
277027.171924 2111205.367747 104.790681 139 69 19
277218.273253 2110969.086300 85.769483 139 69 19
277446.177702 2111634.668016 128.502892 34 139 34
276697.171263 2111076.047345 105.486509 139 69 19
276574.445635 2111258.760540 123.390900 34 139 34
277640.566525 2111483.940541 117.981952 139 69 19
277746.582821 2111058.065327 81.377607 139 69 19
276924.493616 2111425.345578 130.467736 139 69 19
276746.649386 2111024.151070 114.864463 139 69 19
276860.258867 2111066.901333 117.122857 139 69 19
276866.142529 2111444.745569 98.527149 139 69 19
276998.779497 2110675.114623 92.779160 139 69 19
277373.459782 2111114.545720 136.265934 139 69 19
277370.192958 2111004.132564 116.810852 139 69 19
277078.714073 2110929.214831 106.958049 139 69 19
277182.008126 2111157.795987 103.092004 34 139 34
276997.064558 2111481.022732 139.481568 139 69 19
276748.612288 2111401.229876 136.542326 139 69 19
277099.806082 2111150.184162 120.551673 34 139 34
277311.593123 2111476.225641 128.001035 139 69 19
277055.753509 2111174.520588 115.151955 139 69 19
277246.836894 2111759.203383 117.471876 139 69 19
276943.917741 2111526.172285 125.886086 139 69 19
276805.100420 2111403.155972 132.664579 34 139 34
277180.979882 2111801.006788 141.440402 139 69 19
277483.700598 2111159.186620 100.942211 34 139 34
277304.343277 2111184.930882 124.144482 34 139 34
277216.862039 2111742.292147 134.933409 139 69 19
276744.385744 2111062.298349 108.600165 139 69 19
277720.033441 2111090.959541 91.560605 139 69 19
277406.901224 2111665.711590 129.633815 139 69 19
277253.244018 2111256.200112 123.042637 34 139 34
277470.144861 2111316.516338 114.024913 34 139 34
277415.834048 2110999.188290 87.988692 34 139 34
277020.620698 2111355.685870 121.252991 139 69 19
276981.767563 2111736.082038 142.328220 139 69 19
277182.047156 2111158.856584 112.254589 34 139 34
276679.887656 2111349.059290 119.574278 34 139 34
277379.196005 2111527.054991 142.526904 34 139 34
277748.081524 2111333.439159 107.083137 139 69 19
277556.057229 2110971.210143 94.668274 139 69 19
277354.090697 2111041.945444 117.424925 139 69 19
277061.197347 2111147.298529 103.816098 139 69 19
277508.475426 2111482.784383 121.392512 34 139 34
277376.445121 2110807.529056 91.152331 139 69 19
276800.518051 2111124.787203 110.758786 34 139 34
276558.999199 2111251.916134 125.688696 139 69 19
277561.824512 2111480.063467 116.121600 139 69 19
277175.802127 2110759.122928 106.769535 139 69 19
276816.262899 2111154.908947 105.121204 139 69 19
276811.376890 2110923.347800 85.889859 139 69 19
276879.599438 2111161.956937 122.593747 139 69 19
277428.737835 2111480.869106 103.386677 34 139 34
276812.825969 2111357.801437 141.657271 34 139 34
276955.763393 2111468.822814 122.146126 139 69 19
277315.461596 2111243.827883 116.059270 34 139 34
276911.001159 2111190.353145 95.668155 34 139 34
276594.585364 2111261.273512 133.091365 34 139 34
277404.087033 2110988.390936 99.490514 139 69 19
277634.110753 2111491.310925 121.248559 34 139 34
277403.066259 2111708.229878 137.012497 34 139 34
277480.980978 2111346.404131 97.618783 139 69 19
276615.330033 2111208.886593 124.999749 139 69 19
277199.008041 2111039.070447 104.563673 139 69 19
277348.157513 2110686.576460 97.525322 139 69 19
277796.740781 2111196.375155 113.238503 139 69 19
277054.654200 2111491.328869 135.876511 34 139 34
277265.670139 2110837.029539 83.164730 34 139 34
277629.701547 2111412.176042 118.635759 34 139 34
276577.245642 2111160.219334 118.837716 34 139 34
277843.590473 2111295.932332 99.048016 34 139 34
276837.912269 2111448.568569 147.674348 139 69 19
277166.547470 2111673.345801 138.058429 139 69 19
277554.769658 2110840.521883 93.288214 139 69 19
277562.904272 2111504.625002 122.208072 34 139 34
277031.470159 2111363.886455 124.715091 139 69 19
276735.432391 2111400.087342 118.953168 34 139 34
277140.770654 2111522.418794 122.196842 139 69 19
276629.049080 2111001.972448 98.662494 34 139 34
276798.649296 2110872.696748 111.198275 34 139 34
277244.112297 2110992.392149 100.150187 34 139 34
277439.884306 2111177.822212 111.207487 139 69 19
277383.959295 2110715.900104 74.236517 34 139 34
277193.393168 2111162.769881 90.688825 34 139 34
277467.574795 2111617.269093 130.762568 139 69 19
276633.553022 2111079.494975 120.902198 139 69 19
276974.619286 2111421.519745 117.919724 34 139 34
277890.393149 2111271.051419 92.411571 34 139 34
277583.372644 2110839.131653 71.817600 139 69 19
277587.678819 2110826.405124 88.523841 139 69 19
277700.897999 2111193.160839 95.216627 34 139 34
277383.265885 2110658.225334 89.794175 34 139 34
277365.955425 2111643.090731 127.562668 139 69 19
276941.971383 2111140.810644 101.317946 34 139 34
276576.778230 2111173.446728 120.678753 139 69 19
277611.722841 2111439.920254 107.547194 34 139 34
276986.326589 2110734.763475 84.719829 139 69 19
277167.766307 2110497.045358 72.146506 139 69 19
276667.393088 2111279.993762 108.790422 139 69 19
277136.422854 2111563.368785 131.395116 139 69 19
277314.467081 2111200.915141 123.797232 34 139 34
277053.249491 2111446.584826 112.536567 34 139 34
276899.772782 2111328.195696 121.715517 34 139 34
277049.009520 2110852.446356 98.035563 34 139 34
277032.738298 2111476.747807 124.112225 139 69 19
276875.229739 2110909.549062 108.232588 139 69 19
277130.532086 2111807.957705 135.026360 34 139 34
276515.580514 2111091.105100 131.117348 139 69 19
277041.050907 2111339.258120 126.332229 34 139 34
276634.387981 2111165.089235 108.496949 139 69 19
277358.976775 2111218.638353 103.405595 139 69 19
277501.905253 2110867.743425 71.923362 139 69 19
277107.159925 2110900.987959 118.457443 139 69 19
276930.378982 2111504.078800 142.279223 139 69 19
277454.793935 2110942.573820 85.048105 139 69 19
277777.146941 2111138.512064 88.451277 34 139 34
276825.134713 2111146.078575 97.028192 139 69 19
277475.667047 2111074.243787 83.281012 34 139 34
277635.702894 2111504.097895 112.770603 34 139 34
276787.394912 2110844.401792 92.698817 139 69 19
277174.701623 2111529.770387 127.240915 139 69 19
276755.650718 2111161.514023 105.711455 34 139 34
277292.454279 2111411.011548 116.489350 139 69 19
277340.429933 2110552.458975 80.513338 34 139 34
277097.441891 2110632.067147 82.253834 34 139 34
277183.922563 2111031.487190 83.693546 34 139 34
277629.771798 2110950.386118 98.720974 34 139 34
277437.282358 2111693.845561 152.736714 139 69 19
276826.101957 2111058.800239 122.183966 139 69 19
276991.670208 2111174.995031 111.571155 139 69 19
276626.867441 2111028.468024 116.893842 139 69 19
276946.927304 2111599.115127 139.436450 34 139 34
276958.846396 2111220.450759 115.298164 34 139 34
277374.462739 2111034.992827 105.276394 34 139 34
277646.734425 2111328.183885 121.502545 34 139 34
276833.367810 2110807.706192 86.438886 34 139 34
277141.127416 2111020.260767 104.397650 34 139 34
277316.999495 2110658.019160 92.273991 139 69 19
277914.385770 2111204.317198 115.828336 139 69 19
277103.953304 2111665.678203 138.541244 34 139 34
277543.026762 2111204.348114 108.275432 139 69 19
277511.517651 2110843.628686 89.679052 139 69 19
276974.996454 2111185.112850 116.086010 34 139 34
276920.041268 2111059.134331 114.207270 34 139 34
277230.987694 2110989.799914 95.228937 139 69 19
277313.324685 2111614.739639 103.681622 34 139 34
277320.802837 2110893.512943 89.353103 139 69 19
277441.999316 2111346.755044 118.981776 34 139 34
276740.245635 2111132.511352 111.799129 139 69 19
277585.573360 2111125.156329 97.590352 34 139 34
277080.118901 2110843.434397 87.485282 34 139 34
276791.571590 2111051.380551 103.677827 139 69 19
277743.253726 2111036.066330 91.774025 34 139 34
277732.787101 2111097.368812 120.233982 34 139 34
277242.547342 2110483.567429 84.402021 139 69 19
277618.867012 2111105.566779 89.864989 34 139 34
276752.546564 2111124.526685 109.426182 139 69 19
277227.134623 2110609.933428 105.849662 139 69 19
277163.957400 2111687.885201 127.493883 139 69 19
277300.613824 2111066.391365 98.627398 139 69 19
276665.685058 2111284.104834 135.963159 34 139 34
276953.086998 2110999.147012 92.469709 34 139 34
276828.047378 2111148.455854 114.015374 139 69 19
277005.408397 2111604.010023 148.722643 34 139 34
277362.774646 2110986.877040 113.391507 139 69 19
277032.863024 2110819.191712 85.636693 34 139 34
277264.263078 2110768.953913 100.176469 139 69 19
277713.589607 2111409.506452 132.608013 139 69 19
277013.609788 2111436.332335 107.453628 139 69 19
277442.641314 2111565.562691 135.578941 139 69 19
276855.816772 2111018.636240 102.322652 34 139 34
277216.893009 2111520.444510 127.750281 139 69 19
277247.480913 2111691.187779 146.770359 34 139 34
276646.464755 2111266.337687 118.305878 139 69 19
276946.825017 2111541.229651 137.164189 34 139 34
276617.064137 2111007.515792 115.199435 139 69 19
277050.518620 2111506.138509 122.296806 139 69 19
277166.374430 2110981.199892 98.064962 139 69 19
277213.713761 2111630.285309 146.927601 34 139 34
277283.347235 2111221.724307 116.210118 34 139 34
277328.702408 2111718.678470 136.760284 139 69 19
277017.629310 2111637.145023 122.576394 139 69 19
277674.689882 2111470.360478 118.773629 34 139 34
276860.555231 2111061.653065 111.815630 34 139 34
277089.678989 2110740.947290 83.253353 34 139 34
277733.587088 2111130.681924 102.528659 34 139 34
276946.557627 2111546.369364 116.200277 139 69 19
277496.843573 2111521.579945 124.343963 34 139 34
276983.024422 2111516.602833 135.529489 139 69 19
277146.008166 2111706.342819 140.581409 34 139 34
277370.918775 2111370.427353 115.000193 34 139 34
277592.552194 2110978.652194 98.036920 139 69 19
277228.923229 2111433.861677 127.803166 34 139 34
277281.566674 2111209.288526 122.832878 34 139 34
276932.841678 2111155.562901 83.979971 34 139 34
276785.216846 2111186.371079 120.319966 139 69 19
277771.591627 2111381.865138 104.697786 34 139 34
277465.714723 2111189.960442 91.592697 34 139 34
277538.451552 2111554.101222 128.056474 34 139 34
277350.626789 2111017.843198 97.837732 34 139 34
276733.002693 2110908.934067 112.863212 34 139 34
277110.520741 2111106.482386 109.960991 34 139 34
277519.870718 2111030.594279 81.962717 139 69 19
277349.308984 2110711.404562 77.181890 139 69 19
276532.508091 2111191.132780 129.272221 139 69 19
277167.033445 2111714.410799 126.542674 34 139 34
277568.915728 2111346.895189 136.565185 34 139 34
277078.833110 2111136.962750 114.262299 34 139 34
277864.242150 2111278.535834 108.284266 139 69 19
277613.526527 2111221.275877 111.424277 139 69 19
277610.859476 2110898.336788 78.921156 139 69 19
277343.429606 2111174.237413 106.573186 139 69 19
277219.874398 2110662.517766 71.281288 34 139 34
276979.317756 2110762.232605 87.775001 34 139 34
276723.853659 2110949.891987 96.644689 34 139 34
276679.401534 2110938.655352 116.667313 34 139 34
277187.960631 2110635.722123 79.764490 34 139 34
277030.527669 2110757.794459 104.828490 34 139 34
277358.626176 2110679.772534 93.685488 139 69 19
277346.369791 2111372.201257 139.523865 34 139 34
277649.482728 2111200.552569 103.620148 34 139 34
277073.719750 2111808.350292 124.813852 139 69 19
277776.946125 2111364.493040 113.163944 139 69 19
277175.896029 2111685.853388 139.111210 34 139 34
277385.642591 2110823.690655 67.433040 34 139 34
276994.099893 2111418.558340 132.054813 34 139 34
277490.408789 2110861.628278 86.795287 139 69 19
276748.139736 2111140.040031 118.894794 139 69 19
276939.025155 2111116.075481 111.569933 34 139 34
277669.461581 2111432.585762 128.057831 139 69 19
276956.062037 2110675.081576 85.341049 139 69 19
277326.991658 2111256.138154 100.853119 139 69 19
277592.159973 2110872.610794 102.174145 139 69 19
277717.702477 2111052.286349 83.866584 139 69 19
277509.796811 2111520.176261 120.537688 34 139 34
276573.807561 2111234.976252 128.037538 34 139 34
276936.819382 2111616.265119 147.784233 139 69 19
277216.317516 2110708.175186 69.033798 34 139 34
276923.019155 2111634.771377 134.646643 34 139 34
276668.646061 2110934.065937 100.401240 139 69 19
277324.797284 2111638.445127 111.154770 34 139 34
276964.431114 2111273.443853 104.809955 139 69 19
277192.793093 2111212.419668 108.941675 34 139 34
277316.059389 2111741.754774 126.956040 139 69 19
276908.928404 2110912.650025 83.645728 34 139 34
276835.551475 2111426.081399 141.415967 139 69 19
276804.155783 2110907.366307 80.269734 34 139 34
277768.156174 2111030.456156 87.513940 139 69 19
276950.231831 2111462.130345 136.127482 139 69 19
277514.135041 2110869.740892 99.825756 34 139 34
277098.868307 2110893.745985 94.006287 34 139 34
277688.673777 2111107.965984 102.420438 34 139 34
277116.069660 2111747.914930 135.953446 34 139 34
277043.596154 2111291.556258 118.644855 139 69 19
277331.719697 2111004.825647 92.256446 34 139 34
277763.669610 2111331.973607 112.603578 139 69 19
277381.262209 2111320.874394 119.722463 34 139 34
277181.856829 2111655.409306 127.372996 139 69 19
277429.567306 2111068.482482 113.747059 139 69 19
277127.837623 2111762.365509 146.700375 34 139 34
277486.492686 2110869.971357 84.778069 34 139 34
276996.843982 2110993.858501 100.830979 34 139 34
277474.447450 2110882.416910 95.322335 139 69 19
277259.875141 2111394.712493 115.766610 139 69 19
276884.996551 2111255.316708 122.817144 139 69 19
277266.909146 2110961.745616 78.397632 139 69 19
277097.989039 2111410.395809 117.426795 34 139 34
277292.644289 2110883.383127 80.450227 34 139 34
276819.145178 2110920.048932 108.977724 139 69 19
276960.000783 2110773.121755 74.528639 139 69 19
277476.886423 2111038.677535 107.833080 139 69 19
277627.929956 2111275.384454 101.392524 34 139 34
276794.127261 2111464.876262 124.461156 34 139 34
277067.196242 2110601.630629 85.894062 34 139 34
277394.266241 2111715.337313 132.901707 139 69 19
277436.293903 2110855.763291 95.895050 34 139 34
277166.197841 2111445.600614 118.135248 139 69 19
276744.643942 2111191.448711 101.496448 139 69 19
276942.835745 2111128.258064 116.320002 139 69 19
276884.287026 2111584.890341 117.415774 139 69 19
276799.940910 2111165.236132 112.341493 139 69 19
276964.406917 2110922.299645 113.157445 34 139 34
276933.843515 2111549.114590 135.246981 139 69 19
277116.200522 2110655.815770 88.895506 34 139 34
276834.722046 2110863.928005 113.370140 34 139 34
276852.852163 2111249.195323 104.894611 139 69 19
276939.224999 2111418.816822 147.281085 139 69 19
277158.559965 2111371.436969 128.963972 34 139 34
277704.661795 2111216.219731 98.919499 34 139 34
277403.952595 2110839.558015 89.678457 139 69 19
277499.356168 2111272.501080 105.708556 34 139 34
276785.367781 2110947.389003 101.794344 34 139 34
277259.848165 2111709.451624 125.554198 34 139 34
277272.934317 2111106.185672 95.078506 139 69 19
276649.280210 2111015.380315 95.968203 34 139 34
277288.485649 2110552.969865 91.527963 34 139 34
277053.466906 2110897.998826 87.769543 139 69 19
277355.351698 2110577.906240 92.367243 34 139 34
277524.821093 2111561.636253 135.255957 34 139 34
277277.484983 2111596.598247 143.480378 34 139 34
277661.543427 2110970.170178 71.963510 139 69 19
277249.607775 2111606.212582 138.072904 34 139 34
277306.972770 2111601.986322 121.683115 139 69 19
277024.404505 2111226.075170 107.919263 139 69 19
277297.910954 2111476.870844 113.152047 34 139 34
276598.033187 2111190.240786 108.778890 34 139 34
277243.720402 2110783.248293 79.999363 139 69 19
276779.672788 2111014.620270 112.435653 34 139 34
277002.360288 2111260.939946 96.684354 34 139 34
277246.180633 2111784.308825 138.568308 139 69 19
277111.742892 2111048.193447 97.892202 139 69 19
276639.809575 2111001.780014 88.557040 34 139 34
276449.814305 2111136.207155 101.489979 139 69 19
277595.059078 2111072.923480 107.917841 34 139 34
277481.794631 2110716.804529 82.874331 139 69 19
277285.511152 2110651.192411 84.059928 139 69 19
276720.075800 2111261.873419 129.957089 34 139 34
277641.005405 2111392.824973 101.884975 139 69 19
277407.246250 2111108.887754 103.862544 139 69 19
277493.226295 2111071.516387 121.089112 139 69 19
277038.690597 2111592.767386 140.362064 34 139 34
277469.568911 2111340.378570 109.483269 139 69 19
277271.577776 2110585.606443 81.446319 139 69 19
277540.928243 2111491.198992 110.853999 34 139 34
276673.235386 2111329.557514 130.227896 139 69 19
277744.690232 2111294.298792 98.021349 139 69 19
277679.601177 2111429.560266 129.838114 139 69 19
277519.286623 2110810.574554 80.912062 139 69 19
277159.361949 2111693.558836 124.874335 34 139 34
276898.667199 2111022.935785 92.934260 34 139 34
277630.392771 2111446.030896 88.035068 139 69 19
277068.967930 2110809.567181 98.689406 139 69 19
276814.701184 2111221.074197 125.886249 139 69 19
276624.641073 2111086.405484 118.755148 139 69 19
277232.770423 2110460.753762 76.434144 34 139 34
277218.150353 2110575.028234 62.605890 34 139 34
277069.258161 2111645.633684 133.074565 34 139 34
277872.324460 2111194.250744 93.564178 34 139 34
277056.019638 2111440.941329 124.374559 34 139 34
277612.036106 2111067.739194 107.655927 139 69 19
276904.365480 2111146.715533 107.528751 139 69 19
276720.680916 2111199.976761 109.242863 139 69 19
276954.724654 2111371.414159 129.437808 139 69 19
277183.948080 2110743.317531 87.664496 139 69 19
277307.117233 2110947.306163 93.280296 139 69 19
277674.246283 2110936.520755 82.559763 34 139 34
277070.473814 2110649.185800 66.939259 139 69 19
276984.125669 2111182.617797 120.779707 139 69 19
277077.661116 2111132.995806 107.760420 139 69 19
276819.783005 2110935.024302 107.773559 34 139 34
276507.141990 2111202.814073 106.918465 139 69 19
277586.475554 2111451.943465 106.404689 34 139 34
277293.608357 2110634.624346 95.058271 34 139 34
276795.147890 2111191.808988 106.553137 34 139 34
277932.769276 2111242.234484 113.273399 34 139 34
277119.923084 2110810.272352 85.240025 34 139 34
277035.176081 2110658.300332 106.796472 139 69 19
276538.535011 2111129.278372 133.481416 34 139 34
277018.200975 2111452.785348 120.373283 139 69 19
277032.822735 2110953.979871 91.071540 34 139 34
277140.016013 2111305.846412 98.012180 139 69 19
277429.870442 2110855.824478 104.561162 34 139 34
276885.026459 2111154.888215 122.933898 34 139 34
277190.911764 2111212.711145 116.249412 34 139 34
276721.697435 2111077.226400 97.019812 139 69 19
277770.840500 2111349.158126 107.032265 34 139 34
277165.170798 2111013.616998 90.864744 34 139 34
277026.295876 2111521.521171 122.899373 139 69 19
277184.645503 2111411.473779 127.170804 139 69 19
277528.727365 2111036.224491 110.778115 139 69 19
276775.908514 2111369.122379 125.671026 139 69 19
277584.123871 2111045.074131 112.824207 139 69 19
276746.632512 2111313.628927 113.939389 139 69 19
277197.939361 2111002.845396 106.680863 34 139 34
277486.792949 2110868.742672 97.213550 139 69 19
277236.833498 2110950.654034 96.226273 139 69 19
277299.761518 2110547.998940 81.450476 34 139 34
276814.169170 2111041.961661 109.530675 34 139 34
277470.053304 2111468.468002 123.386256 139 69 19
277207.589575 2111477.654717 140.731837 139 69 19
277395.762146 2111000.110840 104.868419 34 139 34
277295.593755 2111823.582394 144.385156 139 69 19
277462.724012 2111273.104284 106.424195 139 69 19
276898.081245 2111601.477562 121.299337 34 139 34
277601.358148 2111040.917404 86.471822 34 139 34
277229.475571 2111578.663204 133.225311 139 69 19
276876.819962 2111434.081881 135.929818 139 69 19
277066.368835 2111057.403201 99.245916 139 69 19
277671.946148 2111057.847287 92.510664 139 69 19
276952.420761 2110941.257401 86.728134 139 69 19
276897.919140 2111275.714861 119.717950 139 69 19
276795.071762 2111067.168532 104.550389 139 69 19
277533.386395 2110872.107552 80.745820 139 69 19
277131.617282 2111403.287914 130.510268 34 139 34
277669.079636 2111359.089940 98.930399 34 139 34
277223.762193 2111679.257482 139.212570 139 69 19
277543.229955 2111516.960237 112.934846 139 69 19
277553.691043 2110855.011891 89.037845 34 139 34
277131.106983 2111493.527909 130.546873 34 139 34
277397.022435 2111155.405156 101.258068 139 69 19
277334.286207 2111788.270504 140.636916 34 139 34
277062.597769 2110913.614236 86.894495 34 139 34
277519.592233 2111311.078479 110.329729 139 69 19
277422.299008 2110913.818889 95.765760 34 139 34
276687.685677 2110951.518642 136.767513 139 69 19
277083.847752 2111822.723833 127.870056 34 139 34
277591.067395 2111266.146333 98.996875 139 69 19
277227.689636 2111785.853297 154.214949 139 69 19
277081.404086 2111658.672847 143.776751 139 69 19
277517.597595 2111498.901538 116.863253 34 139 34
276905.330652 2111323.044663 108.763354 34 139 34
277051.309148 2111212.789886 129.442344 34 139 34
277336.972405 2110989.286200 99.786184 34 139 34
277297.635224 2111273.577445 108.324490 139 69 19
277338.925811 2110592.211666 79.493691 139 69 19
277590.164538 2111296.208220 103.489271 139 69 19
277486.081733 2111615.478040 134.871600 34 139 34
277677.631815 2111022.643446 94.433502 34 139 34
277139.461311 2111464.755235 128.433049 34 139 34
276879.755294 2111028.159448 97.317740 34 139 34
276709.862423 2111017.149538 103.459940 34 139 34
277715.083494 2111423.916537 108.281873 139 69 19
277108.877868 2111736.979114 144.579892 34 139 34
276975.437714 2110914.302849 113.713788 34 139 34
277451.287939 2111201.290195 107.114518 139 69 19
277817.430676 2111080.400193 102.382156 139 69 19
277570.910852 2111480.313653 130.836186 139 69 19
277175.156884 2110763.452239 89.714421 34 139 34
276861.090102 2110791.222773 106.620465 34 139 34
276934.751714 2110710.127970 66.642291 139 69 19
277114.251023 2110714.363552 79.304145 139 69 19
277123.827101 2110957.003312 101.473124 139 69 19
277520.511955 2111208.763573 106.780635 34 139 34
276736.285704 2111042.415731 108.752109 34 139 34
277601.464740 2111086.802694 116.499966 34 139 34
276899.749332 2110996.769703 96.720776 34 139 34
277093.449390 2111537.766072 123.985128 139 69 19
276493.152518 2111141.034965 118.124752 34 139 34
277180.918790 2111383.766377 131.333643 34 139 34
277401.915567 2111172.413522 105.600039 139 69 19
276956.461350 2111451.234658 131.373960 139 69 19
277377.097034 2110862.623274 107.754142 34 139 34
276861.340508 2111022.729418 118.174031 139 69 19
277264.412989 2110946.852657 94.856404 34 139 34
277404.417730 2111391.394166 121.788021 34 139 34
277633.080495 2111389.773729 114.638463 139 69 19
277112.707414 2111235.028025 95.465719 34 139 34
277026.254255 2111350.322475 118.838663 139 69 19
277442.313322 2110751.553617 79.432897 34 139 34
277213.576409 2111216.212931 104.766199 34 139 34
277321.225967 2111264.443937 100.142545 34 139 34
276963.056713 2111030.017351 117.333497 139 69 19
277104.110727 2111632.574335 133.034809 139 69 19
276892.094276 2111350.279503 124.905018 34 139 34
277079.425655 2111000.154248 108.633600 139 69 19
277386.095388 2111442.674276 109.538363 34 139 34
277140.204505 2110554.032602 89.395121 34 139 34
277418.887718 2110917.418485 85.994811 34 139 34
277686.708060 2110994.816640 88.471394 139 69 19
277219.430294 2110685.759351 81.976107 139 69 19
277248.930336 2111009.954238 108.343146 34 139 34
277140.900033 2111111.717128 90.311488 34 139 34
276959.372351 2111348.885580 130.715138 34 139 34
277190.830753 2111085.606918 98.256996 34 139 34
276726.599372 2111322.527240 113.758974 34 139 34
276699.463018 2111364.327596 140.717294 139 69 19
277485.996154 2110989.756401 97.634327 34 139 34
277029.871505 2110935.689084 99.331121 34 139 34
277550.649553 2111367.446104 106.460272 34 139 34
277706.426838 2111430.262134 114.387086 139 69 19
277394.131424 2111070.093360 92.708460 34 139 34
276825.926525 2111292.354495 119.194271 34 139 34
277153.973836 2111884.491251 155.711408 139 69 19
277402.870637 2111495.788267 133.020685 139 69 19
276704.762745 2111070.967158 104.149803 139 69 19
277155.858355 2111234.761891 124.634728 34 139 34
277114.120539 2111315.349276 125.709990 34 139 34
277410.804499 2110749.140557 75.924511 34 139 34
277228.679029 2110803.325808 109.343799 139 69 19
277128.041598 2110740.778487 82.388462 139 69 19
276925.771275 2110995.602228 105.488467 139 69 19
277290.387253 2111713.549122 132.754592 139 69 19
276872.296162 2110996.647330 110.700288 139 69 19
277087.242615 2111132.713467 107.835223 139 69 19
277112.614249 2111736.777475 109.710234 34 139 34
276984.744510 2111620.571408 145.616132 34 139 34
277234.782050 2110507.375713 83.148956 34 139 34
277526.218596 2110952.001971 92.156790 139 69 19
277661.141417 2110921.081349 86.989508 139 69 19
277561.347313 2111416.823015 121.741012 139 69 19
277009.890261 2111671.130820 122.406815 139 69 19
277002.765957 2111462.981996 132.129650 139 69 19
277111.322669 2111701.357357 127.861247 34 139 34
277321.382894 2111733.347267 126.327400 139 69 19
276523.920841 2111227.774063 117.362322 139 69 19
276890.079488 2111534.902556 140.656538 34 139 34
276765.401520 2111460.775688 128.628555 34 139 34
276833.614256 2110805.023977 101.788750 34 139 34
277300.707215 2110708.756512 87.987334 34 139 34
277291.923246 2110704.308023 84.264694 34 139 34
277352.319804 2111037.044152 109.309616 34 139 34
276941.392381 2110988.613648 89.649182 34 139 34
277494.577567 2110996.738106 89.721587 139 69 19
277209.842834 2111597.085807 142.954491 139 69 19
277080.901244 2110889.380024 85.015673 139 69 19
277046.821580 2111459.757064 124.450155 34 139 34
277205.905031 2111199.186457 104.983365 139 69 19
277154.548283 2110505.698188 75.016946 139 69 19
277313.577963 2111536.591190 134.359476 34 139 34
277515.949262 2110865.406957 92.342584 139 69 19
277502.740940 2111556.301869 126.392372 34 139 34
277197.578875 2111709.511571 137.467000 34 139 34
276799.066596 2111019.236290 109.400491 34 139 34
276751.694143 2111476.472743 127.178782 34 139 34
277459.399518 2111203.497729 110.498848 34 139 34
277016.463291 2111344.232187 134.285294 139 69 19
277355.917681 2110673.750969 90.177945 139 69 19
277348.550946 2111201.425763 107.798301 34 139 34
276997.740896 2111157.311079 93.334548 34 139 34
277598.513230 2111009.245587 95.390327 34 139 34
276919.387383 2111434.858441 99.924058 139 69 19
277619.705523 2110998.710105 90.623005 139 69 19
277219.805578 2111858.506031 133.773623 34 139 34
277234.582927 2110861.081773 99.129412 139 69 19
277216.164046 2110555.040267 78.252877 139 69 19
277105.480028 2110792.041543 98.111578 34 139 34
277586.024475 2111058.853008 93.502329 34 139 34
277237.996514 2111365.493809 107.007751 139 69 19
277489.722538 2111024.685761 93.475586 34 139 34
277769.951385 2111065.162448 98.461982 139 69 19
277230.578811 2111747.327168 142.791707 139 69 19
277714.172418 2111000.252759 79.993276 139 69 19
277127.240217 2110973.715624 109.779746 139 69 19
277779.982773 2111342.350034 91.793871 139 69 19
277731.703319 2111281.479069 116.633917 139 69 19
276873.513619 2111235.988579 86.344902 34 139 34
277447.737279 2110698.049706 79.037030 34 139 34
276854.862017 2110949.465316 119.647776 34 139 34
277280.789497 2111255.319946 108.359601 34 139 34
276941.198325 2110768.605764 100.534359 34 139 34
277065.840776 2111262.570658 126.365806 34 139 34
277433.681761 2110815.905358 79.906995 34 139 34
277022.442521 2110965.191096 92.709782 34 139 34
277358.086163 2110851.104119 83.293445 139 69 19
277395.844641 2111294.901241 112.017460 34 139 34
277806.423624 2111212.106802 99.050333 139 69 19
277127.359070 2110985.611124 105.912663 34 139 34
276934.427678 2111059.105176 101.794774 34 139 34
277187.729204 2111604.231723 120.733983 139 69 19
277674.679634 2111466.981182 120.068596 139 69 19
277256.581302 2111022.801814 117.294413 34 139 34
277375.444914 2111312.419443 108.005646 139 69 19
277497.781525 2111224.007637 119.789361 34 139 34
277131.645140 2111299.462890 125.525811 139 69 19
277265.146537 2110638.898102 84.818618 34 139 34
276946.959438 2111273.253996 130.592488 139 69 19
277321.584830 2111274.386218 95.615966 34 139 34
277377.774509 2110870.841917 99.969729 34 139 34
276834.856185 2111304.069875 124.093880 139 69 19
276911.412343 2111327.744947 124.274208 139 69 19
276981.947929 2110943.362406 88.777510 139 69 19
277573.014683 2111014.488780 91.245757 34 139 34
276795.742460 2111331.864638 129.449786 139 69 19
277379.722645 2111258.379673 117.946751 139 69 19
277291.337700 2110491.020759 59.546797 34 139 34
277221.353953 2110439.461007 88.049052 139 69 19
277479.586994 2111655.986478 96.826709 34 139 34
277171.744706 2111135.672157 104.235532 34 139 34
277379.720862 2111601.141492 122.996001 139 69 19
276530.592386 2111128.390068 98.586676 34 139 34
277712.023988 2111014.844358 102.870763 139 69 19
277085.370452 2110773.394146 105.209309 139 69 19
277060.990072 2111234.481988 107.788795 34 139 34
277662.136181 2110897.320693 82.190849 139 69 19
277372.637066 2111512.871273 119.256856 139 69 19
277491.434146 2111223.630549 99.411594 34 139 34
276735.190837 2111350.291756 121.463044 139 69 19
277123.218536 2111079.710192 91.183113 139 69 19
277750.101418 2111385.960196 109.960600 34 139 34
277177.477423 2111294.459477 118.066314 34 139 34
277598.288497 2110900.697739 88.619667 139 69 19
277725.782327 2111359.716410 113.932416 139 69 19
277199.602493 2111388.721994 127.799005 34 139 34
276565.987877 2111287.160456 129.123492 139 69 19
277209.780574 2110679.334483 97.362204 139 69 19
277262.350021 2110477.135154 74.391319 34 139 34
277392.450245 2110930.473629 100.589317 34 139 34
277019.877184 2110860.572920 100.054019 34 139 34
277169.170616 2111500.152241 112.225239 34 139 34
277247.740987 2111270.603573 115.546765 139 69 19
277217.099902 2111804.876885 152.392307 34 139 34
277538.271740 2110850.282972 96.089625 34 139 34
277469.048072 2111263.976750 111.206635 139 69 19
277573.132617 2111296.963460 120.210344 34 139 34
277286.786614 2111813.299943 121.409376 34 139 34
277212.475662 2111862.104685 132.768506 139 69 19
277518.515297 2111468.445865 128.423990 139 69 19
277603.535665 2111473.235742 122.865834 34 139 34
277495.684371 2110838.990836 98.093028 139 69 19
276628.609777 2111024.641763 108.453759 34 139 34
277323.425214 2111645.900371 143.390640 139 69 19
276974.469092 2110771.380657 97.154138 34 139 34
277709.017465 2111291.944111 105.671987 34 139 34
276571.837874 2111054.471959 107.610787 34 139 34
276707.848893 2110902.403396 92.142055 139 69 19
277096.302868 2111752.582194 144.053459 139 69 19
277209.150368 2111888.984120 134.797096 34 139 34
277588.695948 2110934.211303 84.560728 139 69 19
277511.727631 2110800.388937 99.391823 139 69 19
277831.503621 2111331.711558 114.737756 34 139 34
277363.822991 2111246.096959 114.097885 139 69 19
277235.160421 2111023.272318 121.229281 34 139 34
277387.276573 2111469.640055 118.943576 139 69 19
277042.262781 2111498.266116 125.598599 34 139 34
277658.479498 2111180.760471 102.058690 34 139 34
277541.681174 2111283.658579 93.613011 139 69 19
277042.772692 2111592.055077 125.984403 34 139 34
277184.597273 2110615.103615 92.485949 34 139 34
277225.657543 2111605.094369 143.607148 34 139 34
277500.778893 2111497.086743 113.357293 34 139 34
277225.296813 2111763.738013 157.796740 139 69 19
277187.401682 2111389.552721 103.995101 34 139 34
276972.541078 2111379.147232 129.967625 34 139 34
277537.378363 2111081.211139 85.843636 139 69 19
276983.032488 2111413.706033 137.513374 139 69 19
277552.500267 2111376.734818 110.607296 34 139 34
277145.802138 2111213.521157 104.154264 139 69 19
277540.115701 2111054.570005 101.051310 34 139 34
277390.277057 2110923.178411 86.861193 139 69 19
277317.052646 2111184.907449 91.462283 34 139 34
276668.414341 2111199.857685 123.359852 139 69 19
277046.619364 2111728.655615 120.489270 139 69 19
277177.525324 2111922.337609 139.273417 139 69 19
276901.227982 2110739.910244 85.033060 139 69 19
277148.432359 2111340.270906 118.750691 34 139 34
276921.593609 2111063.879615 101.010874 34 139 34
277613.827028 2111319.743190 108.722850 139 69 19
276912.046109 2110743.045566 121.710115 139 69 19
277264.472022 2111218.154437 102.589528 34 139 34
277440.895309 2111393.874712 99.794078 139 69 19
276974.837325 2111083.215884 82.883197 139 69 19
277251.627375 2110841.756872 87.037324 34 139 34
277056.158513 2111368.469184 117.573578 34 139 34
276908.521892 2111383.338141 114.260313 34 139 34
276953.289709 2110688.224833 83.559069 139 69 19
277645.733619 2111070.711860 96.418958 139 69 19
276538.202176 2111181.662490 132.495053 34 139 34
277386.981589 2111496.054708 121.889372 139 69 19
276839.761210 2111458.573912 113.496403 139 69 19
276693.187673 2111267.911268 102.593154 139 69 19
276935.419710 2111003.640699 102.978512 34 139 34
276683.967339 2111258.109407 115.812853 34 139 34
277514.250117 2111378.054044 115.106157 139 69 19
277399.285942 2110903.373391 103.152397 139 69 19
277248.167116 2110767.844064 84.009855 34 139 34
277571.340228 2110855.729426 99.526164 34 139 34
277473.018981 2110975.618631 86.379368 139 69 19
277449.215355 2111250.272462 95.602072 139 69 19
277176.611502 2111180.175268 116.249906 34 139 34
277083.769613 2111124.673278 92.293564 34 139 34
277560.453789 2111245.113139 110.084103 34 139 34
276761.344715 2111320.800201 135.078092 34 139 34
277754.664937 2111359.851146 107.637409 139 69 19
276705.113929 2111108.616662 116.463034 34 139 34
277026.781568 2111319.524613 141.004830 139 69 19
276890.255162 2111368.857355 124.260259 34 139 34
277198.606348 2111436.208242 133.685033 139 69 19
277650.564451 2111158.811288 98.002062 139 69 19
277166.925439 2111056.777982 111.855206 139 69 19
277094.593970 2110996.671635 127.593995 34 139 34
277372.163875 2111454.977260 121.189306 139 69 19
276865.794918 2111298.895563 114.607192 34 139 34
276699.703961 2111142.279429 123.925664 34 139 34
277020.702676 2111200.082043 119.083963 34 139 34
277075.826693 2111533.223919 120.169761 139 69 19
276989.266826 2111604.919534 128.546571 139 69 19
276964.542923 2111505.344491 125.930109 139 69 19
276904.761942 2111351.584463 107.076836 139 69 19
276983.107955 2111029.573621 123.639986 34 139 34
277224.305562 2111336.044915 119.207924 34 139 34
277256.128291 2110906.888517 89.704265 34 139 34
277261.457144 2111782.564225 143.590346 34 139 34
276931.697697 2111117.140991 103.882992 139 69 19
276964.646656 2111191.731168 112.088616 34 139 34
277366.952296 2111359.145070 101.182376 139 69 19
276527.480152 2111144.046870 136.130595 34 139 34
277285.987383 2111763.636580 128.749651 139 69 19
277145.403590 2111616.785711 146.347820 139 69 19
277043.645164 2111779.048232 116.340584 34 139 34
277613.641284 2110951.897211 105.048203 139 69 19
277535.584000 2111297.042777 125.875344 34 139 34
277067.624584 2111726.366474 129.168186 139 69 19
277379.576374 2111457.724629 117.477255 34 139 34
277172.902585 2111252.572691 109.552220 139 69 19
277676.154829 2111141.808258 110.415732 139 69 19
277621.074640 2110962.402722 98.262058 139 69 19
277247.758844 2110565.324939 86.351598 34 139 34
276811.144834 2110817.037812 99.727759 139 69 19
277401.119515 2110793.756788 88.805606 139 69 19
277751.708542 2111028.449701 100.768376 139 69 19
277498.120965 2111240.982070 118.540517 139 69 19
277138.855853 2111684.514217 137.449814 34 139 34
277303.135210 2110950.949931 88.982481 34 139 34
277489.506634 2111225.143800 103.777151 139 69 19
276905.067970 2110986.077246 97.414343 139 69 19
277497.133391 2111445.254838 124.107512 34 139 34
277154.009738 2111864.516987 133.922721 139 69 19
276808.299677 2110970.347117 109.667757 139 69 19
276835.914540 2111005.932974 100.942637 34 139 34
276951.256457 2110714.845931 75.043751 34 139 34
277566.685819 2111262.739206 118.723287 34 139 34
277430.254891 2110992.380627 97.115953 34 139 34
276968.141474 2111592.535899 134.897460 139 69 19
277076.683929 2111286.307706 93.421535 139 69 19
276948.845607 2111472.767220 136.377613 34 139 34
277173.466505 2110498.133333 55.949999 139 69 19
276927.948339 2111167.167586 103.547795 139 69 19
277210.287871 2110907.687653 114.852651 34 139 34
277549.709889 2111362.105117 115.383544 34 139 34
277610.482043 2111408.829526 121.158125 139 69 19
277507.482809 2111161.070915 95.913195 34 139 34
277450.823075 2111403.282225 109.441578 34 139 34
277460.888262 2111549.719770 123.538525 139 69 19
277169.503044 2110592.971145 92.707242 34 139 34
277076.574310 2111084.840318 96.939069 139 69 19
277235.618269 2110996.762276 106.979632 139 69 19
276877.891992 2111100.104543 113.506691 139 69 19
276778.244229 2111131.809315 124.758090 34 139 34
277704.318742 2111100.106681 98.222825 34 139 34
277604.311623 2111126.014550 95.115135 139 69 19
277682.955114 2111439.920049 140.958860 34 139 34
277480.622767 2111528.358020 120.548852 34 139 34
277449.363365 2111177.307500 107.619581 34 139 34
277028.763725 2111398.619430 118.243897 139 69 19
277314.476867 2110584.374297 75.539840 34 139 34
277023.018146 2110684.424912 100.728960 139 69 19
277389.406668 2111234.166883 117.724992 139 69 19
277433.255439 2110898.174372 94.882863 34 139 34
277407.967138 2110777.672715 85.262445 139 69 19
277757.753370 2111404.999721 107.401057 34 139 34
277014.347070 2111021.056022 114.518553 34 139 34
277393.576834 2111431.043503 117.289750 139 69 19
277283.112140 2111394.266374 88.871400 139 69 19
276792.030912 2111149.970502 109.396266 139 69 19
277299.757342 2111317.053673 97.965845 34 139 34
277085.166777 2111858.760521 133.667416 139 69 19
277090.665839 2111551.906796 128.288181 34 139 34
277364.021586 2110778.849043 89.890532 139 69 19
277755.656194 2111139.997806 111.626736 34 139 34
277878.589065 2111247.813498 102.469929 34 139 34
277250.488144 2111463.151669 113.746560 139 69 19
277253.900929 2111416.015321 124.951483 139 69 19
277069.250562 2111238.731529 117.206958 139 69 19
277850.548557 2111114.845823 92.079234 34 139 34
277204.189584 2110524.638110 88.271429 34 139 34
277136.867084 2110906.477636 106.516552 139 69 19
277199.276714 2110631.724857 78.740562 34 139 34
277593.520542 2111237.661537 109.702111 34 139 34
277028.620632 2111426.464546 137.137716 34 139 34
276853.723444 2111106.275013 105.226557 34 139 34
277885.142746 2111205.143491 117.356824 139 69 19
276786.111273 2111305.196861 111.290913 139 69 19
277706.117137 2111074.378767 96.718074 34 139 34
277165.121256 2111562.309781 126.792334 34 139 34
277177.947488 2110876.681331 98.615666 34 139 34
276761.300357 2111221.725631 139.316355 34 139 34
276641.910196 2111240.985727 102.295589 139 69 19
277494.999847 2110740.889882 96.288790 139 69 19
277043.988685 2111026.607319 99.631992 139 69 19
277826.266018 2111176.943143 100.440760 34 139 34
276924.942349 2111380.478253 128.023534 139 69 19
277097.777720 2111355.911820 130.573850 139 69 19
276820.174845 2111404.330048 114.929139 34 139 34
277127.057241 2111366.421164 131.844638 139 69 19
277402.189239 2111658.524511 135.016234 139 69 19
276868.350936 2111338.594483 146.908946 139 69 19
277510.621433 2110851.279774 89.391229 139 69 19
277351.728432 2111120.557846 116.243460 34 139 34
276997.584501 2111000.034745 91.285815 34 139 34
277244.220887 2111545.902107 135.748468 139 69 19
277282.625413 2110935.820196 93.374171 139 69 19
276939.964037 2111574.372829 110.508642 139 69 19
277751.036297 2111393.993924 100.211692 34 139 34
277088.405985 2111327.559916 130.766882 34 139 34
276502.587914 2111149.741190 132.230404 34 139 34
277146.215600 2111400.072454 124.399652 34 139 34
277098.008752 2110902.990264 92.745716 139 69 19
276912.100929 2110879.296741 95.656643 34 139 34
277439.678936 2111490.395916 111.084068 139 69 19
277031.432127 2110683.519182 88.189385 34 139 34
277363.090606 2110604.766541 78.518487 34 139 34
277318.116570 2110903.599832 98.742394 34 139 34
277021.330315 2111438.063439 120.173465 139 69 19
276618.113972 2110993.719229 119.561300 139 69 19
276995.510873 2110841.711045 100.596909 139 69 19
277164.984694 2110936.538390 110.001051 139 69 19
277324.359746 2110970.888481 87.560870 34 139 34
277364.018231 2111705.035198 165.311970 34 139 34
276745.507250 2111434.605139 109.555308 34 139 34
276827.863575 2110914.939778 120.103621 34 139 34
276682.537248 2110967.225432 97.097733 139 69 19
276775.497476 2111151.191559 120.759080 34 139 34
277306.991508 2110844.487093 106.244589 34 139 34
276978.403900 2111338.781405 115.022473 139 69 19
276824.550642 2111535.327058 134.453259 139 69 19
277559.613923 2111504.256410 125.114975 139 69 19
277026.832251 2110649.237625 94.635244 139 69 19
277652.174244 2110893.446276 76.328474 34 139 34
277344.577879 2111009.287249 97.458956 34 139 34
276724.367077 2111434.727006 149.904193 139 69 19
277100.741628 2111631.507476 102.006607 139 69 19
277740.261763 2111360.992931 108.594416 139 69 19
277313.051619 2110574.262354 107.032844 34 139 34
277157.106864 2110714.966121 80.898700 34 139 34
277478.279274 2110971.977761 96.968919 139 69 19
277667.226446 2111013.944789 90.388910 34 139 34
277666.932466 2111036.512292 107.309799 34 139 34
277662.350469 2111070.320796 105.432642 34 139 34
277007.179631 2110864.685265 93.717204 34 139 34
277243.933585 2111235.660433 123.308264 34 139 34
277353.321462 2111097.821017 94.716717 34 139 34
277653.463995 2111017.329628 97.713123 139 69 19
277104.862599 2111684.386895 123.418079 139 69 19
277321.128875 2110870.122646 81.110434 139 69 19
276965.067736 2111547.978380 118.276620 139 69 19
277364.393185 2110907.485761 99.466760 139 69 19
277127.462701 2110876.883415 108.184165 34 139 34
277402.955725 2110689.846067 85.327223 139 69 19
277416.165440 2111174.199440 113.494008 34 139 34
276762.047190 2111098.466736 125.906001 34 139 34
277140.389148 2111691.654499 138.657863 34 139 34
277352.121548 2111555.088245 125.850217 139 69 19
277531.450735 2111501.883445 98.462903 139 69 19
277484.890142 2111341.610592 129.720592 34 139 34
276601.899560 2111297.884701 120.653565 34 139 34
277362.101581 2111381.265753 110.385239 139 69 19
277691.071583 2111141.219069 75.067801 139 69 19
277368.102491 2111396.185651 107.796520 139 69 19
276616.572429 2111104.867147 92.382159 139 69 19
276996.735482 2110810.081329 108.951876 34 139 34
276880.807687 2111550.269483 131.636812 139 69 19
277276.000851 2110679.239114 109.933761 34 139 34
277146.945491 2110658.718711 98.865440 34 139 34
277386.914226 2110715.076126 111.516487 139 69 19
277312.679830 2111057.660182 105.568929 139 69 19
276986.283448 2110806.948952 100.011744 34 139 34
276665.039658 2111042.259612 117.040419 34 139 34
276936.661229 2111016.973219 90.549303 34 139 34
277874.912870 2111166.874518 125.573576 139 69 19
277548.955699 2111042.009487 85.365904 139 69 19
277122.803525 2111491.514121 137.179598 34 139 34
277128.791101 2110888.534862 89.281190 139 69 19
277445.300615 2110743.022731 93.061440 34 139 34
277586.492197 2111551.651676 116.307555 139 69 19
277028.444577 2111573.511090 116.600385 34 139 34
277284.515884 2111302.555564 104.526891 139 69 19
276817.498840 2111330.843844 122.586907 139 69 19
277029.970387 2111676.650119 152.411550 139 69 19
277079.036666 2110979.380290 113.539500 139 69 19
276940.175012 2111483.158134 138.001997 139 69 19
277144.698761 2111599.263360 120.462520 139 69 19
277281.000150 2111027.382460 120.925550 139 69 19
277058.884413 2111474.121868 129.095666 34 139 34
276918.094187 2111302.807723 117.772796 34 139 34
277086.524094 2111590.376228 143.230223 139 69 19
277062.317017 2111387.337090 139.693607 139 69 19
276481.337702 2111111.404008 106.478017 34 139 34
277575.616667 2110960.536906 108.767942 34 139 34
277336.540473 2111121.998816 82.816575 139 69 19
276973.133702 2110822.890287 106.953729 34 139 34
277077.046161 2110932.867662 96.661403 139 69 19
276707.080260 2111004.976526 105.826145 34 139 34
277539.604653 2111068.036900 98.712075 34 139 34
276828.116107 2110914.532427 99.897016 34 139 34
277869.080898 2111213.838040 109.755243 34 139 34
277705.537808 2111234.900637 118.201819 139 69 19
277065.786056 2110713.454940 97.515510 139 69 19
277618.957729 2111204.044191 110.225289 139 69 19
276999.260632 2110883.257165 111.528488 139 69 19
277167.349534 2111782.424561 132.463121 139 69 19
277418.192539 2111256.699420 94.198261 139 69 19
277495.519734 2110802.389507 101.874730 34 139 34
277142.947474 2111856.306154 159.969796 34 139 34
277072.458384 2110967.425528 92.363851 139 69 19
277278.109270 2111456.303777 120.065287 139 69 19
277231.673005 2111005.479012 100.613832 139 69 19
277499.338234 2111006.390875 102.310508 139 69 19
277862.286697 2111163.854726 106.041382 34 139 34
277165.506228 2111050.758953 97.331082 34 139 34
276791.834718 2111452.503315 122.668352 139 69 19
276736.935470 2111403.916466 129.440989 139 69 19
277143.059186 2110665.005160 93.431683 139 69 19
277828.897106 2111126.465416 94.020372 139 69 19
277184.797797 2111755.624255 138.384575 139 69 19
277371.718095 2111247.103949 111.862641 34 139 34
277536.501906 2110775.835129 110.290919 34 139 34
276607.050365 2111221.845449 111.442704 34 139 34
276669.101245 2111303.897758 130.343343 139 69 19
277732.048654 2111299.104046 109.736322 139 69 19
277321.208344 2111540.179038 134.470221 34 139 34
277229.853858 2110599.453503 72.434159 139 69 19
276903.330488 2110883.957415 100.597580 34 139 34
276950.302570 2110824.816380 108.227190 34 139 34
277796.733312 2111209.597165 101.079940 139 69 19
277639.078992 2111126.530899 84.746008 34 139 34
277692.437931 2111048.934397 91.152403 139 69 19
277300.483005 2110563.654802 83.746336 34 139 34
276867.848255 2110862.799355 98.719294 139 69 19
276809.093693 2111217.447572 112.546004 139 69 19
277253.905171 2111204.352883 117.291510 34 139 34
276796.100331 2111312.085454 125.498288 139 69 19
277446.325931 2110938.976107 104.918614 34 139 34
277122.799582 2111677.453489 118.018847 34 139 34
277114.048367 2111783.261813 127.146535 139 69 19
276977.143582 2111265.945712 97.311900 34 139 34
276888.399286 2111405.622017 133.528424 34 139 34
277424.505571 2110803.235008 105.162105 139 69 19
276847.719668 2111362.049809 108.072790 34 139 34
277457.134812 2111458.741171 124.232467 34 139 34
276896.364237 2111062.502541 124.816503 34 139 34
277072.655492 2111184.301272 116.318488 34 139 34
277659.707018 2111435.788629 104.051493 139 69 19
277404.804629 2110650.009493 96.419815 139 69 19
277192.145466 2110594.638876 75.348524 139 69 19
277276.853484 2111112.601215 105.702906 34 139 34
277460.213516 2111573.126460 122.704711 139 69 19
277409.267358 2110644.450288 94.323263 34 139 34
277034.666311 2111356.371535 124.103234 34 139 34
276997.659512 2111312.768160 108.254275 34 139 34
276872.798617 2110827.021369 103.407321 34 139 34
277067.563026 2111087.495413 120.233620 139 69 19
277258.238773 2110972.854554 98.676038 34 139 34
277168.300595 2110756.070104 86.766829 34 139 34
277483.702162 2111648.620198 117.971505 139 69 19
277719.005226 2110989.796444 98.539939 139 69 19
276840.382983 2110874.837340 105.140222 34 139 34
277748.826805 2111389.207127 124.167122 34 139 34
277293.442357 2111542.987049 139.682963 34 139 34
277299.306134 2110883.697963 105.099490 34 139 34
277071.152169 2111225.163943 113.021690 34 139 34
277334.584378 2111336.136559 103.400287 139 69 19
277567.008929 2111125.637250 107.260738 139 69 19
276800.725390 2111351.409792 132.694881 139 69 19
276978.357498 2111353.042756 123.993807 139 69 19
277572.028316 2111523.357970 121.889522 139 69 19
276989.751524 2111547.377169 123.422024 34 139 34
277506.995294 2110924.818120 109.481767 34 139 34
277265.187123 2110830.027349 109.652743 34 139 34
277138.870683 2110748.031286 88.538794 139 69 19
277593.374072 2111209.478606 93.706740 139 69 19
277155.921512 2110952.826792 88.761515 34 139 34
277314.800369 2111020.230805 120.627228 139 69 19
277253.450952 2110893.355896 105.969949 139 69 19
277106.136196 2111803.647487 135.869475 34 139 34
277317.147964 2111672.369052 123.692929 139 69 19
277546.252165 2111045.818442 108.243138 34 139 34
277202.850995 2110884.193632 83.497344 34 139 34
277460.351740 2111619.616775 132.950837 139 69 19
277044.170900 2111333.494976 114.121010 139 69 19
277120.177413 2111286.567300 127.896257 34 139 34
277044.384610 2111377.388041 141.763128 34 139 34
277358.418849 2110639.316565 73.184434 34 139 34
277080.299083 2111848.765525 134.697115 139 69 19
277661.495890 2110938.864600 83.126856 34 139 34
277070.389560 2111806.874125 125.028817 34 139 34
277192.780874 2111296.769473 111.451316 139 69 19
277086.018260 2111307.246171 128.994881 34 139 34
276813.521348 2110812.980613 97.670177 34 139 34
277204.150844 2111413.588623 107.108470 34 139 34
277177.109611 2110510.525305 81.859972 34 139 34
277221.973729 2110839.977400 100.506308 139 69 19
276912.688437 2111064.874619 121.734389 139 69 19
277052.911188 2111778.566403 114.869426 34 139 34
277199.498134 2111416.026293 123.898358 34 139 34
276765.603231 2111455.611536 131.177783 34 139 34
277316.137895 2111633.491066 155.195104 34 139 34
276958.112882 2111662.058762 130.424119 34 139 34
276936.574394 2111263.157769 109.950481 34 139 34
277382.866574 2110888.349403 82.576679 34 139 34
276557.855839 2111153.601344 123.509781 34 139 34
277122.862267 2110956.618002 92.286949 34 139 34
277261.352710 2110551.193389 71.401705 139 69 19
276950.732565 2111362.718105 112.981810 139 69 19
277594.180715 2111080.284135 104.261128 34 139 34
277410.843290 2111384.607033 112.766894 139 69 19
276997.332000 2110944.658636 109.947466 139 69 19
277723.631370 2111373.774597 113.468276 34 139 34
276613.407409 2110994.101290 107.954432 34 139 34
277063.824581 2110667.864614 104.418819 34 139 34
277170.402757 2111050.317399 104.964749 139 69 19
277265.220544 2110904.906133 75.209281 139 69 19
277272.758890 2110842.861354 103.506019 34 139 34
277491.237832 2111545.918981 121.769634 34 139 34
276843.024797 2111056.610376 102.718635 139 69 19
277104.021746 2110720.084818 85.096358 34 139 34
277755.064065 2111241.538751 96.834496 139 69 19
277584.143992 2111436.419668 120.677450 34 139 34
277332.247759 2110695.129091 92.365381 34 139 34
276764.983677 2111269.430164 140.411860 139 69 19
276916.055748 2111507.937394 122.457909 34 139 34
277441.094761 2111601.502803 142.239197 139 69 19
277220.088533 2111444.798332 112.324294 139 69 19
277654.177778 2111010.544999 92.062476 34 139 34
276755.978120 2111433.788305 139.591437 34 139 34
277205.713312 2111456.513446 113.519898 34 139 34
276846.671147 2111557.224104 137.025728 34 139 34
277472.498512 2111451.252909 107.891355 139 69 19
276841.754892 2111257.912178 94.431056 139 69 19
277272.005120 2111126.283602 120.706859 34 139 34
277453.120302 2111547.552411 107.020489 34 139 34
276819.014187 2111157.662257 108.454920 34 139 34
277225.388185 2111555.722742 132.543708 139 69 19
277631.257891 2110917.001915 91.763576 34 139 34
277165.408314 2110929.293969 110.885332 139 69 19
277158.889370 2111316.276565 132.042544 34 139 34
277404.429584 2110627.473181 72.737458 34 139 34
276919.910518 2111160.709871 120.636476 34 139 34
277285.038741 2111548.039202 127.239239 34 139 34
277279.472302 2110976.925400 114.936964 34 139 34
277183.144306 2111550.218721 128.639273 34 139 34
276973.861096 2111282.465375 105.431857 139 69 19
276564.589796 2111122.783487 104.764410 34 139 34
276720.965765 2111212.468815 126.115520 139 69 19
276963.510649 2111000.344043 120.559510 34 139 34
277254.701028 2111342.650398 135.739669 34 139 34
277320.087570 2111686.205970 127.816819 139 69 19
277484.216848 2110840.254216 93.141328 139 69 19
276891.083126 2111499.353502 133.992975 139 69 19
276959.871110 2111569.327834 105.829118 34 139 34
276847.973802 2111369.600272 116.359675 34 139 34
277528.384812 2111460.483325 129.770354 139 69 19
277218.318073 2111198.780035 117.474428 34 139 34
276891.382083 2111318.358305 129.341503 34 139 34
277286.604223 2111176.233306 114.585849 34 139 34
277858.914156 2111246.124289 83.441535 139 69 19
277273.044478 2111507.589926 120.536440 34 139 34
276992.963779 2111381.502525 137.533586 34 139 34
277687.667102 2111069.952353 97.057824 34 139 34
277304.218880 2111757.769028 150.121416 34 139 34
277016.788386 2111069.046607 108.052475 139 69 19
277193.051993 2111463.326259 113.306993 139 69 19
277046.590934 2111279.681178 121.717832 34 139 34
276853.599286 2111341.076157 120.772402 34 139 34
276847.660002 2110912.372221 101.064473 34 139 34
277117.247758 2111301.362035 110.943850 139 69 19
277166.058501 2111112.154940 112.895963 139 69 19
277394.562831 2110921.909488 100.903148 139 69 19
277781.827959 2111163.774388 96.202626 34 139 34
277190.078626 2110505.259400 75.308994 34 139 34
276713.454122 2111238.830043 129.911029 139 69 19
277119.641894 2111856.702326 128.537817 139 69 19
276636.149093 2111058.631834 116.916408 34 139 34
276854.817724 2111168.900408 101.481810 139 69 19
277061.095364 2110583.964877 75.299220 34 139 34
276755.547338 2111487.446131 128.973504 34 139 34
277023.836796 2111256.588515 122.226346 34 139 34
277352.294157 2111641.236656 123.909063 34 139 34
277417.399256 2111264.309994 113.407240 139 69 19
277078.018647 2110723.052633 90.548833 139 69 19
277274.289858 2110639.508696 90.681399 34 139 34
277449.227566 2110959.763082 96.862657 139 69 19
276699.032032 2111060.267914 117.271318 139 69 19
277159.266385 2111862.569320 130.055486 34 139 34
277159.234805 2111368.373791 116.027709 34 139 34
277314.438791 2111691.843770 133.121029 139 69 19
276561.520796 2111185.727013 120.078361 139 69 19
277889.387118 2111187.569740 110.557957 139 69 19
276764.759185 2111372.136773 116.437122 34 139 34
276948.398556 2111438.033245 115.594546 34 139 34
276786.365773 2111049.403443 132.623836 139 69 19
277098.800079 2111482.504498 120.699486 34 139 34
277149.472175 2110705.508699 87.138444 139 69 19
277271.325107 2110868.864045 95.759130 139 69 19
277511.562336 2111377.191404 105.984367 139 69 19
277677.259058 2110995.219428 99.472309 34 139 34
276858.012019 2111503.371249 125.008295 34 139 34
277169.486769 2111223.262162 138.174148 139 69 19
277561.638086 2111099.564761 103.639157 139 69 19
276842.747889 2111015.678085 121.260331 34 139 34
277162.715866 2111932.924927 174.680342 139 69 19
276697.255948 2111156.499427 127.606283 34 139 34
277021.420402 2111349.622726 101.191657 34 139 34
277435.922176 2111644.788497 142.314399 139 69 19
277455.097944 2111424.163792 122.325471 139 69 19
277401.357906 2110805.060294 92.753278 139 69 19
276591.174823 2111002.274055 124.649861 34 139 34
277749.117348 2111073.063149 80.909725 139 69 19
277410.237376 2110642.288180 74.924377 34 139 34
277383.588968 2111227.941328 124.353201 139 69 19
276734.235928 2111455.726812 133.308898 34 139 34
277325.587985 2111472.369152 121.608058 139 69 19
276641.640427 2111071.307403 112.157688 34 139 34
277000.766197 2111372.076070 132.648038 139 69 19
277345.488527 2110880.254375 109.312116 34 139 34
277470.459094 2110913.010265 98.686180 34 139 34
277284.764754 2110735.353907 103.146056 139 69 19
277007.408439 2111558.780423 130.627664 139 69 19
277852.036380 2111266.518445 92.279494 34 139 34
276812.984657 2110876.085363 111.198425 34 139 34
277257.848478 2111475.618870 131.816109 34 139 34
277224.197878 2110566.247767 73.719304 139 69 19
276530.993373 2111160.850426 132.723297 139 69 19
277439.539245 2111619.781123 128.651556 139 69 19
276935.468863 2111420.605737 122.859799 34 139 34
277122.959141 2111422.211799 118.709687 139 69 19
277600.865805 2110905.751068 105.215864 139 69 19
276504.910974 2111090.956804 115.643283 34 139 34
276547.406718 2111155.100119 109.824842 139 69 19
276963.934164 2111616.574544 129.896816 139 69 19
277571.611895 2111321.583394 101.799997 139 69 19
277558.454833 2111446.871823 132.648324 139 69 19
277637.361905 2111065.447356 88.716279 34 139 34
276800.910946 2111223.253284 111.427718 139 69 19
277012.333326 2111586.526627 132.381528 34 139 34
277487.184158 2111002.130985 97.603230 139 69 19
277279.684575 2111461.420359 117.731226 139 69 19
277103.002315 2110819.293060 75.673954 34 139 34
276704.793297 2110965.704701 106.801727 34 139 34
277188.674717 2111861.012505 166.486250 139 69 19
277039.898331 2110634.440821 106.054102 139 69 19
276714.647021 2110928.600056 115.150369 139 69 19
277690.750073 2111436.517223 100.762610 34 139 34
277104.488368 2110743.588328 94.049119 139 69 19
276924.523111 2111059.347199 111.018736 34 139 34
277392.138686 2111660.865216 118.337340 139 69 19
277284.631626 2110498.586693 67.762549 34 139 34
277189.663532 2111647.556166 149.406179 34 139 34
277570.193832 2111146.114024 118.193687 34 139 34
277754.842602 2111316.905030 117.257450 34 139 34
277235.602991 2111445.891463 118.514975 139 69 19
276892.468710 2110734.452772 89.903359 139 69 19
277170.898440 2111222.130567 102.736833 139 69 19
277693.694775 2111016.911164 120.297156 139 69 19
277542.992953 2111094.085884 112.835347 34 139 34
276733.579883 2111263.626388 112.043279 34 139 34
277684.540875 2111468.210105 135.566162 139 69 19
277312.889371 2111001.487524 85.724147 34 139 34
276552.666064 2111125.962511 113.374827 139 69 19
277362.986266 2111333.170958 113.554279 34 139 34
276687.643229 2111059.845755 117.501583 34 139 34
277220.273591 2111616.826782 135.412802 139 69 19
277149.924973 2111921.973647 150.057008 34 139 34
277641.266277 2110971.932624 87.311388 139 69 19
277503.111567 2111464.179972 119.429932 34 139 34
277402.860519 2111620.929803 138.236582 139 69 19
277435.551251 2110921.122399 115.468110 139 69 19
276789.620655 2110983.476598 116.843925 34 139 34
277348.610782 2111441.009198 121.515080 34 139 34
276875.362101 2111320.538027 115.151167 34 139 34
277170.755835 2111798.361523 134.607237 34 139 34
276612.691703 2111339.363549 127.838207 34 139 34
277116.290603 2111473.030821 113.005679 139 69 19
277542.683238 2111201.700006 116.199178 139 69 19
276895.823318 2111120.461809 120.902491 34 139 34
277116.343821 2111783.295658 157.509128 34 139 34
277452.095178 2111215.522084 120.031619 139 69 19
276778.451001 2111192.495279 111.201216 139 69 19
277651.690848 2111493.440845 113.835018 139 69 19
276614.164941 2111022.113350 132.869962 139 69 19
277368.891493 2111213.106067 128.902513 139 69 19
277022.613819 2111207.379257 132.001832 139 69 19
277690.912674 2111071.977169 100.880815 34 139 34
277213.550757 2111584.304954 142.217818 139 69 19
277867.664606 2111220.640380 95.432377 34 139 34
277479.269266 2111246.200934 105.276920 139 69 19
277044.806676 2111590.092821 113.734684 139 69 19
276882.524937 2110973.593654 105.101485 34 139 34
277126.273442 2111210.807456 124.453847 34 139 34
276539.176298 2111090.134134 119.018074 34 139 34
276684.252318 2111421.254982 143.664726 34 139 34
276776.459363 2110929.387986 92.155546 139 69 19
277674.385847 2111282.564914 103.380240 34 139 34
277286.530626 2111594.640185 107.301487 139 69 19
276976.385324 2111208.388066 117.146791 139 69 19
277077.450610 2111217.440838 110.412868 139 69 19
277223.445202 2111655.882828 125.014105 34 139 34
277046.236629 2111512.862674 113.409435 139 69 19
277248.346903 2110552.997424 83.874902 139 69 19
277534.634138 2110919.843681 106.185912 139 69 19
277272.900614 2110890.682144 98.754546 34 139 34
277095.222333 2110614.861348 82.840047 139 69 19
277282.773754 2111672.339460 117.613947 34 139 34
277856.313771 2111130.391813 98.219125 139 69 19
276930.573568 2111600.453892 114.423476 139 69 19
276584.541125 2111013.042951 97.280655 139 69 19
277175.606334 2110621.058240 85.718637 34 139 34
277064.715014 2111033.634352 97.458367 34 139 34
277044.371602 2111104.068263 107.252360 139 69 19
276717.013990 2111067.227468 136.771368 139 69 19
277619.692284 2111422.150810 106.857240 34 139 34
277143.651909 2111210.410016 119.180714 34 139 34
276562.837225 2111151.225691 111.070913 34 139 34
276940.169337 2111212.376994 110.233950 139 69 19
277714.556363 2111130.924441 95.112974 139 69 19
277508.373583 2110796.981121 83.926410 34 139 34
277227.395809 2111280.164157 118.766764 139 69 19
277349.899352 2111628.305029 147.765091 34 139 34
277258.677586 2110808.926946 99.006619 139 69 19
276782.778674 2111437.679070 126.639054 139 69 19
277140.397364 2110643.018795 74.048977 139 69 19
277154.409869 2111784.093398 153.353899 139 69 19
277032.081907 2111320.977288 123.237860 139 69 19
276931.345575 2111664.120635 159.948190 34 139 34
277066.930791 2110766.279862 100.230433 139 69 19
276909.949969 2111095.293222 106.110246 34 139 34
276797.616316 2110832.770091 97.948330 139 69 19
277199.469418 2110735.265389 91.721505 139 69 19
277092.028704 2111065.002597 101.130097 34 139 34
277875.683391 2111171.647546 105.714693 34 139 34
276724.275177 2111332.071140 134.936468 34 139 34
277574.699798 2111462.431418 116.542136 34 139 34
277204.576745 2110838.355215 112.012272 34 139 34
277425.248705 2111332.837334 106.882370 139 69 19
277436.963466 2111035.125750 84.517633 34 139 34
276957.890454 2111592.130654 160.161853 34 139 34
277078.562209 2111082.733904 105.009862 34 139 34
277120.037872 2111287.460011 126.130167 139 69 19
276794.780300 2110916.401671 114.882537 34 139 34
277237.412471 2111540.406277 125.569864 139 69 19
276803.821848 2110878.458052 82.330700 139 69 19
277709.173364 2111076.985010 95.947487 139 69 19
277583.032488 2110866.519338 85.891667 34 139 34
277074.712091 2111395.609305 122.025945 139 69 19
277136.728049 2111636.426886 126.888391 34 139 34
277469.259696 2110740.467485 86.820273 139 69 19
277437.514006 2111626.054027 117.201803 34 139 34
276474.920009 2111138.088433 94.050573 139 69 19
276915.893577 2111389.564024 124.594478 139 69 19
277084.180816 2111548.677439 132.424491 139 69 19
276948.006776 2111343.463679 121.262772 139 69 19
276584.187978 2111269.312820 125.087934 139 69 19
277499.954431 2111370.752938 126.907432 139 69 19
277308.633197 2110720.397976 85.896680 34 139 34
277232.797865 2111845.011153 135.671557 34 139 34
277106.311266 2110639.348047 79.470888 34 139 34
277441.562217 2111664.187366 137.229511 34 139 34
277294.878533 2110778.281175 70.744794 139 69 19
277475.466367 2111476.904188 150.510406 34 139 34
277277.787071 2110866.876185 85.242535 139 69 19
277331.109478 2111401.691649 125.466918 139 69 19
276957.894834 2110929.741972 104.690234 139 69 19
277088.539709 2111093.585790 109.862874 139 69 19
277112.240433 2111275.972374 110.941413 139 69 19
277080.180496 2111644.159822 124.969934 34 139 34
277736.864356 2111132.491328 115.895804 139 69 19
277133.858196 2110819.324069 95.339710 139 69 19
277478.928674 2111147.667569 117.067839 139 69 19
277545.784854 2111451.434457 107.250570 139 69 19
276472.412378 2111147.785700 137.910234 34 139 34
277336.584925 2110733.345855 95.465781 139 69 19
276989.577804 2110993.065120 96.021352 34 139 34
277287.643265 2110898.313914 101.024090 139 69 19
277245.695729 2111527.893982 116.652383 139 69 19
277192.483897 2111275.814593 118.116552 34 139 34
276975.280900 2110710.037037 119.176790 139 69 19
277273.331058 2111301.880116 117.231981 139 69 19
276605.007587 2110988.980344 115.074170 34 139 34
276990.310656 2111745.089308 152.508231 34 139 34
276851.762958 2111347.582965 128.285912 34 139 34
277664.380458 2111419.067735 104.708083 139 69 19
277220.149827 2111583.423742 139.285861 139 69 19
277391.333217 2111519.514805 135.855947 139 69 19
276778.530325 2111035.917729 99.011225 34 139 34
277227.666252 2111671.609958 134.494184 139 69 19
277015.606338 2111790.561615 130.038497 34 139 34
277496.652490 2111508.764517 126.802862 34 139 34
277784.277550 2111300.172606 102.043054 34 139 34
277345.674709 2111100.098500 112.018209 34 139 34
276852.578518 2110967.919755 108.134975 34 139 34
277564.328113 2111207.659272 114.605630 139 69 19
276853.594270 2111026.325299 114.884619 139 69 19
276855.557459 2110775.812853 100.499519 139 69 19
276663.060782 2111303.568299 120.459210 139 69 19
277343.613561 2110677.160358 96.233747 34 139 34
277279.576169 2111418.085598 120.210966 34 139 34
277424.680908 2111659.447436 140.184175 34 139 34
276974.224342 2111654.250573 132.347975 139 69 19
276924.944581 2110892.917525 98.058333 139 69 19
277523.207748 2110933.924760 89.092732 34 139 34
277335.740717 2111217.510507 116.093876 139 69 19
277116.201612 2110780.607543 106.688848 34 139 34
276553.674963 2111083.706182 115.339586 139 69 19
277258.275627 2111845.899185 148.528835 139 69 19
277224.656947 2111167.083801 95.625358 34 139 34
277249.174362 2110818.776731 95.557229 139 69 19
277051.679807 2111752.434825 147.722096 139 69 19
277519.585974 2111052.170790 98.901949 139 69 19
276961.735237 2110718.979633 94.289268 34 139 34
277419.681821 2111140.977355 103.230289 34 139 34
277141.742986 2111654.656769 124.177175 139 69 19
276657.560665 2111130.170366 129.368590 139 69 19
277279.903936 2110528.366229 63.850398 34 139 34
277496.505953 2110812.459596 86.836893 139 69 19
277098.171782 2111269.249817 131.430542 139 69 19
277057.448866 2110640.592315 79.560148 34 139 34
277232.031039 2111469.554388 130.963103 139 69 19
276794.432567 2111312.911751 128.786720 139 69 19
277424.894650 2111549.836141 134.950459 139 69 19
277000.610299 2111586.260065 130.645333 34 139 34
277377.577145 2110608.469444 86.733278 139 69 19
276496.977162 2111149.800244 115.554372 139 69 19
277241.984293 2111749.795974 134.179628 139 69 19
276673.423728 2111209.585374 135.654104 139 69 19
277408.616861 2110772.899755 70.382679 34 139 34
276964.946298 2111712.218502 129.172024 34 139 34
277535.347617 2111378.339233 114.394275 34 139 34
277208.665004 2110497.507711 71.441179 34 139 34
277440.367636 2111313.386407 124.938469 139 69 19
277118.863224 2110591.790524 97.941224 139 69 19
277012.879762 2111727.445078 141.758320 34 139 34
276905.416898 2110730.351729 93.236348 34 139 34
277307.712825 2110621.996912 70.484655 139 69 19
277292.513141 2110911.338033 99.192967 34 139 34
277372.736187 2110677.237080 90.133794 34 139 34
277193.351894 2111513.196338 140.437754 139 69 19
277060.831841 2111616.964503 129.097650 34 139 34
277332.258062 2111423.845891 104.727339 34 139 34
277143.225827 2111112.449104 105.871941 34 139 34
277172.209256 2110981.390173 105.374194 34 139 34
277082.431254 2110619.806439 87.783550 139 69 19
277229.239571 2111175.113390 130.478079 139 69 19
277624.357450 2110878.521584 93.489043 34 139 34
277311.739752 2111253.337724 105.375117 139 69 19
277100.923389 2110605.749479 65.306917 34 139 34
277291.496626 2111348.444199 107.033463 34 139 34
277346.165683 2110647.704973 87.707725 139 69 19
276957.264478 2110949.129271 114.633623 139 69 19
276782.025859 2111169.978891 100.372800 34 139 34
277158.636880 2110589.566992 85.247405 139 69 19
277757.362195 2111036.599602 99.624666 34 139 34
277208.221423 2111195.245758 97.354257 34 139 34
277156.869668 2110714.564052 94.987034 139 69 19
276717.067907 2111276.801715 108.740064 34 139 34
276584.153404 2111253.803140 116.498734 139 69 19
276540.042065 2111115.271402 119.728255 139 69 19
277336.753043 2111138.087260 113.483419 34 139 34
276581.878750 2111148.357296 136.125451 139 69 19
277576.297287 2110822.486082 73.232293 139 69 19
277796.503916 2111332.874099 112.648345 139 69 19
277431.508750 2111181.481230 94.328342 139 69 19
277105.541785 2110997.439546 111.526658 139 69 19
276670.872307 2111163.728357 103.297505 34 139 34
276691.897251 2110916.979000 94.785302 34 139 34
276882.528419 2110881.813427 72.720248 139 69 19
277030.764183 2111385.684258 146.578016 139 69 19
277594.308994 2111446.254737 126.764752 139 69 19
277052.055518 2111607.374826 144.220103 139 69 19
277496.678019 2111090.993115 119.026336 139 69 19
276655.263882 2111185.061537 118.477117 34 139 34
277291.127837 2111098.653612 112.417601 34 139 34
277170.035253 2110801.940332 78.630380 34 139 34
276813.915254 2111280.521972 122.970505 34 139 34
277456.398770 2111102.472323 108.004512 139 69 19
277498.214505 2110823.921221 89.733689 139 69 19
277414.066438 2111365.353103 114.861969 139 69 19
277528.484597 2110919.878596 80.178153 34 139 34
277289.648270 2110973.131383 87.781463 139 69 19
277042.734359 2111057.528294 116.897794 34 139 34
276542.560470 2111181.739710 108.941841 139 69 19
277445.962535 2111176.079653 108.313879 34 139 34
277182.929543 2110993.064692 91.903653 34 139 34
277261.533225 2110487.171416 90.565670 139 69 19
276872.204840 2110976.294759 115.296560 34 139 34
277571.292995 2111101.221607 95.758403 139 69 19
277631.140129 2111288.605044 107.604620 139 69 19
277478.427665 2110962.339049 104.887984 139 69 19
276946.605014 2111333.193695 116.483530 34 139 34
277538.243658 2111488.370453 116.879129 139 69 19
277167.485045 2111186.505144 116.834355 34 139 34
277034.369379 2110814.919363 89.355348 139 69 19
277287.578114 2111741.052695 126.711413 34 139 34
277170.118582 2111681.655277 147.186440 139 69 19
277405.106981 2110665.881240 81.007186 139 69 19
277317.473397 2111047.638728 100.411637 139 69 19
277147.446201 2110775.144422 94.063467 34 139 34
276641.460500 2111146.936026 127.990055 34 139 34
277000.529559 2111137.973374 115.631320 34 139 34
276734.958902 2111266.112917 142.371004 34 139 34
277206.578829 2111491.977765 107.667695 139 69 19
277763.133619 2111132.592912 98.874341 139 69 19
277753.462338 2111030.129099 102.379374 34 139 34
277224.110440 2110986.616875 107.033491 34 139 34
277001.935886 2110826.460204 93.004725 139 69 19
277483.508441 2110934.720183 78.343543 139 69 19
277342.678423 2110769.091059 90.548469 139 69 19
277523.374651 2111398.266555 125.101024 139 69 19
277771.917453 2111150.995751 97.519879 139 69 19
277251.639200 2111154.807927 104.456656 139 69 19
277066.500224 2110980.470145 111.270260 139 69 19
277195.544001 2110588.048019 67.037339 34 139 34
277291.519140 2111491.762286 120.845609 139 69 19
277501.258673 2110718.491631 56.347625 139 69 19
277216.650639 2111139.340042 111.364593 139 69 19
277477.296418 2110774.165354 100.716930 139 69 19
276829.003549 2110904.752936 89.528491 139 69 19
277329.416145 2111607.827044 107.646068 34 139 34
276585.774071 2111261.398813 133.078849 139 69 19
277585.810054 2110896.210031 83.170408 139 69 19
277600.419201 2111022.935809 102.344714 139 69 19
277129.793391 2111589.235006 127.514621 139 69 19
277646.866813 2111437.671119 110.207086 34 139 34
277882.515382 2111169.203225 101.882400 34 139 34
277183.329237 2110590.198562 67.596355 139 69 19
277403.093021 2111304.277863 104.007578 34 139 34
277030.420683 2111447.034537 114.230574 34 139 34
277782.949657 2111091.454830 106.084062 34 139 34
277038.910724 2110998.652433 112.607376 34 139 34
276647.236183 2111166.799873 111.539770 139 69 19
277563.385765 2111226.510055 106.999984 139 69 19
277189.560331 2111161.895948 100.702842 34 139 34
277110.552320 2111359.617747 121.946822 34 139 34
277140.400850 2110542.378949 90.416778 34 139 34
277117.877438 2110714.750720 85.014485 34 139 34
277379.037963 2111587.735632 123.537691 139 69 19
277491.738241 2110859.015152 93.803574 139 69 19
277314.394848 2110733.118007 78.391799 34 139 34
277134.278932 2111068.363862 119.133613 139 69 19
276873.455417 2110920.492983 112.825538 34 139 34
277456.470474 2111467.224706 119.083691 34 139 34
276709.600176 2111366.314502 114.139601 139 69 19
277320.048994 2110684.978002 98.706119 34 139 34
277386.074275 2111122.390750 99.017733 139 69 19
277185.123509 2111652.633140 149.435655 34 139 34
277429.486612 2111581.139983 129.965425 34 139 34
277343.688464 2111728.807623 150.613255 34 139 34
277349.623251 2110655.193906 71.094610 34 139 34
277221.431131 2111721.388710 141.247243 34 139 34
277160.617502 2111277.021356 129.890120 139 69 19
277201.871687 2110992.685127 131.287813 34 139 34
277683.484610 2111250.243302 126.101918 34 139 34
277398.159687 2111674.078542 106.127593 139 69 19
277097.721718 2111194.839136 106.967880 34 139 34
276936.760426 2111216.967121 113.363869 34 139 34
277277.833752 2110943.453802 97.817937 34 139 34
277194.499464 2111638.951873 123.795075 139 69 19
276807.446036 2111559.494663 132.042889 34 139 34
277722.107676 2111059.266485 75.452086 34 139 34
277306.046949 2111309.893376 105.026341 139 69 19
277228.981828 2111327.325696 123.381345 139 69 19
277797.114294 2111184.746829 100.729928 139 69 19
277399.308989 2111242.776571 116.428509 34 139 34
277456.041894 2111335.483800 106.953043 34 139 34
276741.167113 2111340.980657 131.752944 139 69 19
277464.525782 2111011.355828 81.759148 139 69 19
276694.668104 2111398.615953 127.495569 34 139 34
276826.391899 2111447.940105 131.420911 34 139 34
277471.963276 2110954.297282 97.792168 34 139 34
277280.846307 2111305.754856 112.760179 34 139 34
277332.196024 2111656.491562 121.055783 34 139 34
277417.325277 2110916.060300 86.304873 139 69 19
276743.852806 2111376.475119 157.405216 34 139 34
276943.061066 2110989.401196 93.874009 34 139 34
277044.235895 2111631.117163 130.869486 139 69 19
277098.497615 2110690.643790 83.555517 34 139 34
277341.090478 2111453.906698 124.631735 139 69 19
277213.017004 2110482.585222 70.574828 139 69 19
277057.451753 2111450.479492 145.659654 139 69 19
277559.476126 2110993.558657 81.251396 139 69 19
277492.677732 2110992.121799 110.322618 139 69 19
277036.863379 2110703.127690 78.617072 139 69 19
277430.589446 2111586.267792 133.562597 139 69 19
277432.896921 2111660.542303 125.587681 34 139 34
277216.130109 2111736.802339 154.915022 34 139 34
277254.453389 2110933.909347 93.653137 34 139 34
277288.279047 2111333.735600 113.927422 34 139 34
277367.017321 2111582.206433 138.184371 34 139 34
277443.068485 2111117.451496 116.595573 34 139 34
277032.640377 2110795.344570 81.868329 34 139 34
277828.837120 2111328.292613 86.684720 34 139 34
277307.301307 2111207.372312 104.555649 139 69 19
277378.984712 2111273.765276 106.916009 139 69 19
277702.667990 2111106.793749 104.942098 34 139 34
276860.569312 2111262.293716 102.770047 34 139 34
276801.358536 2111201.107944 129.075399 139 69 19
277177.895280 2110749.541985 84.079573 34 139 34
277733.215743 2111126.697389 110.799796 34 139 34
276853.657783 2111526.966973 116.285330 139 69 19
277745.756685 2111062.544929 92.877710 139 69 19
276911.622251 2111411.133596 140.680554 139 69 19
277075.482501 2111277.180715 123.959902 34 139 34
276695.153519 2111285.900545 125.733792 139 69 19
277126.219688 2111797.767367 143.114949 139 69 19
277172.420513 2110653.013311 104.413688 139 69 19
277840.518091 2111251.144426 103.609424 139 69 19
276847.067766 2111452.155469 115.668759 34 139 34
277552.234379 2110903.091210 98.288859 34 139 34
276817.156255 2111371.321681 134.754549 34 139 34
276975.223729 2111106.325045 111.208731 139 69 19
276589.620708 2111111.349689 108.440384 139 69 19
277238.039454 2111582.460755 117.278354 34 139 34
277843.580282 2111212.476907 113.286891 34 139 34
277488.050020 2111149.702812 111.040720 34 139 34
277517.940670 2111573.024071 118.124818 34 139 34
277763.577190 2111308.989382 91.948977 34 139 34
276900.741182 2111268.574964 107.482707 139 69 19
276872.310249 2111289.362773 125.636617 34 139 34
277367.013797 2111436.747956 119.166858 34 139 34
277166.418625 2110833.155742 83.094473 139 69 19
276774.913589 2110896.830661 108.835748 139 69 19
276927.676912 2110984.709050 116.839236 34 139 34
277492.643562 2111422.690305 102.740229 139 69 19
276761.030931 2110991.558677 96.968322 34 139 34
277184.830207 2111129.402597 117.015368 139 69 19
277709.387987 2111068.097833 91.319797 34 139 34
277269.222619 2110931.523074 89.274179 139 69 19
277209.746193 2110468.558028 88.306384 139 69 19
276813.659235 2111005.164076 106.826450 139 69 19
276844.058888 2111526.389129 131.134078 139 69 19
277126.412766 2111209.693402 127.537965 34 139 34
277424.017542 2110974.165692 93.384567 139 69 19
277209.240687 2111672.942196 132.115957 34 139 34
277689.464500 2111340.642313 115.375356 34 139 34
276968.629870 2110709.279152 81.701969 34 139 34
277512.991080 2111480.075567 120.120076 139 69 19
277073.501210 2110983.263600 94.042115 34 139 34
277629.510399 2110953.971336 89.432457 139 69 19
277850.299899 2111157.236460 103.533998 139 69 19
277188.255392 2111573.695230 134.060168 139 69 19
276598.039864 2111275.059381 124.807717 139 69 19
277070.151635 2111029.614646 102.356614 139 69 19
277257.693635 2111139.620530 125.876493 34 139 34
277032.776156 2110814.473488 79.278729 34 139 34
277277.018966 2111180.470189 100.819048 34 139 34
277673.001520 2111152.414754 98.272622 34 139 34
276614.981610 2111259.365783 145.887224 139 69 19
277273.338024 2111292.074388 97.020268 139 69 19
277475.182126 2111481.343098 117.237682 34 139 34
277867.688523 2111289.899546 130.231835 139 69 19
277283.290972 2110478.551775 86.464030 34 139 34
276893.680381 2110970.494038 104.709173 139 69 19
277141.636055 2110567.618657 93.623036 34 139 34
277432.171811 2111584.408906 113.925966 34 139 34
276525.071600 2111181.417856 111.489036 34 139 34
276900.144515 2111085.688059 126.882638 34 139 34
277511.893756 2110933.470588 85.617416 139 69 19
276971.774296 2111612.550601 142.334991 34 139 34
276722.678169 2111231.669571 107.434456 139 69 19
276926.097248 2111674.075348 142.359392 34 139 34
277430.561436 2111560.949289 147.756411 139 69 19
277678.105165 2111364.699542 115.776188 139 69 19
277075.210649 2111340.088650 139.952126 34 139 34
277482.920325 2110810.799837 97.064719 34 139 34
277461.050706 2111559.309497 112.646947 34 139 34
277357.037921 2111457.436251 114.318371 34 139 34
277426.410173 2110934.182339 76.212400 34 139 34
276665.722072 2111059.908131 102.829289 34 139 34
277144.786812 2110814.646482 98.306917 34 139 34
277193.725274 2111169.873766 123.260143 139 69 19
276946.679844 2111234.262949 121.612625 34 139 34
277423.314560 2110635.086056 98.932100 139 69 19
277745.989555 2111010.865203 93.778552 139 69 19
277158.413945 2111102.414760 130.455263 139 69 19
277220.909824 2110799.707992 82.088566 139 69 19
277475.003951 2111227.511928 109.352867 34 139 34
277552.163077 2110963.219408 93.152885 34 139 34
277212.179147 2111024.137817 101.106210 34 139 34
277485.117254 2110804.941487 88.209563 34 139 34
276672.973290 2111177.927123 121.176977 139 69 19
277567.933603 2111215.385211 118.555451 34 139 34
277479.313289 2110702.296294 93.268468 139 69 19
277414.439258 2111115.298222 94.832426 139 69 19
277161.993180 2111740.124456 134.801133 34 139 34
277915.878698 2111203.080484 102.346225 139 69 19
276680.063525 2111089.257104 124.963668 34 139 34
276686.625393 2110998.528508 94.845144 34 139 34
277274.608108 2111321.762457 129.578954 34 139 34
277848.164447 2111320.323672 124.739595 34 139 34
277450.529335 2111677.749098 107.117799 139 69 19
276925.274484 2111135.396875 126.647231 34 139 34
276956.185966 2111641.626656 130.650438 139 69 19
277389.256313 2110801.882572 97.491132 139 69 19
277188.997967 2111504.145286 139.658359 34 139 34
276792.882613 2110878.500325 90.273150 139 69 19
277410.032031 2110855.799344 95.525441 139 69 19
277428.078624 2110979.389563 120.151829 34 139 34
277802.436784 2111076.538293 90.874703 34 139 34
276844.382123 2111300.038740 121.641031 139 69 19
277589.485642 2111533.897335 129.475969 139 69 19
277000.353883 2110936.763220 102.868810 34 139 34
276664.683462 2110985.902763 109.353993 34 139 34
277118.117594 2110840.918571 101.135866 139 69 19
276965.848096 2111070.310740 103.221201 139 69 19
277201.316511 2110636.950255 104.951773 34 139 34
276980.403437 2110867.773805 104.373825 139 69 19
277165.513286 2111524.420536 129.928232 139 69 19
277334.281749 2110976.387602 93.806191 139 69 19
277253.868362 2110787.483260 91.572507 139 69 19
277515.263111 2110775.816837 91.362985 34 139 34
277328.435739 2111567.558819 134.424943 34 139 34
276955.532121 2111688.660086 129.530709 34 139 34
277804.584702 2111123.774120 86.311719 139 69 19
276958.377452 2111187.565465 105.917247 139 69 19
276915.008936 2110855.063371 89.262421 139 69 19
276811.759220 2111242.652929 107.505557 34 139 34
277784.710296 2111285.281099 97.360446 34 139 34
277340.811164 2111643.434925 138.962224 139 69 19
276906.139251 2111087.307055 116.302701 34 139 34
277023.531939 2110766.137048 95.227215 139 69 19
277028.792696 2111691.840571 143.135299 34 139 34
277347.528970 2110994.782528 108.873184 34 139 34
277076.718069 2111741.286821 123.272914 139 69 19
277290.062324 2110694.973914 85.521173 34 139 34
277238.719106 2110986.431819 94.590820 139 69 19
277782.262712 2111056.737835 90.044856 34 139 34
277297.373439 2111507.452279 131.945489 139 69 19
276732.013028 2111034.619296 103.788456 34 139 34
277409.202692 2111334.530613 122.314389 34 139 34
276729.008186 2111031.719919 104.154856 139 69 19
277168.511143 2110913.567349 73.173882 139 69 19
277400.965493 2110895.454923 109.420256 34 139 34
277083.422693 2111278.238576 114.194894 139 69 19
277279.194842 2111745.533132 113.437760 34 139 34
277130.252241 2110896.290158 93.026242 34 139 34
277443.715010 2111297.045263 97.077697 34 139 34
277277.034515 2111433.845544 139.205985 34 139 34
276968.817253 2111345.409101 123.854491 34 139 34
276784.647972 2111449.679221 135.464334 139 69 19
277372.367559 2111620.451564 146.091861 34 139 34
277373.838931 2110975.268227 105.816134 139 69 19
277651.049935 2110902.102924 96.542588 34 139 34
276903.959968 2111614.590054 145.824654 139 69 19
277146.804971 2110511.881064 75.988261 34 139 34
276661.555592 2111108.188074 138.696509 34 139 34
276701.990452 2111343.680285 101.033915 34 139 34
277065.782573 2111242.689808 114.536119 34 139 34
277586.630911 2111132.309165 108.962073 139 69 19
277641.482618 2111062.814046 87.871005 34 139 34
277025.440945 2111464.932649 118.659290 34 139 34
277202.205015 2111133.380612 112.423206 34 139 34
277309.796266 2111571.106224 113.145333 34 139 34
277605.731384 2111014.384800 78.557055 139 69 19
277384.267311 2111359.141556 109.885633 34 139 34
277329.017478 2110702.751700 72.780569 34 139 34
277496.367734 2111409.342347 118.884184 34 139 34
277187.964976 2111208.976252 119.878413 139 69 19
277478.756230 2111033.476550 102.533527 139 69 19
277138.027678 2111260.006781 129.168883 34 139 34
276867.293809 2111145.218641 114.034908 34 139 34
277435.065486 2111249.575393 119.100001 139 69 19
276994.520271 2111169.422848 124.753676 34 139 34
277030.722663 2111256.345491 122.292813 139 69 19
277189.260470 2111423.620313 130.317652 139 69 19
277669.032476 2111105.673156 101.389451 34 139 34
277288.135384 2110889.894353 117.820140 139 69 19
277201.435160 2110550.619655 79.911828 139 69 19
277671.303126 2111422.386620 100.000592 34 139 34
276833.352354 2111376.065228 121.944259 139 69 19
277078.337976 2111636.674034 111.603311 34 139 34
277153.394675 2111911.868812 150.448846 139 69 19
277601.437193 2110991.582002 102.744227 139 69 19
277745.942809 2111066.425954 99.674295 34 139 34
276899.225439 2110879.684283 78.096393 139 69 19
277209.767492 2111540.682447 117.051637 139 69 19
276632.252319 2111266.855726 135.400842 139 69 19
277211.407818 2111478.068535 135.092495 34 139 34
277262.994005 2111647.771954 131.753595 139 69 19
277357.714569 2110609.565293 77.401544 139 69 19
277067.006349 2110794.714957 85.239370 139 69 19
277327.618476 2111127.978838 116.869692 139 69 19
277762.523511 2111022.568357 95.566053 34 139 34
277130.163955 2111103.617884 109.888753 34 139 34
277007.167726 2111438.423319 132.284413 34 139 34
277518.959018 2110998.661008 97.244419 34 139 34
276767.640932 2111011.683820 82.294612 34 139 34
277174.444936 2111825.087070 139.922192 34 139 34
277547.313814 2111357.309928 92.609211 34 139 34
277166.591700 2111228.816381 124.759485 34 139 34
276933.840056 2110817.541116 112.244805 34 139 34
277629.707055 2111470.631239 100.616260 139 69 19
277307.305699 2111795.416777 147.884254 139 69 19
277345.921266 2111582.286251 118.546577 34 139 34
277152.844668 2111332.393027 142.511800 139 69 19
277211.998193 2111585.384884 114.215103 34 139 34
277199.685731 2111174.571076 117.627607 139 69 19
276915.328618 2111100.771681 117.904706 139 69 19
276561.268746 2111030.853757 119.785205 34 139 34
276914.941045 2111109.907974 121.604078 34 139 34
277306.871194 2111757.319737 120.151765 139 69 19
277535.699766 2111299.541115 117.146683 34 139 34
277684.712690 2111260.369138 104.299238 139 69 19
277018.349072 2111472.484064 122.515224 139 69 19
277479.907159 2111485.997177 125.941043 139 69 19
277470.951400 2111552.770934 144.230995 139 69 19
277241.490658 2110757.229633 91.360619 34 139 34
277277.119306 2110957.597696 97.602903 34 139 34
277442.325698 2111559.401157 129.880407 139 69 19
276690.035002 2110929.294265 110.422516 139 69 19
277265.441696 2111713.854432 148.198120 139 69 19
277256.802001 2110516.183115 84.309967 34 139 34
277445.816816 2111132.798520 109.998061 34 139 34
276848.954142 2111098.002879 116.392943 34 139 34
277533.554688 2110804.649507 73.100457 139 69 19
277479.326713 2111278.298653 130.966720 34 139 34
277149.707996 2111069.713112 113.274970 34 139 34
277699.984954 2111176.198850 89.488323 34 139 34
276898.395658 2111650.525624 128.546011 139 69 19
277755.658229 2111125.129193 93.546629 139 69 19
277020.796497 2111763.831043 145.726411 34 139 34
277238.770732 2111666.759929 127.803201 139 69 19
277145.674727 2111039.287587 106.515113 34 139 34
277048.614058 2110776.327892 106.807921 34 139 34
276793.014474 2110972.771247 82.315230 139 69 19
276508.195893 2111193.292842 107.357141 139 69 19
277270.626960 2110538.447296 82.148002 139 69 19
276653.580656 2111332.586428 123.154610 139 69 19
277088.665834 2111055.225154 109.573697 34 139 34
276709.277632 2111416.983015 128.940140 34 139 34
277143.794279 2111871.093666 148.594378 34 139 34
277109.122985 2111653.009221 116.136055 139 69 19
277317.589359 2110765.420882 93.156547 34 139 34
277662.662753 2111080.970116 91.424928 139 69 19
276993.568290 2111756.969018 154.615718 34 139 34
277177.423042 2110837.261785 93.424785 34 139 34
277654.794513 2111170.242547 75.129751 139 69 19
277511.419373 2110746.441847 83.155805 34 139 34
277865.715310 2111308.866537 89.664552 139 69 19
277607.738950 2111155.021494 112.087664 139 69 19
276871.749763 2111051.504100 106.214791 139 69 19
276881.862807 2110849.814507 95.300148 34 139 34
276964.120513 2111480.385209 117.773460 139 69 19
277272.417773 2110523.764493 86.097527 34 139 34
277132.376922 2111011.360296 102.503263 139 69 19
276770.807006 2111074.743005 87.320115 34 139 34
277704.304225 2111239.403964 128.169200 34 139 34
277582.647405 2111382.448212 81.352443 139 69 19
277395.649923 2110667.530835 92.396615 139 69 19
277239.842712 2111065.655564 99.316206 139 69 19
276836.346045 2110873.959301 109.479020 139 69 19
277648.098829 2110903.437780 92.577188 34 139 34
277480.296002 2111493.269742 127.333552 34 139 34
277111.963056 2110783.878353 87.210481 34 139 34
277801.442430 2111262.537890 110.005437 34 139 34
277136.202845 2111654.195964 123.076356 139 69 19
277012.836024 2110980.154697 110.572123 34 139 34
276878.288369 2110973.690645 113.446060 34 139 34
277084.247076 2110929.176045 95.208859 139 69 19
277140.461372 2111638.032685 147.444356 139 69 19
277191.594907 2111284.584727 123.334097 34 139 34
277497.114863 2111126.508280 102.204965 34 139 34
277252.663511 2111237.081796 105.278133 139 69 19
276966.299190 2110800.678341 94.807658 34 139 34
277587.143644 2111458.251248 126.486130 34 139 34
277243.707990 2111153.049018 122.160581 34 139 34
277777.389982 2111234.041396 91.203395 34 139 34
276944.115844 2111572.416817 133.884035 139 69 19
276708.197885 2111025.161384 109.914246 34 139 34
277202.611852 2111665.621650 137.877085 34 139 34
277158.288974 2111895.438497 151.432112 34 139 34
277030.126611 2111004.884095 109.995945 139 69 19
277039.171167 2111549.648543 110.834131 139 69 19
277360.397460 2110835.132366 99.129648 139 69 19
277249.129602 2111691.944114 149.714993 34 139 34
277094.803490 2110567.029742 98.827150 139 69 19
277235.744329 2110893.466753 111.731881 34 139 34
277241.029713 2111307.596489 130.420734 34 139 34
277468.408407 2110852.025669 65.303850 34 139 34
277621.018930 2111414.905455 140.510330 139 69 19
277316.946704 2111590.921293 108.899728 34 139 34
277142.485374 2111266.161516 108.224700 34 139 34
277669.514271 2110922.944943 102.886682 139 69 19
277063.047308 2111363.549093 122.718338 139 69 19
277674.645207 2111301.442206 102.999076 34 139 34
276728.979655 2111140.873026 116.501697 34 139 34
276980.170832 2110660.179179 69.309026 34 139 34
277449.197107 2110772.135960 96.538950 34 139 34
276825.746949 2111235.433479 102.941634 139 69 19
277233.876059 2111244.733243 120.586058 34 139 34
277275.982208 2111527.428371 116.959329 34 139 34
277391.971079 2111024.327184 85.810235 34 139 34
277660.487729 2111460.093229 132.324728 34 139 34
277296.397365 2110716.762054 73.158526 34 139 34
277069.131274 2111569.502770 130.025161 139 69 19
276765.054584 2111362.147043 110.882356 34 139 34
277355.402629 2110694.376796 102.587800 34 139 34
276581.889661 2111232.461399 127.450368 139 69 19
277124.054332 2110777.405826 109.108605 34 139 34
277530.695177 2111439.604156 129.953468 34 139 34
277496.581291 2111021.212682 107.906441 139 69 19
276811.776703 2111308.060373 124.203874 34 139 34
277217.608127 2111328.537458 126.385898 34 139 34
277042.941234 2111558.103814 135.537472 34 139 34
277065.486844 2110767.862800 106.532482 34 139 34
276890.871118 2111368.190688 118.964818 139 69 19
277230.998620 2111455.916497 136.986823 139 69 19
276838.435225 2111015.067716 110.331100 139 69 19
277752.732580 2111254.146405 100.387143 139 69 19
277409.015393 2111144.123860 114.944229 139 69 19
277460.291699 2110764.863646 77.319631 139 69 19
277286.878692 2111652.256678 114.990943 139 69 19
276954.355284 2111137.065983 109.253174 139 69 19
277277.858750 2111352.416021 129.213281 139 69 19
277422.523544 2111216.278376 120.300707 139 69 19
276761.003174 2111446.484104 117.568609 34 139 34
276678.885697 2111023.482076 115.824506 139 69 19
277500.726219 2111450.214902 124.862861 34 139 34
277074.990704 2111219.859351 111.220881 139 69 19
277811.127669 2111103.578122 85.232862 139 69 19
277519.335861 2110812.032691 73.167138 34 139 34
277715.579044 2111414.195380 110.876809 34 139 34
277112.906467 2110845.536667 85.464005 34 139 34
276910.316523 2111388.199130 126.299148 139 69 19
277565.492081 2110947.675904 85.056180 139 69 19
276881.711034 2110958.810023 117.948807 139 69 19
277190.578881 2111190.182515 98.718490 139 69 19
276939.274809 2111303.875451 143.146841 34 139 34
277002.384874 2111142.252927 102.683313 139 69 19
277311.116228 2111770.628886 138.881448 34 139 34
277151.976486 2111042.920658 92.070718 34 139 34
277886.114173 2111263.892578 99.909673 34 139 34
277418.868997 2111154.068037 97.820495 139 69 19
277061.392808 2110934.074688 114.232884 34 139 34
277204.672139 2111380.417654 132.855673 34 139 34
277175.002527 2110575.730450 65.508981 34 139 34
276565.888321 2111074.810998 122.665271 34 139 34
276831.103801 2111422.729488 126.202463 34 139 34
277145.292985 2111082.483868 102.481144 139 69 19
276553.312593 2111228.054471 107.592515 139 69 19
277338.963690 2110801.581481 87.435016 139 69 19
276797.670085 2110851.586354 85.793472 34 139 34
276718.783352 2111426.457378 150.780186 34 139 34
277529.558921 2111010.958256 90.499110 139 69 19
277405.716454 2111212.638239 126.212037 34 139 34
277062.911914 2111765.643265 127.177344 139 69 19
277476.312082 2111352.913633 121.302231 34 139 34
277596.074599 2111107.911338 96.877218 139 69 19
277200.806725 2111077.575385 125.403905 34 139 34
277069.974278 2111398.923067 120.785499 34 139 34
277171.499470 2111129.769380 101.018919 139 69 19
277152.316359 2110828.610211 94.019545 139 69 19
277280.106014 2110877.528362 96.987675 139 69 19
277457.174255 2111264.952471 99.968089 139 69 19
277357.841192 2110707.372377 106.201849 34 139 34
276537.741233 2111157.701976 127.900927 139 69 19
276821.033074 2110846.172292 99.047037 139 69 19
276909.879914 2111233.927577 113.513243 139 69 19
277240.523143 2110427.389073 91.895284 34 139 34
276573.357826 2111210.786473 128.326204 34 139 34
277314.116014 2111103.078061 99.366178 34 139 34
276819.322221 2110980.038649 95.170813 34 139 34
277523.246665 2111290.482752 121.604762 139 69 19
276855.665725 2111019.460854 105.304880 139 69 19
277695.844694 2111427.084976 118.867983 34 139 34
277232.314446 2110584.337957 77.329506 34 139 34
276998.947453 2111438.431536 115.695215 139 69 19
277386.762644 2111544.695683 135.263672 34 139 34
276867.891432 2111075.572887 128.593206 34 139 34
276747.575252 2111150.997796 109.219594 139 69 19
277649.072842 2111351.339525 89.132534 139 69 19
277140.883906 2110675.748599 96.768149 34 139 34
277289.112487 2111480.541307 121.816003 139 69 19
276864.055103 2111232.840324 116.976924 139 69 19
277215.221225 2111653.097542 144.095947 34 139 34
277381.254104 2111690.284392 134.308911 34 139 34
277425.672997 2111554.915063 106.389400 34 139 34
277374.845273 2111435.397236 123.991276 139 69 19
277337.983341 2111261.058063 111.492858 34 139 34
276596.039358 2111230.778290 114.032318 139 69 19
277041.686554 2111672.642458 129.636253 139 69 19
277562.727010 2110801.871793 95.897315 139 69 19
277213.420903 2110706.432793 100.035401 139 69 19
277300.778210 2110675.140590 80.971970 34 139 34
277255.434748 2110805.186810 86.201978 34 139 34
276589.721563 2111017.375564 112.906061 34 139 34
276957.526556 2111487.385216 121.304199 139 69 19
277256.113789 2110618.112413 79.438753 139 69 19
277107.250845 2111229.815180 133.739464 139 69 19
276936.893235 2111433.561446 120.978520 139 69 19
277465.985938 2111613.886902 152.138399 34 139 34
277722.109044 2111120.461932 106.946366 139 69 19
277345.875347 2111300.619816 104.692865 139 69 19
277378.094978 2111392.828387 110.871639 34 139 34
277708.745691 2111351.289705 125.451471 34 139 34
277209.141941 2110489.260820 74.266149 34 139 34
277169.618072 2111566.073308 137.679933 139 69 19
276691.203381 2111156.322845 102.739732 139 69 19
276891.877043 2110960.422935 88.935136 34 139 34
277024.419397 2111556.184383 145.311226 34 139 34
277288.557700 2110979.696242 84.577898 34 139 34
277480.301597 2111184.129245 68.000339 139 69 19
277193.558039 2110912.741984 81.916742 34 139 34
276973.914460 2111741.609304 140.199805 34 139 34
277004.253437 2110688.406604 87.659810 34 139 34
276700.656284 2111388.293017 135.576245 139 69 19
277189.638717 2110753.897730 98.955143 34 139 34
277064.604930 2111168.139913 111.491138 34 139 34
276730.837625 2110975.310931 92.997289 139 69 19
277095.251443 2110866.465290 100.022555 34 139 34
277147.896105 2111910.531339 128.683727 139 69 19
277090.422706 2111842.685019 154.118548 34 139 34
277192.178658 2110652.615299 95.382021 34 139 34
276707.289128 2111256.991263 132.112638 34 139 34
276781.712305 2111216.517794 112.658228 139 69 19
277422.733406 2110676.943244 90.809913 34 139 34
277199.423633 2110506.587806 89.343496 139 69 19
277195.086634 2110996.523992 116.279362 139 69 19
277317.690360 2110879.343445 104.371516 34 139 34
277471.205567 2110718.044864 65.871226 139 69 19
276877.269335 2110863.980873 95.513300 34 139 34
277569.897452 2111264.510468 104.437429 34 139 34
276809.333981 2110830.845280 85.330380 34 139 34
277449.743520 2111338.003913 95.958412 34 139 34
276950.534744 2110850.858553 106.302689 139 69 19
277486.088570 2110763.378341 94.139373 34 139 34
277779.286832 2111049.013212 91.433224 139 69 19
277300.452601 2110969.512100 89.020460 139 69 19
277492.520481 2111499.726301 126.585479 34 139 34
277097.990335 2111210.728263 99.992177 34 139 34
276948.987351 2111097.923047 120.142454 139 69 19
277171.741478 2110651.669229 84.060247 34 139 34
276702.487370 2111179.397590 132.714366 34 139 34
277277.033016 2111779.713246 116.692576 34 139 34
277331.836013 2111277.362981 96.105106 139 69 19
277185.610896 2110612.990261 65.355998 34 139 34
277658.364314 2110921.063516 73.334432 34 139 34
277651.255003 2111118.120812 107.740629 34 139 34
276916.638348 2110853.727151 92.207024 34 139 34
276743.590376 2111009.179709 101.576371 139 69 19
277206.336567 2111236.994741 111.260690 139 69 19
277030.920620 2110631.759718 91.602978 139 69 19
277299.933133 2111330.797313 112.957108 34 139 34
277678.617351 2110936.076472 92.546654 139 69 19
277194.208754 2110474.254400 67.021879 34 139 34
276847.476990 2111115.805561 112.837427 34 139 34
276546.280742 2111089.152138 118.369570 34 139 34
277295.102624 2111821.388784 134.170207 34 139 34
276809.289659 2111384.934026 124.467458 34 139 34
277299.761956 2110711.669979 108.566946 139 69 19
277002.116877 2110921.450365 106.604798 34 139 34
277368.129763 2111653.364641 136.200010 139 69 19
277051.467762 2111234.707723 88.887856 139 69 19
276817.650504 2111121.428530 125.714022 34 139 34
277098.599228 2110808.283352 97.278605 139 69 19
276973.218663 2111532.273885 114.623022 139 69 19
277396.103082 2111290.446991 93.421300 34 139 34
277146.037719 2111344.689413 114.468305 139 69 19
276835.258103 2110823.576495 124.612068 139 69 19
277217.377645 2110604.138606 86.864304 34 139 34
277763.818968 2111366.883057 129.195734 139 69 19
277523.242111 2110821.341105 88.888376 139 69 19
276634.706042 2111335.520589 120.855510 34 139 34
276778.492478 2110853.119082 102.772534 34 139 34
277460.841026 2111363.470041 98.769405 34 139 34
277332.231776 2110528.883335 84.075468 34 139 34
277108.607147 2110667.554638 100.955883 34 139 34
277237.642897 2111747.178876 107.432945 34 139 34
276991.532745 2111205.939855 120.011683 34 139 34
277773.677330 2111372.794102 108.576412 34 139 34
277052.573234 2110872.957861 99.947904 34 139 34
277212.490421 2111812.100395 137.876302 139 69 19
277383.924908 2111069.698289 99.263049 34 139 34
276997.531022 2111484.814551 111.487923 139 69 19
277486.186790 2111651.881484 134.363985 139 69 19
277058.031599 2111328.910867 131.498365 34 139 34
277272.136928 2111545.836783 130.639093 34 139 34
277202.207438 2111516.460704 129.265195 34 139 34
277745.086377 2111184.394988 98.165558 139 69 19
277262.302764 2110681.038261 90.551853 139 69 19
276961.014834 2111146.855519 87.744078 139 69 19
277293.046596 2110927.522330 103.734913 34 139 34
276918.478939 2110800.138386 108.824154 139 69 19
277488.633471 2111354.376283 94.517488 139 69 19
277613.599751 2111020.242719 82.921641 139 69 19
277050.682829 2111293.980569 100.664896 34 139 34
277683.017883 2111316.467665 108.934885 139 69 19
277059.531976 2110801.997280 98.220464 139 69 19
277131.918354 2111868.699504 153.690865 34 139 34
277382.885277 2110768.281993 74.397156 34 139 34
277418.786401 2111441.847825 111.315009 139 69 19
276777.900988 2111065.595671 119.616954 34 139 34
276938.591614 2111645.401120 142.810170 139 69 19
276848.506976 2111563.075542 149.044141 139 69 19
277342.378295 2111309.792098 113.775068 139 69 19
277568.453248 2111163.380052 98.878115 34 139 34
276735.483575 2111061.858927 114.488491 139 69 19
276910.619893 2111425.990446 122.894378 34 139 34
277206.981834 2111543.053460 144.832268 34 139 34
277507.041254 2111285.164708 99.816375 34 139 34
277263.247195 2111547.496557 138.296935 34 139 34
277484.689597 2111499.474341 118.743807 34 139 34
277432.198416 2110827.034096 82.345617 139 69 19
277162.007247 2110782.954687 107.481117 34 139 34
277091.839939 2111081.704224 98.449380 139 69 19
277304.550012 2110511.895129 83.871920 34 139 34
277633.001097 2110995.914546 88.109361 139 69 19
276967.350168 2110886.038218 115.088100 34 139 34
277569.226804 2111435.324409 108.731950 139 69 19
277299.342140 2111228.477179 110.397460 34 139 34
276923.454394 2110772.410548 97.839740 139 69 19
277448.022765 2111463.916085 115.924943 34 139 34
277084.357670 2111708.688535 136.850707 139 69 19
277385.797238 2111663.805998 134.754369 34 139 34
277316.874566 2111083.037234 92.827525 139 69 19
277163.830280 2111795.149709 141.256805 139 69 19
277453.829770 2111559.459829 128.497710 139 69 19
277648.109821 2111012.955960 91.447854 34 139 34
276823.788520 2111276.966029 121.406455 34 139 34
277266.067757 2110796.235193 85.271756 34 139 34
276904.421589 2111518.023282 126.831065 139 69 19
277111.393559 2111034.877461 81.598637 139 69 19
276878.860569 2111047.953963 114.498361 139 69 19
277309.414054 2111765.853982 135.565339 34 139 34
277232.322803 2111457.986155 121.049688 139 69 19
277232.293077 2111111.198362 122.737282 34 139 34
276911.613188 2111264.660799 95.897373 34 139 34
277784.810702 2111261.465536 130.816889 139 69 19
277003.660767 2111521.970362 139.623280 139 69 19
277251.299101 2111393.993944 109.703473 139 69 19
277621.391566 2110890.434844 85.558335 139 69 19
277426.914461 2110942.737620 106.138319 34 139 34
277101.972501 2111813.487732 159.797953 34 139 34
276630.564076 2110993.850924 127.570169 139 69 19
277394.108639 2110904.607956 89.446520 34 139 34
277055.255943 2111432.400045 98.999892 139 69 19
277190.603161 2111471.702243 123.183553 34 139 34
277492.286111 2111616.849809 117.265188 34 139 34
277405.152933 2110748.093050 86.382148 34 139 34
277537.815717 2111588.289063 121.617599 34 139 34
277204.754014 2110691.617080 91.353865 34 139 34
277138.455484 2111459.970958 121.991115 34 139 34
276668.758162 2111181.183652 123.060428 139 69 19
277663.744882 2111412.426829 116.245883 139 69 19
276580.627421 2111039.981962 108.558507 139 69 19
277152.634674 2111831.543616 131.192067 139 69 19
277636.090342 2111006.079142 86.047777 139 69 19
277604.699990 2111043.135122 96.426172 139 69 19
276836.230030 2110801.829430 72.966255 139 69 19
276787.969638 2111387.973647 123.333026 34 139 34
276839.555450 2110983.560038 109.174607 139 69 19
277560.175478 2111574.872562 126.749868 139 69 19
276623.575528 2111174.093276 111.936176 139 69 19
277004.361684 2111088.649513 85.208647 34 139 34
277652.305059 2111283.102819 98.875339 139 69 19
276617.272119 2111168.656838 110.654339 139 69 19
277078.001809 2111262.539146 116.409584 139 69 19
277367.633241 2111402.672456 115.879878 139 69 19
277345.553350 2111261.382832 108.317480 139 69 19
277679.983172 2111006.866231 96.324207 34 139 34
277333.075321 2110669.884424 73.356374 34 139 34
277133.273127 2111877.862354 160.139257 34 139 34
277796.441752 2111311.502630 84.026751 139 69 19
277685.410451 2110947.949067 93.026682 139 69 19
276627.691694 2111193.806774 134.203039 139 69 19
277175.489111 2111320.101265 126.102838 139 69 19
277212.898056 2111893.840649 143.552533 34 139 34
277697.516981 2111378.825845 129.043402 139 69 19
277651.918716 2110953.423271 85.295326 34 139 34
277127.467467 2110714.490288 87.509783 34 139 34
277253.213138 2110821.448355 94.901634 139 69 19
277144.367328 2111726.122648 169.887554 139 69 19
277453.792537 2111011.186583 113.526692 34 139 34
277097.720796 2110659.286180 91.453002 139 69 19
276551.594466 2111165.272475 122.733131 139 69 19
277190.612746 2111176.271583 117.440658 139 69 19
277626.424119 2110994.721195 103.692699 139 69 19
276861.586225 2111360.235379 118.321102 34 139 34
277548.336151 2111116.479415 113.103654 139 69 19
277367.095083 2111162.839650 100.573546 34 139 34
277060.346563 2110771.237245 95.510478 139 69 19
277180.494102 2111889.510013 138.479315 139 69 19
277619.718052 2111268.869101 114.883822 139 69 19
277100.903377 2111528.066195 123.398767 34 139 34
277586.859459 2111427.008290 120.192201 139 69 19
277242.167409 2111155.943460 99.098570 34 139 34
277569.193556 2111262.527158 111.385953 34 139 34
277071.247619 2111178.293108 118.048229 139 69 19
277259.230993 2110650.286671 71.351969 34 139 34
277393.685248 2111608.462712 134.447172 139 69 19
277452.533842 2111024.478086 99.212178 34 139 34
277304.499440 2110780.552950 89.929194 34 139 34
277664.161383 2111444.496528 103.691476 34 139 34
277573.368213 2110980.661954 90.656309 34 139 34
276712.971079 2110951.042935 127.688720 34 139 34
277813.017145 2111084.936467 97.833803 139 69 19
276931.989548 2110925.353950 97.464504 139 69 19
276968.360162 2110804.091475 89.754522 34 139 34
277611.135025 2111279.661782 109.938649 139 69 19
277308.788479 2111068.215065 91.081387 34 139 34
277297.578773 2111466.099131 93.247669 34 139 34
277465.276324 2111004.316165 83.880081 34 139 34
277057.982101 2110929.888921 93.605865 139 69 19
276687.530758 2111347.182479 137.583101 34 139 34
276927.840162 2110732.502230 91.933075 139 69 19
277367.536100 2111077.467076 116.385591 34 139 34
277517.526586 2110853.092912 100.189682 34 139 34
277575.098379 2111569.670463 129.967100 139 69 19
276638.806770 2111068.457879 114.933825 34 139 34
277430.129308 2111484.381855 104.567710 34 139 34
277553.477186 2111168.222472 102.775740 139 69 19
277078.062680 2110887.685523 129.543206 139 69 19
277465.724791 2111590.995342 115.920973 34 139 34
277441.123671 2111614.414120 126.322146 139 69 19
277368.973333 2110760.647596 88.946213 139 69 19
276954.172286 2111484.778418 121.204572 139 69 19
277411.800101 2111694.109070 138.163903 139 69 19
277424.393646 2110808.285029 78.339366 34 139 34
277515.483565 2111077.752541 100.442174 34 139 34
277570.957337 2110884.048530 79.063751 139 69 19
277255.847276 2111204.837265 100.755074 34 139 34
276970.431177 2111568.783313 130.405587 34 139 34
277560.332640 2110872.784205 93.233168 34 139 34
277204.484084 2111832.023198 132.252529 139 69 19
276880.316726 2111560.980387 140.794069 139 69 19
277751.133879 2111147.130971 108.557538 34 139 34
276738.553284 2110957.433428 114.779050 34 139 34
277101.885742 2110885.820774 102.750364 139 69 19
276974.012934 2110918.468506 97.167581 34 139 34
277614.660915 2110867.064679 93.852233 34 139 34
277153.842795 2111750.705444 163.782353 139 69 19
276989.606071 2111543.206414 125.516686 139 69 19
277301.921569 2111170.782839 88.096267 139 69 19
277307.716099 2111100.168189 108.861827 34 139 34
277072.859218 2111592.906357 116.031698 34 139 34
277423.782681 2111503.189030 112.939473 34 139 34
276900.531646 2110983.165024 101.857972 139 69 19
277685.624357 2111415.001497 119.167584 139 69 19
277204.919023 2111071.389324 112.692715 34 139 34
277089.529576 2111042.625137 103.472894 34 139 34
277508.609337 2111309.212474 117.508109 139 69 19
277097.486526 2111212.177546 107.985902 139 69 19
277094.570064 2111446.869835 108.335947 34 139 34
277138.500421 2111916.458734 154.582755 34 139 34
277309.246670 2111622.863149 112.947400 139 69 19
277266.563028 2111279.696021 103.171039 139 69 19
277116.112991 2110705.006738 93.623455 139 69 19
277106.927087 2111678.529050 144.015720 139 69 19
277348.673641 2110919.700925 83.911189 34 139 34
277557.227967 2110787.732825 85.172328 139 69 19
277404.128227 2110752.563811 91.503145 139 69 19
277537.109273 2111397.752015 111.641174 34 139 34
277189.265055 2111698.984375 138.983569 139 69 19
276978.936436 2111430.111288 122.905599 139 69 19
277649.705465 2110981.611371 113.096616 34 139 34
276907.785631 2110838.816913 101.606038 34 139 34
277322.890793 2111727.109131 111.499269 139 69 19
276635.750142 2111296.146602 104.508063 139 69 19
277418.449086 2110940.482531 92.846121 34 139 34
277550.537329 2110923.057504 82.027831 139 69 19
276872.599711 2110898.341033 86.036824 139 69 19
277015.146522 2110650.116835 104.831570 139 69 19
276688.662485 2111214.409645 126.621636 34 139 34
277297.932099 2111325.126715 109.586292 34 139 34
276614.645347 2111058.338024 115.986678 34 139 34
277775.138532 2111336.969703 109.489902 34 139 34
277003.143224 2111326.830607 129.081197 139 69 19
276482.041857 2111111.848940 113.904705 34 139 34
276728.271418 2111190.649876 115.569299 34 139 34
277100.734916 2111575.705718 160.978962 34 139 34
277542.939614 2110970.075134 84.725612 139 69 19
277465.653215 2111634.431379 121.424561 139 69 19
276576.744840 2111066.242998 116.704125 34 139 34
276708.644579 2110947.776465 95.405534 139 69 19
277013.072043 2111588.491076 115.739040 139 69 19
277165.970757 2110757.722864 70.869292 139 69 19
277526.730419 2111520.610252 135.337888 139 69 19
276902.189133 2110906.676510 123.655899 139 69 19
277410.294225 2110690.877754 69.831842 139 69 19
277183.844991 2111332.400898 123.157665 34 139 34
277155.903218 2111831.382658 155.510638 139 69 19
277501.005401 2111401.673611 121.568384 139 69 19
277057.699050 2111373.642507 114.214177 34 139 34
276953.914925 2111230.220584 116.041359 139 69 19
277494.481071 2111326.809751 87.311479 139 69 19
277380.199789 2111568.266984 120.919416 34 139 34
276877.997956 2111362.163555 99.598005 139 69 19
277295.656642 2111165.710740 111.245532 139 69 19
277048.365895 2110799.690302 92.618343 139 69 19
276874.362612 2110897.562685 105.337572 34 139 34
277542.350731 2111521.043331 129.069768 139 69 19
277114.313096 2111888.523141 145.403703 34 139 34
277451.543863 2111072.970438 101.021996 139 69 19
277259.668198 2111783.632681 127.104622 34 139 34
277046.913861 2111095.792647 99.456048 139 69 19
277177.995729 2111561.479129 119.377878 139 69 19
277292.435274 2110987.265239 115.726555 34 139 34
277219.099717 2111243.893103 95.696538 34 139 34
277712.587738 2111150.630762 109.416642 34 139 34
277047.637620 2111703.399957 156.632229 139 69 19
276886.980489 2111531.288021 100.721355 139 69 19
277312.926924 2110591.790914 83.600619 34 139 34
277501.777378 2110861.679746 88.986153 34 139 34
276970.389710 2110931.071792 113.166652 139 69 19
276992.680474 2110944.656831 112.536314 139 69 19
277646.663760 2111335.900212 87.004306 34 139 34
277121.674355 2110997.246101 96.001596 139 69 19
277449.178833 2111067.432190 111.374268 34 139 34
277661.063850 2111314.757619 111.460502 34 139 34
277609.569263 2110990.410721 83.763358 139 69 19
276794.614632 2111124.055122 95.200853 139 69 19
276649.271645 2111289.595294 115.904387 139 69 19
276874.477404 2111533.964040 155.441641 139 69 19
277431.585674 2111650.234782 123.455853 34 139 34
277166.912661 2110874.868774 89.201353 139 69 19
277730.436643 2111296.744916 121.860637 34 139 34
277343.180538 2110885.444135 99.390768 34 139 34
276862.401586 2110834.013112 115.614356 139 69 19
276619.302102 2111257.943608 128.599452 34 139 34
276839.832077 2111247.462509 131.585724 34 139 34
277097.150081 2110677.611370 94.859924 139 69 19
277546.806571 2110910.712118 85.439039 139 69 19
277637.106531 2111128.094815 96.954920 34 139 34
277188.151812 2111304.039910 105.511427 34 139 34
277293.351356 2110525.598396 79.064269 34 139 34
276921.915094 2110910.995686 80.950311 139 69 19
277054.970668 2111404.439132 112.151037 34 139 34
276736.727782 2111104.038688 113.564619 34 139 34
277168.577419 2111929.567211 159.386237 139 69 19
277410.890897 2110925.879467 79.299425 139 69 19
277603.448002 2111294.292430 103.158262 139 69 19
276797.866219 2111467.075172 118.955706 139 69 19
276659.499039 2111211.489989 126.700547 34 139 34
277015.761255 2111314.444729 116.130134 34 139 34
276982.764018 2111207.176426 150.845200 34 139 34
277189.551326 2111227.211762 110.971198 34 139 34
277042.592345 2110823.977220 77.123012 139 69 19
277082.076317 2110822.316163 81.039322 139 69 19
276960.590803 2110773.993166 94.408418 139 69 19
277253.030159 2111386.625490 122.468443 139 69 19
277205.693508 2110950.566399 100.528062 139 69 19
276864.238030 2111123.670425 119.616087 34 139 34
277589.677612 2111213.877098 116.440759 139 69 19
276809.863744 2111413.676789 126.978607 139 69 19
277292.490724 2111483.004300 129.030518 139 69 19
276657.324625 2111348.928909 126.322291 139 69 19
277133.550769 2111764.891266 144.746901 139 69 19
276852.731316 2111187.716910 124.691319 139 69 19
277528.027293 2111390.473932 116.756440 34 139 34
277658.277047 2110903.912739 75.968918 34 139 34
277203.835273 2110890.232002 94.518435 139 69 19
277620.178676 2111439.353347 98.837779 139 69 19
277241.145076 2111806.665969 144.895925 139 69 19
277382.191446 2110614.289706 72.756029 34 139 34
276489.284478 2111180.452393 118.384519 139 69 19
276766.133596 2111341.045829 136.570045 139 69 19
277345.101564 2110793.338585 84.844952 34 139 34
276593.273738 2111075.570902 108.257616 139 69 19
277079.390953 2110825.754920 101.725441 34 139 34
277240.375867 2110639.389446 91.691688 139 69 19
277701.170231 2111123.219179 77.401264 34 139 34
276945.473904 2111136.114254 100.810248 139 69 19
277275.468531 2111564.479757 132.834358 139 69 19
277110.409448 2111453.853697 115.410638 34 139 34
277131.904358 2110991.339694 90.699894 139 69 19
277375.188612 2111405.472489 132.018507 34 139 34
276754.790211 2111398.315459 125.458177 139 69 19
276705.246762 2110914.347618 105.973371 34 139 34
277103.259172 2111126.306919 118.797452 34 139 34
277328.003908 2110909.047217 82.836426 34 139 34
277121.823219 2111678.067885 149.226811 34 139 34
277248.084358 2111259.151634 110.455100 139 69 19
276919.142196 2111384.886470 129.577002 34 139 34
277505.603210 2110897.589009 91.502496 34 139 34
276854.229795 2110943.401693 105.746590 139 69 19
277154.421024 2111024.863031 109.911695 34 139 34
276978.405420 2110897.901723 100.084039 34 139 34
277230.815304 2111664.481148 139.746511 34 139 34
276891.667448 2111548.350979 142.676278 139 69 19
277870.696428 2111151.867480 82.384387 34 139 34
276935.696536 2111291.104991 113.225657 139 69 19
277488.209674 2111151.580415 106.763923 139 69 19
277639.448153 2111328.259754 110.638317 34 139 34
276539.957498 2111128.660234 118.262743 139 69 19
277703.837149 2111306.356557 106.688740 139 69 19
277670.676482 2111259.330846 108.997694 34 139 34
277129.634054 2111905.288063 154.752487 34 139 34
277303.087949 2110692.756895 105.474579 34 139 34
277646.397060 2111385.684694 128.530292 34 139 34
277602.616985 2111193.991684 111.584324 34 139 34
277156.642596 2110859.684264 76.533762 34 139 34
276992.673848 2111152.563790 98.568235 34 139 34
276968.862167 2110665.480243 84.301756 34 139 34
277476.633614 2110884.303323 114.597418 139 69 19
277461.228977 2111346.535847 103.120253 34 139 34
277756.830217 2111043.589516 91.914818 139 69 19
276950.403565 2111006.092294 114.961074 34 139 34
277151.952787 2110552.001426 71.920521 139 69 19
277768.455886 2111222.067531 82.979887 34 139 34
277381.680658 2110602.317760 92.904619 139 69 19
277590.949971 2111100.318479 109.361410 34 139 34
277447.994163 2111053.286262 97.157514 34 139 34
277082.381726 2110628.126377 79.793630 34 139 34
277612.776526 2110861.843332 88.761474 139 69 19
277331.480932 2111314.414182 104.818852 139 69 19
277216.835808 2111146.169160 88.430261 34 139 34
277211.546331 2111047.580063 90.823612 139 69 19
277080.304906 2111438.068499 125.556520 139 69 19
277351.070260 2111541.755064 126.414378 139 69 19
277054.272380 2111599.594066 131.370785 34 139 34
276590.245617 2111069.081310 101.582308 34 139 34
277737.111014 2111397.330974 107.743231 34 139 34
277278.531568 2111663.910983 131.034320 34 139 34
276853.842021 2111177.168577 132.556421 34 139 34
277129.019079 2111375.720226 113.183882 139 69 19
277616.938560 2111197.866414 92.726759 139 69 19
276626.927772 2111035.769457 100.285927 34 139 34
277263.810109 2110929.354837 112.329751 139 69 19
276776.059599 2111425.330030 134.961214 139 69 19
277691.919639 2111242.054933 106.589535 139 69 19
277531.323250 2111563.894866 132.279856 139 69 19
277122.901461 2111105.331747 117.532538 139 69 19
277800.668652 2111317.615371 106.207150 34 139 34
277412.376991 2110645.223005 101.014350 34 139 34
277256.961904 2111037.050927 100.420221 34 139 34
277141.373631 2110609.338739 61.457530 139 69 19
277229.994078 2110707.851405 92.675372 139 69 19
277026.464840 2110782.265776 79.509616 34 139 34
277301.454851 2111162.647756 108.649419 34 139 34
277362.425852 2110836.953941 95.199667 34 139 34
276660.307908 2111145.425272 121.083170 34 139 34
277188.752238 2110662.326349 67.054739 34 139 34
276799.640056 2111369.655277 118.790643 139 69 19
276883.676411 2111051.681248 116.236421 34 139 34
277389.933582 2110725.472685 79.344875 34 139 34
276834.277996 2111274.732984 136.333613 34 139 34
276724.033004 2111282.562763 126.273094 139 69 19
276775.234044 2111416.270523 122.179043 34 139 34
277668.346672 2111137.550756 121.843930 34 139 34
277658.241621 2111451.823471 121.057222 34 139 34
277230.036645 2110766.325967 90.990082 34 139 34
277621.464608 2111308.174529 112.472244 34 139 34
277124.028087 2110673.325947 88.947089 139 69 19
277644.962922 2110971.122832 106.282229 139 69 19
276947.127840 2111596.397131 150.558153 34 139 34
277554.400666 2111229.038194 106.947243 34 139 34
277290.980846 2111304.827269 126.507269 139 69 19
277425.749976 2110687.801404 85.917827 34 139 34
277358.879240 2110908.312023 84.274561 34 139 34
276648.525348 2111127.153426 107.912054 34 139 34
277458.408187 2111651.360114 118.624083 139 69 19
276525.206531 2111075.693925 122.486256 34 139 34
277424.469289 2111198.605009 102.418457 34 139 34
277326.883546 2110788.020113 103.823797 34 139 34
277559.289740 2111554.553368 128.181360 34 139 34
276593.782766 2111275.098766 119.351473 34 139 34
277014.109264 2111393.911235 121.694056 139 69 19
277166.972207 2111783.846714 133.337680 34 139 34
277694.017452 2111179.738939 110.291013 139 69 19
277732.775400 2110983.523941 90.003967 139 69 19
277181.655287 2111061.727380 94.829853 34 139 34
277213.798533 2110934.329653 91.506600 34 139 34
276800.827121 2111132.009968 121.462854 34 139 34
277080.082651 2111428.955289 141.863607 34 139 34
277246.206174 2111321.787724 112.692207 139 69 19
277417.265866 2111524.165995 137.684417 139 69 19
277444.805117 2111674.563296 131.746216 34 139 34
277461.650972 2110919.189553 109.016349 139 69 19
277582.948986 2110940.326106 93.344735 34 139 34
277206.917730 2111741.942972 119.573947 139 69 19
276986.548855 2111406.857777 118.660678 34 139 34
277540.348317 2111479.623485 136.117062 139 69 19
276868.739507 2111347.129026 114.594187 34 139 34
276735.892392 2111377.360639 115.474177 34 139 34
276942.277811 2110700.255206 100.966234 139 69 19
277282.968624 2111242.448620 108.516709 139 69 19
277542.921670 2111216.176944 93.556711 34 139 34
277619.831439 2110891.660181 90.322673 34 139 34
277307.631422 2111477.975138 115.800410 139 69 19
277214.102712 2111655.258456 132.290851 139 69 19
277542.089692 2111148.640225 102.083547 139 69 19
276582.360994 2111185.167161 112.703027 34 139 34
277203.983805 2111794.838703 123.030542 34 139 34
276792.140654 2111264.459307 127.280862 139 69 19
277264.048519 2111731.074098 133.038839 139 69 19
277501.153094 2111215.809718 96.032915 34 139 34
277451.481073 2111149.964357 89.450726 34 139 34
277226.980583 2110760.120837 74.244723 139 69 19
277249.625658 2111622.493802 137.724736 34 139 34
277027.709794 2111073.301864 111.270352 34 139 34
276914.335435 2111158.279074 102.263513 34 139 34
277333.819491 2111707.873139 151.089481 34 139 34
276903.561744 2110779.900475 77.526739 34 139 34
277462.085251 2111483.074506 125.896460 34 139 34
277329.119824 2111379.287060 116.235833 139 69 19
277131.350745 2111909.461770 147.633450 34 139 34
277165.224689 2111767.417565 115.653087 34 139 34
277198.492215 2111868.470816 148.094176 34 139 34
277152.805966 2111790.890345 148.032039 139 69 19
277055.124939 2110923.281317 104.259291 139 69 19
277574.493038 2111521.525986 115.561471 139 69 19
276893.647033 2111086.430523 85.880017 139 69 19
276980.294026 2111235.312470 108.347253 139 69 19
277664.961541 2110901.890965 93.904048 34 139 34
277344.724360 2111744.915222 124.327963 139 69 19
277144.386262 2111336.261787 125.866480 139 69 19
277585.788791 2111324.410190 103.691424 139 69 19
277230.686897 2111348.767801 105.112881 139 69 19
277371.955426 2110695.526281 94.593872 139 69 19
277180.410531 2111114.082366 134.260522 34 139 34
277308.013006 2111762.841953 132.373933 34 139 34
276875.306657 2111449.664508 115.949612 139 69 19
277014.002251 2111027.015861 97.947491 34 139 34
277251.517859 2111548.927874 126.049524 34 139 34
277062.383758 2111605.358163 145.320296 34 139 34
276969.829417 2111062.677553 102.661901 34 139 34
277277.655872 2110958.758678 99.966654 139 69 19
277037.978422 2110751.537258 68.261202 34 139 34
277060.515840 2111097.844881 118.073106 139 69 19
276922.487043 2111339.030551 124.460301 139 69 19
277368.088792 2110608.524526 83.320816 139 69 19
277244.332518 2111618.790922 121.949661 34 139 34
277516.057457 2110977.237719 100.436993 34 139 34
277767.193622 2111381.251951 104.526926 34 139 34
277392.994350 2110833.062628 96.850571 139 69 19
277272.473339 2110824.023922 112.715545 34 139 34
277120.543695 2110610.843391 94.346581 139 69 19
277178.487124 2111357.178715 126.745473 34 139 34
276922.958160 2111299.791879 139.394098 34 139 34
277399.883694 2111271.314331 98.203925 34 139 34
277263.062547 2111718.236243 131.114742 34 139 34
277581.017028 2110982.180483 98.077302 139 69 19
277192.448701 2111154.494478 106.141403 34 139 34
276841.936497 2110848.941714 100.289310 34 139 34
277912.752735 2111181.458261 109.614605 139 69 19
276823.972722 2111361.327307 122.958696 139 69 19
277104.595954 2111607.458158 135.426083 139 69 19
277030.247109 2110653.184716 77.148675 139 69 19
277519.670683 2111047.478097 77.228410 139 69 19
277510.865960 2111473.930729 124.401495 139 69 19
277394.940611 2111393.591189 131.631011 34 139 34
277098.191635 2111305.770380 110.495938 34 139 34
277264.878479 2111751.094373 142.935982 139 69 19
277051.416625 2110615.707913 95.061581 139 69 19
276926.703550 2111354.875974 124.146584 139 69 19
277049.207953 2111396.147715 135.371317 34 139 34
277737.471092 2111208.387188 122.537928 34 139 34
276918.430217 2110802.008072 82.316054 34 139 34
276794.919848 2111449.034609 119.181759 34 139 34
277724.856326 2111432.223531 111.343212 34 139 34
277423.872580 2111041.178713 98.210220 139 69 19
277187.929575 2110831.423240 92.112422 34 139 34
277530.206143 2110748.303554 84.905999 139 69 19
277066.058620 2111591.284399 127.559990 34 139 34
276875.868803 2111196.187088 105.496266 34 139 34
276840.148415 2111232.212838 105.007241 34 139 34
276703.177342 2111345.135299 125.358552 139 69 19
276488.508800 2111119.636353 137.050196 139 69 19
276827.781640 2110795.675258 86.768858 34 139 34
277125.912360 2111892.219082 130.397294 34 139 34
276541.267237 2111249.037391 133.096059 34 139 34
277231.165569 2110941.941814 98.257315 34 139 34
277101.589380 2110560.349179 96.072550 139 69 19
277170.198906 2111280.228162 131.289411 34 139 34
276607.653396 2111303.791824 153.013698 34 139 34
276911.410992 2110898.193586 98.598895 139 69 19
277273.492124 2111421.933516 128.351271 139 69 19
277742.523900 2111132.596207 102.198420 139 69 19
277421.333499 2111448.210224 120.957368 139 69 19
277367.997919 2111060.197679 101.311723 139 69 19
277170.513800 2111569.238826 118.760137 34 139 34
277088.704660 2110778.440921 106.569635 139 69 19
277447.142660 2111359.609715 125.485534 139 69 19
277540.956460 2110802.112244 88.967045 34 139 34
277455.205613 2111629.346899 138.840217 139 69 19
277804.846164 2111327.375807 105.579528 34 139 34
277396.956216 2111429.284861 122.582098 139 69 19
276687.865724 2111082.972562 117.511213 139 69 19
277230.707624 2111480.084252 127.763921 139 69 19
276840.984457 2111395.035191 122.046303 139 69 19
276826.821593 2110937.954944 119.232130 139 69 19
276529.740332 2111226.424203 134.699735 34 139 34
276749.167741 2111241.454801 121.726156 34 139 34
277125.471963 2111725.483059 144.188181 34 139 34
277474.887357 2110996.897835 84.617258 139 69 19
277788.290854 2111053.061038 88.630145 34 139 34
277765.400662 2111396.875148 113.013926 139 69 19
276669.947815 2111241.819218 138.152130 139 69 19
277364.028758 2111275.184787 106.532430 139 69 19
276683.386824 2111385.078234 130.971290 34 139 34
277317.846399 2111397.923791 126.285760 34 139 34
277436.566606 2111035.088442 115.350248 34 139 34
276831.970016 2111516.559093 114.221224 139 69 19
277331.174945 2111012.547842 99.196617 139 69 19
277732.486918 2111146.172374 106.398787 34 139 34
277658.582332 2111107.800732 114.637509 139 69 19
277271.501824 2111556.189778 136.459157 34 139 34
277219.643672 2111136.923998 120.236828 139 69 19
277609.691570 2111364.626102 131.936029 139 69 19
277143.677082 2110556.779743 84.272013 34 139 34
276784.865501 2111376.889412 124.033445 139 69 19
277274.339267 2111289.626046 107.913654 34 139 34
277876.905746 2111224.706960 92.622714 34 139 34
277136.743038 2111840.944058 141.422018 34 139 34
277069.383446 2111613.786724 127.708075 34 139 34
277067.876547 2111657.217441 130.092923 139 69 19
277386.703922 2111705.740608 131.582203 139 69 19
277503.712202 2111513.085374 135.482687 34 139 34
277050.969784 2111267.168816 135.075752 34 139 34
276936.928320 2110806.571004 101.085672 34 139 34
277441.059472 2110983.768371 84.876942 139 69 19
277070.436099 2111099.209127 121.605827 139 69 19
277634.121619 2111277.795908 104.734086 139 69 19
277355.277711 2111609.187067 123.991777 34 139 34
277812.237716 2111223.817952 99.846001 34 139 34
277051.961917 2111669.765460 115.906788 34 139 34
277381.371403 2110897.626530 108.570847 139 69 19
277316.408445 2110745.351829 91.092098 139 69 19
277675.224949 2111059.319872 107.069550 139 69 19
276900.286465 2111659.676050 160.330705 34 139 34
277640.695297 2111377.603550 125.020524 139 69 19
277211.251953 2110558.906108 78.836027 34 139 34
277103.135168 2111423.472795 126.781159 34 139 34
277509.920467 2110849.204592 84.816568 34 139 34
277108.532880 2111716.924912 147.445423 139 69 19
276709.488398 2111183.125007 145.034016 139 69 19
277214.344760 2110778.170016 83.796565 34 139 34
276645.056338 2111335.832950 118.235381 34 139 34
277264.862707 2110605.606053 69.541311 139 69 19
277869.592562 2111152.325204 111.007869 34 139 34
276735.475406 2111294.135395 141.954113 139 69 19
277442.125587 2111359.045140 118.813279 34 139 34
277088.674510 2110727.300068 99.924608 34 139 34
277305.645924 2110888.231838 101.162620 139 69 19
277159.354740 2111542.431713 118.512878 34 139 34
277259.751839 2111391.016342 114.076010 139 69 19
277387.978002 2111409.666840 123.218837 34 139 34
277095.689134 2111655.740859 133.751726 34 139 34
276809.050560 2110819.457713 121.160977 139 69 19
276913.486636 2110965.120829 109.896548 139 69 19
277359.519628 2111627.651762 116.161603 139 69 19
277212.189608 2111554.105072 133.080745 139 69 19
276927.175282 2111204.194989 117.490481 139 69 19
277013.630177 2111051.826178 90.924729 139 69 19
277319.741833 2111023.738908 82.143642 139 69 19
277070.674813 2110902.803791 122.646016 139 69 19
277013.936952 2110990.241808 109.425156 139 69 19
276759.541530 2111378.018664 150.088273 139 69 19
277488.218912 2111009.412469 107.956217 139 69 19
277842.853479 2111194.639009 90.442773 34 139 34
277133.947947 2110692.734619 91.493495 34 139 34
277313.948694 2111503.618195 113.323626 34 139 34
277407.190477 2110830.821618 83.021711 139 69 19
277077.817492 2110857.682097 93.977963 139 69 19
277796.282936 2111105.193014 99.050611 34 139 34
276814.784163 2110983.001790 95.567770 34 139 34
276901.012986 2111352.307179 108.585965 139 69 19
276951.289119 2111299.802490 104.733492 34 139 34
276928.599587 2111373.294051 105.713806 139 69 19
277063.450288 2111049.545743 119.738754 34 139 34
277142.098547 2110549.794779 75.696819 139 69 19
277389.902269 2110909.048616 96.770909 34 139 34
277276.708451 2111771.240597 126.571182 139 69 19
277552.658368 2110990.528457 111.690609 139 69 19
277278.562472 2110522.851857 82.014711 139 69 19
276749.255900 2111468.700025 137.945097 139 69 19
276829.309947 2111042.780458 104.763426 139 69 19
277213.503045 2111453.299744 127.220330 34 139 34
277672.784140 2111197.291739 112.602637 34 139 34
277392.759400 2110926.468812 105.794875 34 139 34
277181.293286 2110871.313584 103.716664 34 139 34
277335.307031 2110658.698448 97.363228 34 139 34
276936.461321 2111378.833945 135.537476 34 139 34
277066.958916 2111495.548876 130.574328 139 69 19
277552.292187 2111415.151545 117.851198 34 139 34
276973.088555 2111451.802165 115.762952 139 69 19
277758.966565 2111168.690218 100.777863 139 69 19
277009.206798 2111622.147271 108.394897 34 139 34
276904.537665 2110756.431345 82.678125 139 69 19
277274.742400 2110799.979060 97.105506 34 139 34
276567.763764 2111152.769366 122.286965 139 69 19
276878.639735 2111216.246965 125.736569 139 69 19
277265.148678 2110953.560431 84.362404 34 139 34
277240.252296 2111237.905200 117.051318 34 139 34
277747.731280 2111361.010168 116.904456 139 69 19
277392.299871 2110643.522298 70.351238 139 69 19
276995.825404 2110721.427161 93.219943 139 69 19
276912.812300 2111369.633545 141.910165 34 139 34
277216.149117 2111641.242378 124.536098 139 69 19
277071.444932 2111037.984799 109.530278 34 139 34
277379.141800 2111099.545965 75.867540 139 69 19
276870.047154 2111046.189078 109.425263 139 69 19
277362.868220 2110901.671217 84.490266 34 139 34
276975.245125 2111526.793476 126.432628 139 69 19
276772.704946 2111043.495387 104.033890 139 69 19
276740.409812 2111393.129643 122.318430 139 69 19
277407.751523 2110722.185451 85.480198 34 139 34
277883.669630 2111219.829932 103.064723 139 69 19
277406.475214 2110633.325396 56.705290 139 69 19
276920.252570 2111114.598707 108.361810 34 139 34
277817.809469 2111319.752297 103.828779 139 69 19
277451.393461 2111260.518729 108.055145 139 69 19
277235.670302 2111187.675051 103.971801 34 139 34
277101.460619 2111262.031495 113.059760 139 69 19
276705.142934 2111039.658046 110.066475 34 139 34
277530.728334 2110765.645482 95.712985 139 69 19
277343.682154 2110950.366463 96.019262 139 69 19
277126.044058 2110833.347626 108.270013 34 139 34
277041.993285 2111361.069547 104.553810 34 139 34
277302.645463 2111778.895217 122.481748 139 69 19
277147.168456 2110637.909730 80.768730 139 69 19
277452.662595 2111681.544739 120.937212 34 139 34
277314.776338 2110870.547173 108.637174 34 139 34
277143.967753 2111303.223794 109.432728 34 139 34
276714.029748 2111275.162420 128.132845 139 69 19
277275.111963 2110745.424754 91.573919 139 69 19
277325.160470 2111422.971521 126.796656 139 69 19
277524.820990 2111347.459943 119.189977 34 139 34
277108.255960 2110659.092246 81.492319 139 69 19
277195.805374 2111120.568642 96.760776 139 69 19
277585.765812 2111441.044531 106.935847 34 139 34
276893.536905 2111102.495716 103.330549 139 69 19
277144.257694 2110682.080071 97.998578 34 139 34
277297.776745 2110706.817798 92.260585 34 139 34
276745.184980 2111115.722227 113.640299 34 139 34
276743.675151 2111349.113114 117.210193 34 139 34
276799.885387 2111537.703666 143.381805 139 69 19
277291.515913 2110778.291262 64.295935 34 139 34
276968.549159 2111113.744052 110.362337 34 139 34
277263.790266 2110592.449191 80.018384 34 139 34
277660.668552 2111065.667241 93.960327 34 139 34
277358.804896 2111533.333315 128.987738 34 139 34
277458.317449 2111162.472939 95.935096 139 69 19
277318.748071 2111386.400640 117.040605 34 139 34
277438.012259 2111691.783567 124.411608 34 139 34
277424.867248 2111543.115557 121.657567 34 139 34
276856.637591 2111051.622837 106.213001 139 69 19
276685.778170 2111375.333675 133.898794 34 139 34
277418.775032 2110661.713377 93.919915 139 69 19
277636.215358 2110959.353536 89.277557 139 69 19
277015.310237 2111090.783655 101.490777 139 69 19
277154.330297 2110734.753682 92.548415 34 139 34
277787.666710 2111174.263708 97.686212 139 69 19
277206.691235 2111342.630016 124.419535 139 69 19
277382.882436 2110819.382913 100.135679 139 69 19
276975.550428 2111304.614261 141.565964 139 69 19
276953.769964 2111662.861762 132.930351 34 139 34
276825.746740 2111376.731032 128.818901 139 69 19
276981.877615 2111370.595758 136.726616 34 139 34
277006.259003 2110940.321930 89.686182 34 139 34
277434.702770 2111354.414813 131.050857 139 69 19
277570.629386 2111382.064697 117.216770 139 69 19
277017.770808 2110964.931373 78.021206 139 69 19
277324.416619 2110941.526490 97.390558 34 139 34
277690.315309 2111219.962309 106.062393 139 69 19
276958.105487 2111266.572297 117.680632 34 139 34
276567.045162 2111079.436562 120.917004 139 69 19
276543.077275 2111184.055323 132.544056 139 69 19
277272.394437 2110468.538100 90.914204 34 139 34
277142.850186 2110928.536386 67.861809 139 69 19
276795.562259 2110871.102423 100.401838 139 69 19
276627.702072 2111254.421453 114.310097 139 69 19
276700.059068 2111117.697423 128.788599 139 69 19
276879.203145 2111086.604333 107.830530 139 69 19
277774.648562 2111046.707482 102.384892 139 69 19
276759.942862 2111002.968951 95.207881 139 69 19
277451.087199 2111071.763696 118.329821 139 69 19
277201.368353 2110885.759404 94.342127 139 69 19
277495.995200 2111016.912224 103.064821 34 139 34
277644.957699 2111012.694717 95.558524 139 69 19
277137.200976 2111738.473230 142.302368 139 69 19
277376.849664 2111130.057086 104.845018 34 139 34
277905.981755 2111225.182560 108.949874 139 69 19
277168.555389 2111682.430590 136.509902 34 139 34
277726.466856 2111400.333197 129.750833 34 139 34
277276.634659 2111813.998767 133.095592 34 139 34
277108.725678 2110553.659007 85.812364 34 139 34
277054.575427 2110773.028637 99.705600 139 69 19
277105.861239 2111616.300840 125.659901 34 139 34
277603.438392 2111245.576196 95.821868 34 139 34
277025.212266 2111615.516281 134.207134 34 139 34
277222.228194 2111732.727110 130.830660 139 69 19
277260.902975 2110713.917222 103.163538 34 139 34
277099.736165 2110797.275132 67.741474 34 139 34
276943.208328 2111534.669487 125.908792 139 69 19
276770.474164 2111272.311313 107.437938 34 139 34
277169.381342 2111446.702453 123.862654 34 139 34
277826.012971 2111074.992029 102.425711 139 69 19
277426.138570 2110735.186408 105.164832 34 139 34
276987.538726 2110768.282869 111.938318 139 69 19
277360.581692 2111200.230434 115.040322 139 69 19
276877.627610 2110749.843990 88.183353 139 69 19
276933.166065 2111340.480043 110.546881 139 69 19
277446.572798 2111445.546891 124.506032 139 69 19
277064.924229 2111701.401066 137.674462 139 69 19
276915.667914 2111273.065016 124.114972 34 139 34
277219.661847 2111428.688540 134.837713 34 139 34
277199.414973 2111265.726400 130.579079 34 139 34
277267.198168 2110967.346458 109.411077 34 139 34
277536.645830 2110765.857002 79.872006 139 69 19
276741.890402 2111081.818696 111.933399 139 69 19
277015.630771 2110660.626521 116.551002 34 139 34
277103.423715 2110716.437283 103.113860 139 69 19
277801.434897 2111318.747299 109.780250 139 69 19
277551.205988 2110823.489418 106.884828 34 139 34
277523.325588 2111231.188872 119.089628 34 139 34
277087.771269 2111160.317625 121.018781 34 139 34
276900.402279 2111103.324204 100.916935 34 139 34
276995.364823 2111618.811015 148.073338 34 139 34
277699.875013 2111070.542768 115.421586 34 139 34
277127.337492 2111779.436194 137.746469 139 69 19
277351.144532 2111523.518072 118.247547 34 139 34
276739.498233 2111047.073036 118.885988 139 69 19
276869.388445 2111611.627676 145.182710 34 139 34
276894.735436 2111316.954188 137.409235 34 139 34
276543.566426 2111245.861480 129.129937 139 69 19
277648.241181 2110897.010170 85.073899 34 139 34
277461.198733 2111085.321067 102.425012 139 69 19
277567.941759 2111550.743434 109.555829 34 139 34
277494.793054 2111410.382809 114.704523 34 139 34
276919.879802 2110906.144326 105.345552 139 69 19
277656.827202 2111245.769657 102.576430 34 139 34
277187.326449 2111112.154124 77.051415 34 139 34
277174.001272 2110960.942960 91.043321 34 139 34
276911.789354 2111425.789250 123.318162 139 69 19
277066.365561 2111784.928077 133.068025 34 139 34
276642.509199 2110964.512457 108.013752 139 69 19
277178.126963 2111070.947773 113.819184 139 69 19
277322.030980 2110674.546758 83.465614 139 69 19
277693.359461 2111336.781763 124.411470 34 139 34
277547.703129 2110951.067788 82.608449 139 69 19
276759.376159 2111291.870388 130.487559 139 69 19
276975.291918 2111393.229960 108.725700 139 69 19
277019.019896 2111727.846131 153.745090 34 139 34
277131.807145 2111887.635816 147.099246 139 69 19
277302.760112 2110580.657446 104.625905 139 69 19
277513.048023 2111252.365678 130.519418 34 139 34
277871.205600 2111293.229853 95.375973 139 69 19
277640.095836 2110957.097998 94.375467 34 139 34
276950.249121 2110811.748742 117.965214 139 69 19
277298.532360 2111666.489814 123.789908 34 139 34
277602.795108 2111005.357943 98.827569 139 69 19
276699.972212 2111399.693410 124.250105 34 139 34
277141.117175 2111752.635273 158.785863 139 69 19
276645.969374 2111119.330053 115.161888 139 69 19
276947.585273 2111268.751536 132.496112 34 139 34
277510.303919 2110828.367166 90.764156 34 139 34
277543.287142 2111522.555986 139.020157 34 139 34
277435.296978 2111572.532753 135.548155 139 69 19
277861.326802 2111184.704575 118.125123 139 69 19
277442.692713 2111017.641014 103.624458 34 139 34
277574.831674 2110828.051745 87.971361 34 139 34
276833.014401 2111316.383062 136.343560 139 69 19
276950.258160 2111132.607369 128.561429 139 69 19
276825.880697 2110932.752240 100.374656 34 139 34
277778.528584 2111075.642885 88.280665 139 69 19
277524.982993 2110756.349364 88.607419 34 139 34
277704.065510 2111111.872761 83.774831 34 139 34
277383.477020 2110771.083240 74.757415 34 139 34
276697.259187 2111166.438302 109.844592 139 69 19
277467.566460 2110681.237667 94.611963 139 69 19
277321.018235 2111075.522958 105.431581 34 139 34
277071.654104 2111425.839961 125.740472 34 139 34
277433.397171 2111700.091472 131.885473 139 69 19
276798.369763 2111135.120989 119.274722 139 69 19
276521.022585 2111179.843150 108.294682 139 69 19
277122.981309 2111888.029386 143.968363 139 69 19
276806.247001 2111166.540762 132.745548 34 139 34
277418.673629 2111632.086141 132.413644 139 69 19
277646.839298 2110968.047895 74.425845 34 139 34
277081.580924 2111319.653347 130.182672 34 139 34
277250.525050 2110744.044569 87.116444 139 69 19
277279.698300 2110553.510267 81.446501 34 139 34
276821.619181 2111411.339122 134.294453 139 69 19
277389.000281 2110989.976565 104.208657 139 69 19
277052.147415 2111225.960148 99.112707 139 69 19
277560.495841 2111568.864752 99.824674 139 69 19
277181.566994 2111851.792465 121.679615 34 139 34
277431.061979 2111516.967873 132.731618 34 139 34
277406.563810 2111446.187625 113.504254 139 69 19
277277.448856 2111037.554418 89.402544 139 69 19
277116.411371 2110924.841233 98.765299 34 139 34
277073.833853 2111677.662052 124.659051 139 69 19
277400.115973 2110840.250982 110.892465 34 139 34
277343.804882 2111664.490228 129.120503 34 139 34
277478.928814 2110968.948101 117.085463 34 139 34
277044.858712 2111152.453254 101.358638 34 139 34
277091.775105 2111559.101435 125.796254 139 69 19
277600.742729 2110980.843257 87.600653 34 139 34
277261.128493 2110852.531001 96.284415 34 139 34
277636.173477 2111064.616703 81.812912 34 139 34
277629.127584 2111393.244460 124.087649 139 69 19
276792.192960 2110923.610197 99.886078 139 69 19
276504.757560 2111114.639559 121.250275 139 69 19
277765.433943 2111206.584132 102.502998 34 139 34
276956.951847 2111030.646582 107.697785 34 139 34
277791.469579 2111359.719752 132.648415 34 139 34
276682.906670 2111026.717252 122.739263 34 139 34
277338.211012 2111541.889873 102.196464 34 139 34
277493.033195 2111211.051018 78.733575 34 139 34
277369.411644 2111273.447234 102.086043 34 139 34
277334.729042 2110715.993190 98.199725 34 139 34
276993.830016 2110674.650361 98.474315 34 139 34
277135.194857 2111702.993548 118.082476 139 69 19
277163.500369 2111231.771395 83.239543 34 139 34
277409.535901 2111104.909844 105.454938 139 69 19
276509.429919 2111148.955531 122.111326 139 69 19
277111.441669 2111201.780746 123.722382 34 139 34
277094.966359 2111516.033456 140.421426 139 69 19
277441.654754 2110655.799647 88.876740 34 139 34
277151.787578 2111136.231148 111.471360 34 139 34
277401.300908 2110902.236491 92.153985 139 69 19
276781.785925 2111399.088309 131.136263 34 139 34
277203.142935 2110775.397643 75.716236 34 139 34
276746.047242 2111126.373770 122.947800 34 139 34
277347.656557 2111039.652789 86.475114 139 69 19
277382.554619 2111347.049371 114.350561 34 139 34
277279.937994 2111025.401699 110.538249 34 139 34
277362.238117 2111094.337847 113.325410 139 69 19
276755.614351 2111492.832229 133.329032 34 139 34
277243.513437 2111257.936023 102.556468 139 69 19
277814.749633 2111334.485062 100.841087 139 69 19
276674.292790 2111028.782949 98.042808 139 69 19
277367.862789 2111300.829541 115.420073 139 69 19
277705.556843 2111141.047000 105.019053 139 69 19
277655.263142 2111153.158898 110.974948 139 69 19
277522.593610 2111195.114229 116.955373 34 139 34
277313.489530 2110514.167289 85.923709 34 139 34
277487.527061 2111150.974661 137.141278 34 139 34
277282.714549 2111578.240810 123.895224 139 69 19
276815.025237 2111483.657614 124.689442 139 69 19
277489.332555 2111563.489053 141.000182 139 69 19
277376.673899 2111077.787519 104.148314 139 69 19
277437.744419 2111481.468629 127.053375 34 139 34
277094.621963 2111616.888618 122.959145 139 69 19
277674.789292 2111308.983537 116.254644 139 69 19
277446.118791 2110746.978413 81.570417 34 139 34
276971.655746 2110840.755471 108.350344 34 139 34
276918.079983 2111147.309957 98.496141 34 139 34
277250.255547 2111102.457707 119.460567 34 139 34
276955.327026 2111166.963185 121.175851 139 69 19
276882.162607 2110989.978734 106.709555 34 139 34
277237.755318 2111018.542606 91.304887 34 139 34
276844.574193 2111064.296087 103.092748 139 69 19
276732.395669 2110982.729202 138.629214 139 69 19
277204.954647 2111809.374931 144.002355 34 139 34
277803.538736 2111079.069156 88.487036 34 139 34
277702.970379 2111170.103899 91.411947 34 139 34
276581.594823 2111149.913937 122.837677 139 69 19
276999.014343 2111541.118701 134.290184 34 139 34
277553.826772 2111056.706712 109.638686 34 139 34
277412.766711 2110764.552352 95.622031 139 69 19
277180.113256 2111922.292086 150.786889 34 139 34
276801.160620 2111109.788218 119.473644 139 69 19
276799.095650 2110929.022029 112.322819 34 139 34
277134.087418 2110539.969844 93.451927 34 139 34
277019.423268 2111593.857532 133.077277 34 139 34
277485.755778 2111246.908916 107.524062 139 69 19
277077.730399 2111674.173123 134.203234 34 139 34
277539.176495 2110825.482708 106.487216 34 139 34
277344.138417 2111120.559207 121.671010 34 139 34
276946.354308 2111419.521932 137.402637 139 69 19
277025.545312 2111477.329519 123.916602 34 139 34
277420.299163 2111560.379577 103.185785 34 139 34
277733.012939 2111342.987446 97.756964 139 69 19
276957.958023 2111067.762769 107.969958 34 139 34
277321.496396 2110611.120280 83.106789 139 69 19
277262.713763 2111321.622825 108.897554 34 139 34
277591.932542 2111201.103666 112.255531 34 139 34
276832.708007 2111360.673694 119.101969 34 139 34
277844.291049 2111207.843681 95.135170 139 69 19
276951.346995 2111455.352365 116.892763 34 139 34
277572.516323 2110855.840060 112.672888 139 69 19
277072.109777 2110962.790790 101.371690 34 139 34
277000.304629 2111222.214853 98.868458 34 139 34
277178.143974 2110995.735056 117.454827 139 69 19
276950.151809 2110949.949826 107.120905 139 69 19
277482.721482 2110801.614640 72.752435 34 139 34
276984.824377 2111282.186758 103.824116 139 69 19
276925.125672 2110836.344780 102.776845 34 139 34
276756.980185 2111086.029125 118.372020 34 139 34
277365.345175 2111615.989295 119.841771 34 139 34
277431.395558 2110758.036983 87.457988 139 69 19
277376.192696 2111682.918972 135.725011 34 139 34
277043.812829 2111350.353828 134.965776 34 139 34
277003.088581 2110830.284872 102.452841 34 139 34
277272.840738 2111533.468893 139.428214 139 69 19
277358.115238 2111631.764282 114.312338 139 69 19
277608.466612 2111051.639018 93.579159 34 139 34
276951.781478 2110861.439088 102.450196 139 69 19
277666.446925 2111306.426612 112.660939 139 69 19
276819.758780 2110944.845725 113.480333 34 139 34
277370.324824 2111556.012880 111.979752 139 69 19
277587.229915 2111153.393823 119.326471 139 69 19
276763.072690 2111278.574525 115.520375 139 69 19
276964.108633 2110935.500987 94.408211 34 139 34
277703.250279 2111255.435847 86.424069 34 139 34
277241.189310 2111083.723364 87.440690 34 139 34
277368.179961 2110636.201987 79.130403 34 139 34
277408.245856 2110806.726168 83.145469 34 139 34
276660.938943 2111106.134845 100.773687 139 69 19
276731.869614 2111280.090208 146.279662 34 139 34
277059.763124 2110943.314313 98.380587 34 139 34
276986.946425 2110935.054769 100.017479 34 139 34
277912.112619 2111189.194598 103.367027 139 69 19
277214.832590 2111198.378171 105.287335 139 69 19
277614.110201 2110957.313626 98.981258 139 69 19
276669.938577 2111017.746026 134.745143 139 69 19
277843.256314 2111301.183569 111.046617 139 69 19
277051.941394 2110925.106534 85.738197 139 69 19
277893.613837 2111273.770365 81.550284 34 139 34
277416.590842 2111507.935591 126.777276 34 139 34
276819.074777 2111296.556684 125.433037 34 139 34
276723.972562 2111105.313553 112.899698 139 69 19
276747.072785 2111033.536194 108.995730 139 69 19
277172.387794 2110572.988860 83.612606 139 69 19
276913.719039 2110808.240690 93.270166 139 69 19
276774.345072 2111306.171511 124.974947 34 139 34
277009.462835 2110822.982154 84.947540 34 139 34
276968.031461 2110909.273007 103.853208 139 69 19
277239.006659 2110647.960518 104.189858 139 69 19
276993.667439 2110684.368576 77.130045 34 139 34
277482.812538 2111478.279565 113.232937 139 69 19
277255.923591 2111613.586473 123.715555 34 139 34
276458.945852 2111166.923240 120.628913 34 139 34
276929.147945 2110701.499551 83.526220 34 139 34
277010.544791 2111517.898136 104.371946 34 139 34
276958.409314 2111674.053912 129.067607 34 139 34
277150.742503 2110978.079516 76.982942 139 69 19
277175.050062 2110677.832618 93.486846 139 69 19
276990.352822 2111160.761826 114.342010 139 69 19
277623.923110 2111405.336622 120.964398 139 69 19
277259.360906 2111744.349200 125.670194 34 139 34
277081.172927 2111624.199701 125.577776 34 139 34
277388.588018 2111587.769713 134.521357 34 139 34
276894.347165 2111610.864818 123.359111 139 69 19
277137.493038 2111581.850242 121.810391 34 139 34
277117.644494 2111705.119755 132.044840 34 139 34
277275.206699 2111031.760588 111.884290 139 69 19
276868.808267 2110908.331474 97.137342 34 139 34
277311.925157 2111648.043952 133.882735 139 69 19
277062.225601 2111763.535091 132.083413 139 69 19
277311.294585 2111352.543031 119.254616 139 69 19
277343.000113 2111714.806547 154.610001 139 69 19
276982.284549 2111137.207217 104.335452 34 139 34
277361.388488 2110860.697248 91.572651 34 139 34
277552.559295 2110775.661124 79.766165 139 69 19
277551.562291 2111294.616710 120.807108 139 69 19
276691.080742 2111315.586540 138.587004 139 69 19
277107.993951 2110983.337091 100.105825 139 69 19
277428.610755 2111272.625603 106.457979 34 139 34
277456.723031 2111517.268403 130.648531 139 69 19
276619.804612 2110989.946834 109.024454 34 139 34
277236.290467 2110895.399135 111.463227 139 69 19
277349.308336 2110762.831527 94.413637 139 69 19
277006.219388 2111068.252874 107.336816 139 69 19
277686.006757 2110966.556273 94.935905 139 69 19
277190.355011 2110740.400065 101.360808 34 139 34
276566.642698 2111090.211105 92.120112 34 139 34
277436.978909 2111206.219063 108.172207 139 69 19
277322.628554 2111014.072227 83.750095 34 139 34
277565.742525 2111259.974934 97.575243 34 139 34
276926.981641 2110830.028281 133.928849 139 69 19
276678.022852 2111348.438237 119.572671 139 69 19
277444.467997 2111414.313723 107.726978 34 139 34
277084.099655 2111661.548898 134.310590 34 139 34
277488.604232 2111074.795228 116.829484 139 69 19
277007.111092 2111480.892139 146.013262 139 69 19
277060.951930 2110726.294293 94.383906 34 139 34
277235.086190 2111721.615948 136.830323 139 69 19
276912.177463 2111183.417348 124.821295 139 69 19
277610.967163 2110887.795373 105.647351 34 139 34
276770.184376 2110955.611098 101.305892 34 139 34
277646.845366 2111116.660971 90.113611 139 69 19
276915.114974 2111402.674917 139.350889 139 69 19
277396.673660 2111448.176135 119.582978 34 139 34
277678.228594 2111282.925433 116.361847 34 139 34
276812.104851 2111392.648063 120.476623 34 139 34
277061.784999 2111613.218958 128.582461 34 139 34
277500.529552 2111090.451278 87.797387 34 139 34
277076.381464 2110945.461925 113.619252 34 139 34
277191.554061 2110773.644235 104.367766 34 139 34
276828.485232 2111233.580481 108.121552 139 69 19
277209.593666 2111767.421684 134.661165 139 69 19
276770.360544 2111100.949736 99.014007 34 139 34
277358.216232 2111618.900811 145.418773 139 69 19
277304.285113 2111434.678573 125.876882 139 69 19
277207.870151 2110558.104195 83.828015 34 139 34
276850.542660 2110942.477295 111.242772 34 139 34
277099.184982 2110820.717188 102.206946 139 69 19
277115.035211 2110536.402998 74.818231 34 139 34
276982.970269 2111727.683485 131.776307 139 69 19
277186.192788 2110796.972148 98.167636 139 69 19
276876.624433 2110799.235212 95.406255 139 69 19
277732.070359 2111015.059558 113.872104 139 69 19
277111.809386 2110871.648187 90.412779 139 69 19
277402.448063 2111145.106937 118.914647 139 69 19
277070.832350 2111032.444171 105.643399 34 139 34
277321.406835 2111693.118512 143.646457 34 139 34
277024.152128 2111443.342111 142.574666 34 139 34
277708.348488 2111300.848388 101.802838 139 69 19
277337.712103 2111668.858301 144.339369 34 139 34
276752.968487 2111050.679507 115.181201 34 139 34
277154.745845 2111222.758440 100.276391 139 69 19
277498.182001 2111586.473697 133.635730 139 69 19
277234.261845 2111842.596605 143.271037 34 139 34
277582.494840 2111384.708048 111.932725 139 69 19
277382.435176 2110626.247376 75.850366 139 69 19
277162.476565 2110500.860383 72.108956 139 69 19
277610.812541 2110858.739856 96.725738 139 69 19
277096.432458 2111511.809734 140.929968 34 139 34
277284.401690 2111482.653451 121.126490 34 139 34
277578.705713 2111444.109190 118.776210 139 69 19
277275.305209 2110955.524179 85.248625 34 139 34
277382.264266 2111469.209824 145.295362 139 69 19
276961.962395 2111655.824911 117.925390 139 69 19
276982.401567 2111153.325722 93.361370 34 139 34
277662.804118 2111455.234742 107.825871 139 69 19
277478.964569 2111415.079790 117.521693 34 139 34
277431.271570 2111138.002992 101.007645 139 69 19
277298.615433 2110720.393693 102.356550 139 69 19
276974.957519 2111707.356845 139.507533 139 69 19
276862.986243 2111034.367817 122.355708 34 139 34
276926.703473 2111656.228396 140.647149 34 139 34
277735.654867 2111388.980829 106.347362 139 69 19
277480.064876 2111639.830961 111.262748 139 69 19
276950.862870 2110994.563682 90.161341 139 69 19
276846.161967 2110891.775009 118.378170 139 69 19
277133.893196 2111493.872548 122.366802 139 69 19
277210.895049 2111624.316896 144.310378 139 69 19
277303.141115 2111596.946547 112.164581 139 69 19
277412.556296 2110880.190339 92.110680 34 139 34
277028.250515 2111693.441758 166.242263 139 69 19
277170.359429 2110968.912409 97.111063 139 69 19
277226.306116 2110928.215425 93.436879 139 69 19
277462.838493 2111656.652914 102.827216 34 139 34
276812.414322 2111139.491351 116.715113 139 69 19
277335.111761 2111416.097947 110.908142 139 69 19
277422.136610 2110781.175590 93.631122 139 69 19
277024.960317 2111189.608800 95.780678 139 69 19
277738.356000 2111210.087837 110.655204 34 139 34
276862.674037 2110830.641874 101.260302 139 69 19
276948.468834 2110770.550887 96.038224 34 139 34
277355.991977 2110693.443481 83.947777 139 69 19
277029.873784 2111712.081373 141.991994 139 69 19
276895.811974 2111384.315010 123.887942 139 69 19
276793.436241 2111175.139643 124.043618 34 139 34
277697.627856 2111367.298998 110.664804 34 139 34
277498.404930 2110855.251784 86.029267 139 69 19
277190.804473 2111546.528693 113.530965 34 139 34
277188.505267 2110840.139961 100.994456 139 69 19
276595.150427 2111142.993742 110.939908 139 69 19
276887.215687 2111062.476356 112.540292 139 69 19
276913.057727 2111560.537488 121.680032 139 69 19
276977.363728 2111694.508559 134.747676 34 139 34
276663.542040 2111112.465417 93.961659 34 139 34
277123.191121 2111833.445839 151.126624 139 69 19
277335.190644 2111567.229758 121.430864 139 69 19
277003.027372 2110683.947654 95.954871 34 139 34
276898.551059 2111643.931865 138.125234 34 139 34
277001.542600 2111748.344931 142.282211 34 139 34
276916.904338 2111542.627470 124.709886 34 139 34
277152.885566 2111347.917334 108.984472 34 139 34
277276.028086 2110990.251577 93.035276 139 69 19
277184.415230 2111675.766350 123.531226 139 69 19
277485.161879 2110897.735145 83.266648 34 139 34
277378.222267 2110667.304376 76.942635 34 139 34
277738.362783 2111261.993102 119.387174 34 139 34
277467.150852 2111520.485314 115.377584 34 139 34
277113.022986 2111375.619167 121.970598 139 69 19
276887.532555 2111047.549684 77.927447 34 139 34
277739.974547 2111416.882057 111.875871 139 69 19
277162.915027 2110633.392092 73.656614 34 139 34
276727.525950 2110986.837097 99.405419 34 139 34
276729.159675 2110992.840558 112.010996 34 139 34
277271.337993 2111509.056334 133.901602 34 139 34
277053.408646 2110876.720412 101.494389 139 69 19
277177.149929 2111524.534868 129.561307 34 139 34
276540.701556 2111108.177898 97.131560 34 139 34
277705.893615 2111042.629705 99.668872 34 139 34
277432.882372 2110804.437480 95.389068 34 139 34
277133.822724 2111679.914871 126.424190 34 139 34
277363.738940 2110930.856377 88.699691 34 139 34
276868.014083 2111524.216582 124.495975 139 69 19
277265.653000 2111355.349084 104.735224 34 139 34
277548.403434 2111297.757991 122.917633 34 139 34
277295.154580 2110773.563381 93.122181 139 69 19
277057.644926 2111614.943888 121.106801 139 69 19
276663.706489 2111395.422669 112.878668 139 69 19
276772.304481 2111223.524563 122.187084 139 69 19
277044.143710 2111636.423992 111.016563 139 69 19
277212.207665 2111706.408339 143.877370 139 69 19
277262.332082 2110777.349959 89.325284 34 139 34
277341.237081 2111756.926258 138.700924 34 139 34
277441.706215 2110851.220006 77.918856 139 69 19
277171.662575 2111888.258344 139.247410 34 139 34
277616.419438 2111179.718092 129.167471 34 139 34
277442.193917 2111359.981583 135.290738 34 139 34
277047.622075 2111709.256684 138.288335 139 69 19
277122.685090 2111541.836464 135.761272 139 69 19
276887.827021 2111087.580157 111.937357 34 139 34
277203.211146 2110901.122417 94.108563 34 139 34
277471.628485 2111280.094178 110.030024 34 139 34
277076.683861 2111210.471105 125.786213 139 69 19
277709.882585 2111209.603442 105.169144 34 139 34
276872.519318 2111517.423295 135.708255 139 69 19
277538.400781 2111155.785452 99.817069 34 139 34
276701.062785 2110934.363905 114.983897 139 69 19
277424.822998 2111519.180439 124.890528 139 69 19
277865.582808 2111263.506060 104.484924 34 139 34
276772.363826 2111468.384541 137.113495 139 69 19
277171.170754 2110722.431217 74.389916 34 139 34
277246.519857 2111373.009243 119.988909 34 139 34
276856.280900 2111006.293273 124.527713 34 139 34
276733.060198 2111202.138549 123.379679 139 69 19
276956.637731 2111691.991593 120.652791 139 69 19
276944.724002 2111709.342445 150.548345 34 139 34
277534.230323 2111447.451280 106.781903 34 139 34
277086.030373 2110920.063008 96.879599 139 69 19
276887.637045 2111214.732829 119.780253 34 139 34
276858.843941 2111362.238413 128.175503 139 69 19
277014.098769 2111703.964639 134.188532 139 69 19
276720.189722 2111351.789230 116.294759 34 139 34
277318.648543 2111309.656091 117.428697 139 69 19
276746.997830 2111358.227231 128.054015 34 139 34
277237.858699 2111102.521612 116.764576 139 69 19
277554.478637 2110996.342805 97.114455 139 69 19
276846.283575 2111481.074108 115.651230 139 69 19
277618.028531 2110965.743776 112.206886 34 139 34
276759.166696 2111168.200502 127.164025 139 69 19
277281.669019 2111357.146943 126.638640 139 69 19
276862.334392 2111058.055615 118.783446 139 69 19
276759.359205 2110923.051875 90.248456 139 69 19
277320.322472 2111361.385351 118.805307 139 69 19
277722.676894 2111240.635531 113.196670 139 69 19
277395.190897 2110619.848621 92.378223 139 69 19
277520.125041 2111579.614550 109.033853 139 69 19
276818.950503 2111402.749877 116.906615 34 139 34
277384.877439 2110853.905438 77.321728 34 139 34
276848.082590 2110952.987543 108.578327 139 69 19
276868.034002 2111415.937918 131.029682 139 69 19
276923.779286 2111487.872760 137.254420 139 69 19
277397.156133 2111661.720535 144.785066 34 139 34
277317.601756 2111075.634592 110.467364 34 139 34
277430.660649 2111661.114227 103.620547 139 69 19
277133.861399 2111062.680351 96.865259 34 139 34
277388.330156 2110670.120783 104.543316 139 69 19
277542.544537 2111099.006813 105.621863 34 139 34
277119.735563 2111275.240747 123.115893 34 139 34
276938.002332 2111209.781639 129.699811 34 139 34
276799.763831 2111496.004037 119.998098 139 69 19
277252.366751 2111824.957179 141.853805 139 69 19
277058.864191 2110826.718762 99.460956 139 69 19
276667.355627 2111308.326755 99.600585 34 139 34
277080.918392 2111680.830009 119.216693 34 139 34
276706.762742 2110956.592571 110.484664 139 69 19
277375.766317 2111528.976220 121.970959 139 69 19
276558.773371 2111119.600589 113.892203 34 139 34
277115.731975 2111838.636805 136.399342 34 139 34
277403.588482 2111410.876880 124.679313 34 139 34
277525.009878 2111038.101561 92.841123 139 69 19
277427.134617 2111595.554528 143.487748 34 139 34
277286.201066 2110679.320403 100.005819 139 69 19
277434.680839 2111412.413984 111.913550 139 69 19
277236.920464 2110837.281396 83.836081 34 139 34
277338.934615 2111550.578357 133.411408 34 139 34
276803.119730 2111548.969730 131.491663 34 139 34
276885.039441 2111091.329186 132.331064 139 69 19
277347.003279 2110780.522932 70.271297 34 139 34
277682.718153 2111149.671874 115.469454 34 139 34
277265.201806 2111723.747604 147.613586 139 69 19
277105.019015 2110802.922852 101.071019 34 139 34
277683.089446 2110917.437929 86.583576 34 139 34
277142.429278 2111672.785809 147.543423 34 139 34
277594.453059 2111537.000007 122.092882 139 69 19
277584.159441 2111026.526717 85.150992 139 69 19
277145.195044 2110893.798043 84.524611 34 139 34
276830.500910 2111194.893606 93.118378 34 139 34
277545.024287 2111250.797086 99.929284 34 139 34
277537.885933 2111329.001427 103.966351 139 69 19
277137.961801 2111457.475901 133.287877 34 139 34
276839.207915 2110998.553496 117.113861 139 69 19
277554.874841 2110958.341470 84.899603 139 69 19
277190.455376 2110595.424475 93.165705 139 69 19
276966.130437 2110974.143381 111.260183 34 139 34
277187.741176 2111279.292037 114.230262 34 139 34
276884.377760 2111556.649873 117.109431 139 69 19
277597.858181 2111040.335506 107.023317 139 69 19
276876.559510 2111147.011642 121.699656 139 69 19
277326.423837 2111729.638581 117.039208 139 69 19
277161.306735 2111734.468208 143.674389 139 69 19
277734.846589 2111016.883247 103.001151 139 69 19
277298.045241 2111566.246213 116.957241 34 139 34
277622.521751 2111061.439476 96.657799 139 69 19
276861.708120 2110926.636673 106.061971 34 139 34
276729.204916 2111173.501956 129.345738 34 139 34
277278.580917 2110564.176963 98.045197 34 139 34
277778.197461 2111164.420029 97.661071 34 139 34
276844.557623 2111328.044045 109.447748 139 69 19
276528.588855 2111131.773531 129.016369 139 69 19
277581.784359 2110842.191626 95.987576 34 139 34
277088.796923 2111501.267294 130.669670 34 139 34
277273.511424 2110608.209450 78.415660 34 139 34
277112.450807 2111476.841294 116.848235 139 69 19
277535.939150 2111574.766041 133.972930 34 139 34
277513.006400 2111562.223449 123.065030 139 69 19
277710.566217 2111161.926281 89.191317 139 69 19
277330.847186 2111551.210902 119.869441 34 139 34
277268.943928 2110602.299473 82.970731 34 139 34
277048.192623 2110842.577960 96.684290 34 139 34
276818.736595 2111338.406607 129.027944 139 69 19
277117.634895 2111825.846437 135.265515 139 69 19
276702.382909 2111228.454360 124.118818 139 69 19
277282.930525 2110934.473308 98.577462 34 139 34
277699.868728 2111213.945790 105.907095 34 139 34
277104.890022 2110847.680330 104.509276 139 69 19
276696.482783 2111218.315622 111.599261 139 69 19
276973.300548 2111438.779200 140.793069 34 139 34
277260.918366 2110714.959579 101.056204 34 139 34
277849.986136 2111178.897444 100.201072 139 69 19
277440.996236 2110958.864838 93.991561 34 139 34
277594.235366 2111275.649970 95.566650 139 69 19
277346.145832 2111198.682266 107.962315 139 69 19
276987.097858 2111005.247048 117.052853 139 69 19
277918.879887 2111219.533384 110.266229 34 139 34
276543.337755 2111055.413215 104.761276 34 139 34
276581.778794 2111017.007296 117.055756 139 69 19
276943.007645 2110795.616926 124.143589 139 69 19
277179.024812 2111384.139061 109.774845 34 139 34
277429.178508 2110766.250882 81.549191 139 69 19
277232.881103 2111775.934129 131.869176 34 139 34
277309.510068 2111783.876297 129.519054 139 69 19
277135.066534 2110924.065221 92.903937 34 139 34
276652.872031 2111001.142263 121.489238 34 139 34
276720.048467 2111179.552554 117.007512 139 69 19
277417.866493 2111305.500265 118.754912 34 139 34
277360.486828 2110712.243345 116.058626 34 139 34
277385.878136 2111543.108069 109.364246 34 139 34
276817.777839 2110961.421229 108.613274 34 139 34
276866.790812 2111070.547111 109.006722 34 139 34
277177.624856 2111261.347418 112.014531 139 69 19
277554.987501 2110862.605332 105.010815 139 69 19
277195.525687 2111812.204382 124.475068 34 139 34
277591.123282 2111003.903644 97.369542 139 69 19
277101.750401 2110965.273554 108.242452 34 139 34
277404.772857 2110641.697213 77.593995 34 139 34
277680.094433 2111358.768549 113.648448 34 139 34
276541.917750 2111065.141311 115.338226 139 69 19
277173.394392 2110944.268142 68.443166 34 139 34
277599.598840 2110838.081549 89.897861 34 139 34
276765.776275 2111419.308937 130.513545 139 69 19
276928.875644 2111168.439316 101.125373 139 69 19
277672.103577 2111481.129180 123.224965 34 139 34
277201.562353 2111524.102717 123.744014 34 139 34
277139.358732 2110516.630932 84.631862 139 69 19
277029.078901 2110654.824376 96.662760 34 139 34
277212.708023 2110604.710499 69.682179 139 69 19
277630.879144 2110979.195718 90.934589 34 139 34
277514.341919 2110863.747060 102.118643 139 69 19
276524.438895 2111078.465444 123.248906 34 139 34
276734.454550 2111373.939211 147.334311 139 69 19
277027.338822 2111030.438160 104.695829 34 139 34
277775.070394 2111148.880184 94.376765 139 69 19
276993.986182 2111184.396845 99.932088 34 139 34
277126.133439 2110818.144568 83.281803 34 139 34
277280.534984 2111051.159768 125.046633 34 139 34
276756.166789 2111154.237018 128.081802 34 139 34
277283.742579 2111068.344456 131.761389 139 69 19
277276.991507 2110953.799653 97.922290 34 139 34
277334.272055 2111323.242948 115.898448 139 69 19
276784.497507 2110959.767148 114.067954 34 139 34
276765.096276 2111198.120059 120.309115 139 69 19
277026.995751 2111751.278048 132.488655 34 139 34
277393.945835 2110803.545557 87.411115 139 69 19
277506.874810 2111566.433757 108.094467 139 69 19
276605.171314 2111104.840536 90.215436 34 139 34
277273.464541 2111229.779525 124.535781 139 69 19
277552.326076 2111010.960806 105.172710 139 69 19
277896.840577 2111242.137579 109.354081 139 69 19
276938.927754 2110740.255642 91.562992 139 69 19
277551.878185 2111382.767937 121.559952 139 69 19
277182.623854 2110642.469817 85.919307 139 69 19
277869.393602 2111142.058797 108.186096 139 69 19
277201.721395 2111714.230773 160.832442 139 69 19
277164.400135 2110491.082379 94.850438 139 69 19
277046.594021 2110723.439666 91.950606 139 69 19
277482.829969 2111232.589143 106.772131 139 69 19
277182.091043 2110556.251659 72.732286 139 69 19
277399.685499 2110625.461263 69.071147 139 69 19
276869.482867 2110905.695152 98.545621 139 69 19
276645.496658 2111114.856906 123.852240 139 69 19
277382.217125 2111341.350627 104.273527 139 69 19
277296.207121 2111204.246552 92.962618 139 69 19
277640.612896 2111447.111683 97.351471 139 69 19
277184.380956 2111413.533517 111.163129 34 139 34
277697.604876 2110947.151536 90.435119 139 69 19
277343.300242 2111702.174281 139.479582 34 139 34
277041.986011 2111517.936279 121.379941 139 69 19
277387.373182 2111531.906596 122.071179 139 69 19
276898.113316 2111625.332105 117.747328 139 69 19
277337.956756 2111775.654142 99.335887 139 69 19
277101.937055 2110764.283262 77.658634 139 69 19
276768.539514 2110997.913932 124.345696 139 69 19
277519.455910 2111442.800229 118.239332 139 69 19
276951.501777 2111413.974235 108.598916 139 69 19
277219.326065 2111507.285878 140.324848 139 69 19
277506.995388 2111141.355249 115.957435 139 69 19
276554.289554 2111264.934105 122.788894 34 139 34
277549.802010 2110810.958222 84.757463 34 139 34
276921.540423 2111274.291971 116.446620 34 139 34
277157.482384 2110494.327691 94.158234 34 139 34
276770.647000 2111134.406208 124.329401 34 139 34
277568.586141 2111329.951645 109.953678 34 139 34
277525.925793 2110876.733583 113.197388 139 69 19
276968.145836 2110744.500290 97.740201 139 69 19
277472.088302 2111075.330454 106.265343 139 69 19
276925.868601 2110984.776555 111.768072 139 69 19
276605.169485 2111007.389780 114.737108 139 69 19
277319.862369 2111600.615903 113.679485 139 69 19
277119.693954 2111613.701790 132.136580 139 69 19
277837.790045 2111235.233810 118.494681 34 139 34
277880.266260 2111286.243304 122.402007 34 139 34
277393.558378 2111152.326060 91.248229 34 139 34
277506.127264 2111132.898400 104.468254 139 69 19
277174.302340 2110651.237259 102.518646 34 139 34
276975.762948 2111358.573645 112.504455 34 139 34
276677.496612 2111210.299751 126.805057 139 69 19
276952.743319 2111121.909819 108.857474 139 69 19
277063.867143 2111558.548150 117.890982 139 69 19
277119.655764 2111583.491157 112.745890 139 69 19
277356.324518 2111108.298413 109.426203 139 69 19
276887.987060 2111331.679620 120.267642 139 69 19
277457.331731 2111462.586593 111.027854 139 69 19
277385.334756 2111467.897542 128.918077 34 139 34
277876.545684 2111200.371641 102.867524 34 139 34
277464.962046 2111202.638780 101.341475 139 69 19
276620.333607 2111332.145230 131.458189 139 69 19
276999.470562 2111031.320262 88.452227 34 139 34
276945.988096 2111476.206333 98.880501 34 139 34
277178.795049 2111030.263676 104.180115 34 139 34
276953.310742 2111168.459234 108.951801 139 69 19
277000.496319 2111719.196669 148.784053 34 139 34
276648.070469 2111139.381540 139.444486 139 69 19
277548.618307 2110903.364077 86.110826 34 139 34
277550.582181 2110986.049068 95.449167 139 69 19
277347.153462 2110719.110188 86.124102 139 69 19
276969.063896 2111358.617018 99.799761 139 69 19
277172.614804 2110893.691841 91.989032 34 139 34
277171.125641 2111539.514760 117.184624 139 69 19
277481.430809 2111380.503748 118.064386 34 139 34
277102.386198 2111776.251324 141.731116 34 139 34
276846.469174 2110821.859598 104.746219 139 69 19
277680.053252 2110974.033359 80.979546 34 139 34
277062.889465 2110700.120206 83.714728 34 139 34
277047.053154 2110992.343363 87.357815 139 69 19
277092.617883 2110985.195368 100.272203 139 69 19
276560.668874 2111233.786785 124.987981 139 69 19
277515.037461 2111619.033491 127.541997 139 69 19
277110.300308 2111676.324852 134.106724 139 69 19
277404.716935 2111207.936449 111.002463 34 139 34
276883.962967 2111215.144186 115.810740 139 69 19
277166.551431 2111675.136854 144.222632 139 69 19
276933.173289 2111464.916681 122.814544 34 139 34
276918.947996 2111489.569694 126.500805 34 139 34
277592.317504 2110923.879441 91.549872 34 139 34
277200.823705 2111514.810839 135.406322 34 139 34
276905.317021 2111586.524726 131.841050 34 139 34
277679.619819 2111270.814231 109.750261 34 139 34
276926.948206 2111112.308282 113.395052 34 139 34
277611.733548 2111233.038473 126.087494 34 139 34
277067.672849 2111198.696204 105.741957 34 139 34
276867.910509 2110817.116702 86.928670 139 69 19
277238.326678 2110967.772499 106.341295 139 69 19
277199.946534 2111554.857788 125.910950 34 139 34
277331.398434 2110991.055959 104.449751 34 139 34
277393.754990 2111704.043122 133.540831 139 69 19
277645.411006 2111376.579158 123.993635 34 139 34
277132.043283 2111344.562271 113.914763 34 139 34
277892.929240 2111214.327061 111.866069 139 69 19
277419.524037 2111229.418117 107.786360 34 139 34
277032.752889 2111539.851796 141.450610 34 139 34
277276.050130 2110879.255058 113.870144 139 69 19
277656.797117 2110948.945332 88.652406 34 139 34
277250.354269 2110433.958066 83.185919 34 139 34
276607.550262 2111270.031737 135.487278 34 139 34
276567.569764 2111137.345489 99.109508 139 69 19
277110.392580 2111617.536287 143.155503 34 139 34
276680.959299 2111053.226609 102.702864 34 139 34
277630.742335 2111132.406578 108.502958 34 139 34
277040.428524 2111280.852161 107.818806 34 139 34
277546.907233 2110771.322384 99.490005 34 139 34
277383.552378 2111567.766620 124.314175 139 69 19
277173.934311 2110522.591934 93.794151 139 69 19
277154.493697 2111418.387431 113.615069 34 139 34
277609.599650 2111017.557062 92.630183 139 69 19
276522.325163 2111182.269753 123.543905 139 69 19
277715.330215 2111275.386681 120.039948 139 69 19
277775.814809 2111234.597112 85.469234 139 69 19
277217.557649 2110583.281232 69.487831 34 139 34
276968.956024 2111517.558732 123.432133 34 139 34
277401.905916 2111527.199190 125.547200 34 139 34
277121.763417 2111844.048628 131.416587 139 69 19
276965.340241 2111343.508740 116.374425 139 69 19
277260.614045 2110997.351066 109.265074 34 139 34
277145.249889 2111224.318515 118.466943 34 139 34
276843.633367 2110870.522342 90.900124 139 69 19
277117.236957 2111815.342840 154.998698 34 139 34
277020.723480 2111185.337603 104.591654 139 69 19
277007.317686 2110898.865600 92.488106 139 69 19
277343.096548 2110804.937598 103.766371 139 69 19
277217.288886 2111104.015801 89.693310 139 69 19
277224.440782 2111486.512550 125.837913 139 69 19
277403.041581 2111504.527971 112.533082 139 69 19
276864.405246 2111171.949529 114.543684 34 139 34
277274.597833 2110730.763677 77.238420 139 69 19
277676.014884 2111340.325782 109.612615 139 69 19
277526.447694 2111386.750370 104.949776 34 139 34
276651.091259 2111100.714096 114.123786 139 69 19
277203.232979 2111771.350240 133.390550 34 139 34
276808.278233 2111327.680089 119.080276 139 69 19
277356.110952 2110555.330734 57.744380 139 69 19
276749.073720 2111401.282360 139.032986 139 69 19
277304.781466 2111269.233256 109.917277 34 139 34
277232.255632 2111786.962052 141.321005 139 69 19
276852.355961 2111067.953401 131.245543 34 139 34
276972.683991 2111485.903360 152.299243 139 69 19
277559.321990 2111255.375754 105.986796 139 69 19
277204.124825 2110494.561461 83.180330 34 139 34
277286.642632 2110757.369067 78.520366 139 69 19
277385.569893 2110854.869289 91.726080 139 69 19
277167.382811 2111905.248271 155.847842 34 139 34
277101.860814 2111688.302437 125.164526 139 69 19
277470.673947 2111660.043068 123.676639 34 139 34
276700.194532 2111114.443496 115.940190 139 69 19
276906.088144 2110846.022276 88.408691 139 69 19
277716.272834 2111057.373402 101.388701 139 69 19
277137.680847 2111388.014010 105.231379 34 139 34
277180.169115 2111457.527964 125.153170 139 69 19
276938.682936 2110889.916576 95.656771 139 69 19
277086.022122 2111801.157046 160.131811 139 69 19
277931.714304 2111195.986564 101.500576 34 139 34
277396.262419 2111377.226683 120.420713 139 69 19
277606.821417 2111510.867821 126.734979 139 69 19
277082.107642 2110813.714415 82.989713 139 69 19
276757.965047 2111327.129345 107.022556 139 69 19
276848.107549 2111412.126375 124.143178 139 69 19
277287.746773 2111432.460393 103.273095 34 139 34
277160.292892 2111458.210734 123.333433 34 139 34
277197.878782 2111496.310277 108.165860 139 69 19
277592.244994 2111424.391118 112.726595 34 139 34
277053.696755 2111252.116001 112.424027 34 139 34
277498.258489 2110836.273467 78.154468 34 139 34
277016.798593 2111093.126939 110.880883 34 139 34
276930.348520 2111245.634798 123.683512 34 139 34
277406.388171 2110852.188599 89.595470 34 139 34
277564.910063 2110802.511505 78.115968 139 69 19
276880.757865 2110820.392484 102.904659 34 139 34
276965.450950 2111725.144493 118.520807 139 69 19
277551.957014 2110865.264244 102.425916 34 139 34
277137.176058 2110650.502725 98.662811 139 69 19
276837.614844 2111139.504618 122.570337 34 139 34
277128.791240 2111749.654819 156.490049 139 69 19
277087.228915 2110737.639512 96.965318 34 139 34
277182.091066 2111061.558806 112.649302 34 139 34
276683.385078 2111407.633440 137.065291 34 139 34
277214.264947 2110946.733768 121.121248 139 69 19
277374.783325 2111432.815340 113.504601 139 69 19
277807.628641 2111265.213434 107.610453 139 69 19
276799.741319 2111332.286904 119.117858 34 139 34
277249.094516 2110520.807425 54.496934 34 139 34
277581.507792 2111205.737946 110.647488 34 139 34
276803.214105 2110825.051693 106.690884 139 69 19
277335.771582 2111547.541821 122.625211 34 139 34
277327.905025 2111771.975502 140.497413 34 139 34
276764.402073 2111090.765671 97.820197 139 69 19
277650.455101 2111310.650343 99.285226 139 69 19
277825.535350 2111302.390551 93.287451 139 69 19
277132.677668 2110868.963706 87.562453 34 139 34
277400.267920 2111282.167337 105.788861 34 139 34
276548.013365 2111200.190976 121.575789 139 69 19
277885.066210 2111238.031445 85.073678 34 139 34
277349.000358 2111161.520851 115.173429 34 139 34
277558.183115 2111585.128052 140.383887 34 139 34
277448.750809 2111499.570047 109.080618 34 139 34
277243.176636 2111328.786844 105.873441 139 69 19
276989.671456 2111465.482181 141.595148 139 69 19
277304.970960 2110496.551690 68.028862 34 139 34
277310.139325 2111201.926568 112.302218 139 69 19
276791.496617 2111424.310167 116.183822 34 139 34
277753.727269 2111131.453392 88.605208 139 69 19
276767.600029 2111115.131033 105.049185 34 139 34
277007.380098 2111511.489366 136.496759 34 139 34
277170.051267 2111732.822737 147.279866 139 69 19
276748.357745 2111420.994355 135.300294 34 139 34
276684.528843 2111298.229019 150.440056 34 139 34
277220.360762 2110929.067233 97.766516 139 69 19
277894.540139 2111213.352743 94.964012 34 139 34
276538.532197 2111189.389150 121.101014 139 69 19
277117.376645 2111714.605952 129.073261 139 69 19
277155.888032 2111396.738939 113.065579 139 69 19
276804.063989 2111452.103582 125.015165 139 69 19
277190.208846 2110874.833372 103.957333 139 69 19
277656.663959 2111192.010565 101.680696 34 139 34
276934.746425 2110749.411865 93.706143 139 69 19
276787.965393 2110866.025171 97.542700 139 69 19
277182.721270 2111445.657439 132.144648 34 139 34
277400.593711 2111006.254457 100.213124 139 69 19
276692.595082 2111139.147631 98.049129 34 139 34
277543.326107 2111550.023271 113.203937 139 69 19
277016.156228 2111578.232433 119.755655 34 139 34
277387.679596 2111075.391488 92.093501 139 69 19
277493.434470 2111060.687798 102.028722 34 139 34
277321.440302 2111091.749376 123.628184 139 69 19
276758.384685 2111345.905357 132.321871 34 139 34
277451.840644 2111236.403163 101.827218 34 139 34
276896.819587 2111093.942552 105.596882 139 69 19
277404.698672 2111246.279133 107.264291 34 139 34
277582.630871 2110847.855188 74.417041 34 139 34
277396.942533 2111694.551277 131.515947 34 139 34
277335.062810 2110855.833086 104.802377 139 69 19
277294.047179 2111261.656887 119.382046 139 69 19
277380.789506 2111104.754420 108.473886 34 139 34
277752.175893 2111126.681817 86.678272 139 69 19
276921.530208 2110976.985290 99.730603 139 69 19
276880.747240 2111550.614840 115.259552 34 139 34
277824.370918 2111199.436798 116.869709 34 139 34
277275.400527 2110949.163122 102.368562 139 69 19
276587.832093 2111170.011079 126.872516 139 69 19
277196.623207 2111696.425519 147.031192 34 139 34
276999.006130 2111202.279214 117.149035 139 69 19
276523.999117 2111100.170209 99.543843 139 69 19
276875.932633 2111421.031880 92.059893 139 69 19
276631.810246 2111158.233212 100.534031 34 139 34
276863.518253 2111280.314034 130.572399 139 69 19
277724.275835 2111334.019715 114.208779 139 69 19
276890.919336 2110771.131342 113.640374 34 139 34
277541.141235 2111379.698533 116.335681 34 139 34
277053.014657 2111286.716300 121.309928 34 139 34
276641.152236 2111037.983997 97.621010 34 139 34
277353.174051 2111341.136983 103.462713 139 69 19
277551.238605 2111516.738635 116.773110 34 139 34
277247.290659 2111800.876562 139.123946 34 139 34
277152.573131 2110701.655468 95.040780 139 69 19
277144.841487 2110526.704830 89.045765 34 139 34
277620.054727 2110947.745591 94.280599 34 139 34
277365.809124 2111313.363494 115.234301 34 139 34
277380.669499 2111475.169918 128.790257 139 69 19
276669.180697 2111245.308804 127.886965 139 69 19
277267.776203 2111728.203535 130.397338 34 139 34
276625.468594 2111061.652107 121.548357 34 139 34
277659.363691 2111262.460337 89.968487 34 139 34
276632.742580 2111016.385324 108.084591 34 139 34
277434.584589 2111037.011367 103.013407 139 69 19
277464.096688 2110696.152043 72.949599 139 69 19
277278.890673 2110781.262235 65.982330 34 139 34
276816.755040 2111523.085827 132.174029 34 139 34
276815.279425 2111085.294423 136.874458 139 69 19
277442.713884 2111031.931392 100.888275 34 139 34
277185.095096 2110581.089170 76.814651 139 69 19
277350.835743 2111731.797254 141.160331 34 139 34
277286.817090 2111169.491436 97.935326 34 139 34
277704.379979 2111238.892160 86.752493 34 139 34
277823.235404 2111189.564513 100.198435 34 139 34
276880.637798 2110932.503929 104.180873 34 139 34
276872.031465 2111552.246179 122.658574 139 69 19
276622.811465 2111001.310346 97.278199 139 69 19
277506.222048 2111082.275378 117.247480 139 69 19
276727.526322 2111402.385455 144.992612 139 69 19
277206.580300 2111572.667988 137.203550 139 69 19
277723.633953 2111266.488910 115.442427 34 139 34
277270.552305 2110466.359115 94.085679 139 69 19
277574.788002 2111258.714967 114.346208 34 139 34
277280.509970 2111197.654343 116.383533 139 69 19
277752.833507 2111342.828635 99.227140 139 69 19
277894.621467 2111225.552000 104.735712 34 139 34
277006.899312 2111078.753555 115.115822 34 139 34
276913.309002 2111535.504475 132.740017 34 139 34
276827.142014 2111246.954335 107.579816 34 139 34
276800.894084 2110934.491650 105.889501 139 69 19
276874.959452 2111517.783852 137.066999 34 139 34
277168.528369 2111201.102005 103.639407 34 139 34
276966.266195 2111282.762043 126.908258 139 69 19
277018.255397 2111684.521113 147.905617 34 139 34
277090.679779 2110808.892579 89.366643 34 139 34
277225.692884 2110930.621887 102.768941 139 69 19
276637.861670 2111156.892836 102.711374 139 69 19
277116.024716 2110706.752982 87.624622 34 139 34
276999.147960 2110714.619182 94.282394 34 139 34
277106.435828 2110857.153014 84.974481 34 139 34
276998.920728 2110985.540474 103.389845 34 139 34
277286.575229 2111270.305036 106.580183 139 69 19
277623.855826 2110937.964493 97.394281 139 69 19
277175.853042 2110720.360223 79.039617 34 139 34
277728.615408 2111135.026835 100.293987 139 69 19
277146.610014 2110616.960374 94.985357 34 139 34
277245.966540 2111577.892445 120.952333 139 69 19
276698.498469 2111065.347663 110.654673 34 139 34
277459.450021 2110810.278669 90.310980 34 139 34
277466.717674 2111314.591687 113.213728 139 69 19
276552.076597 2111133.758677 122.583375 139 69 19
277679.630279 2111061.090894 82.284049 34 139 34
276905.815791 2110973.353237 103.362653 34 139 34
277546.762198 2111253.850885 105.026655 34 139 34
277390.984033 2111582.560128 119.923496 34 139 34
277570.264009 2110976.859185 108.541987 139 69 19
277461.259124 2111057.726118 103.783522 139 69 19
276627.717425 2111289.934382 127.509384 34 139 34
277123.839922 2111760.400323 148.138365 34 139 34
276679.646507 2111115.963784 103.391070 34 139 34
277215.252603 2111237.931015 102.813803 34 139 34
277312.374901 2111345.066135 107.760943 139 69 19
276594.125639 2111073.374040 94.244132 34 139 34
277097.727525 2111149.857857 124.803525 139 69 19
277168.325159 2110886.292422 88.128043 34 139 34
277228.452386 2111791.920404 139.756117 34 139 34
277355.304121 2110913.334238 100.270756 139 69 19
277723.627930 2111001.141796 94.164089 34 139 34
277612.482709 2111149.231350 102.368817 139 69 19
277588.179717 2111352.402011 112.425857 139 69 19
277123.967230 2111451.155972 121.087030 139 69 19
276927.791534 2110777.060769 87.049388 34 139 34
277017.436878 2111375.710845 127.654528 139 69 19
276917.800135 2111237.559793 114.167815 34 139 34
277624.729747 2111038.112564 109.113817 34 139 34
277451.764639 2110685.397835 92.676175 34 139 34
277349.551773 2110815.985357 111.901893 34 139 34
277441.268082 2111082.943579 94.376558 139 69 19
277028.766222 2111400.785535 128.377184 139 69 19
277434.613508 2111358.245021 99.730224 34 139 34
276969.155295 2111013.430151 116.041087 34 139 34
277511.255354 2110899.263705 97.402059 34 139 34
277216.522696 2111574.659100 128.444834 34 139 34
277024.049905 2110825.871188 100.395599 34 139 34
277120.593843 2110750.793693 89.370614 139 69 19
277297.544618 2111060.463745 119.793687 139 69 19
277240.199159 2110890.059593 108.869771 139 69 19
276804.633994 2110938.625001 110.522266 34 139 34
276713.353498 2110967.064971 115.905196 34 139 34
276887.645882 2111371.078119 134.756958 34 139 34
277035.862914 2111100.300443 118.043751 34 139 34
276825.445714 2110929.077389 92.879283 34 139 34
277647.634321 2111079.035953 106.506382 34 139 34
277243.968782 2110804.058983 102.334506 34 139 34
276897.019884 2111469.303341 129.475366 34 139 34
277467.592675 2111662.138962 124.439494 34 139 34
277158.500880 2110698.719073 76.476666 139 69 19
277100.768847 2111332.749889 108.405536 139 69 19
277174.327239 2110686.994246 81.016557 34 139 34
277244.984321 2111250.639067 95.195217 139 69 19
277531.460751 2111063.750190 98.060426 34 139 34
276935.705723 2110988.264738 96.626878 34 139 34
277472.026951 2111299.215832 123.820838 139 69 19
277612.916273 2111426.478910 106.166564 139 69 19
276986.437306 2110715.903830 96.406048 139 69 19
277115.211467 2111888.080658 127.904785 139 69 19
277685.857492 2111092.332441 106.310000 34 139 34
277680.998926 2111014.592687 98.990694 34 139 34
277446.693719 2110800.061381 84.040492 139 69 19
277005.522974 2110738.260027 115.227107 34 139 34
277313.178247 2110797.317692 90.997249 139 69 19
277644.103564 2111222.744304 101.274056 139 69 19
277201.084876 2110517.006851 82.784290 34 139 34
276871.272496 2110835.220641 107.805523 139 69 19
277463.763961 2111572.034778 124.313364 34 139 34
276569.443293 2111129.412863 110.726577 34 139 34
276925.729377 2110936.237099 104.548555 139 69 19
277398.542228 2111039.574962 109.253066 34 139 34
277265.016041 2111291.176459 112.525880 139 69 19
277305.079312 2110793.516777 95.684688 34 139 34
276998.940122 2110818.763453 91.934649 139 69 19
277258.612857 2111180.683711 125.546392 34 139 34
277539.869804 2111346.532887 106.553902 139 69 19
277265.978133 2111303.182947 121.485418 139 69 19
277605.495731 2110850.141108 81.914338 139 69 19
277793.711560 2111333.522396 119.628251 139 69 19
277052.898380 2110795.254960 93.894813 139 69 19
276984.342101 2110731.186786 81.302003 139 69 19
277797.938641 2111297.019436 115.547247 34 139 34
277777.735743 2111211.917720 97.442044 139 69 19
277320.020738 2111544.849984 139.213095 34 139 34
277057.934609 2111024.481221 99.692732 139 69 19
276823.084547 2110852.418743 97.126141 34 139 34
277042.070995 2110786.769851 89.810883 139 69 19
277698.952478 2111315.484252 115.133401 34 139 34
277111.733997 2110830.026354 100.051381 139 69 19
276718.032313 2111148.147156 99.072032 34 139 34
277041.140807 2111311.420518 107.919216 34 139 34
277256.231340 2111505.765586 111.954152 139 69 19
277166.154907 2111573.329685 128.344916 34 139 34
276939.182753 2110703.771006 93.617870 34 139 34
277397.161928 2110855.157157 99.162873 139 69 19
277276.803816 2110700.099752 73.178166 34 139 34
277250.102709 2110648.730465 87.809114 139 69 19
277656.718300 2110963.985667 71.651199 139 69 19
277770.460563 2111213.061226 134.573340 139 69 19
277162.456750 2111548.460142 123.910297 139 69 19
277689.060583 2111088.359285 88.086593 34 139 34
277067.498015 2111842.896676 139.064523 34 139 34
277339.051526 2111730.255727 137.588510 139 69 19
276525.371883 2111100.350235 129.899776 34 139 34
277038.291493 2111311.301017 100.175946 34 139 34
277542.172936 2111456.767953 100.289388 139 69 19
277655.992062 2111255.078646 81.402600 139 69 19
277901.343644 2111197.764509 105.531987 139 69 19
276723.228245 2111268.648740 118.981003 139 69 19
276802.469818 2111275.366770 114.603714 34 139 34
277697.159199 2111422.481743 112.395009 139 69 19
277214.510699 2111218.471264 83.343606 139 69 19
276785.332394 2111371.736195 140.870021 34 139 34
276862.855693 2111444.023207 137.979063 139 69 19
276938.970033 2110856.263772 93.191110 139 69 19
277265.387134 2111607.657894 107.804902 139 69 19
276741.950249 2111167.029495 120.740792 34 139 34
277206.238795 2111619.774160 115.278721 139 69 19
277224.265467 2110623.517326 81.158606 139 69 19
277738.051648 2111004.365403 111.639194 139 69 19
276829.635950 2111548.777179 115.229426 34 139 34
276923.634520 2111163.862277 100.181638 139 69 19
276664.370812 2110988.104953 112.419274 34 139 34
277658.963934 2111056.265899 85.944459 34 139 34
277773.226818 2111033.118325 96.608059 139 69 19
277145.291037 2111432.031849 116.852700 34 139 34
277160.583915 2110596.156975 87.264552 34 139 34
277330.836738 2111291.607174 117.117937 34 139 34
276858.158319 2110820.143991 112.971201 139 69 19
277494.537683 2110991.539493 90.808500 34 139 34
277164.623406 2111425.198013 109.161928 139 69 19
276925.788876 2111083.253217 111.723749 139 69 19
277335.007341 2110532.741940 54.212120 34 139 34
277133.438330 2111298.950718 136.085152 34 139 34
277506.174427 2111111.527681 116.302195 34 139 34
276497.445752 2111118.738970 99.303040 139 69 19
277035.841708 2110740.127001 91.951538 139 69 19
277333.054162 2110858.298719 94.294787 34 139 34
277022.165420 2111703.943348 123.712925 34 139 34
277018.031457 2110946.486594 72.803071 139 69 19
277395.164395 2111399.399500 124.267487 139 69 19
276996.130748 2111052.080535 123.673675 139 69 19
277533.570441 2110918.361271 74.012567 34 139 34
277759.511779 2111076.928527 110.877273 34 139 34
277369.405727 2111281.670265 107.445721 139 69 19
276824.862531 2111202.539159 121.364968 139 69 19
277394.007546 2111160.381305 98.298012 34 139 34
277051.382089 2111456.256565 127.828870 34 139 34
276946.758926 2111525.652808 126.426108 139 69 19
276999.196102 2110965.267153 99.021120 139 69 19
276664.837743 2111216.047358 118.553133 139 69 19
277175.744490 2111230.821070 113.599323 139 69 19
277365.029502 2110808.206078 94.945939 34 139 34
276831.235680 2111315.433340 118.530311 34 139 34
276916.546167 2110858.667662 111.937532 139 69 19
277567.597174 2111213.278916 117.038686 139 69 19
277725.152818 2111399.612614 113.610679 34 139 34
276636.113411 2111104.269371 120.255427 139 69 19
277399.914855 2111579.113384 102.896248 34 139 34
277195.393527 2111500.787792 133.830273 139 69 19
277636.694037 2111168.801220 107.272785 34 139 34
277191.449945 2111739.805212 134.933224 139 69 19
276931.156508 2111346.197087 127.830264 34 139 34
276827.234860 2111221.285643 119.833979 139 69 19
276722.096610 2111041.476651 108.233921 34 139 34
277410.963850 2110734.311118 91.141640 34 139 34
277061.179785 2110993.487901 98.238664 34 139 34
277113.816603 2111749.115708 139.871716 34 139 34
277306.989016 2111025.905599 89.481874 34 139 34
276994.364161 2111148.177563 107.086148 139 69 19
277404.043976 2110727.639697 90.976493 34 139 34
276840.895009 2110876.492712 114.328251 34 139 34
277618.877303 2111457.592487 129.717577 34 139 34
277553.390776 2111178.858856 81.441821 139 69 19
277251.611356 2110507.523512 72.314344 34 139 34
277689.874577 2111202.759764 103.007972 34 139 34
277665.060248 2111438.234873 95.761954 139 69 19
277108.536782 2110933.313638 79.735811 34 139 34
277166.725142 2111584.055366 116.414135 139 69 19
276880.016878 2110900.598960 114.121207 34 139 34
277000.842698 2111156.245847 107.821957 139 69 19
277066.080151 2111339.435037 110.094470 139 69 19
277370.648768 2111385.458620 103.351594 34 139 34
277659.540924 2111469.471124 111.441797 139 69 19
277129.110609 2111525.732117 127.684422 139 69 19
277026.135756 2110754.643199 97.665323 34 139 34
277572.695395 2111049.328507 111.967191 139 69 19
277719.465076 2111386.094913 115.302319 34 139 34
277830.908780 2111330.636498 113.512770 139 69 19
277598.890538 2111527.300737 135.756424 139 69 19
276777.430603 2111373.128404 133.674969 34 139 34
277215.955717 2110937.151439 102.499287 139 69 19
276829.738461 2111516.448511 125.750451 139 69 19
276934.511683 2110984.480556 119.475170 139 69 19
277363.881522 2111503.294509 128.499397 139 69 19
277449.072351 2111402.995468 112.347154 34 139 34
277009.526716 2110908.451178 113.029992 34 139 34
277016.308169 2111121.317204 116.097886 139 69 19
277062.203306 2110993.583864 114.218394 34 139 34
277900.473376 2111210.851100 89.046452 139 69 19
277457.869986 2110768.025451 105.711348 34 139 34
277321.219939 2111052.116360 105.221806 139 69 19
277411.105325 2111703.166730 138.133425 34 139 34
277485.628287 2111247.997310 84.990231 34 139 34
277225.147877 2110758.616893 108.464310 34 139 34
276805.252133 2111130.142851 115.760887 139 69 19
277190.543799 2111725.547984 116.507760 34 139 34
277101.078109 2111014.904588 108.427561 34 139 34
277423.794288 2111095.507789 117.804079 34 139 34
277185.776989 2111480.944884 133.708132 139 69 19
277242.110310 2110595.968891 63.033770 139 69 19
276881.685964 2110822.223088 108.481149 139 69 19
276878.305509 2111551.259007 149.788904 139 69 19
277412.639537 2111684.568751 107.315886 139 69 19
277398.693821 2111048.179881 109.864724 34 139 34
277208.467099 2111739.497114 141.379776 34 139 34
277628.873651 2110860.602864 112.043205 34 139 34
277025.347504 2111291.053306 111.386704 139 69 19
276600.017990 2111003.198206 114.346822 34 139 34
277005.999453 2111227.765233 119.413050 34 139 34
276933.406268 2111552.580796 132.490864 139 69 19
277203.208909 2110564.673222 90.794060 34 139 34
277156.893198 2110734.697900 89.804744 139 69 19
277271.881212 2111036.591580 100.569430 139 69 19
276977.161740 2111283.356057 96.394126 34 139 34
277669.633621 2110994.076154 85.256672 34 139 34
277069.528430 2110918.470092 101.424481 139 69 19
277272.218152 2111547.335615 136.074959 34 139 34
276911.999403 2110723.042172 78.556315 34 139 34
277041.632337 2111200.096581 118.275282 139 69 19
276888.013477 2110820.907039 119.181128 139 69 19
277573.744942 2111334.495793 132.208039 139 69 19
277363.725662 2111041.478844 90.942259 34 139 34
277721.817154 2111168.619160 95.597231 34 139 34
276857.785653 2110882.691103 112.855312 139 69 19
277340.538182 2110736.757095 90.971341 139 69 19
277449.873007 2111541.237675 120.062083 139 69 19
277297.459342 2111085.839225 76.824505 139 69 19
276898.944776 2111410.289364 124.064246 34 139 34
277128.243065 2110857.096987 77.266275 34 139 34
276818.044276 2111436.471237 126.969053 34 139 34
277159.639450 2111044.177008 100.552668 34 139 34
276694.521521 2111141.284195 116.447093 34 139 34
276912.594352 2110920.595985 102.056592 34 139 34
277287.219990 2111643.817272 137.996564 34 139 34
277136.270105 2110695.642999 93.133641 34 139 34
277641.822126 2111314.289230 107.691950 139 69 19
277016.540424 2111209.426021 104.398452 34 139 34
277179.126682 2111710.829711 134.336101 34 139 34
277076.454615 2111663.699462 148.934892 34 139 34
276680.283915 2111140.219759 129.201641 34 139 34
276989.834677 2111057.733360 113.238009 34 139 34
277072.442768 2111692.474420 141.834467 139 69 19
277350.690129 2110788.536147 84.598221 139 69 19
277434.565105 2111341.464524 120.592903 139 69 19
277359.503738 2111137.757738 103.223533 34 139 34
277292.772693 2111032.183040 115.125391 139 69 19
277181.241250 2111424.592720 118.863151 139 69 19
277390.413693 2111262.821111 85.271381 34 139 34
277836.262835 2111115.712159 92.664617 139 69 19
277237.176666 2111345.170548 108.988360 34 139 34
277423.463739 2111586.945737 147.212928 34 139 34
277017.871855 2111645.385550 132.792885 139 69 19
277682.378328 2111046.339631 105.001740 34 139 34
276623.718091 2111147.340620 115.103053 34 139 34
276902.846910 2111391.670606 124.754325 139 69 19
276788.839549 2110857.368881 110.082161 34 139 34
276743.562280 2111274.575873 123.354921 34 139 34
277084.359720 2111163.885143 114.526563 34 139 34
276596.852197 2111266.991718 120.737422 139 69 19
277119.787392 2111392.514866 117.278500 34 139 34
277240.118141 2110754.541326 88.309963 139 69 19
276728.786434 2110976.335550 118.640598 139 69 19
276933.261587 2111136.629183 118.217235 34 139 34
277321.109337 2111727.058204 137.317442 34 139 34
277063.552276 2111338.828946 143.832779 139 69 19
277677.789393 2111335.964630 125.474694 139 69 19
277405.856577 2111050.825182 106.899333 34 139 34
276832.271114 2111043.518430 94.948087 139 69 19
277641.033246 2111185.864720 112.577265 34 139 34
276765.730281 2111260.471307 112.116952 139 69 19
277879.264452 2111221.363291 107.938462 139 69 19
277184.058399 2110883.337399 94.122557 139 69 19
276685.272617 2110996.002436 112.315930 34 139 34
277176.276557 2111418.309701 123.996646 34 139 34
277413.593266 2111216.026770 108.413263 139 69 19
277090.703117 2110752.775716 104.057489 34 139 34
277540.715732 2111098.568951 96.031615 139 69 19
277114.091522 2110996.136529 109.352059 34 139 34
277453.010520 2111236.345409 99.446229 34 139 34
276920.619440 2111259.021891 115.463239 139 69 19
277142.850204 2110805.636735 65.532653 139 69 19
277705.114367 2111379.144584 112.512785 34 139 34
277052.718495 2111038.320333 103.358726 139 69 19
277510.184526 2110763.164960 96.211918 34 139 34
277295.105642 2111448.477485 110.384560 34 139 34
277159.353745 2111479.130472 122.136737 34 139 34
277262.708361 2111594.560161 124.957581 34 139 34
276594.889833 2111001.083793 116.728733 139 69 19
277796.866940 2111182.990392 97.395812 34 139 34
276979.272193 2111118.951170 115.516175 34 139 34
277276.956174 2111579.596419 120.372314 34 139 34
276678.593528 2111292.524564 114.025575 139 69 19
277036.160898 2110676.022957 83.155742 34 139 34
277490.471935 2111229.010062 117.340691 139 69 19
277222.315678 2110549.217156 81.412327 139 69 19
276832.103486 2111500.351156 133.570424 34 139 34
277175.800768 2111074.661454 101.888735 34 139 34
277443.176511 2110906.274159 87.529675 34 139 34
277413.251574 2110778.469847 91.681163 139 69 19
276901.949798 2111552.552657 128.906275 34 139 34
277459.071306 2111597.652065 131.619227 139 69 19
276818.255622 2111077.418294 114.442308 139 69 19
277599.991285 2111080.174728 118.304605 34 139 34
276791.608177 2111465.118899 135.856111 139 69 19
277207.027124 2110910.681326 86.236648 139 69 19
277557.264816 2110870.269628 95.896463 139 69 19
276828.580693 2110885.363580 111.216759 34 139 34
277421.389092 2110624.514919 69.259944 34 139 34
277165.350874 2111511.369873 132.391077 34 139 34
277321.279134 2111714.436990 131.135509 139 69 19
276878.094464 2111255.608779 118.941600 34 139 34
277241.436668 2110884.886233 91.786426 139 69 19
277208.397988 2110544.804533 83.414437 34 139 34
277029.509293 2111299.971449 120.523028 139 69 19
276807.282427 2110937.164907 116.264964 34 139 34
277030.801929 2111361.589780 127.003022 139 69 19
277596.504102 2111369.871911 114.583935 139 69 19
277577.907773 2111050.540825 112.958538 139 69 19
276951.007191 2110719.305679 65.421601 139 69 19
277245.717297 2111640.550660 128.008143 34 139 34
276894.442543 2110756.841169 97.696521 139 69 19
277526.264917 2111532.480707 138.990901 139 69 19
276978.128885 2111212.668806 141.482774 34 139 34
277067.834384 2110688.461719 85.527885 34 139 34
277400.505239 2111057.553446 96.778961 139 69 19
277527.743761 2111124.717555 102.065141 139 69 19
276675.032560 2110944.581440 79.937279 139 69 19
276992.170147 2110920.184339 99.530851 139 69 19
277331.265092 2111306.936399 122.613293 34 139 34
277610.713509 2111124.339635 87.232353 34 139 34
277337.907863 2111202.880387 104.290649 34 139 34
276667.700372 2111258.372977 124.962118 34 139 34
277757.748239 2111282.154033 100.808297 34 139 34
277503.863706 2111400.405852 107.489981 139 69 19
277688.834448 2111357.766421 112.123698 34 139 34
277053.191687 2110765.621666 109.257540 34 139 34
277131.895657 2110980.311140 95.563772 139 69 19
277703.711326 2111376.846641 115.428882 34 139 34
277587.097099 2111209.515209 98.602627 139 69 19
277676.381975 2111279.447202 108.674636 34 139 34
277614.225137 2111406.918776 103.494349 34 139 34
277121.775137 2111443.715274 137.854085 34 139 34
277593.491596 2111529.440598 101.851471 139 69 19
277495.185038 2111639.659430 136.728496 34 139 34
276640.457786 2111112.238915 127.735592 34 139 34
277369.130032 2111722.455480 133.839288 139 69 19
277014.644024 2110952.557634 78.819895 139 69 19
276886.810129 2111423.632194 119.739063 34 139 34
277902.924745 2111159.407812 122.837647 139 69 19
277348.597098 2111000.756076 103.112832 139 69 19
277219.121463 2110688.431106 94.989353 139 69 19
277664.623800 2111307.662572 105.998228 139 69 19
277256.423440 2110626.539399 91.452186 139 69 19
277865.640934 2111134.524070 97.289652 34 139 34
277002.880532 2111405.961578 115.527757 34 139 34
276794.537001 2111425.718332 129.527172 34 139 34
277361.021825 2111715.987307 113.386359 34 139 34
277034.391434 2111172.884407 114.174688 139 69 19
277087.772814 2111868.763568 143.790786 139 69 19
277227.111982 2111129.949386 130.079003 139 69 19
277372.657808 2110997.733853 76.396577 34 139 34
277769.832640 2111076.936362 82.471001 34 139 34
277173.988676 2111013.740263 117.247396 34 139 34
276829.129201 2111009.575859 91.396752 34 139 34
276775.190885 2111022.272657 110.904928 139 69 19
277055.005130 2111031.561373 100.222389 34 139 34
276766.092919 2111179.860134 116.763815 34 139 34
277198.410295 2111617.790374 138.538920 139 69 19
277643.490939 2111475.461311 132.829249 34 139 34
277553.328635 2111077.264398 108.009200 139 69 19
276683.728425 2111124.164672 122.506474 34 139 34
277266.974505 2110565.311336 93.793054 34 139 34
277758.091964 2111304.369644 109.431628 34 139 34
276817.194559 2111202.255675 115.316162 34 139 34
276856.005697 2111530.738157 141.017216 34 139 34
277476.737796 2111163.753113 117.751732 139 69 19
276852.548597 2111482.496957 116.628721 139 69 19
276780.248714 2111328.188521 120.362556 34 139 34
277208.939285 2111460.052075 117.445376 34 139 34
277605.544229 2111504.306600 120.003777 34 139 34
277222.514070 2111666.129264 149.971062 139 69 19
277162.764034 2111461.048059 124.959121 34 139 34
277227.785971 2111139.930784 103.156001 139 69 19
276893.549861 2110967.151546 93.960614 139 69 19
277102.620436 2111119.901331 106.192161 34 139 34
277142.772518 2111494.403744 111.591188 34 139 34
277177.284714 2110600.276642 92.180503 139 69 19
277122.004573 2111272.483045 117.309255 34 139 34
277174.704231 2111372.656778 123.248499 34 139 34
277757.478020 2111305.885467 113.189862 34 139 34
277086.591128 2111041.758168 125.501387 34 139 34
277205.137432 2110477.945698 81.340942 139 69 19
277374.815210 2111521.210909 138.566848 139 69 19
277096.539503 2111467.258898 126.518640 139 69 19
276662.708000 2111178.184101 133.183431 34 139 34
276789.120122 2111238.978844 138.162744 139 69 19
277760.749611 2111302.439127 125.768987 139 69 19
277071.483792 2110887.197709 93.451722 139 69 19
277074.908459 2111301.514748 132.371731 34 139 34
277455.050727 2111666.836020 122.924580 34 139 34
277237.373393 2111112.015952 90.031464 139 69 19
276968.500080 2111135.662331 96.979263 34 139 34
277424.871935 2110879.619567 108.651051 139 69 19
277185.716793 2110469.282137 77.567761 34 139 34
277138.928289 2111917.239798 155.440423 34 139 34
277354.859099 2111703.548785 134.671632 34 139 34
277595.978620 2111182.052766 105.752751 34 139 34
277885.080999 2111254.581254 105.596512 34 139 34
277103.659012 2110810.203479 96.806816 34 139 34
277341.516924 2111228.346314 115.230309 139 69 19
277321.098837 2111362.368685 131.652816 139 69 19
276818.998500 2110841.561338 91.565716 139 69 19
277658.011084 2111414.881226 115.610365 139 69 19
277524.438824 2111266.148548 103.929805 34 139 34
277060.407511 2111216.214506 110.833633 139 69 19
277676.537237 2111193.512633 108.131557 139 69 19
277593.198004 2111209.856475 87.117741 139 69 19
277406.228860 2111481.871500 129.170818 34 139 34
277251.199889 2110480.344703 92.777376 34 139 34
277167.516456 2111457.961715 105.718125 139 69 19
277277.927866 2111484.808077 128.024678 34 139 34
277560.128921 2111188.695284 114.378072 139 69 19
277638.681442 2110940.926860 76.520072 34 139 34
277010.222401 2111037.684849 105.180728 139 69 19
277348.459942 2110647.137964 76.873495 34 139 34
277180.520930 2111822.371257 151.363296 139 69 19
277453.338077 2110705.698768 102.368294 34 139 34
276842.290582 2111247.372986 116.813242 139 69 19
277375.751695 2111315.467624 110.346060 139 69 19
277685.187655 2111145.512172 95.134806 139 69 19
277353.439430 2111120.948218 96.111733 139 69 19
277697.135922 2111462.057005 117.416366 34 139 34
277212.232175 2111234.845121 127.004954 139 69 19
276758.802332 2110866.351974 91.658528 34 139 34
277120.344038 2111680.139378 133.424205 139 69 19
277185.718520 2111122.957375 112.003572 139 69 19
277338.481822 2111358.680469 108.322436 34 139 34
276826.476851 2111075.578270 111.978306 139 69 19
277735.375474 2111190.770090 98.914208 139 69 19
277178.543438 2111856.491945 132.141719 139 69 19
277120.098968 2111461.246397 123.758751 34 139 34
277318.341428 2111682.808477 138.220375 34 139 34
277877.509320 2111133.256922 97.957072 34 139 34
276996.550477 2110739.663387 100.882930 34 139 34
277202.910988 2111399.771828 95.004896 139 69 19
277330.198798 2111446.464474 112.422401 139 69 19
276833.615668 2111122.800083 112.580887 34 139 34
277345.593321 2110644.105460 84.658933 139 69 19
277528.414257 2111147.769682 100.681597 34 139 34
276569.761537 2111129.854923 116.190084 139 69 19
277058.544597 2111186.213414 107.960538 139 69 19
276861.255311 2110867.164112 114.462671 139 69 19
277469.760057 2111406.975145 103.467757 139 69 19
277625.907011 2110996.703456 99.070428 139 69 19
277102.459821 2110589.123490 87.130648 34 139 34
277659.596594 2111140.051692 99.004705 34 139 34
277084.519498 2111765.963982 152.984954 34 139 34
276655.019456 2111256.235261 137.620893 34 139 34
277364.471079 2111329.409018 128.911517 34 139 34
276949.358082 2111499.122630 148.590165 139 69 19
277079.704640 2111176.236285 91.264460 34 139 34
276911.265363 2111318.770061 128.609012 34 139 34
276763.173658 2111280.921426 126.026019 34 139 34
277129.525362 2111191.110978 101.974080 34 139 34
276831.017743 2110796.557867 98.535078 34 139 34
276986.260155 2111619.224484 147.260122 34 139 34
277025.260235 2111261.563345 125.080851 34 139 34
276824.806302 2111574.790141 144.052715 34 139 34
277674.651797 2111380.094021 94.549359 139 69 19
277348.641269 2110600.611609 81.287978 139 69 19
277159.285518 2111033.884782 108.557809 34 139 34
277046.270137 2111177.224095 108.596852 34 139 34
277321.630103 2111773.286000 133.856742 139 69 19
276678.239960 2111286.697069 137.373107 139 69 19
277570.186563 2111199.754150 100.236434 139 69 19
277006.905245 2110721.769928 91.748756 139 69 19
276912.442406 2111217.265814 106.811727 139 69 19
277619.664004 2111297.537348 125.290806 139 69 19
277197.301520 2111188.738895 109.479977 139 69 19
277175.755396 2111559.445832 131.632533 34 139 34
277773.632040 2111046.523903 80.522220 34 139 34
276904.128545 2111329.881475 110.315230 139 69 19
277229.860843 2111262.852350 103.554150 34 139 34
277312.819638 2110990.227246 99.628828 139 69 19
276817.285328 2111105.455539 140.181822 34 139 34
277538.883843 2111112.804230 96.946732 34 139 34
277394.131876 2111734.862528 139.962188 34 139 34
277066.707465 2111790.324005 136.150277 34 139 34
277199.679830 2110847.246428 92.739207 34 139 34
277044.028292 2110893.996769 86.168280 139 69 19
277291.993233 2111604.486952 131.673804 139 69 19
277799.405767 2111151.892092 89.074668 34 139 34
277037.707972 2111767.910201 145.350567 139 69 19
277186.205053 2111616.454112 140.379203 34 139 34
277441.018343 2111565.026940 109.407723 34 139 34
277913.156996 2111184.839656 97.390051 139 69 19
277543.712958 2111018.487310 109.767956 34 139 34
276994.125016 2111217.986080 128.561950 139 69 19
277270.015166 2111838.856944 151.537447 34 139 34
277202.616537 2110639.758449 74.377812 139 69 19
277232.791250 2111306.006147 130.644152 34 139 34
277249.944507 2111436.956964 141.610135 34 139 34
277321.254794 2111441.453054 116.302413 139 69 19
277453.742445 2111272.178343 122.669094 139 69 19
277700.675344 2111009.572699 109.393827 34 139 34
276911.218378 2111444.656824 101.305922 139 69 19
277374.511621 2111064.017064 107.714432 139 69 19
277553.820749 2111491.353127 122.108441 139 69 19
277374.698600 2110917.598893 91.709063 34 139 34
277834.028056 2111172.996532 106.072687 34 139 34
277834.300136 2111309.624818 116.794379 139 69 19
276746.015682 2111278.310052 125.636092 34 139 34
276955.848106 2111643.901417 133.655307 34 139 34
277146.948939 2111761.989859 126.972794 139 69 19
277566.789724 2111168.060753 89.817270 139 69 19
276841.522016 2111415.453454 138.067235 34 139 34
277211.295431 2110777.880748 92.776939 139 69 19
277079.862939 2110678.669471 96.085387 34 139 34
277066.091656 2111216.685146 104.043269 139 69 19
276936.760208 2110920.948179 94.348546 34 139 34
277471.783664 2111504.006294 122.212557 139 69 19
276811.600860 2111141.235625 127.829495 34 139 34
277572.084064 2111000.335828 85.724661 34 139 34
277307.104570 2111783.740410 152.678259 34 139 34
276921.839657 2111153.123739 110.727702 139 69 19
277842.908101 2111137.219203 102.189140 34 139 34
277498.301271 2110852.534466 79.828918 34 139 34
277618.509231 2111156.363470 109.874041 139 69 19
277494.351051 2111474.109773 132.233169 34 139 34
276894.112718 2111272.269443 143.217834 34 139 34
276663.122153 2110992.178879 105.719520 139 69 19
277255.668783 2111138.420187 83.335861 34 139 34
277379.418768 2111207.259632 94.991066 139 69 19
277698.955624 2110992.825493 88.799700 139 69 19
277080.053579 2111383.323512 116.173158 139 69 19
277631.626766 2111423.296791 125.469751 139 69 19
277134.682612 2111531.875953 122.951332 139 69 19
276976.953495 2110735.870417 102.527678 34 139 34
277574.090401 2111462.920863 126.086209 139 69 19
276598.680828 2111104.364856 116.437063 34 139 34
276848.476917 2111345.425821 115.125444 139 69 19
277541.391001 2111328.089382 111.533004 34 139 34
276891.178013 2111152.611866 133.446636 139 69 19
277213.061068 2111677.130794 138.086259 34 139 34
276931.917036 2110751.201268 96.112177 139 69 19
277651.916384 2111460.422633 123.801186 34 139 34
277716.754410 2110984.160446 79.146097 139 69 19
277098.844806 2111315.468055 130.791223 34 139 34
276716.298834 2111372.028063 129.933971 139 69 19
277407.861547 2110751.655540 97.228407 139 69 19
277148.917521 2110550.503102 94.289055 139 69 19
277162.898351 2111690.599583 141.027061 139 69 19
277243.624395 2111429.142053 121.558714 34 139 34
277259.185130 2111645.037959 153.980186 139 69 19
276929.348181 2110936.386169 87.935801 139 69 19
277353.963757 2111684.355600 153.915090 139 69 19
277233.380691 2111651.169471 128.782605 139 69 19
277278.605370 2110552.217258 82.369152 139 69 19
277492.474658 2111325.960104 124.536925 34 139 34
277170.255040 2111461.828513 115.058832 34 139 34
277468.076916 2111519.102479 128.710748 34 139 34
277289.145667 2110786.328194 92.385282 34 139 34
276797.128103 2111110.233692 137.726238 139 69 19
276799.782387 2111505.445986 143.203079 34 139 34
276620.740487 2111327.557850 121.206404 34 139 34
276703.812751 2111229.367873 130.636369 34 139 34
277000.212119 2110980.050264 112.406382 139 69 19
277426.555129 2111367.908488 121.134909 34 139 34
277554.941948 2111459.451631 111.052462 139 69 19
276984.506570 2110670.289290 93.357573 34 139 34
277052.216320 2110759.479003 100.169997 139 69 19
276688.160739 2111190.467616 128.554491 34 139 34
277766.766678 2111013.362589 81.614676 34 139 34
276950.755325 2111096.509173 100.263926 34 139 34
276713.395348 2111292.896986 111.922450 34 139 34
277428.793146 2111335.113713 113.388133 139 69 19
276808.165094 2111547.973932 140.871218 34 139 34
277116.385393 2111577.840657 137.782931 139 69 19
276943.098307 2110718.924456 86.185399 139 69 19
277081.676936 2111269.787239 106.063606 139 69 19
277892.123860 2111149.775082 111.748525 34 139 34
277237.875064 2111544.179151 136.663639 34 139 34
276786.881329 2111530.638251 127.712178 34 139 34
276617.072147 2111170.663378 120.695019 139 69 19
276936.388980 2111426.870174 137.483291 34 139 34
277553.935115 2111409.071125 112.633573 139 69 19
277562.170985 2111455.135551 132.653386 139 69 19
276803.221744 2110963.285277 103.608628 34 139 34
276634.626696 2111352.786945 133.626189 139 69 19
277080.954102 2110568.972425 82.006120 139 69 19
277222.127043 2111873.829704 146.048895 34 139 34
277150.709838 2111539.932667 119.779027 139 69 19
277700.711432 2111090.253529 91.534229 139 69 19
276670.438899 2111152.336190 132.971843 34 139 34
277172.855234 2111854.022151 129.990542 139 69 19
276874.780558 2110907.733923 117.704625 139 69 19
277233.685143 2110979.218246 117.787501 139 69 19
276848.904699 2111409.070683 122.814166 139 69 19
277133.314322 2111258.856406 105.806186 34 139 34
277237.223701 2111127.883704 113.179654 34 139 34
276968.614812 2111170.723936 102.686231 139 69 19
277603.435077 2110896.390126 72.811404 34 139 34
277799.189451 2111192.170336 108.040680 34 139 34
277871.891024 2111227.344046 128.512137 139 69 19
277671.748559 2111219.154957 112.729463 34 139 34
277202.674983 2111308.446120 137.856611 139 69 19
277250.051655 2111185.092082 93.751218 139 69 19
277302.979663 2111541.406716 124.660003 139 69 19
276631.060087 2111237.744771 130.490513 34 139 34
276953.470024 2111289.788410 132.493893 139 69 19
276877.678573 2111075.468385 109.365286 34 139 34
277747.415747 2111278.928530 103.156765 34 139 34
277048.578114 2111485.393887 140.724488 34 139 34
276713.707878 2111454.573465 132.666052 139 69 19
276856.803755 2111182.044307 119.996920 139 69 19
277622.240506 2110865.111184 97.102470 139 69 19
277444.021423 2110719.407921 84.748025 34 139 34
277431.523803 2110895.840453 76.349336 34 139 34
277137.975485 2110556.444840 88.828481 34 139 34
277001.016234 2111500.026406 122.252808 139 69 19
277268.618446 2110757.528861 96.164606 139 69 19
277497.779581 2111294.762354 96.694649 139 69 19
277941.687835 2111215.062830 97.821367 34 139 34
277458.443999 2111105.389486 103.035343 139 69 19
277328.251495 2110798.613319 101.822639 34 139 34
277761.588316 2111099.129742 110.702941 139 69 19
277404.505064 2111433.344659 100.899863 139 69 19
277287.344289 2110551.858387 68.993831 34 139 34
277305.349947 2111229.009909 209.730967 178 34 34
277277.482557 2111175.160403 206.421252 178 34 34
277226.385195 2111156.762218 146.224408 128 128 128
277298.276399 2111174.974805 361.281405 128 128 128
277299.465426 2111175.062722 285.689991 178 34 34
277323.875259 2111201.761017 195.644503 178 34 34
277316.971373 2111218.076728 240.548883 128 128 128
277319.521062 2111170.132864 393.627569 128 128 128
277262.702804 2111174.029654 161.089326 128 128 128
277224.698697 2111161.051930 276.321826 178 34 34
277270.638272 2111141.085745 375.519923 128 128 128
277287.263869 2111189.522196 419.950864 128 128 128
277303.315955 2111218.846228 190.731412 178 34 34
277274.899293 2111184.219751 283.664073 128 128 128
277288.888039 2111174.107594 243.720109 128 128 128
277257.795481 2111183.333109 119.317678 128 128 128
277332.869232 2111243.926146 394.649492 128 128 128
277266.254476 2111120.224897 258.939373 178 34 34
277267.538262 2111191.306813 367.850970 178 34 34
277320.812471 2111175.435067 396.902829 128 128 128
277299.407421 2111224.584368 268.624776 128 128 128
277260.892360 2111189.270687 315.211298 128 128 128
277355.044774 2111234.870990 351.785701 128 128 128
277329.697934 2111256.217879 156.342938 128 128 128
277261.889348 2111152.691021 351.384215 128 128 128
277296.378647 2111242.193886 417.140848 128 128 128
277268.401669 2111133.877261 398.416966 128 128 128
277323.156390 2111192.906411 345.872858 128 128 128
277328.081836 2111224.959499 325.275190 128 128 128
277277.537718 2111130.343135 349.233319 128 128 128
277244.152411 2111147.773921 201.056723 128 128 128
277223.781822 2111153.284443 359.491946 128 128 128
277260.369815 2111167.844090 228.080368 128 128 128
277330.703698 2111220.712241 197.717115 128 128 128
277327.249679 2111230.537521 337.833711 128 128 128
277304.707277 2111167.277921 284.488549 128 128 128
277304.929812 2111246.521524 221.071212 178 34 34
277315.021671 2111180.245817 166.815601 128 128 128
277278.838965 2111195.039958 301.579193 178 34 34
277316.145829 2111246.406517 345.322063 178 34 34
277290.330829 2111194.505041 299.129135 128 128 128
277324.017968 2111219.011858 222.041333 128 128 128
277273.850027 2111190.914290 291.204917 128 128 128
277244.816911 2111173.675744 389.428751 128 128 128
277249.592222 2111200.451474 129.990671 178 34 34
277306.895603 2111179.033235 172.634128 128 128 128
277304.918719 2111204.389037 177.682991 128 128 128
277319.066158 2111205.534938 119.361395 178 34 34
277325.821836 2111228.130919 345.078654 128 128 128
277312.654081 2111243.894996 186.119490 178 34 34
277292.576172 2111208.288376 245.887658 178 34 34
277297.131060 2111207.866535 206.959224 128 128 128
277334.272905 2111247.575233 265.066104 128 128 128
277268.655979 2111199.177855 241.383408 178 34 34
277261.806997 2111166.891164 402.059777 178 34 34
277308.491392 2111250.443141 207.342821 128 128 128
277317.996978 2111207.183384 285.668689 128 128 128
277318.180196 2111191.764471 274.749532 128 128 128
277295.562026 2111209.103140 266.317654 128 128 128
277336.352330 2111225.100342 277.592250 178 34 34
277251.457791 2111197.263024 250.189483 128 128 128
277311.275290 2111169.082816 358.841700 128 128 128
277322.968209 2111252.718476 211.966850 128 128 128
277336.124464 2111247.832216 231.856201 178 34 34
277312.856239 2111212.353469 197.807878 128 128 128
277238.334965 2111151.237823 344.554066 128 128 128
277260.329147 2111120.329410 277.128123 128 128 128
277341.869197 2111215.642332 204.953797 128 128 128
277305.337214 2111156.704824 384.055286 178 34 34
277280.036601 2111189.141914 246.774097 128 128 128
277322.447021 2111196.255070 170.456703 128 128 128
277306.549831 2111234.846955 244.188019 128 128 128
277317.554934 2111224.175888 246.136924 128 128 128
277327.194198 2111207.221923 300.207153 128 128 128
277308.326856 2111254.276628 407.791163 128 128 128
277331.578954 2111244.071164 368.386540 178 34 34
277238.218011 2111149.412343 210.555987 128 128 128
277258.578356 2111160.657907 402.520115 128 128 128
277277.226977 2111175.769835 206.662046 128 128 128
277242.056305 2111178.602451 224.438306 128 128 128
277322.868563 2111255.801204 181.365290 128 128 128
277311.221477 2111189.752038 354.396147 128 128 128
277283.131232 2111218.712836 235.239843 128 128 128
277250.096443 2111164.430413 176.085484 128 128 128
277324.651022 2111209.813711 230.353269 128 128 128
277300.536167 2111223.992163 239.785968 128 128 128
277322.880000 2111173.791600 403.322289 128 128 128
277290.062630 2111192.371725 299.070161 178 34 34
277308.390329 2111208.496209 110.627190 128 128 128
277251.004249 2111185.838718 406.117003 178 34 34
277274.735623 2111182.040788 131.244944 128 128 128
277284.578782 2111188.227134 338.736870 128 128 128
277316.621150 2111232.080826 316.142182 128 128 128
277305.236879 2111194.929094 277.091640 178 34 34
277248.299865 2111144.474005 295.595462 128 128 128
277306.579564 2111215.448351 176.174607 128 128 128
277287.861324 2111176.544234 393.173593 128 128 128
277294.314862 2111235.922667 298.349463 178 34 34
277346.620454 2111212.886318 282.203307 178 34 34
277236.382260 2111187.967629 137.985085 128 128 128
277303.698940 2111186.653721 357.536545 128 128 128
277327.181973 2111252.849102 220.838769 128 128 128
277269.245599 2111153.603884 212.728205 178 34 34
277278.083296 2111167.965727 365.854217 178 34 34
277321.137509 2111232.636233 222.257246 128 128 128
277328.455320 2111207.474081 302.511652 178 34 34
277326.331231 2111199.085536 382.683502 128 128 128
277267.900833 2111142.051825 207.378053 178 34 34
277309.663859 2111237.555395 279.740277 128 128 128
277331.508576 2111231.341031 329.322381 178 34 34
277329.867856 2111216.339321 429.429692 128 128 128
277245.932058 2111185.820784 331.089274 178 34 34
277273.963820 2111146.921123 318.291677 128 128 128
277335.054061 2111231.808694 182.145400 128 128 128
277291.881777 2111203.182717 145.138713 178 34 34
277263.077566 2111141.028382 318.256832 178 34 34
277291.963088 2111238.684922 266.165853 128 128 128
277262.204253 2111148.300415 360.534330 178 34 34
277322.492600 2111226.069723 184.360375 128 128 128
277253.639927 2111192.316197 268.592759 128 128 128
277258.649156 2111177.659882 169.851367 128 128 128
277265.842950 2111157.331953 208.132498 128 128 128
277357.219715 2111227.896150 282.596436 128 128 128
277320.166728 2111229.328356 128.174410 178 34 34
277275.850781 2111173.757246 326.399973 178 34 34
277283.997933 2111188.046675 371.088900 128 128 128
277360.289091 2111215.939548 415.377911 128 128 128
277232.786302 2111152.764214 394.742959 128 128 128
277270.638266 2111139.536188 336.352096 128 128 128
277246.308439 2111173.699400 145.371426 128 128 128
277301.106201 2111192.268605 149.659708 128 128 128
277324.650543 2111192.518353 219.545035 178 34 34
277240.560681 2111145.678404 285.861809 178 34 34
277323.071182 2111236.731612 400.478125 178 34 34
277302.940268 2111218.059099 218.417675 178 34 34
277286.015487 2111142.475737 281.353050 128 128 128
277267.244708 2111194.353279 368.068305 128 128 128
277248.814897 2111159.863312 193.985061 128 128 128
277301.171115 2111194.875272 345.193296 128 128 128
277310.803514 2111258.338381 239.321442 178 34 34
277284.779083 2111174.975850 110.409836 128 128 128
277318.981809 2111212.951886 318.192975 128 128 128
277287.820244 2111207.373796 381.531674 128 128 128
277300.502988 2111168.842959 227.146515 178 34 34
277225.587049 2111164.300423 336.427526 128 128 128
277276.148951 2111211.568568 307.300583 178 34 34
277330.418725 2111218.566352 264.653008 178 34 34
277306.349568 2111165.579046 242.038410 178 34 34
277259.372837 2111205.853190 286.268961 128 128 128
277292.780896 2111252.887719 190.341740 178 34 34
277303.605216 2111187.350793 339.166961 178 34 34
277260.453455 2111196.756336 118.362999 178 34 34
277312.611496 2111241.458715 123.475176 128 128 128
277291.778209 2111239.706836 119.827341 128 128 128
277272.926883 2111133.286108 266.031543 128 128 128
277269.991365 2111205.756698 134.628470 178 34 34
277287.531784 2111232.182441 319.720752 178 34 34
277249.652726 2111152.733429 424.499224 128 128 128
277254.913284 2111200.933225 344.577029 128 128 128
277296.080133 2111232.994395 368.288869 178 34 34
277308.563080 2111170.792407 363.748126 128 128 128
277309.871030 2111241.456490 238.121945 178 34 34
277263.887997 2111185.969872 338.960425 128 128 128
277238.560394 2111178.282661 387.116290 128 128 128
277237.547167 2111183.119135 206.603250 128 128 128
277254.805214 2111186.582995 289.954159 128 128 128
277355.141391 2111212.761510 349.024059 128 128 128
277228.369452 2111158.567557 296.570386 178 34 34
277353.192294 2111233.346114 292.345712 128 128 128
277291.839578 2111225.394519 163.894401 178 34 34
277258.733158 2111136.568994 252.366781 178 34 34
277267.282723 2111143.811020 245.212502 178 34 34
277339.064769 2111249.912589 171.642823 128 128 128
277316.345055 2111206.877946 250.477190 128 128 128
277331.034733 2111238.444011 419.176206 128 128 128
277277.438071 2111214.126971 288.684099 178 34 34
277262.562833 2111188.149437 371.808676 128 128 128
277232.950163 2111159.847675 115.388891 128 128 128
277306.949320 2111203.842843 212.958679 128 128 128
277303.690571 2111250.946964 333.515377 128 128 128
277272.458869 2111127.533774 360.090031 178 34 34
277291.419943 2111231.359111 415.614366 128 128 128
277355.532831 2111225.707138 149.135356 178 34 34
277277.757632 2111186.315482 171.696351 178 34 34
277241.297037 2111186.277450 324.787390 128 128 128
277276.806074 2111185.492308 310.179331 128 128 128
277293.336551 2111177.359864 129.719294 128 128 128
277350.118203 2111224.213840 377.623742 128 128 128
277246.296173 2111154.736364 213.631749 128 128 128
277288.246119 2111167.924272 161.523668 128 128 128
277261.151839 2111157.818677 246.270206 178 34 34
277219.968951 2111164.584411 124.415198 128 128 128
277230.838604 2111180.166225 201.803288 128 128 128
277254.565088 2111145.403704 339.883817 128 128 128
277332.686998 2111209.977159 303.861740 178 34 34
277236.129315 2111188.789309 169.310637 128 128 128
277313.812749 2111201.859006 119.008256 178 34 34
277326.476581 2111201.590244 339.880525 128 128 128
277274.139222 2111223.475965 275.968562 178 34 34
277249.170037 2111183.675415 413.724606 128 128 128
277331.864148 2111257.266029 211.550388 178 34 34
277311.459239 2111170.238461 318.053691 128 128 128
277242.863621 2111144.686219 343.983851 178 34 34
277276.822500 2111201.798941 341.484379 178 34 34
277340.878054 2111214.968412 325.781776 178 34 34
277255.704544 2111180.227730 353.401383 128 128 128
277241.442593 2111148.070784 344.061334 128 128 128
277312.937959 2111221.315928 291.648714 178 34 34
277303.752754 2111169.325985 275.440831 178 34 34
277335.181616 2111252.475806 276.495636 128 128 128
277292.869176 2111183.475875 424.504357 178 34 34
277317.511616 2111211.703409 164.920104 128 128 128
277260.990465 2111118.388458 413.606933 128 128 128
277325.099697 2111236.418050 289.073590 128 128 128
277281.821503 2111223.171535 138.038812 178 34 34
277297.136336 2111157.872768 205.549905 178 34 34
277281.598067 2111157.616590 183.570374 128 128 128
277313.378556 2111255.395903 213.133200 128 128 128
277333.937453 2111254.428259 309.515109 128 128 128
277290.844793 2111146.288901 382.321011 178 34 34
277324.884270 2111243.837395 201.277803 178 34 34
277339.711610 2111231.414823 371.096463 128 128 128
277275.732667 2111182.716001 303.645249 178 34 34
277299.065985 2111187.571437 317.012302 128 128 128
277278.472736 2111206.413765 416.560329 128 128 128
277236.267546 2111163.584412 372.240265 128 128 128
277269.979858 2111204.419684 190.580024 178 34 34
277237.080586 2111162.459970 164.503441 128 128 128
277260.460231 2111181.235802 116.588673 128 128 128
277255.803553 2111140.310917 326.888207 128 128 128
277285.076347 2111197.612056 193.123796 128 128 128
277320.204159 2111188.761240 371.452608 128 128 128
277322.750123 2111186.978346 423.947739 128 128 128
277311.905945 2111191.319157 215.026958 128 128 128
277314.930185 2111209.145166 363.955486 128 128 128
277253.996457 2111152.028597 182.608141 128 128 128
277286.991667 2111190.515560 410.288643 128 128 128
277302.831531 2111207.208041 187.520520 178 34 34
277317.930367 2111183.729548 191.710807 128 128 128
277348.776267 2111229.385460 192.677632 178 34 34
277269.012259 2111197.009646 185.396950 178 34 34
277312.871625 2111177.894385 333.278362 128 128 128
277296.522471 2111238.864742 298.863130 128 128 128
277229.598066 2111147.710581 418.591366 128 128 128
277306.294524 2111235.392927 416.143858 128 128 128
277310.436738 2111185.819036 290.479801 128 128 128
277281.172460 2111145.645459 283.959325 128 128 128
277286.191332 2111176.634559 389.002731 178 34 34
277275.594035 2111127.005842 353.207434 128 128 128
277301.476610 2111256.987849 118.584693 178 34 34
277298.150019 2111175.267730 261.865444 128 128 128
277294.405666 2111190.183561 237.284026 128 128 128
277261.489257 2111163.899417 128.763125 178 34 34
277259.353786 2111170.560014 153.385590 128 128 128
277257.785498 2111162.246837 400.631780 128 128 128
277225.574797 2111152.893729 406.386423 128 128 128
277237.087529 2111139.934699 342.187279 178 34 34
277323.888861 2111198.038537 356.907918 128 128 128
277286.181606 2111239.838015 159.033219 128 128 128
277323.611980 2111191.817083 196.298765 128 128 128
277259.714769 2111202.192521 244.800471 178 34 34
277323.687957 2111187.400579 294.103465 128 128 128
277266.693127 2111125.077468 417.227516 128 128 128
277323.671059 2111199.177170 132.020737 128 128 128
277318.688685 2111266.644177 231.331725 178 34 34
277335.945999 2111200.624630 202.487127 128 128 128
277289.535895 2111232.832693 170.887994 178 34 34
277257.095835 2111213.736344 144.144146 178 34 34
277234.701119 2111150.519032 336.201301 128 128 128
277345.328630 2111222.846549 313.207993 128 128 128
277260.834773 2111182.567629 402.372733 128 128 128
277278.588551 2111141.146855 319.294375 128 128 128
277258.812126 2111186.318118 304.551162 178 34 34
277244.545526 2111163.392997 168.520768 128 128 128
277296.503871 2111238.621931 307.187684 178 34 34
277247.136297 2111170.545928 243.527792 128 128 128
277239.552580 2111177.346042 300.388551 128 128 128
277301.355237 2111245.866939 271.710551 128 128 128
277362.029914 2111217.665595 416.235712 128 128 128
277239.385655 2111145.761194 213.432892 128 128 128
277309.711558 2111184.903459 110.565189 128 128 128
277278.481022 2111220.624218 224.617616 178 34 34
277321.742838 2111244.768678 386.290488 128 128 128
277352.125617 2111227.299158 284.574867 128 128 128
277323.368773 2111216.315035 397.665632 128 128 128
277288.974187 2111195.302596 396.302057 128 128 128
277298.535460 2111233.554860 241.235276 128 128 128
277303.437736 2111246.433451 120.338552 128 128 128
277257.398765 2111130.913064 395.010347 128 128 128
277260.062167 2111181.666983 148.957126 178 34 34
277254.433730 2111134.133359 308.653501 178 34 34
277229.957634 2111160.281017 219.359587 128 128 128
277258.094481 2111200.922132 247.343333 128 128 128
277259.847476 2111167.502617 237.757516 128 128 128
277300.949672 2111204.370725 391.218931 128 128 128
277250.616403 2111200.072660 148.010146 178 34 34
277285.688927 2111192.928637 120.083326 128 128 128
277326.586303 2111177.123532 410.442689 178 34 34
277313.593324 2111172.134778 351.986119 178 34 34
277344.997597 2111230.772019 163.071202 128 128 128
277304.178054 2111202.277822 218.809482 128 128 128
277288.032280 2111237.463755 175.666669 128 128 128
277260.223161 2111197.722843 119.718883 128 128 128
277289.711172 2111218.625255 418.077449 178 34 34
277264.926146 2111130.517724 108.132480 128 128 128
277266.132436 2111170.167225 117.964461 128 128 128
277311.303631 2111184.826602 386.139145 128 128 128
277278.236969 2111229.600040 243.949982 128 128 128
277292.758614 2111217.929028 284.034909 128 128 128
277304.936875 2111201.012799 374.153113 128 128 128
277241.605944 2111145.606790 330.290944 178 34 34
277291.026067 2111251.658711 186.564420 128 128 128
277327.421447 2111191.926952 334.028511 178 34 34
277254.977470 2111145.155580 289.365340 128 128 128
277290.925964 2111199.268334 234.885074 128 128 128
277310.724696 2111202.948337 213.855986 178 34 34
277336.786536 2111244.854659 250.239797 128 128 128
277310.543508 2111217.842744 202.462138 128 128 128
277287.711727 2111169.052579 166.982478 128 128 128
277323.545817 2111254.010765 211.225073 128 128 128
277298.706045 2111239.976193 235.161166 128 128 128
277229.084182 2111165.859340 420.991344 128 128 128
277247.999406 2111167.434368 141.632623 128 128 128
277352.530180 2111224.785575 259.536418 128 128 128
277295.359451 2111203.775222 222.958010 128 128 128
277333.185305 2111235.369359 251.401766 128 128 128
277234.797881 2111149.735674 208.563105 128 128 128
277219.698156 2111158.821896 264.960773 128 128 128
277313.463226 2111232.554084 342.339978 128 128 128
277270.973191 2111137.676304 329.660987 128 128 128
277317.492107 2111210.033727 234.220148 128 128 128
277337.105748 2111256.493332 183.148694 178 34 34
277256.276880 2111144.753196 123.210590 128 128 128
277246.784762 2111176.876152 359.089284 128 128 128
277265.640659 2111115.365483 383.690590 128 128 128
277303.089316 2111211.041499 420.840129 178 34 34
277273.459520 2111201.556749 158.383362 178 34 34
277320.942452 2111241.309568 415.807958 178 34 34
277312.077617 2111204.159072 276.781360 178 34 34
277282.332630 2111135.041041 327.390828 178 34 34
277321.605041 2111215.103816 271.985757 178 34 34
277346.242062 2111230.390695 176.594319 178 34 34
277232.949053 2111145.506805 266.297974 128 128 128
277284.404076 2111140.902800 292.331810 128 128 128
277260.133756 2111148.322211 256.859743 178 34 34
277296.945329 2111225.344805 335.716360 128 128 128
277314.058523 2111181.988513 343.357973 178 34 34
277263.480452 2111116.338671 360.324622 178 34 34
277238.196087 2111140.750687 354.699644 128 128 128
277323.178755 2111227.620008 426.363405 128 128 128
277293.663946 2111238.956310 321.685002 178 34 34
277305.087214 2111209.437078 118.246652 178 34 34
277297.257922 2111208.214283 300.304865 128 128 128
277300.540896 2111170.018046 370.255168 128 128 128
277330.634230 2111221.193265 194.076226 128 128 128
277312.539444 2111221.130940 115.209559 128 128 128
277329.572257 2111217.267052 412.975253 128 128 128
277316.085420 2111230.293311 199.073134 128 128 128
277224.406639 2111154.343130 347.321912 128 128 128
277299.419345 2111167.871424 180.378383 178 34 34
277306.576913 2111204.677108 262.930197 128 128 128
277319.918616 2111240.728192 319.023632 178 34 34
277317.893927 2111268.892757 385.436622 178 34 34
277296.416269 2111181.223212 149.459881 128 128 128
277268.085571 2111205.643953 199.326552 128 128 128
277271.377798 2111210.646048 151.673634 128 128 128
277286.973914 2111190.221954 178.418054 128 128 128
277303.775794 2111156.794726 341.185422 178 34 34
277280.348201 2111201.291101 133.436714 178 34 34
277323.375154 2111270.216015 131.191897 128 128 128
277238.780328 2111158.640470 267.309470 128 128 128
277283.707893 2111181.705398 248.373792 128 128 128
277253.118266 2111182.829796 399.872601 128 128 128
277243.273122 2111152.743197 353.118642 128 128 128
277247.653383 2111136.086761 226.809061 128 128 128
277341.768724 2111238.811439 332.139569 128 128 128
277341.880325 2111228.454918 155.362122 128 128 128
277321.779262 2111268.992674 217.188761 128 128 128
277273.519630 2111207.157414 142.242384 178 34 34
277232.932918 2111170.633999 294.694263 128 128 128
277250.764216 2111141.899592 160.367556 128 128 128
277301.775371 2111237.203274 400.368211 178 34 34
277341.472251 2111234.026610 307.811029 128 128 128
277276.565141 2111160.381557 307.430813 128 128 128
277286.513302 2111201.715856 148.177581 178 34 34
277343.892586 2111230.226328 375.892153 178 34 34
277275.287428 2111131.237643 419.563318 128 128 128
277308.051219 2111225.048048 253.815555 128 128 128
277349.817757 2111230.114831 286.347845 178 34 34
277312.203705 2111225.509144 325.625021 178 34 34
277227.794110 2111154.653010 125.786604 128 128 128
277236.953407 2111168.837537 287.276336 128 128 128
277281.331592 2111163.017829 374.801687 128 128 128
277230.976727 2111160.310834 131.832536 178 34 34
277311.552142 2111234.576637 170.982067 178 34 34
277299.254813 2111204.530497 210.323161 178 34 34
277249.162226 2111156.150607 267.230652 128 128 128
277269.096080 2111143.597593 334.519535 128 128 128
277270.435466 2111212.248253 120.178658 128 128 128
277302.671082 2111175.497842 171.028872 128 128 128
277337.283613 2111245.626437 320.692845 128 128 128
277249.410173 2111149.652391 335.824222 178 34 34
277335.074508 2111201.576041 233.070933 128 128 128
277320.608574 2111235.737008 117.799581 128 128 128
277253.445294 2111159.608688 128.809591 128 128 128
277334.943667 2111235.007219 284.749967 128 128 128
277286.705602 2111176.022745 166.561720 178 34 34
277237.743748 2111154.970798 246.419811 128 128 128
277306.027494 2111210.964680 405.559079 128 128 128
277261.562744 2111192.652292 319.494627 128 128 128
277314.379343 2111196.077541 373.635955 128 128 128
277293.173745 2111156.982391 206.648640 128 128 128
277227.916434 2111166.181399 118.199446 178 34 34
277353.449713 2111237.070420 112.397304 128 128 128
277236.689925 2111157.825404 130.885833 128 128 128
277324.777071 2111263.606151 203.259227 178 34 34
277308.737082 2111174.585178 272.166386 128 128 128
277296.962472 2111162.337808 120.832530 178 34 34
277271.163216 2111212.983369 242.100011 128 128 128
277255.260230 2111198.182976 299.216869 128 128 128
277282.694377 2111170.234240 291.926528 178 34 34
277316.483458 2111254.402242 250.686856 128 128 128
277313.580816 2111172.118518 261.673537 128 128 128
277296.016825 2111176.087591 355.109518 128 128 128
277294.409227 2111147.245497 408.841958 128 128 128
277280.722070 2111158.810186 358.305491 178 34 34
277253.058308 2111138.166009 271.166004 128 128 128
277311.357722 2111186.189361 224.024027 128 128 128
277292.281348 2111196.560238 180.330451 178 34 34
277328.354769 2111232.340195 143.269284 178 34 34
277309.644021 2111238.769183 424.059833 178 34 34
277271.458447 2111195.749951 335.895394 178 34 34
277291.137891 2111226.624726 328.448340 128 128 128
277314.993368 2111201.318760 112.672479 128 128 128
277244.832279 2111144.061082 115.433167 128 128 128
277306.129289 2111184.916889 292.937119 128 128 128
277244.374944 2111154.132964 428.284057 128 128 128
277272.796972 2111210.116086 364.888257 128 128 128
277242.079827 2111142.039134 168.721692 178 34 34
277345.783747 2111244.194140 334.175465 128 128 128
277251.805341 2111136.197130 193.645099 128 128 128
277281.322232 2111140.216191 378.350989 128 128 128
277298.088484 2111246.100177 344.853741 128 128 128
277337.181768 2111203.877610 210.960386 178 34 34
277266.927585 2111139.792070 351.051533 128 128 128
277249.276220 2111132.635523 199.097752 128 128 128
277294.470714 2111223.467846 390.391315 178 34 34
277285.265349 2111198.445706 336.883503 128 128 128
277305.964897 2111224.717470 325.618012 128 128 128
277316.773652 2111184.884893 125.269405 128 128 128
277301.798497 2111250.330891 352.846131 128 128 128
277250.017957 2111149.580718 241.186769 128 128 128
277238.248518 2111158.190332 325.376651 128 128 128
277296.516442 2111231.244693 336.049600 128 128 128
277262.579798 2111205.047789 227.880442 128 128 128
277275.213909 2111143.348303 166.823344 178 34 34
277259.834240 2111202.524559 288.491490 128 128 128
277292.552716 2111164.830316 131.064991 128 128 128
277260.925929 2111191.539471 309.865715 178 34 34
277311.984661 2111196.948696 132.995638 128 128 128
277234.274877 2111142.275546 392.045923 128 128 128
277266.661044 2111142.722880 126.094978 128 128 128
277353.018739 2111227.167992 184.435466 128 128 128
277318.541776 2111238.114282 399.728492 128 128 128
277308.747358 2111229.450359 285.087348 128 128 128
277226.841394 2111160.757576 203.382770 178 34 34
277345.871934 2111220.914106 192.726798 128 128 128
277276.958480 2111214.056408 420.014909 128 128 128
277285.161246 2111190.190811 331.061698 178 34 34
277339.473581 2111224.841658 310.705207 128 128 128
277266.349755 2111200.682622 233.746229 128 128 128
277320.989646 2111187.388539 342.367145 128 128 128
277258.740871 2111211.098767 258.052006 128 128 128
277295.573931 2111165.315995 414.728750 178 34 34
277307.477254 2111211.005453 226.473072 128 128 128
277276.709164 2111204.761715 141.278192 128 128 128
277288.516497 2111213.708831 380.782554 128 128 128
277284.914937 2111208.604689 220.238644 178 34 34
277304.945918 2111226.174265 169.840721 128 128 128
277309.797179 2111207.373469 422.555134 128 128 128
277295.171795 2111193.076268 354.346191 128 128 128
277271.377454 2111121.353166 417.717522 128 128 128
277352.203090 2111235.140460 167.166497 128 128 128
277322.998239 2111225.448449 232.956626 178 34 34
277272.875517 2111123.177881 342.808812 128 128 128
277250.441721 2111189.496936 401.121976 128 128 128
277331.908665 2111218.683816 284.962644 178 34 34
277289.394957 2111177.164138 365.603549 128 128 128
277284.505601 2111217.911795 242.864847 128 128 128
277307.586936 2111222.850539 418.392699 128 128 128
277251.059951 2111169.691740 356.238669 128 128 128
277226.438957 2111165.505138 364.655221 128 128 128
277337.748080 2111230.209130 300.652915 128 128 128
277260.953864 2111144.777568 307.598559 128 128 128
277273.935944 2111149.549665 415.528772 128 128 128
277318.470001 2111206.603785 166.500989 128 128 128
277241.855401 2111179.919823 373.245548 128 128 128
277271.786228 2111129.596205 291.302518 178 34 34
277260.718016 2111124.830250 393.700139 128 128 128
277247.787876 2111157.900357 267.764091 128 128 128
277292.586520 2111255.608321 132.770226 128 128 128
277243.645894 2111185.759109 154.832566 128 128 128
277303.575722 2111243.437807 377.255814 128 128 128
277306.748131 2111193.639870 179.689530 128 128 128
277306.136154 2111254.387358 398.376681 128 128 128
277278.895486 2111160.518628 408.985537 128 128 128
277297.191215 2111205.043711 371.476224 128 128 128
277269.053443 2111211.679381 429.008534 178 34 34
277281.625864 2111150.020722 152.597180 178 34 34
277308.507176 2111212.087994 358.998226 128 128 128
277305.634232 2111220.867586 136.366036 128 128 128
277317.117493 2111264.321509 314.216409 128 128 128
277268.185247 2111158.005782 155.115045 128 128 128
277298.137627 2111213.654111 354.828515 178 34 34
277223.262858 2111152.216860 295.120379 128 128 128
277318.307075 2111205.584257 176.860397 128 128 128
277273.285160 2111200.466342 117.855805 128 128 128
277311.714796 2111229.251326 227.184512 128 128 128
277286.129370 2111182.617142 120.214105 128 128 128
277260.784909 2111186.166837 156.960957 128 128 128
277276.633081 2111168.342866 130.916037 128 128 128
277265.541361 2111140.555703 152.979036 178 34 34
277271.071059 2111176.249071 114.258695 128 128 128
277313.162418 2111227.439802 238.424568 128 128 128
277303.075714 2111194.654911 140.828768 128 128 128
277273.635868 2111199.914862 421.351176 178 34 34
277249.024930 2111166.417746 167.974782 128 128 128
277247.253241 2111158.453888 271.295537 128 128 128
277321.634140 2111249.598243 163.527597 128 128 128
277233.738333 2111149.776716 175.702942 178 34 34
277247.638226 2111186.172281 362.126026 128 128 128
277230.212554 2111176.316334 186.046809 178 34 34
277258.453106 2111158.960680 298.635098 128 128 128
277329.952014 2111239.313382 202.383199 128 128 128
277248.348130 2111165.392033 426.653968 128 128 128
277317.831050 2111227.366551 261.178981 128 128 128
277356.454913 2111229.366654 151.638224 128 128 128
277219.428457 2111160.469144 272.189984 178 34 34
277305.859075 2111183.587743 184.999380 128 128 128
277232.991559 2111149.367086 401.758270 178 34 34
277281.514417 2111170.074251 256.330307 128 128 128
277246.532218 2111200.921327 121.247876 128 128 128
277270.778817 2111194.224931 130.750632 178 34 34
277251.451614 2111176.475961 331.432341 178 34 34
277329.405472 2111250.547382 329.542186 128 128 128
277289.903977 2111220.438875 417.194341 128 128 128
277331.559237 2111245.862036 429.165836 128 128 128
277316.035885 2111193.671638 287.776009 178 34 34
277299.825734 2111180.861700 265.662622 128 128 128
277336.048596 2111234.419168 350.663250 128 128 128
277253.407217 2111207.833221 131.394205 178 34 34
277271.854027 2111221.011565 281.782393 178 34 34
277215.335706 2111166.226115 173.109066 128 128 128
277279.734694 2111224.754790 282.579254 128 128 128
277343.696922 2111219.250544 194.638056 178 34 34
277284.276668 2111210.308429 369.902690 128 128 128
277290.896428 2111237.507331 234.475045 128 128 128
277294.724760 2111239.818330 328.396774 178 34 34
277285.461268 2111215.465450 346.183505 128 128 128
277289.642721 2111234.593104 181.829748 128 128 128
277241.078385 2111189.135489 283.680874 178 34 34
277237.747810 2111148.980725 424.664183 128 128 128
277338.282656 2111207.389172 178.543846 128 128 128
277345.714886 2111218.785487 218.791054 128 128 128
277262.398330 2111149.274654 167.943599 128 128 128
277312.869492 2111245.901240 348.265457 128 128 128
277253.129140 2111170.668069 380.707281 178 34 34
277253.489654 2111161.620170 208.502680 178 34 34
277261.340114 2111168.275319 175.362718 178 34 34
277315.637700 2111231.527908 177.935385 128 128 128
277330.221956 2111196.830112 413.503527 128 128 128
277283.121483 2111237.867449 164.733473 178 34 34
277273.950804 2111146.907582 201.279101 128 128 128
277332.393290 2111194.726943 418.047049 128 128 128
277304.368598 2111160.948769 311.676591 178 34 34
277327.902027 2111216.456641 158.960864 128 128 128
277338.980215 2111242.284826 277.927734 128 128 128
277256.252362 2111149.618460 183.613118 128 128 128
277259.853435 2111148.065734 193.517967 178 34 34
277296.525611 2111220.400961 372.253303 128 128 128
277309.211323 2111238.171254 391.423103 178 34 34
277275.013054 2111182.517584 271.146531 178 34 34
277316.039348 2111258.450954 238.617937 128 128 128
277320.149794 2111248.850561 165.860154 178 34 34
277263.066250 2111151.238778 328.957988 128 128 128
277238.598068 2111153.890573 266.522857 178 34 34
277282.160031 2111230.576407 283.740070 128 128 128
277309.663262 2111210.061840 170.274970 178 34 34
277236.128430 2111163.169511 129.673511 128 128 128
277281.380329 2111210.869900 337.588157 128 128 128
277313.979106 2111258.972627 413.332433 178 34 34
277322.039901 2111266.990185 253.365817 178 34 34
277243.848808 2111154.475337 151.358082 178 34 34
277260.861457 2111156.754008 298.880979 128 128 128
277304.037778 2111259.993589 172.971991 128 128 128
277296.855559 2111221.753335 393.827566 178 34 34
277257.462817 2111138.847833 413.105747 128 128 128
277289.579042 2111165.012194 336.244057 178 34 34
277250.783527 2111186.645364 404.375542 128 128 128
277270.371394 2111167.074217 193.498811 128 128 128
277321.647453 2111180.120326 368.969908 178 34 34
277342.533767 2111220.519776 110.222804 178 34 34
277257.961733 2111177.166561 288.615755 128 128 128
277294.523841 2111251.658506 161.713518 178 34 34
277323.721490 2111217.853467 134.500905 128 128 128
277305.712524 2111184.680882 376.607276 178 34 34
277263.846448 2111190.703284 398.218761 178 34 34
277304.015091 2111186.122073 291.023465 128 128 128
277315.753964 2111198.852046 189.135393 128 128 128
277288.968309 2111244.686800 117.208341 128 128 128
277226.700728 2111175.236448 150.395491 128 128 128
277346.608145 2111249.555046 157.389070 178 34 34
277270.541137 2111133.363593 238.980648 128 128 128
277269.124916 2111217.706164 207.598415 128 128 128
277338.474503 2111236.368625 178.261893 178 34 34
277263.633811 2111120.610289 204.466960 128 128 128
277264.162164 2111178.171197 282.137997 128 128 128
277255.480790 2111137.815349 327.493835 178 34 34
277301.521567 2111192.545467 271.040013 128 128 128
277269.102809 2111131.908265 298.347400 128 128 128
277249.713928 2111186.875214 163.930191 178 34 34
277253.931006 2111147.106099 424.846940 178 34 34
277290.139099 2111204.660023 384.634524 128 128 128
277314.796653 2111256.278399 360.551426 178 34 34
277286.326917 2111218.134058 336.081137 128 128 128
277335.428653 2111218.183348 119.047064 128 128 128
277275.776186 2111146.454454 214.265274 128 128 128
277301.649986 2111176.436572 269.933493 128 128 128
277280.797189 2111183.758772 413.408986 178 34 34
277306.580504 2111183.274549 304.585036 178 34 34
277319.791083 2111220.893541 175.904748 128 128 128
277270.937054 2111171.433410 300.393379 128 128 128
277256.573091 2111156.701334 169.101119 178 34 34
277284.470354 2111188.494296 349.493495 128 128 128
277267.408926 2111196.335521 136.595488 128 128 128
277316.730541 2111261.851537 301.787063 128 128 128
277330.456747 2111202.766110 150.326994 178 34 34
277290.425437 2111228.381553 427.415034 128 128 128
277263.935008 2111188.789966 179.748003 128 128 128
277289.547139 2111238.581322 198.825829 178 34 34
277342.411424 2111230.455280 219.808712 128 128 128
277274.385334 2111152.153523 259.749543 128 128 128
277300.710987 2111219.326709 266.268440 128 128 128
277222.009948 2111171.201387 201.359487 178 34 34
277235.848431 2111154.246138 373.960826 128 128 128
277321.160348 2111226.415156 315.580976 128 128 128
277293.310926 2111147.872360 398.614454 128 128 128
277355.362583 2111216.324012 368.455095 128 128 128
277250.371708 2111139.720480 235.147109 128 128 128
277301.013329 2111188.710048 139.768735 178 34 34
277296.715242 2111166.926339 326.172053 128 128 128
277237.621128 2111177.570466 278.737089 128 128 128
277263.877698 2111165.524956 369.927493 128 128 128
277274.072096 2111218.714220 119.881482 128 128 128
277323.425998 2111229.668687 359.914638 128 128 128
277295.529545 2111250.146149 116.384494 178 34 34
277290.190553 2111195.096594 208.756662 128 128 128
277303.361038 2111170.837684 126.424213 128 128 128
277331.705182 2111223.328239 175.603790 178 34 34
277312.977063 2111163.915075 394.380659 128 128 128
277267.342860 2111205.332368 141.325175 128 128 128
277314.787665 2111207.832983 429.706244 178 34 34
277303.705029 2111259.453901 241.727974 128 128 128
277300.815597 2111218.874879 141.261356 128 128 128
277264.293721 2111204.475395 227.721380 128 128 128
277271.603391 2111166.784015 147.260902 128 128 128
277341.523925 2111235.022485 188.630318 128 128 128
277291.965746 2111195.229371 262.837272 178 34 34
277298.750269 2111210.249004 113.770994 178 34 34
277279.516376 2111157.758565 372.684207 178 34 34
277330.134477 2111203.853443 124.082911 128 128 128
277297.515666 2111220.861847 430.340679 128 128 128
277287.016296 2111154.058960 132.800092 178 34 34
277218.062676 2111158.009804 357.734270 128 128 128
277260.818005 2111182.739403 242.582307 128 128 128
277325.345978 2111228.003692 160.023606 128 128 128
277288.099222 2111200.763263 314.502608 178 34 34
277276.266316 2111208.248979 135.501516 128 128 128
277243.812674 2111198.879187 150.611219 128 128 128
277261.651782 2111152.430001 121.776363 128 128 128
277304.208853 2111213.742899 403.595766 178 34 34
277282.528453 2111231.011531 192.715971 128 128 128
277243.687015 2111167.611645 382.526821 128 128 128
277313.635330 2111214.604896 309.793429 128 128 128
277264.310889 2111123.494700 394.259795 128 128 128
277236.286445 2111153.453059 112.661818 178 34 34
277296.023563 2111254.691876 224.779222 128 128 128
277230.120647 2111154.828870 121.558227 178 34 34
277330.448763 2111222.305072 409.194874 128 128 128
277286.048255 2111209.231152 329.279400 128 128 128
277300.144497 2111238.083373 312.749794 128 128 128
277263.710802 2111185.450855 198.378768 178 34 34
277290.439876 2111196.073929 296.047815 128 128 128
277317.552376 2111215.834765 355.836441 178 34 34
277325.651823 2111205.153239 259.748012 128 128 128
277272.631643 2111157.762006 304.951648 128 128 128
277281.782391 2111154.531245 299.200877 128 128 128
277239.721955 2111181.209400 292.031374 178 34 34
277330.595663 2111251.803994 171.742570 128 128 128
277239.080029 2111189.635460 151.383901 128 128 128
277245.286393 2111144.673447 262.155745 128 128 128
277287.845395 2111233.658732 415.503608 128 128 128
277279.294677 2111211.929037 127.927268 128 128 128
277288.528862 2111235.674790 241.190391 178 34 34
277289.632366 2111233.442010 236.157942 128 128 128
277262.581874 2111188.538025 277.232863 128 128 128
277335.176897 2111231.943238 113.963664 128 128 128
277265.911537 2111211.681376 338.982326 178 34 34
277279.624086 2111144.256603 140.613011 128 128 128
277346.266844 2111221.316576 235.890164 178 34 34
277329.860949 2111230.703825 250.879837 128 128 128
277307.881139 2111244.806785 145.235617 178 34 34
277268.483200 2111135.541498 288.813607 178 34 34
277299.597152 2111235.745564 373.268539 128 128 128
277293.988879 2111160.326053 253.803002 128 128 128
277264.201907 2111209.987552 321.702425 128 128 128
277241.224980 2111183.555754 166.992180 128 128 128
277323.394409 2111234.522078 301.805457 178 34 34
277273.777047 2111140.423699 118.566801 128 128 128
277309.192103 2111256.422650 141.975404 128 128 128
277324.445469 2111258.251469 317.674671 128 128 128
277286.664446 2111224.817864 355.618102 128 128 128
277258.762534 2111184.403664 172.381475 178 34 34
277249.192821 2111157.301360 310.829828 128 128 128
277263.763511 2111199.185060 303.203987 128 128 128
277282.844103 2111223.395196 225.265005 128 128 128
277294.788475 2111160.955044 168.167899 178 34 34
277315.174113 2111216.630958 287.843506 128 128 128
277259.989016 2111168.269557 199.950954 128 128 128
277300.671358 2111231.850136 377.468132 128 128 128
277337.539965 2111210.873875 336.329648 128 128 128
277303.294400 2111173.005107 270.738118 128 128 128
277292.745410 2111198.835164 113.347178 128 128 128
277272.271046 2111208.945204 397.757147 178 34 34
277293.890894 2111236.249322 211.641134 128 128 128
277279.756156 2111196.943158 164.850575 178 34 34
277333.995132 2111226.630333 421.467887 178 34 34
277250.726502 2111148.437104 328.100302 128 128 128
277309.215838 2111178.088265 242.518633 128 128 128
277271.478472 2111223.405712 132.560970 128 128 128
277315.736798 2111243.417696 167.709452 128 128 128
277265.448360 2111140.321771 113.598618 128 128 128
277278.651959 2111214.434949 154.881014 128 128 128
277308.129228 2111260.824856 211.221694 128 128 128
277263.989208 2111208.119638 184.831534 178 34 34
277310.276698 2111176.106624 398.813878 128 128 128
277294.457111 2111239.501164 336.298425 128 128 128
277296.177639 2111242.272180 263.025580 178 34 34
277246.153529 2111138.676275 325.723721 128 128 128
277278.330101 2111142.750830 301.666693 178 34 34
277294.966363 2111218.349386 237.188752 128 128 128
277234.383807 2111139.248830 390.500573 178 34 34
277349.766564 2111205.084671 406.278198 128 128 128
277294.383347 2111151.664843 247.432488 128 128 128
277341.973974 2111200.889782 318.377660 178 34 34
277278.940637 2111149.012466 162.217603 128 128 128
277326.281362 2111228.409222 262.506701 128 128 128
277297.149978 2111164.177052 279.816732 128 128 128
277280.501068 2111133.506336 318.307830 128 128 128
277257.258406 2111138.887459 168.263238 128 128 128
277314.045228 2111247.531786 324.176027 178 34 34
277306.080054 2111209.765578 142.741085 178 34 34
277278.759678 2111185.387063 425.762381 128 128 128
277306.981597 2111252.678847 375.140931 128 128 128
277281.124630 2111192.809983 210.790418 178 34 34
277291.094959 2111199.752418 240.454333 128 128 128
277265.150379 2111167.519078 252.578578 128 128 128
277299.325432 2111230.762973 239.484580 178 34 34
277294.453071 2111174.866470 254.053668 128 128 128
277346.379731 2111248.416978 175.416969 128 128 128
277252.508998 2111189.272663 150.970949 128 128 128
277266.746750 2111201.545468 416.313328 128 128 128
277318.030648 2111227.442741 357.112554 128 128 128
277298.299469 2111167.541675 302.968992 128 128 128
277352.239649 2111239.470926 165.880730 128 128 128
277336.487905 2111205.018849 418.152791 128 128 128
277260.982198 2111146.693224 283.524832 128 128 128
277329.282734 2111197.849781 171.299143 128 128 128
277337.644401 2111211.282937 218.302305 128 128 128
277301.739721 2111214.636708 116.398826 128 128 128
277323.031223 2111240.901030 284.188474 178 34 34
277323.209226 2111265.298525 327.224187 128 128 128
277280.255443 2111153.775947 281.549197 178 34 34
277288.322429 2111241.132074 201.080146 178 34 34
277343.735382 2111244.928557 250.173671 178 34 34
277354.424215 2111218.461865 268.141687 178 34 34
277336.931121 2111241.262406 132.948104 178 34 34
277325.907992 2111251.473697 241.788372 178 34 34
277303.859580 2111204.808932 415.914875 128 128 128
277322.057825 2111194.692800 389.821461 128 128 128
277232.215862 2111168.508399 393.682816 178 34 34
277281.092843 2111146.404774 401.124755 128 128 128
277224.303522 2111176.116008 183.184448 178 34 34
277301.148753 2111218.118266 296.731204 128 128 128
277343.738605 2111217.143256 179.403680 128 128 128
277293.314452 2111169.667725 270.200782 128 128 128
277320.045107 2111198.001562 197.659238 128 128 128
277288.910954 2111228.291103 193.613062 128 128 128
277269.552114 2111191.970749 402.855964 178 34 34
277255.821863 2111176.404741 264.698954 128 128 128
277242.099908 2111147.422935 150.620517 178 34 34
277252.243756 2111195.696022 346.479044 128 128 128
277293.729360 2111165.955368 180.282638 128 128 128
277329.408649 2111209.171993 128.340022 128 128 128
277333.484224 2111206.244918 204.902383 178 34 34
277274.767742 2111168.455606 194.275654 128 128 128
277232.964424 2111158.900082 245.785527 128 128 128
277248.996503 2111133.593590 182.052263 178 34 34
277280.941153 2111190.339648 369.959685 178 34 34
277294.743398 2111159.653820 198.472964 128 128 128
277316.496647 2111202.651420 243.014523 178 34 34
277317.581103 2111194.108986 308.003267 128 128 128
277259.934609 2111186.022643 229.648490 128 128 128
277330.903383 2111228.947312 412.594867 178 34 34
277270.038396 2111221.166471 125.462487 128 128 128
277288.385993 2111146.797967 305.395111 128 128 128
277238.460028 2111150.476081 317.366996 128 128 128
277291.182715 2111169.873327 321.672209 178 34 34
277263.618357 2111152.557539 176.407050 128 128 128
277281.007439 2111185.355502 229.018517 128 128 128
277322.485359 2111272.091636 120.748082 178 34 34
277241.258535 2111158.833312 134.205666 128 128 128
277308.700918 2111220.402632 407.186969 128 128 128
277285.624275 2111142.418818 330.896024 128 128 128
277266.941727 2111210.348505 415.744708 128 128 128
277296.190867 2111248.371544 122.700365 128 128 128
277267.428628 2111154.819321 264.263102 178 34 34
277249.133750 2111175.267858 386.965456 128 128 128
277328.033416 2111186.809328 389.746543 178 34 34
277276.012660 2111133.648118 266.955421 128 128 128
277264.610086 2111165.996695 346.698653 128 128 128
277257.373639 2111170.697396 229.179651 128 128 128
277266.883628 2111149.175187 367.924856 128 128 128
277291.121421 2111199.059724 158.658318 178 34 34
277313.915306 2111194.723193 297.914832 178 34 34
277230.545051 2111187.270826 122.420902 178 34 34
277269.604737 2111209.074565 251.957510 128 128 128
277283.946472 2111174.926687 230.982942 178 34 34
277302.192416 2111231.368276 409.213195 128 128 128
277279.561603 2111169.862862 142.974334 128 128 128
277297.746226 2111246.411426 120.646926 128 128 128
277232.517939 2111167.808964 127.406132 128 128 128
277321.332453 2111264.137067 135.039304 128 128 128
277279.952117 2111162.795582 349.480438 178 34 34
277295.718341 2111223.411040 244.303940 128 128 128
277323.128295 2111219.811855 423.002893 178 34 34
277260.019779 2111146.612707 340.016354 178 34 34
277236.982466 2111184.776762 110.942970 128 128 128
277316.110375 2111226.211749 325.851847 128 128 128
277280.952376 2111211.653413 152.706628 128 128 128
277263.662757 2111151.788467 417.629779 128 128 128
277315.354894 2111179.007468 240.114542 128 128 128
277270.922988 2111200.220384 230.225917 128 128 128
277346.753000 2111230.190632 352.078829 128 128 128
277293.083799 2111152.965049 390.079781 128 128 128
277285.540439 2111172.678834 313.828468 128 128 128
277315.093113 2111191.645533 378.380379 128 128 128
277270.077769 2111183.467542 162.717964 128 128 128
277272.318992 2111223.930526 154.007393 128 128 128
277307.210641 2111237.485160 196.821188 128 128 128
277333.917861 2111240.870167 344.360995 128 128 128
277335.625046 2111195.985804 331.650247 128 128 128
277281.909461 2111226.346402 226.281386 128 128 128
277262.926002 2111159.094560 160.980341 178 34 34
277331.815583 2111261.741189 200.399167 128 128 128
277238.400100 2111186.411003 215.042302 178 34 34
277314.103334 2111214.455377 416.514323 178 34 34
277306.455698 2111197.345266 373.203657 178 34 34
277287.604566 2111212.038806 318.949498 128 128 128
277263.449591 2111189.172944 286.581657 128 128 128
277309.765884 2111245.483679 299.715710 128 128 128
277281.911846 2111181.706791 168.175874 128 128 128
277226.704288 2111152.929374 225.371971 128 128 128
277269.394433 2111125.584217 393.316910 128 128 128
277284.619448 2111168.783764 322.037877 128 128 128
277248.649809 2111187.608724 393.728883 128 128 128
277260.701958 2111161.734636 377.929940 128 128 128
277332.273717 2111240.718834 392.436837 128 128 128
277293.769391 2111174.595147 115.566327 178 34 34
277309.276421 2111236.695189 410.235251 128 128 128
277299.123418 2111155.658629 380.295979 128 128 128
277304.794467 2111235.128379 209.598128 128 128 128
277274.855258 2111167.487093 374.760137 178 34 34
277288.932743 2111214.309057 164.998005 128 128 128
277250.583487 2111189.227893 291.327610 128 128 128
277258.377947 2111189.562420 236.692935 128 128 128
277295.295514 2111180.265798 182.650245 128 128 128
277249.901758 2111173.352219 198.114046 128 128 128
277293.974576 2111238.441812 305.630927 128 128 128
277278.341487 2111169.804007 166.018538 128 128 128
277293.463694 2111170.191199 410.927249 178 34 34
277243.372432 2111183.077624 179.405000 128 128 128
277327.682002 2111256.116407 304.449679 128 128 128
277292.673731 2111212.221412 288.583042 128 128 128
277237.593382 2111157.037077 304.376709 128 128 128
277310.272325 2111187.736302 161.965070 178 34 34
277311.393448 2111212.812972 380.062254 128 128 128
277330.084023 2111200.747245 127.904282 178 34 34
277272.734347 2111184.528451 279.732148 178 34 34
277315.399098 2111264.767776 119.720008 128 128 128
277603.560749 2111135.411089 265.274281 178 34 34
277529.037324 2111134.660846 174.240011 128 128 128
277636.695025 2111126.914098 225.433578 178 34 34
277583.221878 2111115.369491 200.831765 178 34 34
277531.576432 2111052.445267 263.463949 128 128 128
277566.939757 2111063.235397 102.957204 128 128 128
277484.916043 2111148.475683 246.620909 128 128 128
277509.789210 2111209.981524 219.160334 128 128 128
277573.340367 2111187.536777 337.450897 128 128 128
277511.233707 2111090.741660 127.154518 128 128 128
277580.839716 2111099.101130 219.966429 128 128 128
277446.096346 2111137.043008 309.768348 128 128 128
277581.342751 2111094.667269 131.187973 178 34 34
277561.831378 2111184.645623 302.618516 178 34 34
277459.490456 2111182.289617 111.625919 178 34 34
277488.741931 2111136.264714 344.202194 128 128 128
277623.770336 2111145.641233 170.327021 178 34 34
277593.076388 2111114.330701 328.623745 128 128 128
277540.261483 2111185.034984 143.531300 128 128 128
277435.123936 2111140.379084 252.717160 128 128 128
277531.628860 2111217.841768 326.401671 128 128 128
277517.817905 2111180.973779 194.719210 178 34 34
277532.035363 2111157.845153 217.670573 178 34 34
277475.406520 2111145.370611 309.168024 128 128 128
277531.647766 2111172.492669 213.435177 128 128 128
277482.156742 2111198.210691 232.118786 128 128 128
277597.770842 2111134.982794 129.208348 128 128 128
277483.570796 2111147.571311 296.171017 128 128 128
277519.387185 2111076.409645 243.830180 178 34 34
277537.584440 2111144.558057 252.192483 128 128 128
277490.501242 2111087.961741 324.858639 128 128 128
277603.976976 2111089.862284 231.546685 128 128 128
277486.253631 2111141.868637 118.506053 128 128 128
277534.148930 2111047.371594 267.417933 128 128 128
277509.615045 2111187.355788 119.131348 128 128 128
277521.969613 2111223.258862 274.572871 178 34 34
277504.612421 2111225.244103 221.152683 178 34 34
277555.343374 2111163.076257 178.596170 178 34 34
277524.178141 2111192.176661 334.184973 178 34 34
277490.282795 2111201.647462 174.054894 128 128 128
277458.144156 2111120.350729 120.112969 128 128 128
277581.906025 2111125.613329 260.265366 178 34 34
277580.062033 2111101.375820 287.108758 178 34 34
277491.338791 2111193.437885 285.554440 128 128 128
277526.663970 2111233.958472 156.394319 178 34 34
277529.109119 2111169.446284 278.044582 128 128 128
277512.451205 2111231.388200 172.739902 178 34 34
277481.066909 2111205.748223 122.900314 128 128 128
277540.416390 2111051.815370 256.809754 178 34 34
277532.660713 2111174.652431 117.855076 128 128 128
277529.827908 2111180.385687 269.223249 128 128 128
277534.854597 2111216.870142 202.490727 128 128 128
277558.780495 2111195.502897 143.914929 128 128 128
277589.215882 2111147.616915 319.647098 128 128 128
277496.072979 2111147.096259 173.990929 128 128 128
277536.067218 2111239.917094 124.293125 128 128 128
277525.524960 2111247.907497 226.075582 128 128 128
277556.517671 2111054.986337 136.564838 178 34 34
277491.388163 2111082.759264 228.569353 178 34 34
277512.913395 2111162.460136 213.344348 128 128 128
277442.955943 2111131.435090 121.559636 128 128 128
277500.216875 2111199.444450 189.082141 128 128 128
277592.428020 2111114.159137 250.059757 178 34 34
277558.207250 2111181.796906 142.398648 128 128 128
277548.676527 2111086.090586 143.459587 178 34 34
277512.966093 2111177.199876 278.863056 178 34 34
277514.808934 2111233.941817 223.630913 128 128 128
277563.010478 2111099.330881 187.572439 128 128 128
277527.647104 2111180.116698 239.025758 178 34 34
277543.584943 2111122.571971 296.036805 128 128 128
277603.808065 2111113.085116 180.409816 128 128 128
277443.327834 2111143.582747 254.089195 128 128 128
277520.913522 2111179.195982 336.517907 128 128 128
277433.566554 2111139.804932 238.914255 178 34 34
277471.966238 2111180.106048 282.844365 128 128 128
277506.247326 2111227.206534 231.949671 178 34 34
277527.004458 2111172.720614 276.320520 128 128 128
277514.491972 2111217.320224 315.080204 128 128 128
277551.400775 2111072.144907 270.404629 178 34 34
277445.434664 2111137.012292 146.871360 128 128 128
277476.588392 2111118.085474 313.694987 178 34 34
277534.817502 2111082.693886 239.880529 128 128 128
277613.972303 2111158.080554 327.902560 128 128 128
277585.511223 2111135.181070 117.364902 128 128 128
277480.853328 2111140.226717 201.615955 128 128 128
277546.540083 2111040.843505 226.270250 128 128 128
277435.115407 2111141.865962 276.782933 178 34 34
277586.637817 2111123.950274 214.060438 178 34 34
277528.004039 2111157.414129 196.514226 128 128 128
277447.700714 2111167.576682 130.253927 128 128 128
277516.213328 2111186.352849 267.769382 178 34 34
277526.968147 2111135.710654 111.625138 128 128 128
277557.764189 2111085.533916 128.545503 128 128 128
277562.488576 2111193.836341 257.991108 178 34 34
277531.444842 2111072.471842 189.350189 128 128 128
277645.145746 2111129.840527 341.588398 128 128 128
277502.897228 2111158.449323 269.212399 178 34 34
277575.256329 2111160.241444 243.139926 128 128 128
277522.141495 2111244.041254 143.617165 178 34 34
277522.086919 2111163.669739 116.307580 128 128 128
277614.055761 2111153.915462 153.502219 178 34 34
277540.268170 2111093.073171 261.987480 178 34 34
277619.320217 2111142.982760 289.362447 178 34 34
277628.183363 2111151.055081 120.378041 128 128 128
277492.779812 2111090.777280 303.960218 128 128 128
277497.352652 2111167.895899 145.891702 178 34 34
277538.371812 2111210.412979 125.466137 128 128 128
277580.290857 2111156.632171 262.721507 178 34 34
277603.434793 2111163.343651 243.430221 178 34 34
277590.633595 2111124.559401 339.921069 178 34 34
277508.369380 2111110.953273 176.873165 178 34 34
277479.559526 2111142.924908 184.918233 128 128 128
277500.207219 2111087.314243 204.944418 178 34 34
277610.585370 2111163.781187 279.536345 128 128 128
277442.242782 2111130.351020 112.423261 178 34 34
277508.319493 2111181.560098 115.033749 178 34 34
277535.197992 2111052.474024 130.502609 178 34 34
277524.363418 2111063.624922 230.603036 178 34 34
277514.470088 2111119.525822 318.418881 178 34 34
277526.016115 2111183.657816 321.261024 178 34 34
277589.108157 2111145.648921 178.256838 128 128 128
277561.323695 2111171.302209 242.403188 128 128 128
277591.737886 2111101.419446 241.504208 178 34 34
277569.927448 2111189.272459 148.039031 128 128 128
277490.121721 2111121.154814 232.164216 128 128 128
277480.299414 2111092.718156 243.070107 128 128 128
277570.865875 2111096.423080 293.087387 178 34 34
277533.112725 2111094.575551 168.823209 128 128 128
277543.666301 2111104.348467 180.663235 128 128 128
277474.032335 2111137.062051 132.197886 178 34 34
277618.181550 2111152.280726 175.065920 178 34 34
277533.307829 2111216.474925 208.191579 128 128 128
277546.446036 2111102.882041 304.881131 128 128 128
277510.258845 2111197.506197 332.308846 128 128 128
277503.759874 2111128.498414 112.000528 128 128 128
277531.281768 2111079.062622 282.949415 128 128 128
277580.822878 2111116.860669 343.429985 128 128 128
277499.171387 2111104.565565 156.392060 128 128 128
277476.263878 2111151.408409 127.253398 128 128 128
277471.167539 2111145.164979 212.688911 178 34 34
277519.657668 2111179.256350 107.727055 128 128 128
277531.782632 2111077.437956 281.397688 128 128 128
277450.186289 2111131.386557 211.540438 128 128 128
277549.017818 2111195.449544 267.782909 178 34 34
277473.485525 2111191.435349 157.488818 178 34 34
277628.496112 2111123.623620 112.614530 128 128 128
277474.587017 2111160.861867 265.654291 178 34 34
277487.420328 2111211.347277 151.014528 128 128 128
277548.742129 2111209.735855 183.863122 128 128 128
277578.908046 2111176.826960 201.077001 128 128 128
277548.363885 2111073.551634 211.886046 178 34 34
277484.355324 2111147.577820 221.100739 128 128 128
277594.997784 2111183.207948 214.548925 128 128 128
277617.325567 2111123.661299 312.512589 178 34 34
277547.503034 2111072.966043 111.807921 178 34 34
277517.870581 2111064.413044 335.885724 178 34 34
277545.377890 2111050.887146 338.564899 128 128 128
277537.136207 2111091.479841 247.280266 128 128 128
277503.383040 2111186.880331 269.194276 128 128 128
277505.363193 2111078.725863 106.970583 128 128 128
277577.890861 2111070.480782 108.994448 128 128 128
277566.472574 2111099.328979 161.377951 128 128 128
277469.560348 2111108.847243 129.651997 128 128 128
277527.921924 2111158.192529 117.368151 128 128 128
277607.881942 2111167.410361 270.324699 128 128 128
277601.406831 2111135.073477 143.702436 128 128 128
277606.539612 2111106.448508 159.994006 128 128 128
277505.007393 2111087.004306 182.999522 128 128 128
277489.852666 2111150.868940 182.791213 128 128 128
277489.146822 2111103.963694 290.188204 128 128 128
277522.095334 2111246.106763 154.630037 178 34 34
277589.141238 2111090.820413 219.748910 178 34 34
277514.649195 2111211.409123 339.539728 128 128 128
277588.275761 2111149.913646 129.796381 128 128 128
277574.868757 2111131.511907 153.520420 178 34 34
277501.623391 2111200.843699 341.467836 128 128 128
277478.073259 2111099.817818 334.387994 178 34 34
277444.322490 2111130.864026 115.081755 128 128 128
277565.810883 2111150.727226 195.264993 178 34 34
277524.919564 2111170.842222 290.499333 128 128 128
277466.933724 2111136.014896 157.533321 128 128 128
277583.677573 2111175.881346 233.532732 128 128 128
277484.865635 2111147.849042 317.761936 128 128 128
277451.967160 2111143.161206 142.684720 128 128 128
277600.597172 2111150.278922 301.292696 178 34 34
277477.497560 2111195.777260 146.301132 178 34 34
277443.862762 2111141.577674 105.672431 178 34 34
277596.776554 2111136.498374 149.141604 128 128 128
277561.328270 2111135.092208 279.212645 178 34 34
277536.507236 2111095.305415 146.163594 128 128 128
277627.035333 2111157.112595 132.393415 128 128 128
277470.360807 2111110.603743 111.233113 178 34 34
277462.420940 2111121.488284 331.154056 128 128 128
277543.011363 2111143.657416 130.049077 178 34 34
277572.975992 2111191.053487 232.954539 178 34 34
277551.466327 2111130.842795 202.054125 128 128 128
277534.665182 2111157.794053 279.917812 128 128 128
277563.885481 2111125.569371 334.361264 178 34 34
277591.903320 2111158.525425 125.217114 128 128 128
277603.084730 2111095.137975 121.899752 128 128 128
277599.342464 2111128.684287 166.829526 178 34 34
277614.317004 2111110.134878 112.750246 128 128 128
277526.465488 2111211.286504 170.196374 178 34 34
277537.455345 2111169.385389 270.393655 128 128 128
277583.290078 2111089.401046 218.390221 178 34 34
277559.954788 2111135.784344 244.021354 178 34 34
277492.287565 2111185.159969 325.131765 178 34 34
277455.238605 2111134.608677 143.150583 128 128 128
277545.772401 2111157.006426 345.517206 128 128 128
277583.335428 2111166.407387 204.027510 128 128 128
277566.969957 2111201.839573 257.516396 128 128 128
277553.016037 2111070.883523 184.245058 128 128 128
277633.973342 2111135.271155 128.577123 178 34 34
277471.545824 2111156.579682 113.144751 128 128 128
277583.106270 2111145.808157 250.807129 128 128 128
277516.332147 2111155.815147 282.456760 128 128 128
277589.112496 2111166.734033 118.188618 128 128 128
277561.243718 2111144.093671 138.493682 128 128 128
277568.678024 2111068.214457 178.001350 128 128 128
277497.212292 2111110.036017 336.431283 178 34 34
277502.881233 2111211.628716 290.123095 128 128 128
277519.129317 2111076.721738 220.622648 128 128 128
277555.160125 2111077.498255 262.679450 128 128 128
277596.409186 2111144.239334 153.090881 128 128 128
277546.552636 2111128.826110 267.480916 128 128 128
277617.296272 2111143.066239 131.329471 128 128 128
277484.610088 2111102.148567 146.583706 128 128 128
277472.486677 2111108.027726 109.848049 178 34 34
277479.427050 2111114.866288 117.878221 128 128 128
277574.227822 2111194.855104 189.564128 128 128 128
277477.071096 2111187.956112 337.796661 128 128 128
277475.588111 2111146.527003 168.178852 178 34 34
277598.642405 2111110.761555 176.746441 178 34 34
277599.751605 2111172.708038 187.919959 178 34 34
277548.694426 2111178.062507 337.422237 128 128 128
277571.077966 2111121.005863 149.306800 128 128 128
277568.852556 2111201.974363 249.213172 128 128 128
277574.869431 2111134.793353 264.386716 178 34 34
277523.374831 2111213.189960 244.318867 128 128 128
277600.784553 2111121.617383 116.621945 128 128 128
277470.144403 2111179.184734 322.800216 128 128 128
277562.177058 2111122.406895 210.606229 128 128 128
277556.762119 2111097.222632 117.096287 128 128 128
277616.162820 2111162.791507 203.490952 128 128 128
277632.704878 2111155.060823 154.488621 128 128 128
277571.641534 2111139.030528 208.946042 128 128 128
277468.572550 2111152.961116 145.837385 128 128 128
277473.098606 2111171.248041 239.935551 178 34 34
277551.997347 2111195.976525 263.673290 178 34 34
277472.833448 2111153.401742 195.832898 178 34 34
277454.511004 2111147.150801 340.305083 178 34 34
277560.303326 2111079.783646 150.632927 128 128 128
277533.923259 2111216.493464 131.563032 178 34 34
277474.957792 2111182.866838 139.130037 178 34 34
277510.429972 2111224.645872 272.161146 178 34 34
277526.512335 2111142.965835 211.074647 178 34 34
277600.708836 2111146.012894 130.597126 128 128 128
277537.507808 2111115.343088 338.336521 178 34 34
277588.828961 2111082.590489 301.212834 128 128 128
277501.621333 2111178.011100 272.153829 128 128 128
277522.411040 2111063.294458 293.991174 178 34 34
277537.806807 2111090.621444 293.010862 128 128 128
277537.054620 2111102.441288 240.182058 178 34 34
277483.930283 2111194.238382 156.105419 128 128 128
277608.981109 2111151.097776 326.791607 128 128 128
277548.282711 2111088.924613 275.487720 128 128 128
277574.754943 2111153.032387 146.035309 128 128 128
277506.951522 2111224.469293 138.590127 128 128 128
277555.131972 2111064.871566 291.372285 128 128 128
277506.741384 2111135.485447 262.638734 178 34 34
277547.622846 2111169.707287 250.149954 178 34 34
277521.561637 2111234.222157 295.159385 128 128 128
277577.847534 2111173.301179 343.654887 178 34 34
277480.880358 2111092.580393 300.278099 128 128 128
277554.367095 2111096.299024 303.898217 128 128 128
277541.912711 2111095.342523 252.522763 128 128 128
277536.663310 2111102.139358 315.127417 128 128 128
277627.007371 2111116.980671 188.155367 128 128 128
277530.008809 2111074.831663 214.185694 128 128 128
277499.197702 2111113.891712 209.776730 178 34 34
277596.417593 2111143.581884 238.501419 128 128 128
277590.453418 2111147.262675 326.527096 128 128 128
277596.216328 2111137.272278 174.876371 128 128 128
277433.735105 2111139.727553 171.585663 178 34 34
277566.590890 2111052.380268 290.562118 128 128 128
277565.758698 2111115.585163 182.787386 128 128 128
277555.298691 2111102.215109 173.440919 128 128 128
277562.338162 2111056.615155 336.682468 128 128 128
277557.878852 2111063.412301 194.374893 128 128 128
277498.804323 2111161.590386 203.809922 128 128 128
277552.363226 2111121.246279 230.231995 128 128 128
277492.709638 2111201.356781 270.811080 128 128 128
277569.045514 2111072.336413 305.373228 128 128 128
277540.139884 2111218.894679 261.561101 128 128 128
277527.341594 2111088.633199 288.606110 178 34 34
277495.503908 2111171.149720 312.420220 128 128 128
277563.494171 2111172.035238 149.869389 128 128 128
277474.642637 2111103.234079 321.263766 128 128 128
277599.970664 2111122.665979 122.461273 128 128 128
277578.775953 2111126.502163 137.981979 128 128 128
277574.347826 2111088.737436 301.600298 128 128 128
277492.035840 2111135.041042 233.707078 128 128 128
277614.850559 2111169.992171 182.369564 128 128 128
277544.506093 2111061.746331 178.230879 128 128 128
277513.018232 2111115.345779 258.612966 128 128 128
277484.615492 2111176.572959 110.915126 128 128 128
277483.884194 2111205.319747 185.951498 128 128 128
277603.654674 2111104.446164 314.924793 178 34 34
277563.314830 2111132.600548 345.238912 128 128 128
277556.734563 2111168.751414 285.493108 128 128 128
277479.455066 2111136.053105 215.784277 128 128 128
277538.995699 2111225.969892 145.188750 128 128 128
277559.936427 2111201.741438 119.397497 128 128 128
277482.502889 2111177.073357 224.697627 178 34 34
277549.118657 2111108.358137 339.358479 128 128 128
277476.687241 2111101.917128 291.673549 128 128 128
277549.173588 2111156.550847 128.185920 128 128 128
277578.401848 2111114.936327 344.559245 128 128 128
277479.863952 2111183.350096 106.184380 178 34 34
277545.442922 2111198.601564 176.070649 178 34 34
277441.086116 2111141.723606 233.328958 178 34 34
277563.164459 2111118.971841 114.404841 128 128 128
277529.000220 2111105.837329 230.925156 128 128 128
277553.756876 2111129.119659 138.359514 128 128 128
277433.585854 2111134.552128 279.116862 128 128 128
277501.018437 2111093.758572 321.870173 128 128 128
277525.135548 2111188.325366 141.074466 128 128 128
277468.261909 2111102.768137 289.340300 128 128 128
277524.305084 2111074.165535 177.230419 178 34 34
277456.950537 2111131.041476 326.183865 128 128 128
277440.302473 2111134.463032 152.922581 128 128 128
277544.952250 2111059.715199 281.247569 128 128 128
277560.272620 2111054.866234 112.974299 128 128 128
277560.356613 2111105.048629 242.916714 128 128 128
277569.546336 2111121.343527 169.398323 128 128 128
277572.685851 2111160.245351 128.046358 128 128 128
277545.784501 2111033.877424 292.285950 178 34 34
277463.915331 2111130.021050 314.356047 178 34 34
277555.573345 2111153.480219 194.860000 178 34 34
277581.061315 2111141.991388 285.982090 128 128 128
277502.726289 2111191.724625 323.612657 178 34 34
277552.365486 2111066.913100 123.479749 128 128 128
277578.201310 2111182.008729 124.334067 128 128 128
277496.442960 2111219.828882 133.905421 128 128 128
277556.455670 2111168.151192 343.475186 128 128 128
277552.245648 2111157.392357 251.921744 178 34 34
277588.398990 2111093.883452 230.244315 128 128 128
277581.187917 2111066.672991 290.803735 178 34 34
277554.959177 2111069.875090 150.436373 178 34 34
277495.762848 2111209.706052 235.412264 128 128 128
277554.711852 2111115.639828 269.969120 178 34 34
277566.544802 2111161.368282 319.386128 128 128 128
277539.810993 2111231.023958 349.230567 128 128 128
277545.181121 2111191.330923 234.192998 178 34 34
277583.515692 2111100.329976 211.449852 128 128 128
277529.147584 2111176.609986 209.409125 128 128 128
277500.028400 2111135.396490 125.311982 128 128 128
277547.579453 2111166.661842 334.600214 178 34 34
277477.672580 2111160.675607 317.228448 178 34 34
277554.452334 2111134.595183 244.978536 178 34 34
277473.386966 2111139.884132 277.848226 128 128 128
277579.838190 2111136.800602 202.085805 128 128 128
277491.960390 2111093.506521 268.724400 128 128 128
277530.364806 2111083.747137 132.885172 128 128 128
277528.499712 2111233.053406 250.824740 128 128 128
277478.465296 2111144.177051 116.674716 128 128 128
277619.738357 2111151.798250 106.369410 178 34 34
277471.071308 2111115.543567 254.210525 178 34 34
277536.681099 2111081.494032 201.072291 128 128 128
277607.884530 2111165.636054 120.636077 128 128 128
277529.848848 2111135.185339 181.257543 178 34 34
277449.492377 2111132.662731 338.271859 178 34 34
277583.297653 2111072.244227 156.253744 128 128 128
277591.452738 2111165.366422 225.561247 178 34 34
277595.631781 2111122.740398 345.565305 178 34 34
277615.615563 2111122.956803 123.380696 128 128 128
277628.367010 2111129.137793 343.005794 128 128 128
277586.506976 2111083.533149 206.755026 178 34 34
277609.543097 2111120.635507 102.415095 128 128 128
277534.694721 2111044.763760 131.252429 128 128 128
277577.806695 2111183.333807 127.589520 128 128 128
277568.832022 2111198.285116 255.292381 128 128 128
277569.359046 2111140.941215 317.238216 178 34 34
277472.412215 2111104.842738 266.804152 178 34 34
277569.897962 2111089.226377 104.817153 128 128 128
277583.256016 2111127.387708 325.457307 178 34 34
277519.070897 2111090.470793 252.262643 178 34 34
277544.904915 2111210.191543 108.375125 128 128 128
277522.533343 2111087.710581 164.442772 128 128 128
277514.371718 2111134.440507 198.407089 178 34 34
277505.814341 2111069.001344 182.161258 128 128 128
277512.612280 2111192.838404 338.135702 178 34 34
277585.766683 2111098.172622 124.253170 128 128 128
277461.042165 2111168.101772 296.517505 128 128 128
277500.955470 2111079.188124 316.199428 128 128 128
277577.648986 2111157.816700 206.170353 128 128 128
277572.716106 2111075.313985 245.926268 128 128 128
277518.618066 2111128.498389 176.084841 178 34 34
277502.436026 2111087.525548 165.139999 128 128 128
277607.506596 2111162.659216 108.342376 178 34 34
277527.325181 2111224.730133 107.476626 178 34 34
277619.487051 2111166.178087 147.702066 128 128 128
277485.584880 2111162.179829 229.775936 128 128 128
277574.198800 2111161.490000 244.168382 128 128 128
277492.539605 2111166.923416 179.485006 128 128 128
277464.382372 2111175.485176 215.898978 128 128 128
277594.011732 2111127.613575 118.705216 128 128 128
277485.858861 2111196.167379 262.211690 128 128 128
277531.193772 2111174.224077 161.190145 178 34 34
277530.787716 2111111.879174 248.911998 128 128 128
277447.037149 2111153.932999 106.667736 128 128 128
277538.639819 2111124.732442 199.983262 128 128 128
277597.503191 2111175.364468 128.947588 128 128 128
277529.662375 2111194.689749 170.172165 128 128 128
277536.443985 2111092.496045 175.990879 178 34 34
277584.831903 2111108.785270 119.381572 128 128 128
277568.973725 2111096.608048 125.752123 128 128 128
277522.420363 2111101.403069 169.920065 128 128 128
277610.659679 2111113.656731 185.494741 128 128 128
277590.413451 2111168.636777 160.288397 178 34 34
277530.997842 2111072.286091 188.399780 178 34 34
277520.536578 2111159.487021 136.031385 128 128 128
277586.294233 2111079.029347 126.842868 128 128 128
277543.039704 2111148.007769 156.290723 128 128 128
277485.641913 2111181.089453 191.116556 128 128 128
277612.495426 2111157.018577 221.086516 128 128 128
277594.075597 2111076.137419 299.062209 128 128 128
277600.895061 2111133.477360 249.460181 178 34 34
277474.150451 2111140.546594 194.419008 128 128 128
277518.175556 2111189.704112 337.842293 128 128 128
277436.363992 2111148.430459 144.336158 128 128 128
277460.491998 2111106.795206 288.769151 128 128 128
277604.599917 2111102.061068 233.741111 178 34 34
277551.100317 2111094.895477 191.796117 128 128 128
277582.402923 2111164.778251 248.131938 178 34 34
277476.252037 2111171.634579 343.871935 178 34 34
277442.241420 2111146.481208 293.024653 128 128 128
277576.286661 2111150.258394 254.427637 128 128 128
277526.173391 2111061.190186 201.501807 128 128 128
277447.339812 2111134.779134 154.370420 178 34 34
277531.646718 2111050.396762 300.934425 178 34 34
277513.914156 2111161.427965 218.741221 128 128 128
277600.163443 2111176.383424 123.517702 178 34 34
277569.520419 2111120.398521 344.688229 178 34 34
277577.885544 2111057.149666 284.074445 178 34 34
277525.367383 2111154.878849 327.231018 128 128 128
277565.808768 2111072.695557 202.401468 128 128 128
277562.221771 2111213.287850 205.837111 128 128 128
277548.427092 2111097.329310 119.912659 178 34 34
277616.245525 2111144.798606 158.945133 128 128 128
277570.017640 2111111.971746 163.117081 178 34 34
277547.120627 2111080.876441 167.902510 128 128 128
277589.820109 2111074.010138 246.037000 128 128 128
277594.446414 2111160.903857 209.899681 128 128 128
277549.638284 2111050.350103 135.384182 178 34 34
277614.179123 2111142.139425 233.170345 128 128 128
277523.814243 2111182.645975 273.526247 128 128 128
277630.531247 2111131.959439 119.778353 128 128 128
277537.543657 2111049.408447 119.940684 128 128 128
277516.579458 2111060.334506 204.123484 128 128 128
277567.202025 2111144.764628 174.390563 128 128 128
277599.636442 2111170.751895 175.942105 128 128 128
277559.064500 2111172.722804 333.510430 178 34 34
277609.576743 2111133.729031 286.699157 178 34 34
277570.914373 2111160.037632 226.316749 128 128 128
277572.269082 2111079.659574 192.228688 128 128 128
277544.662346 2111208.719245 150.547161 128 128 128
277622.606507 2111140.094127 164.011896 128 128 128
277606.711243 2111130.774888 328.851990 128 128 128
277594.682390 2111139.300986 130.594438 178 34 34
277521.932985 2111175.259978 213.064651 128 128 128
277582.565583 2111164.251400 164.755105 178 34 34
277520.604525 2111061.594268 126.721866 128 128 128
277499.126340 2111140.281785 175.405835 128 128 128
277548.511061 2111073.966494 270.820169 128 128 128
277594.338469 2111164.493866 292.621205 128 128 128
277574.774949 2111187.763245 348.569252 128 128 128
277507.723967 2111178.322088 208.799898 128 128 128
277543.182714 2111183.396679 200.394552 128 128 128
277598.181357 2111164.279017 154.319581 128 128 128
277578.958965 2111151.554286 260.456461 128 128 128
277461.511324 2111144.060920 228.967897 128 128 128
277520.172838 2111071.071325 113.821753 128 128 128
277528.886937 2111101.407510 328.594042 178 34 34
277531.534614 2111123.979397 139.151722 178 34 34
277528.699968 2111115.831108 304.856426 178 34 34
277520.178051 2111159.611544 335.548917 128 128 128
277534.338842 2111060.556257 132.158802 128 128 128
277491.868207 2111119.461700 215.446679 128 128 128
277497.323074 2111077.100734 283.825332 128 128 128
277464.122474 2111140.265476 231.401904 128 128 128
277562.855322 2111209.506500 248.894586 128 128 128
277492.776973 2111218.660180 118.885168 128 128 128
277547.135191 2111155.305006 337.373677 128 128 128
277565.904071 2111157.695079 130.987266 128 128 128
277494.782599 2111120.339794 204.184655 128 128 128
277588.344861 2111079.534342 225.289089 128 128 128
277577.663539 2111155.320442 265.394897 128 128 128
277615.703297 2111135.157658 183.996584 128 128 128
277521.779426 2111085.299348 183.613198 128 128 128
277532.642301 2111178.502174 176.131326 178 34 34
277518.438869 2111143.640577 107.939091 178 34 34
277626.593997 2111157.030632 128.794784 178 34 34
277556.246496 2111222.629652 115.055123 128 128 128
277565.630199 2111097.998845 234.283894 128 128 128
277581.080736 2111187.768101 200.539073 128 128 128
277545.216353 2111205.610982 217.983381 128 128 128
277529.711889 2111106.832179 191.435426 128 128 128
277550.750391 2111147.615498 153.981022 178 34 34
277495.690813 2111211.790714 185.480560 128 128 128
277514.572664 2111165.106144 345.898192 178 34 34
277583.725104 2111181.685166 318.865070 128 128 128
277586.342905 2111125.951391 228.485550 128 128 128
277474.030266 2111182.393083 119.289662 128 128 128
277539.800853 2111081.835341 143.743096 128 128 128
277549.140939 2111175.892041 132.539786 178 34 34
277573.585504 2111139.487556 274.584557 128 128 128
277535.385372 2111170.913636 249.045097 128 128 128
277525.362824 2111166.233447 283.372161 178 34 34
277510.771835 2111107.458420 287.141162 128 128 128
277462.474316 2111158.867332 204.966570 128 128 128
277515.515010 2111230.081329 209.751046 128 128 128
277533.390731 2111206.445023 237.776304 128 128 128
277564.105872 2111153.557926 239.934469 128 128 128
277531.603545 2111061.985321 236.741209 128 128 128
277616.177621 2111155.929456 336.184021 128 128 128
277614.460408 2111163.627177 144.363336 128 128 128
277559.216068 2111174.520782 336.459027 128 128 128
277562.801953 2111107.325791 288.038058 128 128 128
277533.842684 2111057.638286 177.270995 128 128 128
277568.587106 2111090.166797 208.191253 128 128 128
277467.399194 2111180.440875 196.021364 128 128 128
277599.198841 2111112.772064 209.954236 178 34 34
277554.566323 2111118.073036 326.620205 178 34 34
277482.372721 2111177.836080 274.052111 128 128 128
277528.153869 2111146.817180 170.991289 178 34 34
277608.158671 2111156.097369 343.889919 178 34 34
277524.000664 2111144.212110 198.967484 128 128 128
277522.579099 2111210.882945 123.241510 128 128 128
277503.944686 2111201.117202 245.104478 178 34 34
277563.951976 2111074.232464 338.519778 128 128 128
277520.442934 2111181.712149 319.821395 128 128 128
277599.504867 2111097.929053 122.507133 128 128 128
277477.908757 2111152.475870 155.316750 178 34 34
277568.665481 2111088.095149 333.968445 128 128 128
277546.492416 2111055.447468 267.851622 128 128 128
277484.291189 2111179.924693 130.108798 178 34 34
277503.723543 2111216.697769 161.512547 128 128 128
277528.940595 2111193.149378 268.660943 128 128 128
277536.040327 2111139.419435 339.343539 128 128 128
277483.595026 2111197.327278 265.594539 128 128 128
277462.257296 2111168.675281 111.401531 178 34 34
277509.990557 2111203.538483 209.123911 128 128 128
277572.686314 2111151.596698 133.790658 128 128 128
277504.067884 2111092.928479 254.336827 178 34 34
277507.857771 2111137.215120 111.980040 178 34 34
277513.617959 2111208.215286 165.619187 178 34 34
277552.592457 2111216.246574 346.569561 128 128 128
277499.077056 2111106.271154 135.122659 128 128 128
277580.340373 2111171.367375 250.894950 128 128 128
277574.490920 2111168.896483 159.787256 128 128 128
277589.372465 2111155.300360 284.161479 128 128 128
277504.653587 2111112.050634 221.607905 128 128 128
277566.300958 2111159.619125 218.335810 178 34 34
277595.609362 2111099.153078 263.257030 128 128 128
277574.611244 2111191.149425 266.219220 128 128 128
277615.656876 2111140.986636 282.499860 128 128 128
277587.759105 2111067.383941 298.123127 128 128 128
277488.460234 2111122.626164 345.592942 128 128 128
277525.318241 2111203.359038 185.115342 128 128 128
277573.905472 2111129.214333 279.681963 178 34 34
277516.706026 2111172.108789 152.279816 128 128 128
277534.525843 2111118.171951 318.748488 128 128 128
277589.389632 2111135.541445 340.316051 128 128 128
277540.657527 2111041.809557 171.979245 128 128 128
277476.486476 2111127.986104 305.271950 178 34 34
277546.238012 2111037.554618 316.259044 128 128 128
277599.299135 2111145.834487 139.589374 128 128 128
277558.842916 2111162.501459 283.859463 178 34 34
277573.284892 2111183.977718 319.004955 128 128 128
277514.158881 2111157.289325 136.314741 128 128 128
277504.789503 2111196.778921 211.591042 178 34 34
277614.834469 2111143.358826 131.369118 178 34 34
277504.068587 2111215.117786 234.559623 178 34 34
277636.482671 2111139.888603 188.117697 178 34 34
277548.686262 2111119.651475 211.081956 128 128 128
277510.519158 2111099.779242 204.053810 178 34 34
277513.621547 2111186.453477 165.329509 178 34 34
277613.965686 2111139.608860 258.069778 178 34 34
277505.194411 2111214.612744 348.056636 128 128 128
277547.572790 2111054.397156 257.303838 128 128 128
277526.526157 2111239.838108 166.949253 128 128 128
277552.802410 2111049.636459 180.876271 128 128 128
277589.415285 2111157.334797 209.216480 178 34 34
277504.576635 2111197.412796 216.984994 128 128 128
277535.812607 2111132.169273 287.476912 128 128 128
277558.494648 2111199.244720 327.480605 178 34 34
277534.670995 2111099.864507 179.268237 178 34 34
277502.802637 2111095.357437 268.791751 128 128 128
277513.793938 2111095.619768 202.023834 178 34 34
277521.494180 2111106.526331 226.696515 128 128 128
277494.587713 2111143.594276 181.484136 128 128 128
277561.573686 2111157.750646 226.983558 128 128 128
277522.358796 2111120.738509 311.600937 128 128 128
277525.648200 2111119.981408 247.832443 178 34 34
277576.933145 2111127.130531 194.538812 128 128 128
277597.062332 2111090.027258 286.005646 128 128 128
277552.851190 2111180.221852 250.455863 128 128 128
277602.535749 2111134.397479 194.524715 178 34 34
277595.738194 2111189.364604 107.072984 178 34 34
277606.717374 2111144.873377 195.458889 128 128 128
277483.196813 2111133.060083 323.766492 128 128 128
277500.826029 2111179.434682 151.523530 128 128 128
277503.889245 2111150.518681 173.894353 128 128 128
277435.458546 2111146.118619 138.024121 128 128 128
277486.962422 2111177.257171 146.086476 128 128 128
277495.211455 2111100.491626 310.882944 178 34 34
277532.106845 2111190.350359 136.719099 178 34 34
277599.979542 2111142.815707 293.121191 128 128 128
277512.907204 2111158.221995 149.960187 128 128 128
277585.329937 2111116.657271 278.288596 128 128 128
277485.533629 2111086.667809 218.123654 178 34 34
277451.424890 2111117.606096 301.729076 128 128 128
277608.598107 2111130.819359 250.919026 128 128 128
277472.212394 2111154.414446 134.984148 178 34 34
277545.660859 2111191.720642 128.184740 128 128 128
277546.046037 2111149.644674 293.239876 128 128 128
277586.614874 2111108.786660 167.961780 128 128 128
277582.406267 2111119.529148 130.951661 128 128 128
277543.632598 2111188.931734 257.363065 128 128 128
277489.093549 2111089.776200 249.969080 178 34 34
277516.067207 2111149.515404 108.817784 178 34 34
277511.382542 2111174.381511 138.918036 128 128 128
277589.355086 2111173.243854 224.870167 128 128 128
277602.297446 2111123.357299 332.589679 128 128 128
277463.676330 2111110.848503 245.614550 178 34 34
277536.790741 2111230.702336 253.177123 178 34 34
277524.289508 2111102.777914 214.349455 178 34 34
277564.121344 2111064.660352 205.028990 128 128 128
277620.797026 2111124.887507 102.718203 128 128 128
277558.463558 2111051.430023 257.511963 128 128 128
277552.429505 2111185.199469 240.124102 128 128 128
277489.324014 2111117.995822 229.617450 128 128 128
277462.697105 2111181.605217 141.577896 128 128 128
277509.923111 2111122.457003 129.714348 178 34 34
277585.037198 2111191.253313 124.571300 178 34 34
277535.338803 2111121.601902 131.027944 178 34 34
277576.712788 2111151.902665 233.028273 178 34 34
277613.541716 2111117.031160 138.112941 128 128 128
277539.539562 2111065.542614 234.472413 128 128 128
277539.504126 2111072.786188 139.301854 178 34 34
277560.678763 2111041.869269 242.425834 178 34 34
277550.180442 2111090.708724 170.758985 128 128 128
277554.136357 2111125.884152 330.147831 178 34 34
277617.960026 2111139.701326 217.147301 178 34 34
277458.569867 2111138.009235 237.025428 128 128 128
277534.011836 2111167.043066 258.676583 178 34 34
277490.834237 2111101.098557 156.338094 128 128 128
277563.121084 2111141.102005 294.239012 128 128 128
277533.477392 2111158.696903 335.541752 178 34 34
277530.396975 2111213.621069 124.233029 128 128 128
277617.663719 2111116.200944 284.482518 128 128 128
277458.889438 2111138.442450 278.303898 178 34 34
277524.791778 2111110.971288 159.265890 128 128 128
277581.284367 2111165.115890 192.140384 128 128 128
277538.220118 2111171.251223 339.551121 178 34 34
277583.614764 2111106.736895 224.448526 178 34 34
277473.969781 2111100.002094 109.723895 128 128 128
277567.516582 2111143.372715 254.990166 128 128 128
277566.303863 2111173.300390 145.370172 128 128 128
277635.817887 2111139.707848 217.601293 128 128 128
277564.110692 2111060.156522 167.753846 128 128 128
277544.028607 2111105.649876 217.775519 128 128 128
277498.312035 2111185.740733 119.951684 128 128 128
277447.058974 2111154.014196 152.394251 128 128 128
277582.942000 2111119.881629 149.561908 128 128 128
277516.107207 2111138.798081 112.023042 128 128 128
277514.663767 2111185.219798 198.885498 128 128 128
277568.259689 2111109.556970 132.991688 128 128 128
277456.163329 2111128.992237 189.173850 128 128 128
277596.459765 2111165.294754 345.735144 178 34 34
277494.029846 2111181.565207 285.142306 128 128 128
277557.781776 2111106.631062 137.965302 178 34 34
277512.211016 2111234.512910 131.503615 128 128 128
277563.236097 2111112.090303 175.580163 178 34 34
277468.684469 2111172.329639 273.239526 128 128 128
277504.418387 2111086.675926 105.129582 128 128 128
277613.056104 2111157.068363 141.139298 128 128 128
277481.771230 2111115.325854 162.993318 128 128 128
277452.695008 2111154.676351 181.393310 128 128 128
277582.644532 2111150.960977 141.244063 128 128 128
277468.359198 2111132.838661 230.755840 128 128 128
277564.034645 2111046.772732 284.993388 178 34 34
277568.707867 2111122.104238 181.870147 178 34 34
277519.834543 2111069.927813 198.926443 178 34 34
277552.102281 2111057.911427 148.470628 178 34 34
277594.551635 2111088.342364 273.151180 128 128 128
277446.776241 2111152.983584 320.224201 128 128 128
277525.817388 2111176.984402 277.208991 128 128 128
277567.882447 2111130.672739 304.819740 128 128 128
277526.544510 2111131.849360 316.334006 178 34 34
277602.596371 2111152.786748 279.462707 128 128 128
277552.447414 2111096.403957 269.173912 128 128 128
277545.861400 2111156.702902 193.184224 178 34 34
277496.748331 2111094.394904 329.126460 128 128 128
277534.442593 2111202.549192 348.960650 128 128 128
277537.451142 2111132.372841 324.793996 178 34 34
277517.517721 2111222.555232 232.281874 128 128 128
277555.709526 2111130.540787 273.515297 128 128 128
277633.428630 2111122.527022 293.871109 128 128 128
277496.161547 2111146.865071 131.668938 178 34 34
277621.567063 2111157.590488 183.632551 178 34 34
277530.694677 2111100.829731 170.569755 128 128 128
277562.543209 2111099.155862 103.817748 178 34 34
277612.697691 2111139.864707 268.464361 128 128 128
277568.596771 2111138.624358 310.353697 128 128 128
277517.266985 2111213.244685 333.321693 128 128 128
277563.666945 2111139.605255 340.974758 128 128 128
277576.735594 2111072.393067 337.905772 128 128 128
277452.949219 2111118.976787 287.168251 178 34 34
277507.211581 2111177.527265 165.162264 128 128 128
277510.811392 2111153.701747 144.965189 128 128 128
277568.348429 2111112.712708 114.160505 128 128 128
277461.516212 2111155.139348 119.065019 128 128 128
277541.052411 2111158.054061 141.310504 178 34 34
277574.053670 2111194.969410 231.000120 178 34 34
277496.946835 2111115.323313 319.151215 128 128 128
277447.620684 2111162.336867 146.384213 128 128 128
277615.841673 2111167.012267 243.182653 128 128 128
277532.631937 2111221.813743 187.296291 128 128 128
277544.060189 2111085.624903 180.303541 178 34 34
277542.563902 2111104.592038 155.802960 178 34 34
277563.601769 2111155.957508 276.581085 178 34 34
277528.176615 2111152.069358 172.289735 128 128 128
277568.150688 2111124.578118 163.094403 128 128 128
277553.151859 2111170.773669 195.425293 128 128 128
277531.434955 2111075.669029 271.522546 178 34 34
277632.123639 2111129.907979 190.039290 128 128 128
277627.909642 2111142.404314 279.719815 128 128 128
277546.752072 2111076.473953 246.550009 178 34 34
277487.122307 2111084.262686 231.004641 128 128 128
277524.592237 2111248.902095 222.072560 178 34 34
277619.825784 2111102.826020 338.635856 178 34 34
277569.589821 2111077.232112 291.362894 128 128 128
277505.061165 2111219.694209 134.102306 178 34 34
277530.171380 2111063.714145 264.957488 178 34 34
277490.566978 2111127.447943 125.649410 178 34 34
277530.119425 2111134.952361 160.154338 128 128 128
277454.936832 2111153.044357 289.174571 178 34 34
277490.739430 2111154.357282 201.881298 128 128 128
277514.728021 2111148.513828 301.852922 128 128 128
277437.484265 2111140.481008 141.234988 178 34 34
277447.636048 2111163.934484 149.414773 128 128 128
277496.406149 2111127.122444 194.080641 128 128 128
277491.689364 2111100.832156 299.667503 178 34 34
277551.071056 2111144.915107 148.592042 178 34 34
277620.927824 2111140.268320 329.815922 178 34 34
277550.571086 2111074.362690 203.810578 128 128 128
277524.890166 2111251.399455 153.800432 178 34 34
277505.292353 2111202.531579 260.585583 128 128 128
277502.918930 2111087.182498 175.973571 128 128 128
277473.369778 2111137.221209 114.049057 128 128 128
277561.086845 2111075.498696 324.528706 128 128 128
277503.948754 2111201.127188 302.475220 128 128 128
277571.017551 2111138.622927 280.408070 128 128 128
277553.334910 2111134.330478 323.199077 178 34 34
277501.219739 2111173.212393 347.069118 128 128 128
277606.302502 2111141.517321 225.951583 128 128 128
277498.306860 2111092.307564 245.872187 128 128 128
277516.981218 2111094.726037 175.783700 178 34 34
277552.759545 2111218.172452 239.038634 178 34 34
277492.726677 2111110.049414 295.893619 128 128 128
277432.464433 2111147.404277 199.775193 128 128 128
277598.908798 2111114.006460 212.906141 128 128 128
277525.512003 2111104.853852 120.492784 178 34 34
277481.411937 2111161.724211 165.571757 128 128 128
277587.883270 2111168.219104 104.761495 128 128 128
277468.566616 2111140.247354 285.684220 128 128 128
277616.076220 2111116.986803 269.832697 178 34 34
277594.065633 2111138.902057 274.534503 128 128 128
277549.186125 2111102.764123 274.352796 128 128 128
277515.095184 2111113.920362 267.431818 128 128 128
277550.970267 2111207.007783 312.577382 178 34 34
277551.669341 2111058.703168 194.513034 128 128 128
277511.391518 2111194.602702 125.898404 128 128 128
277579.095154 2111095.905394 291.101465 128 128 128
277519.237545 2111100.282667 197.160077 178 34 34
277605.438013 2111156.228984 331.045076 178 34 34
277513.579975 2111156.894181 215.010336 128 128 128
277578.605235 2111065.294081 228.698059 128 128 128
277565.046197 2111121.068926 237.271218 178 34 34
277547.956451 2111220.488018 140.583492 178 34 34
277528.051035 2111138.065360 248.397722 128 128 128
277470.671009 2111174.425005 181.079960 128 128 128
277544.706765 2111231.514726 200.445644 128 128 128
277526.236068 2111072.699877 205.486426 128 128 128
277592.030803 2111144.326336 310.458036 128 128 128
277598.575007 2111112.664431 160.526788 128 128 128
277609.442164 2111142.290698 284.391340 178 34 34
277538.942347 2111044.312014 103.995694 128 128 128
277465.713106 2111161.715560 235.530132 178 34 34
277543.234250 2111128.052470 128.948599 178 34 34
277465.386656 2111154.199323 226.302809 178 34 34
277601.415616 2111167.548350 256.212995 128 128 128
277544.674200 2111180.869714 295.254768 178 34 34
277634.910805 2111124.770721 206.979744 128 128 128
277494.490957 2111083.818279 107.083660 128 128 128
277612.574663 2111112.897625 141.614465 128 128 128
277522.039446 2111180.234691 105.872768 128 128 128
277569.072282 2111188.959317 119.797833 128 128 128
277510.525075 2111194.557394 125.042151 128 128 128
277497.036976 2111196.305128 236.963980 128 128 128
277509.381364 2111186.672782 333.555819 128 128 128
277533.403666 2111170.641357 245.121678 128 128 128
277596.745528 2111164.023071 114.747549 128 128 128
277560.915800 2111145.280458 139.971733 128 128 128
277512.362915 2111226.803350 277.548531 128 128 128
277539.747082 2111072.301620 266.810784 128 128 128
277555.733154 2111173.124664 176.390771 178 34 34
277486.639161 2111135.400310 283.547055 128 128 128
277544.390458 2111216.897327 207.431662 128 128 128
277541.035937 2111054.729037 152.927442 178 34 34
277579.394424 2111126.611437 129.164624 128 128 128
277465.985696 2111114.393267 105.623734 128 128 128
277597.489599 2111180.398310 293.967182 128 128 128
277489.526395 2111100.924407 140.118205 128 128 128
277602.105137 2111157.107902 278.877453 128 128 128
277534.731111 2111182.079188 212.715033 128 128 128
277618.312716 2111126.001849 247.159623 128 128 128
277527.589721 2111095.493891 255.382642 128 128 128
277604.969406 2111177.173658 221.662485 128 128 128
277556.949044 2111054.074114 232.891403 178 34 34
277452.764732 2111159.035585 241.853817 128 128 128
277547.783753 2111191.776713 266.265463 178 34 34
277543.422480 2111067.879086 181.596631 128 128 128
277598.125473 2111148.636418 297.625144 128 128 128
277588.025533 2111089.586053 295.394354 178 34 34
277572.657689 2111121.420574 165.509845 178 34 34
277529.521671 2111204.929892 165.950651 128 128 128
277559.047206 2111104.058870 145.179879 128 128 128
277588.969211 2111182.186493 111.096253 128 128 128
277507.131821 2111176.339737 223.332067 178 34 34
277598.049095 2111129.231295 289.509312 178 34 34
277583.646912 2111085.338448 186.274530 128 128 128
277515.974988 2111109.276873 295.841691 128 128 128
277515.379272 2111097.109217 203.235461 128 128 128
277539.910773 2111212.327179 242.158342 178 34 34
277538.888932 2111139.926169 297.285909 128 128 128
277516.432360 2111199.020893 330.078014 178 34 34
277520.511050 2111055.566656 276.546237 128 128 128
277593.745500 2111158.741156 326.370556 128 128 128
277504.944840 2111098.553176 167.306605 128 128 128
277593.999671 2111090.966624 231.496502 128 128 128
277591.168297 2111094.942791 227.590988 128 128 128
277495.948625 2111195.727464 251.760085 128 128 128
277561.172112 2111203.960060 246.827358 128 128 128
277490.344755 2111187.603405 198.826518 128 128 128
277508.547981 2111187.973754 221.142682 178 34 34
277500.463867 2111142.434836 215.888036 128 128 128
277543.519277 2111071.682744 324.631157 128 128 128
277533.513067 2111111.458578 243.028425 128 128 128
277527.376902 2111053.589802 154.117543 128 128 128
277533.222681 2111124.837242 318.498126 128 128 128
277561.425964 2111080.192676 112.133495 178 34 34
277556.784051 2111052.087258 308.659063 128 128 128
277545.563136 2111116.538775 136.394307 178 34 34
277633.410926 2111145.006590 315.282904 128 128 128
277524.866520 2111181.333176 120.416559 128 128 128
277505.077226 2111130.701728 281.355628 178 34 34
277531.160428 2111065.930821 155.431619 128 128 128
277529.692548 2111189.097880 110.851505 128 128 128
277519.110537 2111176.905570 116.946341 128 128 128
277533.959745 2111117.780081 130.267593 128 128 128
277526.149415 2111071.975120 123.799153 128 128 128
277517.846181 2111227.476285 324.622748 128 128 128
277471.437109 2111172.665998 306.745176 128 128 128
277490.738793 2111140.473944 151.325552 128 128 128
277571.227600 2111079.927629 334.630203 128 128 128
277569.877771 2111156.900880 276.094465 178 34 34
277478.258660 2111123.909196 224.293189 128 128 128
277516.274579 2111057.676724 276.244606 128 128 128
277511.398732 2111073.405198 100.829038 128 128 128
277575.677694 2111072.068995 227.525558 178 34 34
277599.436977 2111150.706835 282.822868 128 128 128
277602.532794 2111122.854332 148.407943 128 128 128
277491.168476 2111101.999555 247.840194 128 128 128
277514.723450 2111100.890957 289.376756 128 128 128
277583.616491 2111072.037154 265.023267 128 128 128
277506.771363 2111200.981681 124.584698 178 34 34
277511.115167 2111065.431307 157.715520 128 128 128
277513.576619 2111146.205334 154.255848 128 128 128
277532.776814 2111218.692831 109.582419 128 128 128
277543.446785 2111143.046899 343.035149 128 128 128
277579.506875 2111168.258253 131.414915 178 34 34
277548.232180 2111187.404378 109.461543 128 128 128
277554.044359 2111130.033662 237.092977 178 34 34
277602.696403 2111128.840824 292.718195 128 128 128
277516.662131 2111150.903176 297.268603 128 128 128
277546.742032 2111118.673373 126.036619 128 128 128
277496.322798 2111099.695407 167.356024 178 34 34
276824.656801 2111140.132163 275.645871 128 128 128
276813.350218 2111135.278176 200.405733 128 128 128
276779.758850 2111072.246684 125.050743 128 128 128
276778.129623 2111114.627940 289.713340 128 128 128
276787.464114 2111117.217728 278.987408 178 34 34
276777.387423 2111141.313387 229.917402 128 128 128
276799.446050 2111180.189866 153.149606 128 128 128
276795.427213 2111119.801655 316.735658 128 128 128
276791.668846 2111187.793550 263.796293 128 128 128
276797.530884 2111122.944780 276.999748 128 128 128
276764.668688 2111135.201454 251.186381 128 128 128
276784.157973 2111079.253525 202.950331 178 34 34
276772.807941 2111122.725894 231.205627 128 128 128
276811.342063 2111174.397820 197.448189 128 128 128
276745.574778 2111134.305308 157.228616 178 34 34
276795.540862 2111175.147880 194.742894 128 128 128
276805.966949 2111086.306332 312.696469 178 34 34
276743.767805 2111134.220171 194.435906 128 128 128
276760.888650 2111112.183662 156.443466 128 128 128
276823.086433 2111128.289758 332.935818 128 128 128
276843.526688 2111146.594828 165.993340 178 34 34
276801.528746 2111147.379442 117.475533 128 128 128
276728.474330 2111114.014836 179.671239 178 34 34
276809.895881 2111146.514109 289.573849 178 34 34
276797.226347 2111128.202000 270.049707 128 128 128
276771.923610 2111077.582138 155.683282 128 128 128
276786.237769 2111073.837204 311.022785 178 34 34
276807.415921 2111171.757199 195.974602 178 34 34
276821.532663 2111140.521575 244.573270 178 34 34
276773.866498 2111122.711441 313.393801 128 128 128
276818.760198 2111159.987724 257.129512 178 34 34
276748.530167 2111124.505122 184.570786 178 34 34
276813.087398 2111129.874604 114.638413 178 34 34
276808.651776 2111120.267933 177.957456 128 128 128
276751.333549 2111119.136838 163.232501 128 128 128
276823.558169 2111146.908193 239.500022 128 128 128
276846.032450 2111141.801189 275.555130 128 128 128
276784.341923 2111070.941801 250.180867 128 128 128
276836.356081 2111118.375834 333.014334 128 128 128
276777.616709 2111175.793092 184.880422 128 128 128
276799.539860 2111161.198480 210.287290 128 128 128
276764.763269 2111132.536581 139.346813 178 34 34
276773.932173 2111152.773265 256.109260 128 128 128
276807.588269 2111133.607393 125.430151 128 128 128
276817.201147 2111167.229163 174.393188 128 128 128
276780.899071 2111070.891744 317.147900 128 128 128
276836.991457 2111147.045857 296.550513 128 128 128
276770.495817 2111166.003097 274.584221 128 128 128
276783.840450 2111141.193199 128.615196 128 128 128
276762.825425 2111086.516396 213.544684 178 34 34
276785.339713 2111144.993939 115.840656 128 128 128
276800.865247 2111090.305819 172.559149 128 128 128
276785.063444 2111171.288806 321.319842 128 128 128
276811.204135 2111130.290416 298.246592 178 34 34
276739.104303 2111118.549918 303.156206 128 128 128
276786.645993 2111064.469673 318.298328 128 128 128
276801.774662 2111163.923763 149.817320 128 128 128
276779.069822 2111095.256938 268.770978 178 34 34
276762.774898 2111084.374065 274.677453 128 128 128
276820.454867 2111136.672172 232.214852 178 34 34
276761.470123 2111121.602872 270.134077 128 128 128
276772.453145 2111117.664868 151.055486 128 128 128
276798.230132 2111141.321908 210.180730 128 128 128
276772.418044 2111125.388417 143.937741 128 128 128
276821.430385 2111121.049591 225.511737 128 128 128
276788.078310 2111121.963891 281.069052 178 34 34
276835.379400 2111148.084751 326.625642 128 128 128
276752.145743 2111111.242482 136.820555 128 128 128
276833.084618 2111144.189854 146.743065 128 128 128
276782.665734 2111087.715383 301.219060 128 128 128
276818.759533 2111130.971380 246.438360 128 128 128
276789.091414 2111120.042222 201.979497 128 128 128
276789.024448 2111095.943519 257.038033 128 128 128
276777.649144 2111106.428636 300.224589 128 128 128
276808.044338 2111110.393063 118.448838 128 128 128
276755.347992 2111152.282620 220.239619 128 128 128
276781.748225 2111122.505310 149.838795 128 128 128
276807.129693 2111128.777915 288.934820 178 34 34
276771.442994 2111172.440471 191.800442 128 128 128
276815.595074 2111153.339459 154.450095 128 128 128
276777.639896 2111065.946830 315.374541 128 128 128
276787.227524 2111185.563804 234.979834 128 128 128
276830.648745 2111121.290684 209.488934 128 128 128
276820.135899 2111141.565565 303.735031 178 34 34
276814.757670 2111135.218319 148.025688 178 34 34
276750.528670 2111110.250738 215.654309 178 34 34
276780.895313 2111091.548144 254.955899 128 128 128
276823.770706 2111160.858717 125.603811 178 34 34
276839.877052 2111137.361648 229.691265 128 128 128
276777.738324 2111167.647265 304.847598 128 128 128
276774.304150 2111129.528616 129.840124 128 128 128
276754.739435 2111106.038344 217.691723 128 128 128
276796.128132 2111150.014761 168.925529 178 34 34
276747.556936 2111113.203414 162.394719 128 128 128
276788.861851 2111105.936003 236.009429 128 128 128
276765.110991 2111154.796483 198.233102 128 128 128
276752.690145 2111129.236437 214.761447 178 34 34
276766.364064 2111160.384220 207.820946 128 128 128
276795.575947 2111098.020301 197.186536 128 128 128
276780.538825 2111131.313039 134.768679 128 128 128
276792.230411 2111135.707041 286.141197 128 128 128
276793.480826 2111119.699357 244.588370 128 128 128
276800.618367 2111178.262263 128.784577 128 128 128
276817.664002 2111118.560022 324.278800 128 128 128
276762.955563 2111107.729724 186.221192 128 128 128
276734.054281 2111110.127656 227.581729 128 128 128
276762.305046 2111138.124796 272.842707 128 128 128
276765.538496 2111109.081499 191.437070 128 128 128
276750.456299 2111116.986420 124.080130 128 128 128
276772.102422 2111143.893577 298.860342 128 128 128
276818.069169 2111154.255574 246.725258 128 128 128
276802.074169 2111153.654576 232.953148 128 128 128
276743.519202 2111132.657249 191.865760 128 128 128
276798.937475 2111124.634719 147.515050 178 34 34
276750.828065 2111143.782624 278.898417 128 128 128
276770.231936 2111112.591441 249.402218 128 128 128
276827.836520 2111154.443725 268.799755 128 128 128
276759.675541 2111155.947919 190.317102 128 128 128
276789.750888 2111086.828570 277.484351 128 128 128
276736.317460 2111122.600128 136.216294 128 128 128
276782.943434 2111064.724638 298.461537 128 128 128
276810.111510 2111123.984502 263.474343 178 34 34
276758.208552 2111116.280330 278.244021 128 128 128
276778.391555 2111093.292778 133.327591 128 128 128
276757.968407 2111134.303525 272.004364 128 128 128
276814.717750 2111121.161696 203.111715 128 128 128
276760.810998 2111110.591958 314.415600 128 128 128
276806.166782 2111120.586416 133.651336 128 128 128
276758.242614 2111131.974709 124.510273 128 128 128
276746.446158 2111136.336515 224.938916 128 128 128
276803.023471 2111101.670073 165.329589 178 34 34
276779.576075 2111168.068477 116.397697 178 34 34
276779.085793 2111112.113136 190.913830 178 34 34
276775.243975 2111096.869869 327.747113 128 128 128
276758.867265 2111145.312498 250.653038 128 128 128
276757.044564 2111113.243992 150.368125 128 128 128
276777.982337 2111160.565609 195.680533 128 128 128
276739.466600 2111129.354660 128.841615 178 34 34
276762.961574 2111136.861806 200.403237 128 128 128
276781.756821 2111130.397969 224.935005 128 128 128
276763.109613 2111151.576637 213.081307 178 34 34
276789.794676 2111151.097851 268.118204 128 128 128
276767.545457 2111117.866845 279.359470 128 128 128
276786.240147 2111136.416344 208.075459 128 128 128
276739.107258 2111124.261878 125.649382 128 128 128
276742.404388 2111142.628507 151.075295 128 128 128
276799.981117 2111179.650677 210.497002 128 128 128
276813.261264 2111101.504194 258.229488 128 128 128
276770.511626 2111089.626037 139.297032 128 128 128
276795.865914 2111087.839560 218.938973 128 128 128
276794.540900 2111132.316705 210.977337 128 128 128
276786.534616 2111079.916820 238.828879 128 128 128
276779.950778 2111113.144538 202.051348 178 34 34
276831.322993 2111147.440004 317.315492 128 128 128
276800.143149 2111094.588294 185.978148 178 34 34
276792.977921 2111094.290702 301.640849 128 128 128
276824.481010 2111127.564817 307.465965 178 34 34
276736.259061 2111122.864728 216.015331 178 34 34
276793.790399 2111165.742609 149.687906 128 128 128
276790.186522 2111185.958143 266.825740 128 128 128
276783.573873 2111124.364070 266.658328 128 128 128
276800.142631 2111104.607539 232.273771 128 128 128
276756.141405 2111096.428029 135.810319 128 128 128
276786.990561 2111185.446163 170.353574 128 128 128
276794.598848 2111174.032093 195.273488 128 128 128
276751.919858 2111131.536168 198.354297 128 128 128
276763.179209 2111147.268543 259.800740 128 128 128
276743.287736 2111136.920108 252.833395 128 128 128
276810.497452 2111164.933451 193.954602 178 34 34
276797.934441 2111141.695108 164.864266 128 128 128
276819.591446 2111163.791457 197.276606 128 128 128
276794.440757 2111166.175181 190.859572 128 128 128
276763.499125 2111143.180946 138.855343 178 34 34
276804.644149 2111152.030550 143.195956 178 34 34
276778.433964 2111128.781602 260.717814 178 34 34
276803.016145 2111108.309720 118.999813 128 128 128
276776.215102 2111162.824565 295.684514 178 34 34
276780.686359 2111156.699968 195.315769 128 128 128
276741.962024 2111112.436962 158.471604 128 128 128
276774.718383 2111163.876393 307.179733 128 128 128
276786.885739 2111122.611972 119.401953 128 128 128
276804.650274 2111127.208531 331.524854 128 128 128
276769.385319 2111126.047140 170.220524 128 128 128
276801.513110 2111098.114603 150.094550 128 128 128
276790.548252 2111129.695346 276.218579 178 34 34
276786.629235 2111093.167288 206.950735 128 128 128
276821.954917 2111134.937567 255.533725 128 128 128
276740.680888 2111116.950895 128.154183 178 34 34
276779.138676 2111108.989335 333.123315 128 128 128
276763.738019 2111144.066102 162.640595 128 128 128
276802.744189 2111131.262404 208.450404 128 128 128
276800.337140 2111164.761212 199.382051 128 128 128
276747.962872 2111136.136641 185.512673 128 128 128
276814.229985 2111148.011990 132.411865 128 128 128
276777.581602 2111098.753690 333.197334 128 128 128
276819.682500 2111111.374920 322.490476 128 128 128
276770.041397 2111141.848029 159.306062 178 34 34
276788.982626 2111097.009342 251.634402 128 128 128
276796.182610 2111089.329208 309.565879 128 128 128
276758.976001 2111128.997765 243.475105 178 34 34
276790.201918 2111098.963905 291.431490 128 128 128
276795.170774 2111142.389352 182.187407 178 34 34
276751.334112 2111091.269754 265.141649 128 128 128
276764.870823 2111155.308294 155.677557 128 128 128
276759.814604 2111100.076874 180.318787 128 128 128
276762.432363 2111082.470171 280.540875 128 128 128
276769.868074 2111158.010930 321.581541 128 128 128
276758.274973 2111116.269945 238.351915 128 128 128
276809.235689 2111158.307354 272.941442 128 128 128
276809.135915 2111146.565984 171.367663 128 128 128
276823.034304 2111162.763190 271.133161 128 128 128
276800.071741 2111140.878424 278.571786 128 128 128
276772.557317 2111149.653150 148.770371 128 128 128
276783.180111 2111108.926911 154.089202 128 128 128
276791.543923 2111115.946733 153.756765 128 128 128
276775.661598 2111181.674625 131.309767 128 128 128
276774.457952 2111137.163355 140.081342 128 128 128
276764.565068 2111087.944640 153.276451 178 34 34
276804.715481 2111154.173982 135.662583 178 34 34
276805.343363 2111106.591338 321.067725 128 128 128
276762.758119 2111089.400605 140.048253 128 128 128
276787.347539 2111191.654034 162.707412 128 128 128
276791.993008 2111088.492762 156.041528 128 128 128
276794.102937 2111164.265914 190.112017 128 128 128
276776.452000 2111079.738947 186.013142 128 128 128
276769.942581 2111164.786619 202.717994 128 128 128
276784.339680 2111183.762696 212.425521 128 128 128
276752.486864 2111110.443842 264.794089 128 128 128
276783.459610 2111151.240391 149.858396 178 34 34
276770.958085 2111152.675617 326.486060 128 128 128
276800.135602 2111150.629076 219.735814 178 34 34
276796.694802 2111107.649238 262.700017 128 128 128
276775.990440 2111162.200450 289.939409 128 128 128
276758.150938 2111133.185854 158.466520 128 128 128
276774.776494 2111094.544695 265.310266 128 128 128
276773.815621 2111113.524936 208.627512 178 34 34
276745.496496 2111116.693668 194.312175 128 128 128
276766.255428 2111117.628146 241.103254 128 128 128
276782.827992 2111076.592851 213.475569 128 128 128
276814.320750 2111148.783031 203.756512 128 128 128
276807.904633 2111108.245971 247.835018 128 128 128
276769.537155 2111160.953720 258.707930 128 128 128
276787.860653 2111123.758538 118.454985 178 34 34
276821.567353 2111154.392715 200.497140 178 34 34
276795.609973 2111150.329536 180.234638 128 128 128
276809.314583 2111144.250519 293.214911 128 128 128
276767.019117 2111148.501020 300.283906 178 34 34
276821.992444 2111147.167683 231.432056 128 128 128
276785.549272 2111128.695436 119.397275 128 128 128
276779.968398 2111064.283143 303.551216 128 128 128
276806.387120 2111156.702788 136.610736 128 128 128
276772.147550 2111172.686796 210.333994 128 128 128
276816.325451 2111128.306129 225.265544 128 128 128
276765.448249 2111150.094318 222.275057 128 128 128
276801.435894 2111159.883582 214.806918 128 128 128
276758.075327 2111126.990137 309.772371 128 128 128
276745.310022 2111108.484054 296.079033 128 128 128
276786.086582 2111163.158847 123.976422 128 128 128
276773.585674 2111171.819421 221.639936 128 128 128
276803.916421 2111123.425682 222.470749 128 128 128
276803.525732 2111160.013561 281.319147 128 128 128
276741.413991 2111123.959554 288.114365 128 128 128
276783.433025 2111076.315553 137.370533 128 128 128
276794.100934 2111129.034541 248.092714 128 128 128
276810.283039 2111145.673126 287.034494 128 128 128
276810.706573 2111106.936596 246.926256 128 128 128
276846.649596 2111136.475227 227.518300 178 34 34
276805.539112 2111160.550141 189.456727 128 128 128
276791.935899 2111183.443652 156.962991 178 34 34
276774.653681 2111175.655317 148.941868 178 34 34
276760.316126 2111099.321762 166.419884 128 128 128
276835.727174 2111151.349712 262.224686 128 128 128
276782.749628 2111151.024955 133.847061 178 34 34
276768.589377 2111117.021704 149.115316 128 128 128
276817.021252 2111141.055171 176.688203 128 128 128
276782.337212 2111160.552218 196.406333 178 34 34
276796.530716 2111112.300723 313.531499 128 128 128
276812.552062 2111113.644096 330.850909 178 34 34
276792.256407 2111135.610164 333.594210 128 128 128
276792.406343 2111130.824604 307.927801 178 34 34
276792.524578 2111153.944868 325.196143 178 34 34
276737.989450 2111137.574916 117.941527 178 34 34
276774.696080 2111157.081911 303.076163 178 34 34
276741.675403 2111141.236434 162.808990 128 128 128
276764.267036 2111161.656887 244.388426 128 128 128
276777.068000 2111150.946241 125.129354 128 128 128
276840.893814 2111134.956499 163.569307 128 128 128
276787.694838 2111109.244665 275.903875 128 128 128
276819.430471 2111106.674114 239.766253 178 34 34
276814.250881 2111125.671947 262.875309 178 34 34
276807.725884 2111155.798737 120.525092 128 128 128
276810.973831 2111147.359815 299.047484 128 128 128
276824.333167 2111159.547408 224.531993 178 34 34
276782.872926 2111064.743622 276.182698 128 128 128
276787.008932 2111151.143743 242.886144 128 128 128
276816.263635 2111174.409530 120.626881 128 128 128
276798.540983 2111155.891462 201.941052 128 128 128
276764.614912 2111148.631785 287.278312 128 128 128
276790.453006 2111097.867645 220.651549 128 128 128
276789.353486 2111095.010086 297.465334 178 34 34
276796.702456 2111087.184678 125.510853 128 128 128
276818.336767 2111145.610848 220.752280 128 128 128
276765.122803 2111084.151849 308.830122 128 128 128
276733.988704 2111119.048575 238.596088 128 128 128
276773.432300 2111126.376227 228.322926 128 128 128
276803.114557 2111167.558752 322.739596 178 34 34
276793.104032 2111141.413339 306.442097 128 128 128
276783.810625 2111133.477777 176.376022 128 128 128
276771.311506 2111130.832789 224.794765 178 34 34
276742.293372 2111133.509124 188.348532 178 34 34
276781.181745 2111099.658624 141.596233 178 34 34
276765.228117 2111109.424989 189.220397 128 128 128
276736.226487 2111137.002789 124.507801 128 128 128
276811.080243 2111137.392774 166.083723 178 34 34
276775.961410 2111075.685653 315.410210 128 128 128
276799.854616 2111092.102631 277.596012 128 128 128
276782.818162 2111105.260590 188.423808 128 128 128
276811.548526 2111115.848291 213.896825 128 128 128
276753.035792 2111108.024093 123.728572 128 128 128
276793.231584 2111127.864989 163.487966 178 34 34
276766.636450 2111148.135322 217.250169 178 34 34
276813.460258 2111130.698656 284.348453 178 34 34
276767.739595 2111122.814394 258.174742 128 128 128
276802.860331 2111104.006287 315.099681 178 34 34
276833.915033 2111145.877356 138.529207 128 128 128
276794.327510 2111166.861274 192.059785 128 128 128
276789.636812 2111095.015066 139.432155 128 128 128
276782.797092 2111100.838901 163.114474 128 128 128
276843.656344 2111146.495238 159.071037 128 128 128
276759.552731 2111090.842337 165.751917 178 34 34
276790.851191 2111182.909812 337.373914 178 34 34
276779.726056 2111133.692711 132.126648 128 128 128
276764.279056 2111146.852524 142.962864 128 128 128
276818.355369 2111123.783814 282.894849 128 128 128
276789.066877 2111144.640043 166.330230 128 128 128
276806.518077 2111135.276948 160.634245 128 128 128
276793.657655 2111178.890410 183.411855 128 128 128
276766.638463 2111112.188771 197.839398 128 128 128
276803.760122 2111136.846600 306.939141 128 128 128
276784.225844 2111115.402943 128.123438 128 128 128
276830.271678 2111136.434338 325.361205 128 128 128
276770.842705 2111080.248396 114.077124 178 34 34
276778.053663 2111175.576196 202.794403 178 34 34
276764.076989 2111094.040813 206.659579 178 34 34
276788.507951 2111166.268352 286.929594 128 128 128
276771.770749 2111165.730230 312.207249 128 128 128
276821.031252 2111159.805077 241.640651 128 128 128
276818.295700 2111109.700741 171.884822 178 34 34
276740.693609 2111125.694317 130.207485 128 128 128
276770.719400 2111088.851765 137.119866 178 34 34
276820.202441 2111143.909449 157.340885 128 128 128
276806.346148 2111144.078602 289.872420 178 34 34
276783.245773 2111108.186825 163.288341 128 128 128
276754.329883 2111129.788338 195.603567 128 128 128
276769.898132 2111089.183760 212.570501 178 34 34
276787.358811 2111152.684092 232.156164 128 128 128
276768.227673 2111153.474909 160.817446 128 128 128
276820.198988 2111119.830573 200.558570 128 128 128
276826.519192 2111123.377313 168.845483 178 34 34
276781.858105 2111169.675624 143.764875 178 34 34
276769.813284 2111084.369353 302.187357 178 34 34
276753.390180 2111102.978410 134.131095 128 128 128
276793.796098 2111160.904708 185.442854 178 34 34
276790.490605 2111105.477287 116.182537 128 128 128
276834.706361 2111143.598496 140.161016 128 128 128
276727.040556 2111116.280944 200.568277 178 34 34
276776.289636 2111084.691576 213.567891 178 34 34
276837.366359 2111148.933323 138.256952 128 128 128
276781.377926 2111136.557611 150.256058 128 128 128
276744.755817 2111130.970400 327.870036 128 128 128
276826.014739 2111124.457277 199.990181 128 128 128
276738.056888 2111113.427537 299.801229 128 128 128
276786.039782 2111108.715739 251.846054 128 128 128
276808.237795 2111144.974953 219.156276 128 128 128
276778.644841 2111101.808163 211.572387 128 128 128
276760.098150 2111138.773270 167.473420 128 128 128
276783.627808 2111080.802740 247.652455 128 128 128
276762.156698 2111145.192655 152.404795 178 34 34
276767.161197 2111119.230099 252.074626 128 128 128
276777.250807 2111091.125741 279.727008 128 128 128
276749.576614 2111126.060209 262.548140 178 34 34
276775.620079 2111131.258637 328.039962 178 34 34
276804.886545 2111137.245899 225.344957 178 34 34
276836.455403 2111131.393821 254.658673 128 128 128
276803.872750 2111177.483178 119.508701 178 34 34
276774.686386 2111140.131829 214.815363 178 34 34
276752.159163 2111132.360463 323.652024 128 128 128
276744.033375 2111121.103693 223.089785 178 34 34
276784.710314 2111141.280978 327.785766 178 34 34
276816.711508 2111130.038874 177.091449 128 128 128
276751.769779 2111136.634194 208.965143 178 34 34
276765.311254 2111128.495471 178.976968 128 128 128
276812.504987 2111161.726028 117.400779 178 34 34
276810.635316 2111107.267211 208.726280 178 34 34
276781.601933 2111179.218710 224.398960 128 128 128
276777.368804 2111086.790354 268.542105 178 34 34
276770.208685 2111153.602090 328.366423 178 34 34
276771.462493 2111127.312658 246.714468 178 34 34
276758.633409 2111152.050273 199.373784 128 128 128
276789.115084 2111162.060431 219.647390 178 34 34
276786.470345 2111173.315488 176.369099 178 34 34
276813.716297 2111145.031020 282.385241 128 128 128
276801.585086 2111119.802915 226.900649 128 128 128
276762.433143 2111122.796247 239.966978 178 34 34
276831.490762 2111151.937025 291.403157 128 128 128
276807.076890 2111131.110749 295.606858 178 34 34
276801.806278 2111101.824533 318.944612 178 34 34
276811.614573 2111115.876270 283.711543 178 34 34
276776.571785 2111133.272011 203.089601 128 128 128
276778.923756 2111149.181476 158.024882 128 128 128
276804.733121 2111155.908540 139.467684 128 128 128
276811.477362 2111138.474707 114.439271 128 128 128
276795.768051 2111088.897229 208.219306 128 128 128
276826.446218 2111148.853952 189.416453 178 34 34
276764.637996 2111083.533885 150.261338 128 128 128
276788.501601 2111122.789540 171.925779 128 128 128
276794.714075 2111076.527176 326.955250 128 128 128
276808.677690 2111146.845402 238.693447 128 128 128
276796.199488 2111175.279124 153.480119 178 34 34
276746.532613 2111099.472041 326.412953 128 128 128
276827.447495 2111120.813661 166.453847 128 128 128
276840.265083 2111130.972675 210.844852 128 128 128
276777.894613 2111133.673910 170.720062 128 128 128
276771.013257 2111112.819264 271.046483 178 34 34
276806.126597 2111102.799302 323.252218 178 34 34
276762.109683 2111086.295058 113.771920 128 128 128
276802.167209 2111160.805606 312.774087 178 34 34
276758.719746 2111149.254427 266.837099 178 34 34
276815.500433 2111130.271905 121.038906 128 128 128
276801.028916 2111099.323544 188.404973 128 128 128
276762.823937 2111126.393671 221.828996 178 34 34
276799.836299 2111089.620128 181.130952 128 128 128
276757.432288 2111108.175842 262.746050 178 34 34
276769.094938 2111154.871284 253.300094 128 128 128
276781.779991 2111149.700215 308.979060 178 34 34
276766.290613 2111148.569290 168.273829 128 128 128
276801.856813 2111156.120500 322.635481 178 34 34
276741.629741 2111107.262729 322.062506 178 34 34
276827.959394 2111155.921086 287.817264 128 128 128
276761.293734 2111099.700795 286.874004 128 128 128
276746.991455 2111122.880933 116.297613 178 34 34
276818.831005 2111163.875649 297.858111 178 34 34
276810.579452 2111172.462666 136.325747 128 128 128
276747.182004 2111119.886410 215.328629 128 128 128
276738.332886 2111110.216315 310.059780 128 128 128
276803.252713 2111118.781280 171.102154 128 128 128
276796.126061 2111104.694990 268.622388 128 128 128
276775.192078 2111147.157909 154.136738 128 128 128
276838.151895 2111129.040260 293.507791 178 34 34
276786.191109 2111133.702511 306.318559 128 128 128
276776.749694 2111124.674917 195.757566 178 34 34
276780.089533 2111145.092614 177.769128 128 128 128
276766.485622 2111159.947343 179.288185 178 34 34
276815.410961 2111117.079285 214.815379 128 128 128
276831.070899 2111129.593574 205.170591 128 128 128
276758.457959 2111090.948558 271.552884 128 128 128
276818.332868 2111139.298599 200.218244 128 128 128
276778.109274 2111145.818976 152.766954 178 34 34
276798.016545 2111095.010368 182.282312 128 128 128
276791.915257 2111121.229591 190.132125 128 128 128
276786.185808 2111107.436947 135.910960 128 128 128
276785.044081 2111172.891120 208.101519 128 128 128
276745.157474 2111114.695065 295.282184 128 128 128
276782.782603 2111151.455255 225.302427 128 128 128
276742.461212 2111129.919763 124.516713 178 34 34
276828.007280 2111134.192892 293.460487 128 128 128
276794.540170 2111166.552942 318.544721 178 34 34
276735.888660 2111129.174478 165.368019 178 34 34
276787.897571 2111164.034072 194.482574 128 128 128
276753.902604 2111133.807735 187.451795 178 34 34
276788.999761 2111153.730652 163.171595 178 34 34
276793.024143 2111156.252374 293.908722 128 128 128
276820.459241 2111139.964550 163.745370 128 128 128
276773.656514 2111161.127099 232.746102 128 128 128
276750.444534 2111097.731645 182.093182 128 128 128
276748.654478 2111096.743603 215.060986 178 34 34
276805.986926 2111089.633485 255.099366 128 128 128
276786.247047 2111120.104667 295.461524 128 128 128
276767.687363 2111139.055914 216.953048 178 34 34
276774.957186 2111079.066583 312.944987 178 34 34
276809.280886 2111173.031917 149.207777 178 34 34
276769.180503 2111148.296886 235.996035 128 128 128
276789.225774 2111163.041937 291.329824 128 128 128
276818.291858 2111162.723230 117.198111 178 34 34
276782.519016 2111133.534502 148.666618 178 34 34
276789.197069 2111080.895543 214.348975 128 128 128
276748.579931 2111107.489892 125.502121 128 128 128
276788.168778 2111104.961727 275.283735 178 34 34
276815.350388 2111127.984157 241.387197 128 128 128
276785.402384 2111100.886054 125.114144 178 34 34
276771.052856 2111130.652934 217.443577 128 128 128
276803.812223 2111135.806966 159.972515 178 34 34
276748.904214 2111104.151306 130.378264 178 34 34
276797.564658 2111096.099499 279.730725 128 128 128
276778.998344 2111168.139303 294.954632 128 128 128
276777.829676 2111087.146548 234.326499 128 128 128
276746.396606 2111134.645072 278.846102 178 34 34
276811.955403 2111117.821700 241.693714 128 128 128
276769.719375 2111163.984045 265.898019 178 34 34
276810.179587 2111096.657389 254.933902 128 128 128
276733.990999 2111132.676446 171.810340 128 128 128
276797.664998 2111189.618114 159.936656 128 128 128
276827.586771 2111149.290481 189.747501 128 128 128
276793.562126 2111187.856230 323.104122 178 34 34
276764.848008 2111122.290939 275.317775 178 34 34
276765.855265 2111131.633301 127.687506 128 128 128
276779.494927 2111125.055250 128.388139 178 34 34
276774.028258 2111135.358490 262.940185 178 34 34
276780.589585 2111169.190050 264.001176 128 128 128
276768.348019 2111082.415834 238.229878 178 34 34
276817.187764 2111150.850044 251.375200 178 34 34
276790.281733 2111188.460548 254.935312 128 128 128
276776.545437 2111174.911447 217.947682 178 34 34
276805.785224 2111120.726716 181.156174 178 34 34
276767.948862 2111110.185781 164.547295 178 34 34
276769.928378 2111092.398505 145.494686 128 128 128
276770.560338 2111172.034707 183.664839 128 128 128
276812.119396 2111129.902631 273.685958 128 128 128
276745.560850 2111122.195565 179.289552 128 128 128
276743.297936 2111120.195515 202.450562 128 128 128
276799.111660 2111135.427146 178.179200 128 128 128
276811.740878 2111119.164536 164.869870 128 128 128
276743.938527 2111120.767679 159.269135 128 128 128
276827.083699 2111148.637590 295.901112 128 128 128
276826.219145 2111133.507026 270.177292 128 128 128
276793.891392 2111156.559332 227.146287 128 128 128
276775.533064 2111076.294713 197.481331 128 128 128
276783.398981 2111165.286557 283.566646 128 128 128
276753.247725 2111088.997686 329.525812 128 128 128
276833.991974 2111151.654674 151.171372 128 128 128
276755.897457 2111108.768846 149.183188 128 128 128
276762.377151 2111151.185034 241.426398 128 128 128
276783.399827 2111159.303961 198.618047 178 34 34
276749.437747 2111138.698469 287.182579 128 128 128
276765.495172 2111097.570077 267.230955 128 128 128
276743.169723 2111102.432798 240.410633 128 128 128
276825.255748 2111152.066164 285.085961 178 34 34
276822.639406 2111157.189437 251.513360 128 128 128
276792.267873 2111144.733932 231.433498 128 128 128
276773.567601 2111119.462792 202.152396 128 128 128
276738.962036 2111123.970185 320.607569 128 128 128
276769.767207 2111088.441110 208.198539 178 34 34
276810.300832 2111113.352771 328.332888 178 34 34
276805.691975 2111169.174708 130.302992 178 34 34
276807.423027 2111165.990280 187.820016 178 34 34
276770.657705 2111144.816405 275.713492 128 128 128
276819.786765 2111126.307381 228.197436 128 128 128
276782.879542 2111140.740790 206.646406 178 34 34
276774.446356 2111072.340043 293.527391 178 34 34
276773.235801 2111140.490716 330.071299 128 128 128
276814.824468 2111099.053694 257.411130 128 128 128
276789.577509 2111154.484212 280.955214 178 34 34
276750.855957 2111107.803118 142.120441 178 34 34
276789.724998 2111188.650737 153.613986 128 128 128
276780.965346 2111120.961133 147.999833 128 128 128
276792.978995 2111174.313134 158.634212 128 128 128
276831.941351 2111139.510435 282.067375 128 128 128
276789.795141 2111133.392310 143.968617 128 128 128
276803.976453 2111181.020136 190.060519 178 34 34
276799.859586 2111133.021042 130.161473 128 128 128
276741.889037 2111117.938974 212.495917 178 34 34
276771.512546 2111152.246953 136.334600 178 34 34
276764.185464 2111122.513593 149.979354 128 128 128
276765.866240 2111118.692508 216.096286 128 128 128
276782.715020 2111148.790138 296.221514 128 128 128
276730.441323 2111128.995579 126.813560 128 128 128
276774.540798 2111116.918639 198.771317 128 128 128
276771.195195 2111076.308278 222.773347 178 34 34
276841.648395 2111145.332369 125.517391 128 128 128
276842.997902 2111149.404479 126.747656 178 34 34
276778.094092 2111137.964635 330.587401 178 34 34
276769.921940 2111109.806277 224.613688 128 128 128
276767.580118 2111089.001078 310.580257 128 128 128
276728.510448 2111126.143154 146.540812 178 34 34
276784.808469 2111074.628432 235.190524 128 128 128
276816.341381 2111143.897893 211.818537 128 128 128
276820.931922 2111108.696325 278.208837 178 34 34
276763.802423 2111136.612018 316.000894 128 128 128
276793.614547 2111161.673787 290.050408 128 128 128
276802.802054 2111185.915722 134.963680 178 34 34
276767.257710 2111141.306553 324.579236 128 128 128
276834.803749 2111138.651410 134.488662 128 128 128
276781.984182 2111161.358039 310.671678 178 34 34
276842.367714 2111142.221998 128.051473 128 128 128
276764.667603 2111113.415488 176.849567 178 34 34
276768.810498 2111100.357943 240.020113 128 128 128
276792.123495 2111093.391681 304.037222 128 128 128
276770.885891 2111109.036880 255.578175 128 128 128
276827.139888 2111122.957592 176.179332 128 128 128
276791.625941 2111095.151652 310.854100 128 128 128
276740.724599 2111118.904023 228.725573 178 34 34
276826.132966 2111131.129695 132.352708 128 128 128
276792.565774 2111168.600624 121.598682 128 128 128
276784.293324 2111082.793217 259.216747 178 34 34
276744.573114 2111133.587866 294.333181 178 34 34
276807.873738 2111131.074392 230.411254 128 128 128
276753.845895 2111149.473227 260.692926 128 128 128
276743.143122 2111110.555912 200.732579 128 128 128
276827.420829 2111120.688243 176.904486 128 128 128
276781.428114 2111069.537712 193.419060 178 34 34
276791.617937 2111073.251094 301.004665 178 34 34
276771.207008 2111132.479559 312.369804 178 34 34
276725.998570 2111121.983798 177.889917 128 128 128
276752.202020 2111112.828220 194.431992 128 128 128
276790.763774 2111177.772074 308.457749 128 128 128
276809.726324 2111143.214786 234.643179 178 34 34
276809.958542 2111090.002525 311.964690 178 34 34
276839.870358 2111138.093213 131.742734 178 34 34
276812.232263 2111151.761318 233.079545 128 128 128
276770.348772 2111129.635159 308.552643 128 128 128
276826.050178 2111131.169760 318.090087 128 128 128
276764.614783 2111121.097672 115.656836 178 34 34
276831.235366 2111133.153456 272.156257 128 128 128
276764.118963 2111101.332450 321.886593 178 34 34
276779.880748 2111110.145485 162.383296 128 128 128
276806.008211 2111123.629814 299.635395 128 128 128
276818.589107 2111140.968950 191.678013 178 34 34
276819.423653 2111156.232160 171.026379 128 128 128
276766.025596 2111078.109452 281.351072 178 34 34
276779.301120 2111111.383063 260.771650 178 34 34
276746.148294 2111111.235564 179.603950 178 34 34
276775.682345 2111096.675109 300.292319 128 128 128
276769.224212 2111138.653374 136.159880 178 34 34
276837.998489 2111135.256946 298.415282 178 34 34
276748.930343 2111124.987426 288.669270 178 34 34
276753.428113 2111103.900576 157.362770 128 128 128
276768.450331 2111119.337868 196.450446 128 128 128
276780.592513 2111180.276970 243.572619 128 128 128
276810.057368 2111162.342709 181.484331 128 128 128
276751.185628 2111127.708780 169.203254 178 34 34
276776.263787 2111168.675482 252.009366 128 128 128
276816.861236 2111145.343995 237.402079 128 128 128
276800.170474 2111141.847819 329.081379 178 34 34
276749.722254 2111133.834081 173.631426 128 128 128
276800.569406 2111102.941588 168.813112 128 128 128
276763.876472 2111147.436661 289.095075 128 128 128
276798.086227 2111129.859746 292.153276 128 128 128
276745.043648 2111129.938479 315.375678 128 128 128
276805.671303 2111101.823870 124.232884 178 34 34
276764.899052 2111124.404043 125.786335 128 128 128
276781.093972 2111153.439016 225.603115 178 34 34
276774.641573 2111121.926766 221.063853 128 128 128
276756.420657 2111148.459597 245.337658 178 34 34
276758.338732 2111145.015003 167.247422 178 34 34
276817.382228 2111169.311776 161.032194 178 34 34
276760.310391 2111116.951562 159.718104 128 128 128
276768.864561 2111171.438328 174.699444 128 128 128
276794.302904 2111147.431593 122.607866 128 128 128
276773.547859 2111158.343297 277.415003 128 128 128
276744.997684 2111132.222465 182.543908 128 128 128
276801.691703 2111089.190850 238.266858 128 128 128
276796.825336 2111184.949411 129.717588 128 128 128
276790.935415 2111083.178909 137.723377 128 128 128
276815.486463 2111151.061047 280.169193 178 34 34
276785.423459 2111190.982383 153.264133 128 128 128
276786.236476 2111105.669763 232.839483 128 128 128
276787.528854 2111144.508641 265.593638 178 34 34
276777.884044 2111158.600529 172.656676 128 128 128
276812.579432 2111134.364074 307.515987 128 128 128
276815.780837 2111167.413930 183.691748 178 34 34
276785.944035 2111148.048167 184.091509 128 128 128
276750.038269 2111115.247149 252.423469 178 34 34
276743.305053 2111119.373538 189.523619 128 128 128
276824.141204 2111142.209646 254.843022 178 34 34
276782.556405 2111147.716653 306.642737 128 128 128
276781.469786 2111138.043314 311.749737 128 128 128
276794.571463 2111109.061623 279.643097 128 128 128
276782.035211 2111085.211688 202.330590 128 128 128
276772.327710 2111133.677235 202.925947 128 128 128
276769.528168 2111151.846835 312.549880 128 128 128
276810.991687 2111170.880441 188.512364 128 128 128
276812.256342 2111138.448428 213.287282 128 128 128
276799.372379 2111108.690450 131.484771 178 34 34
276754.306835 2111136.411483 272.284461 128 128 128
276820.948162 2111111.498913 253.925138 128 128 128
276806.479454 2111145.981856 277.240405 128 128 128
276740.483861 2111121.732643 185.858963 128 128 128
276751.893027 2111092.729861 310.816516 128 128 128
276769.343513 2111093.981888 309.950038 128 128 128
276836.292791 2111144.873047 256.112330 178 34 34
276782.687763 2111150.214946 171.741389 128 128 128
276756.784199 2111117.720694 316.539233 178 34 34
276771.514360 2111110.694191 285.883757 128 128 128
276782.268747 2111095.311469 213.974727 128 128 128
276841.845282 2111137.760871 226.866261 128 128 128
276804.908012 2111172.884122 316.143930 128 128 128
276740.686780 2111113.077993 227.466904 128 128 128
276753.835402 2111135.286860 325.209798 128 128 128
276785.278815 2111131.490873 161.938438 128 128 128
276787.467456 2111092.381926 136.893437 128 128 128
276752.927501 2111112.876045 193.202526 128 128 128
276750.187991 2111117.824264 141.795786 178 34 34
276800.804427 2111139.826363 287.737904 178 34 34
276766.465978 2111119.679711 216.990919 128 128 128
276801.243462 2111107.476567 288.355966 128 128 128
276781.525879 2111115.134711 211.603459 128 128 128
276819.275247 2111132.832082 272.492778 178 34 34
276846.337679 2111137.030773 294.163973 128 128 128
276801.204503 2111094.577046 184.304647 128 128 128
276814.549921 2111165.422665 172.679460 128 128 128
276809.047554 2111140.050829 279.421076 128 128 128
276792.251321 2111189.751580 124.903258 128 128 128
276791.566118 2111178.994509 296.622856 128 128 128
276809.538625 2111098.002609 185.327594 128 128 128
276813.264356 2111123.725955 299.955506 178 34 34
276743.742684 2111139.745386 150.463213 128 128 128
276790.668924 2111169.039242 306.487061 178 34 34
276804.350605 2111100.823727 263.120994 178 34 34
276801.980496 2111124.969571 167.299060 178 34 34
276779.958642 2111075.619386 318.297308 128 128 128
276775.719032 2111136.743839 261.366531 128 128 128
276751.512755 2111100.894243 330.558828 128 128 128
276824.040273 2111158.627343 172.261428 178 34 34
276783.026854 2111082.888974 245.855642 128 128 128
276774.182337 2111082.010789 280.466935 128 128 128
276749.875760 2111124.006158 145.997429 128 128 128
276804.380927 2111146.322207 243.999791 128 128 128
276802.514861 2111100.333566 169.531250 178 34 34
276756.266676 2111090.899488 187.235831 128 128 128
276778.562658 2111097.419115 119.875444 128 128 128
276793.853065 2111122.837591 116.585859 128 128 128
276739.481552 2111107.604760 137.766745 128 128 128
276778.210638 2111105.603256 285.956937 128 128 128
276731.217331 2111124.921558 128.717658 128 128 128
276739.643195 2111100.714592 300.004763 128 128 128
276825.311201 2111125.540877 270.697386 128 128 128
276805.195305 2111151.085178 134.020338 128 128 128
276785.776425 2111104.303821 259.548070 178 34 34
276747.967416 2111099.635239 133.879093 128 128 128
276783.636608 2111154.546144 185.169428 178 34 34
276745.929849 2111118.987754 124.311255 178 34 34
276777.086827 2111068.734717 298.192571 178 34 34
276776.999411 2111140.712879 211.775064 178 34 34
276838.567133 2111148.223799 273.126137 178 34 34
276826.008442 2111109.385768 301.948204 178 34 34
276815.421843 2111143.252272 130.302784 178 34 34
276756.567296 2111140.915607 284.260240 128 128 128
276793.851725 2111136.211469 240.764647 178 34 34
276796.962731 2111086.284561 296.857392 178 34 34
276772.455128 2111129.353204 276.404379 128 128 128
276764.485682 2111125.590480 135.436629 128 128 128
276772.376767 2111141.220577 233.899105 128 128 128
276779.715465 2111126.168964 301.535733 178 34 34
276751.447766 2111104.748114 331.089243 128 128 128
276785.336081 2111136.641573 132.858928 128 128 128
276763.537228 2111081.951047 238.449084 128 128 128
276807.882838 2111111.377604 324.083832 178 34 34
276818.680201 2111161.488005 131.275114 178 34 34
276783.305168 2111158.049751 173.312176 128 128 128
276797.773999 2111147.789436 293.543587 128 128 128
276779.999096 2111129.859583 167.798185 128 128 128
276808.423824 2111164.806563 163.684390 178 34 34
276792.993871 2111111.628424 136.406156 128 128 128
276825.533427 2111133.175366 295.230675 128 128 128
276809.629565 2111172.397573 327.120306 128 128 128
276793.986499 2111116.509821 232.391789 178 34 34
276789.788024 2111167.750747 255.018753 178 34 34
276808.888635 2111100.295933 134.966421 128 128 128
276761.210364 2111133.453221 329.452860 128 128 128
276817.559092 2111108.261457 331.303548 178 34 34
276761.425730 2111109.943382 191.182238 178 34 34
276773.018902 2111108.582796 185.551676 128 128 128
276739.372227 2111125.390864 295.525321 178 34 34
276759.746249 2111137.434840 123.194520 178 34 34
276779.839186 2111169.518735 300.810886 128 128 128
276781.133228 2111157.106252 215.520503 178 34 34
276778.442914 2111097.095253 241.271898 128 128 128
276742.712571 2111105.101005 262.642943 128 128 128
276777.006139 2111148.133227 275.123246 178 34 34
276752.473342 2111105.894834 150.324942 128 128 128
276793.663957 2111164.109551 290.296413 178 34 34
276761.735396 2111136.995376 221.189697 128 128 128
276799.788839 2111152.635724 321.846645 128 128 128
276790.673554 2111148.791772 327.612031 178 34 34
276828.491879 2111155.152426 269.474982 128 128 128
276786.061063 2111112.956763 193.790058 128 128 128
276790.459893 2111095.757564 324.141366 128 128 128
276775.091979 2111111.751782 197.132605 128 128 128
276794.802333 2111151.397663 244.207256 128 128 128
276791.495835 2111078.860616 297.506865 128 128 128
276822.154410 2111137.550578 153.816422 128 128 128
276763.796913 2111131.021634 138.431190 128 128 128
276749.772768 2111095.450240 262.944829 128 128 128
276790.016875 2111080.341311 285.811364 178 34 34
276802.198291 2111133.653918 271.375703 178 34 34
276771.476231 2111162.375562 261.935315 178 34 34
276764.403314 2111141.517240 309.973772 128 128 128
276801.225400 2111178.321245 333.988011 178 34 34
276816.081551 2111110.831183 118.555584 128 128 128
276807.667160 2111102.326198 169.743942 128 128 128
276781.638377 2111134.265172 200.975267 128 128 128
276829.305552 2111142.981976 284.796185 128 128 128
276805.805157 2111110.118874 185.614955 178 34 34
276778.585842 2111128.822984 283.738954 128 128 128
276787.195862 2111126.789238 174.808188 128 128 128
276827.089143 2111152.033028 303.633939 128 128 128
276770.680588 2111079.669372 192.461982 128 128 128
276781.005370 2111076.075795 272.656373 128 128 128
276756.737465 2111159.941303 137.467101 128 128 128
276790.670001 2111190.064560 258.762708 128 128 128
276757.354104 2111115.488627 296.177185 128 128 128
276797.671261 2111152.548961 311.432778 178 34 34
276779.885371 2111123.013159 330.401550 178 34 34
276820.664555 2111133.499884 195.303289 128 128 128
276771.569534 2111082.834780 167.445069 128 128 128
276800.430947 2111088.045021 264.231659 128 128 128
276759.782776 2111086.084722 190.849095 178 34 34
276727.247589 2111122.452431 194.919025 128 128 128
276813.474712 2111142.438715 140.554076 128 128 128
276735.631937 2111120.483911 255.566745 128 128 128
276775.789426 2111111.846530 201.950785 178 34 34
276768.792809 2111143.181626 191.023371 178 34 34
276847.234428 2111138.841991 277.799513 128 128 128
276775.600572 2111169.664066 204.550471 178 34 34
276804.305798 2111161.560985 170.897239 128 128 128
276787.908537 2111093.581080 230.470429 128 128 128
276788.272043 2111125.031534 199.446819 128 128 128
276819.992380 2111139.702665 253.860518 128 128 128
276825.232071 2111144.743452 208.252219 178 34 34
276805.149565 2111123.870204 211.259391 128 128 128
276792.656373 2111140.256266 136.532451 128 128 128
276792.148331 2111099.082764 306.627221 128 128 128
276809.340243 2111124.629195 151.977354 128 128 128
276736.816372 2111115.128438 170.112757 178 34 34
276837.604987 2111152.157719 209.107597 128 128 128
276797.203912 2111169.729953 293.706817 128 128 128
276812.041736 2111130.504473 217.208373 178 34 34
276774.825197 2111118.782260 299.609792 128 128 128
276772.863311 2111079.246995 285.860843 178 34 34
276765.017364 2111130.455277 187.382561 128 128 128
276759.662417 2111100.327085 232.654559 178 34 34
276794.785215 2111140.733836 146.814559 128 128 128
276816.052682 2111170.227233 234.541223 178 34 34
276781.627232 2111122.370364 258.456724 128 128 128
276741.750586 2111121.413982 251.392491 128 128 128
276789.633251 2111110.716438 173.974301 128 128 128
276785.785515 2111135.121308 151.426316 128 128 128
276765.301992 2111085.170652 127.162291 178 34 34
276816.219130 2111156.316123 314.014348 128 128 128
276840.670653 2111144.485367 151.062381 128 128 128
276791.268835 2111187.772287 310.752229 128 128 128
276768.249615 2111098.689053 210.651109 128 128 128
276781.879593 2111093.067768 267.211329 128 128 128
276769.535592 2111132.217922 290.179652 128 128 128
276793.165129 2111187.893955 324.763412 128 128 128
276790.741809 2111150.716915 222.574693 128 128 128
276777.335117 2111138.012556 258.361040 178 34 34
276789.359039 2111119.855079 114.986461 178 34 34
276814.393885 2111167.773786 315.892101 128 128 128
276750.894578 2111096.282618 317.586371 128 128 128
276818.876781 2111105.524217 269.495607 178 34 34
276832.567335 2111151.808060 120.628103 178 34 34
276750.453987 2111120.568781 273.173667 128 128 128
276779.283558 2111148.219137 213.085774 178 34 34
276742.132395 2111133.761811 250.420348 178 34 34
276837.543691 2111149.413206 255.421420 128 128 128
276802.874684 2111122.454832 298.847706 178 34 34
276820.805666 2111106.565406 315.715159 178 34 34
276742.969502 2111143.930539 132.526560 178 34 34
276787.558968 2111135.452920 192.042306 178 34 34
276760.515208 2111097.160859 252.239954 178 34 34
276780.083945 2111117.676579 127.720253 128 128 128
276806.717506 2111100.823223 328.990950 178 34 34
276778.697692 2111177.592752 195.753051 178 34 34
276813.436719 2111163.186381 255.631689 178 34 34
276784.710768 2111098.410700 235.321852 128 128 128
276774.002637 2111142.044089 156.740247 128 128 128
276777.069509 2111164.403897 315.416091 128 128 128
276797.072651 2111170.106449 165.360745 128 128 128
276801.285501 2111098.808248 318.234521 178 34 34
276824.341117 2111121.973552 162.463618 128 128 128
276784.181325 2111116.141326 121.092203 128 128 128
276747.197815 2111104.428978 137.263253 128 128 128
276759.327678 2111130.863020 265.235545 128 128 128
276787.654515 2111112.849891 255.753607 178 34 34
276774.944062 2111096.185524 140.070685 128 128 128
276814.391024 2111109.548723 171.159725 178 34 34
276810.837308 2111109.695554 264.367756 178 34 34
276804.557532 2111169.886774 217.766840 128 128 128
276765.363004 2111108.758092 300.644116 128 128 128
276785.042217 2111104.329607 198.657952 128 128 128
276788.492803 2111066.654304 312.517586 128 128 128
276766.054692 2111161.769411 178.322217 178 34 34
276827.593260 2111141.302883 232.361307 178 34 34
276757.518953 2111095.105455 135.224078 128 128 128
276784.374921 2111103.508655 299.267681 128 128 128
276822.404816 2111137.522795 129.042194 128 128 128
276792.572012 2111097.553545 178.915895 128 128 128
276741.541846 2111102.792731 298.034079 128 128 128
276768.101078 2111152.159700 276.801416 128 128 128
276759.142098 2111110.087292 292.258066 128 128 128
276773.634210 2111121.423347 181.364926 128 128 128
276819.159668 2111131.517244 164.817269 128 128 128
276771.096519 2111165.201677 272.221633 178 34 34
276823.066490 2111140.482145 323.230262 128 128 128
276813.099399 2111155.407125 323.136408 128 128 128
276761.827460 2111135.141060 292.870366 128 128 128
276826.421646 2111144.592262 242.405659 178 34 34
276746.577710 2111128.892095 205.076937 128 128 128
276784.665177 2111106.815476 171.860456 178 34 34
277401.083337 2111028.235063 176.827229 178 34 34
277389.989630 2111141.781378 119.939922 178 34 34
277383.179943 2111124.443717 148.097196 178 34 34
277487.377739 2111120.378314 213.805765 128 128 128
277400.576365 2111032.560481 198.433824 128 128 128
277424.383684 2111098.513406 113.467050 178 34 34
277333.234332 2111104.892440 109.192570 178 34 34
277427.918794 2111089.553279 160.823488 178 34 34
277419.289842 2111053.791928 219.353355 178 34 34
277382.245980 2111103.365449 140.605874 128 128 128
277443.608560 2111177.286483 208.407187 128 128 128
277339.869051 2111075.839746 201.910818 178 34 34
277363.383665 2111121.119906 153.839783 128 128 128
277397.914035 2111027.786687 136.059339 128 128 128
277374.125656 2111131.633706 150.222560 128 128 128
277437.004624 2111151.306678 165.950426 178 34 34
277452.510241 2111147.303191 202.209866 128 128 128
277368.413568 2111095.982878 155.697813 128 128 128
277402.247912 2111131.176795 200.258059 178 34 34
277406.906061 2111170.408699 214.099574 128 128 128
277384.794800 2111038.097491 137.854822 128 128 128
277489.834378 2111129.117870 229.158928 128 128 128
277460.088951 2111101.249175 127.800829 178 34 34
277416.326458 2111062.167064 116.866713 178 34 34
277390.867618 2111089.169509 231.899094 128 128 128
277432.973265 2111126.759066 233.681584 128 128 128
277447.343614 2111108.740163 237.860866 128 128 128
277428.105042 2111130.583950 179.579572 128 128 128
277441.184354 2111119.186482 145.886907 128 128 128
277451.764614 2111140.256850 135.976072 178 34 34
277414.119959 2111048.870532 163.176947 178 34 34
277359.182150 2111114.070969 221.022140 128 128 128
277428.444819 2111134.793973 214.944696 128 128 128
277395.005268 2111151.604011 182.504581 128 128 128
277454.560100 2111094.844252 148.290506 128 128 128
277385.707217 2111102.797135 159.105431 128 128 128
277421.137607 2111134.907541 148.722971 178 34 34
277470.175096 2111127.732082 167.981440 128 128 128
277409.415536 2111164.000259 180.766054 128 128 128
277433.713984 2111096.459287 207.110273 128 128 128
277423.035328 2111055.767844 114.642259 128 128 128
277354.759436 2111120.812993 175.510191 178 34 34
277447.425898 2111161.873997 166.519070 128 128 128
277339.523151 2111101.872872 220.352433 128 128 128
277409.959785 2111155.485790 212.200361 178 34 34
277390.371809 2111073.189898 113.883893 128 128 128
277348.911241 2111069.611878 228.496100 128 128 128
277354.163129 2111075.135774 196.104720 128 128 128
277426.463280 2111191.530517 218.947690 178 34 34
277346.425278 2111109.555102 154.594326 128 128 128
277416.562997 2111134.030326 237.617276 178 34 34
277426.717959 2111192.355502 187.639376 128 128 128
277395.146114 2111077.214905 105.498907 128 128 128
277408.206222 2111076.791445 182.815607 128 128 128
277327.410365 2111087.411334 198.558621 128 128 128
277369.188052 2111048.304785 197.389546 128 128 128
277461.734146 2111167.831869 119.714795 128 128 128
277415.631313 2111114.738470 150.725868 128 128 128
277428.970361 2111147.842641 156.723509 128 128 128
277448.478229 2111121.664480 243.687653 178 34 34
277474.499005 2111109.497162 166.677065 178 34 34
277431.149031 2111163.469813 157.004249 178 34 34
277426.775979 2111069.545044 188.582830 128 128 128
277452.641071 2111164.124635 185.189985 128 128 128
277389.596757 2111083.961155 185.143574 128 128 128
277462.883580 2111112.492453 156.562067 128 128 128
277387.337874 2111082.248665 139.194856 128 128 128
277385.936305 2111090.453606 156.216716 128 128 128
277346.847291 2111101.110803 213.627023 128 128 128
277353.948432 2111097.965989 204.374477 128 128 128
277378.331892 2111081.425710 243.622102 128 128 128
277422.834958 2111195.592939 127.201778 128 128 128
277423.250645 2111171.440646 223.803591 128 128 128
277382.064447 2111146.086204 204.707065 178 34 34
277417.107992 2111103.100442 142.914272 128 128 128
277445.199902 2111100.740016 164.334168 128 128 128
277449.839355 2111164.779531 142.293940 178 34 34
277423.583866 2111075.781104 241.510043 128 128 128
277447.973921 2111098.136625 172.218697 128 128 128
277410.055278 2111076.508962 202.694631 128 128 128
277386.539326 2111145.322261 151.822679 128 128 128
277391.290008 2111140.944007 179.449877 128 128 128
277432.962641 2111081.977207 140.086200 128 128 128
277345.226879 2111095.364201 230.827094 128 128 128
277347.647931 2111106.648758 117.559826 178 34 34
277465.312277 2111097.275674 197.045114 128 128 128
277414.727831 2111180.811630 147.450035 128 128 128
277407.955425 2111155.730311 237.048150 128 128 128
277450.937797 2111108.083527 162.807909 178 34 34
277381.522700 2111065.534417 214.712761 128 128 128
277432.220417 2111079.077799 234.435946 128 128 128
277376.320993 2111078.121388 114.654332 128 128 128
277478.164767 2111116.254545 198.643949 178 34 34
277431.336429 2111143.817385 207.940509 178 34 34
277429.700804 2111153.297115 112.483747 128 128 128
277353.268813 2111088.123630 245.370249 178 34 34
277420.886226 2111146.374555 226.266492 178 34 34
277461.395931 2111133.001082 189.917788 178 34 34
277400.720526 2111069.611532 194.835300 128 128 128
277382.978211 2111100.843504 106.265625 128 128 128
277410.041430 2111182.038983 120.846386 128 128 128
277432.481067 2111105.847641 217.791979 128 128 128
277433.294039 2111169.613897 216.038275 178 34 34
277421.445831 2111063.559794 114.787437 128 128 128
277398.934502 2111164.662928 191.495322 128 128 128
277366.273816 2111107.120279 218.986785 128 128 128
277414.332310 2111072.136133 220.844385 128 128 128
277383.273612 2111072.047424 209.287557 128 128 128
277357.956555 2111072.137726 122.405961 178 34 34
277386.319851 2111116.491790 179.308407 128 128 128
277434.525763 2111175.343423 225.912888 178 34 34
277355.601753 2111088.905839 230.625491 128 128 128
277434.007223 2111169.631922 221.353875 178 34 34
277394.120738 2111102.012815 117.104915 178 34 34
277400.107489 2111037.505358 187.314978 178 34 34
277396.763218 2111030.728929 201.869977 128 128 128
277357.074183 2111084.335142 104.486935 128 128 128
277393.788794 2111151.069498 136.171566 178 34 34
277415.125785 2111144.928704 127.613618 128 128 128
277424.316457 2111106.729889 225.598361 128 128 128
277415.551080 2111099.790050 206.892005 128 128 128
277402.757083 2111043.959614 226.732860 128 128 128
277466.774991 2111140.385801 217.022858 128 128 128
277443.101105 2111110.424168 243.555501 128 128 128
277377.263133 2111089.120356 246.291853 178 34 34
277368.906694 2111098.686373 131.544893 128 128 128
277351.287910 2111087.336328 241.047992 178 34 34
277443.236460 2111158.572819 210.255336 128 128 128
277344.421787 2111081.625822 195.034359 178 34 34
277423.813339 2111192.742378 238.152836 128 128 128
277373.037571 2111098.394000 145.172077 178 34 34
277372.488891 2111056.601050 195.630678 128 128 128
277342.975646 2111087.930368 119.007483 128 128 128
277360.935616 2111107.399138 182.345526 128 128 128
277420.488546 2111195.876294 146.699054 128 128 128
277357.683522 2111079.247394 172.037031 128 128 128
277420.884653 2111104.516425 247.981184 128 128 128
277351.648557 2111078.558133 112.796721 178 34 34
277474.550361 2111110.905967 160.046044 128 128 128
277432.271619 2111084.616144 204.380227 128 128 128
277372.231674 2111079.938062 112.515862 178 34 34
277388.795907 2111062.538061 160.771600 128 128 128
277422.907944 2111140.515699 248.891373 178 34 34
277428.001913 2111152.235262 139.605714 128 128 128
277429.460762 2111129.150739 243.498687 128 128 128
277376.138622 2111080.808208 235.402332 128 128 128
277398.558034 2111113.639603 236.538532 128 128 128
277412.595343 2111137.445723 228.286160 128 128 128
277483.827719 2111126.411509 128.307457 178 34 34
277424.879188 2111093.429348 212.117092 128 128 128
277424.988521 2111145.749389 178.108400 128 128 128
277415.509824 2111119.899448 185.072470 128 128 128
277388.777204 2111126.694218 201.923866 128 128 128
277374.813242 2111078.297827 149.261477 128 128 128
277429.037723 2111171.412277 176.732289 128 128 128
277430.849964 2111174.928279 143.642908 178 34 34
277467.067010 2111109.234583 246.831747 128 128 128
277365.363797 2111084.254730 233.110062 178 34 34
277427.384661 2111160.756392 151.790479 128 128 128
277359.537095 2111082.326368 186.466285 178 34 34
277412.170069 2111167.382789 175.240897 128 128 128
277435.637575 2111080.540150 149.466342 178 34 34
277414.312594 2111154.849820 156.215353 178 34 34
277405.382027 2111036.315982 199.646755 128 128 128
277445.930677 2111104.618146 195.077653 128 128 128
277444.174195 2111158.500820 113.553342 128 128 128
277418.327181 2111067.757085 231.520904 178 34 34
277456.523872 2111160.063233 189.331895 128 128 128
277409.420416 2111068.968005 230.076557 128 128 128
277418.376855 2111135.447468 197.485968 178 34 34
277344.927729 2111093.346522 120.676991 128 128 128
277428.216219 2111178.588184 141.656079 128 128 128
277382.205754 2111078.877201 148.442006 128 128 128
277341.778529 2111074.592213 115.390729 128 128 128
277395.695111 2111091.296623 221.258301 178 34 34
277391.437097 2111162.913757 129.320430 128 128 128
277461.932016 2111098.969489 170.729758 178 34 34
277433.274730 2111072.944046 178.287551 178 34 34
277445.630316 2111133.967816 172.975618 128 128 128
277422.699829 2111190.569642 201.708926 128 128 128
277463.719020 2111152.185925 122.183861 128 128 128
277455.544224 2111093.579035 135.504492 178 34 34
277329.919209 2111088.858892 176.845855 178 34 34
277430.604004 2111073.047165 173.128656 178 34 34
277438.086920 2111148.036148 106.520505 128 128 128
277456.647749 2111097.282396 193.985127 178 34 34
277438.157268 2111183.608403 155.195414 178 34 34
277418.213636 2111194.505062 146.461269 128 128 128
277442.262646 2111092.412203 120.463276 178 34 34
277378.991979 2111114.103685 158.439944 128 128 128
277447.465013 2111088.208198 165.388958 178 34 34
277466.845784 2111103.479108 125.762678 178 34 34
277435.843012 2111099.531180 178.839889 128 128 128
277414.344349 2111107.404770 150.388666 128 128 128
277362.428107 2111060.725502 177.737550 178 34 34
277444.794553 2111117.522431 244.611555 128 128 128
277436.057639 2111184.914564 156.185039 128 128 128
277341.928032 2111089.716575 145.267507 128 128 128
277377.838581 2111048.722302 143.240058 128 128 128
277427.080266 2111144.124906 201.019645 128 128 128
277447.749814 2111152.663005 150.992905 178 34 34
277421.338576 2111177.882945 224.621480 128 128 128
277413.809152 2111049.689000 171.875087 128 128 128
277383.778324 2111122.035828 243.151533 128 128 128
277397.814627 2111049.750115 211.649562 128 128 128
277408.130937 2111103.449992 233.916330 128 128 128
277439.731495 2111074.546389 188.694693 128 128 128
277446.734600 2111079.764221 202.034569 128 128 128
277329.839781 2111085.661047 116.034020 128 128 128
277366.737084 2111119.480529 222.615127 128 128 128
277486.346403 2111139.839091 191.510189 128 128 128
277397.240377 2111155.795573 143.814636 178 34 34
277381.887606 2111033.767957 176.473867 128 128 128
277387.323535 2111081.671982 170.960461 128 128 128
277384.805529 2111053.292233 241.030351 128 128 128
277380.849084 2111079.610090 241.589783 178 34 34
277441.210298 2111104.798640 220.351712 128 128 128
277413.033589 2111056.034656 101.865337 128 128 128
277456.695551 2111160.187388 121.837421 128 128 128
277380.105619 2111045.955552 127.800333 178 34 34
277380.428569 2111123.861631 139.754944 128 128 128
277378.394001 2111109.602278 246.300509 128 128 128
277389.186128 2111047.175433 199.131978 178 34 34
277337.046507 2111104.880880 110.736120 128 128 128
277349.996369 2111084.099774 169.023930 128 128 128
277427.151655 2111117.721055 111.432205 128 128 128
277395.380583 2111155.503767 190.685591 128 128 128
277426.110488 2111072.810293 125.089822 128 128 128
277337.477526 2111093.912599 247.217296 128 128 128
277424.128349 2111149.783132 238.310526 128 128 128
277456.190028 2111111.672382 155.298577 178 34 34
277397.719742 2111070.035643 151.183488 128 128 128
277417.151150 2111150.171701 166.147609 178 34 34
277357.740051 2111107.246929 152.856662 178 34 34
277403.979741 2111155.404239 217.366108 128 128 128
277361.144150 2111102.463958 222.668698 128 128 128
277450.364916 2111126.583101 113.074784 128 128 128
277367.845091 2111087.438787 128.617913 178 34 34
277409.682745 2111063.683162 118.877464 178 34 34
277392.638579 2111059.500092 244.995559 178 34 34
277388.096658 2111043.177889 208.955202 178 34 34
277396.971932 2111117.159049 107.935839 128 128 128
277430.372783 2111077.644331 127.095370 178 34 34
277410.370245 2111132.834713 221.322472 128 128 128
277429.256425 2111070.834167 137.487959 128 128 128
277404.054079 2111073.417358 116.228629 128 128 128
277449.817466 2111103.791753 194.592088 128 128 128
277346.706919 2111082.477128 132.185642 178 34 34
277412.091905 2111111.990452 190.210286 128 128 128
277409.515103 2111051.612859 215.528189 128 128 128
277398.839048 2111095.980571 222.988737 128 128 128
277458.193571 2111099.610744 224.748836 128 128 128
277350.687904 2111109.368465 240.496047 178 34 34
277403.983075 2111094.827091 150.451049 128 128 128
277417.704415 2111189.752688 130.340114 128 128 128
277423.713628 2111125.522708 120.094059 178 34 34
277382.591514 2111110.291758 156.661725 178 34 34
277382.897497 2111034.420761 170.246849 128 128 128
277400.399330 2111087.874666 184.787596 178 34 34
277465.091133 2111145.769325 214.707665 178 34 34
277416.887698 2111125.258550 150.820185 128 128 128
277391.935288 2111146.266697 124.385144 178 34 34
277422.268504 2111079.178291 236.395103 128 128 128
277379.624100 2111092.990503 208.278185 128 128 128
277401.234222 2111053.019437 157.245525 128 128 128
277395.669018 2111145.581035 160.181642 178 34 34
277459.402303 2111114.427536 172.573102 128 128 128
277395.227314 2111079.455924 168.264811 128 128 128
277414.795433 2111135.995660 235.431986 128 128 128
277443.422861 2111121.708171 235.596224 128 128 128
277410.141281 2111175.179922 171.401707 178 34 34
277418.091155 2111068.963439 192.565798 128 128 128
277395.971994 2111054.447254 175.412370 128 128 128
277466.718689 2111144.650320 116.652935 178 34 34
277433.557361 2111166.838249 132.838507 128 128 128
277442.519015 2111103.165006 189.514018 178 34 34
277424.047799 2111144.328329 239.836934 128 128 128
277394.385179 2111083.244115 219.178555 178 34 34
277412.453534 2111102.579288 129.052220 178 34 34
277417.410207 2111128.123793 149.592278 128 128 128
277448.714396 2111154.895655 193.464253 178 34 34
277340.461568 2111077.643061 200.427207 128 128 128
277422.772585 2111146.069910 221.165557 128 128 128
277384.375391 2111147.720951 248.924697 128 128 128
277367.360305 2111113.790209 211.069587 178 34 34
277405.292345 2111046.347511 199.379033 178 34 34
277438.827384 2111095.925964 112.651423 128 128 128
277400.454097 2111082.037310 246.501858 178 34 34
277453.546887 2111125.635285 231.015302 128 128 128
277404.285178 2111138.408857 135.725747 178 34 34
277451.859226 2111135.372580 119.363435 128 128 128
277378.669006 2111062.159061 220.493607 128 128 128
277438.025006 2111164.761345 221.604980 128 128 128
277368.910977 2111070.421203 107.842427 178 34 34
277377.452797 2111130.793198 209.288006 178 34 34
277396.224394 2111072.535794 243.332067 128 128 128
277387.144399 2111087.415158 182.965277 178 34 34
277469.900178 2111137.938174 108.267103 128 128 128
277408.833698 2111117.175610 119.599340 178 34 34
277413.757937 2111103.061841 133.931167 178 34 34
277421.295323 2111165.056764 143.835568 128 128 128
277404.347265 2111156.209371 140.241130 178 34 34
277435.006488 2111188.611154 216.448366 128 128 128
277392.233894 2111074.551539 142.182173 128 128 128
277490.449379 2111137.410803 109.837777 128 128 128
277372.791784 2111083.916729 139.095545 128 128 128
277426.776126 2111156.053370 230.085291 128 128 128
277342.000839 2111092.590028 166.278631 128 128 128
277409.679988 2111055.306087 116.884589 178 34 34
277407.134642 2111165.874076 156.244244 128 128 128
277459.404232 2111162.211114 114.740554 178 34 34
277432.437504 2111142.776278 199.685039 178 34 34
277431.551672 2111127.980585 180.114522 128 128 128
277444.699429 2111181.297814 250.373299 178 34 34
277395.992321 2111061.863449 132.237490 128 128 128
277460.542576 2111124.626191 214.168403 128 128 128
277412.474002 2111076.638789 171.960661 128 128 128
277446.886501 2111180.987801 116.208607 128 128 128
277401.434086 2111031.436039 236.991278 128 128 128
277466.431911 2111113.964723 161.430693 128 128 128
277401.807694 2111152.426778 224.193198 178 34 34
277462.729954 2111149.232770 200.567392 178 34 34
277475.252635 2111132.244148 185.104891 128 128 128
277378.871478 2111042.863006 199.701108 128 128 128
277398.699815 2111110.785844 213.433025 128 128 128
277490.722504 2111136.937314 232.943279 128 128 128
277395.548281 2111055.205890 157.081011 128 128 128
277342.330930 2111089.621995 207.663073 128 128 128
277346.997567 2111087.964013 172.527777 178 34 34
277345.233844 2111082.356661 234.783169 128 128 128
277416.613200 2111054.347610 134.873909 128 128 128
277428.204582 2111088.805295 216.598255 128 128 128
277401.099330 2111055.390147 102.246406 128 128 128
277431.799296 2111179.817941 158.423386 128 128 128
277357.664550 2111083.993980 164.789654 178 34 34
277399.481213 2111029.455082 154.142676 178 34 34
277391.571038 2111134.245031 189.692714 128 128 128
277435.353260 2111062.479957 242.730008 128 128 128
277435.089572 2111165.181918 250.267302 128 128 128
277403.891895 2111095.185337 209.368737 178 34 34
277361.149825 2111105.902883 203.680974 178 34 34
277422.182324 2111192.285726 198.006928 128 128 128
277421.280607 2111082.412535 136.745052 128 128 128
277396.151107 2111033.766113 206.256560 178 34 34
277388.438484 2111049.018037 118.972293 128 128 128
277346.103501 2111105.037167 138.369375 178 34 34
277485.637848 2111136.607469 114.322766 178 34 34
277367.737292 2111121.202676 221.044741 178 34 34
277404.030793 2111143.011144 188.339634 128 128 128
277372.743615 2111107.953358 247.388333 178 34 34
277436.463008 2111163.054156 187.848453 128 128 128
277365.018952 2111123.764508 198.129610 128 128 128
277386.007746 2111051.254489 167.263434 178 34 34
277422.602444 2111182.986160 142.438232 128 128 128
277435.809498 2111172.734262 215.569296 128 128 128
277428.283923 2111130.942175 138.493418 178 34 34
277324.445676 2111085.211631 245.554408 128 128 128
277362.578096 2111095.276932 191.535427 178 34 34
277439.945366 2111078.209967 120.388736 178 34 34
277390.974799 2111131.255575 191.410021 128 128 128
277484.982793 2111132.098410 199.883973 178 34 34
277410.240242 2111177.979717 206.529694 128 128 128
277446.377507 2111132.061740 230.070385 128 128 128
277443.034220 2111118.196416 187.203240 128 128 128
277406.931922 2111045.187094 113.771665 178 34 34
277434.386146 2111086.842821 155.694411 128 128 128
277386.740284 2111161.002237 145.803103 178 34 34
277433.773797 2111126.450397 225.237781 128 128 128
277360.833827 2111126.291317 195.844183 128 128 128
277462.402117 2111101.234802 213.743668 128 128 128
277425.509213 2111078.861661 216.592847 128 128 128
277409.548683 2111097.736843 177.198375 128 128 128
277450.259362 2111083.924918 144.779922 128 128 128
277419.789739 2111165.685318 181.206220 178 34 34
277424.956161 2111077.518595 139.204182 128 128 128
277354.399159 2111085.222822 156.359858 178 34 34
277460.794524 2111113.027639 162.076277 128 128 128
277396.914291 2111114.210916 105.584962 128 128 128
277433.899834 2111078.091289 149.080432 128 128 128
277345.108740 2111113.924985 166.134972 128 128 128
277404.895908 2111080.535209 103.725887 128 128 128
277450.340280 2111088.268797 130.454074 178 34 34
277451.177159 2111102.819850 241.579326 178 34 34
277467.665162 2111128.177759 182.059771 178 34 34
277426.167536 2111199.778144 178.265410 128 128 128
277422.093592 2111089.977800 138.093106 128 128 128
277341.274184 2111108.227650 122.043608 128 128 128
277376.151123 2111139.091999 160.997911 128 128 128
277407.422400 2111070.707579 172.081529 128 128 128
277374.528079 2111139.948332 198.211886 128 128 128
277374.461242 2111099.658327 141.318790 178 34 34
277395.830121 2111042.328128 124.296226 128 128 128
277364.057600 2111057.023893 158.778972 178 34 34
277420.627584 2111160.318604 206.955494 178 34 34
277463.614075 2111122.408005 135.076694 128 128 128
277439.385488 2111157.419516 178.619897 128 128 128
277451.949817 2111152.453115 186.463023 128 128 128
277437.754556 2111089.401287 228.811231 128 128 128
277408.034502 2111040.256808 241.779885 128 128 128
277454.692646 2111153.655434 204.213029 128 128 128
277438.091971 2111126.375303 234.254954 178 34 34
277388.238229 2111045.986251 164.431514 128 128 128
277432.798326 2111068.396234 197.213351 128 128 128
277429.369425 2111163.648699 198.387790 178 34 34
277401.082505 2111069.962638 232.537051 178 34 34
277367.022344 2111113.135148 109.957621 178 34 34
277440.192150 2111109.202561 219.679481 178 34 34
277373.269763 2111046.978242 107.979182 128 128 128
277446.249650 2111178.045629 166.931179 128 128 128
277345.460558 2111076.759728 171.354695 128 128 128
277381.578832 2111068.260130 168.157117 178 34 34
277405.118616 2111144.391398 152.543653 128 128 128
277473.314732 2111142.895615 172.998469 178 34 34
277444.251532 2111137.484339 232.560011 178 34 34
277425.675350 2111161.775289 227.445339 128 128 128
277403.039551 2111143.470859 147.796301 128 128 128
277349.821730 2111078.516912 235.291306 128 128 128
277386.303015 2111041.031906 218.840702 128 128 128
277363.136350 2111110.227617 150.985434 128 128 128
277421.635497 2111152.046527 221.652661 128 128 128
277416.118068 2111086.968187 246.769357 178 34 34
277332.406788 2111091.567175 168.073497 178 34 34
277469.445985 2111162.195841 145.853013 128 128 128
277363.692736 2111071.354584 146.157172 178 34 34
277373.458012 2111073.320007 168.504075 128 128 128
277338.502171 2111101.177198 132.210662 178 34 34
277473.714467 2111120.390682 129.447602 128 128 128
277422.163547 2111170.468662 244.444635 128 128 128
277376.643893 2111039.297372 210.772242 128 128 128
277440.628600 2111188.941072 114.581408 178 34 34
277367.293318 2111138.044394 115.675158 128 128 128
277481.960273 2111130.555609 227.965500 128 128 128
277408.434372 2111155.697019 238.812919 128 128 128
277364.524054 2111133.486470 144.768704 128 128 128
277475.417372 2111146.685355 233.635082 178 34 34
277404.599410 2111099.223314 120.975323 128 128 128
277349.583587 2111069.736105 183.937133 128 128 128
277437.771685 2111182.741668 216.384551 128 128 128
277404.452882 2111041.364727 102.922557 128 128 128
277351.895610 2111111.012094 202.987034 128 128 128
277437.151595 2111089.689266 126.042097 128 128 128
277409.336480 2111041.444352 166.648803 128 128 128
277369.671842 2111045.469238 130.995836 128 128 128
277389.618777 2111059.409293 125.083366 128 128 128
277409.475080 2111103.954141 121.552855 128 128 128
277392.531404 2111109.715208 157.150949 178 34 34
277391.794232 2111042.450564 140.931777 128 128 128
277357.755224 2111102.852725 211.547746 128 128 128
277413.924082 2111151.693791 182.143038 178 34 34
277367.883621 2111056.584235 156.780637 128 128 128
277421.533161 2111075.307761 215.130176 128 128 128
277446.673794 2111092.381662 154.823107 128 128 128
277400.498894 2111093.048497 132.733191 128 128 128
277405.898572 2111178.569035 214.574267 178 34 34
277391.705585 2111067.863371 217.178539 128 128 128
277407.659015 2111127.494178 156.736660 128 128 128
277412.297259 2111166.376929 249.500416 178 34 34
277424.401936 2111081.030554 130.526152 178 34 34
277377.632467 2111102.716849 194.948800 128 128 128
277358.564551 2111077.220207 124.735085 178 34 34
277448.678264 2111127.442010 175.702711 128 128 128
277423.289998 2111084.737454 169.139724 128 128 128
277451.507039 2111115.665740 228.938304 178 34 34
277433.963013 2111130.527316 229.018535 128 128 128
277402.792106 2111170.446813 208.539167 128 128 128
277417.219102 2111066.565301 111.771688 178 34 34
277361.427135 2111098.629404 244.379641 178 34 34
277461.679593 2111143.830072 158.980716 178 34 34
277468.133764 2111109.798890 191.939018 128 128 128
277458.817599 2111148.032214 221.612703 128 128 128
277384.622934 2111068.956944 177.144395 128 128 128
277362.587433 2111118.780926 149.542171 128 128 128
277339.674967 2111103.686604 130.281183 128 128 128
277447.109204 2111152.860918 129.786036 128 128 128
277413.496023 2111176.200540 173.205337 178 34 34
277440.301917 2111108.437295 176.631088 178 34 34
277375.412199 2111048.705302 113.723279 128 128 128
277355.715181 2111088.491820 134.410110 128 128 128
277373.866709 2111084.150692 110.211206 178 34 34
277437.998839 2111112.647168 158.382068 128 128 128
277439.200839 2111116.928831 231.455110 128 128 128
277390.272211 2111111.248007 213.962681 128 128 128
277400.077576 2111160.231405 174.073144 128 128 128
277442.989204 2111118.477576 113.732599 128 128 128
277414.471569 2111096.948048 131.184182 178 34 34
277415.051747 2111122.063452 243.259490 128 128 128
277372.526353 2111141.031341 234.979232 178 34 34
277383.630328 2111053.014405 203.421650 128 128 128
277461.292280 2111125.078843 118.286641 128 128 128
277425.421991 2111055.771667 156.925349 178 34 34
277410.703730 2111170.883568 232.173507 178 34 34
277466.113203 2111115.250314 115.018627 128 128 128
277357.414671 2111087.128204 105.754883 128 128 128
277404.683154 2111080.785054 124.852889 128 128 128
277409.318779 2111123.896023 160.674335 128 128 128
277361.779882 2111064.903694 120.345977 128 128 128
277423.357067 2111096.248437 123.710254 128 128 128
277409.040407 2111150.498436 176.640938 128 128 128
277349.974263 2111082.821762 159.430310 128 128 128
277467.455597 2111142.882168 109.403125 178 34 34
277382.727496 2111080.272043 213.327555 178 34 34
277435.255827 2111088.978774 154.086339 128 128 128
277364.280370 2111123.796264 115.926020 178 34 34
277448.470750 2111153.716089 209.896051 128 128 128
277421.555379 2111082.192242 129.054845 128 128 128
277402.399299 2111078.537375 120.747690 178 34 34
277398.913711 2111054.000674 180.758625 128 128 128
277383.906935 2111037.465549 194.408678 128 128 128
277375.423391 2111056.995693 194.496405 128 128 128
277396.230285 2111125.402619 154.371630 128 128 128
277442.797258 2111072.783217 199.772514 178 34 34
277372.323806 2111126.977108 147.194810 128 128 128
277440.696637 2111089.398385 120.607818 178 34 34
277341.891878 2111093.769250 218.051961 128 128 128
277421.012017 2111056.051208 117.624237 128 128 128
277437.587327 2111090.087354 146.403980 128 128 128
277422.402170 2111148.906861 136.598393 128 128 128
277417.841928 2111076.150930 106.508433 178 34 34
277349.587216 2111067.893355 176.078152 128 128 128
277467.046070 2111164.572717 119.660219 128 128 128
277443.891963 2111100.616897 158.470197 128 128 128
277346.881007 2111086.012970 244.435737 128 128 128
277368.477275 2111070.915366 162.833464 178 34 34
277379.427684 2111048.658253 152.983428 178 34 34
277446.367147 2111137.022361 181.119134 128 128 128
277427.784334 2111199.161241 141.870714 128 128 128
277347.195206 2111078.866588 124.844303 128 128 128
277366.341396 2111066.590575 138.199076 178 34 34
277386.632171 2111042.972076 176.206718 178 34 34
277452.842619 2111115.699347 132.635773 128 128 128
277380.460830 2111110.291670 238.981908 128 128 128
277335.553593 2111086.645289 211.924918 128 128 128
277413.078421 2111083.018498 173.994809 128 128 128
277412.559316 2111109.176568 180.092618 128 128 128
277453.515387 2111157.573262 178.215340 128 128 128
277439.792272 2111158.361919 245.364394 128 128 128
277376.769005 2111131.597123 139.402458 128 128 128
277440.687792 2111118.984323 151.807690 128 128 128
277387.855723 2111070.708113 162.811025 128 128 128
277382.939586 2111076.708965 195.102550 128 128 128
277428.695044 2111093.589494 222.800937 178 34 34
277433.609703 2111091.016194 105.282410 178 34 34
277370.174148 2111098.507319 182.868868 178 34 34
277437.765270 2111161.180129 190.533948 128 128 128
277380.966514 2111125.326445 225.717487 128 128 128
277483.948930 2111145.886599 150.202095 178 34 34
277361.352474 2111073.231615 245.354384 128 128 128
277414.379228 2111134.561488 145.869236 128 128 128
277462.660937 2111167.437351 152.872977 128 128 128
277432.381536 2111125.101905 169.343860 128 128 128
277484.270261 2111146.637446 218.006086 128 128 128
277403.620963 2111027.201940 209.167046 128 128 128
277361.819877 2111116.238987 216.987305 178 34 34
277443.431314 2111176.157668 117.379879 128 128 128
277373.301820 2111113.922688 169.118530 128 128 128
277387.206128 2111092.419839 203.746730 128 128 128
277410.543056 2111110.632483 174.554670 178 34 34
277425.041002 2111100.616953 168.165539 128 128 128
277374.507020 2111070.863294 153.522081 128 128 128
277348.098799 2111091.010924 108.575284 128 128 128
277411.440313 2111186.896496 192.886866 128 128 128
277401.108575 2111153.569352 206.504431 128 128 128
277474.256362 2111117.682394 234.118324 128 128 128
277389.590277 2111112.325611 175.564998 128 128 128
277445.271679 2111161.474505 128.454774 128 128 128
277381.287792 2111137.682004 210.061762 178 34 34
277378.117542 2111085.685242 210.556146 128 128 128
277352.977780 2111081.441201 135.955082 128 128 128
277384.959727 2111031.153235 176.561033 128 128 128
277484.729315 2111149.749765 121.482944 128 128 128
277353.920524 2111079.930305 226.641646 178 34 34
277440.253219 2111105.037199 193.846577 128 128 128
277466.323745 2111161.440358 249.057954 178 34 34
277423.503527 2111195.539663 227.773024 178 34 34
277372.975937 2111049.988425 201.839389 178 34 34
277390.224048 2111098.826342 235.443571 178 34 34
277383.469250 2111093.189908 159.890595 128 128 128
277440.674723 2111091.248339 194.050343 128 128 128
277461.102044 2111165.382913 185.999673 178 34 34
277436.188452 2111158.995277 108.713698 128 128 128
277402.611484 2111142.362230 216.558379 128 128 128
277465.183330 2111160.019716 238.161821 178 34 34
277479.832907 2111110.825536 224.870624 178 34 34
277355.334116 2111097.148871 231.588284 128 128 128
277413.768709 2111172.309551 109.111748 128 128 128
277350.802946 2111100.914452 246.588669 178 34 34
277446.323103 2111165.996123 110.981715 128 128 128
277445.535518 2111177.565149 170.700789 128 128 128
277351.411689 2111084.249136 191.861894 128 128 128
277401.918291 2111162.028609 203.588303 128 128 128
277378.044788 2111105.060178 106.151545 128 128 128
277481.118312 2111145.148280 196.913575 178 34 34
277349.534221 2111096.536288 246.478060 128 128 128
277464.647237 2111146.534771 116.253327 128 128 128
277337.330812 2111103.413963 191.611659 178 34 34
277384.376929 2111148.407550 140.761600 128 128 128
277401.525861 2111114.568893 186.526736 128 128 128
277380.676137 2111126.830286 248.857741 128 128 128
277455.871926 2111157.711135 118.542712 128 128 128
277437.430571 2111076.964887 152.298469 128 128 128
277376.509218 2111040.462535 183.851566 178 34 34
277359.661543 2111079.068576 172.942221 128 128 128
277400.846617 2111087.486820 195.217348 128 128 128
277447.355707 2111110.273531 119.177492 128 128 128
277410.595501 2111091.311232 117.984858 128 128 128
277353.441068 2111064.836856 177.045619 178 34 34
277479.583079 2111122.520785 240.990234 128 128 128
277444.490961 2111179.822294 157.476763 178 34 34
277353.009599 2111095.010062 241.944127 128 128 128
277466.993322 2111161.426606 188.707647 128 128 128
277382.832836 2111140.417214 109.724222 128 128 128
277430.221971 2111074.939409 201.575117 128 128 128
277345.150531 2111110.221614 166.169456 128 128 128
277491.929336 2111137.423408 186.810083 128 128 128
277427.334562 2111110.516366 203.581106 128 128 128
277383.833034 2111039.971396 197.137863 178 34 34
277414.171117 2111161.734652 203.042251 128 128 128
277388.418009 2111049.739472 226.116008 128 128 128
277380.479571 2111114.240429 170.721728 178 34 34
277440.596319 2111125.064361 191.515825 178 34 34
277452.688086 2111111.143267 159.426220 128 128 128
277448.709790 2111088.466955 203.038445 128 128 128
277421.179578 2111171.773480 137.411883 178 34 34
277441.775960 2111128.780747 204.572347 128 128 128
277409.885384 2111156.892534 162.356482 178 34 34
277422.742527 2111159.919634 129.424970 128 128 128
277413.398169 2111070.603510 198.801002 178 34 34
277372.702048 2111123.858526 183.131804 178 34 34
277463.871629 2111104.525680 243.128788 128 128 128
277384.673537 2111089.654922 162.286811 178 34 34
277331.074697 2111078.088358 235.094947 128 128 128
277412.703175 2111111.401615 219.859426 128 128 128
277335.129367 2111084.312126 166.725597 128 128 128
277359.629421 2111058.028215 145.576496 178 34 34
277408.641149 2111068.590183 151.840016 178 34 34
277400.065752 2111064.213580 242.041133 178 34 34
277405.210505 2111036.545329 237.634778 128 128 128
277468.477804 2111106.785623 218.956807 128 128 128
277449.923223 2111125.961196 203.093212 128 128 128
277383.574048 2111113.895825 201.994036 128 128 128
277334.249351 2111091.152201 231.830347 128 128 128
277447.352523 2111102.124766 219.732683 178 34 34
277449.705399 2111132.020483 185.405968 128 128 128
277493.418479 2111134.276403 243.843108 128 128 128
277394.867098 2111132.716100 231.083991 128 128 128
277433.378204 2111182.170780 107.449265 128 128 128
277427.923996 2111101.429875 138.878428 178 34 34
277363.054334 2111118.619258 179.714515 128 128 128
277433.946099 2111112.878386 236.286248 128 128 128
277409.249848 2111068.312688 172.204273 128 128 128
277432.973037 2111145.288629 156.997955 178 34 34
277377.606936 2111061.997448 149.952478 128 128 128
277395.170894 2111090.407368 208.380551 178 34 34
277427.314493 2111084.944042 111.168265 128 128 128
277453.518434 2111102.395483 243.348195 178 34 34
277386.789857 2111056.722976 135.551712 178 34 34
277371.804233 2111117.953338 126.289342 128 128 128
277432.785156 2111107.030742 227.372099 128 128 128
277426.755771 2111123.567210 169.241055 128 128 128
277451.193465 2111162.639478 215.059542 178 34 34
277423.530446 2111186.196436 141.885148 128 128 128
277421.400116 2111119.376469 134.905824 128 128 128
277366.773202 2111104.564445 237.133592 128 128 128
277421.718893 2111056.510089 236.929027 178 34 34
277425.670693 2111167.816756 213.057899 128 128 128
277329.106917 2111083.132008 112.616106 128 128 128
277375.073168 2111115.873059 111.478497 128 128 128
277421.505826 2111180.569123 241.790013 178 34 34
277401.182617 2111124.014167 106.183896 128 128 128
277473.189183 2111119.303166 241.154197 128 128 128
277408.298070 2111123.817548 131.920168 128 128 128
277337.703923 2111093.399629 230.637259 178 34 34
277420.630477 2111139.203947 230.382999 128 128 128
277407.158856 2111126.730479 155.463096 128 128 128
277445.974808 2111118.335815 239.712061 178 34 34
277415.948647 2111080.704142 185.594070 178 34 34
277382.121217 2111059.389107 165.608722 178 34 34
277387.823821 2111098.930749 209.665919 178 34 34
277417.313264 2111105.588994 157.116648 128 128 128
277407.773896 2111057.259681 139.838852 128 128 128
277466.810337 2111125.053942 246.438848 128 128 128
277487.169836 2111145.667814 139.530898 178 34 34
277358.958552 2111081.566440 234.357106 128 128 128
277480.533480 2111116.644663 157.555437 128 128 128
277373.641212 2111052.073948 210.705137 128 128 128
277434.152826 2111177.340401 141.683681 128 128 128
277397.002370 2111064.739581 102.589860 178 34 34
277474.594921 2111134.298383 115.913330 128 128 128
277383.481397 2111086.999531 170.240460 128 128 128
277479.946520 2111121.591586 192.223207 128 128 128
277342.343191 2111073.472977 183.377406 128 128 128
277395.898956 2111036.398652 238.257706 128 128 128
277380.314898 2111124.979668 112.251593 178 34 34
277447.197996 2111118.623206 136.507234 128 128 128
277415.048647 2111088.568452 110.301020 128 128 128
277412.508745 2111157.072533 211.400388 178 34 34
277403.093984 2111098.440936 123.533411 128 128 128
277340.675117 2111102.617988 232.784385 178 34 34
277447.846260 2111103.781133 229.844828 128 128 128
277339.995001 2111071.187977 228.519351 178 34 34
277414.694698 2111067.588352 200.075265 178 34 34
277456.127112 2111146.358176 213.294271 178 34 34
277438.623912 2111090.264607 137.944904 128 128 128
277402.518491 2111125.860607 245.510688 178 34 34
277409.127689 2111170.516940 238.172683 128 128 128
277332.707042 2111097.736107 121.787831 178 34 34
277377.855516 2111067.589382 245.983347 178 34 34
277471.028122 2111131.567541 155.913561 128 128 128
277374.493223 2111133.859150 122.130171 128 128 128
277378.821441 2111149.332080 196.491316 128 128 128
277415.821761 2111180.438548 192.617001 128 128 128
277393.959066 2111091.277868 244.031472 178 34 34
277488.253866 2111125.903217 234.398807 178 34 34
277390.088008 2111154.044823 246.553782 178 34 34
277417.706349 2111147.923374 226.343254 178 34 34
277408.855101 2111141.906207 145.618908 128 128 128
277364.157571 2111094.196359 189.078568 128 128 128
277352.032979 2111105.262613 207.390433 128 128 128
277361.641159 2111058.323482 131.824709 128 128 128
277400.927552 2111120.082817 240.567937 178 34 34
277370.535896 2111100.162985 230.460956 178 34 34
277390.491626 2111045.234355 165.164383 128 128 128
277450.961546 2111137.539266 111.716908 128 128 128
277406.450982 2111116.227623 213.798477 178 34 34
277448.651345 2111141.804873 203.105336 128 128 128
277427.876768 2111095.111101 157.982062 128 128 128
277404.231567 2111140.280650 219.458498 128 128 128
277472.335432 2111146.617633 105.657398 128 128 128
277441.686855 2111177.722040 229.227179 178 34 34
277382.651190 2111075.825797 218.726238 128 128 128
277421.122550 2111164.141272 221.805375 128 128 128
277409.301075 2111045.152430 151.943810 178 34 34
277378.676108 2111143.451851 243.184981 128 128 128
277397.822860 2111108.996987 109.654872 128 128 128
277428.011070 2111181.253356 194.920280 128 128 128
277406.844264 2111102.079245 215.940476 178 34 34
277418.933387 2111119.552847 157.677178 178 34 34
277373.578648 2111076.710921 232.877521 178 34 34
277395.404713 2111145.233338 246.462177 178 34 34
277447.678975 2111110.748263 162.073628 128 128 128
277369.837649 2111130.296831 137.835907 128 128 128
277405.516438 2111171.348677 199.382543 128 128 128
277466.075468 2111118.016731 165.733849 128 128 128
277427.755219 2111182.853144 187.789594 128 128 128
277405.144321 2111065.591256 212.955179 128 128 128
277381.296845 2111126.945654 128.110386 128 128 128
277467.478015 2111159.428723 159.474493 178 34 34
277449.616684 2111126.394053 173.171625 128 128 128
277380.376855 2111097.263546 184.081321 178 34 34
277407.960288 2111086.318197 195.764896 128 128 128
277450.283714 2111087.307763 178.197075 178 34 34
277394.076486 2111140.449048 109.335366 128 128 128
277431.468105 2111133.817302 139.320328 128 128 128
277405.019737 2111091.115236 194.667467 178 34 34
277367.176923 2111068.418219 118.452988 128 128 128
277354.033699 2111102.816233 139.682405 128 128 128
277453.829252 2111098.469475 161.533317 128 128 128
277404.237547 2111088.802794 181.743077 128 128 128
277344.778988 2111081.833185 177.637030 128 128 128
277475.858631 2111138.486572 116.457602 128 128 128
277368.035436 2111106.178999 242.072955 128 128 128
277381.484553 2111143.587838 214.080890 178 34 34
277454.592932 2111137.316923 224.812628 128 128 128
277404.708658 2111054.101951 147.769203 178 34 34
277420.253307 2111092.326807 152.354566 128 128 128
277383.069218 2111061.308658 135.433892 128 128 128
277419.606458 2111176.231255 151.674062 178 34 34
277423.343619 2111106.849798 167.150529 128 128 128
277390.705897 2111082.730942 107.768490 128 128 128
277378.605532 2111111.792323 122.677849 128 128 128
277350.060866 2111067.785018 120.018971 178 34 34
277375.827971 2111097.048293 217.921308 128 128 128
277418.653560 2111054.800497 221.686623 178 34 34
277426.220667 2111059.659891 125.069611 178 34 34
277471.113617 2111152.930137 218.347940 128 128 128
277346.566009 2111080.416064 227.501786 128 128 128
277374.126112 2111051.055565 239.549230 128 128 128
277401.892180 2111115.920284 217.606866 178 34 34
277392.573833 2111037.941891 157.462664 128 128 128
277441.128896 2111120.265204 149.941840 128 128 128
277479.729130 2111144.486368 231.719091 178 34 34
277445.275786 2111107.078444 127.047541 128 128 128
277361.020058 2111105.641916 108.968667 128 128 128
277403.262468 2111072.836393 140.798716 178 34 34
277412.792830 2111119.506282 128.783017 128 128 128
277425.199097 2111193.183727 239.714750 178 34 34
277415.123891 2111135.294890 205.455317 178 34 34
277432.602894 2111064.850511 180.429384 128 128 128
277357.389391 2111100.008215 174.431148 178 34 34
277403.455006 2111138.750230 156.622445 128 128 128
277445.295068 2111149.531723 179.073771 178 34 34
277402.631364 2111146.730472 150.119703 128 128 128
277340.266677 2111096.446832 155.647136 128 128 128
277418.118801 2111068.605415 107.089314 128 128 128
277450.135589 2111116.489834 182.884218 128 128 128
277405.294784 2111113.604684 194.931368 128 128 128
277388.677999 2111092.960668 164.246177 128 128 128
277367.447939 2111083.086610 123.271805 178 34 34
277416.905337 2111079.867887 131.092386 178 34 34
277392.403782 2111071.971220 228.409882 178 34 34
277417.534092 2111179.132218 151.040720 128 128 128
277400.961210 2111034.164876 202.856485 178 34 34
277417.321136 2111142.809237 121.189686 128 128 128
277441.510391 2111181.011974 171.614619 128 128 128
277368.844707 2111103.724518 108.525703 128 128 128
277406.268453 2111133.031843 114.620442 128 128 128
277347.799561 2111068.278207 133.669688 128 128 128
277398.078439 2111097.107468 148.741694 128 128 128
277418.786260 2111056.899687 174.412927 178 34 34
277366.182681 2111065.820250 145.432088 178 34 34
277427.474636 2111175.479519 199.692069 178 34 34
277422.808011 2111135.498401 210.018609 128 128 128
277452.327002 2111105.760182 119.200774 128 128 128
277392.501556 2111159.404323 185.800744 128 128 128
277386.120364 2111036.990525 191.567457 128 128 128
277374.022431 2111110.264634 172.232803 128 128 128
277483.812225 2111121.143225 150.425123 128 128 128
277376.346158 2111039.249721 194.760919 128 128 128
277410.430159 2111148.953496 213.071137 178 34 34
277385.991432 2111079.764245 110.347029 128 128 128
277410.935403 2111146.817487 165.027915 128 128 128
277355.791860 2111090.930656 129.183576 128 128 128
277459.359000 2111100.883410 143.999502 178 34 34
277433.625529 2111092.568690 134.486013 128 128 128
277447.007149 2111167.301644 226.664111 178 34 34
277468.151905 2111120.888902 173.896367 128 128 128
277400.029559 2111087.984048 195.610909 128 128 128
277339.644387 2111075.274525 244.124658 128 128 128
277386.808803 2111118.988609 188.082473 128 128 128
277387.526255 2111119.925940 249.113957 128 128 128
277376.761425 2111044.312758 196.831161 128 128 128
277377.000478 2111063.716794 168.495206 128 128 128
277434.564513 2111150.093409 180.027874 178 34 34
277369.125765 2111074.656656 233.983267 128 128 128
277472.420773 2111148.127466 118.246539 128 128 128
277436.954852 2111131.873137 172.064450 128 128 128
277448.033283 2111114.684046 134.842928 178 34 34
277413.455948 2111177.337601 248.963477 128 128 128
277398.267346 2111155.392157 223.793745 178 34 34
277371.654201 2111134.644387 213.766785 128 128 128
277437.351953 2111145.112798 199.422843 128 128 128
277361.318756 2111130.816530 171.047009 128 128 128
277364.380611 2111094.709847 177.036036 128 128 128
277473.332302 2111130.352249 124.963619 178 34 34
277431.941477 2111121.728882 144.961449 128 128 128
277358.897991 2111124.537076 244.467386 178 34 34
277429.681764 2111155.514111 177.581648 178 34 34
277410.234735 2111111.899361 153.140872 128 128 128
277389.889081 2111082.877773 195.078230 178 34 34
277434.344841 2111105.103513 200.111524 128 128 128
277398.138331 2111033.004590 117.596119 128 128 128
277334.941896 2111086.928064 112.169993 128 128 128
277367.299499 2111131.450980 109.629177 128 128 128
277390.324849 2111114.350346 137.648599 128 128 128
277327.984884 2111091.564261 219.108582 178 34 34
277348.651101 2111084.105236 234.617256 128 128 128
277468.625603 2111109.206384 230.635717 178 34 34
277462.276780 2111154.868197 171.514609 128 128 128
277407.629277 2111058.308869 189.703777 128 128 128
277432.830551 2111179.888035 155.117735 128 128 128
277465.721740 2111101.309876 240.507176 128 128 128
277373.444700 2111123.221939 185.243410 178 34 34
277418.859273 2111104.104217 210.352569 128 128 128
277442.648288 2111127.030121 195.781996 178 34 34
277419.011493 2111108.096979 119.657049 128 128 128
277431.028216 2111149.165725 106.361065 128 128 128
277408.403483 2111167.677554 216.665334 128 128 128
277409.358565 2111076.212441 162.649355 178 34 34
277481.855679 2111132.692833 213.766378 128 128 128
277424.022957 2111063.397122 149.737896 178 34 34
277365.236940 2111047.539237 197.916245 128 128 128
277417.307197 2111136.929770 231.957696 128 128 128
277407.218355 2111115.819294 149.260365 128 128 128
277393.735229 2111161.525649 186.233527 128 128 128
277389.814358 2111141.611779 142.427933 178 34 34
277428.469578 2111101.217289 128.977726 128 128 128
277473.351662 2111102.243029 245.307557 178 34 34
277416.455115 2111100.214165 136.375758 128 128 128
277383.288555 2111114.261626 154.101101 178 34 34
277385.951469 2111097.571607 159.894655 128 128 128
277443.369956 2111109.798433 127.991783 128 128 128
277435.401777 2111149.756472 175.364807 178 34 34
277406.567339 2111090.724482 211.301547 178 34 34
277417.870868 2111089.818544 140.794833 178 34 34
277337.118837 2111088.859389 209.626440 128 128 128
277425.165578 2111174.659465 214.144647 178 34 34
277434.419586 2111148.778835 222.013647 178 34 34
277459.399784 2111143.039560 144.479567 128 128 128
277458.664384 2111105.202807 182.543464 128 128 128
277434.105456 2111152.077763 232.204389 128 128 128
277406.120730 2111114.947990 119.426471 128 128 128
277444.733020 2111111.915158 158.471825 178 34 34
277396.746381 2111095.646066 147.693521 128 128 128
277424.592539 2111073.223406 131.657952 128 128 128
277463.384318 2111115.031490 170.069433 128 128 128
277418.996976 2111138.308808 199.632755 178 34 34
277432.201808 2111186.423688 206.371815 128 128 128
277414.299954 2111119.324172 227.170744 178 34 34
277406.732487 2111134.825033 238.031089 128 128 128
277403.237236 2111049.139822 172.845023 128 128 128
277183.311846 2111271.055046 224.698803 128 128 128
277235.906668 2111264.888912 137.850928 128 128 128
277203.729753 2111266.557514 163.257060 128 128 128
277166.613360 2111226.865666 225.128484 128 128 128
277240.578942 2111272.854803 284.783701 128 128 128
277063.487930 2111226.276775 158.997851 128 128 128
277118.533750 2111223.236437 275.405591 178 34 34
277081.159205 2111247.924266 301.030466 128 128 128
277170.095313 2111339.738709 141.726359 128 128 128
277071.388095 2111234.136930 294.881658 128 128 128
277099.035622 2111253.811475 286.716841 178 34 34
277097.895675 2111250.184729 301.921438 178 34 34
277156.193292 2111251.208536 246.771397 128 128 128
277220.597954 2111264.944831 168.941241 128 128 128
277097.053808 2111220.825646 287.218001 178 34 34
277170.744013 2111323.130901 224.223604 128 128 128
277133.832594 2111215.731541 162.408096 128 128 128
277197.758799 2111303.691076 256.970387 128 128 128
277211.730259 2111242.563109 223.015874 178 34 34
277149.781885 2111201.227312 234.480045 128 128 128
277098.175681 2111258.953031 158.162303 178 34 34
277172.022956 2111249.111398 295.424079 178 34 34
277102.358834 2111261.867393 117.593265 178 34 34
277170.399884 2111238.850949 116.927600 178 34 34
277124.414062 2111211.882446 272.436791 128 128 128
277115.453388 2111202.391200 287.715939 178 34 34
277164.600509 2111313.151323 231.013019 128 128 128
277123.030195 2111195.544341 275.727883 128 128 128
277188.754548 2111275.006135 229.042288 128 128 128
277129.315609 2111280.431093 120.732423 128 128 128
277240.302329 2111276.388973 119.615985 128 128 128
277127.319104 2111265.927436 291.033887 128 128 128
277062.205216 2111228.296105 217.789349 128 128 128
277106.125550 2111206.461718 121.201720 128 128 128
277131.811323 2111282.277866 265.813097 128 128 128
277109.418955 2111194.401913 246.414894 178 34 34
277169.387651 2111193.435656 285.551188 178 34 34
277103.885788 2111281.230128 134.382897 128 128 128
277121.104148 2111241.121721 259.278595 128 128 128
277147.273270 2111192.436556 153.157319 178 34 34
277081.903548 2111253.042962 234.333295 128 128 128
277195.113687 2111243.872372 286.335953 128 128 128
277174.031730 2111227.740108 282.354998 128 128 128
277131.956551 2111313.023064 223.008206 128 128 128
277126.312054 2111274.129883 233.823032 128 128 128
277158.974041 2111205.377948 188.063965 128 128 128
277107.890228 2111208.050471 281.695364 128 128 128
277153.194955 2111206.331486 114.502838 128 128 128
277188.985211 2111298.587279 296.485515 128 128 128
277141.318064 2111318.420287 240.109738 178 34 34
277124.900284 2111252.735710 250.407691 178 34 34
277136.563558 2111265.712794 286.239872 128 128 128
277223.827366 2111289.197768 191.232921 128 128 128
277109.168814 2111266.755112 196.265590 128 128 128
277117.813193 2111259.552443 237.399258 128 128 128
277149.688553 2111162.677421 254.253052 128 128 128
277107.707316 2111274.269736 159.081046 128 128 128
277233.254846 2111288.024919 246.941138 128 128 128
277149.470350 2111278.583079 133.151867 178 34 34
277125.973539 2111259.593321 261.110542 128 128 128
277174.886740 2111290.696123 248.052658 128 128 128
277107.549744 2111203.995922 296.728749 178 34 34
277102.812227 2111183.652679 202.458520 128 128 128
277102.577584 2111245.705941 288.192897 128 128 128
277098.128908 2111270.086169 162.226537 128 128 128
277087.216216 2111251.412452 243.344303 128 128 128
277134.045089 2111188.693587 302.472842 128 128 128
277153.123144 2111181.391924 181.239251 178 34 34
277209.410150 2111298.739522 306.074276 128 128 128
277175.547601 2111220.313777 249.167910 128 128 128
277088.761037 2111257.849907 297.661470 128 128 128
277129.280343 2111229.994674 284.751944 128 128 128
277145.901990 2111207.011539 305.827673 128 128 128
277164.336891 2111325.202463 283.156153 128 128 128
277074.101417 2111235.913948 249.205393 178 34 34
277230.309715 2111288.271215 191.028717 128 128 128
277222.212266 2111260.002041 248.131480 128 128 128
277107.160399 2111231.951238 250.268816 128 128 128
277138.477656 2111246.383781 169.173717 128 128 128
277088.731696 2111258.936620 141.125104 128 128 128
277140.343317 2111214.653119 190.393657 178 34 34
277094.419258 2111272.716595 148.109382 128 128 128
277182.849523 2111286.795514 184.435679 128 128 128
277099.545650 2111188.863267 264.805976 128 128 128
277111.641089 2111222.248304 245.418523 178 34 34
277166.659236 2111237.963327 249.606020 128 128 128
277150.227102 2111249.209433 165.522230 128 128 128
277135.262934 2111229.201874 287.747010 128 128 128
277125.413241 2111241.607413 210.937413 128 128 128
277117.823485 2111206.844697 202.254669 128 128 128
277179.219168 2111248.248772 198.130806 128 128 128
277102.990848 2111252.864543 310.382120 178 34 34
277132.792601 2111158.190429 273.513774 178 34 34
277142.681474 2111216.755801 232.293807 128 128 128
277090.389280 2111196.058020 125.958155 178 34 34
277222.558607 2111288.589497 303.550346 128 128 128
277168.639897 2111217.218263 230.934054 178 34 34
277139.723439 2111223.287075 297.719596 178 34 34
277078.282837 2111206.272541 194.635435 178 34 34
277177.211139 2111200.711937 111.496295 128 128 128
277224.117828 2111268.849327 175.842633 178 34 34
277180.445085 2111291.218547 156.117867 178 34 34
277145.775190 2111178.239748 249.999153 128 128 128
277099.317922 2111184.664787 176.584905 128 128 128
277166.145257 2111225.602999 154.430779 178 34 34
277205.600028 2111275.373377 306.405531 128 128 128
277091.745810 2111198.290246 138.004803 128 128 128
277133.375765 2111293.231780 299.121973 128 128 128
277146.699728 2111175.136311 258.379875 178 34 34
277099.153936 2111282.050225 131.831493 128 128 128
277166.026598 2111295.620964 199.301650 128 128 128
277112.675355 2111212.724671 194.256540 128 128 128
277170.451657 2111336.004082 267.627686 128 128 128
277195.439385 2111289.889314 307.241765 178 34 34
277141.475215 2111169.997296 199.884175 178 34 34
277162.504691 2111219.921640 138.292401 178 34 34
277131.364951 2111288.115445 301.640555 128 128 128
277140.300174 2111314.241113 266.062889 128 128 128
277157.655378 2111224.340313 285.095345 128 128 128
277124.950097 2111172.178398 269.270721 128 128 128
277143.101573 2111272.867298 148.304670 128 128 128
277187.576679 2111279.851002 190.137986 128 128 128
277154.472786 2111218.747149 152.663898 128 128 128
277233.254809 2111251.490719 300.250963 128 128 128
277137.143527 2111285.337165 278.335206 128 128 128
277219.283175 2111270.455101 286.970889 128 128 128
277140.044565 2111208.663195 226.517439 128 128 128
277192.168855 2111238.785455 118.195442 178 34 34
277183.193967 2111280.073322 166.115510 128 128 128
277182.755153 2111327.570552 184.499548 128 128 128
277208.730733 2111300.637985 172.293912 128 128 128
277134.638878 2111282.588142 220.869586 128 128 128
277123.830503 2111292.328021 254.352962 128 128 128
277149.215188 2111282.325019 218.996811 128 128 128
277076.343620 2111232.914559 164.014449 128 128 128
277124.207542 2111258.451385 278.217666 128 128 128
277212.831333 2111300.389878 247.492054 128 128 128
277147.444559 2111326.132282 202.533092 128 128 128
277129.339673 2111217.535066 175.613875 178 34 34
277140.589102 2111255.093205 245.163965 128 128 128
277204.016054 2111253.437181 133.208087 128 128 128
277121.012708 2111302.348275 171.457013 128 128 128
277127.619035 2111252.277778 125.073923 128 128 128
277206.393219 2111298.445970 254.238477 128 128 128
277167.597203 2111304.419482 221.577668 128 128 128
277100.928448 2111234.511414 251.751063 128 128 128
277169.893020 2111322.967273 299.774507 128 128 128
277157.533798 2111261.600029 133.489432 178 34 34
277190.491680 2111242.141283 114.111531 128 128 128
277116.436591 2111261.947728 173.423485 178 34 34
277186.366458 2111324.126299 161.559902 128 128 128
277203.609192 2111290.807317 259.007198 128 128 128
277163.139072 2111185.820013 241.841062 128 128 128
277147.547064 2111299.418525 175.641708 128 128 128
277192.196870 2111211.760497 226.544553 178 34 34
277192.988348 2111271.662832 133.242833 178 34 34
277227.751150 2111277.477360 142.776878 128 128 128
277170.520516 2111335.141471 160.033871 128 128 128
277099.295126 2111268.826819 210.150101 128 128 128
277128.537033 2111161.473428 177.815638 128 128 128
277126.734880 2111262.235031 296.879001 128 128 128
277115.912921 2111188.265489 159.214360 128 128 128
277171.831438 2111273.057079 292.998180 128 128 128
277094.577108 2111190.030001 290.748991 128 128 128
277198.660203 2111314.589757 116.999302 128 128 128
277152.380178 2111258.105228 269.592543 128 128 128
277100.813449 2111200.369712 286.504251 128 128 128
277115.214280 2111174.668243 159.123320 178 34 34
277117.678674 2111277.295860 144.358765 128 128 128
277105.244129 2111271.905802 120.033228 128 128 128
277208.290277 2111278.851087 268.085509 178 34 34
277239.790982 2111262.569096 234.943738 128 128 128
277099.571138 2111221.724966 127.162857 128 128 128
277204.110594 2111292.311559 175.157358 178 34 34
277131.695655 2111281.029142 174.193774 128 128 128
277105.976122 2111255.458322 235.120881 128 128 128
277195.262554 2111231.497078 178.470662 128 128 128
277099.956466 2111214.937608 198.644310 128 128 128
277146.420244 2111175.500694 154.184839 178 34 34
277180.925978 2111309.964448 150.604169 128 128 128
277114.722751 2111249.295187 288.604799 178 34 34
277146.194999 2111263.681411 259.833822 128 128 128
277135.932175 2111238.534921 192.212564 128 128 128
277218.601022 2111282.352011 254.405320 128 128 128
277173.135237 2111253.312252 128.976447 128 128 128
277165.845597 2111346.047576 269.868368 128 128 128
277162.874153 2111330.109736 264.436139 128 128 128
277141.045874 2111240.545331 261.056816 128 128 128
277167.929425 2111284.038159 256.651048 178 34 34
277225.348347 2111277.143250 168.414993 128 128 128
277205.946345 2111311.739977 275.563942 128 128 128
277139.994042 2111163.141106 245.688175 128 128 128
277140.868440 2111208.396049 240.126366 128 128 128
277247.622929 2111275.338374 200.196041 128 128 128
277183.020862 2111331.967647 260.531333 128 128 128
277155.084748 2111167.614760 263.782236 128 128 128
277099.467687 2111223.220280 132.795406 128 128 128
277169.662823 2111205.697809 135.301847 128 128 128
277163.661955 2111337.036780 268.906327 128 128 128
277104.531298 2111247.302443 236.180778 178 34 34
277150.235473 2111239.290110 159.774372 128 128 128
277162.284611 2111216.253796 201.512858 128 128 128
277088.662621 2111213.444315 229.227006 178 34 34
277139.426566 2111160.585068 212.369568 128 128 128
277120.729033 2111204.478260 217.331008 128 128 128
277087.791708 2111237.971543 148.761536 128 128 128
277138.090453 2111290.113899 172.992896 178 34 34
277168.780543 2111248.848018 300.522279 128 128 128
277115.605415 2111207.189644 303.811837 128 128 128
277127.377869 2111282.813073 131.930243 128 128 128
277129.073312 2111282.621058 154.262440 128 128 128
277160.897498 2111262.561275 214.612151 178 34 34
277183.105914 2111291.211906 189.199702 128 128 128
277142.953677 2111262.527946 257.606167 128 128 128
277170.109131 2111299.512406 276.034594 178 34 34
277109.490003 2111237.938921 127.695246 128 128 128
277150.187824 2111256.375489 228.444508 128 128 128
277099.136087 2111228.540181 231.683146 128 128 128
277175.909932 2111297.792673 126.903649 178 34 34
277166.920072 2111195.455224 162.882259 128 128 128
277153.405229 2111278.750772 142.769485 128 128 128
277085.360573 2111240.181820 249.656268 128 128 128
277151.615426 2111281.061058 294.913483 128 128 128
277136.296053 2111174.292280 172.573124 128 128 128
277200.762533 2111288.488216 308.192977 128 128 128
277153.361241 2111220.271076 244.674842 178 34 34
277191.802474 2111282.407073 228.424729 128 128 128
277132.979811 2111195.341840 303.842888 128 128 128
277169.939942 2111184.818065 304.245834 128 128 128
277107.556347 2111191.293721 300.880205 178 34 34
277152.156891 2111316.194151 130.646350 128 128 128
277214.701338 2111261.461298 178.589331 128 128 128
277174.865662 2111306.462091 262.575944 178 34 34
277159.904341 2111339.244682 153.374015 128 128 128
277168.198008 2111301.638056 194.461757 128 128 128
277135.032715 2111221.122220 283.572973 128 128 128
277137.939881 2111171.781109 208.856452 178 34 34
277126.201140 2111167.152684 146.180871 178 34 34
277222.045372 2111281.396769 129.227599 128 128 128
277176.056737 2111299.853607 164.260897 128 128 128
277182.719366 2111216.029014 129.570780 128 128 128
277223.214183 2111276.646058 165.556072 128 128 128
277135.557561 2111243.564903 241.003893 128 128 128
277161.395907 2111277.606425 247.779428 128 128 128
277164.840121 2111267.157120 208.597135 128 128 128
277132.249195 2111262.190771 226.410658 128 128 128
277203.503183 2111248.446985 257.047213 128 128 128
277115.625733 2111172.509741 247.718167 128 128 128
277099.885715 2111184.286618 212.165558 128 128 128
277161.821944 2111210.956659 140.824095 178 34 34
277125.234769 2111159.603633 164.506133 128 128 128
277108.903254 2111281.193401 311.547912 178 34 34
277220.841353 2111285.030174 272.211494 128 128 128
277099.996850 2111189.139794 156.613468 128 128 128
277170.815918 2111188.552705 189.713234 128 128 128
277183.443443 2111245.307735 233.472552 178 34 34
277101.376937 2111188.144002 125.568926 128 128 128
277109.955828 2111239.595135 152.783382 128 128 128
277177.918112 2111338.148892 265.829213 178 34 34
277101.256842 2111190.548607 217.279594 128 128 128
277092.665543 2111199.796963 140.376669 128 128 128
277234.765910 2111285.848308 153.583550 128 128 128
277169.075780 2111187.458239 292.162218 128 128 128
277076.392806 2111217.157982 149.409359 178 34 34
277135.227969 2111295.911552 259.272360 128 128 128
277115.907239 2111204.654386 263.872330 128 128 128
277137.537598 2111250.493258 290.224633 128 128 128
277189.184741 2111248.964505 128.372766 178 34 34
277113.944898 2111262.484386 198.887160 178 34 34
277161.337299 2111303.971101 300.260281 178 34 34
277213.954679 2111263.441750 301.032025 178 34 34
277094.071449 2111212.997573 132.754103 128 128 128
277184.309838 2111307.864518 190.084212 178 34 34
277162.493858 2111257.226015 195.471146 128 128 128
277155.239437 2111310.385489 279.122815 128 128 128
277132.443141 2111297.670006 231.674078 128 128 128
277167.748569 2111289.503024 299.817441 128 128 128
277168.035792 2111319.624377 160.616002 128 128 128
277158.687787 2111329.604117 155.135896 128 128 128
277133.698213 2111309.228473 142.781906 128 128 128
277138.743164 2111242.091643 116.134917 178 34 34
277218.696136 2111245.085099 163.929590 128 128 128
277160.404148 2111293.454702 277.054924 128 128 128
277192.604448 2111213.351301 245.914107 128 128 128
277087.820147 2111204.154519 183.674761 128 128 128
277200.363932 2111316.994774 150.520326 178 34 34
277229.774621 2111253.891673 254.207675 128 128 128
277219.629129 2111289.308798 148.755877 128 128 128
277089.739698 2111211.612561 275.384756 178 34 34
277126.527991 2111282.354297 118.817777 128 128 128
277145.452603 2111305.973001 273.551034 128 128 128
277192.256720 2111227.017941 277.279568 128 128 128
277205.710297 2111256.805268 126.734415 128 128 128
277161.068589 2111203.241976 150.531487 178 34 34
277115.314597 2111178.343716 239.656002 128 128 128
277174.051227 2111332.027253 296.282163 178 34 34
277145.138830 2111241.073724 132.892325 128 128 128
277209.436929 2111304.771741 174.566378 128 128 128
277183.623625 2111222.572244 235.678252 128 128 128
277205.600291 2111224.883062 251.564234 128 128 128
277218.988718 2111249.272785 305.886013 128 128 128
277166.244731 2111350.608433 161.914480 128 128 128
277204.331689 2111261.805961 196.758102 178 34 34
277129.645998 2111213.865948 182.912368 128 128 128
277191.432904 2111229.457646 251.246272 128 128 128
277173.077176 2111278.859969 127.715596 128 128 128
277105.605276 2111221.658542 278.765529 128 128 128
277181.818050 2111237.897725 247.567864 128 128 128
277161.424566 2111332.971786 201.984743 128 128 128
277154.051520 2111305.384299 261.824127 178 34 34
277227.257273 2111292.035024 223.308608 128 128 128
277217.566343 2111281.699227 258.001058 128 128 128
277133.837711 2111176.374665 293.965520 128 128 128
277176.055786 2111312.727039 121.775576 178 34 34
277102.767570 2111258.835966 311.778238 128 128 128
277140.673588 2111221.463169 192.580600 128 128 128
277207.615238 2111238.563461 263.220730 128 128 128
277110.281174 2111286.979500 136.032390 128 128 128
277092.883120 2111247.704303 238.073189 128 128 128
277169.208153 2111241.801031 267.806156 128 128 128
277161.466403 2111258.994983 269.628879 128 128 128
277154.515077 2111184.612148 218.545319 178 34 34
277135.601609 2111297.125234 188.930738 128 128 128
277074.078809 2111224.165594 278.094305 128 128 128
277132.882707 2111275.398674 192.219975 128 128 128
277216.745013 2111276.300014 157.859022 178 34 34
277091.016163 2111245.437927 119.055250 128 128 128
277178.803721 2111198.104591 238.104780 128 128 128
277161.314614 2111290.608252 211.139158 178 34 34
277189.766539 2111312.443166 243.661003 178 34 34
277150.804284 2111284.874383 162.480030 128 128 128
277089.345672 2111213.494021 287.989060 128 128 128
277213.331585 2111276.620853 237.563748 128 128 128
277163.965904 2111224.123947 288.744009 178 34 34
277110.918728 2111188.275468 276.058537 128 128 128
277090.340355 2111264.643122 220.572282 128 128 128
277137.847318 2111285.102532 242.928278 128 128 128
277144.113850 2111207.883640 198.235261 128 128 128
277207.590909 2111241.548740 240.279474 178 34 34
277165.728274 2111343.837588 191.421457 128 128 128
277149.311109 2111168.569811 168.907806 128 128 128
277126.163260 2111294.238729 278.927198 128 128 128
277136.058603 2111269.126699 249.369889 128 128 128
277139.953052 2111207.958532 235.391944 178 34 34
277158.622680 2111277.700381 123.057833 128 128 128
277195.779085 2111279.099012 274.081889 128 128 128
277133.133582 2111285.916175 299.924909 178 34 34
277122.987947 2111197.677173 234.143009 128 128 128
277135.289848 2111204.179892 280.360113 128 128 128
277187.159868 2111287.883127 244.974764 128 128 128
277143.563045 2111275.974669 167.743957 128 128 128
277160.091709 2111250.377381 160.272196 128 128 128
277162.135703 2111316.724347 259.539887 178 34 34
277210.654315 2111287.368844 301.212497 128 128 128
277129.627704 2111258.592487 229.648717 178 34 34
277125.730445 2111186.308134 299.993395 128 128 128
277171.364394 2111231.627740 272.146019 178 34 34
277105.741463 2111251.460254 276.773649 178 34 34
277111.164272 2111273.193610 217.953066 178 34 34
277117.223314 2111241.665437 143.205977 178 34 34
277107.621533 2111208.349188 294.815066 178 34 34
277206.456842 2111288.423826 221.436466 128 128 128
277218.339409 2111303.974297 249.987864 128 128 128
277169.995797 2111264.554534 163.323878 128 128 128
277072.963667 2111220.516104 298.056348 178 34 34
277105.749680 2111172.942958 283.905961 128 128 128
277162.701699 2111312.659350 188.884866 178 34 34
277129.771295 2111246.544416 215.385023 128 128 128
277128.003570 2111302.519986 196.063378 128 128 128
277149.621087 2111197.683734 209.604147 128 128 128
277117.760875 2111201.749106 306.980455 128 128 128
277106.730611 2111227.359537 211.887542 128 128 128
277187.933649 2111230.596098 275.977718 128 128 128
277155.629173 2111185.795595 296.093845 178 34 34
277122.324953 2111273.972935 200.452232 128 128 128
277122.599739 2111271.932735 312.177755 128 128 128
277164.507340 2111352.491887 137.538628 178 34 34
277082.006745 2111217.762428 146.679009 128 128 128
277118.661378 2111212.646447 269.854745 128 128 128
277178.313457 2111317.392035 175.018760 128 128 128
277173.298726 2111320.599423 292.294185 128 128 128
277140.502958 2111205.436630 225.845638 128 128 128
277144.748615 2111154.839731 288.665806 178 34 34
277185.205761 2111239.810163 120.997967 128 128 128
277147.005464 2111322.367931 215.588041 128 128 128
277201.608968 2111247.561486 129.434482 128 128 128
277152.687760 2111282.510544 198.022022 178 34 34
277167.961820 2111244.464430 280.575936 128 128 128
277177.830204 2111338.762884 265.828695 128 128 128
277165.086669 2111247.544042 209.617720 128 128 128
277192.352738 2111296.517331 121.081725 178 34 34
277085.712152 2111197.079868 259.987046 128 128 128
277171.137297 2111202.852047 145.400002 178 34 34
277148.352372 2111209.573451 142.830380 178 34 34
277119.837114 2111170.354172 159.793871 178 34 34
277186.209142 2111323.538180 277.654745 128 128 128
277224.364976 2111293.016187 195.793304 178 34 34
277163.224076 2111313.198931 149.885944 128 128 128
277140.692536 2111300.113226 215.838514 178 34 34
277151.227892 2111190.647290 192.249966 128 128 128
277175.213191 2111226.405181 267.352113 128 128 128
277158.931895 2111307.749520 200.167470 128 128 128
277233.030796 2111259.155041 267.476886 178 34 34
277183.021986 2111280.228973 122.690288 128 128 128
277172.326285 2111249.631254 142.845007 128 128 128
277148.381515 2111268.959872 225.928509 128 128 128
277130.589214 2111217.516045 212.932517 178 34 34
277091.125423 2111200.858576 307.057269 128 128 128
277164.906620 2111345.826661 240.649855 128 128 128
277152.110918 2111262.326821 273.433538 128 128 128
277092.559791 2111264.060249 271.418655 178 34 34
277099.625898 2111237.100899 273.076570 128 128 128
277154.339099 2111187.552224 305.717521 128 128 128
277234.823652 2111272.799545 197.982180 128 128 128
277197.060020 2111253.834355 269.460103 178 34 34
277151.361719 2111317.873080 215.487940 178 34 34
277173.448898 2111282.800507 279.027453 128 128 128
277144.965094 2111291.600432 125.171747 178 34 34
277162.901071 2111309.177615 121.273233 178 34 34
277130.772697 2111261.556821 237.333566 128 128 128
277168.179375 2111242.605642 260.737727 128 128 128
277103.454473 2111227.776256 234.183477 128 128 128
277184.187317 2111309.850038 157.864606 128 128 128
277096.121765 2111244.234209 232.247824 178 34 34
277142.674693 2111301.859612 237.860643 178 34 34
277144.958269 2111234.567174 117.498065 128 128 128
277174.457177 2111245.882932 201.283704 178 34 34
277141.356437 2111162.930965 205.011063 178 34 34
277237.161485 2111265.721855 142.262498 128 128 128
277191.155479 2111298.976084 164.503683 178 34 34
277209.578480 2111269.090870 127.211972 128 128 128
277197.826296 2111290.874572 200.445960 178 34 34
277132.910465 2111171.029474 146.981321 128 128 128
277076.008572 2111253.825091 133.842524 178 34 34
277177.091531 2111336.824622 141.547616 128 128 128
277118.106566 2111207.512802 230.899393 128 128 128
277180.614257 2111311.372866 131.616718 128 128 128
277139.671703 2111197.583627 288.960369 128 128 128
277166.169641 2111197.807922 225.762642 128 128 128
277091.824709 2111210.076402 216.511527 178 34 34
277144.548722 2111176.334034 114.871075 128 128 128
277184.485337 2111281.577697 224.047432 128 128 128
277238.223423 2111261.146232 238.245012 128 128 128
277235.305116 2111262.284256 203.597658 128 128 128
277229.211671 2111272.428074 193.391194 178 34 34
277191.434924 2111303.380134 288.545505 178 34 34
277209.757890 2111276.887950 254.697546 178 34 34
277145.277095 2111288.323932 266.816944 128 128 128
277175.818855 2111293.474168 132.117653 178 34 34
277199.281795 2111315.394731 214.474729 128 128 128
277184.713263 2111213.427232 215.308219 128 128 128
277097.302766 2111202.348696 125.257149 128 128 128
277224.900307 2111295.654067 231.175350 178 34 34
277164.347089 2111307.312036 228.642113 178 34 34
277134.437229 2111226.581893 174.286819 128 128 128
277212.594834 2111282.030497 255.490774 178 34 34
277135.587654 2111284.803332 126.525656 178 34 34
277156.699172 2111289.807613 192.712867 128 128 128
277157.501959 2111250.235598 158.865213 128 128 128
277168.859204 2111298.996656 223.147796 128 128 128
277125.649561 2111233.656316 198.435325 128 128 128
277149.356631 2111300.907418 187.675314 128 128 128
277178.444458 2111292.604689 204.113186 128 128 128
277153.609800 2111187.013441 266.324982 128 128 128
277103.703931 2111228.031561 225.526429 128 128 128
277172.483884 2111205.462878 218.809560 178 34 34
277117.612648 2111256.709695 207.634767 178 34 34
277120.513058 2111194.848333 221.307384 128 128 128
277121.094808 2111222.894750 231.549820 128 128 128
277198.933289 2111214.924877 277.971608 128 128 128
277179.586841 2111286.648405 206.322630 128 128 128
277201.130903 2111298.623366 282.332529 178 34 34
277123.982925 2111231.170921 155.141986 128 128 128
277107.036185 2111211.308374 257.132254 178 34 34
277183.777957 2111286.339021 167.968987 128 128 128
277136.147518 2111230.981366 148.922609 128 128 128
277054.800340 2111230.581325 116.532882 128 128 128
277139.511348 2111153.170678 233.486946 128 128 128
277126.889616 2111159.104457 176.025276 128 128 128
277181.782518 2111259.764821 174.711161 128 128 128
277165.810563 2111316.081163 253.362367 128 128 128
277180.260351 2111211.236145 261.660205 128 128 128
277069.856737 2111229.816856 160.646482 128 128 128
277171.043589 2111222.278919 296.923350 128 128 128
277119.589874 2111231.581693 138.308135 178 34 34
277217.273483 2111299.748954 312.594603 178 34 34
277080.126433 2111250.178862 172.467202 178 34 34
277211.338897 2111296.914819 169.859273 178 34 34
277136.194934 2111212.713990 121.394207 178 34 34
277205.060455 2111315.824390 158.822946 128 128 128
277141.739790 2111291.217141 217.233374 128 128 128
277083.702320 2111248.684153 181.878450 128 128 128
277229.562364 2111261.967038 172.597189 128 128 128
277193.881151 2111324.938380 162.259988 128 128 128
277207.292329 2111256.154260 169.837002 178 34 34
277121.613788 2111214.594563 271.902556 128 128 128
277162.169810 2111335.441483 158.959203 128 128 128
277244.684746 2111279.883322 188.745042 128 128 128
277150.671309 2111196.540177 262.353632 128 128 128
277233.896102 2111254.199454 262.651981 128 128 128
277163.509098 2111323.532858 231.183711 128 128 128
277078.510247 2111202.886029 156.450293 128 128 128
277201.743500 2111308.956470 259.984132 128 128 128
277131.678129 2111265.610215 196.414659 178 34 34
277139.316584 2111199.656685 234.459214 128 128 128
277217.425854 2111251.802007 278.859195 128 128 128
277192.558985 2111211.219474 287.473585 128 128 128
277214.641626 2111278.902758 268.253912 178 34 34
277072.799234 2111210.523956 121.006833 178 34 34
277085.254882 2111229.704691 202.517747 128 128 128
277112.650689 2111184.713140 187.936630 128 128 128
277194.218752 2111235.944282 187.810414 128 128 128
277121.904084 2111218.106096 114.544731 128 128 128
277194.325183 2111287.665386 232.524543 128 128 128
277141.626917 2111192.552942 117.127486 128 128 128
277152.911344 2111292.085122 176.432078 178 34 34
277178.281386 2111338.419358 215.735603 128 128 128
277133.346590 2111294.866822 140.271795 128 128 128
277110.602367 2111265.078047 156.087488 128 128 128
277167.643840 2111298.831693 124.971383 128 128 128
277130.581806 2111170.628545 240.320364 128 128 128
277134.721553 2111255.120972 144.949733 128 128 128
277208.552664 2111236.065394 183.611929 178 34 34
277082.118851 2111257.551120 129.045601 178 34 34
277177.734642 2111222.018992 236.818430 128 128 128
277174.520051 2111315.948260 280.171250 178 34 34
277159.228533 2111179.081842 288.373616 128 128 128
277209.111197 2111278.492738 193.296516 178 34 34
277138.328694 2111280.935248 171.008782 178 34 34
277163.027090 2111182.208644 288.309697 178 34 34
277081.720043 2111204.710196 180.436974 178 34 34
277179.439733 2111335.727539 259.578852 128 128 128
277206.770067 2111287.804868 122.973340 178 34 34
277142.562029 2111303.426995 183.186296 178 34 34
277166.762038 2111281.424142 160.931008 128 128 128
277069.844772 2111207.698235 291.508448 128 128 128
277157.084448 2111232.157768 167.402300 178 34 34
277159.132800 2111213.239107 275.905219 128 128 128
277138.650422 2111186.639148 163.375030 178 34 34
277135.796969 2111318.710902 147.795586 128 128 128
277232.218161 2111279.990569 145.911460 178 34 34
277154.802546 2111199.079335 157.955087 178 34 34
277095.489648 2111241.034117 223.954085 128 128 128
277187.934341 2111312.357329 174.488854 128 128 128
277101.583510 2111200.626162 236.496200 128 128 128
277077.927474 2111230.287605 198.747258 128 128 128
277156.060029 2111290.302827 251.642592 128 128 128
277179.588166 2111324.461964 273.538765 178 34 34
277092.017997 2111208.247320 198.684765 128 128 128
277153.674146 2111190.173267 162.872464 178 34 34
277114.373604 2111180.764504 260.531160 128 128 128
277136.626007 2111304.042915 120.462267 128 128 128
277137.319599 2111176.651149 219.234901 128 128 128
277225.962424 2111271.912329 215.888438 128 128 128
277082.159800 2111200.002674 164.066711 128 128 128
277135.975303 2111153.371553 236.162784 178 34 34
277173.367901 2111293.499717 227.600110 128 128 128
277175.338580 2111220.377959 237.170070 178 34 34
277135.823732 2111199.372819 138.704924 178 34 34
277138.335004 2111238.161980 293.234378 128 128 128
277100.959650 2111227.723448 228.623604 178 34 34
277097.117251 2111229.205164 269.866836 128 128 128
277206.593171 2111264.733362 227.985097 128 128 128
277172.442607 2111240.059166 258.577512 128 128 128
277178.168003 2111221.817168 223.678035 178 34 34
277176.581579 2111320.388513 299.766317 128 128 128
277173.073727 2111319.014300 227.954678 128 128 128
277210.272105 2111243.989632 169.892806 128 128 128
277107.511486 2111272.233234 135.206795 128 128 128
277110.108831 2111190.791342 189.715693 128 128 128
277153.679577 2111260.085740 199.476414 128 128 128
277092.625898 2111258.896455 177.374688 128 128 128
277091.176459 2111216.745276 220.856007 128 128 128
277169.799779 2111327.332100 272.619853 128 128 128
277206.587755 2111310.953734 274.511030 128 128 128
277168.146925 2111239.397467 157.325127 128 128 128
277209.090531 2111241.262318 169.438380 128 128 128
277090.330791 2111251.329025 302.102470 128 128 128
277221.145842 2111293.965593 286.185847 128 128 128
277154.999729 2111201.647604 206.491083 178 34 34
277136.789519 2111251.394633 153.268215 128 128 128
277171.578086 2111266.686689 220.700863 178 34 34
277083.015345 2111209.052842 226.978563 178 34 34
277174.947759 2111193.528496 236.610854 128 128 128
277127.155872 2111204.584567 187.054465 128 128 128
277193.328556 2111229.495245 234.161831 178 34 34
277221.397044 2111286.865204 137.408070 178 34 34
277172.178330 2111202.119221 264.507981 178 34 34
277177.755070 2111270.808354 215.940540 128 128 128
277087.945081 2111202.276536 222.739649 128 128 128
277204.926889 2111259.250881 132.007424 128 128 128
277180.445825 2111217.071549 207.177914 128 128 128
277204.353498 2111248.052238 296.428142 128 128 128
277160.057361 2111298.262623 311.710165 178 34 34
277159.941235 2111323.041829 118.379340 128 128 128
277204.321254 2111311.494569 293.485776 128 128 128
277134.593173 2111190.492505 237.075726 128 128 128
277151.210888 2111314.907099 125.892823 128 128 128
277192.775042 2111218.727198 191.944257 178 34 34
277124.412012 2111191.419819 273.201807 178 34 34
277139.926948 2111157.001792 258.799262 128 128 128
277145.552677 2111312.798347 143.124166 128 128 128
277187.874410 2111292.743782 274.573298 178 34 34
277190.380941 2111299.526509 248.772737 128 128 128
277207.288514 2111278.409933 311.343192 178 34 34
277110.638009 2111239.929630 120.076550 128 128 128
277094.440130 2111211.717962 136.378982 128 128 128
277085.143476 2111196.031649 283.550821 128 128 128
277153.546108 2111189.422130 280.594125 128 128 128
277142.536245 2111272.766030 164.937946 128 128 128
277215.610179 2111245.358866 134.863497 178 34 34
277145.152186 2111218.774554 291.204446 128 128 128
277138.492772 2111279.886643 124.458806 128 128 128
277176.461707 2111219.521243 295.691577 128 128 128
277126.876455 2111300.802161 290.351315 178 34 34
277113.031440 2111170.358529 180.387142 178 34 34
277197.699407 2111251.017735 249.036302 128 128 128
277123.344981 2111183.753583 225.796293 128 128 128
277200.980971 2111314.421733 267.966519 128 128 128
277070.258224 2111237.369129 186.143211 128 128 128
277148.265459 2111219.792872 243.328987 128 128 128
277077.115194 2111219.444893 165.717895 128 128 128
277168.730138 2111284.945432 145.001452 128 128 128
277129.323804 2111215.572441 209.820003 128 128 128
277173.407370 2111188.263797 275.539942 128 128 128
277084.874152 2111209.120922 139.630810 128 128 128
277147.531369 2111239.103548 280.297342 178 34 34
277137.689691 2111209.066188 242.352683 128 128 128
277137.073326 2111267.873063 185.852947 128 128 128
277167.750819 2111216.120739 205.168605 128 128 128
277159.029180 2111196.101688 124.760348 128 128 128
277113.248663 2111267.466674 301.114072 128 128 128
277183.140145 2111275.878583 253.749311 128 128 128
277117.645710 2111185.812670 121.054255 128 128 128
277185.341174 2111251.296839 236.642687 128 128 128
277185.619527 2111320.330266 235.084881 128 128 128
277139.847134 2111248.163196 169.122278 128 128 128
277237.108144 2111277.607837 237.157979 128 128 128
277154.960598 2111313.145550 251.100366 128 128 128
277171.356356 2111334.614292 138.609190 128 128 128
277132.777951 2111187.982949 233.839914 128 128 128
277085.357731 2111227.056344 208.963408 178 34 34
277156.108168 2111259.215808 262.941870 128 128 128
277140.755794 2111172.086238 220.498560 128 128 128
277119.798874 2111211.659046 131.190270 128 128 128
277130.207292 2111239.422926 273.743546 128 128 128
277069.340758 2111235.290264 276.591249 178 34 34
277116.750611 2111285.216687 189.331844 178 34 34
277076.177503 2111232.051996 186.189814 128 128 128
277162.824506 2111179.132797 252.750527 128 128 128
277125.802056 2111190.179441 136.005981 178 34 34
277163.162535 2111209.936937 250.868741 128 128 128
277080.945872 2111200.462301 175.300170 128 128 128
277184.951617 2111258.045707 184.103235 178 34 34
277142.362833 2111174.509802 200.515056 128 128 128
277232.855779 2111287.527107 129.178798 128 128 128
277180.753096 2111273.988068 202.000336 178 34 34
277156.634063 2111337.721652 271.622231 128 128 128
277128.775126 2111242.155910 165.298954 128 128 128
277102.272731 2111198.417791 166.917043 128 128 128
277102.047885 2111251.042038 215.687193 128 128 128
277144.412588 2111190.880734 176.167968 128 128 128
277175.175258 2111272.151243 280.852111 128 128 128
277103.100126 2111263.078472 290.191882 128 128 128
277115.552570 2111234.503429 229.987370 128 128 128
277159.469354 2111182.585813 135.435895 128 128 128
277153.608776 2111327.420541 232.833363 128 128 128
277102.254609 2111180.056636 258.944644 178 34 34
277115.040643 2111257.465223 263.326399 128 128 128
277152.088820 2111222.544434 181.590173 178 34 34
277167.454804 2111248.257325 125.266803 178 34 34
277150.141764 2111235.664492 281.169216 128 128 128
277192.975602 2111270.488594 220.905653 128 128 128
277209.923249 2111266.049849 121.849973 128 128 128
277170.942308 2111226.856017 152.652244 128 128 128
277177.928362 2111229.391615 234.029539 128 128 128
277070.654745 2111211.627971 306.432686 128 128 128
277131.421917 2111189.991239 174.328530 128 128 128
277123.757870 2111303.026144 123.589099 178 34 34
277132.555038 2111212.967330 306.816379 128 128 128
277132.462048 2111291.378055 182.457118 128 128 128
277219.090428 2111289.876993 249.716486 128 128 128
277134.621851 2111303.174088 179.603879 178 34 34
277154.199406 2111211.620330 204.560171 128 128 128
277142.564804 2111287.635359 239.307210 178 34 34
277141.463934 2111278.341617 235.313698 128 128 128
277174.637841 2111240.136527 230.603130 128 128 128
277152.179244 2111196.187795 210.902691 178 34 34
277117.933064 2111233.054057 302.548049 128 128 128
277103.410605 2111179.130556 159.458341 178 34 34
277062.241180 2111218.701662 215.651299 128 128 128
277157.106922 2111312.252556 161.586902 128 128 128
277175.499335 2111261.212917 176.723530 128 128 128
277101.423172 2111245.017478 220.530678 128 128 128
277139.919565 2111246.096028 188.872621 128 128 128
277129.559049 2111214.967552 262.709038 128 128 128
277233.444784 2111283.924880 280.492649 178 34 34
277104.774346 2111208.557111 140.692407 128 128 128
277153.305277 2111284.033967 143.495099 128 128 128
277085.996799 2111256.334820 226.759252 178 34 34
277167.887169 2111260.374658 167.619184 128 128 128
277159.543586 2111180.522931 167.524611 128 128 128
277154.640222 2111219.083687 264.272464 178 34 34
277172.682416 2111244.584716 243.477481 128 128 128
277187.623623 2111289.156659 115.908372 178 34 34
277111.076532 2111237.436093 142.745934 178 34 34
277101.780931 2111200.109654 249.037481 128 128 128
277100.563907 2111247.540619 144.531071 128 128 128
277149.661799 2111251.967121 302.926347 178 34 34
277160.700849 2111219.950630 171.062441 128 128 128
277149.669924 2111292.805334 133.702964 128 128 128
277073.690400 2111247.544559 183.502051 178 34 34
277137.994156 2111263.772483 263.495710 128 128 128
277121.367984 2111255.517966 225.490492 128 128 128
277117.328100 2111206.551113 174.961433 128 128 128
277163.659529 2111263.241670 169.856872 128 128 128
277165.231972 2111303.762594 285.680938 128 128 128
277126.342138 2111177.344400 242.883812 128 128 128
277133.592544 2111249.071206 185.486321 128 128 128
277128.968608 2111283.249692 162.774209 128 128 128
277099.585975 2111212.329983 140.158970 128 128 128
277091.206024 2111214.240015 243.186236 178 34 34
277156.758129 2111200.563234 143.485000 128 128 128
277092.376654 2111245.533994 308.711946 128 128 128
277162.381367 2111310.520464 117.059847 178 34 34
277162.672948 2111327.854624 276.202179 178 34 34
277198.482669 2111225.029891 199.606906 178 34 34
277089.883869 2111252.401140 214.776985 128 128 128
277147.766264 2111316.768874 265.358683 128 128 128
277225.549127 2111246.343090 295.567452 128 128 128
277152.213030 2111196.263448 199.179588 128 128 128
277124.874869 2111169.437162 236.421513 128 128 128
277133.285666 2111194.157281 240.495264 128 128 128
277109.873554 2111231.512858 149.360569 178 34 34
277193.166990 2111302.092105 125.999543 128 128 128
277199.040520 2111239.609659 233.653094 128 128 128
277176.085161 2111328.667744 176.759489 178 34 34
277137.360249 2111251.520620 176.084799 178 34 34
277216.242995 2111292.090979 172.164864 128 128 128
277169.739149 2111275.633280 213.239360 128 128 128
277196.370022 2111287.689924 174.998109 178 34 34
277169.522132 2111278.720048 256.640058 178 34 34
277187.014137 2111234.469805 170.605642 178 34 34
277122.902573 2111178.588443 174.433772 128 128 128
277180.507606 2111334.644774 198.984996 178 34 34
277196.924934 2111306.312749 304.796499 128 128 128
277191.408906 2111270.488231 294.327608 128 128 128
277229.586522 2111293.505601 205.958714 128 128 128
277122.375862 2111284.979051 281.937306 178 34 34
277126.263699 2111192.588674 145.235154 178 34 34
277076.291869 2111247.270429 167.215850 178 34 34
277079.336734 2111220.745960 284.297869 128 128 128
277180.262178 2111196.106606 254.256128 178 34 34
277104.075838 2111221.157336 216.029983 128 128 128
277154.627865 2111265.198469 152.141259 128 128 128
277190.869491 2111219.319770 136.591771 178 34 34
277175.320883 2111294.946569 166.081508 128 128 128
277148.336042 2111220.532903 232.058142 128 128 128
277106.775022 2111252.715730 155.805692 128 128 128
277169.000145 2111328.955353 301.727955 178 34 34
277210.089394 2111236.291906 127.080815 178 34 34
277196.477612 2111302.301415 301.967309 178 34 34
277183.578757 2111224.049868 254.890824 178 34 34
277141.104367 2111245.745771 284.925512 128 128 128
277207.970386 2111253.447248 208.574661 128 128 128
277183.303462 2111236.859516 254.229849 178 34 34
277090.822648 2111220.845309 288.056270 128 128 128
277158.240662 2111334.359615 176.058460 128 128 128
277233.353879 2111287.194412 271.592538 178 34 34
277065.686372 2111221.474014 186.622672 178 34 34
277151.448724 2111163.193842 250.013179 128 128 128
277101.217233 2111255.565908 278.314492 178 34 34
277212.873100 2111291.288144 194.848933 128 128 128
277193.045183 2111283.324781 278.846134 128 128 128
277190.349869 2111243.777494 138.213965 178 34 34
277215.440519 2111305.433391 207.103531 128 128 128
277203.445981 2111223.525743 288.436268 128 128 128
277131.673129 2111233.620928 213.454380 178 34 34
277246.353921 2111275.325812 149.352204 128 128 128
277138.215746 2111171.609296 158.194284 128 128 128
277104.308088 2111284.796439 118.606927 128 128 128
277165.718262 2111336.284755 140.708939 178 34 34
277164.572105 2111180.884246 199.517636 178 34 34
277212.301283 2111230.763844 253.919464 128 128 128
277174.565971 2111324.994584 149.153936 128 128 128
277091.524633 2111239.595341 260.235119 128 128 128
277081.888763 2111208.898750 185.001734 178 34 34
277129.544168 2111252.925843 165.621495 128 128 128
277244.550103 2111278.807064 132.856059 128 128 128
277168.422935 2111192.777666 274.358554 128 128 128
277148.227669 2111214.574269 296.670286 178 34 34
277197.655130 2111316.775268 151.523436 178 34 34
277163.176517 2111272.598037 269.211628 128 128 128
277133.676782 2111166.683804 157.261218 128 128 128
277180.736452 2111245.635302 223.665654 128 128 128
277164.947707 2111227.835469 239.941565 128 128 128
277119.414578 2111290.729154 166.406536 178 34 34
277157.538739 2111319.476781 309.277201 128 128 128
277166.076295 2111342.887579 311.043931 178 34 34
277200.556925 2111238.383158 196.323551 128 128 128
277176.038628 2111272.154697 114.862058 128 128 128
277109.673328 2111204.223700 224.243021 178 34 34
277182.296372 2111247.793025 298.440192 178 34 34
277230.782640 2111264.089678 152.180011 128 128 128
277171.825824 2111312.345095 203.196738 128 128 128
277142.842328 2111185.871949 297.796510 128 128 128
277169.620557 2111326.486033 150.107506 128 128 128
277111.381042 2111227.084870 185.809085 178 34 34
277108.033904 2111196.304001 279.482176 128 128 128
277148.181921 2111279.932592 118.558427 128 128 128
277207.832156 2111276.593352 246.056174 128 128 128
277187.923810 2111325.108036 193.938487 128 128 128
277177.271297 2111242.789579 243.126904 178 34 34
277172.003961 2111255.879262 175.000225 128 128 128
277136.850368 2111226.437841 138.379907 178 34 34
277155.563321 2111276.780382 304.444756 128 128 128
277169.016215 2111201.673419 233.295240 178 34 34
277115.699738 2111283.957699 269.199688 128 128 128
277116.641147 2111284.813070 153.247964 128 128 128
277101.032661 2111214.156011 187.393175 128 128 128
277057.415022 2111224.251191 236.237931 128 128 128
277202.917033 2111281.303200 307.202023 178 34 34
277172.448372 2111242.926927 183.759366 128 128 128
277128.906208 2111269.924607 250.125146 178 34 34
277167.345371 2111191.762961 248.961438 128 128 128
277087.344884 2111256.556581 256.936783 128 128 128
277169.368531 2111326.138594 301.582741 128 128 128
277228.701761 2111260.322410 224.773189 128 128 128
277122.390223 2111236.687046 300.597357 178 34 34
277182.368539 2111261.558058 132.081349 128 128 128
277101.814552 2111258.056365 243.586975 128 128 128
277158.992627 2111219.132620 294.218312 128 128 128
277160.704965 2111289.470831 142.207465 178 34 34
277094.217809 2111204.507492 245.355690 178 34 34
277191.985619 2111306.872524 151.765263 128 128 128
277189.675452 2111306.254351 236.556228 128 128 128
277147.281852 2111319.525514 185.555300 128 128 128
277071.170599 2111228.695176 224.251405 178 34 34
277156.732797 2111221.818046 274.926894 128 128 128
277206.009049 2111290.793933 210.182115 128 128 128
277081.876984 2111198.274143 272.959273 128 128 128
277177.203404 2111309.198995 171.200027 178 34 34
277098.737171 2111263.571681 229.782536 128 128 128
277068.901993 2111233.059182 266.169648 178 34 34
277207.008177 2111253.699438 115.378903 128 128 128
277169.092048 2111255.427819 224.479328 128 128 128
277159.843866 2111229.219381 254.062955 128 128 128
277190.181448 2111271.462712 297.275395 128 128 128
277106.636782 2111209.923438 198.609380 178 34 34
277179.113165 2111331.932185 199.474511 128 128 128
277142.669944 2111208.809475 205.995476 178 34 34
277135.869710 2111241.965534 238.036619 178 34 34
277116.014442 2111190.627057 266.555550 128 128 128
277114.223909 2111188.186653 203.355600 128 128 128
277149.454251 2111291.937947 119.364971 128 128 128
277119.600091 2111171.341423 113.046506 128 128 128
277131.483030 2111200.692850 140.712625 178 34 34
277208.500042 2111229.331610 277.009294 128 128 128
277222.324687 2111249.016523 305.970106 128 128 128
277221.009191 2111247.757299 278.385723 178 34 34
277162.687127 2111289.175091 247.943448 128 128 128
277123.837213 2111236.993580 266.470399 128 128 128
277113.285966 2111201.822930 290.905001 128 128 128
277196.256652 2111282.533023 146.057416 178 34 34
277156.466110 2111185.832756 186.280497 128 128 128
277194.096596 2111267.480462 289.087796 128 128 128
277144.864109 2111289.911546 123.223823 178 34 34
277203.969732 2111277.539760 256.823453 128 128 128
277093.773777 2111214.864240 144.895652 178 34 34
277176.923269 2111220.384416 144.021585 178 34 34
277140.495714 2111186.319338 200.374976 178 34 34
277107.907513 2111276.397435 238.511468 128 128 128
277220.691202 2111240.611960 250.825318 178 34 34
277189.668111 2111209.532911 275.140050 128 128 128
277198.275360 2111291.039009 309.709630 128 128 128
277215.659891 2111277.678367 226.432238 178 34 34
277167.633490 2111234.197685 241.465709 128 128 128
277222.393442 2111274.331317 300.216240 178 34 34
277205.084517 2111271.881374 239.474704 128 128 128
277160.720476 2111278.454121 255.856521 178 34 34
277211.291448 2111268.250528 199.176179 128 128 128
277108.519682 2111258.078994 180.802274 128 128 128
277170.925451 2111284.123143 139.689923 128 128 128
277214.682724 2111260.183668 223.506372 178 34 34
277103.367295 2111213.475437 259.094858 128 128 128
277175.035930 2111232.771853 303.262696 128 128 128
277097.764295 2111208.675327 152.831454 178 34 34
277164.700145 2111241.720567 181.724820 128 128 128
277170.128567 2111273.995049 178.717965 128 128 128
277184.063528 2111295.649968 190.897652 128 128 128
277165.496620 2111184.946732 277.217611 128 128 128
277200.865882 2111247.427872 214.377572 128 128 128
277151.243338 2111301.814117 236.360702 178 34 34
277219.215161 2111262.557363 271.062096 178 34 34
277200.768265 2111257.890008 195.429797 128 128 128
277155.052776 2111272.661158 302.379376 128 128 128
277117.036702 2111230.247569 136.374553 128 128 128
277159.617581 2111242.113254 202.009046 128 128 128
277180.510853 2111310.317418 263.640636 178 34 34
277172.479943 2111321.492753 302.472707 178 34 34
